// Auto-generated 240x240 RGB565 background image for LVGL v8
// Source: Desain tanpa judul.jpg (cropped center, dimmed to 55% for legibility)

#ifndef BG_IMAGE_H
#define BG_IMAGE_H

#include "lvgl.h"

#ifndef LV_ATTRIBUTE_MEM_ALIGN
#define LV_ATTRIBUTE_MEM_ALIGN
#endif

static const LV_ATTRIBUTE_MEM_ALIGN uint8_t bg_image_map[] = {
    0x20, 0x00, 0x20, 0x00, 0x20, 0x00, 0x00, 0x00, 0x00, 0x00, 0x00, 0x00, 0x20, 0x00, 0x20, 0x00,
    0x21, 0x00, 0x41, 0x00, 0x41, 0x00, 0x41, 0x00, 0x41, 0x00, 0x41, 0x00, 0x41, 0x00, 0x41, 0x00,
    0x41, 0x00, 0xA2, 0x08, 0xE3, 0x08, 0xC2, 0x00, 0xA2, 0x08, 0x82, 0x00, 0xA2, 0x00, 0xA2, 0x00,
    0xC2, 0x08, 0x82, 0x00, 0x61, 0x00, 0x82, 0x00, 0x82, 0x00, 0x82, 0x00, 0x81, 0x00, 0x82, 0x00,
    0x82, 0x00, 0x81, 0x00, 0xA2, 0x08, 0x61, 0x00, 0x82, 0x00, 0x61, 0x00, 0xE2, 0x08, 0x02, 0x09,
    0xC1, 0x08, 0xA1, 0x08, 0xA1, 0x00, 0x02, 0x09, 0x02, 0x09, 0xE2, 0x08, 0xE2, 0x08, 0xE2, 0x08,
    0xC2, 0x08, 0x00, 0x00, 0x20, 0x00, 0x20, 0x00, 0x21, 0x00, 0x21, 0x00, 0x41, 0x00, 0x41, 0x00,
    0x61, 0x00, 0xC2, 0x08, 0xC2, 0x08, 0x81, 0x00, 0xA1, 0x08, 0xA2, 0x08, 0xA2, 0x00, 0xA2, 0x00,
    0xA2, 0x08, 0x82, 0x00, 0x82, 0x00, 0x61, 0x00, 0x20, 0x00, 0x20, 0x00, 0x20, 0x00, 0x20, 0x00,
    0x20, 0x00, 0x20, 0x00, 0x20, 0x00, 0x20, 0x00, 0x20, 0x00, 0x21, 0x00, 0x41, 0x00, 0x41, 0x00,
    0x41, 0x00, 0x41, 0x00, 0x41, 0x00, 0x41, 0x00, 0x20, 0x00, 0x20, 0x00, 0x21, 0x00, 0x20, 0x00,
    0x21, 0x00, 0x61, 0x00, 0x61, 0x00, 0x61, 0x00, 0x81, 0x00, 0x43, 0x11, 0xC2, 0x08, 0x41, 0x00,
    0x61, 0x00, 0x61, 0x00, 0x61, 0x00, 0x61, 0x00, 0x61, 0x00, 0x41, 0x00, 0x20, 0x00, 0x20, 0x00,
    0x40, 0x00, 0xA2, 0x08, 0xA1, 0x00, 0xC2, 0x08, 0x23, 0x11, 0xE2, 0x08, 0xA1, 0x08, 0x41, 0x00,
    0x41, 0x00, 0x61, 0x00, 0x21, 0x00, 0xE2, 0x08, 0x82, 0x11, 0x02, 0x11, 0x20, 0x00, 0x41, 0x00,
    0x41, 0x00, 0x41, 0x00, 0x21, 0x00, 0x61, 0x00, 0xE2, 0x08, 0xC1, 0x08, 0x61, 0x00, 0x81, 0x00,
    0x61, 0x00, 0x81, 0x00, 0xA1, 0x08, 0x41, 0x00, 0x21, 0x00, 0x40, 0x00, 0x61, 0x00, 0x41, 0x00,
    0x00, 0x00, 0x20, 0x00, 0x20, 0x00, 0x20, 0x00, 0x21, 0x00, 0x41, 0x00, 0x81, 0x00, 0x81, 0x00,
    0x61, 0x00, 0x61, 0x00, 0x61, 0x00, 0x61, 0x00, 0x61, 0x00, 0x61, 0x00, 0x61, 0x00, 0x61, 0x00,
    0x61, 0x00, 0x41, 0x00, 0x41, 0x00, 0x41, 0x00, 0x61, 0x00, 0x81, 0x00, 0x61, 0x00, 0x40, 0x00,
    0x41, 0x00, 0x41, 0x00, 0x41, 0x00, 0x41, 0x00, 0x40, 0x00, 0x40, 0x00, 0x21, 0x00, 0x20, 0x00,
    0x20, 0x00, 0x21, 0x00, 0x21, 0x00, 0x41, 0x00, 0x61, 0x00, 0x82, 0x08, 0x61, 0x00, 0x61, 0x00,
    0x61, 0x00, 0x41, 0x00, 0x20, 0x00, 0x20, 0x00, 0x21, 0x00, 0x20, 0x00, 0x41, 0x00, 0x61, 0x00,
    0x61, 0x00, 0x20, 0x00, 0x20, 0x00, 0x41, 0x00, 0xA1, 0x08, 0xA1, 0x08, 0x20, 0x00, 0x20, 0x00,
    0x20, 0x00, 0x20, 0x00, 0x20, 0x00, 0x21, 0x00, 0x41, 0x00, 0x41, 0x00, 0x41, 0x00, 0x41, 0x00,
    0x41, 0x00, 0x41, 0x00, 0x41, 0x00, 0x41, 0x00, 0x41, 0x00, 0x41, 0x00, 0x41, 0x00, 0x81, 0x00,
    0x82, 0x08, 0x81, 0x00, 0x81, 0x00, 0x82, 0x00, 0xA1, 0x08, 0xA1, 0x08, 0xA1, 0x00, 0xC2, 0x08,
    0xC2, 0x08, 0xC2, 0x08, 0xC2, 0x08, 0xE3, 0x08, 0x44, 0x11, 0x24, 0x09, 0x61, 0x00, 0x41, 0x00,
    0x41, 0x00, 0x41, 0x00, 0x21, 0x00, 0x61, 0x00, 0x81, 0x00, 0x20, 0x00, 0x21, 0x00, 0x41, 0x00,
    0x61, 0x00, 0x61, 0x00, 0x82, 0x00, 0x61, 0x00, 0x41, 0x00, 0x21, 0x00, 0x41, 0x00, 0x41, 0x00,
    0x20, 0x00, 0x20, 0x00, 0x20, 0x00, 0x20, 0x00, 0x20, 0x00, 0x20, 0x00, 0x20, 0x00, 0x20, 0x00,
    0x20, 0x00, 0x41, 0x00, 0x41, 0x00, 0x41, 0x00, 0x41, 0x00, 0x41, 0x00, 0x41, 0x00, 0x41, 0x00,
    0x61, 0x00, 0xA2, 0x00, 0xA2, 0x00, 0xC3, 0x08, 0xE3, 0x08, 0xE3, 0x08, 0xC3, 0x08, 0xC2, 0x08,
    0xC2, 0x08, 0xA2, 0x00, 0x82, 0x00, 0xA2, 0x00, 0xA2, 0x08, 0xA2, 0x08, 0xA2, 0x00, 0xA2, 0x08,
    0xC2, 0x08, 0x82, 0x00, 0x82, 0x08, 0x61, 0x00, 0x41, 0x00, 0x20, 0x00, 0x81, 0x00, 0xE2, 0x08,
    0xE1, 0x08, 0xC1, 0x08, 0xC1, 0x08, 0x02, 0x09, 0x02, 0x09, 0x02, 0x09, 0xE2, 0x08, 0xE2, 0x08,
    0x61, 0x00, 0x20, 0x00, 0x20, 0x00, 0x20, 0x00, 0x20, 0x00, 0x00, 0x00, 0x20, 0x00, 0x20, 0x00,
    0x41, 0x00, 0xC2, 0x08, 0xE2, 0x08, 0xC2, 0x08, 0xC2, 0x08, 0xE2, 0x08, 0xC2, 0x08, 0xA2, 0x00,
    0xA2, 0x08, 0x61, 0x00, 0x41, 0x00, 0x20, 0x00, 0x20, 0x00, 0x20, 0x00, 0x20, 0x00, 0x20, 0x00,
    0x41, 0x00, 0x41, 0x00, 0x61, 0x00, 0x61, 0x00, 0x41, 0x00, 0x41, 0x00, 0x41, 0x00, 0x41, 0x00,
    0x41, 0x00, 0x41, 0x00, 0x41, 0x00, 0x41, 0x00, 0x21, 0x00, 0x20, 0x00, 0x20, 0x00, 0x20, 0x00,
    0x20, 0x00, 0x61, 0x00, 0x61, 0x00, 0x61, 0x00, 0x41, 0x00, 0x02, 0x09, 0x02, 0x11, 0x41, 0x00,
    0x61, 0x00, 0x61, 0x00, 0x61, 0x00, 0x61, 0x00, 0x61, 0x00, 0x20, 0x00, 0x41, 0x00, 0x21, 0x00,
    0x20, 0x00, 0x61, 0x00, 0xC2, 0x08, 0xE3, 0x08, 0x03, 0x11, 0xC2, 0x08, 0x61, 0x00, 0x41, 0x00,
    0x41, 0x00, 0x41, 0x00, 0x41, 0x00, 0xA1, 0x08, 0x82, 0x19, 0xE1, 0x08, 0x41, 0x00, 0x61, 0x00,
    0x61, 0x00, 0x61, 0x00, 0x61, 0x00, 0x61, 0x00, 0x81, 0x08, 0xE2, 0x08, 0xC1, 0x00, 0xE1, 0x08,
    0xE2, 0x10, 0xE2, 0x08, 0xA1, 0x08, 0x21, 0x00, 0x41, 0x00, 0x41, 0x00, 0x61, 0x00, 0x21, 0x00,
    0x00, 0x00, 0x20, 0x00, 0x20, 0x00, 0x20, 0x00, 0x21, 0x00, 0x61, 0x00, 0xE2, 0x08, 0xC1, 0x00,
    0x81, 0x00, 0x81, 0x00, 0x61, 0x00, 0x61, 0x00, 0x81, 0x08, 0x61, 0x00, 0x40, 0x00, 0x61, 0x00,
    0x61, 0x00, 0x41, 0x00, 0x41, 0x00, 0xA1, 0x08, 0x02, 0x09, 0xC2, 0x08, 0x61, 0x00, 0x41, 0x00,
    0x41, 0x00, 0x41, 0x00, 0x41, 0x00, 0x41, 0x00, 0x41, 0x00, 0x41, 0x00, 0x41, 0x00, 0x40, 0x00,
    0x41, 0x00, 0x41, 0x00, 0x41, 0x00, 0x41, 0x00, 0x61, 0x00, 0x81, 0x00, 0x81, 0x08, 0x81, 0x08,
    0x61, 0x00, 0x81, 0x00, 0x81, 0x00, 0x81, 0x00, 0xA2, 0x00, 0xA2, 0x08, 0x81, 0x00, 0x61, 0x00,
    0xA2, 0x08, 0x81, 0x00, 0x81, 0x00, 0xA1, 0x08, 0xA1, 0x08, 0x60, 0x00, 0x21, 0x00, 0x21, 0x00,
    0x20, 0x00, 0x20, 0x00, 0x21, 0x00, 0x21, 0x00, 0x41, 0x00, 0x41, 0x00, 0x41, 0x00, 0x41, 0x00,
    0x41, 0x00, 0x41, 0x00, 0x41, 0x00, 0x41, 0x00, 0x41, 0x00, 0x41, 0x00, 0x41, 0x00, 0x41, 0x00,
    0x61, 0x00, 0x61, 0x00, 0x41, 0x00, 0x41, 0x00, 0x81, 0x08, 0x81, 0x00, 0x81, 0x00, 0xC2, 0x08,
    0xC2, 0x08, 0xA1, 0x08, 0xA1, 0x00, 0xC2, 0x08, 0x23, 0x09, 0x65, 0x11, 0xE3, 0x08, 0x41, 0x00,
    0x41, 0x00, 0x41, 0x00, 0x41, 0x00, 0xA1, 0x08, 0x02, 0x11, 0x81, 0x00, 0x20, 0x00, 0x61, 0x00,
    0x41, 0x00, 0x61, 0x00, 0x82, 0x00, 0x41, 0x00, 0x20, 0x00, 0x41, 0x00, 0x41, 0x00, 0x41, 0x00,
    0x20, 0x00, 0x20, 0x00, 0x21, 0x00, 0x21, 0x00, 0x20, 0x00, 0x20, 0x00, 0x20, 0x00, 0x20, 0x00,
    0x21, 0x00, 0x21, 0x00, 0x41, 0x00, 0x41, 0x00, 0x41, 0x00, 0x41, 0x00, 0x41, 0x00, 0x41, 0x00,
    0x61, 0x00, 0xA2, 0x08, 0xA2, 0x08, 0xC2, 0x08, 0xC3, 0x08, 0xC2, 0x08, 0xC2, 0x08, 0xA2, 0x00,
    0xA2, 0x00, 0xC2, 0x08, 0xC2, 0x08, 0xC3, 0x08, 0xC2, 0x08, 0xC3, 0x08, 0xC2, 0x08, 0xC3, 0x08,
    0xC3, 0x08, 0x61, 0x00, 0x61, 0x00, 0x61, 0x00, 0x21, 0x00, 0x20, 0x00, 0x61, 0x00, 0xE2, 0x08,
    0x02, 0x09, 0xE1, 0x08, 0xE1, 0x08, 0x22, 0x09, 0x22, 0x09, 0x02, 0x09, 0xE2, 0x08, 0x81, 0x00,
    0x21, 0x00, 0x20, 0x00, 0x20, 0x00, 0x20, 0x00, 0x20, 0x00, 0x20, 0x00, 0x20, 0x00, 0x21, 0x00,
    0x41, 0x00, 0xE2, 0x08, 0xE2, 0x08, 0xA2, 0x08, 0xA1, 0x08, 0x81, 0x00, 0x61, 0x00, 0x61, 0x00,
    0x41, 0x00, 0x20, 0x00, 0x20, 0x00, 0x41, 0x00, 0x61, 0x00, 0x41, 0x00, 0x61, 0x00, 0x61, 0x00,
    0x61, 0x00, 0x61, 0x00, 0x61, 0x00, 0x81, 0x08, 0x61, 0x00, 0x61, 0x00, 0x61, 0x00, 0x41, 0x00,
    0x41, 0x00, 0x41, 0x00, 0x41, 0x00, 0x41, 0x00, 0x41, 0x00, 0x21, 0x00, 0x20, 0x00, 0x20, 0x00,
    0x20, 0x00, 0x20, 0x00, 0x41, 0x00, 0x41, 0x00, 0x21, 0x00, 0x81, 0x00, 0xE2, 0x10, 0x61, 0x00,
    0x61, 0x00, 0x61, 0x00, 0x61, 0x00, 0x61, 0x00, 0x41, 0x00, 0x61, 0x00, 0x61, 0x00, 0x61, 0x00,
    0xA2, 0x08, 0xA2, 0x08, 0xC2, 0x08, 0x03, 0x11, 0xE2, 0x10, 0xC2, 0x08, 0xA2, 0x08, 0xA2, 0x08,
    0x81, 0x08, 0x81, 0x00, 0x61, 0x00, 0xA1, 0x00, 0x22, 0x11, 0x81, 0x00, 0x81, 0x00, 0x81, 0x00,
    0x81, 0x00, 0x61, 0x00, 0x61, 0x00, 0x61, 0x00, 0x20, 0x00, 0xC1, 0x08, 0x02, 0x09, 0xC1, 0x00,
    0xC1, 0x08, 0xA1, 0x00, 0x61, 0x00, 0x40, 0x00, 0x40, 0x00, 0x21, 0x00, 0x41, 0x00, 0x20, 0x00,
    0x20, 0x00, 0x20, 0x00, 0x20, 0x00, 0x20, 0x00, 0x21, 0x00, 0x41, 0x00, 0xE2, 0x08, 0x43, 0x11,
    0x02, 0x09, 0x81, 0x00, 0x60, 0x00, 0x40, 0x00, 0x61, 0x00, 0x81, 0x00, 0x61, 0x00, 0x61, 0x00,
    0x61, 0x00, 0xA1, 0x00, 0x22, 0x11, 0x83, 0x19, 0x83, 0x19, 0xC1, 0x08, 0x81, 0x00, 0x61, 0x00,
    0x41, 0x00, 0x41, 0x00, 0x41, 0x00, 0x41, 0x00, 0x41, 0x00, 0x41, 0x00, 0x41, 0x00, 0x41, 0x00,
    0x40, 0x00, 0x41, 0x00, 0x41, 0x00, 0x41, 0x00, 0x61, 0x00, 0x61, 0x00, 0xA1, 0x08, 0x82, 0x08,
    0xA2, 0x08, 0x82, 0x08, 0xC2, 0x08, 0xC1, 0x08, 0xC1, 0x00, 0xC1, 0x08, 0xA1, 0x08, 0x81, 0x00,
    0x81, 0x00, 0xA1, 0x08, 0xC1, 0x08, 0xE1, 0x08, 0xC1, 0x08, 0x20, 0x00, 0x20, 0x00, 0x20, 0x00,
    0x20, 0x00, 0x20, 0x00, 0x21, 0x00, 0x21, 0x00, 0x41, 0x00, 0x41, 0x00, 0x41, 0x00, 0x41, 0x00,
    0x40, 0x00, 0x41, 0x00, 0x21, 0x00, 0x41, 0x00, 0x41, 0x00, 0x41, 0x00, 0x41, 0x00, 0x41, 0x00,
    0x21, 0x00, 0x20, 0x00, 0x20, 0x00, 0x20, 0x00, 0x41, 0x00, 0x41, 0x00, 0x40, 0x00, 0x61, 0x00,
    0x81, 0x00, 0x61, 0x00, 0x41, 0x00, 0x61, 0x00, 0x81, 0x00, 0xC2, 0x00, 0xA2, 0x00, 0x41, 0x00,
    0x41, 0x00, 0x41, 0x00, 0x41, 0x00, 0x61, 0x00, 0x02, 0x09, 0xC1, 0x00, 0xA1, 0x08, 0x81, 0x00,
    0x20, 0x00, 0xA2, 0x08, 0x61, 0x00, 0x20, 0x00, 0x41, 0x00, 0x41, 0x00, 0x61, 0x00, 0x81, 0x00,
    0x41, 0x00, 0x41, 0x00, 0x41, 0x00, 0x41, 0x00, 0x41, 0x00, 0x41, 0x00, 0x21, 0x00, 0x21, 0x00,
    0x21, 0x00, 0x20, 0x00, 0x21, 0x00, 0x41, 0x00, 0x41, 0x00, 0x41, 0x00, 0x41, 0x00, 0x41, 0x00,
    0x61, 0x00, 0xA2, 0x08, 0xC2, 0x08, 0xC3, 0x08, 0xC2, 0x08, 0xC2, 0x08, 0xC3, 0x08, 0xC2, 0x08,
    0xC3, 0x08, 0xE3, 0x08, 0xE3, 0x08, 0xE3, 0x08, 0xE3, 0x08, 0xE3, 0x08, 0xE3, 0x08, 0xE3, 0x08,
    0xE3, 0x08, 0x61, 0x00, 0x61, 0x00, 0x21, 0x00, 0x20, 0x00, 0x41, 0x00, 0x41, 0x00, 0xA2, 0x08,
    0x02, 0x09, 0xE1, 0x08, 0xE1, 0x08, 0x42, 0x09, 0x22, 0x09, 0xE2, 0x08, 0x81, 0x00, 0x40, 0x00,
    0x21, 0x00, 0x21, 0x00, 0x41, 0x00, 0x21, 0x00, 0x20, 0x00, 0x20, 0x00, 0x20, 0x00, 0x41, 0x00,
    0x61, 0x00, 0xA1, 0x00, 0x61, 0x00, 0x40, 0x00, 0x40, 0x00, 0x40, 0x00, 0x20, 0x00, 0x20, 0x00,
    0x20, 0x00, 0x61, 0x00, 0xA2, 0x08, 0x61, 0x00, 0x81, 0x00, 0xA2, 0x08, 0x81, 0x00, 0x81, 0x00,
    0x81, 0x00, 0x81, 0x00, 0x81, 0x00, 0x81, 0x00, 0x81, 0x00, 0x81, 0x00, 0x81, 0x08, 0x61, 0x00,
    0x40, 0x00, 0x41, 0x00, 0x41, 0x00, 0x41, 0x00, 0x40, 0x00, 0x20, 0x00, 0x41, 0x00, 0x41, 0x00,
    0x41, 0x00, 0x41, 0x00, 0x61, 0x00, 0x40, 0x00, 0x41, 0x00, 0x40, 0x00, 0x81, 0x00, 0x61, 0x00,
    0x61, 0x00, 0x61, 0x00, 0x81, 0x00, 0x82, 0x08, 0x81, 0x00, 0x61, 0x00, 0x61, 0x00, 0x61, 0x00,
    0x61, 0x00, 0x81, 0x00, 0xA1, 0x08, 0xA1, 0x08, 0xE3, 0x18, 0x44, 0x19, 0xC2, 0x08, 0xC2, 0x08,
    0xA2, 0x08, 0xA1, 0x00, 0xA1, 0x00, 0xC1, 0x08, 0xC1, 0x08, 0xA1, 0x08, 0xA1, 0x00, 0xA1, 0x08,
    0xA1, 0x00, 0xA1, 0x00, 0x81, 0x00, 0x61, 0x00, 0x61, 0x00, 0xA1, 0x08, 0xC1, 0x08, 0xA1, 0x00,
    0xC1, 0x08, 0xA1, 0x00, 0xA1, 0x08, 0x02, 0x09, 0x22, 0x11, 0xA1, 0x08, 0x00, 0x00, 0x20, 0x00,
    0x20, 0x00, 0x20, 0x00, 0x20, 0x00, 0x20, 0x00, 0x20, 0x00, 0x41, 0x00, 0x40, 0x00, 0x02, 0x09,
    0x43, 0x11, 0x02, 0x09, 0xA1, 0x00, 0x61, 0x00, 0x41, 0x00, 0x61, 0x00, 0x81, 0x00, 0xA1, 0x08,
    0xA1, 0x08, 0xA1, 0x00, 0x02, 0x09, 0x02, 0x09, 0xE2, 0x08, 0xC2, 0x08, 0x81, 0x00, 0x81, 0x00,
    0xA1, 0x08, 0x81, 0x00, 0xA1, 0x08, 0xA1, 0x08, 0xC1, 0x08, 0xA1, 0x08, 0xE2, 0x10, 0x61, 0x00,
    0x41, 0x00, 0x61, 0x00, 0x41, 0x00, 0x41, 0x00, 0x41, 0x00, 0x61, 0x00, 0x81, 0x00, 0x82, 0x00,
    0x81, 0x00, 0xC1, 0x08, 0xE2, 0x08, 0x02, 0x09, 0xE1, 0x08, 0xC1, 0x08, 0xC1, 0x08, 0xC1, 0x08,
    0x81, 0x00, 0x81, 0x00, 0xE1, 0x08, 0x42, 0x11, 0xC1, 0x08, 0x40, 0x00, 0x20, 0x00, 0x00, 0x00,
    0x20, 0x00, 0x61, 0x00, 0x61, 0x00, 0x41, 0x00, 0x41, 0x00, 0x41, 0x00, 0x41, 0x00, 0x41, 0x00,
    0x61, 0x00, 0x81, 0x08, 0x81, 0x08, 0x41, 0x00, 0x41, 0x00, 0x41, 0x00, 0x41, 0x00, 0x41, 0x00,
    0x41, 0x00, 0x41, 0x00, 0x41, 0x00, 0x20, 0x00, 0x21, 0x00, 0x41, 0x00, 0x21, 0x00, 0x41, 0x00,
    0x41, 0x00, 0x41, 0x00, 0x41, 0x00, 0x41, 0x00, 0x41, 0x00, 0x21, 0x00, 0x20, 0x00, 0x20, 0x00,
    0x41, 0x00, 0x41, 0x00, 0x61, 0x00, 0x61, 0x00, 0x02, 0x09, 0xC1, 0x08, 0x80, 0x00, 0xA1, 0x08,
    0x40, 0x00, 0x81, 0x08, 0x21, 0x00, 0x41, 0x00, 0x61, 0x00, 0xC1, 0x00, 0x42, 0x11, 0x63, 0x11,
    0x41, 0x00, 0x41, 0x00, 0x41, 0x00, 0x41, 0x00, 0x61, 0x00, 0x41, 0x00, 0x41, 0x00, 0x41, 0x00,
    0x20, 0x00, 0x00, 0x00, 0x00, 0x00, 0x41, 0x00, 0x61, 0x00, 0x61, 0x00, 0x61, 0x00, 0x41, 0x00,
    0x41, 0x00, 0x82, 0x00, 0xC2, 0x08, 0xE3, 0x08, 0xE3, 0x08, 0xC2, 0x08, 0xC2, 0x00, 0xE3, 0x08,
    0xE3, 0x08, 0x03, 0x09, 0x23, 0x09, 0x03, 0x09, 0x03, 0x09, 0x03, 0x09, 0xE3, 0x08, 0xE3, 0x08,
    0xC3, 0x08, 0x61, 0x00, 0x61, 0x00, 0x41, 0x00, 0x20, 0x00, 0x41, 0x00, 0x61, 0x00, 0x61, 0x00,
    0x02, 0x09, 0x02, 0x09, 0x22, 0x09, 0x42, 0x09, 0xC1, 0x08, 0x61, 0x00, 0x40, 0x00, 0x41, 0x00,
    0x41, 0x00, 0x41, 0x00, 0x41, 0x00, 0x41, 0x00, 0x41, 0x00, 0x21, 0x00, 0x20, 0x00, 0x41, 0x00,
    0x61, 0x00, 0x41, 0x00, 0x41, 0x00, 0x41, 0x00, 0x41, 0x00, 0x41, 0x00, 0x41, 0x00, 0xA2, 0x00,
    0xC2, 0x08, 0xA2, 0x00, 0xC2, 0x08, 0x02, 0x11, 0xE2, 0x08, 0xA2, 0x08, 0xC2, 0x08, 0xA2, 0x08,
    0xA1, 0x00, 0xA1, 0x00, 0xA2, 0x08, 0xA2, 0x08, 0x81, 0x00, 0x81, 0x00, 0x81, 0x08, 0x61, 0x00,
    0x41, 0x00, 0x41, 0x00, 0x41, 0x00, 0x61, 0x00, 0x81, 0x08, 0x81, 0x00, 0x61, 0x00, 0x61, 0x00,
    0x61, 0x00, 0x61, 0x00, 0x61, 0x00, 0x61, 0x00, 0x61, 0x00, 0x61, 0x00, 0x61, 0x00, 0x61, 0x00,
    0x61, 0x00, 0x61, 0x00, 0x61, 0x00, 0x81, 0x00, 0xC2, 0x08, 0xC1, 0x08, 0x81, 0x00, 0x81, 0x08,
    0x81, 0x00, 0x61, 0x00, 0x61, 0x00, 0xA1, 0x00, 0x81, 0x08, 0xC1, 0x08, 0xC2, 0x08, 0x81, 0x00,
    0x81, 0x00, 0x81, 0x00, 0xA1, 0x00, 0xA1, 0x08, 0xA1, 0x08, 0xC1, 0x08, 0xC1, 0x08, 0xC1, 0x08,
    0xE1, 0x08, 0x02, 0x09, 0xE2, 0x08, 0xC2, 0x08, 0x81, 0x00, 0x81, 0x00, 0xA1, 0x08, 0xC1, 0x08,
    0xC2, 0x08, 0xA1, 0x08, 0xA1, 0x08, 0xA1, 0x08, 0xE1, 0x08, 0xA2, 0x08, 0x20, 0x00, 0x00, 0x00,
    0x20, 0x00, 0x00, 0x00, 0x20, 0x00, 0x20, 0x00, 0x00, 0x00, 0x41, 0x00, 0x61, 0x00, 0x61, 0x00,
    0x81, 0x00, 0xC1, 0x08, 0xC2, 0x08, 0x81, 0x08, 0x61, 0x00, 0x61, 0x00, 0xA1, 0x08, 0x81, 0x00,
    0xA1, 0x08, 0xA1, 0x08, 0x60, 0x00, 0x61, 0x00, 0x81, 0x00, 0x81, 0x00, 0xA1, 0x00, 0xC1, 0x08,
    0xE1, 0x08, 0xE1, 0x08, 0xE1, 0x08, 0x01, 0x09, 0x01, 0x09, 0x02, 0x09, 0x63, 0x11, 0x81, 0x00,
    0x61, 0x00, 0x61, 0x00, 0x41, 0x00, 0x41, 0x00, 0x81, 0x00, 0xA2, 0x08, 0x61, 0x00, 0x61, 0x00,
    0xE1, 0x08, 0x22, 0x09, 0x42, 0x11, 0x42, 0x11, 0x21, 0x09, 0x21, 0x09, 0x22, 0x09, 0x21, 0x09,
    0xE1, 0x08, 0xA1, 0x00, 0x22, 0x09, 0x02, 0x09, 0xC1, 0x08, 0xE1, 0x08, 0xA1, 0x08, 0x81, 0x00,
    0xA1, 0x08, 0xC1, 0x08, 0xC1, 0x08, 0xE1, 0x08, 0x81, 0x00, 0x60, 0x00, 0x81, 0x00, 0xA2, 0x08,
    0xA1, 0x08, 0xC1, 0x08, 0x02, 0x09, 0xE2, 0x08, 0x61, 0x00, 0x41, 0x00, 0x41, 0x00, 0x41, 0x00,
    0x41, 0x00, 0x41, 0x00, 0x61, 0x00, 0x41, 0x00, 0x20, 0x00, 0x20, 0x00, 0x20, 0x00, 0x41, 0x00,
    0x41, 0x00, 0x41, 0x00, 0x41, 0x00, 0x41, 0x00, 0x41, 0x00, 0x20, 0x00, 0x20, 0x00, 0x61, 0x00,
    0x41, 0x00, 0x41, 0x00, 0x61, 0x00, 0xC2, 0x08, 0x43, 0x11, 0x63, 0x11, 0xE2, 0x08, 0xA1, 0x08,
    0xC1, 0x08, 0x81, 0x00, 0x40, 0x00, 0x60, 0x00, 0xE1, 0x08, 0x83, 0x11, 0x22, 0x09, 0x01, 0x09,
    0x41, 0x00, 0x41, 0x00, 0x41, 0x00, 0x61, 0x00, 0x61, 0x00, 0x41, 0x00, 0x61, 0x00, 0x41, 0x00,
    0x20, 0x00, 0x20, 0x00, 0x20, 0x00, 0x41, 0x00, 0x61, 0x00, 0x61, 0x00, 0x61, 0x00, 0x61, 0x00,
    0x41, 0x00, 0x81, 0x00, 0xA2, 0x00, 0xA2, 0x08, 0xA2, 0x08, 0xA2, 0x00, 0xC2, 0x08, 0x03, 0x09,
    0x24, 0x09, 0x24, 0x09, 0x24, 0x09, 0x24, 0x09, 0x23, 0x09, 0x03, 0x09, 0x03, 0x09, 0xE3, 0x08,
    0xC2, 0x08, 0x41, 0x00, 0x41, 0x00, 0x61, 0x00, 0x61, 0x00, 0x41, 0x00, 0x41, 0x00, 0x61, 0x00,
    0xE2, 0x08, 0x42, 0x09, 0x22, 0x09, 0x81, 0x00, 0x40, 0x00, 0x41, 0x00, 0x41, 0x00, 0x41, 0x00,
    0x41, 0x00, 0x41, 0x00, 0x21, 0x00, 0x21, 0x00, 0x21, 0x00, 0x21, 0x00, 0x20, 0x00, 0x41, 0x00,
    0x61, 0x00, 0x61, 0x00, 0x61, 0x00, 0x61, 0x00, 0x41, 0x00, 0x41, 0x00, 0xC2, 0x08, 0xE3, 0x08,
    0xE2, 0x08, 0x23, 0x11, 0x63, 0x19, 0x62, 0x19, 0xC4, 0x29, 0x02, 0x09, 0xC2, 0x00, 0xC2, 0x08,
    0xC2, 0x08, 0xC1, 0x08, 0xC2, 0x08, 0xC2, 0x08, 0xA2, 0x08, 0xA1, 0x08, 0xA1, 0x08, 0x61, 0x00,
    0x61, 0x00, 0xC2, 0x08, 0xE2, 0x08, 0xC2, 0x08, 0xE2, 0x08, 0xE1, 0x08, 0xE1, 0x08, 0xE2, 0x08,
    0xE2, 0x08, 0xA1, 0x08, 0x81, 0x00, 0x61, 0x00, 0x81, 0x00, 0x61, 0x00, 0x61, 0x00, 0x61, 0x00,
    0x61, 0x00, 0x61, 0x00, 0xC1, 0x08, 0x22, 0x11, 0x81, 0x00, 0xA2, 0x08, 0x61, 0x00, 0x61, 0x00,
    0x81, 0x00, 0xA1, 0x08, 0x81, 0x00, 0xA1, 0x00, 0xC2, 0x08, 0xA1, 0x00, 0xC1, 0x08, 0xE1, 0x08,
    0xC1, 0x00, 0x81, 0x00, 0xA1, 0x08, 0xC1, 0x08, 0xC1, 0x08, 0xC1, 0x08, 0xE1, 0x08, 0xE2, 0x08,
    0x02, 0x09, 0x22, 0x09, 0x42, 0x11, 0x83, 0x11, 0x43, 0x11, 0x81, 0x00, 0x81, 0x00, 0xA1, 0x08,
    0xA1, 0x08, 0x20, 0x00, 0x00, 0x00, 0x00, 0x00, 0x00, 0x00, 0x00, 0x00, 0x00, 0x00, 0x00, 0x00,
    0x00, 0x00, 0x20, 0x00, 0x20, 0x00, 0x20, 0x00, 0x00, 0x00, 0x61, 0x00, 0x61, 0x00, 0x21, 0x00,
    0x00, 0x00, 0x20, 0x00, 0x40, 0x00, 0x40, 0x00, 0x40, 0x00, 0x20, 0x00, 0x61, 0x00, 0x40, 0x00,
    0x61, 0x00, 0xC2, 0x08, 0x81, 0x08, 0x61, 0x00, 0x41, 0x00, 0x61, 0x00, 0xC1, 0x08, 0xC1, 0x08,
    0xE2, 0x08, 0xC1, 0x08, 0xC1, 0x08, 0xE1, 0x08, 0xE1, 0x08, 0x01, 0x09, 0x02, 0x09, 0x81, 0x00,
    0x61, 0x00, 0x41, 0x00, 0x41, 0x00, 0xC2, 0x08, 0x03, 0x09, 0xC2, 0x08, 0xE2, 0x08, 0x43, 0x11,
    0xC3, 0x19, 0x24, 0x22, 0x24, 0x22, 0xE3, 0x19, 0xC2, 0x19, 0xE3, 0x21, 0xE3, 0x21, 0x45, 0x2A,
    0x05, 0x2A, 0x02, 0x09, 0x02, 0x09, 0x81, 0x00, 0xA1, 0x00, 0xC1, 0x08, 0x01, 0x09, 0x01, 0x09,
    0xC1, 0x08, 0xE1, 0x08, 0xE1, 0x08, 0x01, 0x09, 0x21, 0x09, 0xC1, 0x08, 0xC1, 0x08, 0xC1, 0x08,
    0xC1, 0x08, 0xC1, 0x08, 0xE1, 0x08, 0x02, 0x09, 0x02, 0x09, 0x80, 0x00, 0x41, 0x00, 0x41, 0x00,
    0x61, 0x00, 0x61, 0x00, 0x61, 0x00, 0x61, 0x00, 0x20, 0x00, 0x20, 0x00, 0x20, 0x00, 0x21, 0x00,
    0x41, 0x00, 0x41, 0x00, 0x41, 0x00, 0x41, 0x00, 0x41, 0x00, 0x41, 0x00, 0x20, 0x00, 0x82, 0x08,
    0x82, 0x00, 0x61, 0x00, 0x61, 0x00, 0xC2, 0x08, 0x63, 0x19, 0x02, 0x09, 0xE2, 0x08, 0xE1, 0x08,
    0xC1, 0x08, 0xC1, 0x08, 0x81, 0x00, 0xC1, 0x08, 0x22, 0x09, 0x01, 0x09, 0x21, 0x09, 0x82, 0x11,
    0x41, 0x00, 0x41, 0x00, 0x61, 0x00, 0x61, 0x00, 0x61, 0x00, 0x61, 0x00, 0x61, 0x00, 0x41, 0x00,
    0x20, 0x00, 0x20, 0x00, 0x21, 0x00, 0x21, 0x00, 0x61, 0x00, 0x61, 0x00, 0x82, 0x00, 0x61, 0x00,
    0x61, 0x00, 0x82, 0x00, 0xA2, 0x08, 0xC2, 0x08, 0x82, 0x00, 0xA2, 0x00, 0xE3, 0x08, 0x03, 0x09,
    0x03, 0x09, 0x24, 0x11, 0x44, 0x09, 0x44, 0x11, 0x24, 0x09, 0x24, 0x11, 0x24, 0x09, 0xC3, 0x08,
    0xA2, 0x08, 0x20, 0x00, 0x61, 0x00, 0x81, 0x00, 0xC2, 0x08, 0x81, 0x00, 0x41, 0x00, 0x41, 0x00,
    0xE2, 0x08, 0xA4, 0x19, 0xA1, 0x00, 0x00, 0x00, 0x20, 0x00, 0x20, 0x00, 0x41, 0x00, 0x41, 0x00,
    0x41, 0x00, 0x20, 0x00, 0x20, 0x00, 0x20, 0x00, 0x20, 0x00, 0x20, 0x00, 0x20, 0x00, 0x41, 0x00,
    0x81, 0x00, 0x61, 0x00, 0x61, 0x00, 0x41, 0x00, 0x41, 0x00, 0x81, 0x00, 0xA2, 0x00, 0xE3, 0x08,
    0x03, 0x09, 0x25, 0x2A, 0x62, 0x19, 0x01, 0x09, 0xA3, 0x21, 0x02, 0x09, 0xE2, 0x08, 0xE2, 0x08,
    0xC2, 0x00, 0x01, 0x09, 0x42, 0x09, 0x22, 0x11, 0xC1, 0x00, 0x81, 0x00, 0x41, 0x00, 0x61, 0x00,
    0xC1, 0x08, 0xE2, 0x08, 0xE1, 0x08, 0xE1, 0x08, 0xE1, 0x08, 0x02, 0x09, 0x22, 0x09, 0x22, 0x09,
    0x22, 0x09, 0x42, 0x11, 0x02, 0x09, 0xC1, 0x08, 0x81, 0x00, 0x81, 0x00, 0x61, 0x00, 0x81, 0x00,
    0x81, 0x00, 0x81, 0x00, 0x83, 0x19, 0x83, 0x19, 0x22, 0x11, 0x81, 0x00, 0xC2, 0x08, 0x81, 0x00,
    0x40, 0x00, 0x61, 0x00, 0x81, 0x00, 0x61, 0x00, 0x81, 0x00, 0xE2, 0x08, 0xE2, 0x08, 0xE1, 0x08,
    0x42, 0x11, 0x42, 0x09, 0x42, 0x11, 0x42, 0x11, 0x43, 0x11, 0x02, 0x09, 0x22, 0x11, 0x02, 0x09,
    0x01, 0x09, 0x42, 0x11, 0xE1, 0x08, 0x02, 0x09, 0x63, 0x11, 0xE2, 0x08, 0xA1, 0x00, 0x81, 0x08,
    0x41, 0x00, 0x20, 0x00, 0x00, 0x00, 0x21, 0x00, 0x20, 0x00, 0x00, 0x00, 0x00, 0x00, 0x00, 0x00,
    0x00, 0x00, 0x20, 0x00, 0x20, 0x00, 0x00, 0x00, 0x20, 0x00, 0x20, 0x00, 0x20, 0x00, 0x20, 0x00,
    0x21, 0x00, 0x20, 0x00, 0x00, 0x00, 0x00, 0x00, 0x00, 0x00, 0x00, 0x00, 0x20, 0x00, 0x41, 0x00,
    0x41, 0x00, 0x40, 0x00, 0x41, 0x00, 0x41, 0x00, 0x21, 0x00, 0x21, 0x00, 0xE2, 0x08, 0x02, 0x09,
    0xE1, 0x08, 0xC1, 0x00, 0xC1, 0x00, 0xC1, 0x08, 0xE1, 0x08, 0xE1, 0x08, 0xE1, 0x08, 0xE2, 0x08,
    0x61, 0x00, 0x40, 0x00, 0xA2, 0x08, 0x23, 0x11, 0x02, 0x09, 0xE2, 0x08, 0xE2, 0x08, 0xE2, 0x08,
    0xE2, 0x08, 0x42, 0x11, 0x63, 0x19, 0x62, 0x11, 0x42, 0x11, 0x22, 0x11, 0x22, 0x11, 0xE5, 0x29,
    0x43, 0x19, 0xA1, 0x00, 0xA1, 0x08, 0xA1, 0x08, 0x81, 0x00, 0x81, 0x00, 0x81, 0x00, 0xC1, 0x08,
    0xE1, 0x08, 0x01, 0x09, 0x21, 0x11, 0x41, 0x11, 0x62, 0x11, 0xE2, 0x08, 0xA1, 0x08, 0xC1, 0x08,
    0xC1, 0x08, 0xE2, 0x08, 0xE2, 0x08, 0x02, 0x09, 0x02, 0x09, 0xE2, 0x08, 0x61, 0x00, 0x41, 0x00,
    0x61, 0x00, 0x61, 0x00, 0x61, 0x00, 0x61, 0x00, 0x41, 0x00, 0x21, 0x00, 0x21, 0x00, 0x20, 0x00,
    0x41, 0x00, 0x61, 0x00, 0x61, 0x00, 0x41, 0x00, 0x41, 0x00, 0x41, 0x00, 0x00, 0x00, 0x20, 0x00,
    0x61, 0x00, 0x61, 0x00, 0x61, 0x00, 0x61, 0x00, 0x81, 0x00, 0x40, 0x00, 0x60, 0x00, 0xA1, 0x08,
    0xA1, 0x08, 0xA1, 0x00, 0xC1, 0x08, 0xE2, 0x08, 0xC1, 0x00, 0x22, 0x09, 0xA3, 0x19, 0x62, 0x11,
    0x61, 0x00, 0x61, 0x00, 0x61, 0x00, 0x61, 0x00, 0x61, 0x00, 0x61, 0x00, 0x61, 0x00, 0x41, 0x00,
    0x20, 0x00, 0x00, 0x00, 0x20, 0x00, 0x00, 0x00, 0x41, 0x00, 0x82, 0x08, 0x82, 0x00, 0x82, 0x00,
    0x61, 0x00, 0x81, 0x00, 0xA2, 0x08, 0x82, 0x08, 0x81, 0x00, 0xA2, 0x00, 0xE2, 0x08, 0x03, 0x09,
    0x03, 0x09, 0x44, 0x09, 0x44, 0x09, 0x24, 0x09, 0x64, 0x11, 0x03, 0x09, 0x82, 0x00, 0x61, 0x00,
    0x41, 0x00, 0x41, 0x00, 0x81, 0x08, 0xA2, 0x08, 0xA2, 0x08, 0x61, 0x00, 0x41, 0x00, 0x40, 0x00,
    0xC2, 0x08, 0x03, 0x09, 0x00, 0x00, 0x20, 0x00, 0x20, 0x00, 0x20, 0x00, 0x20, 0x00, 0x20, 0x00,
    0x20, 0x00, 0x20, 0x00, 0x20, 0x00, 0x20, 0x00, 0x20, 0x00, 0x20, 0x00, 0x20, 0x00, 0x41, 0x00,
    0xA2, 0x00, 0x81, 0x00, 0x40, 0x00, 0x81, 0x00, 0xC2, 0x08, 0xC2, 0x08, 0xE2, 0x08, 0xC2, 0x08,
    0x22, 0x11, 0x82, 0x19, 0x21, 0x09, 0x22, 0x09, 0x43, 0x11, 0x02, 0x11, 0xE2, 0x08, 0xE2, 0x08,
    0xE2, 0x08, 0x62, 0x11, 0x41, 0x09, 0x62, 0x11, 0x62, 0x11, 0x61, 0x00, 0x61, 0x00, 0xC1, 0x08,
    0x02, 0x09, 0xE1, 0x08, 0xE1, 0x08, 0x02, 0x09, 0x22, 0x09, 0x22, 0x09, 0x42, 0x09, 0x42, 0x11,
    0x62, 0x09, 0x62, 0x11, 0x83, 0x11, 0xA3, 0x19, 0xE1, 0x08, 0x81, 0x00, 0x81, 0x00, 0x61, 0x00,
    0x81, 0x00, 0x81, 0x00, 0x83, 0x21, 0x62, 0x11, 0x62, 0x11, 0x22, 0x11, 0xC1, 0x08, 0xA2, 0x00,
    0x41, 0x00, 0x40, 0x00, 0x40, 0x00, 0x40, 0x00, 0x40, 0x00, 0x61, 0x00, 0x02, 0x09, 0x22, 0x09,
    0x21, 0x09, 0x82, 0x11, 0x22, 0x09, 0x80, 0x00, 0x81, 0x00, 0x81, 0x00, 0x61, 0x00, 0xE1, 0x08,
    0x62, 0x11, 0xE2, 0x08, 0x60, 0x00, 0x81, 0x00, 0xA1, 0x00, 0xE2, 0x08, 0x63, 0x11, 0xC1, 0x08,
    0x40, 0x00, 0x20, 0x00, 0x81, 0x00, 0xE2, 0x08, 0x41, 0x00, 0x41, 0x00, 0x41, 0x00, 0x00, 0x00,
    0x20, 0x00, 0x20, 0x00, 0x00, 0x00, 0x20, 0x00, 0x20, 0x00, 0x20, 0x00, 0x20, 0x00, 0x20, 0x00,
    0x20, 0x00, 0x41, 0x00, 0xC3, 0x08, 0xC2, 0x08, 0x82, 0x00, 0x41, 0x00, 0x00, 0x00, 0x41, 0x00,
    0x41, 0x00, 0x00, 0x00, 0x00, 0x00, 0x20, 0x00, 0x20, 0x00, 0x00, 0x00, 0x61, 0x00, 0xE2, 0x08,
    0x02, 0x09, 0xE1, 0x08, 0xC1, 0x00, 0xE1, 0x08, 0xE1, 0x08, 0xE1, 0x08, 0x01, 0x09, 0x02, 0x11,
    0x61, 0x00, 0x81, 0x00, 0x03, 0x09, 0xE3, 0x08, 0xC2, 0x08, 0xA2, 0x08, 0xA1, 0x00, 0x81, 0x00,
    0x81, 0x00, 0x81, 0x00, 0x81, 0x00, 0x81, 0x00, 0xA1, 0x00, 0x81, 0x00, 0x81, 0x08, 0x81, 0x00,
    0x81, 0x00, 0x81, 0x00, 0xA1, 0x00, 0x81, 0x00, 0x61, 0x00, 0x41, 0x00, 0x40, 0x00, 0x61, 0x00,
    0xE1, 0x08, 0x01, 0x09, 0x21, 0x09, 0x41, 0x11, 0x62, 0x11, 0xE1, 0x08, 0xC1, 0x08, 0xE2, 0x08,
    0xE2, 0x08, 0xE2, 0x08, 0xE2, 0x08, 0xE2, 0x08, 0xE2, 0x08, 0x02, 0x09, 0xC1, 0x08, 0x61, 0x00,
    0x61, 0x00, 0x61, 0x00, 0x61, 0x00, 0x41, 0x00, 0x21, 0x00, 0x41, 0x00, 0x21, 0x00, 0x21, 0x00,
    0x21, 0x00, 0x61, 0x00, 0x61, 0x00, 0x41, 0x00, 0x41, 0x00, 0x41, 0x00, 0x40, 0x00, 0x41, 0x00,
    0x61, 0x00, 0x61, 0x00, 0x41, 0x00, 0x20, 0x00, 0x00, 0x00, 0x41, 0x00, 0x60, 0x00, 0xA1, 0x08,
    0x01, 0x09, 0xE1, 0x08, 0xC1, 0x08, 0xC1, 0x00, 0xE1, 0x08, 0x22, 0x09, 0x02, 0x09, 0xA1, 0x00,
    0x82, 0x00, 0x61, 0x00, 0x61, 0x00, 0x82, 0x08, 0x61, 0x00, 0x61, 0x00, 0x61, 0x00, 0x61, 0x00,
    0x20, 0x00, 0x20, 0x00, 0x00, 0x00, 0x00, 0x00, 0x41, 0x00, 0x41, 0x00, 0x41, 0x00, 0x61, 0x00,
    0x61, 0x00, 0x61, 0x00, 0x61, 0x00, 0x61, 0x00, 0x81, 0x00, 0x82, 0x08, 0xC2, 0x08, 0x03, 0x09,
    0x03, 0x09, 0x03, 0x09, 0xE3, 0x08, 0x81, 0x00, 0x81, 0x00, 0x61, 0x00, 0x20, 0x00, 0x21, 0x00,
    0x41, 0x00, 0x61, 0x00, 0x81, 0x00, 0x81, 0x00, 0xA2, 0x08, 0xC2, 0x08, 0x61, 0x00, 0x41, 0x00,
    0x41, 0x00, 0x20, 0x00, 0x00, 0x00, 0x20, 0x00, 0x20, 0x00, 0x20, 0x00, 0x20, 0x00, 0x20, 0x00,
    0x20, 0x00, 0x20, 0x00, 0x20, 0x00, 0x20, 0x00, 0x20, 0x00, 0x20, 0x00, 0x20, 0x00, 0x41, 0x00,
    0x82, 0x08, 0x41, 0x00, 0x81, 0x00, 0xC2, 0x08, 0xE2, 0x08, 0xE2, 0x08, 0xE2, 0x08, 0xE2, 0x08,
    0xA3, 0x19, 0x61, 0x11, 0x22, 0x09, 0xE2, 0x08, 0xE2, 0x08, 0x03, 0x09, 0xE2, 0x08, 0x22, 0x09,
    0x42, 0x09, 0x61, 0x11, 0x61, 0x11, 0x01, 0x09, 0xC2, 0x19, 0x62, 0x11, 0x81, 0x00, 0xC2, 0x08,
    0xC1, 0x08, 0xE1, 0x08, 0x02, 0x09, 0x02, 0x09, 0x02, 0x09, 0x22, 0x09, 0x42, 0x09, 0x42, 0x09,
    0x63, 0x11, 0x63, 0x11, 0x63, 0x11, 0x83, 0x11, 0x83, 0x11, 0x22, 0x09, 0x81, 0x00, 0x81, 0x00,
    0x81, 0x00, 0x81, 0x00, 0x01, 0x11, 0x45, 0x32, 0x61, 0x11, 0x82, 0x19, 0x83, 0x19, 0xE1, 0x08,
    0x40, 0x00, 0x21, 0x00, 0x20, 0x00, 0x20, 0x00, 0x20, 0x00, 0x20, 0x00, 0x40, 0x00, 0x81, 0x08,
    0xA1, 0x08, 0xE2, 0x08, 0xA3, 0x19, 0xA1, 0x00, 0x21, 0x00, 0x81, 0x08, 0xE1, 0x08, 0x82, 0x19,
    0x82, 0x19, 0xA1, 0x00, 0x61, 0x00, 0x61, 0x00, 0x81, 0x00, 0x63, 0x19, 0xA2, 0x19, 0xA3, 0x11,
    0x02, 0x09, 0xC2, 0x08, 0x02, 0x11, 0x61, 0x00, 0x41, 0x00, 0x82, 0x08, 0xC2, 0x10, 0x61, 0x08,
    0x00, 0x00, 0x00, 0x00, 0x00, 0x00, 0x20, 0x00, 0x20, 0x00, 0x21, 0x00, 0x41, 0x00, 0x20, 0x00,
    0xA2, 0x08, 0x64, 0x11, 0x85, 0x11, 0x84, 0x11, 0x23, 0x09, 0xE2, 0x08, 0x61, 0x00, 0x40, 0x00,
    0x41, 0x00, 0x21, 0x00, 0x21, 0x00, 0x21, 0x00, 0x20, 0x00, 0x20, 0x00, 0x20, 0x00, 0x61, 0x00,
    0xA1, 0x08, 0xA1, 0x08, 0xC1, 0x08, 0xC1, 0x08, 0xC1, 0x08, 0xC1, 0x08, 0xE1, 0x08, 0xC1, 0x08,
    0x40, 0x00, 0xA2, 0x08, 0xC2, 0x08, 0x81, 0x00, 0x61, 0x00, 0x61, 0x00, 0x61, 0x00, 0x81, 0x00,
    0x81, 0x08, 0xA1, 0x08, 0xA2, 0x08, 0xA2, 0x08, 0xA1, 0x08, 0xA1, 0x08, 0x61, 0x00, 0x81, 0x00,
    0x81, 0x00, 0x61, 0x00, 0x61, 0x00, 0x41, 0x00, 0x20, 0x00, 0x41, 0x00, 0x41, 0x00, 0x41, 0x00,
    0xC1, 0x08, 0x21, 0x11, 0x21, 0x09, 0x41, 0x09, 0xE1, 0x08, 0xA1, 0x08, 0xC2, 0x08, 0xE2, 0x08,
    0x02, 0x09, 0x22, 0x09, 0x22, 0x09, 0x02, 0x09, 0x02, 0x09, 0x02, 0x09, 0xA1, 0x00, 0x61, 0x00,
    0x61, 0x00, 0x61, 0x00, 0x41, 0x00, 0x20, 0x00, 0x20, 0x00, 0x21, 0x00, 0x41, 0x00, 0x21, 0x00,
    0x21, 0x00, 0x41, 0x00, 0x61, 0x00, 0x41, 0x00, 0x40, 0x00, 0xC1, 0x08, 0x43, 0x11, 0x83, 0x11,
    0xA3, 0x19, 0x63, 0x11, 0xE1, 0x08, 0x60, 0x00, 0x40, 0x00, 0x61, 0x00, 0x41, 0x00, 0x81, 0x00,
    0x61, 0x11, 0x62, 0x11, 0x81, 0x00, 0xC1, 0x08, 0xC1, 0x08, 0x81, 0x00, 0x81, 0x00, 0x61, 0x00,
    0x61, 0x00, 0x61, 0x00, 0x61, 0x00, 0x61, 0x00, 0x82, 0x00, 0x82, 0x00, 0x82, 0x08, 0x41, 0x00,
    0x20, 0x00, 0x20, 0x00, 0x00, 0x00, 0x41, 0x00, 0x41, 0x00, 0x00, 0x00, 0x00, 0x00, 0x41, 0x00,
    0x62, 0x08, 0x61, 0x00, 0x61, 0x00, 0x61, 0x00, 0x61, 0x00, 0x61, 0x00, 0x81, 0x00, 0xC2, 0x08,
    0xC2, 0x08, 0x41, 0x00, 0x41, 0x00, 0x20, 0x00, 0x20, 0x00, 0x41, 0x00, 0x41, 0x00, 0x61, 0x00,
    0x81, 0x00, 0x81, 0x00, 0xA1, 0x08, 0xC2, 0x08, 0x03, 0x09, 0x03, 0x09, 0xA2, 0x08, 0x41, 0x00,
    0x00, 0x00, 0x00, 0x00, 0x20, 0x00, 0x20, 0x00, 0x20, 0x00, 0x20, 0x00, 0x20, 0x00, 0x20, 0x00,
    0x20, 0x00, 0x20, 0x00, 0x20, 0x00, 0x20, 0x00, 0x20, 0x00, 0x20, 0x00, 0x41, 0x00, 0x61, 0x00,
    0x61, 0x00, 0xA1, 0x00, 0x02, 0x09, 0x02, 0x09, 0x03, 0x09, 0x03, 0x09, 0xE3, 0x08, 0x43, 0x11,
    0xE3, 0x21, 0x62, 0x11, 0x43, 0x11, 0xE2, 0x08, 0x02, 0x09, 0xE2, 0x00, 0x43, 0x11, 0xA3, 0x11,
    0x42, 0x09, 0x62, 0x11, 0x82, 0x11, 0x21, 0x09, 0x61, 0x11, 0x23, 0x22, 0x42, 0x11, 0xA1, 0x00,
    0xE1, 0x08, 0xE1, 0x08, 0x01, 0x09, 0x01, 0x09, 0x01, 0x09, 0x63, 0x11, 0x42, 0x09, 0x63, 0x11,
    0x63, 0x11, 0x83, 0x11, 0xA4, 0x11, 0xA4, 0x19, 0xA3, 0x11, 0xC4, 0x11, 0x02, 0x09, 0x81, 0x00,
    0x81, 0x00, 0xC2, 0x08, 0xA1, 0x00, 0x83, 0x19, 0xC3, 0x21, 0x61, 0x11, 0x62, 0x11, 0x01, 0x09,
    0x40, 0x00, 0x41, 0x00, 0x20, 0x00, 0x41, 0x00, 0x40, 0x00, 0x41, 0x00, 0x21, 0x00, 0x20, 0x00,
    0x40, 0x00, 0x40, 0x00, 0x42, 0x11, 0x02, 0x11, 0x81, 0x00, 0x22, 0x11, 0x42, 0x11, 0x62, 0x11,
    0xC3, 0x21, 0xC1, 0x08, 0x81, 0x00, 0x81, 0x00, 0x83, 0x21, 0x85, 0x3A, 0x86, 0x32, 0x25, 0x2A,
    0x02, 0x09, 0xA1, 0x00, 0xC1, 0x08, 0xA1, 0x08, 0x61, 0x08, 0x41, 0x00, 0x61, 0x00, 0xE3, 0x10,
    0x61, 0x08, 0x00, 0x00, 0x00, 0x00, 0x41, 0x00, 0x61, 0x00, 0xA2, 0x08, 0xE3, 0x08, 0x03, 0x09,
    0x85, 0x19, 0xA5, 0x11, 0xA5, 0x11, 0x84, 0x11, 0x02, 0x09, 0xE2, 0x08, 0x81, 0x08, 0x81, 0x00,
    0x61, 0x00, 0x41, 0x00, 0x41, 0x00, 0x21, 0x00, 0x21, 0x00, 0x21, 0x00, 0x21, 0x00, 0x00, 0x00,
    0x61, 0x08, 0x81, 0x08, 0x40, 0x00, 0x61, 0x00, 0x41, 0x00, 0x40, 0x00, 0x40, 0x00, 0x81, 0x00,
    0x61, 0x08, 0x20, 0x00, 0x61, 0x00, 0x61, 0x00, 0x20, 0x00, 0x20, 0x00, 0x20, 0x00, 0x20, 0x00,
    0x41, 0x00, 0x61, 0x00, 0x61, 0x00, 0x61, 0x00, 0x61, 0x00, 0x61, 0x00, 0x40, 0x00, 0x61, 0x00,
    0x61, 0x00, 0x41, 0x00, 0x41, 0x00, 0x40, 0x00, 0x41, 0x00, 0x41, 0x00, 0x41, 0x00, 0x41, 0x00,
    0xC1, 0x08, 0x22, 0x11, 0x22, 0x09, 0x02, 0x09, 0x61, 0x00, 0x61, 0x00, 0x61, 0x00, 0x81, 0x00,
    0xA1, 0x00, 0xC2, 0x08, 0x02, 0x09, 0x22, 0x09, 0x22, 0x09, 0x22, 0x09, 0xA1, 0x00, 0x61, 0x00,
    0x61, 0x00, 0x61, 0x00, 0x41, 0x00, 0x41, 0x00, 0x21, 0x00, 0x21, 0x00, 0x21, 0x00, 0x41, 0x00,
    0x41, 0x00, 0x41, 0x00, 0x41, 0x00, 0x81, 0x08, 0xA1, 0x00, 0xE1, 0x08, 0x62, 0x11, 0x22, 0x11,
    0x42, 0x11, 0x63, 0x11, 0x83, 0x11, 0x63, 0x11, 0xE2, 0x08, 0x41, 0x00, 0x20, 0x00, 0xA0, 0x00,
    0x82, 0x19, 0x21, 0x11, 0x81, 0x00, 0xA1, 0x08, 0x60, 0x00, 0x81, 0x08, 0x81, 0x00, 0x81, 0x00,
    0x61, 0x00, 0x82, 0x00, 0x82, 0x08, 0x82, 0x00, 0x82, 0x08, 0x82, 0x08, 0x82, 0x08, 0x41, 0x00,
    0x00, 0x00, 0x20, 0x00, 0x20, 0x00, 0x41, 0x00, 0x20, 0x00, 0x00, 0x00, 0x00, 0x00, 0x20, 0x00,
    0x41, 0x00, 0x20, 0x00, 0x41, 0x00, 0x41, 0x00, 0x81, 0x00, 0x61, 0x00, 0x41, 0x00, 0x41, 0x00,
    0x41, 0x00, 0x21, 0x00, 0x21, 0x00, 0x41, 0x00, 0x61, 0x00, 0x61, 0x00, 0x81, 0x00, 0x81, 0x00,
    0x81, 0x00, 0x81, 0x00, 0x81, 0x00, 0x81, 0x00, 0x81, 0x00, 0x81, 0x00, 0x81, 0x00, 0x41, 0x00,
    0x00, 0x00, 0x20, 0x00, 0x20, 0x00, 0x20, 0x00, 0x20, 0x00, 0x21, 0x00, 0x21, 0x00, 0x21, 0x00,
    0x21, 0x00, 0x20, 0x00, 0x20, 0x00, 0x20, 0x00, 0x20, 0x00, 0x41, 0x00, 0x61, 0x00, 0x61, 0x00,
    0xA2, 0x08, 0x43, 0x11, 0x23, 0x09, 0x03, 0x09, 0x03, 0x09, 0x03, 0x09, 0xC2, 0x08, 0xC4, 0x21,
    0xE2, 0x21, 0xC3, 0x19, 0x22, 0x09, 0x23, 0x09, 0x22, 0x09, 0x63, 0x11, 0xE4, 0x19, 0x42, 0x09,
    0x42, 0x09, 0xA3, 0x11, 0xA2, 0x11, 0x61, 0x11, 0x21, 0x09, 0xC2, 0x19, 0x03, 0x22, 0x01, 0x09,
    0xE2, 0x08, 0x01, 0x09, 0x01, 0x09, 0x22, 0x09, 0x22, 0x09, 0x63, 0x11, 0x63, 0x11, 0x63, 0x11,
    0x63, 0x11, 0x83, 0x11, 0xA4, 0x11, 0xA4, 0x11, 0xC4, 0x19, 0x05, 0x1A, 0xC4, 0x19, 0xA1, 0x00,
    0xA1, 0x08, 0xA1, 0x08, 0xA1, 0x08, 0xC1, 0x00, 0x01, 0x09, 0x42, 0x11, 0x41, 0x09, 0x22, 0x09,
    0x81, 0x08, 0x20, 0x00, 0x82, 0x08, 0x61, 0x00, 0x40, 0x00, 0x41, 0x00, 0x41, 0x00, 0x41, 0x00,
    0x40, 0x00, 0x60, 0x00, 0xA1, 0x08, 0x02, 0x09, 0x21, 0x11, 0x41, 0x11, 0x41, 0x11, 0x42, 0x11,
    0x62, 0x11, 0xE1, 0x08, 0xE2, 0x08, 0x02, 0x09, 0xA3, 0x19, 0x44, 0x32, 0x04, 0x22, 0x22, 0x11,
    0x60, 0x00, 0xC2, 0x08, 0xE2, 0x08, 0x61, 0x00, 0x00, 0x00, 0x20, 0x00, 0x21, 0x00, 0xA2, 0x08,
    0x45, 0x21, 0x00, 0x00, 0x41, 0x00, 0x82, 0x00, 0xC2, 0x08, 0x03, 0x09, 0x64, 0x11, 0xC5, 0x19,
    0xA4, 0x11, 0xA5, 0x11, 0xA5, 0x11, 0x02, 0x09, 0x02, 0x09, 0xA1, 0x08, 0x40, 0x00, 0xA2, 0x08,
    0x81, 0x00, 0xA1, 0x08, 0x41, 0x00, 0x00, 0x00, 0x20, 0x00, 0x20, 0x00, 0x20, 0x00, 0x20, 0x00,
    0x20, 0x00, 0xC2, 0x10, 0xA2, 0x08, 0x41, 0x00, 0x61, 0x00, 0x41, 0x00, 0x20, 0x00, 0x20, 0x00,
    0x41, 0x08, 0x20, 0x00, 0xC2, 0x08, 0x60, 0x00, 0x61, 0x00, 0x41, 0x00, 0x20, 0x00, 0x20, 0x00,
    0x41, 0x00, 0x41, 0x00, 0x61, 0x00, 0x41, 0x00, 0x61, 0x00, 0x41, 0x00, 0x21, 0x00, 0x61, 0x00,
    0x41, 0x00, 0x41, 0x00, 0x41, 0x00, 0x41, 0x00, 0x41, 0x00, 0x41, 0x00, 0x41, 0x00, 0x41, 0x00,
    0x61, 0x00, 0x40, 0x00, 0x60, 0x00, 0x61, 0x00, 0x61, 0x00, 0x61, 0x00, 0x61, 0x00, 0x61, 0x00,
    0x61, 0x00, 0x61, 0x00, 0x61, 0x00, 0xC1, 0x08, 0x22, 0x09, 0x83, 0x11, 0xE2, 0x08, 0x61, 0x00,
    0x82, 0x08, 0x61, 0x00, 0x61, 0x00, 0x82, 0x08, 0x61, 0x00, 0x61, 0x00, 0x41, 0x00, 0x41, 0x00,
    0x41, 0x00, 0x41, 0x00, 0x41, 0x00, 0x82, 0x08, 0xC2, 0x08, 0x63, 0x11, 0xC4, 0x19, 0xA3, 0x19,
    0x83, 0x19, 0x22, 0x11, 0xE1, 0x08, 0x02, 0x09, 0x22, 0x11, 0xE2, 0x08, 0xE1, 0x08, 0x62, 0x11,
    0xA3, 0x19, 0xC1, 0x08, 0x81, 0x00, 0x40, 0x00, 0x41, 0x00, 0xC2, 0x08, 0xA1, 0x00, 0xA1, 0x08,
    0x61, 0x00, 0x61, 0x00, 0x61, 0x00, 0x61, 0x00, 0x81, 0x00, 0x82, 0x00, 0x41, 0x00, 0x20, 0x00,
    0x00, 0x00, 0x20, 0x00, 0x41, 0x00, 0x21, 0x00, 0x20, 0x00, 0x20, 0x00, 0x20, 0x00, 0x41, 0x00,
    0x41, 0x00, 0x41, 0x00, 0x41, 0x00, 0x41, 0x00, 0x03, 0x09, 0xC2, 0x08, 0x61, 0x00, 0x61, 0x00,
    0x61, 0x00, 0x61, 0x00, 0x61, 0x00, 0x81, 0x00, 0xA2, 0x08, 0xA2, 0x08, 0xA2, 0x08, 0xA1, 0x08,
    0xA1, 0x08, 0x81, 0x08, 0x81, 0x00, 0xA1, 0x00, 0xA2, 0x08, 0xA1, 0x08, 0xA1, 0x00, 0x41, 0x00,
    0x00, 0x00, 0x20, 0x00, 0x20, 0x00, 0x20, 0x00, 0x20, 0x00, 0x21, 0x00, 0x21, 0x00, 0x21, 0x00,
    0x21, 0x00, 0x20, 0x00, 0x20, 0x00, 0x20, 0x00, 0x20, 0x00, 0x61, 0x00, 0x61, 0x00, 0x61, 0x00,
    0x03, 0x09, 0x03, 0x09, 0x03, 0x09, 0x23, 0x09, 0x03, 0x09, 0xE3, 0x08, 0x23, 0x09, 0x04, 0x22,
    0xE2, 0x21, 0xA3, 0x19, 0x03, 0x09, 0x64, 0x11, 0xA4, 0x11, 0xE4, 0x19, 0x63, 0x11, 0x02, 0x09,
    0x62, 0x11, 0xC3, 0x11, 0xC2, 0x11, 0xA2, 0x11, 0x41, 0x09, 0x61, 0x11, 0x23, 0x22, 0x03, 0x22,
    0x02, 0x09, 0x01, 0x09, 0x22, 0x09, 0x01, 0x09, 0x42, 0x09, 0x22, 0x09, 0x63, 0x11, 0x83, 0x11,
    0x83, 0x11, 0x83, 0x11, 0xA3, 0x11, 0xA4, 0x11, 0xC4, 0x19, 0x05, 0x1A, 0x25, 0x22, 0x02, 0x09,
    0xA1, 0x08, 0x81, 0x00, 0xC2, 0x08, 0xC1, 0x08, 0xC1, 0x08, 0xA0, 0x00, 0x01, 0x09, 0x21, 0x09,
    0xA1, 0x00, 0x61, 0x00, 0xE3, 0x10, 0x03, 0x11, 0x82, 0x08, 0x61, 0x00, 0x61, 0x00, 0x61, 0x00,
    0xA1, 0x08, 0x22, 0x11, 0xE1, 0x08, 0xC1, 0x08, 0x22, 0x11, 0x42, 0x11, 0x42, 0x19, 0x42, 0x11,
    0x01, 0x09, 0x22, 0x11, 0x22, 0x09, 0x22, 0x09, 0xC1, 0x00, 0xE2, 0x08, 0xC1, 0x08, 0x81, 0x00,
    0x61, 0x00, 0x40, 0x00, 0x20, 0x00, 0x00, 0x00, 0x20, 0x00, 0x61, 0x00, 0x41, 0x00, 0x41, 0x00,
    0x82, 0x08, 0x61, 0x00, 0x82, 0x00, 0xC2, 0x08, 0x03, 0x09, 0x44, 0x09, 0x06, 0x1A, 0xE5, 0x19,
    0x62, 0x09, 0xA4, 0x11, 0x43, 0x09, 0x02, 0x09, 0x22, 0x09, 0x61, 0x00, 0x81, 0x08, 0xC2, 0x08,
    0xC1, 0x08, 0x02, 0x09, 0x81, 0x00, 0x00, 0x00, 0x20, 0x00, 0x00, 0x00, 0x20, 0x00, 0x21, 0x00,
    0x41, 0x00, 0x81, 0x00, 0xA1, 0x00, 0xC1, 0x08, 0xA1, 0x08, 0x61, 0x00, 0x20, 0x00, 0x21, 0x00,
    0x20, 0x00, 0xA2, 0x08, 0x43, 0x19, 0x43, 0x19, 0xE3, 0x10, 0x20, 0x00, 0x20, 0x00, 0x41, 0x00,
    0x41, 0x00, 0x61, 0x00, 0x61, 0x00, 0x61, 0x00, 0x61, 0x00, 0x41, 0x00, 0x41, 0x00, 0x41, 0x00,
    0x41, 0x00, 0x41, 0x00, 0x21, 0x00, 0x41, 0x00, 0x41, 0x00, 0x41, 0x00, 0x41, 0x00, 0x41, 0x00,
    0x41, 0x00, 0x41, 0x00, 0x61, 0x00, 0x61, 0x00, 0x61, 0x00, 0x61, 0x00, 0x61, 0x00, 0x61, 0x00,
    0x61, 0x00, 0x61, 0x00, 0x41, 0x00, 0x61, 0x00, 0x81, 0x00, 0xE2, 0x08, 0xC1, 0x08, 0xA2, 0x08,
    0xE3, 0x08, 0x81, 0x00, 0x61, 0x00, 0x61, 0x00, 0x82, 0x08, 0x81, 0x00, 0x61, 0x00, 0x82, 0x08,
    0x82, 0x00, 0x61, 0x00, 0x81, 0x00, 0x61, 0x00, 0x81, 0x00, 0x84, 0x19, 0x05, 0x22, 0x04, 0x22,
    0xC3, 0x19, 0xA3, 0x19, 0x42, 0x11, 0xE1, 0x08, 0xA1, 0x00, 0xC1, 0x08, 0xE1, 0x08, 0x22, 0x11,
    0xC1, 0x08, 0x40, 0x00, 0x40, 0x00, 0x20, 0x00, 0x41, 0x00, 0xC2, 0x08, 0x61, 0x00, 0x40, 0x00,
    0x82, 0x00, 0x82, 0x08, 0xA2, 0x08, 0xA2, 0x08, 0xA2, 0x08, 0xA2, 0x08, 0x41, 0x00, 0x20, 0x00,
    0x00, 0x00, 0x41, 0x00, 0x41, 0x00, 0x00, 0x00, 0x20, 0x00, 0x20, 0x00, 0x20, 0x00, 0x20, 0x00,
    0x41, 0x00, 0xA2, 0x08, 0x82, 0x08, 0x61, 0x00, 0xE3, 0x08, 0xE3, 0x08, 0x03, 0x09, 0xC2, 0x08,
    0xA2, 0x00, 0xA2, 0x08, 0xA2, 0x08, 0xA2, 0x00, 0xC2, 0x08, 0xC2, 0x08, 0xA1, 0x00, 0xA1, 0x00,
    0xA1, 0x00, 0xA1, 0x00, 0xA1, 0x00, 0xA1, 0x00, 0xA1, 0x00, 0xA1, 0x00, 0xA1, 0x08, 0x61, 0x00,
    0x20, 0x00, 0x20, 0x00, 0x20, 0x00, 0x21, 0x00, 0x21, 0x00, 0x21, 0x00, 0x21, 0x00, 0x21, 0x00,
    0x21, 0x00, 0x20, 0x00, 0x20, 0x00, 0x20, 0x00, 0x20, 0x00, 0x20, 0x00, 0x20, 0x00, 0x81, 0x00,
    0x03, 0x11, 0xE2, 0x08, 0xE2, 0x08, 0x03, 0x09, 0x23, 0x09, 0x03, 0x09, 0xA4, 0x19, 0x03, 0x22,
    0xE3, 0x21, 0x22, 0x09, 0x43, 0x09, 0xA4, 0x11, 0xE5, 0x19, 0xA4, 0x11, 0x22, 0x09, 0x22, 0x09,
    0x42, 0x09, 0xC3, 0x19, 0xE3, 0x19, 0xA2, 0x11, 0x62, 0x11, 0x21, 0x09, 0xA2, 0x11, 0x44, 0x22,
    0x83, 0x11, 0x42, 0x11, 0x22, 0x09, 0x42, 0x11, 0x22, 0x09, 0x42, 0x11, 0x22, 0x09, 0x83, 0x11,
    0xA3, 0x11, 0xA3, 0x11, 0xA3, 0x11, 0xA4, 0x11, 0xE4, 0x19, 0x05, 0x1A, 0x25, 0x22, 0xE2, 0x08,
    0xA1, 0x08, 0xA1, 0x08, 0xA1, 0x00, 0xC2, 0x08, 0xC1, 0x08, 0x42, 0x11, 0x62, 0x19, 0x41, 0x11,
    0xE1, 0x08, 0x02, 0x11, 0x23, 0x19, 0xC6, 0x29, 0x24, 0x19, 0x81, 0x08, 0x81, 0x00, 0xA1, 0x00,
    0x62, 0x19, 0x01, 0x11, 0xC1, 0x08, 0xE1, 0x08, 0x21, 0x11, 0x82, 0x19, 0xC3, 0x21, 0x83, 0x19,
    0x83, 0x19, 0x42, 0x11, 0x22, 0x09, 0x42, 0x09, 0x43, 0x11, 0x84, 0x19, 0xC2, 0x08, 0x41, 0x00,
    0x61, 0x08, 0x41, 0x00, 0x20, 0x00, 0x20, 0x00, 0x61, 0x00, 0x61, 0x00, 0x41, 0x00, 0x41, 0x00,
    0x81, 0x00, 0xC2, 0x08, 0xE3, 0x08, 0xE3, 0x08, 0xE2, 0x00, 0xA5, 0x19, 0x26, 0x22, 0xC4, 0x11,
    0x63, 0x11, 0x62, 0x11, 0x01, 0x09, 0x42, 0x11, 0xC1, 0x08, 0x61, 0x00, 0xE2, 0x08, 0x02, 0x09,
    0x63, 0x11, 0x63, 0x11, 0x81, 0x00, 0x20, 0x00, 0x20, 0x00, 0x20, 0x00, 0x20, 0x00, 0x20, 0x00,
    0x20, 0x00, 0x03, 0x11, 0x02, 0x09, 0xE1, 0x08, 0xE2, 0x08, 0x61, 0x00, 0x41, 0x00, 0x20, 0x00,
    0x61, 0x00, 0x43, 0x11, 0x42, 0x11, 0xE2, 0x08, 0x41, 0x00, 0x21, 0x00, 0x20, 0x00, 0x41, 0x00,
    0x41, 0x00, 0x41, 0x00, 0x61, 0x00, 0x61, 0x00, 0x61, 0x00, 0x41, 0x00, 0x41, 0x00, 0x41, 0x00,
    0x41, 0x00, 0x41, 0x00, 0x21, 0x00, 0x41, 0x00, 0x41, 0x00, 0x41, 0x00, 0x41, 0x00, 0x41, 0x00,
    0x41, 0x00, 0x61, 0x00, 0x61, 0x00, 0x61, 0x00, 0x61, 0x00, 0x61, 0x00, 0x61, 0x00, 0x61, 0x00,
    0x61, 0x00, 0x61, 0x00, 0x61, 0x00, 0x61, 0x00, 0x61, 0x00, 0x41, 0x00, 0x41, 0x00, 0x81, 0x00,
    0xE3, 0x08, 0xA2, 0x00, 0x61, 0x00, 0x41, 0x00, 0x61, 0x00, 0x81, 0x00, 0x81, 0x00, 0x82, 0x08,
    0xA2, 0x08, 0x61, 0x00, 0x61, 0x00, 0x61, 0x00, 0x61, 0x00, 0xA1, 0x00, 0x23, 0x11, 0xA3, 0x19,
    0xA3, 0x19, 0xA3, 0x19, 0x83, 0x11, 0x22, 0x09, 0xE2, 0x08, 0xA1, 0x08, 0x61, 0x00, 0x61, 0x00,
    0x61, 0x00, 0x40, 0x00, 0x40, 0x00, 0x41, 0x00, 0x41, 0x00, 0x41, 0x00, 0x20, 0x00, 0x20, 0x00,
    0x82, 0x00, 0x82, 0x00, 0x81, 0x00, 0x81, 0x00, 0x61, 0x00, 0x41, 0x00, 0x20, 0x00, 0x00, 0x00,
    0x20, 0x00, 0x41, 0x00, 0x20, 0x00, 0x00, 0x00, 0x00, 0x00, 0x00, 0x00, 0x00, 0x00, 0x00, 0x00,
    0x41, 0x00, 0xA2, 0x00, 0x82, 0x00, 0x82, 0x00, 0x03, 0x09, 0x44, 0x11, 0x03, 0x09, 0xC2, 0x08,
    0xC2, 0x08, 0xA2, 0x08, 0xA2, 0x08, 0xC2, 0x08, 0xC2, 0x08, 0xC2, 0x08, 0xC2, 0x08, 0xA1, 0x08,
    0xC2, 0x08, 0xC2, 0x08, 0xC1, 0x08, 0xC2, 0x08, 0xC2, 0x08, 0xA1, 0x08, 0xA1, 0x08, 0x40, 0x00,
    0x20, 0x00, 0x20, 0x00, 0x20, 0x00, 0x21, 0x00, 0x20, 0x00, 0x21, 0x00, 0x21, 0x00, 0x21, 0x00,
    0x21, 0x00, 0x20, 0x00, 0x20, 0x00, 0x20, 0x00, 0x21, 0x00, 0x20, 0x00, 0x40, 0x00, 0xC2, 0x08,
    0xE2, 0x08, 0x02, 0x09, 0x03, 0x09, 0x23, 0x09, 0x23, 0x09, 0x43, 0x09, 0x83, 0x19, 0x03, 0x22,
    0x83, 0x19, 0x22, 0x09, 0x84, 0x11, 0xC5, 0x19, 0xA4, 0x11, 0x42, 0x09, 0x22, 0x09, 0x22, 0x09,
    0x22, 0x09, 0x83, 0x11, 0xC3, 0x19, 0xE3, 0x19, 0xA2, 0x19, 0x21, 0x09, 0x41, 0x09, 0xA3, 0x19,
    0xA3, 0x11, 0x63, 0x11, 0x22, 0x09, 0x63, 0x11, 0x22, 0x09, 0x63, 0x11, 0x21, 0x09, 0x42, 0x09,
    0x63, 0x09, 0xA3, 0x11, 0xA3, 0x11, 0xC4, 0x11, 0xC4, 0x11, 0x05, 0x1A, 0x25, 0x22, 0xE2, 0x08,
    0xC2, 0x08, 0xC1, 0x08, 0x81, 0x00, 0x81, 0x00, 0x83, 0x21, 0x28, 0x53, 0xE6, 0x4A, 0x03, 0x2A,
    0x65, 0x32, 0x62, 0x19, 0xC1, 0x08, 0x23, 0x11, 0xC2, 0x08, 0xC2, 0x08, 0xA1, 0x00, 0x02, 0x09,
    0x42, 0x11, 0xE1, 0x08, 0xC1, 0x08, 0x01, 0x11, 0x82, 0x19, 0xE3, 0x29, 0xE4, 0x29, 0x25, 0x32,
    0xA3, 0x19, 0x83, 0x11, 0x42, 0x09, 0x63, 0x11, 0xC4, 0x19, 0xE5, 0x19, 0xC2, 0x00, 0x61, 0x00,
    0x41, 0x00, 0x61, 0x00, 0x41, 0x00, 0x41, 0x00, 0x61, 0x00, 0x61, 0x00, 0x82, 0x00, 0x82, 0x00,
    0x81, 0x00, 0xC3, 0x08, 0xE3, 0x08, 0xE2, 0x08, 0xA2, 0x00, 0x06, 0x22, 0x27, 0x22, 0xE5, 0x19,
    0x83, 0x11, 0x61, 0x11, 0x42, 0x11, 0xE2, 0x08, 0x41, 0x00, 0xA2, 0x08, 0xE1, 0x08, 0x63, 0x19,
    0xA3, 0x19, 0x42, 0x11, 0x61, 0x00, 0x00, 0x00, 0x00, 0x00, 0x00, 0x00, 0x20, 0x00, 0x20, 0x00,
    0x00, 0x00, 0xA1, 0x08, 0xA4, 0x19, 0xC1, 0x00, 0xE2, 0x08, 0x40, 0x00, 0x41, 0x00, 0x40, 0x00,
    0x02, 0x11, 0xE5, 0x29, 0xC1, 0x08, 0x20, 0x00, 0x41, 0x00, 0x41, 0x00, 0x20, 0x00, 0x41, 0x00,
    0x20, 0x00, 0x20, 0x00, 0x61, 0x00, 0x61, 0x00, 0x61, 0x00, 0x41, 0x00, 0x41, 0x00, 0x40, 0x00,
    0x20, 0x00, 0x20, 0x00, 0x41, 0x00, 0x41, 0x00, 0x41, 0x00, 0x41, 0x00, 0x41, 0x00, 0x41, 0x00,
    0x41, 0x00, 0x61, 0x00, 0x81, 0x00, 0x61, 0x00, 0x61, 0x00, 0x61, 0x00, 0x61, 0x00, 0x61, 0x00,
    0x61, 0x00, 0x61, 0x00, 0x61, 0x00, 0x61, 0x00, 0x81, 0x00, 0x02, 0x09, 0x43, 0x11, 0x81, 0x00,
    0x61, 0x00, 0x81, 0x00, 0x81, 0x00, 0x61, 0x00, 0x40, 0x00, 0x61, 0x00, 0x81, 0x00, 0x81, 0x00,
    0x61, 0x00, 0x61, 0x00, 0xC2, 0x08, 0xC2, 0x08, 0x61, 0x00, 0x61, 0x00, 0x40, 0x00, 0x61, 0x00,
    0x81, 0x00, 0xA1, 0x00, 0xA1, 0x00, 0xC1, 0x08, 0xA1, 0x08, 0xC1, 0x08, 0xA1, 0x08, 0x61, 0x08,
    0x61, 0x00, 0x61, 0x00, 0x41, 0x00, 0x41, 0x00, 0x41, 0x00, 0x20, 0x00, 0x20, 0x00, 0x20, 0x00,
    0xC2, 0x08, 0xE3, 0x08, 0xE3, 0x08, 0xE3, 0x08, 0x61, 0x00, 0x20, 0x00, 0x20, 0x00, 0x00, 0x00,
    0x41, 0x00, 0x41, 0x00, 0x00, 0x00, 0x00, 0x00, 0x00, 0x00, 0x21, 0x00, 0x41, 0x00, 0x61, 0x00,
    0x61, 0x00, 0xA2, 0x08, 0x61, 0x00, 0x82, 0x00, 0x44, 0x11, 0x03, 0x09, 0xC2, 0x00, 0xE2, 0x08,
    0xC2, 0x08, 0xC2, 0x08, 0xC2, 0x08, 0xC2, 0x08, 0xC2, 0x08, 0xC2, 0x08, 0xA1, 0x08, 0xC1, 0x08,
    0xC1, 0x08, 0xC2, 0x08, 0xC2, 0x08, 0xC2, 0x08, 0x02, 0x09, 0xE2, 0x08, 0x61, 0x00, 0x20, 0x00,
    0x20, 0x00, 0x20, 0x00, 0x21, 0x00, 0x21, 0x00, 0x20, 0x00, 0x20, 0x00, 0x21, 0x00, 0x21, 0x00,
    0x21, 0x00, 0x20, 0x00, 0x20, 0x00, 0x20, 0x00, 0x41, 0x00, 0x41, 0x00, 0x81, 0x00, 0xC2, 0x08,
    0xE2, 0x08, 0x03, 0x09, 0x03, 0x09, 0x43, 0x11, 0x64, 0x11, 0x23, 0x09, 0x83, 0x19, 0xC4, 0x21,
    0xC1, 0x00, 0x84, 0x11, 0xE4, 0x11, 0xE5, 0x19, 0x63, 0x11, 0x01, 0x09, 0x22, 0x09, 0x43, 0x11,
    0x22, 0x09, 0x42, 0x11, 0xE1, 0x08, 0x83, 0x19, 0xC3, 0x19, 0xC2, 0x19, 0x61, 0x09, 0x62, 0x09,
    0x63, 0x11, 0x22, 0x09, 0x83, 0x11, 0x22, 0x09, 0x63, 0x11, 0x22, 0x09, 0x42, 0x11, 0x22, 0x09,
    0x42, 0x09, 0x83, 0x11, 0xC4, 0x11, 0xC4, 0x11, 0xC4, 0x11, 0xE4, 0x19, 0xE5, 0x19, 0xE2, 0x08,
    0xC1, 0x00, 0x42, 0x11, 0x63, 0x11, 0x22, 0x09, 0x04, 0x2A, 0x06, 0x4B, 0xC5, 0x42, 0x64, 0x32,
    0x64, 0x32, 0x62, 0x19, 0xA1, 0x00, 0xA1, 0x00, 0xA1, 0x00, 0xC1, 0x08, 0xC1, 0x08, 0x02, 0x09,
    0x21, 0x09, 0x01, 0x09, 0x22, 0x11, 0xC3, 0x21, 0x04, 0x32, 0x24, 0x3A, 0x66, 0x42, 0xC4, 0x29,
    0x42, 0x09, 0xA4, 0x19, 0x83, 0x11, 0x43, 0x09, 0xC4, 0x11, 0x84, 0x11, 0xE3, 0x08, 0xE3, 0x08,
    0xC2, 0x08, 0xA2, 0x00, 0x61, 0x00, 0x61, 0x00, 0x61, 0x00, 0x61, 0x00, 0xC3, 0x08, 0xA2, 0x00,
    0x81, 0x00, 0xC2, 0x08, 0xE3, 0x08, 0xA2, 0x00, 0xC2, 0x00, 0x27, 0x2A, 0x67, 0x2A, 0x05, 0x22,
    0x62, 0x11, 0x41, 0x09, 0xA2, 0x11, 0xE1, 0x08, 0x21, 0x00, 0xA1, 0x08, 0x83, 0x19, 0xC4, 0x21,
    0x22, 0x11, 0xA1, 0x08, 0x21, 0x00, 0x41, 0x00, 0x20, 0x00, 0x20, 0x00, 0x20, 0x00, 0x40, 0x00,
    0x41, 0x00, 0x60, 0x00, 0x02, 0x09, 0xE1, 0x08, 0xE1, 0x08, 0x20, 0x00, 0x00, 0x00, 0x81, 0x00,
    0x22, 0x11, 0xE2, 0x10, 0x41, 0x00, 0x41, 0x00, 0x41, 0x00, 0x41, 0x00, 0x00, 0x00, 0x21, 0x00,
    0x21, 0x00, 0x00, 0x00, 0x41, 0x00, 0x61, 0x00, 0x41, 0x00, 0x41, 0x00, 0x81, 0x08, 0x41, 0x00,
    0x20, 0x00, 0x41, 0x00, 0x40, 0x00, 0x41, 0x00, 0x41, 0x00, 0x41, 0x00, 0x41, 0x00, 0x41, 0x00,
    0x41, 0x00, 0x41, 0x00, 0x81, 0x00, 0x61, 0x00, 0x61, 0x00, 0x61, 0x00, 0x61, 0x00, 0x61, 0x00,
    0x61, 0x00, 0x61, 0x00, 0x61, 0x00, 0x61, 0x00, 0xA1, 0x00, 0x42, 0x09, 0xC4, 0x19, 0xE2, 0x08,
    0x60, 0x00, 0x61, 0x00, 0x81, 0x08, 0x81, 0x00, 0x40, 0x00, 0x40, 0x00, 0x61, 0x00, 0x61, 0x00,
    0x41, 0x00, 0xC2, 0x08, 0x44, 0x11, 0x23, 0x09, 0xE2, 0x08, 0xE2, 0x08, 0xC2, 0x08, 0x81, 0x00,
    0x61, 0x00, 0x41, 0x00, 0x61, 0x00, 0x60, 0x00, 0x60, 0x00, 0x61, 0x00, 0x41, 0x00, 0x61, 0x00,
    0xA2, 0x08, 0x81, 0x00, 0x61, 0x00, 0x61, 0x00, 0x61, 0x00, 0x20, 0x00, 0x20, 0x00, 0x20, 0x00,
    0x81, 0x00, 0x61, 0x00, 0x61, 0x08, 0x61, 0x00, 0x41, 0x00, 0x21, 0x00, 0x20, 0x00, 0x21, 0x00,
    0x41, 0x00, 0x20, 0x00, 0x41, 0x00, 0x61, 0x00, 0x82, 0x08, 0x82, 0x08, 0x61, 0x00, 0x61, 0x00,
    0x81, 0x00, 0x61, 0x00, 0x61, 0x00, 0x81, 0x00, 0xC2, 0x00, 0x03, 0x09, 0x03, 0x09, 0xE2, 0x08,
    0xE3, 0x08, 0xE2, 0x08, 0xC2, 0x08, 0xC2, 0x08, 0xC2, 0x08, 0xC1, 0x08, 0xC2, 0x08, 0xE2, 0x08,
    0x02, 0x09, 0xE2, 0x00, 0x02, 0x09, 0x64, 0x11, 0xE2, 0x08, 0x61, 0x00, 0x20, 0x00, 0x20, 0x00,
    0x20, 0x00, 0x20, 0x00, 0x21, 0x00, 0x21, 0x00, 0x20, 0x00, 0x20, 0x00, 0x21, 0x00, 0x20, 0x00,
    0x20, 0x00, 0x41, 0x00, 0x41, 0x00, 0x61, 0x00, 0x81, 0x00, 0x61, 0x00, 0x61, 0x00, 0x81, 0x00,
    0x81, 0x00, 0x81, 0x00, 0x81, 0x00, 0x61, 0x00, 0x81, 0x00, 0x61, 0x00, 0xE2, 0x10, 0x81, 0x08,
    0xE2, 0x08, 0xC5, 0x19, 0xE4, 0x11, 0xA4, 0x11, 0x42, 0x09, 0x22, 0x09, 0x22, 0x09, 0x43, 0x09,
    0x63, 0x11, 0x22, 0x09, 0x61, 0x00, 0x60, 0x00, 0xC1, 0x08, 0x63, 0x11, 0x04, 0x22, 0xE4, 0x19,
    0x22, 0x09, 0x63, 0x11, 0xA4, 0x11, 0x42, 0x09, 0xA4, 0x19, 0x42, 0x09, 0x63, 0x11, 0x42, 0x09,
    0x02, 0x09, 0x42, 0x11, 0xA4, 0x11, 0xC4, 0x11, 0xC4, 0x11, 0x05, 0x22, 0x25, 0x22, 0x22, 0x09,
    0x63, 0x11, 0xA3, 0x11, 0xE4, 0x19, 0xE4, 0x19, 0x41, 0x09, 0xC3, 0x21, 0x44, 0x32, 0xA5, 0x3A,
    0xC3, 0x21, 0xC1, 0x08, 0x81, 0x00, 0x81, 0x00, 0xA1, 0x00, 0xE2, 0x08, 0xE1, 0x08, 0x62, 0x11,
    0x42, 0x11, 0x62, 0x19, 0xC3, 0x29, 0xC3, 0x29, 0xE3, 0x29, 0x04, 0x32, 0x43, 0x21, 0x40, 0x00,
    0x81, 0x00, 0xE2, 0x08, 0xA4, 0x19, 0x83, 0x11, 0x84, 0x11, 0x23, 0x09, 0xC2, 0x08, 0x24, 0x09,
    0x44, 0x11, 0x44, 0x11, 0xC2, 0x08, 0x81, 0x00, 0x81, 0x00, 0x61, 0x00, 0xC2, 0x08, 0x03, 0x11,
    0x44, 0x19, 0xC2, 0x08, 0xA2, 0x00, 0xA2, 0x00, 0xE3, 0x08, 0xE6, 0x21, 0xA8, 0x32, 0xE4, 0x19,
    0x21, 0x09, 0x01, 0x09, 0x61, 0x11, 0x81, 0x19, 0x01, 0x11, 0xA0, 0x00, 0xC2, 0x08, 0x81, 0x08,
    0x00, 0x00, 0x01, 0x00, 0x20, 0x00, 0x41, 0x00, 0x20, 0x00, 0x20, 0x00, 0x41, 0x00, 0xA1, 0x08,
    0x81, 0x00, 0xA1, 0x00, 0xC1, 0x08, 0xE1, 0x08, 0xE1, 0x08, 0x81, 0x00, 0xC1, 0x08, 0x42, 0x11,
    0xE1, 0x08, 0x40, 0x00, 0x20, 0x00, 0x41, 0x00, 0x41, 0x00, 0x20, 0x00, 0x00, 0x00, 0x20, 0x00,
    0x00, 0x00, 0x00, 0x00, 0x20, 0x00, 0x40, 0x00, 0x41, 0x00, 0x41, 0x00, 0x81, 0x08, 0x61, 0x00,
    0x21, 0x00, 0x21, 0x00, 0x21, 0x00, 0x41, 0x00, 0x41, 0x00, 0x41, 0x00, 0x41, 0x00, 0x41, 0x00,
    0x41, 0x00, 0x41, 0x00, 0x61, 0x00, 0x81, 0x00, 0x61, 0x00, 0x61, 0x00, 0x81, 0x00, 0x81, 0x00,
    0x81, 0x00, 0x81, 0x00, 0x61, 0x00, 0x81, 0x00, 0xC1, 0x08, 0x43, 0x09, 0xE5, 0x19, 0xC4, 0x19,
    0x63, 0x11, 0xA1, 0x00, 0xA1, 0x08, 0xA1, 0x00, 0x43, 0x11, 0x02, 0x09, 0xC1, 0x08, 0xA1, 0x08,
    0x81, 0x00, 0x02, 0x09, 0x42, 0x09, 0x42, 0x09, 0x22, 0x09, 0x02, 0x09, 0xE2, 0x08, 0xC2, 0x08,
    0xA1, 0x08, 0xA1, 0x08, 0x81, 0x08, 0x81, 0x00, 0x81, 0x00, 0xA1, 0x08, 0x61, 0x00, 0x81, 0x00,
    0xA1, 0x00, 0xC1, 0x08, 0xE2, 0x08, 0xC1, 0x08, 0x41, 0x00, 0x20, 0x00, 0x20, 0x00, 0x20, 0x00,
    0xC2, 0x08, 0xA2, 0x08, 0x41, 0x00, 0x41, 0x00, 0x61, 0x00, 0x41, 0x00, 0x21, 0x00, 0x61, 0x00,
    0x82, 0x08, 0x62, 0x00, 0x62, 0x00, 0x61, 0x00, 0x61, 0x00, 0x41, 0x00, 0x20, 0x00, 0x41, 0x00,
    0x81, 0x00, 0x61, 0x00, 0x81, 0x00, 0x81, 0x00, 0xE2, 0x08, 0x23, 0x11, 0xE2, 0x08, 0x03, 0x09,
    0xE2, 0x08, 0xC2, 0x08, 0xC2, 0x08, 0xE2, 0x08, 0x23, 0x11, 0xC2, 0x08, 0xA1, 0x08, 0xC2, 0x08,
    0xE2, 0x08, 0x84, 0x19, 0x64, 0x11, 0x64, 0x11, 0xE2, 0x08, 0x00, 0x00, 0x00, 0x00, 0x20, 0x00,
    0x20, 0x00, 0x20, 0x00, 0x21, 0x00, 0x21, 0x00, 0x21, 0x00, 0x21, 0x00, 0x21, 0x00, 0x20, 0x00,
    0x61, 0x00, 0x81, 0x00, 0x81, 0x00, 0x81, 0x00, 0x81, 0x00, 0x61, 0x00, 0x61, 0x00, 0x41, 0x00,
    0x61, 0x00, 0x41, 0x00, 0x40, 0x00, 0x20, 0x00, 0x00, 0x00, 0x21, 0x00, 0x20, 0x00, 0xA2, 0x08,
    0xA5, 0x19, 0xC5, 0x11, 0xC4, 0x19, 0x42, 0x09, 0x22, 0x09, 0x22, 0x09, 0x42, 0x09, 0x42, 0x09,
    0x84, 0x11, 0xA1, 0x00, 0x41, 0x00, 0x41, 0x00, 0x41, 0x00, 0x40, 0x00, 0xE2, 0x08, 0x22, 0x11,
    0xA1, 0x08, 0x63, 0x11, 0x63, 0x09, 0xC4, 0x19, 0x84, 0x11, 0x43, 0x11, 0x63, 0x09, 0x42, 0x09,
    0x22, 0x09, 0x22, 0x09, 0xA3, 0x11, 0x05, 0x1A, 0xE5, 0x19, 0x05, 0x22, 0x05, 0x22, 0x62, 0x11,
    0xA3, 0x11, 0x82, 0x11, 0xA2, 0x11, 0xA3, 0x11, 0x62, 0x11, 0x21, 0x09, 0x03, 0x22, 0xC3, 0x21,
    0x60, 0x00, 0x41, 0x00, 0x40, 0x00, 0x41, 0x00, 0x81, 0x00, 0xC1, 0x08, 0x01, 0x11, 0x82, 0x21,
    0xC4, 0x29, 0x45, 0x3A, 0x24, 0x32, 0x03, 0x32, 0xA3, 0x21, 0xE1, 0x10, 0x20, 0x00, 0x21, 0x00,
    0x41, 0x00, 0x20, 0x00, 0x02, 0x09, 0xA4, 0x19, 0x84, 0x11, 0xA1, 0x00, 0x03, 0x11, 0x03, 0x09,
    0x23, 0x09, 0x64, 0x11, 0x44, 0x11, 0x03, 0x11, 0xC2, 0x08, 0x61, 0x00, 0xA2, 0x08, 0xC2, 0x08,
    0x85, 0x19, 0x23, 0x09, 0x81, 0x00, 0xC2, 0x08, 0x03, 0x09, 0x84, 0x11, 0x67, 0x2A, 0x63, 0x11,
    0xC1, 0x08, 0x40, 0x00, 0xC1, 0x08, 0x81, 0x11, 0xC1, 0x19, 0x42, 0x11, 0x20, 0x00, 0x20, 0x00,
    0x61, 0x00, 0x82, 0x08, 0x82, 0x08, 0x41, 0x00, 0x81, 0x08, 0x61, 0x00, 0xA1, 0x00, 0x02, 0x09,
    0xE1, 0x08, 0x81, 0x00, 0x81, 0x00, 0xC1, 0x08, 0x81, 0x00, 0x21, 0x09, 0xA2, 0x11, 0x03, 0x22,
    0x42, 0x11, 0x41, 0x00, 0x20, 0x00, 0x41, 0x00, 0x61, 0x00, 0x20, 0x00, 0x00, 0x00, 0x20, 0x00,
    0x20, 0x00, 0x20, 0x00, 0x20, 0x00, 0x20, 0x00, 0x21, 0x00, 0x41, 0x00, 0x20, 0x00, 0x21, 0x00,
    0x21, 0x00, 0x20, 0x00, 0x41, 0x00, 0x61, 0x00, 0x61, 0x00, 0x41, 0x00, 0x41, 0x00, 0x41, 0x00,
    0x41, 0x00, 0x41, 0x00, 0x41, 0x00, 0x61, 0x00, 0x81, 0x00, 0x81, 0x00, 0x81, 0x00, 0x81, 0x00,
    0xC2, 0x08, 0xC1, 0x00, 0xC1, 0x08, 0x02, 0x09, 0x02, 0x09, 0x42, 0x09, 0xE4, 0x19, 0x26, 0x22,
    0xC5, 0x19, 0xC1, 0x00, 0x23, 0x11, 0xA4, 0x11, 0xE4, 0x19, 0x25, 0x22, 0xE4, 0x19, 0xA3, 0x11,
    0x82, 0x11, 0x21, 0x09, 0x22, 0x09, 0x22, 0x09, 0x22, 0x09, 0x23, 0x09, 0x03, 0x09, 0xE2, 0x08,
    0xC2, 0x08, 0xC2, 0x08, 0xC1, 0x08, 0xC2, 0x08, 0xC1, 0x08, 0x81, 0x00, 0x81, 0x00, 0x22, 0x09,
    0x22, 0x09, 0xC1, 0x00, 0x22, 0x09, 0x43, 0x11, 0xC1, 0x08, 0x20, 0x00, 0x20, 0x00, 0x20, 0x00,
    0xC3, 0x08, 0xA2, 0x08, 0x82, 0x00, 0x82, 0x00, 0x82, 0x00, 0x82, 0x00, 0x61, 0x00, 0x61, 0x00,
    0x61, 0x00, 0x61, 0x00, 0x41, 0x00, 0x41, 0x00, 0x41, 0x00, 0x61, 0x00, 0x61, 0x00, 0x61, 0x00,
    0x61, 0x00, 0x81, 0x00, 0xA2, 0x08, 0xA2, 0x08, 0xE2, 0x08, 0xE2, 0x08, 0x03, 0x09, 0x02, 0x09,
    0xE2, 0x08, 0xC2, 0x08, 0xC2, 0x08, 0x23, 0x11, 0x23, 0x09, 0x03, 0x09, 0xC2, 0x08, 0xA1, 0x08,
    0xE2, 0x08, 0x44, 0x11, 0x23, 0x09, 0x43, 0x11, 0xA1, 0x00, 0x20, 0x00, 0x21, 0x00, 0x20, 0x00,
    0x20, 0x00, 0x20, 0x00, 0x21, 0x00, 0x21, 0x00, 0x21, 0x00, 0x21, 0x00, 0x20, 0x00, 0x61, 0x00,
    0x81, 0x08, 0xA2, 0x08, 0x81, 0x08, 0x81, 0x00, 0x61, 0x00, 0x61, 0x00, 0x61, 0x00, 0x61, 0x00,
    0x61, 0x00, 0x61, 0x00, 0x41, 0x00, 0x21, 0x00, 0x20, 0x00, 0x20, 0x00, 0x61, 0x00, 0x84, 0x11,
    0xC4, 0x11, 0xC4, 0x11, 0x84, 0x11, 0x02, 0x09, 0x02, 0x09, 0x22, 0x09, 0x63, 0x11, 0x63, 0x11,
    0x02, 0x09, 0x60, 0x00, 0x41, 0x00, 0x41, 0x00, 0x41, 0x00, 0x40, 0x00, 0x20, 0x00, 0x41, 0x00,
    0x40, 0x00, 0x81, 0x00, 0x02, 0x09, 0x63, 0x11, 0x23, 0x11, 0x22, 0x11, 0x22, 0x09, 0x23, 0x11,
    0x83, 0x19, 0x42, 0x11, 0x62, 0x09, 0xE4, 0x19, 0x05, 0x22, 0x46, 0x2A, 0xE4, 0x19, 0x62, 0x09,
    0x82, 0x11, 0xA2, 0x11, 0xA2, 0x11, 0xA2, 0x11, 0x82, 0x11, 0x22, 0x09, 0x01, 0x09, 0x01, 0x09,
    0x02, 0x11, 0x63, 0x19, 0xC1, 0x08, 0x20, 0x00, 0x20, 0x00, 0x21, 0x00, 0xC1, 0x08, 0xA3, 0x29,
    0xC1, 0x10, 0xE1, 0x10, 0x42, 0x19, 0x63, 0x19, 0xC1, 0x08, 0x20, 0x00, 0x21, 0x00, 0x20, 0x00,
    0x41, 0x00, 0x20, 0x00, 0x20, 0x00, 0x02, 0x09, 0xC5, 0x19, 0x81, 0x08, 0x81, 0x00, 0xC2, 0x08,
    0xE3, 0x08, 0x03, 0x09, 0x23, 0x09, 0x23, 0x09, 0xC2, 0x08, 0xA2, 0x08, 0xE3, 0x10, 0x61, 0x00,
    0xA2, 0x00, 0x03, 0x09, 0xA2, 0x00, 0xC2, 0x00, 0x03, 0x09, 0x23, 0x11, 0x84, 0x19, 0xC1, 0x00,
    0x61, 0x00, 0x41, 0x00, 0x41, 0x00, 0x21, 0x09, 0x81, 0x11, 0xA1, 0x19, 0xC1, 0x08, 0x82, 0x08,
    0x82, 0x08, 0xA2, 0x08, 0xE2, 0x10, 0x01, 0x09, 0x62, 0x11, 0x21, 0x09, 0x62, 0x11, 0xE3, 0x19,
    0xE3, 0x19, 0x82, 0x11, 0x42, 0x09, 0xC1, 0x08, 0x81, 0x00, 0x41, 0x09, 0x24, 0x2A, 0xC6, 0x3A,
    0x42, 0x11, 0x41, 0x00, 0x61, 0x00, 0x20, 0x00, 0x41, 0x00, 0x41, 0x00, 0x20, 0x00, 0x20, 0x00,
    0x20, 0x00, 0x20, 0x00, 0x20, 0x00, 0x20, 0x00, 0x20, 0x00, 0x41, 0x00, 0x20, 0x00, 0x20, 0x00,
    0x40, 0x00, 0x61, 0x00, 0x81, 0x08, 0x81, 0x08, 0x81, 0x00, 0x61, 0x00, 0x61, 0x00, 0x61, 0x00,
    0x41, 0x00, 0x41, 0x00, 0x20, 0x00, 0x61, 0x00, 0xC1, 0x08, 0x81, 0x00, 0x61, 0x00, 0x81, 0x00,
    0x02, 0x09, 0x23, 0x11, 0x02, 0x09, 0x02, 0x09, 0x01, 0x09, 0x63, 0x11, 0x26, 0x22, 0x46, 0x22,
    0x05, 0x1A, 0x22, 0x09, 0x83, 0x11, 0xE4, 0x11, 0xC4, 0x11, 0x25, 0x22, 0x04, 0x1A, 0xA3, 0x11,
    0x42, 0x09, 0x01, 0x09, 0x02, 0x09, 0x22, 0x09, 0x23, 0x11, 0x23, 0x09, 0x22, 0x09, 0x02, 0x09,
    0x02, 0x09, 0x02, 0x09, 0xE2, 0x08, 0x02, 0x09, 0xA1, 0x08, 0x20, 0x00, 0x61, 0x00, 0xA3, 0x19,
    0x04, 0x22, 0x42, 0x11, 0x02, 0x09, 0xC4, 0x19, 0xC4, 0x19, 0xA1, 0x08, 0x20, 0x00, 0x20, 0x00,
    0x82, 0x00, 0x81, 0x00, 0x82, 0x00, 0x61, 0x00, 0x61, 0x00, 0x61, 0x00, 0x61, 0x00, 0x61, 0x00,
    0x61, 0x00, 0x61, 0x00, 0x61, 0x00, 0x61, 0x00, 0x61, 0x00, 0x81, 0x00, 0x61, 0x00, 0x61, 0x00,
    0x61, 0x00, 0x61, 0x00, 0x81, 0x00, 0xA2, 0x08, 0xA2, 0x08, 0xE2, 0x08, 0xE2, 0x08, 0xE2, 0x08,
    0xE2, 0x08, 0xC2, 0x08, 0xE2, 0x08, 0x23, 0x09, 0x23, 0x09, 0x43, 0x11, 0x23, 0x11, 0x03, 0x09,
    0x44, 0x11, 0xE2, 0x08, 0x61, 0x00, 0x61, 0x00, 0x41, 0x00, 0x41, 0x00, 0x21, 0x00, 0x41, 0x00,
    0x41, 0x00, 0x20, 0x00, 0x21, 0x00, 0x21, 0x00, 0x21, 0x00, 0x20, 0x00, 0x61, 0x00, 0xA1, 0x00,
    0xA2, 0x00, 0xA2, 0x00, 0xA1, 0x00, 0x81, 0x00, 0x61, 0x00, 0x61, 0x00, 0x61, 0x00, 0x61, 0x00,
    0x61, 0x00, 0x41, 0x00, 0x20, 0x00, 0x20, 0x00, 0x21, 0x00, 0x21, 0x00, 0x22, 0x09, 0xA4, 0x11,
    0xC5, 0x11, 0xC4, 0x19, 0x22, 0x09, 0x22, 0x09, 0x22, 0x09, 0x42, 0x09, 0x63, 0x11, 0x63, 0x11,
    0xA1, 0x00, 0x81, 0x00, 0x61, 0x00, 0x41, 0x00, 0x61, 0x00, 0x41, 0x00, 0x41, 0x00, 0x41, 0x00,
    0x41, 0x00, 0x40, 0x00, 0x61, 0x00, 0x40, 0x00, 0x81, 0x00, 0x81, 0x00, 0x61, 0x00, 0x40, 0x00,
    0x81, 0x00, 0x22, 0x09, 0x42, 0x09, 0xA3, 0x19, 0x25, 0x22, 0x46, 0x2A, 0x42, 0x11, 0xC1, 0x00,
    0xC1, 0x08, 0xE1, 0x08, 0x42, 0x09, 0x82, 0x11, 0xA2, 0x19, 0x82, 0x11, 0x42, 0x09, 0xC3, 0x21,
    0x03, 0x2A, 0x23, 0x2A, 0xE3, 0x21, 0x42, 0x11, 0x81, 0x08, 0x60, 0x00, 0xE1, 0x08, 0xE2, 0x10,
    0x81, 0x00, 0x81, 0x00, 0xA1, 0x00, 0xA1, 0x00, 0xC1, 0x00, 0xC2, 0x08, 0x81, 0x00, 0x41, 0x00,
    0x20, 0x00, 0x41, 0x00, 0x20, 0x00, 0x20, 0x00, 0x81, 0x08, 0x61, 0x00, 0x61, 0x00, 0x41, 0x00,
    0xA2, 0x08, 0x03, 0x09, 0xC2, 0x08, 0xC2, 0x08, 0x81, 0x00, 0xA2, 0x08, 0xA2, 0x08, 0x61, 0x00,
    0x61, 0x00, 0x81, 0x00, 0xC2, 0x08, 0xC2, 0x08, 0xE2, 0x08, 0x23, 0x09, 0x43, 0x11, 0x61, 0x00,
    0x82, 0x08, 0xA2, 0x00, 0x61, 0x00, 0x61, 0x00, 0x41, 0x11, 0xA2, 0x19, 0x62, 0x19, 0x61, 0x00,
    0xA1, 0x08, 0xE1, 0x08, 0x01, 0x11, 0x41, 0x11, 0xA2, 0x11, 0xC2, 0x19, 0xC2, 0x11, 0xE3, 0x19,
    0xE3, 0x19, 0xC3, 0x19, 0xE3, 0x19, 0xE4, 0x19, 0xA3, 0x11, 0xC3, 0x19, 0x07, 0x43, 0xC4, 0x21,
    0x81, 0x00, 0x41, 0x00, 0x61, 0x00, 0x61, 0x00, 0x41, 0x00, 0x41, 0x00, 0x20, 0x00, 0x20, 0x00,
    0x20, 0x00, 0x20, 0x00, 0x20, 0x00, 0x20, 0x00, 0x21, 0x00, 0x41, 0x00, 0x00, 0x00, 0x21, 0x00,
    0x41, 0x00, 0x81, 0x08, 0xA1, 0x08, 0x81, 0x00, 0x61, 0x00, 0x61, 0x00, 0x61, 0x00, 0x61, 0x00,
    0x41, 0x00, 0x21, 0x00, 0x20, 0x00, 0x81, 0x00, 0x22, 0x11, 0xE1, 0x08, 0x81, 0x00, 0xC1, 0x08,
    0x22, 0x09, 0x63, 0x11, 0x02, 0x09, 0xC1, 0x08, 0xE1, 0x08, 0x83, 0x11, 0xA4, 0x11, 0xE5, 0x19,
    0x26, 0x22, 0x63, 0x09, 0xC4, 0x11, 0xE4, 0x19, 0xE4, 0x19, 0x04, 0x1A, 0xA3, 0x11, 0x22, 0x09,
    0x01, 0x09, 0x22, 0x09, 0x22, 0x11, 0xE1, 0x08, 0xE1, 0x08, 0x02, 0x09, 0x23, 0x09, 0x22, 0x09,
    0x22, 0x09, 0xC1, 0x08, 0x40, 0x00, 0x41, 0x00, 0x21, 0x00, 0x20, 0x00, 0x61, 0x00, 0x63, 0x11,
    0x04, 0x22, 0x25, 0x2A, 0x43, 0x11, 0x02, 0x09, 0xA3, 0x19, 0x02, 0x11, 0x20, 0x00, 0x21, 0x00,
    0xA2, 0x00, 0x82, 0x08, 0x82, 0x00, 0x82, 0x08, 0xC3, 0x10, 0xA2, 0x08, 0x61, 0x00, 0x61, 0x00,
    0x61, 0x00, 0x61, 0x00, 0x81, 0x00, 0xA2, 0x08, 0x81, 0x00, 0x61, 0x00, 0x61, 0x00, 0x41, 0x00,
    0x61, 0x00, 0x41, 0x00, 0x20, 0x00, 0x41, 0x00, 0x61, 0x00, 0xC2, 0x08, 0xE2, 0x08, 0xE2, 0x08,
    0xE2, 0x08, 0xE2, 0x08, 0x02, 0x09, 0x23, 0x09, 0x23, 0x09, 0x64, 0x11, 0xA5, 0x19, 0x23, 0x09,
    0xE2, 0x08, 0x41, 0x00, 0x41, 0x00, 0x40, 0x00, 0x41, 0x00, 0x21, 0x00, 0x20, 0x00, 0x21, 0x00,
    0x41, 0x00, 0x41, 0x00, 0x21, 0x00, 0x20, 0x00, 0x20, 0x00, 0x41, 0x00, 0xA2, 0x08, 0xC2, 0x08,
    0xA2, 0x08, 0xA2, 0x08, 0x81, 0x00, 0x81, 0x00, 0x81, 0x00, 0x81, 0x00, 0x81, 0x00, 0x81, 0x00,
    0x61, 0x00, 0x40, 0x00, 0x20, 0x00, 0x21, 0x00, 0x20, 0x00, 0x81, 0x00, 0x84, 0x11, 0xA4, 0x11,
    0xC5, 0x19, 0x63, 0x11, 0x01, 0x09, 0x42, 0x11, 0x42, 0x11, 0x63, 0x11, 0x43, 0x09, 0xE2, 0x08,
    0x81, 0x08, 0xE2, 0x08, 0xA1, 0x08, 0x41, 0x00, 0x41, 0x00, 0x41, 0x00, 0x61, 0x00, 0x61, 0x00,
    0x61, 0x00, 0x41, 0x00, 0x41, 0x00, 0x41, 0x00, 0x41, 0x00, 0x41, 0x00, 0x41, 0x00, 0x21, 0x00,
    0x61, 0x00, 0xC1, 0x08, 0xC1, 0x08, 0x63, 0x11, 0x45, 0x2A, 0xE5, 0x21, 0x81, 0x00, 0x81, 0x00,
    0x81, 0x08, 0x81, 0x08, 0xA1, 0x00, 0xA1, 0x08, 0xE1, 0x08, 0x01, 0x09, 0x42, 0x11, 0x44, 0x32,
    0x63, 0x3A, 0x23, 0x32, 0xE2, 0x21, 0xE2, 0x21, 0xC3, 0x21, 0x82, 0x19, 0x42, 0x19, 0x81, 0x00,
    0x81, 0x00, 0xC2, 0x08, 0xE2, 0x08, 0x42, 0x09, 0x42, 0x09, 0x42, 0x09, 0x22, 0x09, 0xE2, 0x08,
    0x61, 0x00, 0x41, 0x00, 0x21, 0x00, 0x20, 0x00, 0x20, 0x00, 0x41, 0x00, 0x61, 0x00, 0x20, 0x00,
    0x41, 0x00, 0x81, 0x00, 0xA2, 0x08, 0xC2, 0x08, 0x81, 0x00, 0xA1, 0x00, 0xC2, 0x08, 0xC2, 0x08,
    0xC2, 0x08, 0xA1, 0x08, 0x43, 0x21, 0xE2, 0x10, 0x61, 0x00, 0xE3, 0x08, 0xE2, 0x08, 0xA2, 0x08,
    0xC2, 0x08, 0x81, 0x00, 0x61, 0x00, 0x61, 0x00, 0xC1, 0x10, 0xA1, 0x08, 0xC1, 0x08, 0x82, 0x11,
    0x62, 0x11, 0xE0, 0x08, 0x21, 0x11, 0xC2, 0x11, 0xE2, 0x19, 0xA2, 0x11, 0x82, 0x11, 0xA2, 0x19,
    0xC2, 0x19, 0xA2, 0x11, 0xA2, 0x11, 0xA3, 0x11, 0xE4, 0x21, 0x45, 0x2A, 0x45, 0x2A, 0xA1, 0x00,
    0x82, 0x08, 0x60, 0x00, 0x20, 0x00, 0x61, 0x00, 0x61, 0x00, 0x41, 0x00, 0x21, 0x00, 0x20, 0x00,
    0x20, 0x00, 0x20, 0x00, 0x20, 0x00, 0x20, 0x00, 0x21, 0x00, 0x21, 0x00, 0x00, 0x00, 0x20, 0x00,
    0x20, 0x00, 0x40, 0x00, 0x61, 0x00, 0xA1, 0x08, 0x81, 0x00, 0x61, 0x00, 0x61, 0x00, 0x61, 0x00,
    0x61, 0x00, 0x41, 0x00, 0x20, 0x00, 0x61, 0x00, 0x42, 0x09, 0x01, 0x09, 0xE1, 0x08, 0x21, 0x09,
    0x62, 0x11, 0x42, 0x09, 0x63, 0x11, 0xE2, 0x08, 0xE2, 0x08, 0xC1, 0x00, 0xA1, 0x00, 0x83, 0x11,
    0xE5, 0x19, 0x83, 0x11, 0xC4, 0x19, 0xE4, 0x19, 0xC3, 0x11, 0x83, 0x11, 0x22, 0x09, 0x22, 0x09,
    0x01, 0x09, 0xE1, 0x08, 0xE1, 0x08, 0x22, 0x09, 0x22, 0x09, 0x22, 0x09, 0x02, 0x09, 0x22, 0x09,
    0x81, 0x00, 0x20, 0x00, 0x21, 0x00, 0x41, 0x00, 0x21, 0x00, 0x41, 0x00, 0x61, 0x00, 0xE2, 0x08,
    0xA3, 0x19, 0x45, 0x2A, 0x05, 0x22, 0x02, 0x09, 0x02, 0x09, 0xC1, 0x08, 0x20, 0x00, 0x20, 0x00,
    0xA2, 0x00, 0x82, 0x00, 0x61, 0x00, 0x82, 0x08, 0xA2, 0x08, 0x62, 0x00, 0x61, 0x00, 0x61, 0x00,
    0x61, 0x00, 0x81, 0x08, 0x61, 0x00, 0xA2, 0x08, 0x81, 0x08, 0x20, 0x00, 0x20, 0x00, 0x20, 0x00,
    0x41, 0x00, 0x41, 0x00, 0x41, 0x00, 0x21, 0x00, 0x41, 0x00, 0x81, 0x08, 0xE2, 0x08, 0xC1, 0x08,
    0xE2, 0x08, 0x02, 0x09, 0x23, 0x11, 0x43, 0x09, 0xA4, 0x19, 0x64, 0x11, 0x48, 0x32, 0xA5, 0x19,
    0xE3, 0x08, 0x61, 0x00, 0x41, 0x00, 0x61, 0x00, 0x61, 0x00, 0x61, 0x00, 0x61, 0x08, 0x61, 0x00,
    0x81, 0x08, 0xA2, 0x08, 0x82, 0x08, 0x61, 0x00, 0x41, 0x00, 0x41, 0x00, 0xA2, 0x08, 0xE2, 0x08,
    0xA2, 0x08, 0x81, 0x00, 0x81, 0x00, 0x81, 0x00, 0x81, 0x00, 0x81, 0x00, 0x81, 0x08, 0x81, 0x00,
    0x81, 0x08, 0x20, 0x00, 0x20, 0x00, 0x21, 0x00, 0x21, 0x00, 0xE2, 0x08, 0x83, 0x11, 0xC4, 0x11,
    0x84, 0x11, 0x22, 0x09, 0x22, 0x11, 0x22, 0x09, 0x63, 0x11, 0x83, 0x11, 0x02, 0x09, 0xE2, 0x08,
    0x81, 0x00, 0x81, 0x00, 0xE2, 0x08, 0x61, 0x00, 0x41, 0x00, 0x61, 0x00, 0x61, 0x00, 0x41, 0x00,
    0x61, 0x00, 0x61, 0x00, 0x41, 0x00, 0x21, 0x00, 0x20, 0x00, 0x20, 0x00, 0x20, 0x00, 0x00, 0x00,
    0x21, 0x00, 0xA1, 0x08, 0xA1, 0x00, 0x22, 0x11, 0x25, 0x22, 0x22, 0x09, 0x61, 0x00, 0x61, 0x00,
    0x61, 0x00, 0x61, 0x00, 0x81, 0x00, 0x81, 0x00, 0x81, 0x00, 0x81, 0x00, 0x41, 0x00, 0x62, 0x19,
    0x84, 0x42, 0x63, 0x32, 0x03, 0x2A, 0x03, 0x2A, 0x43, 0x32, 0x23, 0x32, 0x03, 0x32, 0x42, 0x19,
    0x01, 0x09, 0x42, 0x11, 0x62, 0x11, 0x82, 0x11, 0xA2, 0x11, 0xA2, 0x11, 0x82, 0x11, 0xA2, 0x11,
    0xE4, 0x21, 0x60, 0x00, 0x21, 0x00, 0x20, 0x00, 0x20, 0x00, 0x41, 0x00, 0x61, 0x00, 0x61, 0x00,
    0x61, 0x00, 0x61, 0x00, 0xC2, 0x08, 0xE2, 0x08, 0x03, 0x09, 0xA5, 0x11, 0x84, 0x11, 0x63, 0x11,
    0x23, 0x11, 0xA1, 0x08, 0x81, 0x08, 0x81, 0x08, 0xA2, 0x08, 0xC2, 0x08, 0xC2, 0x08, 0xE2, 0x08,
    0xE2, 0x08, 0x02, 0x09, 0x02, 0x09, 0xE2, 0x08, 0xA1, 0x08, 0x81, 0x00, 0x62, 0x11, 0xE3, 0x21,
    0x01, 0x11, 0x01, 0x09, 0x61, 0x11, 0xA2, 0x11, 0x61, 0x11, 0x61, 0x09, 0x61, 0x11, 0x61, 0x11,
    0x62, 0x11, 0x41, 0x09, 0x82, 0x19, 0x21, 0x11, 0xA1, 0x00, 0x02, 0x09, 0x22, 0x11, 0xA1, 0x00,
    0xA2, 0x08, 0x40, 0x00, 0x20, 0x00, 0x41, 0x00, 0x61, 0x00, 0x61, 0x00, 0x21, 0x00, 0x20, 0x00,
    0x21, 0x00, 0x21, 0x00, 0x21, 0x00, 0x20, 0x00, 0x21, 0x00, 0x21, 0x00, 0x00, 0x00, 0x00, 0x00,
    0x20, 0x00, 0x41, 0x00, 0x40, 0x00, 0xA1, 0x08, 0xA1, 0x08, 0x81, 0x00, 0x61, 0x00, 0x61, 0x00,
    0x61, 0x00, 0x41, 0x00, 0x20, 0x00, 0x81, 0x00, 0x62, 0x11, 0x42, 0x09, 0xE1, 0x08, 0x21, 0x09,
    0xC3, 0x19, 0xC3, 0x11, 0x42, 0x09, 0xC1, 0x08, 0xC2, 0x08, 0xA2, 0x08, 0x61, 0x00, 0xE2, 0x08,
    0x63, 0x11, 0xC4, 0x19, 0xA3, 0x11, 0xA3, 0x11, 0x83, 0x11, 0x62, 0x11, 0x42, 0x11, 0x22, 0x09,
    0x02, 0x09, 0xC1, 0x08, 0xC1, 0x08, 0xE2, 0x08, 0xC2, 0x08, 0xC1, 0x08, 0xA1, 0x08, 0xA1, 0x00,
    0x81, 0x00, 0x81, 0x00, 0x41, 0x00, 0x41, 0x00, 0x41, 0x00, 0x41, 0x00, 0x41, 0x00, 0x20, 0x00,
    0xE2, 0x08, 0x22, 0x09, 0x22, 0x09, 0xC1, 0x00, 0xC1, 0x08, 0x81, 0x00, 0x20, 0x00, 0x21, 0x00,
    0xC2, 0x00, 0xA2, 0x00, 0x61, 0x00, 0x41, 0x00, 0x41, 0x00, 0x61, 0x00, 0x61, 0x00, 0x61, 0x00,
    0x61, 0x00, 0x81, 0x00, 0x81, 0x00, 0x81, 0x00, 0x20, 0x00, 0x00, 0x00, 0x20, 0x00, 0x61, 0x00,
    0x61, 0x00, 0x61, 0x00, 0x61, 0x00, 0x61, 0x00, 0x41, 0x00, 0x61, 0x00, 0xC2, 0x08, 0xC2, 0x08,
    0x02, 0x09, 0xE2, 0x08, 0x63, 0x11, 0x22, 0x09, 0x47, 0x2A, 0xA5, 0x11, 0x84, 0x19, 0xE6, 0x21,
    0x23, 0x11, 0x45, 0x21, 0xC3, 0x10, 0x41, 0x00, 0x61, 0x00, 0x61, 0x00, 0x61, 0x00, 0x61, 0x00,
    0x61, 0x00, 0x82, 0x08, 0xA1, 0x00, 0xA1, 0x08, 0x82, 0x08, 0x61, 0x00, 0xA1, 0x08, 0xA1, 0x08,
    0x81, 0x00, 0x81, 0x00, 0x81, 0x00, 0x81, 0x00, 0xA1, 0x08, 0xA1, 0x08, 0x81, 0x08, 0x41, 0x00,
    0x41, 0x00, 0x20, 0x00, 0x21, 0x00, 0x21, 0x00, 0x20, 0x00, 0x02, 0x09, 0xC4, 0x11, 0xC5, 0x11,
    0x43, 0x11, 0x22, 0x09, 0x63, 0x11, 0x22, 0x09, 0x63, 0x11, 0x22, 0x09, 0xC1, 0x00, 0x02, 0x09,
    0xA1, 0x00, 0x20, 0x00, 0x81, 0x00, 0x61, 0x00, 0x61, 0x00, 0x61, 0x00, 0x61, 0x00, 0x61, 0x00,
    0x41, 0x00, 0x41, 0x00, 0x20, 0x00, 0x00, 0x00, 0x20, 0x00, 0x20, 0x00, 0x20, 0x00, 0x61, 0x00,
    0x40, 0x00, 0x61, 0x00, 0xA1, 0x08, 0xE1, 0x08, 0x83, 0x19, 0xA1, 0x00, 0x41, 0x00, 0x41, 0x00,
    0x41, 0x00, 0x21, 0x00, 0x20, 0x00, 0x61, 0x00, 0x81, 0x00, 0xA1, 0x08, 0x82, 0x00, 0x81, 0x00,
    0x23, 0x32, 0x63, 0x3A, 0x42, 0x32, 0x64, 0x3A, 0x63, 0x3A, 0x63, 0x3A, 0xA4, 0x42, 0x03, 0x2A,
    0x82, 0x11, 0xA2, 0x11, 0xA2, 0x11, 0xA2, 0x11, 0xC2, 0x19, 0xC2, 0x11, 0xA1, 0x11, 0xC2, 0x19,
    0x03, 0x22, 0x62, 0x11, 0x60, 0x00, 0x21, 0x00, 0x20, 0x00, 0x61, 0x00, 0x61, 0x00, 0x61, 0x00,
    0x61, 0x00, 0x81, 0x00, 0xE2, 0x08, 0x64, 0x11, 0x27, 0x22, 0x06, 0x1A, 0x84, 0x11, 0x22, 0x09,
    0xE2, 0x08, 0x61, 0x00, 0x40, 0x00, 0x81, 0x08, 0x61, 0x00, 0xA1, 0x00, 0xE2, 0x10, 0x02, 0x09,
    0x23, 0x11, 0x42, 0x11, 0x62, 0x11, 0x43, 0x11, 0xE2, 0x10, 0xE2, 0x10, 0xE1, 0x10, 0x21, 0x11,
    0x21, 0x19, 0x41, 0x11, 0x21, 0x09, 0x01, 0x09, 0x21, 0x09, 0x21, 0x09, 0x01, 0x09, 0x01, 0x09,
    0xE1, 0x08, 0x42, 0x09, 0x82, 0x11, 0x45, 0x32, 0xE1, 0x08, 0xA1, 0x00, 0xC1, 0x08, 0xC1, 0x08,
    0x40, 0x00, 0x20, 0x00, 0x41, 0x00, 0x41, 0x00, 0x20, 0x00, 0x61, 0x00, 0x61, 0x00, 0x20, 0x00,
    0x20, 0x00, 0x20, 0x00, 0x41, 0x00, 0x21, 0x00, 0x41, 0x00, 0x20, 0x00, 0x20, 0x00, 0x20, 0x00,
    0x41, 0x00, 0x61, 0x00, 0x61, 0x00, 0x81, 0x00, 0xC1, 0x08, 0xA1, 0x00, 0x81, 0x00, 0x81, 0x00,
    0x81, 0x00, 0x61, 0x00, 0x21, 0x00, 0x81, 0x00, 0x83, 0x11, 0xA3, 0x11, 0x63, 0x11, 0x01, 0x09,
    0x82, 0x11, 0x04, 0x1A, 0x83, 0x11, 0x60, 0x00, 0x61, 0x00, 0x61, 0x00, 0x61, 0x00, 0x61, 0x00,
    0xC1, 0x08, 0x22, 0x09, 0x62, 0x11, 0xA3, 0x11, 0xC4, 0x19, 0xA3, 0x11, 0x83, 0x11, 0x42, 0x09,
    0xC1, 0x08, 0x81, 0x00, 0x60, 0x00, 0x60, 0x00, 0x60, 0x00, 0x61, 0x00, 0x61, 0x00, 0x81, 0x08,
    0xC1, 0x08, 0xE2, 0x08, 0xC2, 0x08, 0x61, 0x00, 0x41, 0x00, 0x41, 0x00, 0x41, 0x00, 0x20, 0x00,
    0x40, 0x00, 0xA1, 0x08, 0xC1, 0x00, 0xA2, 0x08, 0x81, 0x00, 0x41, 0x00, 0x20, 0x00, 0x20, 0x00,
    0xE3, 0x08, 0xC3, 0x08, 0x61, 0x00, 0x41, 0x00, 0x81, 0x00, 0x61, 0x00, 0x61, 0x00, 0x81, 0x00,
    0x81, 0x00, 0xA1, 0x08, 0xC2, 0x08, 0x03, 0x09, 0x81, 0x08, 0x00, 0x00, 0x61, 0x00, 0xA2, 0x08,
    0xA1, 0x00, 0x81, 0x00, 0xA2, 0x08, 0x81, 0x08, 0x81, 0x00, 0x81, 0x00, 0x81, 0x00, 0xC2, 0x08,
    0xC2, 0x08, 0xE2, 0x08, 0x23, 0x11, 0x43, 0x09, 0x64, 0x11, 0x84, 0x19, 0xE2, 0x00, 0xE2, 0x08,
    0xA2, 0x08, 0x61, 0x00, 0x61, 0x00, 0x61, 0x00, 0x61, 0x00, 0x41, 0x00, 0x41, 0x00, 0x81, 0x00,
    0xC1, 0x08, 0xE2, 0x08, 0xE1, 0x08, 0xC1, 0x08, 0x61, 0x00, 0x61, 0x00, 0xA1, 0x00, 0xA1, 0x00,
    0xA1, 0x08, 0xA1, 0x08, 0xA2, 0x08, 0xA1, 0x08, 0x81, 0x08, 0x61, 0x00, 0x20, 0x00, 0x41, 0x00,
    0xC3, 0x10, 0x21, 0x00, 0x21, 0x00, 0x21, 0x00, 0x20, 0x00, 0x23, 0x11, 0xC5, 0x19, 0x84, 0x11,
    0x22, 0x09, 0x42, 0x09, 0x63, 0x11, 0xE2, 0x08, 0x81, 0x08, 0x81, 0x00, 0x61, 0x00, 0xC1, 0x08,
    0xC2, 0x08, 0x41, 0x00, 0x20, 0x00, 0x41, 0x00, 0x61, 0x00, 0x61, 0x00, 0x61, 0x00, 0x61, 0x00,
    0x41, 0x00, 0x41, 0x00, 0x20, 0x00, 0x20, 0x00, 0x20, 0x00, 0x21, 0x00, 0x21, 0x00, 0xC2, 0x08,
    0xE1, 0x08, 0xA1, 0x08, 0xA1, 0x08, 0xC1, 0x00, 0xC1, 0x08, 0x81, 0x00, 0x41, 0x00, 0x41, 0x00,
    0x41, 0x00, 0x20, 0x00, 0x41, 0x00, 0x61, 0x00, 0x81, 0x00, 0x82, 0x08, 0xA1, 0x08, 0x81, 0x00,
    0xC3, 0x29, 0xA4, 0x42, 0x84, 0x3A, 0x84, 0x3A, 0xA4, 0x42, 0xA4, 0x42, 0x44, 0x32, 0x41, 0x11,
    0x21, 0x09, 0x62, 0x11, 0x81, 0x11, 0xA1, 0x11, 0xE2, 0x19, 0xC2, 0x19, 0xE2, 0x19, 0xE2, 0x19,
    0xC1, 0x19, 0xC1, 0x11, 0x41, 0x11, 0x61, 0x00, 0x20, 0x00, 0x41, 0x00, 0x61, 0x00, 0x61, 0x00,
    0x81, 0x00, 0x81, 0x00, 0x81, 0x00, 0x06, 0x22, 0x27, 0x22, 0xA5, 0x11, 0x23, 0x11, 0xA1, 0x00,
    0x61, 0x00, 0x41, 0x00, 0x41, 0x00, 0x60, 0x00, 0x02, 0x09, 0x62, 0x11, 0x83, 0x11, 0x62, 0x11,
    0x42, 0x11, 0x42, 0x09, 0xA3, 0x11, 0xA4, 0x11, 0xC4, 0x19, 0x63, 0x11, 0xA1, 0x08, 0x61, 0x08,
    0x20, 0x00, 0x61, 0x00, 0xA1, 0x00, 0xA1, 0x00, 0xC1, 0x08, 0x03, 0x09, 0xE3, 0x08, 0xA2, 0x08,
    0xA1, 0x00, 0x43, 0x11, 0x42, 0x11, 0x42, 0x11, 0x02, 0x09, 0xC1, 0x08, 0xC2, 0x08, 0x61, 0x00,
    0x20, 0x00, 0x41, 0x00, 0x21, 0x00, 0x41, 0x00, 0x21, 0x00, 0x20, 0x00, 0x61, 0x00, 0x61, 0x00,
    0x40, 0x00, 0x61, 0x00, 0x41, 0x00, 0x20, 0x00, 0x21, 0x00, 0x20, 0x00, 0x41, 0x00, 0x61, 0x00,
    0x61, 0x00, 0x61, 0x00, 0x61, 0x00, 0x61, 0x00, 0x61, 0x00, 0x81, 0x00, 0x81, 0x00, 0x81, 0x00,
    0x61, 0x00, 0x41, 0x00, 0x41, 0x00, 0x61, 0x00, 0x83, 0x11, 0x82, 0x11, 0x83, 0x11, 0x62, 0x11,
    0x82, 0x11, 0xC3, 0x11, 0xE4, 0x19, 0xA1, 0x08, 0x41, 0x00, 0x61, 0x00, 0x61, 0x00, 0x41, 0x00,
    0xA1, 0x08, 0x22, 0x09, 0x42, 0x09, 0xE5, 0x19, 0xE5, 0x19, 0x63, 0x11, 0x22, 0x09, 0xA1, 0x00,
    0x61, 0x00, 0x61, 0x00, 0x61, 0x00, 0x61, 0x00, 0x61, 0x00, 0x61, 0x00, 0x61, 0x00, 0x61, 0x00,
    0x41, 0x00, 0x40, 0x00, 0x61, 0x00, 0x61, 0x00, 0x41, 0x00, 0x41, 0x00, 0x41, 0x00, 0x41, 0x00,
    0x40, 0x00, 0x61, 0x00, 0xC2, 0x08, 0x81, 0x00, 0x81, 0x00, 0x61, 0x00, 0x20, 0x00, 0x20, 0x00,
    0x41, 0x00, 0x61, 0x00, 0x61, 0x00, 0xC2, 0x08, 0xC2, 0x08, 0x81, 0x00, 0x61, 0x00, 0x81, 0x00,
    0x81, 0x00, 0xA1, 0x08, 0xA1, 0x00, 0xC2, 0x08, 0xA2, 0x00, 0x41, 0x00, 0xC2, 0x08, 0xE2, 0x08,
    0xC1, 0x08, 0x03, 0x09, 0xE2, 0x08, 0xE2, 0x08, 0xE2, 0x08, 0xA2, 0x08, 0x81, 0x00, 0x81, 0x08,
    0x61, 0x00, 0x61, 0x00, 0xC1, 0x00, 0xE2, 0x08, 0x60, 0x00, 0xA1, 0x00, 0x81, 0x08, 0x20, 0x00,
    0x61, 0x00, 0x61, 0x00, 0x41, 0x00, 0x41, 0x00, 0x61, 0x00, 0x81, 0x00, 0xE2, 0x08, 0x22, 0x11,
    0x42, 0x11, 0xE1, 0x08, 0xE0, 0x08, 0xE1, 0x08, 0xA1, 0x08, 0x81, 0x00, 0xA2, 0x08, 0xA2, 0x08,
    0x81, 0x00, 0x61, 0x00, 0x61, 0x00, 0x41, 0x00, 0x21, 0x00, 0x21, 0x00, 0x20, 0x00, 0x21, 0x00,
    0x61, 0x00, 0x21, 0x00, 0x21, 0x00, 0x21, 0x00, 0x61, 0x00, 0x22, 0x09, 0x43, 0x09, 0x43, 0x11,
    0x42, 0x09, 0x83, 0x11, 0x22, 0x09, 0x61, 0x00, 0x20, 0x00, 0x41, 0x00, 0x41, 0x00, 0x40, 0x00,
    0x61, 0x00, 0x40, 0x00, 0x41, 0x00, 0x41, 0x00, 0x61, 0x00, 0x81, 0x08, 0x41, 0x00, 0x20, 0x00,
    0x20, 0x00, 0x21, 0x00, 0x20, 0x00, 0x20, 0x00, 0x20, 0x00, 0x20, 0x00, 0x20, 0x00, 0x20, 0x00,
    0x61, 0x00, 0x61, 0x00, 0x81, 0x00, 0xC1, 0x08, 0x01, 0x09, 0xA1, 0x00, 0x20, 0x00, 0x20, 0x00,
    0x20, 0x00, 0x61, 0x00, 0x61, 0x00, 0x61, 0x00, 0x81, 0x00, 0xA2, 0x08, 0xA2, 0x08, 0x81, 0x00,
    0x44, 0x3A, 0x64, 0x3A, 0x01, 0x11, 0x21, 0x11, 0xC3, 0x29, 0x42, 0x19, 0xA1, 0x00, 0xA1, 0x00,
    0x61, 0x00, 0x81, 0x00, 0xC1, 0x00, 0x01, 0x09, 0x61, 0x11, 0x81, 0x11, 0xA2, 0x19, 0xC2, 0x19,
    0x03, 0x22, 0x23, 0x22, 0x43, 0x2A, 0x21, 0x11, 0x20, 0x00, 0x41, 0x00, 0x61, 0x00, 0x61, 0x00,
    0x61, 0x00, 0x81, 0x00, 0x81, 0x00, 0xA5, 0x19, 0xA5, 0x11, 0x02, 0x09, 0xA1, 0x08, 0x61, 0x00,
    0x81, 0x00, 0x61, 0x00, 0x81, 0x00, 0x63, 0x11, 0xC3, 0x19, 0xC3, 0x11, 0x82, 0x11, 0x41, 0x09,
    0x21, 0x09, 0x42, 0x11, 0x63, 0x11, 0x83, 0x11, 0x84, 0x11, 0x83, 0x11, 0xA3, 0x19, 0x82, 0x19,
    0x42, 0x19, 0xE1, 0x08, 0x81, 0x00, 0xA1, 0x00, 0x43, 0x11, 0x43, 0x11, 0x23, 0x09, 0xC2, 0x08,
    0x81, 0x00, 0x81, 0x00, 0xA2, 0x08, 0xC2, 0x08, 0xE2, 0x08, 0xC2, 0x08, 0x41, 0x00, 0x20, 0x00,
    0x21, 0x00, 0x20, 0x00, 0x20, 0x00, 0x20, 0x00, 0x21, 0x00, 0x20, 0x00, 0x41, 0x00, 0x61, 0x00,
    0x61, 0x00, 0x61, 0x00, 0x61, 0x00, 0x61, 0x00, 0x41, 0x00, 0x41, 0x00, 0x61, 0x00, 0x61, 0x00,
    0x61, 0x00, 0x61, 0x00, 0x61, 0x00, 0x61, 0x00, 0x61, 0x00, 0x61, 0x00, 0x41, 0x00, 0x40, 0x00,
    0x41, 0x00, 0x41, 0x00, 0x41, 0x00, 0x40, 0x00, 0x43, 0x11, 0xA3, 0x11, 0xA3, 0x11, 0x04, 0x22,
    0xE4, 0x19, 0x82, 0x11, 0xC3, 0x19, 0x63, 0x19, 0x60, 0x00, 0x61, 0x00, 0xC2, 0x08, 0x02, 0x11,
    0xE2, 0x10, 0xE2, 0x10, 0x81, 0x00, 0x60, 0x00, 0x81, 0x00, 0x61, 0x00, 0x40, 0x00, 0x41, 0x00,
    0x61, 0x00, 0x61, 0x00, 0x81, 0x00, 0x81, 0x08, 0x61, 0x00, 0x40, 0x00, 0x41, 0x00, 0x41, 0x00,
    0x41, 0x00, 0x41, 0x00, 0x20, 0x00, 0x41, 0x00, 0x61, 0x00, 0x41, 0x00, 0x41, 0x00, 0x41, 0x00,
    0x41, 0x00, 0x41, 0x00, 0x61, 0x00, 0xE3, 0x10, 0xE3, 0x10, 0x82, 0x08, 0x20, 0x00, 0x21, 0x00,
    0x41, 0x00, 0xA2, 0x08, 0xE3, 0x08, 0xC2, 0x08, 0xE2, 0x08, 0xA1, 0x00, 0x61, 0x00, 0x81, 0x00,
    0x81, 0x00, 0xA1, 0x08, 0xC2, 0x08, 0xC2, 0x08, 0xA1, 0x08, 0x61, 0x00, 0xA2, 0x08, 0xA1, 0x00,
    0x81, 0x00, 0xA2, 0x08, 0xA1, 0x00, 0x81, 0x00, 0xA1, 0x00, 0xA1, 0x00, 0x81, 0x00, 0x81, 0x08,
    0x61, 0x00, 0xA1, 0x08, 0xC4, 0x21, 0x41, 0x11, 0x43, 0x11, 0xA1, 0x00, 0x41, 0x00, 0x61, 0x00,
    0x61, 0x00, 0x61, 0x00, 0x61, 0x00, 0x61, 0x00, 0xC2, 0x08, 0x23, 0x09, 0x63, 0x11, 0x62, 0x11,
    0x01, 0x09, 0xC1, 0x08, 0xE1, 0x08, 0x01, 0x09, 0xC1, 0x08, 0xA1, 0x08, 0x81, 0x08, 0x40, 0x00,
    0x21, 0x00, 0x20, 0x00, 0x20, 0x00, 0x21, 0x00, 0x20, 0x00, 0x20, 0x00, 0x20, 0x00, 0x20, 0x00,
    0x20, 0x00, 0x21, 0x00, 0x21, 0x00, 0x21, 0x00, 0xC2, 0x08, 0x63, 0x11, 0x84, 0x19, 0x63, 0x11,
    0x83, 0x11, 0x83, 0x11, 0x81, 0x00, 0x41, 0x00, 0x61, 0x00, 0x41, 0x00, 0x41, 0x00, 0x41, 0x00,
    0x21, 0x00, 0x20, 0x00, 0x61, 0x00, 0x61, 0x00, 0x61, 0x00, 0x41, 0x00, 0x20, 0x00, 0x20, 0x00,
    0x20, 0x00, 0x20, 0x00, 0x20, 0x00, 0x21, 0x00, 0x21, 0x00, 0x20, 0x00, 0x20, 0x00, 0x20, 0x00,
    0x20, 0x00, 0x21, 0x00, 0x60, 0x00, 0x02, 0x09, 0x62, 0x11, 0x42, 0x11, 0x81, 0x00, 0x20, 0x00,
    0x41, 0x00, 0x61, 0x00, 0x61, 0x00, 0x61, 0x00, 0x61, 0x00, 0x61, 0x00, 0x81, 0x00, 0xA1, 0x08,
    0x83, 0x21, 0xE2, 0x08, 0x81, 0x00, 0x61, 0x00, 0x40, 0x00, 0x20, 0x00, 0x40, 0x00, 0x81, 0x00,
    0x41, 0x00, 0x41, 0x00, 0x61, 0x00, 0x61, 0x00, 0x81, 0x00, 0x81, 0x00, 0xA1, 0x00, 0x81, 0x00,
    0x81, 0x00, 0xC1, 0x08, 0xA3, 0x19, 0x05, 0x2A, 0x61, 0x00, 0x61, 0x00, 0x61, 0x00, 0x61, 0x00,
    0x61, 0x00, 0x81, 0x00, 0x81, 0x00, 0x81, 0x00, 0x81, 0x00, 0x81, 0x00, 0x81, 0x00, 0x81, 0x00,
    0x81, 0x00, 0x81, 0x00, 0x63, 0x11, 0xC3, 0x19, 0x82, 0x11, 0x62, 0x11, 0x62, 0x11, 0x22, 0x09,
    0x42, 0x09, 0x22, 0x09, 0xE2, 0x08, 0x43, 0x11, 0x43, 0x09, 0x62, 0x11, 0x43, 0x32, 0xE2, 0x21,
    0x23, 0x2A, 0x43, 0x32, 0xA2, 0x19, 0x43, 0x11, 0x03, 0x09, 0x23, 0x09, 0x03, 0x09, 0x03, 0x09,
    0xC2, 0x08, 0xA1, 0x00, 0x81, 0x00, 0x81, 0x00, 0xE2, 0x08, 0xC2, 0x08, 0x41, 0x00, 0x20, 0x00,
    0x20, 0x00, 0x20, 0x00, 0x20, 0x00, 0x20, 0x00, 0x20, 0x00, 0x61, 0x00, 0x61, 0x00, 0x61, 0x00,
    0x61, 0x00, 0x61, 0x00, 0x61, 0x00, 0x61, 0x00, 0x41, 0x00, 0x61, 0x00, 0x61, 0x00, 0x81, 0x08,
    0xA1, 0x08, 0x81, 0x00, 0x81, 0x00, 0x81, 0x00, 0x81, 0x00, 0x81, 0x00, 0x41, 0x00, 0x41, 0x00,
    0x41, 0x00, 0x41, 0x00, 0x61, 0x00, 0x40, 0x00, 0xE1, 0x08, 0xE4, 0x19, 0x45, 0x22, 0x25, 0x22,
    0x04, 0x1A, 0xE3, 0x19, 0x61, 0x09, 0x41, 0x11, 0xC1, 0x08, 0x61, 0x00, 0xA1, 0x08, 0xC1, 0x08,
    0xC1, 0x10, 0xA1, 0x08, 0x61, 0x00, 0x20, 0x00, 0x21, 0x00, 0x41, 0x00, 0x61, 0x00, 0x61, 0x00,
    0x81, 0x00, 0xA1, 0x08, 0xA1, 0x08, 0xA1, 0x08, 0x61, 0x00, 0x41, 0x00, 0x41, 0x00, 0x41, 0x00,
    0x41, 0x00, 0x41, 0x00, 0x21, 0x00, 0x41, 0x00, 0x41, 0x00, 0x41, 0x00, 0x61, 0x00, 0x41, 0x00,
    0x41, 0x00, 0x41, 0x00, 0x41, 0x00, 0xA2, 0x08, 0x81, 0x08, 0x41, 0x00, 0x41, 0x00, 0x41, 0x00,
    0xA2, 0x08, 0xE3, 0x08, 0xE3, 0x08, 0x03, 0x09, 0xE3, 0x08, 0xA1, 0x00, 0x81, 0x00, 0x81, 0x00,
    0xA1, 0x08, 0xA1, 0x00, 0xA1, 0x00, 0xC2, 0x08, 0xE2, 0x08, 0x81, 0x00, 0x81, 0x00, 0xA1, 0x00,
    0xA1, 0x08, 0x81, 0x00, 0xA1, 0x08, 0xA1, 0x08, 0x81, 0x00, 0xA1, 0x00, 0x81, 0x00, 0x61, 0x00,
    0x61, 0x00, 0xA3, 0x19, 0xC3, 0x21, 0xC3, 0x21, 0x02, 0x09, 0x40, 0x00, 0x61, 0x00, 0x61, 0x00,
    0x61, 0x00, 0x41, 0x00, 0xA1, 0x00, 0x22, 0x09, 0x63, 0x11, 0x63, 0x11, 0x62, 0x11, 0x22, 0x09,
    0xE1, 0x08, 0xC1, 0x08, 0xE1, 0x08, 0x21, 0x09, 0xE1, 0x08, 0xA1, 0x08, 0xC2, 0x08, 0x81, 0x00,
    0x41, 0x00, 0x41, 0x00, 0x21, 0x00, 0x20, 0x00, 0x20, 0x00, 0x20, 0x00, 0x20, 0x00, 0x20, 0x00,
    0x21, 0x00, 0x21, 0x00, 0x21, 0x00, 0x20, 0x00, 0xE2, 0x08, 0xA4, 0x11, 0xA3, 0x11, 0xA3, 0x11,
    0x83, 0x11, 0xC1, 0x00, 0x61, 0x00, 0x61, 0x00, 0x61, 0x00, 0x41, 0x00, 0x41, 0x00, 0x41, 0x00,
    0x41, 0x00, 0x41, 0x00, 0x61, 0x00, 0xA2, 0x08, 0x61, 0x00, 0x21, 0x00, 0x20, 0x00, 0x20, 0x00,
    0x20, 0x00, 0x20, 0x00, 0x20, 0x00, 0x20, 0x00, 0x20, 0x00, 0x20, 0x00, 0x20, 0x00, 0x41, 0x00,
    0x41, 0x00, 0x21, 0x00, 0x20, 0x00, 0xA1, 0x08, 0x42, 0x09, 0x82, 0x11, 0xE2, 0x08, 0x40, 0x00,
    0x40, 0x00, 0x41, 0x00, 0x41, 0x00, 0x41, 0x00, 0x41, 0x00, 0x41, 0x00, 0x41, 0x00, 0x61, 0x00,
    0xA1, 0x00, 0xC2, 0x08, 0xE2, 0x08, 0xC1, 0x08, 0xA1, 0x08, 0x81, 0x08, 0x61, 0x00, 0x61, 0x00,
    0x41, 0x00, 0x20, 0x00, 0x61, 0x00, 0x81, 0x08, 0x81, 0x00, 0x81, 0x00, 0x61, 0x00, 0x41, 0x00,
    0x21, 0x00, 0x41, 0x00, 0x60, 0x00, 0xE2, 0x10, 0x81, 0x00, 0x61, 0x00, 0x81, 0x08, 0x81, 0x00,
    0xA2, 0x08, 0xA2, 0x08, 0x81, 0x00, 0xA1, 0x00, 0x81, 0x08, 0x81, 0x00, 0x61, 0x00, 0x61, 0x00,
    0x81, 0x00, 0xA2, 0x08, 0xA3, 0x11, 0x62, 0x09, 0x21, 0x09, 0x62, 0x11, 0x62, 0x11, 0x42, 0x09,
    0x42, 0x11, 0xC1, 0x00, 0xA1, 0x00, 0xC1, 0x08, 0xE2, 0x08, 0x62, 0x11, 0x44, 0x32, 0x43, 0x32,
    0x23, 0x2A, 0x84, 0x3A, 0x84, 0x3A, 0x03, 0x2A, 0xA1, 0x00, 0x81, 0x00, 0xE2, 0x08, 0xE2, 0x08,
    0xC2, 0x00, 0xC2, 0x08, 0xE2, 0x08, 0xA1, 0x00, 0xA1, 0x08, 0xE2, 0x08, 0x81, 0x00, 0x20, 0x00,
    0x41, 0x00, 0x41, 0x00, 0x41, 0x00, 0x41, 0x00, 0x61, 0x00, 0x82, 0x08, 0x81, 0x00, 0x61, 0x00,
    0x81, 0x00, 0x81, 0x00, 0x61, 0x00, 0x61, 0x00, 0x61, 0x00, 0x61, 0x00, 0x40, 0x00, 0x41, 0x00,
    0x81, 0x00, 0x82, 0x00, 0x81, 0x08, 0xA1, 0x08, 0xC2, 0x08, 0xA1, 0x00, 0x40, 0x00, 0x41, 0x00,
    0x41, 0x00, 0x61, 0x00, 0x41, 0x00, 0x40, 0x00, 0x61, 0x00, 0x02, 0x09, 0x46, 0x2A, 0x86, 0x32,
    0x25, 0x22, 0x04, 0x22, 0x62, 0x11, 0x01, 0x09, 0x01, 0x09, 0x42, 0x19, 0x02, 0x19, 0xC1, 0x08,
    0xC1, 0x08, 0x61, 0x00, 0x61, 0x00, 0x41, 0x00, 0x41, 0x00, 0x61, 0x00, 0x61, 0x00, 0x41, 0x00,
    0x61, 0x00, 0x61, 0x00, 0x61, 0x00, 0x40, 0x00, 0x20, 0x00, 0x41, 0x00, 0x61, 0x00, 0x61, 0x00,
    0x41, 0x00, 0x41, 0x00, 0x41, 0x00, 0x41, 0x00, 0x41, 0x00, 0x61, 0x00, 0x61, 0x00, 0x41, 0x00,
    0x41, 0x00, 0x41, 0x00, 0x41, 0x00, 0x20, 0x00, 0x40, 0x00, 0x41, 0x00, 0x41, 0x00, 0x41, 0x00,
    0x03, 0x09, 0xE3, 0x08, 0x24, 0x11, 0x23, 0x11, 0xC2, 0x08, 0xA2, 0x08, 0x81, 0x00, 0x81, 0x00,
    0xA1, 0x00, 0xA1, 0x00, 0xE2, 0x08, 0xE2, 0x08, 0xA1, 0x08, 0x81, 0x08, 0xA1, 0x00, 0xA1, 0x00,
    0xC1, 0x08, 0xE1, 0x08, 0xE1, 0x08, 0xE1, 0x08, 0xE1, 0x08, 0xA1, 0x00, 0xA1, 0x08, 0xA1, 0x00,
    0xC1, 0x08, 0x83, 0x19, 0x62, 0x19, 0xC1, 0x08, 0x61, 0x00, 0x61, 0x00, 0x61, 0x00, 0x61, 0x00,
    0x61, 0x00, 0xE1, 0x08, 0x43, 0x11, 0x83, 0x11, 0x83, 0x11, 0x63, 0x11, 0x42, 0x11, 0xE1, 0x08,
    0xE1, 0x08, 0xE1, 0x08, 0x01, 0x09, 0x21, 0x09, 0x01, 0x09, 0x61, 0x00, 0x81, 0x08, 0xC2, 0x08,
    0x81, 0x00, 0x40, 0x00, 0x41, 0x00, 0x20, 0x00, 0x21, 0x00, 0x20, 0x00, 0x20, 0x00, 0x20, 0x00,
    0x21, 0x00, 0x21, 0x00, 0x21, 0x00, 0x20, 0x00, 0xE2, 0x08, 0xA3, 0x11, 0xA3, 0x11, 0x83, 0x11,
    0xC1, 0x08, 0x61, 0x00, 0x61, 0x00, 0x61, 0x00, 0x61, 0x00, 0x61, 0x00, 0x61, 0x00, 0x61, 0x00,
    0x41, 0x00, 0x61, 0x00, 0x61, 0x00, 0x61, 0x00, 0x41, 0x00, 0x41, 0x00, 0x20, 0x00, 0x20, 0x00,
    0x20, 0x00, 0x20, 0x00, 0x20, 0x00, 0x20, 0x00, 0x20, 0x00, 0x20, 0x00, 0x20, 0x00, 0x41, 0x00,
    0x41, 0x00, 0x21, 0x00, 0x61, 0x00, 0xA1, 0x08, 0xE1, 0x08, 0xC1, 0x00, 0xC1, 0x08, 0xA1, 0x08,
    0x60, 0x00, 0x20, 0x00, 0x41, 0x00, 0x61, 0x00, 0x40, 0x00, 0x60, 0x00, 0x61, 0x00, 0x40, 0x00,
    0x81, 0x00, 0xE1, 0x08, 0xE1, 0x08, 0xE1, 0x08, 0xE1, 0x08, 0x02, 0x09, 0xE1, 0x08, 0x81, 0x00,
    0x41, 0x00, 0x41, 0x00, 0x41, 0x00, 0x61, 0x00, 0x81, 0x00, 0xA1, 0x00, 0x81, 0x00, 0x40, 0x00,
    0x61, 0x00, 0x61, 0x00, 0x61, 0x00, 0x60, 0x00, 0x61, 0x00, 0x61, 0x00, 0x61, 0x00, 0x81, 0x00,
    0xE2, 0x08, 0xE2, 0x08, 0xC2, 0x08, 0xA1, 0x00, 0xA1, 0x00, 0xA1, 0x00, 0x81, 0x00, 0x81, 0x00,
    0x61, 0x00, 0xA1, 0x08, 0xA3, 0x19, 0xE5, 0x29, 0x88, 0x42, 0x88, 0x42, 0x46, 0x2A, 0x83, 0x11,
    0xE1, 0x08, 0x81, 0x00, 0x61, 0x00, 0x81, 0x00, 0xA1, 0x08, 0xE2, 0x08, 0x63, 0x19, 0x23, 0x2A,
    0x23, 0x2A, 0x23, 0x32, 0xA4, 0x42, 0x43, 0x32, 0x62, 0x19, 0xE1, 0x08, 0x01, 0x09, 0x02, 0x09,
    0xC1, 0x08, 0xA1, 0x00, 0xA2, 0x08, 0xE2, 0x08, 0xC2, 0x08, 0xE2, 0x08, 0xA2, 0x08, 0x40, 0x00,
    0x41, 0x00, 0x41, 0x00, 0x41, 0x00, 0x61, 0x00, 0x61, 0x00, 0x61, 0x00, 0x61, 0x00, 0x61, 0x00,
    0x61, 0x00, 0x61, 0x00, 0x61, 0x00, 0x61, 0x00, 0x81, 0x00, 0x41, 0x00, 0x20, 0x00, 0x20, 0x00,
    0x41, 0x00, 0x41, 0x00, 0x61, 0x00, 0x61, 0x00, 0xA1, 0x08, 0xC2, 0x08, 0x81, 0x00, 0x61, 0x00,
    0xA2, 0x08, 0xC2, 0x08, 0x61, 0x00, 0x61, 0x08, 0xA1, 0x08, 0x81, 0x00, 0xE2, 0x08, 0xC4, 0x19,
    0x25, 0x22, 0x04, 0x22, 0x61, 0x11, 0x21, 0x09, 0x01, 0x09, 0x21, 0x19, 0xA3, 0x19, 0x82, 0x11,
    0xE2, 0x08, 0x61, 0x00, 0x61, 0x00, 0x41, 0x00, 0x41, 0x00, 0x41, 0x00, 0x41, 0x00, 0x41, 0x00,
    0x41, 0x00, 0x20, 0x00, 0x20, 0x00, 0x20, 0x00, 0x20, 0x00, 0x41, 0x00, 0x61, 0x00, 0x61, 0x00,
    0x61, 0x00, 0x41, 0x00, 0x41, 0x00, 0x41, 0x00, 0x41, 0x00, 0x41, 0x00, 0x41, 0x00, 0x20, 0x00,
    0x20, 0x00, 0x41, 0x00, 0x40, 0x00, 0x41, 0x00, 0x41, 0x00, 0x41, 0x00, 0x41, 0x00, 0x21, 0x00,
    0xC2, 0x00, 0x24, 0x11, 0x44, 0x11, 0xE2, 0x08, 0xE3, 0x08, 0xA1, 0x08, 0x81, 0x00, 0x81, 0x00,
    0xA1, 0x00, 0xA1, 0x08, 0xC1, 0x08, 0xE2, 0x08, 0xC2, 0x08, 0x40, 0x00, 0xA1, 0x08, 0x01, 0x09,
    0x01, 0x09, 0x01, 0x09, 0xE1, 0x08, 0xE1, 0x08, 0xC1, 0x08, 0xE1, 0x08, 0xA1, 0x00, 0xC2, 0x08,
    0x02, 0x09, 0x81, 0x00, 0x81, 0x00, 0x81, 0x00, 0x81, 0x00, 0x81, 0x00, 0x81, 0x00, 0x81, 0x00,
    0x22, 0x09, 0xA3, 0x11, 0xA3, 0x11, 0xA3, 0x11, 0xA3, 0x11, 0x62, 0x11, 0x01, 0x09, 0xE1, 0x08,
    0xE1, 0x08, 0x01, 0x09, 0x21, 0x09, 0x41, 0x09, 0x02, 0x11, 0x61, 0x00, 0x41, 0x00, 0x81, 0x00,
    0xC1, 0x08, 0x61, 0x00, 0x61, 0x00, 0x61, 0x00, 0x41, 0x00, 0x41, 0x00, 0x41, 0x00, 0x20, 0x00,
    0x21, 0x00, 0x21, 0x00, 0x21, 0x00, 0x20, 0x00, 0xC1, 0x08, 0xA3, 0x11, 0x43, 0x11, 0x81, 0x00,
    0x61, 0x00, 0x61, 0x00, 0x61, 0x00, 0x61, 0x00, 0x61, 0x00, 0x81, 0x00, 0x81, 0x00, 0x82, 0x00,
    0x61, 0x00, 0x41, 0x00, 0x61, 0x00, 0x82, 0x08, 0x61, 0x00, 0x20, 0x00, 0x20, 0x00, 0x20, 0x00,
    0x20, 0x00, 0x20, 0x00, 0x20, 0x00, 0x20, 0x00, 0x20, 0x00, 0x20, 0x00, 0x21, 0x00, 0x21, 0x00,
    0x41, 0x00, 0x21, 0x00, 0xA1, 0x08, 0xE1, 0x08, 0x01, 0x09, 0xE2, 0x08, 0x81, 0x00, 0x81, 0x00,
    0xC2, 0x08, 0x81, 0x00, 0x81, 0x00, 0xE2, 0x08, 0xC1, 0x08, 0xC1, 0x08, 0xA2, 0x08, 0x61, 0x00,
    0x81, 0x00, 0xE1, 0x08, 0xE1, 0x08, 0xC1, 0x08, 0xE1, 0x08, 0xE1, 0x08, 0x02, 0x09, 0xE2, 0x08,
    0x61, 0x00, 0x40, 0x00, 0x41, 0x00, 0x40, 0x00, 0x61, 0x00, 0xA1, 0x08, 0x81, 0x08, 0x61, 0x00,
    0x61, 0x00, 0x61, 0x00, 0x61, 0x00, 0x61, 0x00, 0x61, 0x00, 0x61, 0x00, 0x61, 0x00, 0xE2, 0x08,
    0x23, 0x11, 0x22, 0x09, 0x02, 0x09, 0xC1, 0x08, 0xC1, 0x08, 0xC1, 0x08, 0xC2, 0x08, 0x81, 0x00,
    0x43, 0x19, 0x25, 0x3A, 0xC7, 0x52, 0xC8, 0x52, 0xEA, 0x5A, 0x27, 0x3A, 0xC4, 0x21, 0x42, 0x11,
    0xC1, 0x08, 0xC1, 0x08, 0x81, 0x00, 0x81, 0x00, 0xA1, 0x08, 0xC2, 0x08, 0xE2, 0x08, 0x22, 0x11,
    0x21, 0x11, 0x61, 0x11, 0x43, 0x32, 0x84, 0x3A, 0x03, 0x2A, 0x21, 0x09, 0x22, 0x09, 0x42, 0x11,
    0x22, 0x09, 0xC1, 0x08, 0xA1, 0x00, 0xC2, 0x08, 0x03, 0x09, 0xC2, 0x08, 0x81, 0x08, 0x40, 0x00,
    0x41, 0x00, 0x41, 0x00, 0x82, 0x00, 0xA2, 0x08, 0x81, 0x00, 0x81, 0x00, 0x81, 0x00, 0x81, 0x00,
    0x82, 0x00, 0x82, 0x00, 0xA2, 0x08, 0xC2, 0x08, 0xC2, 0x08, 0x81, 0x00, 0x20, 0x00, 0x20, 0x00,
    0x40, 0x00, 0xA1, 0x08, 0xA1, 0x00, 0xA1, 0x00, 0x81, 0x00, 0xC2, 0x08, 0xE2, 0x08, 0x03, 0x11,
    0x44, 0x11, 0x03, 0x09, 0xC2, 0x08, 0xA2, 0x08, 0xA1, 0x00, 0xC2, 0x08, 0xA1, 0x00, 0x22, 0x09,
    0xA3, 0x11, 0x83, 0x11, 0x62, 0x09, 0x21, 0x09, 0xE1, 0x08, 0x42, 0x19, 0xA3, 0x19, 0x21, 0x09,
    0x02, 0x09, 0xC1, 0x08, 0x61, 0x00, 0x61, 0x00, 0xA1, 0x08, 0xA1, 0x08, 0xA1, 0x00, 0x81, 0x00,
    0x61, 0x00, 0x40, 0x00, 0x21, 0x00, 0x21, 0x00, 0x20, 0x00, 0x61, 0x00, 0x61, 0x00, 0x61, 0x00,
    0x61, 0x00, 0x41, 0x00, 0x41, 0x00, 0x41, 0x00, 0x61, 0x00, 0x41, 0x00, 0x20, 0x00, 0x00, 0x00,
    0x20, 0x00, 0x20, 0x00, 0x20, 0x00, 0x20, 0x00, 0x41, 0x00, 0x41, 0x00, 0x21, 0x00, 0x41, 0x00,
    0x03, 0x09, 0x44, 0x11, 0xE3, 0x08, 0xE3, 0x08, 0xC2, 0x08, 0xA2, 0x08, 0x81, 0x00, 0x81, 0x00,
    0x81, 0x00, 0xC1, 0x08, 0xE2, 0x08, 0xE1, 0x08, 0x02, 0x09, 0xC1, 0x08, 0xE1, 0x08, 0x01, 0x09,
    0x01, 0x09, 0x01, 0x09, 0xE1, 0x08, 0xE1, 0x08, 0xE2, 0x08, 0x02, 0x09, 0xE2, 0x08, 0xE2, 0x08,
    0x23, 0x09, 0xC2, 0x08, 0xA1, 0x08, 0xA2, 0x08, 0x81, 0x00, 0x81, 0x00, 0x81, 0x00, 0x02, 0x09,
    0xE4, 0x19, 0xC4, 0x19, 0xA3, 0x11, 0xA3, 0x11, 0x83, 0x11, 0x42, 0x09, 0x01, 0x09, 0xE1, 0x08,
    0x01, 0x09, 0x21, 0x09, 0x21, 0x09, 0x62, 0x11, 0xE1, 0x08, 0x61, 0x00, 0x61, 0x00, 0x61, 0x00,
    0xA1, 0x08, 0xC2, 0x08, 0x60, 0x00, 0x61, 0x00, 0x62, 0x00, 0x61, 0x00, 0x41, 0x00, 0x21, 0x00,
    0x21, 0x00, 0x21, 0x00, 0x21, 0x00, 0x00, 0x00, 0xA1, 0x08, 0x22, 0x09, 0x40, 0x00, 0x61, 0x00,
    0x82, 0x00, 0x81, 0x00, 0x81, 0x00, 0x81, 0x00, 0x81, 0x00, 0x81, 0x00, 0x81, 0x00, 0x81, 0x00,
    0xA2, 0x08, 0xA2, 0x08, 0x81, 0x00, 0x61, 0x00, 0x61, 0x00, 0x20, 0x00, 0x20, 0x00, 0x20, 0x00,
    0x20, 0x00, 0x20, 0x00, 0x20, 0x00, 0x20, 0x00, 0x20, 0x00, 0x20, 0x00, 0x41, 0x00, 0x41, 0x00,
    0x21, 0x00, 0x41, 0x00, 0xE2, 0x08, 0x01, 0x09, 0x22, 0x11, 0xC1, 0x08, 0x40, 0x00, 0x41, 0x00,
    0x61, 0x00, 0xA1, 0x08, 0xC1, 0x08, 0xC1, 0x08, 0xA1, 0x00, 0x81, 0x00, 0x61, 0x00, 0x40, 0x00,
    0x81, 0x00, 0xE1, 0x08, 0xE1, 0x08, 0xE1, 0x08, 0xE1, 0x08, 0xE2, 0x08, 0xE2, 0x08, 0x02, 0x09,
    0xA1, 0x00, 0x40, 0x00, 0x41, 0x00, 0x41, 0x00, 0x41, 0x00, 0x41, 0x00, 0x61, 0x00, 0x41, 0x00,
    0x41, 0x00, 0x61, 0x00, 0x61, 0x00, 0x61, 0x00, 0x61, 0x00, 0x81, 0x00, 0xA1, 0x08, 0x43, 0x11,
    0x84, 0x11, 0x43, 0x11, 0x02, 0x09, 0xE2, 0x08, 0xE1, 0x08, 0xE2, 0x08, 0xE2, 0x08, 0x03, 0x11,
    0xA4, 0x21, 0xA4, 0x21, 0xC4, 0x29, 0x21, 0x11, 0x22, 0x11, 0x84, 0x11, 0x42, 0x09, 0xE1, 0x08,
    0xE2, 0x08, 0xE2, 0x08, 0xA1, 0x08, 0x61, 0x00, 0x61, 0x00, 0xA1, 0x00, 0x02, 0x09, 0xE2, 0x08,
    0x61, 0x00, 0xC1, 0x00, 0x81, 0x19, 0x83, 0x32, 0x43, 0x32, 0xA2, 0x19, 0x01, 0x09, 0xE1, 0x08,
    0xC2, 0x08, 0xC2, 0x08, 0xA1, 0x08, 0x81, 0x00, 0xE2, 0x08, 0x02, 0x09, 0xC2, 0x08, 0x41, 0x00,
    0x41, 0x00, 0x82, 0x00, 0xE3, 0x08, 0xC2, 0x08, 0xC2, 0x08, 0xC2, 0x08, 0xE3, 0x08, 0x03, 0x09,
    0x03, 0x09, 0x24, 0x11, 0x24, 0x11, 0x24, 0x09, 0x03, 0x09, 0xA2, 0x08, 0x41, 0x00, 0x41, 0x00,
    0x20, 0x00, 0xA1, 0x08, 0xE2, 0x08, 0xC2, 0x08, 0xC2, 0x08, 0x81, 0x00, 0x61, 0x00, 0x61, 0x00,
    0xA2, 0x08, 0xA2, 0x08, 0xA1, 0x08, 0xE2, 0x08, 0xA1, 0x00, 0x61, 0x00, 0xE2, 0x08, 0xE5, 0x21,
    0xE5, 0x19, 0xC5, 0x19, 0xC4, 0x11, 0x62, 0x11, 0x62, 0x19, 0xE4, 0x29, 0xC3, 0x21, 0x42, 0x11,
    0x21, 0x09, 0x01, 0x09, 0xA1, 0x08, 0x81, 0x00, 0xA1, 0x00, 0x02, 0x11, 0x02, 0x11, 0xE1, 0x08,
    0x02, 0x09, 0x81, 0x00, 0x40, 0x00, 0x41, 0x00, 0x41, 0x00, 0x61, 0x00, 0x61, 0x00, 0x61, 0x00,
    0x61, 0x00, 0x61, 0x00, 0x61, 0x00, 0x41, 0x00, 0x41, 0x00, 0x61, 0x00, 0x41, 0x00, 0x20, 0x00,
    0x20, 0x00, 0x20, 0x00, 0x20, 0x00, 0x20, 0x00, 0x41, 0x00, 0x41, 0x00, 0x21, 0x00, 0x41, 0x00,
    0xE2, 0x08, 0xE2, 0x08, 0xE2, 0x08, 0xE2, 0x08, 0xE2, 0x08, 0xC2, 0x08, 0xC1, 0x08, 0xE2, 0x08,
    0xE1, 0x08, 0x01, 0x09, 0x01, 0x09, 0x01, 0x09, 0x01, 0x09, 0x01, 0x09, 0xE1, 0x08, 0x21, 0x09,
    0x01, 0x09, 0x01, 0x09, 0xE1, 0x08, 0xC1, 0x08, 0xA1, 0x00, 0xC2, 0x08, 0xC2, 0x08, 0xC2, 0x08,
    0xE2, 0x08, 0xE2, 0x08, 0x02, 0x09, 0xE2, 0x08, 0xA1, 0x00, 0xA1, 0x08, 0xC2, 0x08, 0xC4, 0x19,
    0xE4, 0x19, 0xA3, 0x11, 0xA3, 0x11, 0xA3, 0x11, 0x63, 0x11, 0x01, 0x09, 0x01, 0x09, 0xE1, 0x08,
    0x01, 0x09, 0x21, 0x09, 0x21, 0x09, 0x83, 0x11, 0xA1, 0x08, 0x41, 0x00, 0x61, 0x00, 0x61, 0x00,
    0x40, 0x00, 0x61, 0x00, 0x40, 0x00, 0x20, 0x00, 0x41, 0x00, 0x62, 0x08, 0x41, 0x00, 0x21, 0x00,
    0x41, 0x00, 0x21, 0x00, 0x21, 0x00, 0x00, 0x00, 0xC2, 0x08, 0x81, 0x08, 0x20, 0x00, 0x82, 0x08,
    0x82, 0x08, 0xA2, 0x00, 0xA2, 0x00, 0x81, 0x00, 0x81, 0x00, 0xA2, 0x08, 0xA2, 0x00, 0xE3, 0x08,
    0xA2, 0x08, 0x81, 0x00, 0xE2, 0x08, 0xC2, 0x08, 0x41, 0x00, 0x00, 0x00, 0x20, 0x00, 0x20, 0x00,
    0x20, 0x00, 0x20, 0x00, 0x20, 0x00, 0x20, 0x00, 0x21, 0x00, 0x41, 0x00, 0x41, 0x00, 0x41, 0x00,
    0x41, 0x00, 0x41, 0x00, 0x02, 0x11, 0x22, 0x09, 0x02, 0x09, 0x61, 0x00, 0x61, 0x00, 0x41, 0x00,
    0x41, 0x00, 0x41, 0x00, 0x61, 0x00, 0x81, 0x00, 0xA1, 0x08, 0x81, 0x00, 0x81, 0x00, 0x81, 0x08,
    0xC1, 0x08, 0xE1, 0x08, 0x01, 0x09, 0x02, 0x09, 0x02, 0x09, 0xC1, 0x08, 0x02, 0x09, 0x03, 0x09,
    0x81, 0x00, 0x41, 0x00, 0x61, 0x00, 0x61, 0x00, 0x61, 0x00, 0x41, 0x00, 0x61, 0x00, 0x61, 0x00,
    0x41, 0x00, 0x60, 0x00, 0x61, 0x00, 0x81, 0x00, 0xA1, 0x08, 0xC2, 0x08, 0xA1, 0x08, 0x84, 0x11,
    0xC5, 0x19, 0x43, 0x11, 0x02, 0x09, 0xE1, 0x08, 0xE1, 0x08, 0xC1, 0x00, 0xA1, 0x08, 0x81, 0x00,
    0x41, 0x00, 0x61, 0x00, 0xC2, 0x00, 0xC2, 0x00, 0xC2, 0x00, 0x63, 0x11, 0x02, 0x09, 0xA1, 0x08,
    0xA1, 0x00, 0xA1, 0x08, 0x61, 0x00, 0x41, 0x00, 0x41, 0x00, 0x61, 0x00, 0xA1, 0x08, 0x81, 0x00,
    0x61, 0x00, 0x61, 0x00, 0xE1, 0x08, 0xC2, 0x21, 0x84, 0x32, 0x43, 0x2A, 0xE3, 0x21, 0x21, 0x11,
    0xA1, 0x08, 0xC2, 0x08, 0x81, 0x00, 0x61, 0x00, 0xC2, 0x08, 0x23, 0x11, 0x42, 0x11, 0x61, 0x00,
    0x82, 0x08, 0xE3, 0x08, 0x03, 0x09, 0x03, 0x09, 0x03, 0x09, 0x03, 0x09, 0x03, 0x09, 0x24, 0x09,
    0x24, 0x09, 0x23, 0x09, 0x03, 0x09, 0xC2, 0x08, 0x81, 0x00, 0x61, 0x00, 0x61, 0x00, 0x61, 0x00,
    0x41, 0x00, 0xA1, 0x08, 0xC1, 0x08, 0x61, 0x00, 0x61, 0x00, 0x40, 0x00, 0x40, 0x00, 0x21, 0x00,
    0x20, 0x00, 0x41, 0x00, 0xC2, 0x08, 0x03, 0x11, 0xA1, 0x08, 0x20, 0x00, 0x43, 0x11, 0x06, 0x22,
    0x46, 0x22, 0x27, 0x22, 0xC5, 0x19, 0x82, 0x19, 0xC3, 0x21, 0xC3, 0x21, 0x03, 0x22, 0x44, 0x2A,
    0x45, 0x32, 0x04, 0x2A, 0xC1, 0x00, 0x61, 0x00, 0x61, 0x00, 0xA1, 0x08, 0xE1, 0x08, 0x02, 0x09,
    0x22, 0x09, 0xC1, 0x08, 0x41, 0x00, 0x41, 0x00, 0x41, 0x00, 0x41, 0x00, 0x61, 0x00, 0x61, 0x00,
    0x61, 0x00, 0x61, 0x00, 0x61, 0x00, 0x61, 0x00, 0x41, 0x00, 0x61, 0x00, 0x61, 0x00, 0x21, 0x00,
    0x20, 0x00, 0x20, 0x00, 0x21, 0x00, 0x41, 0x00, 0x40, 0x00, 0x81, 0x00, 0xC1, 0x08, 0x02, 0x11,
    0xE2, 0x08, 0x02, 0x09, 0x02, 0x09, 0xE2, 0x08, 0x02, 0x09, 0xE1, 0x08, 0x02, 0x09, 0x01, 0x09,
    0xE1, 0x08, 0xE1, 0x08, 0x02, 0x09, 0xE1, 0x08, 0xE1, 0x08, 0x22, 0x11, 0xE1, 0x08, 0x01, 0x09,
    0x01, 0x09, 0xE1, 0x08, 0xE1, 0x08, 0xC1, 0x08, 0x40, 0x00, 0x61, 0x00, 0x61, 0x00, 0x61, 0x00,
    0x61, 0x08, 0x61, 0x00, 0xA1, 0x08, 0xA2, 0x08, 0x61, 0x00, 0x61, 0x00, 0xC2, 0x08, 0xC4, 0x19,
    0xC3, 0x11, 0xA3, 0x11, 0xE4, 0x19, 0xA3, 0x11, 0xE0, 0x00, 0xE1, 0x08, 0x01, 0x09, 0x01, 0x09,
    0x21, 0x09, 0x42, 0x11, 0x42, 0x11, 0xE2, 0x08, 0x20, 0x00, 0x20, 0x00, 0x20, 0x00, 0x20, 0x00,
    0x20, 0x00, 0x20, 0x00, 0x21, 0x00, 0x21, 0x00, 0x21, 0x00, 0x41, 0x00, 0x41, 0x00, 0x41, 0x00,
    0x20, 0x00, 0x41, 0x00, 0x41, 0x00, 0x20, 0x00, 0x61, 0x00, 0x20, 0x00, 0x20, 0x00, 0x61, 0x00,
    0x81, 0x00, 0x81, 0x00, 0xA2, 0x08, 0x81, 0x00, 0xA1, 0x08, 0xE2, 0x08, 0xA2, 0x00, 0xC2, 0x08,
    0xE3, 0x08, 0xC2, 0x08, 0x81, 0x00, 0xA2, 0x00, 0x41, 0x00, 0x00, 0x00, 0x20, 0x00, 0x20, 0x00,
    0x20, 0x00, 0x20, 0x00, 0x20, 0x00, 0x21, 0x00, 0x21, 0x00, 0x21, 0x00, 0x21, 0x00, 0x41, 0x00,
    0x41, 0x00, 0x41, 0x00, 0xA1, 0x08, 0x81, 0x00, 0x61, 0x00, 0x61, 0x00, 0x81, 0x08, 0x41, 0x00,
    0x41, 0x00, 0x41, 0x00, 0x41, 0x00, 0x61, 0x00, 0x61, 0x00, 0x61, 0x00, 0x41, 0x00, 0x41, 0x00,
    0xC1, 0x08, 0x42, 0x09, 0x42, 0x11, 0x02, 0x09, 0x61, 0x00, 0x61, 0x00, 0xE2, 0x08, 0x23, 0x11,
    0xA1, 0x00, 0x81, 0x00, 0xA2, 0x08, 0x81, 0x00, 0x61, 0x00, 0x41, 0x00, 0x61, 0x00, 0x61, 0x00,
    0x61, 0x00, 0xA1, 0x08, 0xA1, 0x08, 0xA1, 0x08, 0xC2, 0x08, 0xC1, 0x08, 0xA1, 0x00, 0xC5, 0x19,
    0xC5, 0x19, 0xC2, 0x08, 0x61, 0x00, 0x61, 0x00, 0x22, 0x11, 0x82, 0x21, 0xE1, 0x08, 0x61, 0x00,
    0x41, 0x00, 0x61, 0x00, 0x82, 0x00, 0xA2, 0x08, 0x82, 0x08, 0xC2, 0x08, 0xC2, 0x08, 0xA1, 0x00,
    0x81, 0x00, 0x61, 0x00, 0x61, 0x00, 0x41, 0x00, 0x20, 0x00, 0x41, 0x00, 0x61, 0x00, 0x61, 0x00,
    0x61, 0x00, 0x61, 0x00, 0x61, 0x00, 0xA1, 0x00, 0x03, 0x22, 0x43, 0x2A, 0x84, 0x32, 0xC3, 0x21,
    0xA1, 0x00, 0xC2, 0x08, 0x81, 0x00, 0x61, 0x00, 0xA2, 0x08, 0xC2, 0x08, 0x62, 0x11, 0xC1, 0x00,
    0xC3, 0x08, 0xE3, 0x08, 0x23, 0x09, 0x03, 0x09, 0x24, 0x09, 0x23, 0x09, 0x03, 0x09, 0xE3, 0x08,
    0xE2, 0x08, 0xC2, 0x00, 0xA2, 0x08, 0x61, 0x00, 0x41, 0x00, 0x61, 0x00, 0x81, 0x00, 0xA2, 0x08,
    0x61, 0x00, 0xC1, 0x08, 0xC1, 0x08, 0x61, 0x00, 0x20, 0x00, 0x41, 0x00, 0x41, 0x00, 0x41, 0x00,
    0x41, 0x00, 0x20, 0x00, 0x20, 0x00, 0x20, 0x00, 0x20, 0x00, 0x61, 0x00, 0xA4, 0x19, 0xC5, 0x19,
    0xC5, 0x11, 0xE5, 0x19, 0xE5, 0x19, 0xA3, 0x19, 0x41, 0x09, 0x42, 0x09, 0xA3, 0x19, 0xE3, 0x21,
    0x44, 0x32, 0x6A, 0x5B, 0x64, 0x19, 0x61, 0x00, 0x82, 0x08, 0x41, 0x00, 0xC1, 0x08, 0x63, 0x11,
    0xE2, 0x08, 0x81, 0x00, 0x20, 0x00, 0x20, 0x00, 0x61, 0x00, 0x41, 0x00, 0x41, 0x00, 0x61, 0x00,
    0x61, 0x00, 0x81, 0x00, 0x61, 0x00, 0x61, 0x00, 0x61, 0x00, 0x41, 0x00, 0x61, 0x00, 0x21, 0x00,
    0x20, 0x00, 0x20, 0x00, 0xA1, 0x08, 0x43, 0x11, 0x42, 0x11, 0xC3, 0x21, 0x04, 0x2A, 0x86, 0x3A,
    0xC1, 0x08, 0xC1, 0x08, 0xC1, 0x08, 0xC1, 0x08, 0xE1, 0x08, 0xE1, 0x08, 0xE1, 0x08, 0x02, 0x09,
    0x02, 0x09, 0xE1, 0x08, 0x01, 0x09, 0x22, 0x11, 0xE1, 0x08, 0x01, 0x09, 0x02, 0x09, 0xE1, 0x08,
    0x01, 0x09, 0xE1, 0x08, 0xE1, 0x08, 0x81, 0x00, 0x20, 0x00, 0x61, 0x00, 0x81, 0x08, 0x61, 0x00,
    0x61, 0x00, 0x40, 0x00, 0x61, 0x00, 0x81, 0x00, 0x61, 0x00, 0xC2, 0x08, 0xE2, 0x08, 0x42, 0x11,
    0x62, 0x11, 0x82, 0x11, 0xA3, 0x19, 0x04, 0x2A, 0x25, 0x42, 0x63, 0x21, 0x22, 0x11, 0x63, 0x19,
    0xA3, 0x19, 0x42, 0x11, 0x81, 0x00, 0x20, 0x00, 0x21, 0x00, 0x20, 0x00, 0x40, 0x00, 0x41, 0x00,
    0x20, 0x00, 0x20, 0x00, 0x20, 0x00, 0x20, 0x00, 0x20, 0x00, 0x41, 0x00, 0x61, 0x00, 0x61, 0x00,
    0x41, 0x00, 0x41, 0x00, 0x41, 0x00, 0x41, 0x00, 0x61, 0x00, 0x41, 0x00, 0x41, 0x00, 0x61, 0x00,
    0x61, 0x00, 0x61, 0x00, 0x81, 0x00, 0x81, 0x00, 0xA2, 0x00, 0xE2, 0x08, 0xC2, 0x08, 0xA2, 0x08,
    0xC2, 0x08, 0xC2, 0x08, 0xC2, 0x08, 0x61, 0x00, 0x20, 0x00, 0x00, 0x00, 0x20, 0x00, 0x20, 0x00,
    0x20, 0x00, 0x20, 0x00, 0x20, 0x00, 0x21, 0x00, 0x21, 0x00, 0x21, 0x00, 0x21, 0x00, 0x41, 0x00,
    0x41, 0x00, 0x41, 0x00, 0x82, 0x08, 0x61, 0x00, 0x20, 0x00, 0x61, 0x00, 0xA1, 0x08, 0x40, 0x00,
    0x41, 0x00, 0x41, 0x00, 0x61, 0x00, 0x61, 0x00, 0x81, 0x00, 0x41, 0x00, 0x41, 0x00, 0x20, 0x00,
    0xA1, 0x08, 0x83, 0x11, 0x42, 0x11, 0x61, 0x00, 0x41, 0x00, 0x41, 0x00, 0x81, 0x00, 0xE2, 0x08,
    0xA1, 0x00, 0xE2, 0x08, 0xA1, 0x08, 0x61, 0x00, 0x40, 0x00, 0x61, 0x00, 0x61, 0x00, 0x61, 0x00,
    0x61, 0x00, 0xC1, 0x08, 0xA1, 0x08, 0xA1, 0x08, 0xC1, 0x08, 0xC1, 0x08, 0xA1, 0x00, 0x23, 0x09,
    0x02, 0x09, 0x61, 0x00, 0x40, 0x00, 0xA2, 0x08, 0xC2, 0x08, 0x42, 0x19, 0xC2, 0x19, 0xC2, 0x19,
    0x62, 0x19, 0xC1, 0x08, 0x81, 0x00, 0x81, 0x00, 0x82, 0x00, 0x82, 0x08, 0x82, 0x00, 0x81, 0x00,
    0x61, 0x00, 0x61, 0x00, 0x61, 0x00, 0x41, 0x00, 0x20, 0x00, 0x20, 0x00, 0x41, 0x00, 0x41, 0x00,
    0x61, 0x00, 0x61, 0x00, 0x61, 0x00, 0x40, 0x00, 0x01, 0x11, 0x23, 0x22, 0x23, 0x22, 0x02, 0x11,
    0x61, 0x00, 0xA1, 0x08, 0xA1, 0x08, 0x61, 0x00, 0xA2, 0x08, 0xA2, 0x08, 0x01, 0x09, 0x22, 0x11,
    0xC3, 0x08, 0xE3, 0x08, 0x24, 0x11, 0x03, 0x09, 0x03, 0x09, 0xC2, 0x08, 0xA2, 0x08, 0xA2, 0x00,
    0xA2, 0x08, 0x82, 0x00, 0x41, 0x00, 0x21, 0x00, 0x41, 0x00, 0x61, 0x00, 0x81, 0x00, 0xA1, 0x08,
    0x61, 0x00, 0xC1, 0x08, 0xC1, 0x08, 0x61, 0x00, 0x41, 0x00, 0x41, 0x00, 0x41, 0x00, 0x40, 0x00,
    0x40, 0x00, 0x41, 0x00, 0x21, 0x00, 0x41, 0x00, 0x41, 0x00, 0xA1, 0x08, 0x43, 0x11, 0x43, 0x11,
    0x63, 0x11, 0x01, 0x09, 0x25, 0x3A, 0x46, 0x3A, 0xE1, 0x08, 0x21, 0x09, 0x82, 0x11, 0xC3, 0x19,
    0xC3, 0x19, 0xC7, 0x42, 0xA8, 0x4A, 0x81, 0x08, 0x82, 0x08, 0x21, 0x00, 0x61, 0x00, 0x02, 0x09,
    0xC1, 0x08, 0x40, 0x00, 0x20, 0x00, 0x20, 0x00, 0x61, 0x00, 0x41, 0x00, 0x20, 0x00, 0x41, 0x00,
    0x81, 0x00, 0x81, 0x00, 0x61, 0x00, 0x61, 0x00, 0x61, 0x00, 0x41, 0x00, 0x61, 0x00, 0x41, 0x00,
    0x20, 0x00, 0x41, 0x00, 0x41, 0x00, 0xC1, 0x00, 0x82, 0x11, 0x24, 0x2A, 0x24, 0x2A, 0x44, 0x2A,
    0x43, 0x11, 0x02, 0x09, 0xE2, 0x08, 0xE2, 0x08, 0xC1, 0x08, 0x02, 0x09, 0x22, 0x09, 0xC1, 0x08,
    0x22, 0x09, 0x42, 0x11, 0xE1, 0x08, 0x01, 0x09, 0x22, 0x11, 0xC1, 0x08, 0x02, 0x11, 0xE1, 0x08,
    0xE1, 0x08, 0xE1, 0x08, 0xE1, 0x08, 0x60, 0x00, 0x20, 0x00, 0x41, 0x00, 0x61, 0x00, 0xA2, 0x00,
    0xC2, 0x08, 0xC1, 0x08, 0x81, 0x00, 0x81, 0x00, 0x81, 0x00, 0xA2, 0x08, 0xC2, 0x08, 0x22, 0x11,
    0xC3, 0x19, 0xE3, 0x19, 0x82, 0x11, 0xA3, 0x21, 0xA7, 0x52, 0x46, 0x42, 0x83, 0x19, 0x63, 0x19,
    0x22, 0x11, 0x81, 0x00, 0x20, 0x00, 0x20, 0x00, 0x00, 0x00, 0x21, 0x00, 0x21, 0x00, 0x41, 0x00,
    0x41, 0x00, 0x41, 0x00, 0x21, 0x00, 0x21, 0x00, 0x61, 0x00, 0xA2, 0x08, 0x81, 0x00, 0x61, 0x00,
    0x61, 0x00, 0x81, 0x00, 0x61, 0x00, 0x61, 0x00, 0x61, 0x00, 0x61, 0x00, 0x61, 0x00, 0x61, 0x00,
    0x61, 0x00, 0x81, 0x00, 0x81, 0x00, 0x81, 0x00, 0xC2, 0x08, 0xE2, 0x08, 0xE3, 0x08, 0xA2, 0x08,
    0xC2, 0x08, 0xE2, 0x08, 0xA1, 0x00, 0x41, 0x00, 0x20, 0x00, 0x20, 0x00, 0x20, 0x00, 0x20, 0x00,
    0x00, 0x00, 0x00, 0x00, 0x20, 0x00, 0x41, 0x00, 0x41, 0x00, 0x21, 0x00, 0x21, 0x00, 0x41, 0x00,
    0x41, 0x00, 0x61, 0x08, 0xA2, 0x08, 0x40, 0x00, 0x61, 0x00, 0xC2, 0x08, 0xA1, 0x08, 0x40, 0x00,
    0x41, 0x00, 0x61, 0x00, 0x81, 0x00, 0x81, 0x00, 0x81, 0x00, 0x40, 0x00, 0x20, 0x00, 0x40, 0x00,
    0x61, 0x00, 0x23, 0x11, 0xA1, 0x00, 0x61, 0x00, 0x41, 0x00, 0x41, 0x00, 0x41, 0x00, 0x41, 0x00,
    0x61, 0x00, 0xA2, 0x08, 0x40, 0x00, 0x20, 0x00, 0x61, 0x08, 0x61, 0x00, 0x61, 0x00, 0x81, 0x00,
    0x61, 0x00, 0xA1, 0x08, 0xC1, 0x08, 0xA1, 0x00, 0xC1, 0x08, 0xC1, 0x08, 0xA1, 0x00, 0xA1, 0x00,
    0x81, 0x00, 0x81, 0x00, 0x81, 0x00, 0x81, 0x00, 0x61, 0x00, 0x61, 0x00, 0xE1, 0x08, 0x61, 0x11,
    0xE2, 0x21, 0x43, 0x32, 0xA2, 0x21, 0x21, 0x09, 0x22, 0x09, 0x01, 0x09, 0xE1, 0x08, 0x81, 0x00,
    0x61, 0x00, 0x81, 0x00, 0x61, 0x00, 0x61, 0x00, 0x41, 0x00, 0x21, 0x00, 0x41, 0x00, 0x41, 0x00,
    0x41, 0x00, 0x41, 0x00, 0x41, 0x00, 0x41, 0x00, 0x81, 0x00, 0xE3, 0x21, 0x03, 0x2A, 0xC1, 0x08,
    0x81, 0x00, 0x81, 0x00, 0x61, 0x00, 0x41, 0x00, 0x61, 0x00, 0x62, 0x00, 0x81, 0x00, 0x42, 0x11,
    0xE2, 0x08, 0xE3, 0x08, 0x03, 0x09, 0xC2, 0x08, 0xA2, 0x00, 0xA2, 0x00, 0x82, 0x00, 0x81, 0x00,
    0x61, 0x00, 0x21, 0x00, 0x20, 0x00, 0x41, 0x00, 0x81, 0x08, 0xA2, 0x08, 0x61, 0x00, 0xA1, 0x08,
    0x40, 0x00, 0xC1, 0x08, 0xC1, 0x08, 0x61, 0x00, 0x61, 0x00, 0x40, 0x00, 0x61, 0x00, 0xA2, 0x08,
    0x41, 0x00, 0x41, 0x00, 0x41, 0x00, 0x61, 0x00, 0x61, 0x00, 0x81, 0x00, 0xE2, 0x08, 0xE2, 0x08,
    0x02, 0x09, 0x01, 0x11, 0xE8, 0x6A, 0x46, 0x42, 0x42, 0x09, 0x22, 0x11, 0x62, 0x09, 0xC3, 0x11,
    0xC3, 0x11, 0x04, 0x22, 0x08, 0x5B, 0x23, 0x19, 0x40, 0x00, 0x20, 0x00, 0x41, 0x00, 0xA1, 0x00,
    0x61, 0x00, 0x41, 0x00, 0x41, 0x00, 0x41, 0x00, 0x61, 0x00, 0x61, 0x00, 0x40, 0x00, 0x61, 0x00,
    0x82, 0x08, 0x61, 0x00, 0x61, 0x00, 0x41, 0x00, 0x41, 0x00, 0x41, 0x00, 0x61, 0x00, 0x61, 0x00,
    0x21, 0x00, 0x20, 0x00, 0x41, 0x00, 0x61, 0x00, 0x81, 0x00, 0xC1, 0x08, 0xA3, 0x19, 0xE3, 0x21,
    0xC5, 0x19, 0xA4, 0x19, 0xA4, 0x19, 0x43, 0x11, 0x43, 0x11, 0xE2, 0x08, 0x02, 0x09, 0x22, 0x11,
    0xC1, 0x00, 0x22, 0x09, 0x42, 0x09, 0xC1, 0x08, 0x02, 0x09, 0x02, 0x09, 0xC1, 0x08, 0x02, 0x09,
    0xE1, 0x08, 0xE1, 0x08, 0x02, 0x11, 0xA1, 0x08, 0x40, 0x00, 0x41, 0x00, 0x41, 0x00, 0x81, 0x00,
    0xE1, 0x08, 0x43, 0x11, 0xA1, 0x08, 0x81, 0x00, 0x41, 0x00, 0x81, 0x08, 0xA2, 0x08, 0x42, 0x19,
    0x81, 0x19, 0xC2, 0x19, 0x00, 0x09, 0x00, 0x09, 0x41, 0x11, 0x22, 0x11, 0xE2, 0x08, 0xC1, 0x08,
    0xC1, 0x00, 0x02, 0x09, 0x42, 0x11, 0x02, 0x09, 0xA1, 0x08, 0x61, 0x00, 0x40, 0x00, 0x20, 0x00,
    0x21, 0x00, 0x41, 0x00, 0x41, 0x00, 0x61, 0x00, 0x82, 0x08, 0x81, 0x08, 0x81, 0x00, 0x81, 0x00,
    0x81, 0x00, 0x81, 0x08, 0x81, 0x00, 0x81, 0x00, 0x81, 0x00, 0x61, 0x00, 0x61, 0x00, 0x61, 0x00,
    0x61, 0x00, 0xA1, 0x08, 0xA2, 0x08, 0xA1, 0x00, 0xC2, 0x08, 0xE2, 0x08, 0x03, 0x09, 0xC2, 0x08,
    0xC2, 0x08, 0xE2, 0x08, 0xC2, 0x08, 0x40, 0x00, 0x20, 0x00, 0x20, 0x00, 0x20, 0x00, 0x20, 0x00,
    0x00, 0x00, 0x00, 0x00, 0x20, 0x00, 0x20, 0x00, 0x21, 0x00, 0x21, 0x00, 0x41, 0x00, 0x41, 0x00,
    0x41, 0x00, 0x61, 0x08, 0x61, 0x00, 0x40, 0x00, 0x61, 0x00, 0x61, 0x00, 0x60, 0x00, 0x40, 0x00,
    0x61, 0x00, 0x81, 0x00, 0x81, 0x00, 0xA1, 0x00, 0x81, 0x00, 0x40, 0x00, 0x40, 0x00, 0x40, 0x00,
    0x41, 0x00, 0x40, 0x00, 0x61, 0x00, 0x61, 0x00, 0x61, 0x00, 0x61, 0x00, 0x61, 0x00, 0x61, 0x00,
    0x61, 0x00, 0x41, 0x00, 0x40, 0x00, 0x40, 0x00, 0x81, 0x00, 0x61, 0x00, 0x61, 0x00, 0x61, 0x00,
    0x41, 0x00, 0x40, 0x00, 0xC1, 0x08, 0xE2, 0x08, 0xC1, 0x00, 0xC1, 0x00, 0xC1, 0x00, 0xC2, 0x08,
    0xA1, 0x08, 0xA1, 0x08, 0xA1, 0x08, 0xE2, 0x08, 0x22, 0x11, 0x01, 0x09, 0x21, 0x09, 0x21, 0x09,
    0x21, 0x09, 0x61, 0x11, 0x61, 0x11, 0x62, 0x11, 0xC2, 0x19, 0x81, 0x11, 0xE1, 0x19, 0xC2, 0x21,
    0xA1, 0x00, 0x82, 0x00, 0x61, 0x00, 0x61, 0x00, 0x41, 0x00, 0x21, 0x00, 0x41, 0x00, 0x41, 0x00,
    0x41, 0x00, 0x41, 0x00, 0x41, 0x00, 0x61, 0x00, 0x81, 0x00, 0xA2, 0x19, 0x44, 0x32, 0xA1, 0x00,
    0xA1, 0x00, 0xA1, 0x08, 0x81, 0x00, 0x61, 0x00, 0x61, 0x00, 0x61, 0x00, 0x81, 0x00, 0x02, 0x09,
    0xE2, 0x08, 0xC2, 0x08, 0xA1, 0x00, 0x81, 0x00, 0x82, 0x08, 0xA2, 0x08, 0x81, 0x00, 0x41, 0x00,
    0x20, 0x00, 0x00, 0x00, 0x20, 0x00, 0x20, 0x00, 0x41, 0x00, 0x21, 0x00, 0x00, 0x00, 0x61, 0x00,
    0x81, 0x00, 0xE1, 0x08, 0xC1, 0x08, 0x41, 0x00, 0x41, 0x00, 0x40, 0x00, 0xA2, 0x08, 0xA1, 0x08,
    0x40, 0x00, 0x41, 0x00, 0x41, 0x00, 0x20, 0x00, 0x41, 0x00, 0x61, 0x00, 0xC1, 0x08, 0xE1, 0x00,
    0xE1, 0x08, 0x25, 0x42, 0xA7, 0x62, 0x83, 0x29, 0x63, 0x11, 0x01, 0x09, 0x63, 0x11, 0x22, 0x09,
    0x83, 0x11, 0xE3, 0x19, 0x44, 0x32, 0x65, 0x3A, 0x83, 0x19, 0x81, 0x00, 0x21, 0x00, 0x41, 0x00,
    0x41, 0x00, 0x41, 0x00, 0x41, 0x00, 0x61, 0x00, 0x81, 0x08, 0x82, 0x08, 0x41, 0x00, 0x41, 0x00,
    0x61, 0x00, 0xA1, 0x00, 0xE2, 0x08, 0xE2, 0x10, 0x81, 0x00, 0x61, 0x00, 0x81, 0x00, 0x41, 0x00,
    0x41, 0x00, 0x81, 0x00, 0xA1, 0x00, 0x81, 0x00, 0x61, 0x00, 0x61, 0x00, 0x22, 0x11, 0x83, 0x19,
    0xE2, 0x08, 0x43, 0x11, 0xA4, 0x19, 0xA4, 0x19, 0xA4, 0x19, 0x06, 0x22, 0x63, 0x11, 0x63, 0x11,
    0x83, 0x11, 0x01, 0x01, 0x42, 0x09, 0x42, 0x11, 0xE1, 0x08, 0x22, 0x09, 0x01, 0x09, 0x01, 0x09,
    0x22, 0x09, 0x22, 0x11, 0x22, 0x11, 0x61, 0x00, 0x41, 0x00, 0x41, 0x00, 0x41, 0x00, 0x41, 0x00,
    0x81, 0x00, 0x63, 0x11, 0x22, 0x11, 0x60, 0x00, 0x20, 0x00, 0x20, 0x00, 0x61, 0x00, 0x02, 0x11,
    0x82, 0x19, 0xC2, 0x19, 0x41, 0x11, 0x42, 0x11, 0x22, 0x11, 0x81, 0x00, 0x81, 0x00, 0xA1, 0x00,
    0xE1, 0x08, 0x22, 0x09, 0x62, 0x09, 0x83, 0x11, 0xC4, 0x19, 0x04, 0x22, 0xC4, 0x21, 0xE2, 0x10,
    0x41, 0x00, 0x40, 0x00, 0x41, 0x00, 0x61, 0x00, 0x81, 0x00, 0x81, 0x00, 0xA1, 0x08, 0x81, 0x00,
    0x81, 0x00, 0x81, 0x00, 0xA1, 0x08, 0x81, 0x00, 0x81, 0x00, 0x81, 0x00, 0x81, 0x00, 0x81, 0x00,
    0x81, 0x00, 0x81, 0x00, 0xA1, 0x08, 0xC2, 0x08, 0xC2, 0x00, 0xE2, 0x08, 0x03, 0x09, 0xE2, 0x08,
    0xC2, 0x08, 0xC2, 0x08, 0xA1, 0x08, 0x40, 0x00, 0x20, 0x00, 0x20, 0x00, 0x00, 0x00, 0x00, 0x00,
    0x00, 0x00, 0x40, 0x00, 0x61, 0x00, 0x81, 0x00, 0x61, 0x00, 0x41, 0x00, 0x41, 0x00, 0x41, 0x00,
    0x41, 0x00, 0x41, 0x00, 0x41, 0x00, 0x61, 0x00, 0x61, 0x00, 0x61, 0x00, 0x40, 0x00, 0x61, 0x00,
    0x81, 0x00, 0x81, 0x00, 0x81, 0x00, 0x81, 0x00, 0x81, 0x00, 0x41, 0x00, 0x41, 0x00, 0x41, 0x00,
    0x61, 0x00, 0x61, 0x00, 0x61, 0x00, 0x61, 0x00, 0x61, 0x00, 0x61, 0x00, 0x61, 0x00, 0x61, 0x00,
    0x61, 0x00, 0x61, 0x00, 0x40, 0x00, 0x40, 0x00, 0x81, 0x08, 0x81, 0x00, 0x61, 0x00, 0x61, 0x00,
    0x82, 0x00, 0x41, 0x00, 0x41, 0x00, 0xC2, 0x08, 0xC2, 0x08, 0xA1, 0x08, 0xA1, 0x08, 0xC2, 0x08,
    0xC2, 0x08, 0xC2, 0x08, 0xA1, 0x08, 0xE1, 0x08, 0x21, 0x11, 0x21, 0x09, 0xE1, 0x08, 0xE1, 0x08,
    0xE1, 0x08, 0xE1, 0x08, 0xE1, 0x08, 0x01, 0x09, 0x41, 0x11, 0x61, 0x09, 0x82, 0x11, 0x22, 0x22,
    0x42, 0x11, 0xA2, 0x00, 0x81, 0x00, 0x61, 0x00, 0x41, 0x00, 0x41, 0x00, 0x41, 0x00, 0x41, 0x00,
    0x41, 0x00, 0x21, 0x00, 0x20, 0x00, 0x61, 0x00, 0x82, 0x00, 0x01, 0x11, 0xE4, 0x29, 0xA1, 0x00,
    0xC2, 0x08, 0xA1, 0x08, 0xA1, 0x08, 0x61, 0x00, 0x61, 0x00, 0x61, 0x00, 0x61, 0x00, 0xC2, 0x08,
    0xE1, 0x08, 0x81, 0x00, 0x81, 0x08, 0x61, 0x00, 0x41, 0x00, 0x41, 0x00, 0x20, 0x00, 0x00, 0x00,
    0x00, 0x00, 0x61, 0x00, 0xC2, 0x08, 0xE3, 0x08, 0x24, 0x11, 0xE3, 0x08, 0x81, 0x00, 0x20, 0x00,
    0x81, 0x08, 0xC1, 0x08, 0x81, 0x00, 0x41, 0x00, 0xC2, 0x08, 0xE2, 0x08, 0x81, 0x00, 0xA1, 0x00,
    0x40, 0x00, 0x41, 0x00, 0x41, 0x00, 0x20, 0x00, 0x20, 0x00, 0x61, 0x00, 0xC2, 0x08, 0xE1, 0x08,
    0xC4, 0x29, 0x05, 0x3A, 0x42, 0x21, 0x63, 0x19, 0x42, 0x09, 0x22, 0x11, 0xE2, 0x08, 0x40, 0x00,
    0x61, 0x00, 0x63, 0x11, 0x04, 0x22, 0x23, 0x22, 0x24, 0x22, 0x83, 0x19, 0x40, 0x00, 0x41, 0x00,
    0x61, 0x00, 0x61, 0x00, 0x41, 0x00, 0x41, 0x00, 0x41, 0x00, 0x61, 0x00, 0x41, 0x00, 0x41, 0x00,
    0xA1, 0x08, 0x22, 0x11, 0xE2, 0x08, 0xC1, 0x08, 0xC1, 0x08, 0xE2, 0x08, 0xE1, 0x08, 0xC1, 0x00,
    0x22, 0x09, 0x42, 0x11, 0x83, 0x19, 0x62, 0x11, 0xC1, 0x08, 0x61, 0x00, 0x81, 0x00, 0xC1, 0x08,
    0x84, 0x11, 0x43, 0x09, 0x22, 0x09, 0x23, 0x09, 0x63, 0x11, 0x84, 0x19, 0x83, 0x11, 0x63, 0x11,
    0xC5, 0x19, 0xE5, 0x21, 0x63, 0x11, 0x83, 0x11, 0x83, 0x11, 0x42, 0x09, 0x63, 0x11, 0x22, 0x09,
    0x42, 0x11, 0x42, 0x11, 0xC1, 0x08, 0x40, 0x00, 0x41, 0x00, 0x41, 0x00, 0x41, 0x00, 0x41, 0x00,
    0x41, 0x00, 0xE2, 0x08, 0x63, 0x11, 0xA1, 0x08, 0x20, 0x00, 0x20, 0x00, 0x20, 0x00, 0x40, 0x00,
    0x82, 0x19, 0xA1, 0x19, 0x03, 0x2A, 0xE0, 0x08, 0x60, 0x00, 0x81, 0x00, 0x81, 0x00, 0xA1, 0x08,
    0xE1, 0x08, 0x02, 0x09, 0x22, 0x09, 0x42, 0x11, 0x62, 0x11, 0xA3, 0x19, 0xE4, 0x21, 0x45, 0x2A,
    0xC3, 0x19, 0x60, 0x00, 0x41, 0x00, 0x81, 0x08, 0x81, 0x00, 0x81, 0x08, 0xA1, 0x08, 0xA1, 0x08,
    0xA1, 0x08, 0xA1, 0x08, 0xA1, 0x08, 0xA1, 0x08, 0xA1, 0x00, 0x81, 0x08, 0x81, 0x00, 0x81, 0x08,
    0x81, 0x08, 0x81, 0x00, 0x81, 0x00, 0xA1, 0x08, 0xC2, 0x08, 0xE2, 0x08, 0x23, 0x09, 0xE2, 0x08,
    0xC2, 0x00, 0xE3, 0x08, 0x61, 0x00, 0x41, 0x00, 0x21, 0x00, 0x00, 0x00, 0x21, 0x00, 0x21, 0x00,
    0x61, 0x00, 0xC1, 0x08, 0xA1, 0x08, 0xA2, 0x08, 0x61, 0x00, 0x61, 0x00, 0x61, 0x00, 0x61, 0x00,
    0x41, 0x00, 0x41, 0x00, 0x41, 0x00, 0x61, 0x00, 0x61, 0x00, 0x61, 0x00, 0x40, 0x00, 0x81, 0x00,
    0xA1, 0x08, 0xA1, 0x00, 0xA1, 0x08, 0x81, 0x00, 0x61, 0x00, 0x61, 0x00, 0x41, 0x00, 0x41, 0x00,
    0x41, 0x00, 0x61, 0x00, 0x81, 0x00, 0x61, 0x00, 0x61, 0x00, 0x81, 0x00, 0x81, 0x00, 0x81, 0x00,
    0xA1, 0x08, 0x81, 0x00, 0x40, 0x00, 0x41, 0x00, 0xA2, 0x08, 0xC2, 0x08, 0xE2, 0x08, 0xC2, 0x08,
    0xC2, 0x08, 0x41, 0x00, 0x20, 0x00, 0x40, 0x00, 0x61, 0x00, 0x41, 0x00, 0x61, 0x00, 0x61, 0x00,
    0x81, 0x08, 0x81, 0x08, 0xA1, 0x08, 0xA1, 0x08, 0x61, 0x00, 0x01, 0x09, 0x01, 0x09, 0xE1, 0x08,
    0xC1, 0x08, 0xE1, 0x08, 0xE1, 0x08, 0xE1, 0x08, 0x01, 0x09, 0x01, 0x09, 0x21, 0x09, 0x81, 0x11,
    0x62, 0x11, 0xA2, 0x00, 0x82, 0x00, 0x41, 0x00, 0x41, 0x00, 0x41, 0x00, 0x41, 0x00, 0x41, 0x00,
    0x20, 0x00, 0x20, 0x00, 0x21, 0x00, 0x81, 0x08, 0xA1, 0x08, 0xA1, 0x08, 0xE2, 0x08, 0xC2, 0x08,
    0xC2, 0x08, 0xA2, 0x08, 0xA1, 0x00, 0x81, 0x00, 0x61, 0x00, 0x41, 0x00, 0x61, 0x00, 0x61, 0x00,
    0xE1, 0x08, 0xA1, 0x08, 0x00, 0x00, 0x20, 0x00, 0x20, 0x00, 0x00, 0x00, 0x20, 0x00, 0x61, 0x00,
    0x81, 0x00, 0x02, 0x09, 0x43, 0x09, 0x84, 0x11, 0xE6, 0x21, 0xE6, 0x19, 0x85, 0x11, 0xC2, 0x08,
    0x40, 0x00, 0x81, 0x00, 0x41, 0x00, 0x81, 0x00, 0x22, 0x11, 0x02, 0x09, 0xC1, 0x08, 0xC2, 0x08,
    0x41, 0x00, 0x21, 0x00, 0x41, 0x00, 0x20, 0x00, 0x21, 0x00, 0x40, 0x00, 0xC1, 0x08, 0x22, 0x11,
    0xC4, 0x21, 0x21, 0x11, 0x01, 0x11, 0x42, 0x11, 0x43, 0x11, 0xC2, 0x08, 0x40, 0x00, 0x21, 0x00,
    0x20, 0x00, 0x61, 0x00, 0xE1, 0x08, 0x83, 0x19, 0x44, 0x2A, 0x45, 0x2A, 0xC2, 0x08, 0x20, 0x00,
    0x61, 0x00, 0x41, 0x00, 0x41, 0x00, 0x81, 0x08, 0x41, 0x00, 0x40, 0x00, 0x40, 0x00, 0x61, 0x00,
    0x22, 0x11, 0xC1, 0x00, 0xA1, 0x00, 0x61, 0x00, 0x02, 0x09, 0x22, 0x09, 0xC1, 0x08, 0xA1, 0x00,
    0xE2, 0x08, 0x42, 0x11, 0xC3, 0x19, 0xA3, 0x19, 0x62, 0x11, 0xC1, 0x00, 0x81, 0x00, 0x81, 0x00,
    0xE4, 0x21, 0x05, 0x22, 0x26, 0x2A, 0xA4, 0x19, 0x42, 0x09, 0x22, 0x09, 0x63, 0x11, 0x84, 0x11,
    0x43, 0x11, 0x42, 0x09, 0x84, 0x19, 0x83, 0x11, 0x42, 0x09, 0x83, 0x11, 0x42, 0x09, 0x22, 0x09,
    0x22, 0x09, 0x02, 0x09, 0x40, 0x00, 0x41, 0x00, 0x41, 0x00, 0x41, 0x00, 0x41, 0x00, 0x41, 0x00,
    0x40, 0x00, 0x81, 0x00, 0x02, 0x09, 0xC2, 0x08, 0x41, 0x00, 0x20, 0x00, 0x21, 0x00, 0x00, 0x00,
    0x22, 0x11, 0xE2, 0x21, 0xC2, 0x21, 0x82, 0x21, 0x60, 0x00, 0xC1, 0x08, 0xC1, 0x08, 0xE1, 0x08,
    0xE1, 0x08, 0x21, 0x09, 0x22, 0x09, 0x21, 0x09, 0x42, 0x11, 0x62, 0x11, 0x62, 0x11, 0x82, 0x11,
    0xC3, 0x19, 0xA3, 0x19, 0x81, 0x00, 0x61, 0x00, 0x81, 0x00, 0xA1, 0x08, 0xA1, 0x08, 0xA1, 0x08,
    0xA1, 0x08, 0xC1, 0x08, 0xC1, 0x08, 0xA1, 0x08, 0x81, 0x00, 0x81, 0x00, 0xA1, 0x08, 0x81, 0x00,
    0xA1, 0x08, 0xA1, 0x08, 0xA1, 0x08, 0x81, 0x00, 0x81, 0x00, 0xA1, 0x00, 0xE2, 0x08, 0xE2, 0x08,
    0xC2, 0x08, 0xC2, 0x08, 0x41, 0x00, 0x41, 0x00, 0x41, 0x00, 0x20, 0x00, 0x20, 0x00, 0xA1, 0x08,
    0xC1, 0x00, 0xC1, 0x08, 0x61, 0x00, 0x20, 0x00, 0x40, 0x00, 0x20, 0x00, 0x41, 0x00, 0x61, 0x00,
    0x41, 0x00, 0x61, 0x00, 0x81, 0x00, 0x61, 0x00, 0x61, 0x00, 0x60, 0x00, 0x61, 0x00, 0xA1, 0x08,
    0xC1, 0x08, 0xC1, 0x08, 0xA1, 0x08, 0x61, 0x00, 0x61, 0x00, 0x61, 0x00, 0x61, 0x00, 0x41, 0x00,
    0x61, 0x00, 0x61, 0x00, 0x61, 0x00, 0x61, 0x00, 0x61, 0x08, 0xA1, 0x08, 0xA1, 0x08, 0xA1, 0x08,
    0xE2, 0x08, 0x81, 0x00, 0x20, 0x00, 0x41, 0x00, 0xA2, 0x08, 0x03, 0x09, 0x43, 0x09, 0xE3, 0x08,
    0xA2, 0x08, 0x81, 0x00, 0xA2, 0x08, 0x61, 0x00, 0x41, 0x00, 0x20, 0x00, 0x20, 0x00, 0x20, 0x00,
    0x41, 0x00, 0x61, 0x00, 0x40, 0x00, 0x20, 0x00, 0x21, 0x00, 0x60, 0x00, 0xE1, 0x08, 0x01, 0x09,
    0x01, 0x09, 0xE1, 0x08, 0xE1, 0x08, 0x01, 0x09, 0x21, 0x09, 0x21, 0x11, 0x41, 0x11, 0x61, 0x11,
    0xE3, 0x21, 0x02, 0x09, 0x61, 0x00, 0x41, 0x00, 0x41, 0x00, 0x61, 0x00, 0x81, 0x00, 0x81, 0x08,
    0x61, 0x00, 0x41, 0x00, 0x41, 0x00, 0x81, 0x00, 0xA1, 0x08, 0xA1, 0x08, 0xC2, 0x08, 0xC2, 0x08,
    0xC2, 0x08, 0xE2, 0x08, 0xA1, 0x08, 0xA1, 0x08, 0x81, 0x00, 0x41, 0x00, 0x61, 0x00, 0x61, 0x00,
    0x40, 0x00, 0xC1, 0x08, 0x81, 0x00, 0x41, 0x00, 0x41, 0x00, 0x41, 0x00, 0xE2, 0x08, 0x43, 0x11,
    0x22, 0x09, 0x02, 0x09, 0x23, 0x09, 0xC5, 0x19, 0x27, 0x2A, 0x27, 0x22, 0xA5, 0x19, 0x23, 0x11,
    0xE2, 0x08, 0x81, 0x00, 0x61, 0x00, 0x81, 0x00, 0xC1, 0x08, 0x21, 0x09, 0x42, 0x11, 0xC1, 0x08,
    0x40, 0x00, 0x41, 0x00, 0x20, 0x00, 0x20, 0x00, 0x40, 0x00, 0xA1, 0x08, 0x22, 0x11, 0x01, 0x09,
    0x63, 0x19, 0x22, 0x11, 0xE1, 0x08, 0x22, 0x09, 0xC1, 0x08, 0x20, 0x00, 0x21, 0x00, 0x41, 0x00,
    0x41, 0x00, 0x61, 0x00, 0x40, 0x00, 0x60, 0x00, 0xE1, 0x08, 0xE4, 0x21, 0x63, 0x11, 0x20, 0x00,
    0x41, 0x00, 0x41, 0x00, 0x20, 0x00, 0x41, 0x00, 0x41, 0x00, 0x20, 0x00, 0x41, 0x00, 0xA1, 0x00,
    0xA3, 0x19, 0xA3, 0x19, 0x42, 0x11, 0xE1, 0x08, 0x01, 0x09, 0x42, 0x11, 0x02, 0x11, 0xA1, 0x00,
    0x02, 0x09, 0x63, 0x11, 0x22, 0x09, 0xC1, 0x00, 0xC1, 0x08, 0xA1, 0x08, 0x61, 0x00, 0x61, 0x00,
    0xC8, 0x3A, 0x46, 0x2A, 0x83, 0x11, 0x83, 0x11, 0xE5, 0x21, 0x46, 0x2A, 0xC5, 0x19, 0x43, 0x09,
    0xA4, 0x19, 0x06, 0x22, 0xC5, 0x19, 0x84, 0x19, 0x06, 0x22, 0xA4, 0x19, 0x84, 0x11, 0x63, 0x11,
    0x43, 0x11, 0xA1, 0x08, 0x40, 0x00, 0x41, 0x00, 0x41, 0x00, 0x41, 0x00, 0x41, 0x00, 0x41, 0x00,
    0x41, 0x00, 0x61, 0x00, 0xE2, 0x08, 0xA1, 0x00, 0x61, 0x00, 0x41, 0x00, 0x41, 0x00, 0x00, 0x00,
    0xA1, 0x08, 0x03, 0x2A, 0xA1, 0x19, 0x23, 0x2A, 0x62, 0x19, 0xA1, 0x00, 0x01, 0x09, 0x01, 0x09,
    0x21, 0x09, 0x01, 0x09, 0x01, 0x09, 0x22, 0x11, 0x42, 0x11, 0x22, 0x09, 0x21, 0x09, 0x41, 0x11,
    0x61, 0x11, 0x82, 0x11, 0x83, 0x11, 0xC1, 0x08, 0xA1, 0x00, 0xC1, 0x08, 0xA1, 0x00, 0x81, 0x00,
    0x81, 0x00, 0xA1, 0x08, 0xC2, 0x08, 0xA1, 0x08, 0xA1, 0x08, 0xA1, 0x08, 0xA1, 0x00, 0xC1, 0x08,
    0xA1, 0x08, 0xA1, 0x08, 0xA1, 0x08, 0xA1, 0x08, 0x81, 0x00, 0x41, 0x00, 0xA2, 0x08, 0xE2, 0x08,
    0xE2, 0x08, 0x81, 0x00, 0x41, 0x00, 0x41, 0x00, 0x41, 0x00, 0x20, 0x00, 0x81, 0x08, 0xC1, 0x08,
    0xC1, 0x08, 0x81, 0x00, 0x20, 0x00, 0x20, 0x00, 0x40, 0x00, 0x41, 0x00, 0x41, 0x00, 0x41, 0x00,
    0x61, 0x00, 0xA1, 0x08, 0xA1, 0x08, 0x81, 0x00, 0x61, 0x00, 0x81, 0x00, 0x61, 0x00, 0xA1, 0x08,
    0xE1, 0x08, 0xC1, 0x08, 0x81, 0x00, 0x61, 0x00, 0x81, 0x00, 0x81, 0x00, 0x61, 0x00, 0x61, 0x00,
    0x61, 0x00, 0x61, 0x00, 0x81, 0x00, 0x40, 0x00, 0x20, 0x00, 0x41, 0x00, 0x81, 0x00, 0xC2, 0x08,
    0xE2, 0x08, 0x81, 0x00, 0x20, 0x00, 0x41, 0x00, 0xC2, 0x08, 0x64, 0x11, 0x44, 0x11, 0xA2, 0x00,
    0xA1, 0x08, 0x03, 0x09, 0x23, 0x09, 0xC2, 0x00, 0x61, 0x00, 0x40, 0x00, 0x41, 0x00, 0x61, 0x00,
    0x81, 0x00, 0x81, 0x00, 0x61, 0x00, 0x20, 0x00, 0x21, 0x00, 0x21, 0x00, 0x40, 0x00, 0xA1, 0x00,
    0x02, 0x09, 0x21, 0x09, 0x21, 0x09, 0xE1, 0x08, 0xA1, 0x00, 0x60, 0x00, 0x60, 0x00, 0x80, 0x00,
    0x22, 0x11, 0x03, 0x11, 0x40, 0x00, 0x20, 0x00, 0x61, 0x00, 0xA1, 0x08, 0xA1, 0x08, 0xC2, 0x08,
    0xC2, 0x08, 0xA2, 0x08, 0x61, 0x00, 0x81, 0x00, 0xA1, 0x08, 0xA1, 0x08, 0xA1, 0x08, 0xA1, 0x08,
    0xA1, 0x00, 0xC2, 0x08, 0xC2, 0x08, 0xC2, 0x08, 0xC2, 0x08, 0x81, 0x00, 0x40, 0x00, 0x41, 0x00,
    0x61, 0x00, 0x61, 0x00, 0x22, 0x09, 0x42, 0x11, 0x21, 0x09, 0x42, 0x11, 0x62, 0x11, 0x62, 0x09,
    0x22, 0x09, 0x43, 0x09, 0x84, 0x11, 0xA5, 0x11, 0x06, 0x22, 0x06, 0x22, 0x63, 0x11, 0x03, 0x09,
    0x23, 0x09, 0xC1, 0x00, 0x61, 0x00, 0xA1, 0x08, 0x02, 0x11, 0x22, 0x11, 0xC1, 0x08, 0x40, 0x00,
    0x41, 0x00, 0x41, 0x00, 0x41, 0x00, 0x61, 0x00, 0xE1, 0x08, 0xA3, 0x19, 0x83, 0x19, 0xC4, 0x21,
    0x83, 0x21, 0x22, 0x11, 0x63, 0x19, 0xC2, 0x08, 0x41, 0x00, 0x21, 0x00, 0x20, 0x00, 0x20, 0x00,
    0x21, 0x00, 0x41, 0x00, 0x61, 0x00, 0x61, 0x00, 0x41, 0x00, 0x60, 0x00, 0x22, 0x11, 0xC2, 0x08,
    0x21, 0x00, 0x41, 0x00, 0x20, 0x00, 0x20, 0x00, 0x20, 0x00, 0x20, 0x00, 0x61, 0x00, 0xA1, 0x08,
    0x62, 0x11, 0x22, 0x09, 0x22, 0x11, 0x22, 0x09, 0xA1, 0x00, 0x81, 0x00, 0x81, 0x00, 0xE2, 0x08,
    0x02, 0x09, 0xC1, 0x00, 0xA1, 0x00, 0xE1, 0x08, 0xA1, 0x00, 0x81, 0x00, 0x81, 0x00, 0x61, 0x00,
    0x84, 0x19, 0x67, 0x32, 0xA8, 0x3A, 0xC8, 0x3A, 0x46, 0x2A, 0x63, 0x11, 0x63, 0x11, 0x26, 0x2A,
    0x67, 0x32, 0x84, 0x11, 0xC5, 0x19, 0x67, 0x32, 0xA5, 0x19, 0xA4, 0x11, 0xA4, 0x19, 0x43, 0x11,
    0x02, 0x09, 0x40, 0x00, 0x41, 0x00, 0x41, 0x00, 0x41, 0x00, 0x41, 0x00, 0x41, 0x00, 0x41, 0x00,
    0x40, 0x00, 0x41, 0x00, 0x61, 0x00, 0x40, 0x00, 0x20, 0x00, 0x40, 0x00, 0x41, 0x00, 0x61, 0x00,
    0x40, 0x00, 0x81, 0x00, 0x23, 0x2A, 0xC2, 0x21, 0x03, 0x2A, 0x41, 0x19, 0xE1, 0x08, 0x01, 0x09,
    0x21, 0x09, 0x21, 0x09, 0x01, 0x09, 0x01, 0x09, 0x21, 0x09, 0x22, 0x11, 0x21, 0x11, 0x42, 0x11,
    0x42, 0x11, 0x41, 0x11, 0xC3, 0x19, 0x62, 0x11, 0xA1, 0x00, 0xA1, 0x08, 0xC1, 0x08, 0xC1, 0x08,
    0xE1, 0x08, 0xE2, 0x08, 0xC1, 0x08, 0xC1, 0x08, 0xA1, 0x00, 0xC1, 0x08, 0xC1, 0x08, 0xA1, 0x00,
    0xC2, 0x08, 0xC1, 0x08, 0xC1, 0x00, 0xC2, 0x08, 0x81, 0x08, 0x41, 0x00, 0x61, 0x00, 0xA1, 0x00,
    0xC2, 0x08, 0x81, 0x00, 0x41, 0x00, 0x41, 0x00, 0x20, 0x00, 0xC1, 0x08, 0xE1, 0x08, 0xE1, 0x08,
    0xA1, 0x08, 0x20, 0x00, 0x20, 0x00, 0x21, 0x00, 0x41, 0x00, 0x20, 0x00, 0x60, 0x00, 0xA1, 0x08,
    0xC1, 0x08, 0xA1, 0x08, 0xC1, 0x08, 0xC1, 0x08, 0x81, 0x08, 0x81, 0x00, 0x61, 0x00, 0xC1, 0x08,
    0xE1, 0x08, 0xE1, 0x08, 0x81, 0x00, 0x81, 0x00, 0xA1, 0x00, 0xA1, 0x00, 0x81, 0x00, 0x81, 0x00,
    0x81, 0x00, 0x81, 0x00, 0xA1, 0x08, 0x61, 0x00, 0x20, 0x00, 0x21, 0x00, 0x20, 0x00, 0x40, 0x00,
    0xA1, 0x08, 0x61, 0x00, 0x21, 0x00, 0x41, 0x00, 0x03, 0x09, 0xA5, 0x19, 0xE2, 0x08, 0x40, 0x00,
    0xC2, 0x08, 0x02, 0x09, 0x23, 0x09, 0x23, 0x09, 0xC2, 0x08, 0x61, 0x00, 0x61, 0x00, 0xA1, 0x08,
    0xA2, 0x00, 0xA2, 0x08, 0x41, 0x00, 0x20, 0x00, 0x20, 0x00, 0x41, 0x00, 0x21, 0x00, 0x41, 0x00,
    0x61, 0x00, 0x81, 0x00, 0x81, 0x00, 0x61, 0x00, 0x41, 0x00, 0x21, 0x00, 0x20, 0x00, 0x20, 0x00,
    0x61, 0x00, 0x82, 0x00, 0x21, 0x00, 0x40, 0x00, 0x81, 0x00, 0x81, 0x00, 0xA2, 0x08, 0xC1, 0x08,
    0xA1, 0x00, 0xA1, 0x00, 0xC2, 0x08, 0xC2, 0x08, 0xA2, 0x08, 0xA1, 0x08, 0xA1, 0x08, 0xA1, 0x08,
    0xA1, 0x00, 0xA1, 0x00, 0xA1, 0x08, 0xC2, 0x08, 0xE2, 0x08, 0xE2, 0x08, 0x81, 0x00, 0x41, 0x00,
    0x61, 0x00, 0x81, 0x00, 0xE1, 0x08, 0x61, 0x11, 0xA1, 0x11, 0xC1, 0x11, 0xE1, 0x19, 0xA2, 0x19,
    0x22, 0x09, 0x63, 0x11, 0x63, 0x11, 0x22, 0x09, 0x23, 0x11, 0x43, 0x11, 0x63, 0x11, 0x02, 0x09,
    0xE2, 0x08, 0xE2, 0x08, 0xA1, 0x08, 0x40, 0x00, 0x20, 0x00, 0x20, 0x00, 0x20, 0x00, 0x41, 0x00,
    0x41, 0x00, 0x41, 0x00, 0x40, 0x00, 0x22, 0x09, 0x83, 0x19, 0xE4, 0x21, 0xE5, 0x29, 0xE5, 0x29,
    0x42, 0x11, 0x22, 0x11, 0x81, 0x08, 0x40, 0x00, 0x41, 0x00, 0x41, 0x00, 0x41, 0x00, 0x41, 0x00,
    0x41, 0x00, 0x20, 0x00, 0x61, 0x00, 0x61, 0x00, 0x81, 0x08, 0x62, 0x00, 0x61, 0x00, 0x81, 0x08,
    0x41, 0x00, 0x41, 0x00, 0x20, 0x00, 0x20, 0x00, 0x20, 0x00, 0x20, 0x00, 0x41, 0x00, 0xC1, 0x08,
    0x62, 0x11, 0x22, 0x09, 0x42, 0x11, 0x22, 0x11, 0x61, 0x00, 0xA1, 0x08, 0xC2, 0x08, 0xE1, 0x08,
    0xE1, 0x08, 0xA1, 0x00, 0x22, 0x09, 0x62, 0x11, 0x01, 0x09, 0x01, 0x09, 0x42, 0x11, 0xE2, 0x08,
    0xC1, 0x00, 0xC4, 0x21, 0x87, 0x32, 0xC4, 0x19, 0x63, 0x11, 0x26, 0x2A, 0x88, 0x3A, 0xC5, 0x21,
    0x43, 0x09, 0x26, 0x22, 0x88, 0x32, 0x84, 0x11, 0xC5, 0x19, 0xC5, 0x19, 0x42, 0x09, 0x63, 0x11,
    0x81, 0x00, 0x40, 0x00, 0x40, 0x00, 0x40, 0x00, 0x40, 0x00, 0x20, 0x00, 0x20, 0x00, 0x20, 0x00,
    0x20, 0x00, 0x41, 0x00, 0x41, 0x00, 0x41, 0x00, 0x41, 0x00, 0x41, 0x00, 0x41, 0x00, 0x61, 0x00,
    0x61, 0x00, 0x20, 0x00, 0xC1, 0x08, 0xE3, 0x29, 0xA1, 0x19, 0x23, 0x2A, 0x41, 0x11, 0x01, 0x09,
    0x01, 0x09, 0x21, 0x09, 0x21, 0x09, 0x21, 0x09, 0x01, 0x09, 0x01, 0x09, 0x21, 0x09, 0x21, 0x09,
    0x41, 0x11, 0x41, 0x11, 0x82, 0x11, 0xA3, 0x19, 0xE1, 0x08, 0xC1, 0x08, 0xE1, 0x08, 0x02, 0x09,
    0xE1, 0x08, 0xC1, 0x08, 0xA1, 0x00, 0xC1, 0x08, 0xE1, 0x08, 0xA1, 0x00, 0xC1, 0x08, 0xE2, 0x08,
    0xC1, 0x00, 0xE2, 0x08, 0xE2, 0x08, 0xA1, 0x00, 0x61, 0x00, 0x41, 0x00, 0x41, 0x00, 0x41, 0x00,
    0xA2, 0x08, 0x81, 0x00, 0x41, 0x00, 0x21, 0x00, 0xE1, 0x08, 0x01, 0x09, 0xE1, 0x08, 0xA1, 0x08,
    0x20, 0x00, 0x41, 0x00, 0x41, 0x00, 0x21, 0x00, 0x21, 0x00, 0x40, 0x00, 0xA1, 0x08, 0x01, 0x09,
    0xC1, 0x08, 0xA1, 0x08, 0xE1, 0x08, 0xE1, 0x08, 0x81, 0x00, 0x41, 0x00, 0x61, 0x00, 0xA1, 0x08,
    0xE1, 0x08, 0xE1, 0x08, 0xA1, 0x00, 0xA1, 0x00, 0xA1, 0x00, 0xA1, 0x08, 0x81, 0x00, 0xA1, 0x00,
    0x81, 0x00, 0xA1, 0x08, 0xC1, 0x08, 0x61, 0x00, 0x20, 0x00, 0x41, 0x00, 0x21, 0x00, 0x21, 0x00,
    0x40, 0x00, 0x41, 0x00, 0x41, 0x00, 0x41, 0x00, 0x03, 0x11, 0x03, 0x09, 0x41, 0x00, 0x41, 0x00,
    0xA2, 0x08, 0xA2, 0x08, 0xA1, 0x08, 0xE2, 0x08, 0xE2, 0x08, 0x81, 0x08, 0xA2, 0x08, 0xA1, 0x00,
    0x61, 0x00, 0x41, 0x00, 0x20, 0x00, 0x20, 0x00, 0x20, 0x00, 0x21, 0x00, 0x21, 0x00, 0x20, 0x00,
    0x21, 0x00, 0x41, 0x00, 0x41, 0x00, 0x41, 0x00, 0x41, 0x00, 0x41, 0x00, 0x20, 0x00, 0x20, 0x00,
    0x41, 0x00, 0x41, 0x00, 0x41, 0x00, 0x41, 0x00, 0x81, 0x00, 0xA1, 0x00, 0xC1, 0x08, 0xA1, 0x08,
    0xA2, 0x08, 0x81, 0x00, 0x81, 0x00, 0xA1, 0x08, 0x81, 0x00, 0x81, 0x00, 0x81, 0x00, 0x81, 0x08,
    0x81, 0x00, 0x81, 0x00, 0x81, 0x00, 0xA1, 0x00, 0xA1, 0x00, 0xC2, 0x08, 0xE2, 0x08, 0x81, 0x00,
    0x61, 0x00, 0xC2, 0x08, 0xC1, 0x08, 0x01, 0x09, 0x62, 0x11, 0x61, 0x11, 0x81, 0x11, 0x62, 0x11,
    0xE1, 0x08, 0xE2, 0x08, 0x02, 0x09, 0x02, 0x09, 0xA1, 0x00, 0xE1, 0x08, 0x22, 0x09, 0x01, 0x09,
    0x02, 0x09, 0x02, 0x09, 0x01, 0x09, 0xE1, 0x08, 0x81, 0x00, 0x20, 0x00, 0x41, 0x00, 0x81, 0x00,
    0x21, 0x00, 0x20, 0x00, 0x42, 0x11, 0xE4, 0x21, 0xC4, 0x21, 0xC4, 0x21, 0x43, 0x19, 0xE1, 0x08,
    0x02, 0x11, 0x81, 0x00, 0x20, 0x00, 0x41, 0x00, 0x41, 0x00, 0x41, 0x00, 0x41, 0x00, 0x61, 0x00,
    0x41, 0x00, 0x41, 0x00, 0x61, 0x00, 0x61, 0x00, 0xA2, 0x08, 0xA2, 0x08, 0x61, 0x00, 0x61, 0x00,
    0x41, 0x00, 0x21, 0x00, 0x20, 0x00, 0x21, 0x00, 0x21, 0x00, 0x20, 0x00, 0x40, 0x00, 0x81, 0x00,
    0x01, 0x09, 0x22, 0x11, 0xE1, 0x08, 0xA1, 0x08, 0x81, 0x00, 0xA1, 0x08, 0xC2, 0x08, 0xC1, 0x08,
    0xA1, 0x00, 0xE2, 0x08, 0xA3, 0x19, 0xA3, 0x19, 0x42, 0x09, 0x01, 0x09, 0x82, 0x11, 0x83, 0x11,
    0x22, 0x09, 0xA0, 0x00, 0x83, 0x19, 0x46, 0x2A, 0xA7, 0x32, 0x67, 0x32, 0x63, 0x11, 0x63, 0x11,
    0x67, 0x32, 0x67, 0x32, 0x43, 0x09, 0xC5, 0x21, 0x26, 0x2A, 0x43, 0x09, 0x84, 0x19, 0xE2, 0x08,
    0x40, 0x00, 0x41, 0x00, 0x41, 0x00, 0x41, 0x00, 0x61, 0x00, 0x41, 0x00, 0x20, 0x00, 0x20, 0x00,
    0x20, 0x00, 0x20, 0x00, 0x20, 0x00, 0x20, 0x00, 0x41, 0x00, 0x41, 0x00, 0x41, 0x00, 0x41, 0x00,
    0x41, 0x00, 0x41, 0x00, 0x20, 0x00, 0x41, 0x00, 0xE1, 0x08, 0xA3, 0x19, 0xA3, 0x19, 0x01, 0x09,
    0x21, 0x09, 0x21, 0x09, 0x01, 0x09, 0x21, 0x09, 0x21, 0x09, 0x21, 0x09, 0x21, 0x09, 0x42, 0x11,
    0x62, 0x11, 0x62, 0x11, 0x61, 0x11, 0xA2, 0x19, 0x22, 0x09, 0xE2, 0x08, 0x02, 0x09, 0x02, 0x09,
    0xE2, 0x08, 0xC1, 0x08, 0xE2, 0x08, 0xA1, 0x08, 0xC1, 0x08, 0x02, 0x09, 0xC1, 0x00, 0xE1, 0x08,
    0xE1, 0x08, 0xC1, 0x00, 0xE2, 0x08, 0x40, 0x00, 0x20, 0x00, 0x21, 0x00, 0x41, 0x00, 0x41, 0x00,
    0x61, 0x00, 0x61, 0x00, 0x20, 0x00, 0xE1, 0x08, 0x41, 0x09, 0x01, 0x09, 0xC1, 0x08, 0x40, 0x00,
    0x41, 0x00, 0x41, 0x00, 0x41, 0x00, 0x41, 0x00, 0x40, 0x00, 0xA1, 0x08, 0xE1, 0x08, 0xE1, 0x08,
    0xC1, 0x08, 0xC1, 0x08, 0xE1, 0x08, 0x21, 0x09, 0xC1, 0x08, 0x41, 0x00, 0x61, 0x00, 0xA1, 0x00,
    0xE1, 0x08, 0xE1, 0x08, 0xA1, 0x00, 0xC1, 0x08, 0xE1, 0x08, 0xA1, 0x08, 0xA1, 0x08, 0xC1, 0x08,
    0xA1, 0x08, 0xA1, 0x08, 0xA1, 0x08, 0x61, 0x00, 0x20, 0x00, 0x21, 0x00, 0x20, 0x00, 0x20, 0x00,
    0x61, 0x00, 0x41, 0x00, 0x41, 0x00, 0x40, 0x00, 0x41, 0x00, 0x41, 0x00, 0x41, 0x00, 0x41, 0x00,
    0x61, 0x00, 0xA1, 0x08, 0xE2, 0x08, 0x02, 0x09, 0x01, 0x09, 0x21, 0x09, 0xC1, 0x08, 0xA2, 0x08,
    0x81, 0x08, 0x41, 0x00, 0x20, 0x00, 0x00, 0x00, 0x20, 0x00, 0x20, 0x00, 0x20, 0x00, 0x20, 0x00,
    0x20, 0x00, 0x21, 0x00, 0x61, 0x00, 0x61, 0x00, 0x41, 0x00, 0x41, 0x00, 0x41, 0x00, 0x20, 0x00,
    0x20, 0x00, 0x41, 0x00, 0x41, 0x00, 0x61, 0x00, 0x81, 0x00, 0xA1, 0x00, 0xC1, 0x08, 0xA2, 0x08,
    0x61, 0x00, 0x40, 0x00, 0x20, 0x00, 0x20, 0x00, 0x20, 0x00, 0x20, 0x00, 0x41, 0x00, 0x41, 0x00,
    0x41, 0x00, 0x41, 0x00, 0x61, 0x00, 0x61, 0x00, 0x81, 0x00, 0x81, 0x00, 0xA1, 0x00, 0x81, 0x00,
    0x81, 0x08, 0xA1, 0x00, 0xA1, 0x00, 0x02, 0x11, 0xA1, 0x00, 0xA1, 0x08, 0xC1, 0x08, 0xA1, 0x08,
    0xA1, 0x08, 0xC1, 0x08, 0xC1, 0x08, 0xA1, 0x08, 0x81, 0x00, 0x81, 0x00, 0xA1, 0x00, 0xC1, 0x08,
    0x81, 0x00, 0x81, 0x00, 0xA1, 0x08, 0xC1, 0x08, 0x02, 0x09, 0xE2, 0x08, 0xA1, 0x08, 0x60, 0x00,
    0x41, 0x00, 0x61, 0x00, 0x43, 0x19, 0x02, 0x11, 0xA1, 0x08, 0x40, 0x00, 0x20, 0x00, 0xA1, 0x00,
    0xC1, 0x08, 0x61, 0x00, 0x41, 0x00, 0x41, 0x00, 0x41, 0x00, 0x41, 0x00, 0x41, 0x00, 0x41, 0x00,
    0x41, 0x00, 0x41, 0x00, 0x61, 0x00, 0x81, 0x00, 0xC2, 0x08, 0xC2, 0x08, 0xA2, 0x08, 0x61, 0x00,
    0x41, 0x00, 0x21, 0x00, 0x20, 0x00, 0x21, 0x00, 0x20, 0x00, 0x41, 0x00, 0xA2, 0x08, 0xA1, 0x08,
    0xA1, 0x00, 0xC1, 0x08, 0xA1, 0x00, 0x81, 0x00, 0x61, 0x00, 0x41, 0x00, 0x61, 0x00, 0x61, 0x00,
    0x81, 0x00, 0x02, 0x09, 0x05, 0x2A, 0xE4, 0x21, 0x83, 0x19, 0x02, 0x09, 0x05, 0x22, 0x05, 0x22,
    0xE2, 0x08, 0x02, 0x09, 0x02, 0x09, 0x02, 0x09, 0xA4, 0x19, 0xA3, 0x11, 0xE5, 0x21, 0xC8, 0x3A,
    0x46, 0x2A, 0x22, 0x09, 0xE5, 0x21, 0x88, 0x32, 0x63, 0x11, 0xC4, 0x19, 0x43, 0x11, 0x81, 0x00,
    0x61, 0x00, 0x61, 0x00, 0x61, 0x00, 0x61, 0x00, 0x61, 0x00, 0x41, 0x00, 0x20, 0x00, 0x20, 0x00,
    0x21, 0x00, 0x21, 0x00, 0x20, 0x00, 0x20, 0x00, 0x20, 0x00, 0x20, 0x00, 0x20, 0x00, 0x20, 0x00,
    0x20, 0x00, 0x20, 0x00, 0x41, 0x00, 0x21, 0x00, 0x20, 0x00, 0x02, 0x11, 0x25, 0x2A, 0x62, 0x11,
    0x01, 0x09, 0x01, 0x09, 0x01, 0x09, 0x01, 0x09, 0x01, 0x09, 0x21, 0x09, 0x21, 0x09, 0x21, 0x09,
    0x21, 0x09, 0x62, 0x11, 0x61, 0x11, 0x82, 0x11, 0x42, 0x11, 0x02, 0x09, 0x22, 0x09, 0x02, 0x09,
    0xC1, 0x08, 0xC1, 0x00, 0xE1, 0x08, 0x22, 0x09, 0xC1, 0x08, 0x02, 0x09, 0x02, 0x09, 0xC1, 0x00,
    0x22, 0x09, 0x02, 0x09, 0x61, 0x00, 0x40, 0x00, 0x21, 0x00, 0x20, 0x00, 0x21, 0x00, 0x41, 0x00,
    0x41, 0x00, 0x21, 0x00, 0x81, 0x08, 0x42, 0x11, 0xE1, 0x08, 0xA1, 0x08, 0x20, 0x00, 0x41, 0x00,
    0x41, 0x00, 0x41, 0x00, 0x21, 0x00, 0x40, 0x00, 0xA1, 0x00, 0x02, 0x09, 0x22, 0x09, 0xE1, 0x08,
    0xC1, 0x08, 0xE1, 0x08, 0xE1, 0x08, 0x21, 0x09, 0x02, 0x09, 0x61, 0x00, 0x61, 0x00, 0xA1, 0x08,
    0xC1, 0x08, 0xC1, 0x08, 0xA1, 0x08, 0xE1, 0x08, 0x02, 0x09, 0xC1, 0x08, 0xA1, 0x08, 0xC1, 0x08,
    0xC1, 0x08, 0xC1, 0x08, 0xC1, 0x08, 0x41, 0x00, 0x20, 0x00, 0x20, 0x00, 0x20, 0x00, 0x41, 0x00,
    0x61, 0x00, 0x41, 0x00, 0x40, 0x00, 0x41, 0x00, 0x41, 0x00, 0x41, 0x00, 0x41, 0x00, 0x82, 0x00,
    0xC2, 0x08, 0xC1, 0x08, 0x22, 0x11, 0x21, 0x11, 0x01, 0x09, 0x62, 0x11, 0x42, 0x11, 0x02, 0x09,
    0x02, 0x09, 0x02, 0x09, 0xE2, 0x08, 0x61, 0x00, 0x00, 0x00, 0x20, 0x00, 0x20, 0x00, 0x21, 0x00,
    0x21, 0x00, 0x20, 0x00, 0x20, 0x00, 0x41, 0x00, 0x41, 0x00, 0x41, 0x00, 0x41, 0x00, 0x41, 0x00,
    0x20, 0x00, 0x41, 0x00, 0x41, 0x00, 0x61, 0x00, 0x81, 0x00, 0xA1, 0x00, 0xA2, 0x08, 0x61, 0x00,
    0x61, 0x00, 0x61, 0x00, 0x61, 0x00, 0x41, 0x00, 0x41, 0x00, 0x41, 0x00, 0x41, 0x00, 0x41, 0x00,
    0x41, 0x00, 0x41, 0x00, 0x41, 0x00, 0x41, 0x00, 0x61, 0x00, 0x81, 0x00, 0xA1, 0x08, 0x81, 0x00,
    0x81, 0x00, 0xA1, 0x08, 0xC1, 0x08, 0xE1, 0x08, 0xE1, 0x08, 0x83, 0x11, 0xA4, 0x11, 0xC2, 0x08,
    0x61, 0x00, 0x81, 0x00, 0x61, 0x00, 0x40, 0x00, 0x40, 0x00, 0x41, 0x00, 0x81, 0x00, 0x61, 0x00,
    0x41, 0x00, 0x41, 0x00, 0x41, 0x00, 0x21, 0x00, 0x61, 0x00, 0xA1, 0x00, 0x01, 0x09, 0xE1, 0x08,
    0x61, 0x00, 0x41, 0x00, 0x00, 0x00, 0x20, 0x00, 0x21, 0x00, 0x01, 0x00, 0x41, 0x00, 0x81, 0x00,
    0xA1, 0x08, 0x61, 0x00, 0x41, 0x00, 0x41, 0x00, 0x61, 0x00, 0x41, 0x00, 0x21, 0x00, 0x20, 0x00,
    0x41, 0x00, 0x61, 0x00, 0x61, 0x00, 0xA2, 0x00, 0xA2, 0x00, 0xA2, 0x08, 0xA2, 0x08, 0x41, 0x00,
    0x20, 0x00, 0x21, 0x00, 0x21, 0x00, 0x21, 0x00, 0x40, 0x00, 0xA1, 0x08, 0xE1, 0x08, 0xC1, 0x08,
    0xC1, 0x08, 0xA1, 0x08, 0xA1, 0x00, 0xA1, 0x08, 0x40, 0x00, 0x21, 0x00, 0x40, 0x00, 0x61, 0x00,
    0x61, 0x00, 0x63, 0x19, 0x25, 0x2A, 0x25, 0x2A, 0xC4, 0x19, 0x63, 0x11, 0x63, 0x11, 0xA3, 0x19,
    0xE2, 0x08, 0x63, 0x11, 0x02, 0x09, 0xA1, 0x08, 0xE1, 0x00, 0xE5, 0x21, 0xA7, 0x32, 0x05, 0x22,
    0x22, 0x09, 0x06, 0x2A, 0xA8, 0x3A, 0x84, 0x11, 0xC5, 0x19, 0xC4, 0x19, 0xE1, 0x08, 0x61, 0x00,
    0x61, 0x00, 0x61, 0x00, 0x61, 0x00, 0x61, 0x00, 0x61, 0x00, 0x41, 0x00, 0x20, 0x00, 0x20, 0x00,
    0x21, 0x00, 0x21, 0x00, 0x21, 0x00, 0x21, 0x00, 0x20, 0x00, 0x20, 0x00, 0x20, 0x00, 0x20, 0x00,
    0x20, 0x00, 0x20, 0x00, 0x20, 0x00, 0x20, 0x00, 0x21, 0x00, 0x40, 0x00, 0xA1, 0x00, 0x84, 0x19,
    0x42, 0x11, 0x21, 0x09, 0x01, 0x09, 0x01, 0x09, 0x01, 0x09, 0x01, 0x09, 0x21, 0x09, 0x41, 0x11,
    0x41, 0x11, 0x21, 0x09, 0x41, 0x09, 0x82, 0x11, 0xA3, 0x19, 0x22, 0x09, 0x22, 0x09, 0xE2, 0x08,
    0xC1, 0x08, 0xE2, 0x08, 0xE1, 0x08, 0x02, 0x09, 0x42, 0x11, 0xC1, 0x00, 0x22, 0x09, 0x02, 0x09,
    0xE1, 0x08, 0xC1, 0x08, 0x20, 0x00, 0x20, 0x00, 0x20, 0x00, 0x20, 0x00, 0x20, 0x00, 0x21, 0x00,
    0x21, 0x00, 0x40, 0x00, 0xE2, 0x10, 0x60, 0x00, 0x40, 0x00, 0x20, 0x00, 0x41, 0x00, 0x41, 0x00,
    0x41, 0x00, 0x41, 0x00, 0x20, 0x00, 0x81, 0x00, 0x02, 0x09, 0x42, 0x11, 0x22, 0x09, 0xC1, 0x08,
    0xC1, 0x08, 0xE1, 0x08, 0x21, 0x09, 0x62, 0x09, 0x22, 0x09, 0x40, 0x00, 0x61, 0x00, 0xA1, 0x08,
    0xC1, 0x08, 0xC1, 0x08, 0xE1, 0x08, 0x01, 0x09, 0x01, 0x09, 0xC1, 0x08, 0xC1, 0x08, 0xC1, 0x08,
    0xC1, 0x08, 0xC1, 0x08, 0xA1, 0x08, 0x21, 0x00, 0x20, 0x00, 0x20, 0x00, 0x20, 0x00, 0x41, 0x00,
    0x41, 0x00, 0x41, 0x00, 0x41, 0x00, 0x41, 0x00, 0x41, 0x00, 0x41, 0x00, 0x41, 0x00, 0xA2, 0x08,
    0xE2, 0x08, 0x42, 0x11, 0x82, 0x11, 0x21, 0x09, 0xE1, 0x08, 0x22, 0x11, 0xA3, 0x11, 0x63, 0x11,
    0x22, 0x09, 0x22, 0x09, 0x22, 0x09, 0x23, 0x11, 0x81, 0x00, 0x20, 0x00, 0x41, 0x00, 0x61, 0x00,
    0x61, 0x00, 0x61, 0x00, 0x61, 0x00, 0x61, 0x00, 0x41, 0x00, 0x41, 0x00, 0x41, 0x00, 0x41, 0x00,
    0x41, 0x00, 0x41, 0x00, 0x41, 0x00, 0x61, 0x00, 0x81, 0x00, 0xA1, 0x08, 0x61, 0x00, 0x61, 0x00,
    0x61, 0x00, 0x61, 0x00, 0x61, 0x00, 0x61, 0x00, 0x61, 0x00, 0x61, 0x00, 0x41, 0x00, 0x41, 0x00,
    0x41, 0x00, 0x41, 0x00, 0x41, 0x00, 0x61, 0x00, 0x61, 0x00, 0x61, 0x00, 0x81, 0x00, 0xA1, 0x08,
    0xA1, 0x08, 0x81, 0x08, 0x81, 0x00, 0xA1, 0x00, 0x02, 0x09, 0x42, 0x11, 0x63, 0x11, 0x63, 0x11,
    0x01, 0x09, 0x81, 0x00, 0x40, 0x00, 0x41, 0x00, 0x41, 0x00, 0x61, 0x00, 0x61, 0x00, 0x61, 0x00,
    0x61, 0x00, 0x61, 0x00, 0x21, 0x00, 0x00, 0x00, 0x20, 0x00, 0x61, 0x00, 0x61, 0x00, 0xA1, 0x08,
    0x81, 0x00, 0x41, 0x00, 0x20, 0x00, 0x21, 0x00, 0x20, 0x00, 0x20, 0x00, 0x41, 0x00, 0x61, 0x00,
    0x61, 0x00, 0x41, 0x00, 0x40, 0x00, 0x61, 0x00, 0x61, 0x08, 0x41, 0x00, 0x20, 0x00, 0x00, 0x00,
    0x41, 0x00, 0x61, 0x00, 0x81, 0x00, 0xC2, 0x08, 0xC2, 0x08, 0x82, 0x00, 0xA2, 0x08, 0x20, 0x00,
    0x40, 0x00, 0x41, 0x00, 0x41, 0x00, 0x40, 0x00, 0x81, 0x00, 0xE2, 0x08, 0x02, 0x09, 0x01, 0x09,
    0xE1, 0x08, 0xC2, 0x08, 0xE1, 0x08, 0xE1, 0x08, 0x81, 0x00, 0x41, 0x00, 0x40, 0x00, 0x61, 0x08,
    0x61, 0x00, 0x62, 0x11, 0x25, 0x2A, 0x25, 0x2A, 0x83, 0x19, 0x05, 0x2A, 0xC4, 0x19, 0x62, 0x11,
    0xE2, 0x08, 0x23, 0x09, 0xE1, 0x08, 0x43, 0x11, 0xE2, 0x08, 0xC1, 0x00, 0x22, 0x09, 0x83, 0x11,
    0x25, 0x2A, 0xC8, 0x3A, 0xA4, 0x19, 0x83, 0x11, 0x05, 0x22, 0x42, 0x09, 0xA1, 0x00, 0x61, 0x00,
    0x61, 0x00, 0x81, 0x00, 0x61, 0x00, 0x81, 0x08, 0x61, 0x00, 0x20, 0x00, 0x20, 0x00, 0x21, 0x00,
    0x21, 0x00, 0x21, 0x00, 0x21, 0x00, 0x21, 0x00, 0x20, 0x00, 0x20, 0x00, 0x20, 0x00, 0x20, 0x00,
    0x20, 0x00, 0x20, 0x00, 0x20, 0x00, 0x20, 0x00, 0x20, 0x00, 0x41, 0x00, 0x41, 0x00, 0x81, 0x00,
    0xE1, 0x08, 0x22, 0x09, 0x22, 0x09, 0x21, 0x09, 0x01, 0x09, 0x21, 0x09, 0x21, 0x09, 0x41, 0x11,
    0x61, 0x11, 0x62, 0x11, 0x41, 0x09, 0x41, 0x11, 0xA3, 0x19, 0x62, 0x11, 0xE2, 0x08, 0xC1, 0x08,
    0xC1, 0x08, 0xE1, 0x08, 0x22, 0x09, 0x02, 0x09, 0x42, 0x11, 0x62, 0x11, 0x02, 0x09, 0xE2, 0x08,
    0x81, 0x00, 0x61, 0x00, 0x61, 0x00, 0x61, 0x00, 0x61, 0x00, 0x41, 0x00, 0x40, 0x00, 0x40, 0x00,
    0x21, 0x00, 0x41, 0x00, 0x41, 0x00, 0x21, 0x00, 0x21, 0x00, 0x41, 0x00, 0x41, 0x00, 0x41, 0x00,
    0x41, 0x00, 0x41, 0x00, 0x41, 0x00, 0x02, 0x09, 0x42, 0x09, 0x63, 0x11, 0x01, 0x09, 0xE1, 0x08,
    0xE1, 0x08, 0x01, 0x09, 0x62, 0x11, 0x62, 0x11, 0xA1, 0x00, 0x41, 0x00, 0x41, 0x00, 0x81, 0x00,
    0xE1, 0x08, 0xC1, 0x08, 0x02, 0x09, 0x01, 0x09, 0x01, 0x09, 0xC1, 0x08, 0xC1, 0x08, 0xE1, 0x08,
    0xE1, 0x08, 0xE1, 0x08, 0x81, 0x00, 0x21, 0x00, 0x20, 0x00, 0x20, 0x00, 0x21, 0x00, 0x41, 0x00,
    0x41, 0x00, 0x41, 0x00, 0x41, 0x00, 0x41, 0x00, 0x41, 0x00, 0x41, 0x00, 0x41, 0x00, 0xA2, 0x08,
    0x02, 0x09, 0xC2, 0x11, 0xA2, 0x11, 0x21, 0x09, 0x01, 0x09, 0xE1, 0x08, 0x82, 0x11, 0xE4, 0x19,
    0x83, 0x11, 0x42, 0x09, 0xA1, 0x00, 0x81, 0x00, 0xC2, 0x08, 0x81, 0x00, 0x61, 0x00, 0x81, 0x00,
    0x81, 0x00, 0x61, 0x00, 0xA2, 0x00, 0xA2, 0x08, 0x61, 0x00, 0x41, 0x00, 0x41, 0x00, 0x61, 0x00,
    0x61, 0x00, 0x41, 0x00, 0x41, 0x00, 0x81, 0x00, 0xA1, 0x08, 0x61, 0x00, 0x61, 0x00, 0x61, 0x00,
    0x61, 0x00, 0x61, 0x00, 0x61, 0x00, 0x61, 0x00, 0x61, 0x00, 0x61, 0x00, 0x61, 0x00, 0x41, 0x00,
    0x41, 0x00, 0x41, 0x00, 0x41, 0x00, 0x21, 0x00, 0x40, 0x00, 0x61, 0x00, 0x41, 0x00, 0x61, 0x00,
    0x81, 0x00, 0x81, 0x00, 0x81, 0x00, 0x81, 0x00, 0xE1, 0x08, 0x21, 0x09, 0x01, 0x09, 0x22, 0x09,
    0x62, 0x11, 0x42, 0x11, 0x02, 0x09, 0x41, 0x00, 0x41, 0x00, 0x61, 0x00, 0x61, 0x00, 0x61, 0x00,
    0x61, 0x00, 0x41, 0x00, 0x20, 0x00, 0x20, 0x00, 0x20, 0x00, 0x20, 0x00, 0x61, 0x00, 0x61, 0x00,
    0x81, 0x00, 0x61, 0x00, 0x20, 0x00, 0x20, 0x00, 0x21, 0x00, 0x41, 0x00, 0x41, 0x00, 0x40, 0x00,
    0x61, 0x00, 0x60, 0x00, 0x40, 0x00, 0x61, 0x00, 0x61, 0x00, 0x20, 0x00, 0x20, 0x00, 0x20, 0x00,
    0x20, 0x00, 0x40, 0x00, 0x81, 0x00, 0xE3, 0x08, 0xA2, 0x00, 0x61, 0x00, 0x81, 0x08, 0x61, 0x00,
    0x81, 0x00, 0x81, 0x08, 0xA1, 0x00, 0x81, 0x00, 0x02, 0x09, 0x22, 0x09, 0x22, 0x11, 0x22, 0x09,
    0x02, 0x09, 0x02, 0x09, 0x01, 0x09, 0x02, 0x09, 0xC1, 0x08, 0x41, 0x00, 0x41, 0x00, 0x61, 0x00,
    0x40, 0x00, 0x22, 0x11, 0x62, 0x11, 0x83, 0x19, 0xA3, 0x19, 0xC4, 0x21, 0x05, 0x22, 0x63, 0x11,
    0xE2, 0x08, 0x02, 0x09, 0xE2, 0x08, 0x43, 0x09, 0xE2, 0x08, 0x02, 0x09, 0xA1, 0x00, 0xC1, 0x08,
    0x84, 0x19, 0xA3, 0x19, 0x62, 0x09, 0x05, 0x1A, 0xA4, 0x11, 0x02, 0x09, 0x60, 0x00, 0x61, 0x00,
    0x81, 0x00, 0x81, 0x00, 0x61, 0x00, 0x81, 0x00, 0x41, 0x00, 0x20, 0x00, 0x20, 0x00, 0x21, 0x00,
    0x21, 0x00, 0x21, 0x00, 0x21, 0x00, 0x21, 0x00, 0x20, 0x00, 0x20, 0x00, 0x20, 0x00, 0x21, 0x00,
    0x21, 0x00, 0x20, 0x00, 0x21, 0x00, 0x20, 0x00, 0x20, 0x00, 0x41, 0x00, 0x61, 0x00, 0x41, 0x00,
    0x40, 0x00, 0x61, 0x00, 0xA1, 0x00, 0xE1, 0x08, 0x22, 0x11, 0x21, 0x09, 0x21, 0x09, 0x41, 0x11,
    0x62, 0x11, 0x82, 0x11, 0xA2, 0x11, 0x82, 0x11, 0x82, 0x11, 0xA3, 0x19, 0xC1, 0x00, 0xA1, 0x00,
    0x22, 0x11, 0x22, 0x09, 0x22, 0x09, 0x02, 0x11, 0xE2, 0x08, 0x63, 0x11, 0xC1, 0x08, 0x81, 0x00,
    0x61, 0x00, 0x41, 0x00, 0x41, 0x00, 0xA1, 0x08, 0xC2, 0x10, 0xE2, 0x10, 0xE2, 0x10, 0x81, 0x08,
    0x41, 0x00, 0x41, 0x00, 0x41, 0x00, 0x41, 0x00, 0x20, 0x00, 0x41, 0x00, 0x41, 0x00, 0x41, 0x00,
    0x41, 0x00, 0x40, 0x00, 0xE2, 0x08, 0x63, 0x11, 0xA3, 0x11, 0x62, 0x11, 0xE1, 0x08, 0xE1, 0x08,
    0x01, 0x09, 0x61, 0x09, 0x42, 0x11, 0x81, 0x00, 0x61, 0x00, 0x41, 0x00, 0x40, 0x00, 0x40, 0x00,
    0xA1, 0x08, 0xE1, 0x08, 0x22, 0x11, 0x42, 0x11, 0x01, 0x09, 0xE1, 0x08, 0xE1, 0x08, 0xE1, 0x08,
    0x22, 0x09, 0xC1, 0x08, 0x40, 0x00, 0x41, 0x00, 0x41, 0x00, 0x41, 0x00, 0x41, 0x00, 0x41, 0x00,
    0x41, 0x00, 0x41, 0x00, 0x41, 0x00, 0x41, 0x00, 0x61, 0x00, 0x41, 0x00, 0x61, 0x00, 0x41, 0x00,
    0x42, 0x11, 0x43, 0x22, 0x81, 0x11, 0x41, 0x11, 0x21, 0x09, 0xE1, 0x08, 0x21, 0x09, 0xE3, 0x19,
    0xE3, 0x19, 0x63, 0x11, 0xC1, 0x08, 0x20, 0x00, 0x61, 0x00, 0xA1, 0x00, 0xA2, 0x00, 0xA2, 0x08,
    0xA2, 0x08, 0x81, 0x00, 0x81, 0x00, 0xA2, 0x08, 0x81, 0x00, 0x61, 0x00, 0x41, 0x00, 0x40, 0x00,
    0x41, 0x00, 0x41, 0x00, 0x40, 0x00, 0x81, 0x00, 0xA1, 0x08, 0x61, 0x00, 0x61, 0x00, 0x61, 0x00,
    0x61, 0x00, 0x61, 0x00, 0x61, 0x00, 0x61, 0x00, 0x61, 0x00, 0x61, 0x00, 0x61, 0x00, 0x21, 0x00,
    0x20, 0x00, 0x21, 0x00, 0x21, 0x00, 0x20, 0x00, 0x20, 0x00, 0x41, 0x00, 0x41, 0x00, 0x40, 0x00,
    0x61, 0x00, 0x81, 0x00, 0x81, 0x00, 0x61, 0x00, 0xA1, 0x00, 0x02, 0x09, 0x02, 0x09, 0x21, 0x09,
    0x21, 0x09, 0x21, 0x09, 0x42, 0x11, 0x22, 0x11, 0xC1, 0x08, 0x61, 0x00, 0x61, 0x00, 0x61, 0x00,
    0x41, 0x00, 0x20, 0x00, 0x20, 0x00, 0x20, 0x00, 0x20, 0x00, 0x20, 0x00, 0x41, 0x00, 0x81, 0x00,
    0x81, 0x00, 0x20, 0x00, 0x00, 0x00, 0x20, 0x00, 0x41, 0x00, 0x41, 0x00, 0x41, 0x00, 0x81, 0x00,
    0xA2, 0x08, 0x81, 0x00, 0x40, 0x00, 0x20, 0x00, 0x20, 0x00, 0x41, 0x00, 0x61, 0x00, 0x41, 0x00,
    0x41, 0x00, 0x61, 0x00, 0xA2, 0x08, 0xA1, 0x00, 0x40, 0x00, 0x40, 0x00, 0x81, 0x08, 0x81, 0x00,
    0xA1, 0x00, 0xA2, 0x08, 0xA2, 0x08, 0x81, 0x00, 0x42, 0x09, 0x42, 0x09, 0x42, 0x11, 0x22, 0x09,
    0x22, 0x09, 0x22, 0x09, 0x01, 0x09, 0xE1, 0x08, 0x60, 0x00, 0x41, 0x00, 0x61, 0x00, 0x61, 0x00,
    0x61, 0x00, 0xE2, 0x08, 0x22, 0x09, 0xA4, 0x19, 0x22, 0x11, 0x23, 0x11, 0x02, 0x09, 0xA1, 0x08,
    0xE2, 0x08, 0x22, 0x09, 0xE2, 0x08, 0x23, 0x09, 0xE2, 0x08, 0x23, 0x11, 0xE2, 0x08, 0xC2, 0x08,
    0x61, 0x00, 0x80, 0x00, 0x63, 0x11, 0xC4, 0x19, 0x63, 0x11, 0xC1, 0x08, 0x61, 0x00, 0xA2, 0x08,
    0xA1, 0x08, 0x81, 0x08, 0x81, 0x00, 0x61, 0x00, 0x41, 0x00, 0x20, 0x00, 0x20, 0x00, 0x21, 0x00,
    0x21, 0x00, 0x21, 0x00, 0x21, 0x00, 0x20, 0x00, 0x20, 0x00, 0x20, 0x00, 0x20, 0x00, 0x21, 0x00,
    0x21, 0x00, 0x20, 0x00, 0x20, 0x00, 0x20, 0x00, 0x20, 0x00, 0x61, 0x00, 0x61, 0x00, 0x41, 0x00,
    0x20, 0x00, 0x20, 0x00, 0x20, 0x00, 0x40, 0x00, 0x61, 0x00, 0x81, 0x08, 0x81, 0x00, 0xA1, 0x00,
    0xE2, 0x08, 0x22, 0x11, 0x82, 0x19, 0xA2, 0x19, 0xC3, 0x19, 0x04, 0x22, 0xA4, 0x21, 0xC1, 0x08,
    0xC2, 0x08, 0x81, 0x00, 0x81, 0x00, 0x81, 0x00, 0x81, 0x00, 0x81, 0x00, 0x61, 0x00, 0x41, 0x00,
    0x61, 0x00, 0x81, 0x08, 0xE2, 0x08, 0x23, 0x11, 0x23, 0x19, 0xE2, 0x10, 0xA1, 0x08, 0x81, 0x08,
    0x81, 0x00, 0x81, 0x00, 0x61, 0x00, 0x61, 0x00, 0x61, 0x00, 0x81, 0x00, 0x81, 0x00, 0x81, 0x00,
    0x81, 0x00, 0xA1, 0x08, 0x63, 0x11, 0xA3, 0x11, 0xC3, 0x19, 0x41, 0x09, 0xE1, 0x08, 0x01, 0x09,
    0x62, 0x11, 0x42, 0x11, 0x60, 0x00, 0x41, 0x00, 0x61, 0x00, 0x61, 0x00, 0x41, 0x00, 0x41, 0x00,
    0x41, 0x00, 0x81, 0x00, 0x22, 0x11, 0x63, 0x11, 0x42, 0x11, 0xE1, 0x08, 0x02, 0x09, 0x42, 0x11,
    0xC2, 0x08, 0x40, 0x00, 0x41, 0x00, 0x61, 0x00, 0x61, 0x00, 0x41, 0x00, 0x21, 0x00, 0x41, 0x00,
    0x40, 0x00, 0x41, 0x00, 0x61, 0x00, 0x41, 0x00, 0x61, 0x00, 0x41, 0x00, 0x61, 0x00, 0x41, 0x00,
    0x02, 0x11, 0x23, 0x22, 0xC2, 0x19, 0x61, 0x11, 0x21, 0x09, 0x21, 0x09, 0x01, 0x09, 0xA3, 0x11,
    0x04, 0x1A, 0xC3, 0x11, 0x83, 0x11, 0xC1, 0x08, 0x81, 0x00, 0xC2, 0x08, 0xC2, 0x08, 0xC2, 0x08,
    0xC2, 0x08, 0xA2, 0x00, 0xA2, 0x08, 0xA1, 0x08, 0x81, 0x00, 0x81, 0x08, 0x61, 0x00, 0x61, 0x00,
    0x41, 0x00, 0x41, 0x00, 0x61, 0x00, 0xA1, 0x08, 0xA1, 0x08, 0x61, 0x00, 0x61, 0x00, 0x61, 0x00,
    0x81, 0x00, 0xA1, 0x00, 0xC1, 0x08, 0xE1, 0x08, 0xE1, 0x08, 0xC1, 0x08, 0x81, 0x00, 0x41, 0x00,
    0x20, 0x00, 0x21, 0x00, 0x21, 0x00, 0x20, 0x00, 0x20, 0x00, 0x41, 0x00, 0x41, 0x00, 0x41, 0x00,
    0x41, 0x00, 0x61, 0x00, 0x61, 0x00, 0x61, 0x00, 0x61, 0x00, 0xA1, 0x08, 0x22, 0x09, 0x22, 0x09,
    0x21, 0x09, 0x22, 0x09, 0x21, 0x09, 0x42, 0x09, 0x62, 0x11, 0xE1, 0x08, 0x41, 0x00, 0x61, 0x00,
    0x40, 0x00, 0x20, 0x00, 0x20, 0x00, 0x40, 0x00, 0x61, 0x00, 0x61, 0x00, 0x40, 0x00, 0x61, 0x00,
    0x81, 0x00, 0x61, 0x00, 0x41, 0x00, 0x61, 0x00, 0x61, 0x00, 0x81, 0x00, 0xE2, 0x08, 0x02, 0x09,
    0x02, 0x09, 0x02, 0x09, 0xC2, 0x08, 0x40, 0x00, 0x61, 0x00, 0x61, 0x00, 0x61, 0x00, 0x61, 0x00,
    0x61, 0x00, 0x61, 0x00, 0x61, 0x00, 0x61, 0x00, 0x61, 0x00, 0x40, 0x00, 0x81, 0x00, 0x81, 0x00,
    0xA1, 0x08, 0xA1, 0x08, 0x61, 0x00, 0x40, 0x00, 0x42, 0x11, 0x62, 0x11, 0x22, 0x11, 0x22, 0x09,
    0x42, 0x09, 0x02, 0x09, 0xA1, 0x08, 0x41, 0x00, 0x20, 0x00, 0x61, 0x00, 0x41, 0x00, 0x61, 0x00,
    0x61, 0x00, 0x81, 0x00, 0xA1, 0x08, 0x23, 0x11, 0x23, 0x11, 0xC2, 0x08, 0x61, 0x00, 0x41, 0x00,
    0xE2, 0x08, 0x23, 0x09, 0xE2, 0x08, 0x23, 0x11, 0xE2, 0x08, 0x23, 0x09, 0xE2, 0x08, 0x23, 0x11,
    0xA2, 0x08, 0x81, 0x00, 0x81, 0x00, 0x02, 0x09, 0x83, 0x11, 0xA1, 0x08, 0x81, 0x00, 0x81, 0x00,
    0x81, 0x00, 0x81, 0x00, 0x61, 0x00, 0x61, 0x00, 0x61, 0x00, 0x61, 0x00, 0x20, 0x00, 0x20, 0x00,
    0x20, 0x00, 0x20, 0x00, 0x20, 0x00, 0x20, 0x00, 0x20, 0x00, 0x20, 0x00, 0x20, 0x00, 0x21, 0x00,
    0x20, 0x00, 0x20, 0x00, 0x20, 0x00, 0x20, 0x00, 0x20, 0x00, 0x61, 0x08, 0x41, 0x00, 0x20, 0x00,
    0x21, 0x00, 0x21, 0x00, 0x21, 0x00, 0x21, 0x00, 0x20, 0x00, 0x20, 0x00, 0x20, 0x00, 0x20, 0x00,
    0x41, 0x00, 0x61, 0x00, 0xA1, 0x00, 0x02, 0x09, 0x02, 0x09, 0x83, 0x19, 0xA4, 0x19, 0xE2, 0x08,
    0x40, 0x00, 0x41, 0x00, 0x61, 0x00, 0x61, 0x00, 0x61, 0x00, 0x41, 0x00, 0x61, 0x00, 0xA1, 0x00,
    0xE2, 0x08, 0xC2, 0x08, 0xA1, 0x00, 0x81, 0x00, 0x61, 0x00, 0x61, 0x00, 0x61, 0x00, 0x81, 0x00,
    0x81, 0x00, 0x81, 0x00, 0xA1, 0x08, 0xC2, 0x08, 0xA1, 0x08, 0x81, 0x00, 0xE2, 0x08, 0x02, 0x09,
    0xC2, 0x00, 0xE2, 0x08, 0xC4, 0x19, 0xE3, 0x19, 0xC3, 0x19, 0x21, 0x09, 0x41, 0x09, 0x62, 0x11,
    0x01, 0x09, 0x61, 0x00, 0x21, 0x00, 0x61, 0x00, 0x61, 0x00, 0x61, 0x00, 0x61, 0x00, 0x41, 0x00,
    0x61, 0x00, 0x40, 0x00, 0xA1, 0x00, 0x02, 0x09, 0x02, 0x09, 0x02, 0x09, 0x42, 0x11, 0xC2, 0x08,
    0x21, 0x00, 0x41, 0x00, 0x61, 0x00, 0x61, 0x00, 0x41, 0x00, 0x41, 0x00, 0x41, 0x00, 0x40, 0x00,
    0x41, 0x00, 0x61, 0x00, 0x81, 0x08, 0x61, 0x00, 0x61, 0x00, 0x61, 0x00, 0x61, 0x00, 0x41, 0x00,
    0x20, 0x00, 0xE3, 0x21, 0x23, 0x22, 0x81, 0x11, 0x41, 0x09, 0x21, 0x09, 0x01, 0x09, 0x41, 0x09,
    0x04, 0x22, 0x24, 0x1A, 0xE3, 0x19, 0x83, 0x11, 0x02, 0x09, 0xC2, 0x08, 0xC2, 0x08, 0xC2, 0x08,
    0xC2, 0x08, 0xA2, 0x00, 0xA1, 0x00, 0x81, 0x00, 0x81, 0x00, 0x81, 0x00, 0x61, 0x00, 0x41, 0x00,
    0x41, 0x00, 0x81, 0x00, 0xC2, 0x08, 0xA1, 0x08, 0x61, 0x00, 0x61, 0x00, 0x61, 0x00, 0xA1, 0x08,
    0xC1, 0x08, 0xC1, 0x08, 0xC1, 0x08, 0x01, 0x09, 0x22, 0x09, 0x01, 0x09, 0xE2, 0x08, 0xA1, 0x08,
    0x21, 0x00, 0x21, 0x00, 0x40, 0x00, 0x20, 0x00, 0x20, 0x00, 0x41, 0x00, 0x41, 0x00, 0x41, 0x00,
    0x41, 0x00, 0x41, 0x00, 0x41, 0x00, 0x61, 0x00, 0x61, 0x00, 0x61, 0x00, 0xC1, 0x08, 0x42, 0x09,
    0x41, 0x09, 0x62, 0x11, 0x62, 0x11, 0x62, 0x11, 0x62, 0x11, 0x82, 0x11, 0xE2, 0x08, 0x41, 0x00,
    0x21, 0x00, 0x20, 0x00, 0x20, 0x00, 0xA2, 0x08, 0xC1, 0x08, 0xA1, 0x08, 0x61, 0x00, 0x40, 0x00,
    0x41, 0x00, 0x61, 0x00, 0x61, 0x00, 0xA1, 0x00, 0xE2, 0x08, 0x02, 0x09, 0x02, 0x09, 0x02, 0x09,
    0x02, 0x09, 0x02, 0x09, 0xE2, 0x08, 0xC1, 0x08, 0x81, 0x00, 0x61, 0x00, 0x61, 0x00, 0x61, 0x00,
    0x61, 0x00, 0x61, 0x00, 0x61, 0x00, 0x61, 0x00, 0x61, 0x00, 0x61, 0x00, 0x81, 0x00, 0xA1, 0x00,
    0xA1, 0x08, 0x61, 0x00, 0x40, 0x00, 0x81, 0x00, 0xA3, 0x19, 0x62, 0x11, 0x02, 0x09, 0x02, 0x09,
    0xC1, 0x08, 0x81, 0x00, 0x20, 0x00, 0x41, 0x00, 0x61, 0x00, 0x41, 0x00, 0x20, 0x00, 0x41, 0x00,
    0x41, 0x00, 0x81, 0x00, 0xA1, 0x08, 0xA2, 0x08, 0x81, 0x08, 0x41, 0x00, 0x41, 0x00, 0x41, 0x00,
    0xE2, 0x08, 0x23, 0x11, 0xE2, 0x08, 0x23, 0x11, 0xE2, 0x08, 0x03, 0x09, 0xE2, 0x08, 0x02, 0x09,
    0xE2, 0x08, 0xE2, 0x08, 0x81, 0x00, 0xA1, 0x00, 0x02, 0x09, 0xA1, 0x08, 0x81, 0x00, 0x81, 0x00,
    0x81, 0x00, 0x81, 0x00, 0x81, 0x00, 0x61, 0x00, 0x61, 0x00, 0x61, 0x00, 0x41, 0x00, 0x41, 0x00,
    0x21, 0x00, 0x20, 0x00, 0x20, 0x00, 0x20, 0x00, 0x20, 0x00, 0x20, 0x00, 0x21, 0x00, 0x21, 0x00,
    0x21, 0x00, 0x21, 0x00, 0x21, 0x00, 0x21, 0x00, 0x41, 0x00, 0x61, 0x00, 0x21, 0x00, 0x20, 0x00,
    0x20, 0x00, 0x21, 0x00, 0x21, 0x00, 0x41, 0x00, 0x41, 0x00, 0x41, 0x00, 0x41, 0x00, 0x41, 0x00,
    0x41, 0x00, 0x61, 0x00, 0x61, 0x00, 0x81, 0x00, 0xE2, 0x08, 0x02, 0x09, 0x02, 0x09, 0xA1, 0x08,
    0x41, 0x00, 0x61, 0x00, 0x41, 0x00, 0x40, 0x00, 0x61, 0x00, 0xA1, 0x08, 0xE2, 0x08, 0xC1, 0x08,
    0x81, 0x00, 0x61, 0x00, 0x61, 0x00, 0x61, 0x00, 0x61, 0x00, 0x61, 0x00, 0x61, 0x00, 0x81, 0x00,
    0xA1, 0x00, 0xA1, 0x08, 0xA1, 0x08, 0xA1, 0x08, 0x81, 0x00, 0x61, 0x00, 0x81, 0x00, 0x02, 0x09,
    0x02, 0x09, 0xE2, 0x08, 0x83, 0x11, 0x24, 0x22, 0xA2, 0x11, 0x41, 0x09, 0x62, 0x19, 0xE1, 0x08,
    0x40, 0x00, 0x41, 0x00, 0x41, 0x00, 0x41, 0x00, 0x81, 0x00, 0x81, 0x00, 0x61, 0x00, 0x61, 0x00,
    0x61, 0x00, 0x61, 0x00, 0x41, 0x00, 0x61, 0x00, 0x63, 0x11, 0x43, 0x11, 0x81, 0x00, 0x41, 0x00,
    0x41, 0x00, 0x41, 0x00, 0x61, 0x00, 0x41, 0x00, 0x41, 0x00, 0x61, 0x00, 0x81, 0x08, 0x81, 0x08,
    0xA1, 0x08, 0xA1, 0x08, 0xC2, 0x08, 0xC1, 0x08, 0xA1, 0x00, 0xA1, 0x00, 0xA1, 0x00, 0x61, 0x00,
    0x20, 0x00, 0xC1, 0x08, 0x24, 0x2A, 0xC1, 0x19, 0x81, 0x11, 0x21, 0x09, 0x21, 0x09, 0x01, 0x09,
    0xA3, 0x19, 0x45, 0x22, 0x24, 0x1A, 0xE4, 0x19, 0x83, 0x11, 0xC2, 0x08, 0x81, 0x00, 0x81, 0x00,
    0x81, 0x00, 0x81, 0x00, 0x81, 0x00, 0x81, 0x00, 0x61, 0x00, 0x61, 0x00, 0x61, 0x00, 0x41, 0x00,
    0x20, 0x00, 0x41, 0x00, 0x81, 0x08, 0x41, 0x00, 0x41, 0x00, 0x61, 0x00, 0x81, 0x00, 0xC1, 0x08,
    0xE1, 0x08, 0xC1, 0x08, 0xC1, 0x08, 0x01, 0x09, 0x22, 0x09, 0x01, 0x09, 0x02, 0x09, 0x22, 0x11,
    0x81, 0x00, 0x21, 0x00, 0x21, 0x00, 0x20, 0x00, 0x20, 0x00, 0x21, 0x00, 0x41, 0x00, 0x41, 0x00,
    0x41, 0x00, 0x41, 0x00, 0x41, 0x00, 0x41, 0x00, 0x41, 0x00, 0x41, 0x00, 0x40, 0x00, 0xA1, 0x00,
    0x22, 0x11, 0x62, 0x11, 0x62, 0x11, 0x41, 0x09, 0x21, 0x09, 0x42, 0x11, 0x83, 0x11, 0xC1, 0x08,
    0x00, 0x00, 0x00, 0x00, 0x40, 0x00, 0x02, 0x11, 0x02, 0x09, 0xC1, 0x00, 0xA1, 0x08, 0x81, 0x08,
    0x60, 0x00, 0x61, 0x00, 0x61, 0x00, 0xE2, 0x08, 0xE2, 0x08, 0xE2, 0x08, 0xE1, 0x08, 0xE1, 0x08,
    0xE2, 0x08, 0xE2, 0x08, 0xE2, 0x08, 0xE1, 0x08, 0xC1, 0x08, 0x81, 0x00, 0x81, 0x00, 0x61, 0x00,
    0x61, 0x00, 0x61, 0x00, 0x61, 0x00, 0x41, 0x00, 0x41, 0x00, 0x61, 0x00, 0x61, 0x00, 0x61, 0x00,
    0x61, 0x00, 0x61, 0x00, 0x61, 0x00, 0x43, 0x11, 0x83, 0x11, 0xC1, 0x08, 0x41, 0x00, 0x20, 0x00,
    0x40, 0x00, 0xA1, 0x08, 0x81, 0x00, 0x61, 0x00, 0x82, 0x08, 0x41, 0x00, 0x21, 0x00, 0x21, 0x00,
    0x20, 0x00, 0x41, 0x00, 0x61, 0x00, 0x41, 0x00, 0x41, 0x00, 0x61, 0x00, 0x41, 0x00, 0x41, 0x00,
    0x02, 0x09, 0x43, 0x11, 0xE2, 0x08, 0x23, 0x11, 0xE2, 0x08, 0x03, 0x09, 0xE2, 0x08, 0x03, 0x09,
    0xE2, 0x08, 0xE2, 0x08, 0xA1, 0x08, 0xA1, 0x08, 0xA1, 0x00, 0xA1, 0x08, 0x61, 0x00, 0x41, 0x00,
    0x81, 0x00, 0xA1, 0x08, 0xA2, 0x08, 0x81, 0x00, 0x40, 0x00, 0x41, 0x00, 0x41, 0x00, 0x41, 0x00,
    0x41, 0x00, 0x41, 0x00, 0x21, 0x00, 0x20, 0x00, 0x20, 0x00, 0x20, 0x00, 0x21, 0x00, 0x41, 0x00,
    0x21, 0x00, 0x21, 0x00, 0x20, 0x00, 0x21, 0x00, 0x21, 0x00, 0x20, 0x00, 0x20, 0x00, 0x20, 0x00,
    0x20, 0x00, 0x20, 0x00, 0x20, 0x00, 0x20, 0x00, 0x41, 0x00, 0x41, 0x00, 0x41, 0x00, 0x41, 0x00,
    0x61, 0x00, 0x61, 0x00, 0x61, 0x00, 0x61, 0x00, 0xC2, 0x08, 0x02, 0x09, 0xC1, 0x08, 0x61, 0x00,
    0x41, 0x00, 0x41, 0x00, 0x61, 0x00, 0xA1, 0x00, 0xC2, 0x08, 0xC2, 0x08, 0x81, 0x00, 0x60, 0x00,
    0x61, 0x00, 0x61, 0x00, 0x61, 0x00, 0x61, 0x00, 0x61, 0x00, 0x61, 0x00, 0x81, 0x00, 0xA1, 0x08,
    0xC2, 0x08, 0xA1, 0x00, 0xA1, 0x08, 0xA1, 0x00, 0xA1, 0x00, 0xC2, 0x08, 0x61, 0x00, 0x61, 0x00,
    0xC2, 0x08, 0xE2, 0x08, 0xE1, 0x08, 0xE4, 0x21, 0xA2, 0x11, 0x42, 0x11, 0x60, 0x00, 0x41, 0x00,
    0x41, 0x00, 0x41, 0x00, 0x41, 0x00, 0x61, 0x00, 0x81, 0x00, 0x81, 0x00, 0x81, 0x00, 0x81, 0x00,
    0x61, 0x00, 0x61, 0x00, 0x61, 0x00, 0x41, 0x00, 0x23, 0x09, 0xC2, 0x08, 0x21, 0x00, 0x41, 0x00,
    0x41, 0x00, 0x40, 0x00, 0x41, 0x00, 0x61, 0x00, 0x81, 0x00, 0x81, 0x00, 0xA1, 0x08, 0xA1, 0x00,
    0xA1, 0x00, 0xC1, 0x08, 0xE1, 0x08, 0xE1, 0x08, 0xE2, 0x08, 0xE1, 0x08, 0xE1, 0x08, 0xE1, 0x08,
    0xC1, 0x08, 0x81, 0x00, 0x22, 0x11, 0x44, 0x2A, 0xA1, 0x11, 0x61, 0x11, 0x41, 0x09, 0x21, 0x09,
    0x41, 0x09, 0x04, 0x22, 0x24, 0x22, 0x04, 0x1A, 0x04, 0x1A, 0x43, 0x11, 0x81, 0x00, 0x81, 0x00,
    0x81, 0x00, 0x81, 0x00, 0x61, 0x00, 0x61, 0x00, 0x61, 0x00, 0x61, 0x00, 0x61, 0x00, 0x40, 0x00,
    0x40, 0x00, 0x61, 0x00, 0x81, 0x00, 0x61, 0x00, 0x61, 0x00, 0xA1, 0x08, 0xC1, 0x08, 0xE1, 0x08,
    0x01, 0x09, 0xE1, 0x08, 0xE1, 0x08, 0x42, 0x11, 0x22, 0x09, 0x01, 0x09, 0x22, 0x09, 0x42, 0x09,
    0xE2, 0x08, 0x40, 0x00, 0x21, 0x00, 0x20, 0x00, 0x20, 0x00, 0x21, 0x00, 0x41, 0x00, 0x41, 0x00,
    0x61, 0x00, 0x41, 0x00, 0x41, 0x00, 0x41, 0x00, 0x41, 0x00, 0x41, 0x00, 0x41, 0x00, 0x40, 0x00,
    0x81, 0x00, 0x02, 0x09, 0x62, 0x11, 0x62, 0x11, 0x42, 0x11, 0x21, 0x09, 0x62, 0x11, 0x42, 0x11,
    0x61, 0x00, 0x81, 0x08, 0xC2, 0x08, 0x22, 0x09, 0x02, 0x09, 0xE2, 0x08, 0x81, 0x00, 0x81, 0x00,
    0x81, 0x00, 0xA2, 0x08, 0x61, 0x00, 0x81, 0x00, 0x61, 0x00, 0x81, 0x00, 0xA1, 0x08, 0xC1, 0x08,
    0xE2, 0x08, 0xE1, 0x08, 0xE1, 0x08, 0xC1, 0x08, 0xC1, 0x08, 0xE1, 0x08, 0xC2, 0x08, 0xA2, 0x08,
    0xA1, 0x00, 0x61, 0x00, 0x61, 0x00, 0x61, 0x00, 0x41, 0x00, 0x61, 0x00, 0x61, 0x00, 0x61, 0x00,
    0x61, 0x00, 0x61, 0x08, 0x81, 0x00, 0x03, 0x11, 0x60, 0x00, 0x20, 0x00, 0x21, 0x00, 0x41, 0x00,
    0x61, 0x00, 0x61, 0x00, 0xA2, 0x08, 0x61, 0x00, 0x61, 0x00, 0x41, 0x00, 0x41, 0x00, 0x41, 0x00,
    0x20, 0x00, 0x61, 0x00, 0x41, 0x00, 0x41, 0x00, 0x41, 0x00, 0x41, 0x00, 0x41, 0x00, 0x61, 0x00,
    0x23, 0x09, 0x43, 0x11, 0x02, 0x09, 0x43, 0x11, 0xE2, 0x08, 0x23, 0x09, 0x02, 0x09, 0x03, 0x09,
    0xE2, 0x08, 0xE2, 0x08, 0xA1, 0x00, 0x81, 0x00, 0x81, 0x00, 0x61, 0x00, 0x41, 0x00, 0x41, 0x00,
    0xC1, 0x08, 0x22, 0x11, 0xA1, 0x08, 0x41, 0x00, 0x41, 0x00, 0x41, 0x00, 0x41, 0x00, 0x41, 0x00,
    0x41, 0x00, 0x61, 0x00, 0x61, 0x00, 0x41, 0x00, 0x20, 0x00, 0x20, 0x00, 0x21, 0x00, 0x21, 0x00,
    0x21, 0x00, 0x21, 0x00, 0x20, 0x00, 0x21, 0x00, 0x21, 0x00, 0x21, 0x00, 0x20, 0x00, 0x20, 0x00,
    0x20, 0x00, 0x20, 0x00, 0x20, 0x00, 0x20, 0x00, 0x20, 0x00, 0x21, 0x00, 0x21, 0x00, 0x41, 0x00,
    0x61, 0x00, 0x61, 0x00, 0x41, 0x00, 0x41, 0x00, 0x81, 0x00, 0x02, 0x09, 0xA1, 0x08, 0x41, 0x00,
    0x41, 0x00, 0x61, 0x00, 0xC2, 0x08, 0xA1, 0x08, 0x61, 0x00, 0x61, 0x00, 0x61, 0x00, 0x61, 0x00,
    0x61, 0x00, 0x61, 0x00, 0x61, 0x00, 0x81, 0x00, 0x81, 0x00, 0xA1, 0x08, 0xA2, 0x08, 0xA1, 0x08,
    0xA1, 0x00, 0xA1, 0x00, 0xC2, 0x08, 0xE2, 0x08, 0xA1, 0x08, 0x81, 0x00, 0x61, 0x00, 0x41, 0x00,
    0x61, 0x00, 0x61, 0x00, 0x60, 0x00, 0xC4, 0x19, 0x25, 0x2A, 0x81, 0x00, 0x21, 0x00, 0x41, 0x00,
    0x41, 0x00, 0x40, 0x00, 0x40, 0x00, 0x41, 0x00, 0x81, 0x00, 0xE2, 0x08, 0xC2, 0x08, 0xA1, 0x00,
    0x81, 0x00, 0x81, 0x00, 0x81, 0x00, 0x81, 0x00, 0x61, 0x00, 0x61, 0x00, 0x41, 0x00, 0x41, 0x00,
    0x40, 0x00, 0x61, 0x00, 0x61, 0x00, 0xA1, 0x00, 0xC1, 0x08, 0xC1, 0x08, 0xC1, 0x08, 0xC1, 0x08,
    0xE2, 0x08, 0xE1, 0x08, 0xE1, 0x08, 0xE2, 0x08, 0xE2, 0x08, 0xE1, 0x08, 0xE1, 0x08, 0xE1, 0x08,
    0xE1, 0x08, 0xE1, 0x08, 0xC1, 0x00, 0x82, 0x19, 0x23, 0x22, 0xC2, 0x19, 0x61, 0x11, 0x41, 0x11,
    0x21, 0x09, 0xC3, 0x19, 0x45, 0x22, 0x04, 0x22, 0x24, 0x1A, 0xE3, 0x19, 0xC1, 0x08, 0x61, 0x00,
    0x61, 0x00, 0x81, 0x00, 0x41, 0x00, 0x41, 0x00, 0x41, 0x00, 0x41, 0x00, 0x41, 0x00, 0x61, 0x00,
    0x81, 0x00, 0xA1, 0x00, 0xA1, 0x00, 0xE1, 0x08, 0xA1, 0x08, 0xE1, 0x08, 0xE1, 0x08, 0xE1, 0x08,
    0x01, 0x09, 0x01, 0x09, 0x22, 0x09, 0x22, 0x09, 0x22, 0x09, 0x22, 0x09, 0x22, 0x09, 0x63, 0x11,
    0x63, 0x11, 0x61, 0x00, 0x20, 0x00, 0x20, 0x00, 0x20, 0x00, 0x41, 0x00, 0x41, 0x00, 0x41, 0x00,
    0x41, 0x00, 0x41, 0x00, 0x41, 0x00, 0x41, 0x00, 0x41, 0x00, 0x41, 0x00, 0x41, 0x00, 0x41, 0x00,
    0x40, 0x00, 0x61, 0x00, 0x02, 0x09, 0x62, 0x11, 0x82, 0x11, 0x62, 0x11, 0x62, 0x11, 0x42, 0x11,
    0xA1, 0x00, 0x81, 0x00, 0xA1, 0x00, 0xA1, 0x08, 0x81, 0x00, 0xA1, 0x08, 0x40, 0x00, 0x61, 0x00,
    0x61, 0x00, 0x41, 0x00, 0x20, 0x00, 0x20, 0x00, 0x20, 0x00, 0x20, 0x00, 0x41, 0x00, 0x61, 0x00,
    0x81, 0x00, 0xE2, 0x08, 0xE2, 0x08, 0xA1, 0x08, 0xA1, 0x00, 0xC1, 0x08, 0xC2, 0x08, 0xC2, 0x00,
    0x02, 0x09, 0x42, 0x11, 0x02, 0x09, 0xE1, 0x08, 0xA1, 0x00, 0x81, 0x00, 0x81, 0x00, 0x81, 0x00,
    0x81, 0x00, 0x41, 0x00, 0x41, 0x00, 0x40, 0x00, 0x21, 0x00, 0x21, 0x00, 0x61, 0x00, 0x61, 0x00,
    0x61, 0x00, 0x20, 0x00, 0x41, 0x00, 0x61, 0x00, 0x61, 0x00, 0x41, 0x00, 0x61, 0x00, 0x61, 0x00,
    0x61, 0x00, 0x81, 0x00, 0x81, 0x00, 0x81, 0x00, 0x61, 0x00, 0x61, 0x00, 0x41, 0x00, 0x41, 0x00,
    0xE2, 0x08, 0x02, 0x09, 0xE2, 0x08, 0x43, 0x11, 0x02, 0x09, 0x23, 0x11, 0x03, 0x09, 0xE2, 0x08,
    0xE2, 0x08, 0xA1, 0x08, 0x81, 0x00, 0x40, 0x00, 0x41, 0x00, 0x20, 0x00, 0x61, 0x00, 0xA1, 0x00,
    0x01, 0x09, 0x01, 0x09, 0x81, 0x00, 0x41, 0x00, 0x41, 0x00, 0x41, 0x00, 0x41, 0x00, 0x41, 0x00,
    0x41, 0x00, 0x41, 0x00, 0x61, 0x00, 0x61, 0x00, 0x21, 0x00, 0x20, 0x00, 0x20, 0x00, 0x21, 0x00,
    0x21, 0x00, 0x21, 0x00, 0x20, 0x00, 0x20, 0x00, 0x21, 0x00, 0x21, 0x00, 0x20, 0x00, 0x20, 0x00,
    0x20, 0x00, 0x20, 0x00, 0x20, 0x00, 0x20, 0x00, 0x20, 0x00, 0x20, 0x00, 0x20, 0x00, 0x21, 0x00,
    0x61, 0x00, 0x61, 0x00, 0x61, 0x00, 0x61, 0x00, 0x61, 0x00, 0x81, 0x00, 0x81, 0x00, 0x61, 0x00,
    0x61, 0x00, 0x81, 0x08, 0x81, 0x00, 0x40, 0x00, 0x61, 0x00, 0x61, 0x00, 0x61, 0x00, 0x61, 0x00,
    0x81, 0x00, 0x81, 0x00, 0x81, 0x00, 0xA1, 0x00, 0xC2, 0x08, 0xC2, 0x08, 0xA1, 0x08, 0xA1, 0x00,
    0xA1, 0x00, 0xC1, 0x08, 0xE2, 0x08, 0x81, 0x08, 0x20, 0x00, 0x41, 0x00, 0x41, 0x00, 0x61, 0x00,
    0x61, 0x00, 0x61, 0x00, 0x40, 0x00, 0x84, 0x21, 0x63, 0x19, 0x40, 0x00, 0x61, 0x00, 0x41, 0x00,
    0x41, 0x00, 0x41, 0x00, 0x41, 0x00, 0x61, 0x00, 0xC2, 0x08, 0x03, 0x09, 0x03, 0x09, 0xE2, 0x08,
    0xC2, 0x08, 0xC2, 0x08, 0xA2, 0x08, 0x81, 0x08, 0x81, 0x00, 0x61, 0x00, 0x41, 0x00, 0x41, 0x00,
    0x61, 0x00, 0xC2, 0x08, 0xE2, 0x08, 0x01, 0x09, 0x01, 0x09, 0xE1, 0x08, 0x02, 0x09, 0xE1, 0x08,
    0xE1, 0x08, 0xE1, 0x08, 0xE1, 0x08, 0xE1, 0x08, 0x02, 0x09, 0x02, 0x09, 0xE1, 0x08, 0xE1, 0x08,
    0xE1, 0x08, 0xE1, 0x08, 0xE2, 0x08, 0xA1, 0x00, 0x22, 0x11, 0xE3, 0x21, 0xA1, 0x11, 0x41, 0x11,
    0x41, 0x11, 0x41, 0x09, 0x24, 0x22, 0x45, 0x22, 0x24, 0x22, 0x24, 0x1A, 0x42, 0x11, 0x00, 0x00,
    0x20, 0x00, 0x20, 0x00, 0x41, 0x00, 0x41, 0x00, 0x41, 0x00, 0x41, 0x00, 0x60, 0x00, 0xE2, 0x08,
    0x01, 0x09, 0xC1, 0x08, 0xE1, 0x08, 0x02, 0x09, 0xE1, 0x08, 0xC1, 0x08, 0x02, 0x09, 0x42, 0x09,
    0x22, 0x09, 0x21, 0x09, 0x22, 0x09, 0x22, 0x09, 0x22, 0x09, 0x22, 0x09, 0x22, 0x09, 0x63, 0x11,
    0xA4, 0x11, 0xC2, 0x08, 0x00, 0x00, 0x21, 0x00, 0x41, 0x00, 0x41, 0x00, 0x61, 0x00, 0x81, 0x08,
    0x81, 0x00, 0x41, 0x00, 0x41, 0x00, 0x41, 0x00, 0x41, 0x00, 0x41, 0x00, 0x41, 0x00, 0x41, 0x00,
    0x41, 0x00, 0x41, 0x00, 0x40, 0x00, 0xE1, 0x08, 0x62, 0x11, 0x83, 0x11, 0x62, 0x11, 0x62, 0x11,
    0x61, 0x00, 0x61, 0x00, 0x61, 0x00, 0x61, 0x00, 0x81, 0x00, 0x81, 0x00, 0x61, 0x00, 0x61, 0x00,
    0x20, 0x00, 0x00, 0x00, 0x21, 0x00, 0x21, 0x00, 0x21, 0x00, 0x21, 0x00, 0x21, 0x00, 0x20, 0x00,
    0x20, 0x00, 0x81, 0x00, 0x81, 0x00, 0x81, 0x00, 0xA1, 0x08, 0xA1, 0x00, 0xE2, 0x08, 0x02, 0x09,
    0x42, 0x11, 0x62, 0x11, 0x42, 0x09, 0x42, 0x09, 0x62, 0x11, 0x62, 0x11, 0x22, 0x09, 0xA1, 0x00,
    0xA1, 0x00, 0x61, 0x00, 0x41, 0x00, 0x41, 0x00, 0x61, 0x00, 0xA2, 0x08, 0xA2, 0x08, 0x61, 0x00,
    0x40, 0x00, 0x20, 0x00, 0x61, 0x00, 0x61, 0x00, 0x61, 0x00, 0x41, 0x00, 0x61, 0x00, 0x61, 0x00,
    0x81, 0x00, 0x81, 0x00, 0x81, 0x00, 0x81, 0x00, 0x81, 0x00, 0x61, 0x00, 0x61, 0x00, 0x41, 0x00,
    0x40, 0x00, 0x61, 0x00, 0x81, 0x00, 0xA1, 0x00, 0xC2, 0x08, 0xA1, 0x08, 0xA1, 0x08, 0x81, 0x00,
    0xA1, 0x08, 0x81, 0x00, 0x61, 0x00, 0x61, 0x00, 0x40, 0x00, 0x40, 0x00, 0xC1, 0x08, 0xE2, 0x08,
    0xE1, 0x08, 0xA1, 0x00, 0x81, 0x08, 0x61, 0x00, 0x61, 0x00, 0x61, 0x00, 0x61, 0x00, 0x61, 0x00,
    0x61, 0x00, 0x41, 0x00, 0x61, 0x00, 0x61, 0x00, 0x61, 0x00, 0x20, 0x00, 0x20, 0x00, 0x21, 0x00,
    0x20, 0x00, 0x21, 0x00, 0x21, 0x00, 0x21, 0x00, 0x21, 0x00, 0x21, 0x00, 0x21, 0x00, 0x21, 0x00,
    0x21, 0x00, 0x21, 0x00, 0x21, 0x00, 0x21, 0x00, 0x20, 0x00, 0x20, 0x00, 0x00, 0x00, 0x20, 0x00,
    0x41, 0x00, 0x61, 0x00, 0x61, 0x00, 0x61, 0x00, 0x61, 0x00, 0x61, 0x00, 0x61, 0x00, 0x41, 0x00,
    0x41, 0x00, 0x41, 0x00, 0x40, 0x00, 0x61, 0x00, 0x81, 0x00, 0x81, 0x00, 0x81, 0x00, 0x81, 0x00,
    0xA1, 0x08, 0xA2, 0x08, 0xC2, 0x08, 0xC2, 0x08, 0xC2, 0x08, 0xA1, 0x00, 0xA1, 0x08, 0xC1, 0x08,
    0xC1, 0x08, 0xA1, 0x00, 0x81, 0x00, 0x40, 0x00, 0x20, 0x00, 0x20, 0x00, 0x20, 0x00, 0x20, 0x00,
    0x20, 0x00, 0x20, 0x00, 0x21, 0x00, 0x81, 0x08, 0x81, 0x00, 0x61, 0x00, 0x61, 0x00, 0x61, 0x00,
    0x61, 0x00, 0x61, 0x00, 0x61, 0x00, 0x61, 0x00, 0xC2, 0x08, 0xE2, 0x08, 0xE2, 0x08, 0xE2, 0x08,
    0xA2, 0x00, 0xC2, 0x08, 0xC2, 0x08, 0xC1, 0x00, 0x81, 0x00, 0x20, 0x00, 0x20, 0x00, 0x61, 0x00,
    0x81, 0x00, 0xA1, 0x00, 0xC1, 0x08, 0x01, 0x09, 0x22, 0x09, 0x22, 0x09, 0x01, 0x09, 0x01, 0x09,
    0x01, 0x09, 0xE1, 0x08, 0xE1, 0x08, 0xE1, 0x08, 0x01, 0x09, 0x02, 0x09, 0x02, 0x09, 0xE1, 0x08,
    0xE1, 0x08, 0x02, 0x09, 0xE2, 0x08, 0x81, 0x00, 0x41, 0x00, 0x01, 0x09, 0xC3, 0x19, 0xC2, 0x19,
    0x61, 0x11, 0x41, 0x09, 0xC3, 0x19, 0x45, 0x22, 0x45, 0x2A, 0x45, 0x22, 0x63, 0x11, 0x20, 0x00,
    0x20, 0x00, 0x21, 0x00, 0x41, 0x00, 0x41, 0x00, 0x61, 0x00, 0x61, 0x00, 0x01, 0x09, 0x21, 0x09,
    0x01, 0x09, 0xE1, 0x08, 0x01, 0x09, 0x01, 0x09, 0xE1, 0x08, 0xA1, 0x00, 0xE1, 0x08, 0xC4, 0x19,
    0x04, 0x1A, 0xA3, 0x11, 0x62, 0x11, 0x42, 0x11, 0x62, 0x11, 0x63, 0x11, 0x43, 0x11, 0x83, 0x11,
    0xC5, 0x19, 0x03, 0x09, 0x20, 0x00, 0x21, 0x00, 0x61, 0x00, 0x81, 0x08, 0x81, 0x00, 0xA2, 0x08,
    0xA2, 0x08, 0xA2, 0x08, 0x81, 0x00, 0x81, 0x00, 0x61, 0x00, 0x41, 0x00, 0x41, 0x00, 0x41, 0x00,
    0x41, 0x00, 0x41, 0x00, 0x41, 0x00, 0x40, 0x00, 0xE2, 0x08, 0x83, 0x11, 0x83, 0x11, 0x02, 0x09,
    0x41, 0x00, 0x61, 0x00, 0x41, 0x00, 0x41, 0x00, 0x61, 0x00, 0x81, 0x08, 0x40, 0x00, 0x61, 0x00,
    0x41, 0x00, 0x00, 0x00, 0x21, 0x00, 0x21, 0x00, 0x21, 0x00, 0x21, 0x00, 0x20, 0x00, 0x20, 0x00,
    0x61, 0x00, 0x61, 0x00, 0x61, 0x00, 0x61, 0x00, 0x81, 0x00, 0x01, 0x09, 0x42, 0x11, 0x62, 0x11,
    0x41, 0x09, 0x42, 0x11, 0x41, 0x09, 0x41, 0x09, 0x42, 0x09, 0x62, 0x11, 0xC3, 0x19, 0x83, 0x11,
    0xE2, 0x08, 0x81, 0x00, 0x40, 0x00, 0xA1, 0x08, 0xC2, 0x08, 0xA2, 0x08, 0x81, 0x00, 0x61, 0x00,
    0x20, 0x00, 0x20, 0x00, 0x41, 0x00, 0x61, 0x00, 0x41, 0x00, 0x61, 0x00, 0x61, 0x00, 0x61, 0x00,
    0x61, 0x00, 0x81, 0x08, 0x81, 0x00, 0x61, 0x00, 0x61, 0x00, 0x61, 0x00, 0x61, 0x00, 0x41, 0x00,
    0x41, 0x00, 0x61, 0x00, 0x81, 0x00, 0x61, 0x00, 0x61, 0x00, 0x61, 0x00, 0x61, 0x00, 0x81, 0x00,
    0x81, 0x00, 0x81, 0x00, 0x81, 0x00, 0x61, 0x00, 0x61, 0x00, 0x81, 0x08, 0xC1, 0x00, 0x02, 0x09,
    0x81, 0x00, 0x61, 0x00, 0x81, 0x00, 0x81, 0x00, 0x81, 0x08, 0x81, 0x00, 0x81, 0x00, 0x81, 0x00,
    0x81, 0x00, 0x61, 0x00, 0x61, 0x00, 0x61, 0x00, 0x61, 0x00, 0x41, 0x00, 0x20, 0x00, 0x20, 0x00,
    0x21, 0x00, 0x21, 0x00, 0x21, 0x00, 0x21, 0x00, 0x21, 0x00, 0x21, 0x00, 0x41, 0x00, 0x41, 0x00,
    0x41, 0x00, 0x41, 0x00, 0x41, 0x00, 0x41, 0x00, 0x41, 0x00, 0x21, 0x00, 0x21, 0x00, 0x20, 0x00,
    0x61, 0x00, 0x61, 0x00, 0x41, 0x00, 0x41, 0x00, 0x41, 0x00, 0x20, 0x00, 0x20, 0x00, 0x21, 0x00,
    0x20, 0x00, 0x20, 0x00, 0x41, 0x00, 0x81, 0x00, 0x81, 0x00, 0x81, 0x00, 0x81, 0x00, 0xC2, 0x08,
    0xC2, 0x08, 0xC2, 0x08, 0xE2, 0x08, 0xE2, 0x08, 0xC1, 0x00, 0xC2, 0x08, 0xA1, 0x08, 0xA1, 0x08,
    0x61, 0x00, 0x40, 0x00, 0x41, 0x00, 0x41, 0x00, 0x21, 0x00, 0x20, 0x00, 0x20, 0x00, 0x20, 0x00,
    0x20, 0x00, 0x41, 0x00, 0x81, 0x08, 0xA1, 0x08, 0xA1, 0x08, 0xA1, 0x00, 0xA1, 0x00, 0x81, 0x00,
    0x81, 0x00, 0x81, 0x00, 0x81, 0x00, 0x61, 0x00, 0x61, 0x00, 0xE2, 0x08, 0xE2, 0x08, 0xA2, 0x08,
    0x03, 0x11, 0xE2, 0x08, 0x81, 0x00, 0xE2, 0x08, 0x62, 0x11, 0x21, 0x11, 0x81, 0x00, 0x61, 0x00,
    0x81, 0x08, 0x81, 0x00, 0xA1, 0x00, 0xC1, 0x00, 0x42, 0x11, 0x42, 0x09, 0x42, 0x09, 0x21, 0x09,
    0x21, 0x09, 0x01, 0x09, 0x01, 0x09, 0x01, 0x09, 0xE1, 0x08, 0x02, 0x09, 0x01, 0x09, 0xE1, 0x08,
    0xE1, 0x08, 0x01, 0x09, 0xE2, 0x08, 0x61, 0x00, 0x41, 0x00, 0x20, 0x00, 0xC1, 0x08, 0x82, 0x19,
    0xE3, 0x19, 0x61, 0x09, 0x82, 0x11, 0x24, 0x22, 0x45, 0x22, 0x45, 0x22, 0x02, 0x09, 0x21, 0x00,
    0x40, 0x00, 0x41, 0x00, 0x41, 0x00, 0x61, 0x00, 0x61, 0x00, 0x81, 0x00, 0x21, 0x11, 0x01, 0x09,
    0xE1, 0x08, 0xE1, 0x08, 0x01, 0x09, 0x42, 0x11, 0x21, 0x09, 0x01, 0x09, 0x01, 0x09, 0xA3, 0x11,
    0x25, 0x22, 0xA3, 0x11, 0x62, 0x09, 0x83, 0x11, 0xA3, 0x11, 0xC4, 0x11, 0xA4, 0x11, 0xA4, 0x11,
    0xE5, 0x19, 0x43, 0x11, 0x61, 0x00, 0x40, 0x00, 0x81, 0x08, 0x81, 0x00, 0xA1, 0x00, 0xA1, 0x00,
    0xA1, 0x00, 0xC2, 0x08, 0xC2, 0x08, 0xC2, 0x08, 0xA1, 0x08, 0x61, 0x00, 0x61, 0x00, 0x61, 0x00,
    0x61, 0x00, 0x61, 0x00, 0x41, 0x00, 0x41, 0x00, 0x40, 0x00, 0x22, 0x09, 0xA3, 0x19, 0x81, 0x00,
    0x41, 0x00, 0x20, 0x00, 0x20, 0x00, 0x41, 0x00, 0x61, 0x00, 0x40, 0x00, 0x00, 0x00, 0x41, 0x00,
    0x41, 0x00, 0x20, 0x00, 0x21, 0x00, 0x00, 0x00, 0x21, 0x00, 0x20, 0x00, 0x00, 0x00, 0x41, 0x00,
    0x81, 0x08, 0x61, 0x00, 0x61, 0x00, 0x61, 0x00, 0xE1, 0x08, 0x42, 0x11, 0x21, 0x09, 0xE1, 0x08,
    0x81, 0x00, 0xC1, 0x08, 0xC1, 0x08, 0xA1, 0x00, 0xA1, 0x08, 0xE1, 0x08, 0x21, 0x09, 0x62, 0x11,
    0x02, 0x09, 0xC1, 0x08, 0x81, 0x00, 0xA2, 0x08, 0x81, 0x00, 0x41, 0x00, 0x41, 0x00, 0x41, 0x00,
    0x21, 0x00, 0x20, 0x00, 0x20, 0x00, 0x41, 0x00, 0x41, 0x00, 0x41, 0x00, 0x61, 0x00, 0x61, 0x00,
    0x82, 0x08, 0xA2, 0x08, 0x81, 0x00, 0x61, 0x00, 0x61, 0x00, 0x61, 0x00, 0x61, 0x00, 0x41, 0x00,
    0x61, 0x00, 0x61, 0x00, 0x81, 0x00, 0x81, 0x00, 0x81, 0x00, 0x81, 0x00, 0x81, 0x00, 0x81, 0x00,
    0x81, 0x00, 0x81, 0x00, 0x81, 0x00, 0xA2, 0x08, 0xA2, 0x08, 0x81, 0x00, 0x81, 0x00, 0x81, 0x00,
    0x81, 0x00, 0xA1, 0x08, 0xA1, 0x08, 0xC1, 0x08, 0xA1, 0x08, 0xA1, 0x08, 0xC2, 0x08, 0xA1, 0x08,
    0x81, 0x08, 0x61, 0x00, 0x81, 0x08, 0x61, 0x00, 0x61, 0x00, 0x61, 0x00, 0x61, 0x00, 0x20, 0x00,
    0x21, 0x00, 0x21, 0x00, 0x21, 0x00, 0x41, 0x00, 0x21, 0x00, 0x41, 0x00, 0x41, 0x00, 0x41, 0x00,
    0x41, 0x00, 0x41, 0x00, 0x41, 0x00, 0x41, 0x00, 0x41, 0x00, 0x41, 0x00, 0x41, 0x00, 0x21, 0x00,
    0x21, 0x00, 0x20, 0x00, 0x20, 0x00, 0x20, 0x00, 0x20, 0x00, 0x20, 0x00, 0x20, 0x00, 0x20, 0x00,
    0x20, 0x00, 0x20, 0x00, 0x41, 0x00, 0x81, 0x00, 0x81, 0x00, 0xA1, 0x08, 0xC2, 0x08, 0xC2, 0x08,
    0xC2, 0x08, 0xC2, 0x08, 0xC2, 0x08, 0xA1, 0x08, 0xA1, 0x08, 0x61, 0x00, 0x41, 0x00, 0x41, 0x00,
    0x41, 0x00, 0x41, 0x00, 0x41, 0x00, 0x21, 0x00, 0x20, 0x00, 0x20, 0x00, 0x20, 0x00, 0x20, 0x00,
    0x61, 0x00, 0xC2, 0x08, 0xA1, 0x08, 0xE1, 0x08, 0x22, 0x11, 0x22, 0x09, 0x22, 0x09, 0x22, 0x09,
    0x02, 0x09, 0xE2, 0x08, 0xE2, 0x08, 0xC1, 0x08, 0xA1, 0x08, 0xC2, 0x08, 0xA2, 0x00, 0xE2, 0x10,
    0x62, 0x19, 0x23, 0x19, 0xC1, 0x10, 0xA1, 0x00, 0x01, 0x09, 0x62, 0x11, 0xA3, 0x19, 0xE1, 0x08,
    0x61, 0x00, 0x81, 0x00, 0x81, 0x08, 0x81, 0x00, 0xC1, 0x08, 0x83, 0x11, 0x62, 0x11, 0x42, 0x09,
    0x41, 0x09, 0x41, 0x09, 0x22, 0x09, 0x22, 0x09, 0xE1, 0x08, 0x02, 0x09, 0x22, 0x09, 0xE1, 0x08,
    0x01, 0x09, 0x01, 0x09, 0x81, 0x00, 0x61, 0x00, 0x61, 0x00, 0x61, 0x00, 0x40, 0x00, 0x60, 0x00,
    0x82, 0x19, 0x03, 0x22, 0x81, 0x11, 0x03, 0x1A, 0x65, 0x2A, 0x83, 0x11, 0x61, 0x00, 0x41, 0x00,
    0x41, 0x00, 0x41, 0x00, 0x61, 0x00, 0x61, 0x00, 0x61, 0x00, 0x61, 0x00, 0x01, 0x09, 0x01, 0x09,
    0xE1, 0x08, 0x01, 0x09, 0x01, 0x09, 0x21, 0x09, 0x21, 0x09, 0x21, 0x09, 0x62, 0x11, 0x62, 0x11,
    0xC3, 0x19, 0xA3, 0x11, 0x62, 0x11, 0x82, 0x09, 0xA3, 0x11, 0xC4, 0x19, 0x63, 0x11, 0xC2, 0x08,
    0x81, 0x00, 0x61, 0x00, 0x61, 0x00, 0x41, 0x00, 0x81, 0x08, 0x81, 0x00, 0xA1, 0x00, 0xA1, 0x00,
    0xA2, 0x00, 0xA2, 0x00, 0xA2, 0x00, 0xA1, 0x00, 0xA1, 0x00, 0xA1, 0x00, 0xA1, 0x08, 0xA1, 0x08,
    0xC2, 0x08, 0xC2, 0x08, 0x81, 0x00, 0x61, 0x00, 0x61, 0x00, 0xA1, 0x00, 0x43, 0x11, 0x41, 0x00,
    0x00, 0x00, 0x41, 0x00, 0x81, 0x08, 0x61, 0x00, 0x81, 0x00, 0x81, 0x00, 0x82, 0x08, 0x61, 0x00,
    0x81, 0x08, 0x41, 0x00, 0x61, 0x00, 0x61, 0x00, 0x20, 0x00, 0x00, 0x00, 0x00, 0x00, 0x21, 0x00,
    0x61, 0x00, 0x61, 0x00, 0x81, 0x08, 0xA1, 0x08, 0xA1, 0x08, 0x22, 0x09, 0x22, 0x11, 0x81, 0x00,
    0x21, 0x00, 0x41, 0x00, 0x41, 0x00, 0x41, 0x00, 0x41, 0x00, 0x81, 0x00, 0xC1, 0x00, 0xC1, 0x08,
    0xE1, 0x08, 0xE2, 0x08, 0x61, 0x00, 0x81, 0x00, 0x61, 0x00, 0x41, 0x00, 0x41, 0x00, 0x61, 0x00,
    0x21, 0x00, 0x20, 0x00, 0x21, 0x00, 0x20, 0x00, 0x20, 0x00, 0x61, 0x00, 0x41, 0x00, 0x61, 0x00,
    0x81, 0x00, 0x61, 0x00, 0x61, 0x00, 0x61, 0x00, 0x61, 0x00, 0x61, 0x00, 0x61, 0x00, 0x41, 0x00,
    0x61, 0x00, 0x61, 0x00, 0x81, 0x08, 0xA1, 0x00, 0xA1, 0x00, 0x81, 0x00, 0x81, 0x00, 0x81, 0x00,
    0x81, 0x00, 0x81, 0x00, 0x81, 0x00, 0xA1, 0x08, 0xA1, 0x00, 0x61, 0x00, 0x20, 0x00, 0x41, 0x00,
    0x61, 0x00, 0x61, 0x00, 0x81, 0x00, 0x81, 0x00, 0x61, 0x00, 0x61, 0x00, 0x61, 0x00, 0x61, 0x00,
    0x61, 0x00, 0x61, 0x00, 0x61, 0x00, 0x61, 0x00, 0x41, 0x00, 0x61, 0x00, 0x61, 0x00, 0x41, 0x00,
    0x41, 0x00, 0x41, 0x00, 0x41, 0x00, 0x41, 0x00, 0x41, 0x00, 0x41, 0x00, 0x41, 0x00, 0x41, 0x00,
    0x41, 0x00, 0x41, 0x00, 0x41, 0x00, 0x41, 0x00, 0x41, 0x00, 0x41, 0x00, 0x41, 0x00, 0x41, 0x00,
    0x21, 0x00, 0x20, 0x00, 0x20, 0x00, 0x20, 0x00, 0x20, 0x00, 0x20, 0x00, 0x20, 0x00, 0x20, 0x00,
    0x21, 0x00, 0x20, 0x00, 0x41, 0x00, 0x61, 0x00, 0x81, 0x08, 0xA1, 0x08, 0x81, 0x00, 0x81, 0x00,
    0x61, 0x00, 0x61, 0x00, 0x61, 0x00, 0x40, 0x00, 0x41, 0x00, 0x41, 0x00, 0x41, 0x00, 0x41, 0x00,
    0x41, 0x00, 0x41, 0x00, 0x20, 0x00, 0x20, 0x00, 0x20, 0x00, 0x21, 0x00, 0x41, 0x00, 0x40, 0x00,
    0xA1, 0x08, 0xC1, 0x08, 0xC1, 0x08, 0x63, 0x11, 0x83, 0x11, 0x62, 0x11, 0x63, 0x11, 0x63, 0x11,
    0x63, 0x11, 0x43, 0x11, 0x43, 0x11, 0x43, 0x11, 0x22, 0x09, 0x02, 0x09, 0xC2, 0x08, 0x63, 0x21,
    0xC2, 0x21, 0x42, 0x11, 0x04, 0x3A, 0x01, 0x11, 0x81, 0x00, 0xC1, 0x00, 0x61, 0x11, 0x82, 0x19,
    0x80, 0x00, 0x81, 0x00, 0x61, 0x00, 0x81, 0x00, 0xA1, 0x08, 0xC1, 0x08, 0x01, 0x09, 0x42, 0x11,
    0x42, 0x11, 0x42, 0x11, 0x22, 0x09, 0x41, 0x09, 0xE1, 0x08, 0xE1, 0x08, 0x63, 0x11, 0x83, 0x11,
    0x43, 0x11, 0xC1, 0x08, 0x60, 0x00, 0x61, 0x00, 0x81, 0x08, 0x81, 0x00, 0x81, 0x00, 0x61, 0x00,
    0x60, 0x00, 0x63, 0x11, 0xE3, 0x21, 0xE3, 0x19, 0x24, 0x22, 0xA1, 0x00, 0x41, 0x00, 0x41, 0x00,
    0x41, 0x00, 0x41, 0x00, 0x61, 0x00, 0x61, 0x00, 0x61, 0x00, 0x61, 0x00, 0xE2, 0x08, 0x21, 0x09,
    0x01, 0x09, 0x21, 0x09, 0x21, 0x09, 0x21, 0x09, 0x41, 0x09, 0x42, 0x11, 0x62, 0x11, 0x82, 0x11,
    0x62, 0x11, 0xE1, 0x08, 0xC1, 0x00, 0xE1, 0x08, 0xC1, 0x08, 0x81, 0x00, 0x61, 0x00, 0x41, 0x00,
    0x41, 0x00, 0x41, 0x00, 0x61, 0x00, 0xA2, 0x08, 0xA2, 0x00, 0xA1, 0x00, 0xA1, 0x00, 0xA1, 0x00,
    0x81, 0x00, 0x81, 0x00, 0x81, 0x00, 0x81, 0x00, 0xA1, 0x08, 0xC2, 0x08, 0xC2, 0x08, 0xC2, 0x08,
    0xC1, 0x08, 0xA1, 0x08, 0xA1, 0x00, 0xC1, 0x08, 0xC2, 0x08, 0x02, 0x09, 0x02, 0x09, 0xA2, 0x08,
    0x41, 0x00, 0x61, 0x00, 0x61, 0x00, 0x41, 0x00, 0x61, 0x00, 0x61, 0x00, 0x81, 0x08, 0x61, 0x00,
    0x41, 0x00, 0x61, 0x00, 0xA1, 0x00, 0xC2, 0x08, 0x81, 0x08, 0x00, 0x00, 0x20, 0x00, 0x20, 0x00,
    0x40, 0x00, 0x61, 0x00, 0x81, 0x08, 0x81, 0x00, 0x61, 0x00, 0x81, 0x00, 0x81, 0x00, 0x41, 0x00,
    0x21, 0x00, 0x61, 0x00, 0x61, 0x00, 0x61, 0x00, 0x61, 0x00, 0x61, 0x00, 0xA1, 0x00, 0xE1, 0x08,
    0xE1, 0x08, 0xE2, 0x08, 0x61, 0x00, 0x61, 0x00, 0x61, 0x00, 0x20, 0x00, 0x61, 0x00, 0x61, 0x00,
    0x21, 0x00, 0x21, 0x00, 0x41, 0x00, 0x21, 0x00, 0x61, 0x00, 0x82, 0x08, 0x61, 0x00, 0x61, 0x00,
    0x61, 0x00, 0x61, 0x00, 0x61, 0x00, 0x61, 0x00, 0x61, 0x00, 0x61, 0x00, 0x61, 0x00, 0x41, 0x00,
    0x61, 0x00, 0x61, 0x00, 0x81, 0x00, 0xC2, 0x08, 0xA1, 0x00, 0xA1, 0x00, 0xA1, 0x00, 0x81, 0x00,
    0x81, 0x00, 0x81, 0x00, 0x81, 0x00, 0x81, 0x00, 0xA1, 0x00, 0x61, 0x00, 0x00, 0x00, 0x00, 0x00,
    0x20, 0x00, 0x20, 0x00, 0x41, 0x00, 0x61, 0x00, 0x61, 0x00, 0x61, 0x00, 0x61, 0x00, 0x61, 0x00,
    0x61, 0x00, 0x61, 0x00, 0x61, 0x00, 0x81, 0x00, 0x61, 0x00, 0x61, 0x00, 0x81, 0x08, 0x61, 0x00,
    0x41, 0x00, 0x41, 0x00, 0x41, 0x00, 0x41, 0x00, 0x41, 0x00, 0x41, 0x00, 0x41, 0x00, 0x41, 0x00,
    0x41, 0x00, 0x41, 0x00, 0x41, 0x00, 0x41, 0x00, 0x41, 0x00, 0x41, 0x00, 0x41, 0x00, 0x41, 0x00,
    0x41, 0x00, 0x21, 0x00, 0x20, 0x00, 0x20, 0x00, 0x20, 0x00, 0x20, 0x00, 0x20, 0x00, 0x20, 0x00,
    0x21, 0x00, 0x20, 0x00, 0x20, 0x00, 0x20, 0x00, 0x20, 0x00, 0x40, 0x00, 0x41, 0x00, 0x41, 0x00,
    0x41, 0x00, 0x41, 0x00, 0x41, 0x00, 0x41, 0x00, 0x41, 0x00, 0x41, 0x00, 0x41, 0x00, 0x61, 0x00,
    0x41, 0x00, 0x20, 0x00, 0x21, 0x00, 0x41, 0x00, 0x41, 0x00, 0x40, 0x00, 0x61, 0x00, 0xA1, 0x08,
    0xC1, 0x08, 0xC1, 0x08, 0x83, 0x11, 0xC4, 0x19, 0x83, 0x11, 0x62, 0x11, 0x42, 0x09, 0x42, 0x09,
    0x22, 0x09, 0x22, 0x09, 0x22, 0x09, 0x22, 0x09, 0x22, 0x09, 0x02, 0x09, 0xC1, 0x08, 0xA3, 0x21,
    0x03, 0x2A, 0x41, 0x11, 0x44, 0x42, 0xC3, 0x31, 0xC1, 0x08, 0xA1, 0x00, 0xE1, 0x08, 0x41, 0x11,
    0x81, 0x00, 0x61, 0x00, 0x81, 0x00, 0x81, 0x00, 0x81, 0x00, 0x61, 0x00, 0xC1, 0x08, 0x02, 0x09,
    0x81, 0x00, 0x81, 0x00, 0x61, 0x00, 0xE1, 0x08, 0x22, 0x11, 0xE1, 0x08, 0xA3, 0x11, 0x83, 0x11,
    0x63, 0x11, 0x61, 0x00, 0x61, 0x00, 0x81, 0x00, 0xA1, 0x00, 0xA1, 0x08, 0xA1, 0x08, 0xA1, 0x00,
    0x61, 0x00, 0x60, 0x00, 0xC3, 0x19, 0x86, 0x32, 0x22, 0x11, 0x40, 0x00, 0x41, 0x00, 0x41, 0x00,
    0x41, 0x00, 0x41, 0x00, 0x61, 0x00, 0x61, 0x00, 0x61, 0x00, 0x61, 0x00, 0x81, 0x00, 0x02, 0x09,
    0x21, 0x09, 0x41, 0x11, 0x21, 0x09, 0x21, 0x09, 0x41, 0x09, 0x62, 0x11, 0x82, 0x11, 0x62, 0x11,
    0x82, 0x11, 0xE1, 0x08, 0x40, 0x00, 0x41, 0x00, 0x41, 0x00, 0x41, 0x00, 0x61, 0x00, 0x61, 0x00,
    0x61, 0x00, 0x61, 0x00, 0x61, 0x00, 0x81, 0x00, 0x81, 0x00, 0xC2, 0x08, 0xA2, 0x08, 0xA1, 0x00,
    0xA1, 0x08, 0x81, 0x00, 0xA1, 0x08, 0xC2, 0x08, 0xA1, 0x08, 0xA1, 0x08, 0xA1, 0x00, 0xA1, 0x08,
    0xA2, 0x08, 0xC2, 0x08, 0xA1, 0x00, 0xE2, 0x08, 0x02, 0x09, 0x02, 0x09, 0xE2, 0x08, 0xE2, 0x08,
    0xC2, 0x08, 0xE2, 0x10, 0xC2, 0x08, 0x43, 0x19, 0x43, 0x21, 0xE2, 0x10, 0x41, 0x00, 0x00, 0x00,
    0x00, 0x00, 0x41, 0x00, 0x02, 0x11, 0x02, 0x09, 0xA1, 0x08, 0x61, 0x00, 0xA1, 0x08, 0x81, 0x08,
    0x61, 0x08, 0x61, 0x00, 0x81, 0x00, 0xA1, 0x08, 0xA1, 0x08, 0x81, 0x00, 0x21, 0x00, 0x00, 0x00,
    0x41, 0x00, 0x61, 0x00, 0x61, 0x00, 0x61, 0x00, 0x61, 0x00, 0x61, 0x00, 0x81, 0x00, 0xC1, 0x08,
    0x01, 0x09, 0x02, 0x09, 0x61, 0x00, 0x40, 0x00, 0x40, 0x00, 0x20, 0x00, 0x61, 0x00, 0x41, 0x00,
    0x20, 0x00, 0x21, 0x00, 0x21, 0x00, 0x41, 0x00, 0x82, 0x08, 0xA2, 0x08, 0xC2, 0x08, 0xA2, 0x00,
    0x81, 0x00, 0x61, 0x00, 0x61, 0x00, 0x81, 0x00, 0x81, 0x00, 0x61, 0x00, 0x61, 0x00, 0x41, 0x00,
    0x81, 0x00, 0x81, 0x00, 0x61, 0x00, 0x81, 0x00, 0xC2, 0x08, 0xC1, 0x08, 0xA1, 0x00, 0xA1, 0x00,
    0xA1, 0x00, 0xA1, 0x00, 0xA1, 0x00, 0xA1, 0x00, 0xA1, 0x08, 0x61, 0x00, 0x00, 0x00, 0x20, 0x00,
    0x20, 0x00, 0x21, 0x00, 0x20, 0x00, 0x21, 0x00, 0x41, 0x00, 0x61, 0x00, 0x61, 0x00, 0x61, 0x00,
    0x81, 0x00, 0x61, 0x00, 0x61, 0x00, 0x61, 0x00, 0x61, 0x00, 0x61, 0x00, 0x61, 0x00, 0x61, 0x00,
    0x41, 0x00, 0x41, 0x00, 0x41, 0x00, 0x41, 0x00, 0x41, 0x00, 0x41, 0x00, 0x41, 0x00, 0x41, 0x00,
    0x41, 0x00, 0x41, 0x00, 0x41, 0x00, 0x41, 0x00, 0x41, 0x00, 0x41, 0x00, 0x41, 0x00, 0x41, 0x00,
    0x41, 0x00, 0x41, 0x00, 0x21, 0x00, 0x20, 0x00, 0x20, 0x00, 0x20, 0x00, 0x20, 0x00, 0x20, 0x00,
    0x21, 0x00, 0x20, 0x00, 0x20, 0x00, 0x20, 0x00, 0x20, 0x00, 0x20, 0x00, 0x41, 0x00, 0x61, 0x00,
    0x41, 0x00, 0x41, 0x00, 0x41, 0x00, 0x41, 0x00, 0x41, 0x00, 0x61, 0x00, 0x41, 0x00, 0x41, 0x00,
    0x20, 0x00, 0x21, 0x00, 0x41, 0x00, 0x41, 0x00, 0x41, 0x00, 0x61, 0x00, 0x81, 0x00, 0xC2, 0x08,
    0xE2, 0x08, 0xC1, 0x00, 0xA3, 0x19, 0xE3, 0x19, 0x82, 0x11, 0x62, 0x09, 0x42, 0x09, 0x22, 0x09,
    0x02, 0x09, 0xE1, 0x08, 0xE1, 0x08, 0xE1, 0x08, 0xC1, 0x08, 0xC1, 0x08, 0xC1, 0x08, 0xE1, 0x08,
    0xC2, 0x29, 0xA2, 0x21, 0xE6, 0x62, 0x64, 0x4A, 0x42, 0x19, 0xC1, 0x08, 0xC1, 0x08, 0x61, 0x11,
    0xE1, 0x08, 0x61, 0x00, 0x81, 0x00, 0x61, 0x00, 0x61, 0x00, 0xE1, 0x08, 0x82, 0x19, 0x21, 0x09,
    0xC1, 0x08, 0xA1, 0x08, 0x41, 0x00, 0x41, 0x00, 0x22, 0x11, 0x42, 0x11, 0xA3, 0x11, 0x83, 0x11,
    0x81, 0x00, 0x61, 0x00, 0x81, 0x00, 0xA1, 0x08, 0xC1, 0x08, 0xC1, 0x08, 0xC1, 0x08, 0xC1, 0x08,
    0xC1, 0x08, 0xC1, 0x08, 0x22, 0x11, 0x87, 0x3A, 0xA1, 0x08, 0x20, 0x00, 0x41, 0x00, 0x41, 0x00,
    0x41, 0x00, 0x41, 0x00, 0x61, 0x00, 0x82, 0x08, 0x61, 0x00, 0x61, 0x00, 0x41, 0x00, 0xA1, 0x08,
    0x21, 0x11, 0x21, 0x09, 0x21, 0x09, 0x21, 0x09, 0x21, 0x09, 0x41, 0x09, 0x61, 0x11, 0x62, 0x11,
    0xA3, 0x11, 0xE1, 0x08, 0x41, 0x00, 0x61, 0x00, 0x61, 0x00, 0x61, 0x00, 0x61, 0x00, 0x61, 0x00,
    0x61, 0x00, 0x61, 0x00, 0x61, 0x00, 0x61, 0x00, 0x61, 0x00, 0x61, 0x00, 0x81, 0x00, 0xA1, 0x00,
    0xC1, 0x08, 0xC1, 0x08, 0xA1, 0x08, 0xA1, 0x08, 0xA1, 0x08, 0xA1, 0x08, 0xA1, 0x08, 0xA1, 0x08,
    0xA1, 0x08, 0xC1, 0x00, 0xC2, 0x08, 0xC2, 0x08, 0xC1, 0x08, 0xC2, 0x08, 0xE2, 0x08, 0xE2, 0x08,
    0x03, 0x09, 0x43, 0x11, 0xC4, 0x21, 0xA4, 0x21, 0x22, 0x19, 0x24, 0x3A, 0x42, 0x19, 0x60, 0x00,
    0x20, 0x00, 0x00, 0x00, 0xC1, 0x08, 0x42, 0x11, 0xC1, 0x08, 0xC1, 0x08, 0xC1, 0x08, 0xC2, 0x10,
    0x61, 0x08, 0x21, 0x00, 0xA1, 0x08, 0xC1, 0x08, 0xA1, 0x08, 0xC1, 0x08, 0x61, 0x00, 0x00, 0x00,
    0x41, 0x00, 0x81, 0x00, 0x61, 0x00, 0x61, 0x00, 0x61, 0x00, 0x81, 0x00, 0x81, 0x00, 0xA1, 0x00,
    0x43, 0x11, 0x23, 0x09, 0x41, 0x00, 0x41, 0x00, 0x40, 0x00, 0x21, 0x00, 0x61, 0x00, 0x41, 0x00,
    0x20, 0x00, 0x21, 0x00, 0x21, 0x00, 0x41, 0x00, 0xA2, 0x08, 0xA2, 0x00, 0xC2, 0x08, 0xC2, 0x08,
    0x81, 0x00, 0x61, 0x00, 0x81, 0x00, 0x81, 0x00, 0x81, 0x00, 0x61, 0x00, 0x41, 0x00, 0x41, 0x00,
    0x81, 0x00, 0xA2, 0x08, 0xA1, 0x08, 0x81, 0x00, 0x81, 0x00, 0xA1, 0x08, 0xC1, 0x08, 0xC1, 0x08,
    0xC1, 0x08, 0xC1, 0x08, 0xA1, 0x08, 0xA1, 0x00, 0xA1, 0x00, 0x61, 0x00, 0x20, 0x00, 0x20, 0x00,
    0x20, 0x00, 0x20, 0x00, 0x20, 0x00, 0x20, 0x00, 0x20, 0x00, 0x41, 0x00, 0x61, 0x00, 0x61, 0x00,
    0x61, 0x00, 0x61, 0x00, 0x61, 0x00, 0x61, 0x00, 0x61, 0x00, 0x61, 0x00, 0x61, 0x00, 0x81, 0x00,
    0x61, 0x00, 0x61, 0x00, 0x41, 0x00, 0x41, 0x00, 0x41, 0x00, 0x41, 0x00, 0x41, 0x00, 0x41, 0x00,
    0x41, 0x00, 0x41, 0x00, 0x41, 0x00, 0x41, 0x00, 0x41, 0x00, 0x41, 0x00, 0x41, 0x00, 0x41, 0x00,
    0x41, 0x00, 0x41, 0x00, 0x41, 0x00, 0x20, 0x00, 0x20, 0x00, 0x20, 0x00, 0x20, 0x00, 0x20, 0x00,
    0x20, 0x00, 0x20, 0x00, 0x20, 0x00, 0x20, 0x00, 0x20, 0x00, 0x20, 0x00, 0x41, 0x00, 0x61, 0x00,
    0x61, 0x00, 0x61, 0x00, 0x61, 0x00, 0x61, 0x00, 0x61, 0x00, 0x61, 0x00, 0x41, 0x00, 0x41, 0x00,
    0x41, 0x00, 0x41, 0x00, 0x41, 0x00, 0x20, 0x00, 0x41, 0x00, 0xA1, 0x08, 0xE2, 0x08, 0x02, 0x11,
    0xE2, 0x08, 0xC1, 0x00, 0x83, 0x11, 0xC3, 0x11, 0x62, 0x09, 0x42, 0x09, 0x42, 0x09, 0x01, 0x09,
    0xE1, 0x08, 0xE1, 0x08, 0xE1, 0x08, 0xE1, 0x08, 0xC1, 0x08, 0xC1, 0x08, 0xC1, 0x08, 0xA1, 0x08,
    0x82, 0x19, 0xC2, 0x29, 0x28, 0x73, 0x08, 0x63, 0x45, 0x3A, 0x42, 0x11, 0xC1, 0x08, 0x62, 0x11,
    0x42, 0x11, 0x81, 0x00, 0x61, 0x00, 0x61, 0x00, 0xE1, 0x08, 0xC2, 0x19, 0x41, 0x09, 0x41, 0x11,
    0x42, 0x11, 0x81, 0x00, 0x61, 0x00, 0x41, 0x00, 0x61, 0x00, 0x22, 0x09, 0x62, 0x11, 0xA1, 0x08,
    0x61, 0x00, 0x81, 0x00, 0x81, 0x00, 0xC1, 0x08, 0xC1, 0x08, 0xC1, 0x08, 0xC1, 0x08, 0xC1, 0x08,
    0xE1, 0x08, 0xE1, 0x08, 0x02, 0x09, 0xE2, 0x08, 0x41, 0x00, 0x41, 0x00, 0x41, 0x00, 0x61, 0x00,
    0x61, 0x00, 0x41, 0x00, 0x61, 0x00, 0x82, 0x00, 0x81, 0x00, 0x61, 0x00, 0x21, 0x00, 0x20, 0x00,
    0xA1, 0x00, 0x22, 0x11, 0x21, 0x09, 0x21, 0x09, 0x21, 0x09, 0x41, 0x11, 0x62, 0x11, 0x82, 0x11,
    0x82, 0x11, 0x81, 0x00, 0x41, 0x00, 0x61, 0x00, 0x61, 0x00, 0x61, 0x00, 0x61, 0x00, 0x61, 0x00,
    0x61, 0x00, 0x41, 0x00, 0x41, 0x00, 0x81, 0x00, 0x81, 0x00, 0x81, 0x00, 0x81, 0x00, 0x81, 0x00,
    0xC1, 0x08, 0x01, 0x09, 0xE1, 0x08, 0x01, 0x09, 0xC1, 0x08, 0xA1, 0x00, 0xA1, 0x00, 0xA1, 0x00,
    0xA1, 0x08, 0xC1, 0x08, 0xC2, 0x08, 0xC2, 0x08, 0xC2, 0x08, 0xE2, 0x08, 0xE2, 0x08, 0x02, 0x09,
    0xE2, 0x08, 0xE1, 0x08, 0xE1, 0x08, 0xA1, 0x00, 0x02, 0x11, 0x03, 0x32, 0xC2, 0x21, 0x62, 0x11,
    0xE2, 0x10, 0xA1, 0x00, 0x21, 0x09, 0xA2, 0x11, 0x21, 0x09, 0xE1, 0x08, 0xE1, 0x08, 0xC1, 0x10,
    0xC2, 0x10, 0x40, 0x00, 0xA1, 0x08, 0x02, 0x11, 0xA1, 0x00, 0xC1, 0x08, 0xA1, 0x08, 0x20, 0x00,
    0x41, 0x00, 0x81, 0x00, 0x81, 0x00, 0x81, 0x00, 0x81, 0x00, 0x81, 0x00, 0xA2, 0x00, 0x81, 0x00,
    0x43, 0x11, 0x02, 0x09, 0x40, 0x00, 0x61, 0x00, 0x41, 0x00, 0x21, 0x00, 0x61, 0x00, 0x61, 0x00,
    0x20, 0x00, 0x20, 0x00, 0x20, 0x00, 0x21, 0x00, 0xC2, 0x08, 0xE2, 0x08, 0xA2, 0x08, 0x81, 0x00,
    0x61, 0x00, 0x61, 0x00, 0x81, 0x08, 0x81, 0x00, 0xA2, 0x08, 0x82, 0x08, 0x41, 0x00, 0x41, 0x00,
    0x81, 0x00, 0x81, 0x00, 0xA1, 0x00, 0xC2, 0x08, 0x81, 0x00, 0x21, 0x00, 0x61, 0x00, 0x61, 0x00,
    0xA1, 0x08, 0xC2, 0x08, 0xA1, 0x08, 0xA1, 0x08, 0xA1, 0x08, 0xA1, 0x08, 0x20, 0x00, 0x21, 0x00,
    0x20, 0x00, 0x20, 0x00, 0x20, 0x00, 0x20, 0x00, 0x20, 0x00, 0x00, 0x00, 0x00, 0x00, 0x00, 0x00,
    0x20, 0x00, 0x41, 0x00, 0x41, 0x00, 0x61, 0x00, 0x61, 0x00, 0x61, 0x00, 0x61, 0x00, 0x61, 0x00,
    0x81, 0x08, 0x61, 0x00, 0x41, 0x00, 0x41, 0x00, 0x41, 0x00, 0x61, 0x00, 0x61, 0x00, 0x41, 0x00,
    0x61, 0x00, 0x41, 0x00, 0x61, 0x00, 0x41, 0x00, 0x41, 0x00, 0x41, 0x00, 0x41, 0x00, 0x41, 0x00,
    0x41, 0x00, 0x41, 0x00, 0x41, 0x00, 0x21, 0x00, 0x20, 0x00, 0x20, 0x00, 0x20, 0x00, 0x20, 0x00,
    0x20, 0x00, 0x20, 0x00, 0x20, 0x00, 0x20, 0x00, 0x20, 0x00, 0x20, 0x00, 0x20, 0x00, 0x61, 0x00,
    0x61, 0x00, 0x81, 0x00, 0x82, 0x00, 0x81, 0x00, 0x61, 0x00, 0x41, 0x00, 0x41, 0x00, 0x41, 0x00,
    0x41, 0x00, 0x41, 0x00, 0x41, 0x00, 0x41, 0x00, 0xA1, 0x08, 0xC1, 0x08, 0xE2, 0x08, 0xE2, 0x08,
    0xE2, 0x08, 0xE2, 0x08, 0x42, 0x11, 0xE4, 0x19, 0x62, 0x11, 0x21, 0x09, 0x01, 0x09, 0xE1, 0x08,
    0xE1, 0x08, 0xE1, 0x08, 0xE1, 0x08, 0xE1, 0x08, 0xE1, 0x08, 0xE1, 0x08, 0xE1, 0x08, 0xA1, 0x00,
    0xA2, 0x21, 0xC3, 0x29, 0x2A, 0x6B, 0x08, 0x5B, 0xE4, 0x31, 0x02, 0x09, 0x01, 0x09, 0x41, 0x09,
    0x22, 0x11, 0x81, 0x00, 0x81, 0x00, 0xC1, 0x08, 0xC2, 0x19, 0x41, 0x09, 0x61, 0x09, 0xA2, 0x11,
    0xC1, 0x08, 0x61, 0x00, 0x81, 0x00, 0x41, 0x00, 0x20, 0x00, 0xA1, 0x08, 0xC1, 0x00, 0x60, 0x00,
    0x81, 0x00, 0x81, 0x00, 0xA1, 0x08, 0xC1, 0x08, 0xE2, 0x08, 0xE1, 0x08, 0xC1, 0x08, 0xC1, 0x08,
    0xE1, 0x08, 0xE1, 0x08, 0x02, 0x09, 0xC1, 0x08, 0x61, 0x00, 0x61, 0x00, 0x61, 0x00, 0x61, 0x00,
    0x61, 0x00, 0x81, 0x00, 0x81, 0x00, 0x81, 0x08, 0x81, 0x00, 0x61, 0x00, 0x21, 0x00, 0x41, 0x00,
    0x61, 0x00, 0xA1, 0x00, 0x01, 0x09, 0x41, 0x09, 0x21, 0x09, 0x41, 0x09, 0x61, 0x09, 0x82, 0x11,
    0xE1, 0x08, 0x40, 0x00, 0x61, 0x00, 0x61, 0x00, 0x61, 0x00, 0x61, 0x00, 0x61, 0x00, 0x61, 0x00,
    0x61, 0x00, 0x61, 0x00, 0x41, 0x00, 0x61, 0x00, 0xA2, 0x08, 0x81, 0x00, 0x81, 0x00, 0x81, 0x00,
    0xE1, 0x08, 0x01, 0x09, 0x01, 0x09, 0x01, 0x09, 0x41, 0x09, 0xE1, 0x08, 0xE2, 0x08, 0xE2, 0x08,
    0xC2, 0x08, 0xE2, 0x08, 0xE2, 0x08, 0xE2, 0x08, 0xC1, 0x08, 0xA1, 0x00, 0xE2, 0x08, 0xE2, 0x08,
    0x02, 0x09, 0x02, 0x09, 0x02, 0x09, 0x02, 0x09, 0xC1, 0x00, 0x41, 0x11, 0x43, 0x32, 0x81, 0x11,
    0x62, 0x11, 0x41, 0x11, 0x61, 0x11, 0x82, 0x11, 0x82, 0x11, 0x61, 0x11, 0x62, 0x19, 0xE1, 0x10,
    0xA1, 0x08, 0xE1, 0x08, 0x01, 0x09, 0x62, 0x11, 0xE1, 0x00, 0x01, 0x09, 0x02, 0x09, 0xC1, 0x08,
    0x61, 0x00, 0x81, 0x00, 0x81, 0x08, 0x81, 0x00, 0x81, 0x00, 0xA1, 0x00, 0xA2, 0x08, 0x61, 0x00,
    0xA1, 0x00, 0x81, 0x00, 0x61, 0x00, 0x61, 0x00, 0x41, 0x00, 0x20, 0x00, 0x21, 0x00, 0x41, 0x00,
    0x41, 0x00, 0x20, 0x00, 0x20, 0x00, 0x20, 0x00, 0xC2, 0x08, 0x23, 0x11, 0xE2, 0x08, 0x81, 0x00,
    0x81, 0x00, 0xA2, 0x00, 0xA2, 0x08, 0xA2, 0x08, 0x81, 0x00, 0x61, 0x00, 0x41, 0x00, 0x41, 0x00,
    0xC2, 0x08, 0xA1, 0x08, 0x81, 0x00, 0x81, 0x00, 0x81, 0x08, 0x20, 0x00, 0x20, 0x00, 0x20, 0x00,
    0x20, 0x00, 0x40, 0x00, 0x40, 0x00, 0x61, 0x00, 0xA1, 0x08, 0xE2, 0x08, 0x61, 0x00, 0x21, 0x00,
    0x21, 0x00, 0x20, 0x00, 0x20, 0x00, 0x20, 0x00, 0x20, 0x00, 0x20, 0x00, 0x20, 0x00, 0x20, 0x00,
    0x00, 0x00, 0x20, 0x00, 0x20, 0x00, 0x20, 0x00, 0x20, 0x00, 0x20, 0x00, 0x41, 0x00, 0x61, 0x00,
    0x61, 0x00, 0x61, 0x00, 0x61, 0x00, 0x61, 0x00, 0x41, 0x00, 0x41, 0x00, 0x41, 0x00, 0x41, 0x00,
    0x61, 0x00, 0x41, 0x00, 0x41, 0x00, 0x41, 0x00, 0x61, 0x00, 0x41, 0x00, 0x61, 0x00, 0x41, 0x00,
    0x61, 0x00, 0x41, 0x00, 0x41, 0x00, 0x41, 0x00, 0x20, 0x00, 0x20, 0x00, 0x20, 0x00, 0x20, 0x00,
    0x20, 0x00, 0x20, 0x00, 0x20, 0x00, 0x20, 0x00, 0x20, 0x00, 0x20, 0x00, 0x41, 0x00, 0x61, 0x00,
    0xC2, 0x00, 0xA2, 0x00, 0x81, 0x00, 0x61, 0x00, 0x41, 0x00, 0x41, 0x00, 0x41, 0x00, 0x41, 0x00,
    0x41, 0x00, 0x41, 0x00, 0x41, 0x00, 0xA1, 0x00, 0xE1, 0x08, 0xC1, 0x08, 0x02, 0x09, 0xE2, 0x08,
    0x02, 0x09, 0x23, 0x09, 0xE2, 0x08, 0x83, 0x19, 0x42, 0x11, 0x01, 0x09, 0x42, 0x11, 0x01, 0x09,
    0x01, 0x09, 0xE1, 0x08, 0xE1, 0x08, 0x01, 0x09, 0x01, 0x09, 0x01, 0x09, 0x01, 0x09, 0xC1, 0x08,
    0xE1, 0x10, 0x82, 0x21, 0x88, 0x4A, 0xE8, 0x5A, 0xC3, 0x21, 0xC1, 0x00, 0x42, 0x11, 0x42, 0x09,
    0xC1, 0x00, 0xA1, 0x08, 0x61, 0x00, 0xE1, 0x08, 0xA1, 0x19, 0x81, 0x11, 0xE3, 0x21, 0xE1, 0x08,
    0x61, 0x00, 0x81, 0x00, 0x61, 0x00, 0x41, 0x00, 0x41, 0x00, 0x41, 0x00, 0x41, 0x00, 0x61, 0x00,
    0x81, 0x00, 0xA1, 0x08, 0xA1, 0x00, 0xE1, 0x08, 0xE1, 0x08, 0xC1, 0x08, 0xC1, 0x08, 0xE1, 0x08,
    0xE1, 0x08, 0x01, 0x09, 0x01, 0x09, 0xE2, 0x08, 0xA1, 0x08, 0x81, 0x08, 0x81, 0x00, 0x81, 0x00,
    0xA1, 0x08, 0xC1, 0x08, 0xA1, 0x08, 0xA1, 0x08, 0xA1, 0x00, 0x81, 0x00, 0x61, 0x00, 0x61, 0x00,
    0x61, 0x00, 0x61, 0x00, 0x81, 0x00, 0xE1, 0x08, 0x22, 0x09, 0x41, 0x09, 0x82, 0x11, 0x22, 0x09,
    0x40, 0x00, 0x61, 0x00, 0x61, 0x00, 0x61, 0x00, 0x61, 0x00, 0x61, 0x00, 0x61, 0x00, 0x61, 0x00,
    0x61, 0x00, 0x61, 0x00, 0x41, 0x00, 0x40, 0x00, 0xA1, 0x08, 0xC2, 0x08, 0x81, 0x00, 0xA1, 0x00,
    0x22, 0x09, 0x21, 0x09, 0x21, 0x09, 0x01, 0x09, 0x61, 0x11, 0x82, 0x11, 0x02, 0x09, 0xE2, 0x08,
    0xE2, 0x08, 0xE2, 0x08, 0xE2, 0x08, 0xC1, 0x08, 0xC2, 0x08, 0xE2, 0x08, 0x02, 0x09, 0x02, 0x09,
    0x23, 0x11, 0x43, 0x11, 0x23, 0x09, 0x02, 0x09, 0xE2, 0x08, 0x42, 0x11, 0xA2, 0x19, 0x42, 0x11,
    0x62, 0x11, 0x41, 0x11, 0x01, 0x09, 0xE1, 0x00, 0x21, 0x09, 0x82, 0x11, 0xA3, 0x21, 0x01, 0x11,
    0x81, 0x00, 0x61, 0x00, 0xA1, 0x08, 0x41, 0x09, 0x61, 0x11, 0x42, 0x11, 0x42, 0x09, 0x42, 0x11,
    0x81, 0x00, 0x81, 0x00, 0xA2, 0x08, 0xC2, 0x08, 0xA1, 0x00, 0xA1, 0x00, 0xA2, 0x08, 0x61, 0x00,
    0x20, 0x00, 0x41, 0x00, 0x41, 0x00, 0x61, 0x00, 0x61, 0x00, 0x20, 0x00, 0x00, 0x00, 0x00, 0x00,
    0x20, 0x00, 0x20, 0x00, 0x20, 0x00, 0x00, 0x00, 0xA2, 0x08, 0x65, 0x11, 0xE3, 0x08, 0xA1, 0x00,
    0xC2, 0x08, 0xE2, 0x08, 0xC2, 0x08, 0x81, 0x00, 0x20, 0x00, 0x20, 0x00, 0x41, 0x00, 0x41, 0x00,
    0xA1, 0x08, 0xC2, 0x08, 0xE2, 0x08, 0xC1, 0x08, 0x61, 0x00, 0x40, 0x00, 0x20, 0x00, 0x20, 0x00,
    0x20, 0x00, 0x20, 0x00, 0x20, 0x00, 0x20, 0x00, 0x20, 0x00, 0xA2, 0x08, 0x81, 0x00, 0x20, 0x00,
    0x21, 0x00, 0x20, 0x00, 0x20, 0x00, 0x20, 0x00, 0x20, 0x00, 0x20, 0x00, 0x20, 0x00, 0x20, 0x00,
    0x00, 0x00, 0x20, 0x00, 0x20, 0x00, 0x20, 0x00, 0x20, 0x00, 0x00, 0x00, 0x20, 0x00, 0x61, 0x00,
    0x61, 0x00, 0x61, 0x00, 0x61, 0x00, 0x41, 0x00, 0x61, 0x00, 0x61, 0x00, 0x61, 0x00, 0x61, 0x00,
    0x41, 0x00, 0x41, 0x00, 0x61, 0x00, 0x41, 0x00, 0x61, 0x00, 0x41, 0x00, 0x61, 0x00, 0x61, 0x00,
    0x61, 0x00, 0x41, 0x00, 0x41, 0x00, 0x41, 0x00, 0x20, 0x00, 0x20, 0x00, 0x20, 0x00, 0x20, 0x00,
    0x20, 0x00, 0x20, 0x00, 0x20, 0x00, 0x20, 0x00, 0x21, 0x00, 0x41, 0x00, 0x41, 0x00, 0xA2, 0x08,
    0xC2, 0x08, 0x61, 0x00, 0x41, 0x00, 0x41, 0x00, 0x41, 0x00, 0x41, 0x00, 0x61, 0x00, 0x61, 0x00,
    0x61, 0x00, 0x41, 0x00, 0x81, 0x00, 0x21, 0x11, 0xE1, 0x08, 0xE1, 0x08, 0x23, 0x11, 0x22, 0x09,
    0x43, 0x11, 0x43, 0x11, 0xE2, 0x08, 0x01, 0x09, 0x61, 0x11, 0x22, 0x09, 0x62, 0x11, 0x41, 0x09,
    0x01, 0x09, 0x01, 0x09, 0x01, 0x09, 0x01, 0x09, 0x01, 0x09, 0x62, 0x11, 0x22, 0x09, 0x02, 0x09,
    0x61, 0x00, 0x02, 0x11, 0xC4, 0x29, 0x04, 0x32, 0x83, 0x19, 0xC2, 0x08, 0x02, 0x09, 0x05, 0x22,
    0x22, 0x11, 0xA2, 0x00, 0xA2, 0x00, 0x41, 0x11, 0xC1, 0x19, 0x82, 0x19, 0xE1, 0x08, 0x61, 0x00,
    0x82, 0x00, 0x81, 0x08, 0x61, 0x00, 0x41, 0x00, 0x41, 0x00, 0x41, 0x00, 0x61, 0x00, 0x81, 0x00,
    0xC1, 0x08, 0xC1, 0x08, 0xC1, 0x08, 0xE1, 0x08, 0x02, 0x09, 0xE1, 0x08, 0xE1, 0x08, 0xE1, 0x08,
    0x02, 0x09, 0x01, 0x09, 0x22, 0x11, 0x22, 0x09, 0xE1, 0x08, 0xA1, 0x00, 0xA1, 0x00, 0xA1, 0x08,
    0xA1, 0x00, 0xC1, 0x08, 0xA1, 0x08, 0xA1, 0x00, 0xA1, 0x00, 0xA1, 0x00, 0xA1, 0x00, 0xA1, 0x08,
    0x81, 0x00, 0x61, 0x00, 0x61, 0x00, 0x61, 0x00, 0xA1, 0x00, 0x42, 0x09, 0xA3, 0x11, 0xC1, 0x00,
    0x61, 0x00, 0x61, 0x00, 0x61, 0x00, 0x61, 0x00, 0x81, 0x00, 0x81, 0x00, 0x81, 0x00, 0x81, 0x00,
    0x81, 0x00, 0x61, 0x00, 0x41, 0x00, 0x41, 0x00, 0x61, 0x00, 0xA1, 0x08, 0xE2, 0x08, 0x62, 0x11,
    0x41, 0x09, 0x61, 0x09, 0x41, 0x09, 0x41, 0x09, 0x21, 0x09, 0xA2, 0x11, 0x82, 0x11, 0x01, 0x09,
    0xC1, 0x08, 0x23, 0x11, 0x43, 0x11, 0x02, 0x11, 0xE2, 0x08, 0xC1, 0x08, 0xC1, 0x08, 0xC1, 0x08,
    0xC1, 0x08, 0xC1, 0x08, 0xC1, 0x08, 0xC1, 0x08, 0xE1, 0x08, 0x22, 0x09, 0x62, 0x11, 0x62, 0x11,
    0x21, 0x09, 0x62, 0x11, 0x62, 0x11, 0x41, 0x11, 0x01, 0x09, 0x61, 0x11, 0x24, 0x32, 0x82, 0x19,
    0x80, 0x00, 0x81, 0x08, 0x41, 0x00, 0xA1, 0x00, 0x62, 0x11, 0x82, 0x11, 0x82, 0x11, 0x22, 0x11,
    0x40, 0x00, 0x81, 0x00, 0xA2, 0x08, 0xC2, 0x08, 0xC2, 0x08, 0xA1, 0x08, 0xA2, 0x00, 0x41, 0x00,
    0x41, 0x00, 0x20, 0x00, 0x20, 0x00, 0x41, 0x00, 0x41, 0x00, 0x20, 0x00, 0x20, 0x00, 0x00, 0x00,
    0x20, 0x00, 0x20, 0x00, 0x20, 0x00, 0x00, 0x00, 0x04, 0x11, 0xE7, 0x21, 0x03, 0x09, 0xC2, 0x08,
    0xA2, 0x08, 0x81, 0x00, 0x41, 0x00, 0x20, 0x00, 0x20, 0x00, 0x20, 0x00, 0x40, 0x00, 0x41, 0x00,
    0xC1, 0x08, 0xC1, 0x00, 0xC1, 0x00, 0xC1, 0x08, 0x61, 0x00, 0x61, 0x00, 0x61, 0x00, 0x20, 0x00,
    0x20, 0x00, 0x20, 0x00, 0x20, 0x00, 0x00, 0x00, 0x62, 0x08, 0x82, 0x08, 0x20, 0x00, 0x20, 0x00,
    0x20, 0x00, 0x20, 0x00, 0x20, 0x00, 0x20, 0x00, 0x20, 0x00, 0x20, 0x00, 0x20, 0x00, 0x20, 0x00,
    0x21, 0x00, 0x21, 0x00, 0x21, 0x00, 0x20, 0x00, 0x20, 0x00, 0x20, 0x00, 0x20, 0x00, 0x41, 0x00,
    0x61, 0x00, 0x61, 0x00, 0x61, 0x00, 0x61, 0x00, 0x61, 0x00, 0x61, 0x00, 0x41, 0x00, 0x61, 0x00,
    0x61, 0x00, 0x61, 0x00, 0x61, 0x00, 0x61, 0x00, 0x61, 0x00, 0x61, 0x00, 0x61, 0x00, 0x61, 0x00,
    0x61, 0x00, 0x41, 0x00, 0x61, 0x00, 0x41, 0x00, 0x41, 0x00, 0x20, 0x00, 0x20, 0x00, 0x20, 0x00,
    0x20, 0x00, 0x20, 0x00, 0x20, 0x00, 0x20, 0x00, 0x41, 0x00, 0x61, 0x00, 0x41, 0x00, 0x81, 0x00,
    0x61, 0x00, 0x61, 0x00, 0x61, 0x00, 0x61, 0x00, 0x61, 0x00, 0x81, 0x00, 0x61, 0x00, 0x61, 0x00,
    0x41, 0x00, 0x61, 0x00, 0x22, 0x11, 0x21, 0x09, 0xC1, 0x08, 0xE1, 0x08, 0x43, 0x11, 0x43, 0x09,
    0x43, 0x09, 0x23, 0x09, 0xC1, 0x08, 0x83, 0x19, 0x04, 0x22, 0xC1, 0x08, 0x22, 0x11, 0x63, 0x19,
    0x82, 0x11, 0x82, 0x11, 0x83, 0x19, 0x83, 0x19, 0x42, 0x11, 0x63, 0x11, 0x02, 0x09, 0xC2, 0x08,
    0x41, 0x00, 0x61, 0x00, 0x83, 0x21, 0xE2, 0x08, 0xE2, 0x08, 0x03, 0x09, 0xC1, 0x00, 0x22, 0x09,
    0x43, 0x11, 0xA1, 0x00, 0xE2, 0x08, 0xC4, 0x21, 0xE1, 0x08, 0x81, 0x00, 0x81, 0x00, 0x81, 0x00,
    0x81, 0x00, 0x61, 0x00, 0x41, 0x00, 0x41, 0x00, 0x41, 0x00, 0x41, 0x00, 0x81, 0x00, 0xA1, 0x08,
    0xC1, 0x08, 0xE1, 0x08, 0xE1, 0x08, 0x02, 0x09, 0x01, 0x09, 0xE1, 0x08, 0x01, 0x09, 0x02, 0x09,
    0x01, 0x09, 0x22, 0x09, 0x22, 0x09, 0x62, 0x11, 0x22, 0x09, 0xC1, 0x08, 0xA1, 0x00, 0xA1, 0x08,
    0xA1, 0x00, 0xA1, 0x08, 0xC1, 0x08, 0xA1, 0x08, 0xA1, 0x00, 0xA1, 0x00, 0xA1, 0x00, 0xA1, 0x08,
    0xA2, 0x08, 0x61, 0x00, 0x61, 0x00, 0x61, 0x00, 0x41, 0x00, 0xE1, 0x08, 0x22, 0x09, 0x81, 0x00,
    0x61, 0x00, 0x61, 0x00, 0x61, 0x00, 0x61, 0x00, 0x61, 0x00, 0x81, 0x00, 0xA1, 0x00, 0xA1, 0x08,
    0xC2, 0x08, 0xA2, 0x08, 0x61, 0x00, 0x41, 0x00, 0x41, 0x00, 0x41, 0x00, 0xE2, 0x08, 0x61, 0x11,
    0x82, 0x11, 0x61, 0x11, 0x82, 0x11, 0x61, 0x11, 0x41, 0x09, 0x82, 0x11, 0xE3, 0x19, 0xA3, 0x11,
    0x22, 0x09, 0xC1, 0x00, 0xE1, 0x08, 0x02, 0x09, 0x43, 0x11, 0x43, 0x11, 0x22, 0x09, 0x02, 0x09,
    0x02, 0x09, 0xE2, 0x08, 0xE2, 0x08, 0xE2, 0x08, 0x02, 0x09, 0x22, 0x09, 0x42, 0x09, 0x42, 0x11,
    0x42, 0x11, 0x42, 0x09, 0x62, 0x11, 0x82, 0x11, 0x41, 0x11, 0x61, 0x19, 0xC3, 0x21, 0x62, 0x19,
    0x21, 0x11, 0xC1, 0x08, 0x61, 0x00, 0xA1, 0x08, 0x42, 0x11, 0xA2, 0x11, 0xA2, 0x11, 0x62, 0x11,
    0xC2, 0x08, 0x61, 0x00, 0xA1, 0x08, 0xC2, 0x08, 0xE2, 0x08, 0xC2, 0x08, 0x61, 0x00, 0x20, 0x00,
    0x20, 0x00, 0x20, 0x00, 0x20, 0x00, 0x00, 0x00, 0x00, 0x00, 0x00, 0x00, 0x21, 0x00, 0x20, 0x00,
    0x20, 0x00, 0x20, 0x00, 0x20, 0x00, 0x00, 0x00, 0xE3, 0x10, 0x65, 0x19, 0xC2, 0x08, 0x61, 0x00,
    0x41, 0x00, 0x20, 0x00, 0x20, 0x00, 0x21, 0x00, 0x20, 0x00, 0x21, 0x00, 0x41, 0x00, 0x41, 0x00,
    0xE2, 0x08, 0x02, 0x09, 0xE2, 0x08, 0x81, 0x00, 0x20, 0x00, 0x61, 0x00, 0xA2, 0x08, 0x41, 0x00,
    0x20, 0x00, 0x20, 0x00, 0x20, 0x00, 0x20, 0x00, 0x41, 0x00, 0x21, 0x00, 0x20, 0x00, 0x41, 0x00,
    0x21, 0x00, 0x20, 0x00, 0x20, 0x00, 0x20, 0x00, 0x20, 0x00, 0x21, 0x00, 0x21, 0x00, 0x21, 0x00,
    0x20, 0x00, 0x20, 0x00, 0x20, 0x00, 0x20, 0x00, 0x20, 0x00, 0x20, 0x00, 0x00, 0x00, 0x41, 0x00,
    0x61, 0x00, 0x41, 0x00, 0x41, 0x00, 0x61, 0x00, 0x61, 0x00, 0x81, 0x00, 0x81, 0x00, 0x61, 0x00,
    0x61, 0x00, 0x61, 0x00, 0x41, 0x00, 0x61, 0x00, 0x41, 0x00, 0x61, 0x00, 0x41, 0x00, 0x61, 0x00,
    0x61, 0x00, 0x61, 0x00, 0x61, 0x00, 0x41, 0x00, 0x41, 0x00, 0x21, 0x00, 0x20, 0x00, 0x20, 0x00,
    0x20, 0x00, 0x20, 0x00, 0x20, 0x00, 0x21, 0x00, 0x61, 0x00, 0x61, 0x00, 0x61, 0x00, 0x61, 0x00,
    0x61, 0x00, 0x61, 0x00, 0x81, 0x00, 0xA2, 0x08, 0x82, 0x00, 0x61, 0x00, 0x61, 0x00, 0x61, 0x00,
    0x60, 0x00, 0x02, 0x09, 0x62, 0x11, 0x01, 0x09, 0xE1, 0x08, 0xC1, 0x00, 0x63, 0x11, 0xA4, 0x11,
    0x84, 0x11, 0x84, 0x11, 0xE2, 0x08, 0x84, 0x19, 0x22, 0x11, 0x40, 0x00, 0x61, 0x00, 0x81, 0x00,
    0xA1, 0x08, 0x81, 0x00, 0xA1, 0x00, 0xA1, 0x00, 0x81, 0x00, 0x61, 0x00, 0x41, 0x00, 0x41, 0x00,
    0x41, 0x00, 0x20, 0x00, 0xE3, 0x10, 0xC2, 0x08, 0xC1, 0x00, 0x03, 0x09, 0x23, 0x11, 0xA2, 0x00,
    0xE3, 0x08, 0xE2, 0x08, 0xA2, 0x08, 0x02, 0x11, 0x81, 0x00, 0xA2, 0x08, 0xA2, 0x08, 0x81, 0x00,
    0x61, 0x00, 0x41, 0x00, 0x41, 0x00, 0x41, 0x00, 0x41, 0x00, 0x81, 0x00, 0xA1, 0x08, 0xC1, 0x08,
    0xE1, 0x08, 0x02, 0x09, 0x02, 0x09, 0x01, 0x09, 0x42, 0x09, 0x02, 0x09, 0x01, 0x09, 0x22, 0x09,
    0x42, 0x11, 0x22, 0x09, 0x42, 0x11, 0x42, 0x09, 0x22, 0x11, 0x02, 0x09, 0xC1, 0x08, 0xC1, 0x08,
    0xA1, 0x08, 0xC1, 0x08, 0xC2, 0x08, 0xC1, 0x08, 0xC1, 0x08, 0xC1, 0x08, 0xC1, 0x08, 0xC2, 0x08,
    0xC2, 0x08, 0x81, 0x00, 0x61, 0x00, 0x61, 0x00, 0x61, 0x00, 0x81, 0x00, 0x61, 0x00, 0x61, 0x00,
    0x61, 0x00, 0x61, 0x00, 0x81, 0x00, 0x81, 0x00, 0x81, 0x00, 0xA1, 0x00, 0xA1, 0x00, 0xA1, 0x00,
    0xC2, 0x08, 0xC2, 0x08, 0x81, 0x08, 0x41, 0x00, 0x41, 0x00, 0x41, 0x00, 0x81, 0x00, 0x82, 0x11,
    0x82, 0x11, 0xA2, 0x11, 0x81, 0x11, 0x81, 0x11, 0x61, 0x11, 0x41, 0x09, 0xC2, 0x11, 0x03, 0x1A,
    0xE4, 0x19, 0x63, 0x11, 0xC1, 0x00, 0xC1, 0x00, 0xE2, 0x08, 0x02, 0x09, 0x22, 0x09, 0x02, 0x09,
    0x02, 0x09, 0xC1, 0x00, 0xA1, 0x00, 0xE2, 0x08, 0x42, 0x11, 0x22, 0x09, 0x22, 0x09, 0x22, 0x09,
    0x22, 0x09, 0x02, 0x09, 0xE1, 0x08, 0x22, 0x09, 0x01, 0x09, 0x04, 0x32, 0x21, 0x11, 0xE1, 0x08,
    0x22, 0x11, 0x01, 0x09, 0x80, 0x00, 0xA1, 0x00, 0x83, 0x11, 0xC3, 0x11, 0xA2, 0x11, 0x83, 0x11,
    0xE2, 0x08, 0x61, 0x00, 0x61, 0x00, 0xC2, 0x08, 0xE2, 0x08, 0x81, 0x00, 0x41, 0x00, 0x20, 0x00,
    0x20, 0x00, 0x21, 0x00, 0x20, 0x00, 0x20, 0x00, 0x20, 0x00, 0x20, 0x00, 0x21, 0x00, 0x20, 0x00,
    0x20, 0x00, 0x20, 0x00, 0x20, 0x00, 0x00, 0x00, 0x41, 0x00, 0x61, 0x00, 0x20, 0x00, 0x20, 0x00,
    0x20, 0x00, 0x21, 0x00, 0x21, 0x00, 0x20, 0x00, 0x20, 0x00, 0x20, 0x00, 0x41, 0x00, 0x21, 0x00,
    0xC1, 0x00, 0xE1, 0x08, 0x02, 0x09, 0x41, 0x00, 0x20, 0x00, 0x61, 0x00, 0xA2, 0x08, 0x41, 0x00,
    0x20, 0x00, 0x20, 0x00, 0x20, 0x00, 0x20, 0x00, 0x21, 0x00, 0x21, 0x00, 0x01, 0x00, 0x41, 0x00,
    0x21, 0x00, 0x20, 0x00, 0x20, 0x00, 0x20, 0x00, 0x20, 0x00, 0x21, 0x00, 0x21, 0x00, 0x20, 0x00,
    0x20, 0x00, 0x00, 0x00, 0x00, 0x00, 0x00, 0x00, 0x20, 0x00, 0x20, 0x00, 0x20, 0x00, 0x20, 0x00,
    0x41, 0x00, 0x61, 0x00, 0x61, 0x00, 0x61, 0x00, 0x61, 0x00, 0x61, 0x00, 0x61, 0x00, 0x61, 0x00,
    0x61, 0x00, 0x61, 0x00, 0x61, 0x00, 0x61, 0x00, 0x61, 0x00, 0x61, 0x00, 0x61, 0x00, 0x61, 0x00,
    0x61, 0x00, 0x61, 0x00, 0x61, 0x00, 0x61, 0x00, 0x61, 0x00, 0x41, 0x00, 0x20, 0x00, 0x20, 0x00,
    0x20, 0x00, 0x20, 0x00, 0x20, 0x00, 0x41, 0x00, 0x61, 0x00, 0x61, 0x00, 0x82, 0x00, 0x82, 0x00,
    0x81, 0x00, 0x82, 0x00, 0x61, 0x00, 0xA2, 0x08, 0x61, 0x00, 0x61, 0x00, 0x81, 0x08, 0x61, 0x00,
    0xA1, 0x08, 0x82, 0x11, 0x41, 0x09, 0x01, 0x09, 0xE1, 0x08, 0xC1, 0x00, 0x02, 0x09, 0xC4, 0x19,
    0xA4, 0x11, 0xA4, 0x11, 0x02, 0x09, 0x60, 0x00, 0x40, 0x00, 0x41, 0x00, 0x41, 0x00, 0x40, 0x00,
    0x41, 0x00, 0x41, 0x00, 0x41, 0x00, 0x41, 0x00, 0x41, 0x00, 0x61, 0x00, 0x61, 0x00, 0x61, 0x00,
    0x41, 0x00, 0x41, 0x00, 0x41, 0x00, 0x60, 0x00, 0x81, 0x00, 0xC2, 0x08, 0xE2, 0x08, 0xC2, 0x08,
    0xC2, 0x08, 0xE2, 0x08, 0x81, 0x00, 0xC2, 0x08, 0xC2, 0x08, 0x61, 0x00, 0xA2, 0x08, 0x61, 0x00,
    0x41, 0x00, 0x41, 0x00, 0x41, 0x00, 0x41, 0x00, 0x40, 0x00, 0xA1, 0x08, 0xC1, 0x08, 0x01, 0x09,
    0x02, 0x09, 0x22, 0x09, 0x01, 0x09, 0x43, 0x11, 0x22, 0x11, 0x01, 0x09, 0x42, 0x11, 0x42, 0x09,
    0x42, 0x09, 0x62, 0x11, 0x22, 0x09, 0x63, 0x11, 0x22, 0x09, 0xE1, 0x08, 0xE2, 0x08, 0xC1, 0x08,
    0xC1, 0x08, 0xA1, 0x08, 0xC1, 0x08, 0xC1, 0x08, 0xC1, 0x08, 0xE1, 0x08, 0xE1, 0x08, 0xE2, 0x08,
    0xE2, 0x08, 0xA1, 0x08, 0x61, 0x00, 0x61, 0x00, 0x81, 0x00, 0x81, 0x00, 0x61, 0x00, 0x81, 0x00,
    0x81, 0x00, 0x81, 0x00, 0x81, 0x00, 0x81, 0x00, 0xA1, 0x08, 0xA1, 0x08, 0xA1, 0x00, 0xC2, 0x08,
    0xC1, 0x00, 0xC1, 0x00, 0xC2, 0x08, 0x81, 0x00, 0x41, 0x00, 0x41, 0x00, 0xC1, 0x08, 0xA2, 0x11,
    0xA2, 0x11, 0xE3, 0x19, 0x81, 0x11, 0xA2, 0x19, 0x61, 0x11, 0x62, 0x11, 0x82, 0x11, 0x24, 0x22,
    0x04, 0x1A, 0x04, 0x1A, 0xC3, 0x11, 0xE1, 0x00, 0xC1, 0x08, 0xC1, 0x08, 0xC1, 0x08, 0x02, 0x09,
    0x63, 0x11, 0x43, 0x11, 0x02, 0x09, 0x02, 0x09, 0x22, 0x09, 0x22, 0x09, 0x22, 0x09, 0x02, 0x09,
    0x01, 0x09, 0xE1, 0x08, 0xA1, 0x08, 0x60, 0x00, 0x63, 0x19, 0x63, 0x19, 0x01, 0x09, 0x42, 0x11,
    0x01, 0x09, 0x01, 0x09, 0xC1, 0x08, 0x02, 0x09, 0xE4, 0x19, 0x83, 0x11, 0xE1, 0x08, 0x43, 0x11,
    0xA1, 0x08, 0x41, 0x00, 0x20, 0x00, 0xC2, 0x08, 0x61, 0x00, 0x20, 0x00, 0x61, 0x00, 0x41, 0x00,
    0x21, 0x00, 0x21, 0x00, 0x21, 0x00, 0x20, 0x00, 0x20, 0x00, 0x20, 0x00, 0x20, 0x00, 0x20, 0x00,
    0x20, 0x00, 0x20, 0x00, 0x20, 0x00, 0x21, 0x00, 0x21, 0x00, 0x40, 0x00, 0x20, 0x00, 0x41, 0x00,
    0x41, 0x00, 0x20, 0x00, 0x20, 0x00, 0x20, 0x00, 0x21, 0x00, 0x41, 0x00, 0x81, 0x00, 0xA1, 0x08,
    0x22, 0x09, 0xE2, 0x08, 0x61, 0x00, 0x21, 0x00, 0x20, 0x00, 0x41, 0x00, 0xA2, 0x08, 0x41, 0x00,
    0x20, 0x00, 0x20, 0x00, 0x20, 0x00, 0x21, 0x00, 0x20, 0x00, 0x21, 0x00, 0x21, 0x00, 0x20, 0x00,
    0x20, 0x00, 0x20, 0x00, 0x20, 0x00, 0x20, 0x00, 0x20, 0x00, 0x20, 0x00, 0x20, 0x00, 0x20, 0x00,
    0x20, 0x00, 0x20, 0x00, 0x20, 0x00, 0x20, 0x00, 0x20, 0x00, 0x20, 0x00, 0x20, 0x00, 0x20, 0x00,
    0x41, 0x00, 0x41, 0x00, 0x61, 0x00, 0x61, 0x00, 0x81, 0x00, 0x82, 0x08, 0x81, 0x00, 0x61, 0x00,
    0x61, 0x00, 0x61, 0x00, 0x61, 0x00, 0x61, 0x00, 0x61, 0x00, 0x81, 0x00, 0x61, 0x00, 0x61, 0x00,
    0x61, 0x00, 0x81, 0x00, 0x41, 0x00, 0x61, 0x00, 0x61, 0x00, 0x41, 0x00, 0x20, 0x00, 0x20, 0x00,
    0x20, 0x00, 0x20, 0x00, 0x41, 0x00, 0x61, 0x00, 0x82, 0x00, 0xA2, 0x08, 0x82, 0x00, 0xA2, 0x08,
    0xA2, 0x08, 0x82, 0x00, 0x61, 0x00, 0x61, 0x00, 0xA2, 0x08, 0x82, 0x08, 0x61, 0x00, 0x41, 0x00,
    0x02, 0x09, 0xA2, 0x11, 0x41, 0x09, 0x01, 0x09, 0xE1, 0x08, 0xC1, 0x08, 0xE1, 0x08, 0x01, 0x09,
    0x83, 0x11, 0xA4, 0x11, 0x22, 0x09, 0x81, 0x00, 0x61, 0x00, 0x61, 0x00, 0x61, 0x00, 0x61, 0x00,
    0x61, 0x00, 0x61, 0x00, 0x61, 0x00, 0x61, 0x00, 0x61, 0x00, 0x61, 0x00, 0x81, 0x00, 0x81, 0x00,
    0x61, 0x00, 0x61, 0x00, 0x61, 0x00, 0x60, 0x00, 0x61, 0x00, 0x41, 0x00, 0x61, 0x00, 0x81, 0x00,
    0x81, 0x08, 0x81, 0x00, 0x61, 0x00, 0x61, 0x00, 0x81, 0x00, 0x61, 0x00, 0x61, 0x00, 0x41, 0x00,
    0x41, 0x00, 0x41, 0x00, 0x41, 0x00, 0x41, 0x00, 0x40, 0x00, 0xA1, 0x08, 0x02, 0x09, 0x22, 0x09,
    0x42, 0x11, 0x22, 0x09, 0x63, 0x11, 0x42, 0x09, 0x42, 0x09, 0x22, 0x09, 0x22, 0x09, 0x42, 0x11,
    0x62, 0x11, 0x42, 0x09, 0x83, 0x11, 0x42, 0x09, 0x42, 0x11, 0xC1, 0x08, 0xA1, 0x08, 0xC1, 0x08,
    0xC1, 0x08, 0xC1, 0x08, 0xC1, 0x00, 0xE1, 0x08, 0xE1, 0x08, 0xE1, 0x08, 0xE1, 0x08, 0xE2, 0x08,
    0x02, 0x09, 0xC1, 0x08, 0x60, 0x00, 0x81, 0x00, 0xA1, 0x08, 0x61, 0x00, 0xA2, 0x08, 0xC2, 0x08,
    0x81, 0x00, 0xA1, 0x08, 0xA1, 0x08, 0xA1, 0x08, 0xA1, 0x08, 0xA1, 0x08, 0xE2, 0x08, 0xE2, 0x08,
    0xE2, 0x08, 0xC2, 0x08, 0xE2, 0x08, 0xA1, 0x00, 0x41, 0x00, 0x41, 0x00, 0xA1, 0x08, 0x82, 0x11,
    0x03, 0x1A, 0xA2, 0x11, 0x03, 0x1A, 0xC2, 0x19, 0x81, 0x11, 0x81, 0x11, 0x61, 0x09, 0xC3, 0x19,
    0x44, 0x22, 0x24, 0x1A, 0x24, 0x1A, 0xC3, 0x19, 0xE1, 0x00, 0xE2, 0x08, 0xC1, 0x08, 0xC1, 0x08,
    0xE2, 0x08, 0x02, 0x09, 0x02, 0x09, 0x02, 0x09, 0xE1, 0x08, 0x02, 0x09, 0x02, 0x09, 0xE1, 0x08,
    0xE2, 0x08, 0xE2, 0x08, 0xC1, 0x00, 0x43, 0x11, 0x63, 0x19, 0xE1, 0x08, 0x41, 0x11, 0x62, 0x11,
    0x62, 0x11, 0x01, 0x09, 0x01, 0x09, 0x22, 0x11, 0xE1, 0x08, 0x81, 0x00, 0x81, 0x00, 0xE2, 0x08,
    0xE2, 0x08, 0x20, 0x00, 0x41, 0x00, 0x82, 0x08, 0x20, 0x00, 0x20, 0x00, 0x41, 0x00, 0x41, 0x00,
    0x20, 0x00, 0x20, 0x00, 0x20, 0x00, 0x20, 0x00, 0x20, 0x00, 0x20, 0x00, 0x20, 0x00, 0x20, 0x00,
    0x20, 0x00, 0x20, 0x00, 0x21, 0x00, 0x41, 0x00, 0x21, 0x00, 0x21, 0x00, 0x40, 0x00, 0x81, 0x00,
    0x81, 0x08, 0x20, 0x00, 0x20, 0x00, 0x20, 0x00, 0x41, 0x00, 0x41, 0x00, 0xC1, 0x08, 0x42, 0x11,
    0xE2, 0x08, 0xC1, 0x08, 0x20, 0x00, 0x20, 0x00, 0x20, 0x00, 0x21, 0x00, 0x82, 0x08, 0x41, 0x00,
    0x20, 0x00, 0x20, 0x00, 0x20, 0x00, 0x21, 0x00, 0x21, 0x00, 0x20, 0x00, 0x21, 0x00, 0x21, 0x00,
    0x21, 0x00, 0x21, 0x00, 0x20, 0x00, 0x20, 0x00, 0x20, 0x00, 0x20, 0x00, 0x41, 0x00, 0x41, 0x00,
    0x41, 0x00, 0x41, 0x00, 0x41, 0x00, 0x20, 0x00, 0x20, 0x00, 0x20, 0x00, 0x20, 0x00, 0x00, 0x00,
    0x20, 0x00, 0x61, 0x00, 0x81, 0x00, 0x81, 0x08, 0x61, 0x00, 0x61, 0x00, 0x61, 0x00, 0x61, 0x00,
    0x81, 0x08, 0x82, 0x08, 0x81, 0x00, 0x61, 0x00, 0x61, 0x00, 0x61, 0x00, 0x81, 0x00, 0x61, 0x00,
    0x61, 0x00, 0x61, 0x00, 0x61, 0x00, 0x82, 0x00, 0x61, 0x00, 0x61, 0x00, 0x20, 0x00, 0x21, 0x00,
    0x21, 0x00, 0x20, 0x00, 0x61, 0x00, 0xA2, 0x08, 0x82, 0x00, 0xA2, 0x00, 0xC3, 0x08, 0xA2, 0x00,
    0xA2, 0x08, 0x82, 0x00, 0x82, 0x00, 0xE3, 0x08, 0xA2, 0x08, 0x61, 0x00, 0x81, 0x00, 0x61, 0x00,
    0x43, 0x11, 0xE3, 0x19, 0x61, 0x11, 0x21, 0x09, 0xE1, 0x08, 0xE1, 0x08, 0x21, 0x09, 0x21, 0x09,
    0x01, 0x09, 0x83, 0x11, 0x63, 0x11, 0x81, 0x00, 0x61, 0x00, 0x61, 0x00, 0x61, 0x00, 0x61, 0x00,
    0x61, 0x00, 0x61, 0x00, 0x61, 0x00, 0x61, 0x00, 0x81, 0x00, 0x81, 0x00, 0x81, 0x00, 0x81, 0x00,
    0x81, 0x00, 0x81, 0x00, 0x81, 0x00, 0xA1, 0x00, 0xA2, 0x08, 0x61, 0x00, 0x41, 0x00, 0x61, 0x00,
    0x61, 0x00, 0x61, 0x00, 0x61, 0x00, 0x41, 0x00, 0x41, 0x00, 0x41, 0x00, 0x41, 0x00, 0x41, 0x00,
    0x61, 0x00, 0x61, 0x00, 0x61, 0x00, 0x41, 0x00, 0x61, 0x00, 0x02, 0x09, 0x42, 0x09, 0x83, 0x11,
    0x42, 0x09, 0x83, 0x11, 0x42, 0x09, 0x83, 0x11, 0xA3, 0x11, 0x62, 0x11, 0x63, 0x11, 0x42, 0x09,
    0x83, 0x11, 0x63, 0x11, 0x62, 0x09, 0xA3, 0x19, 0x62, 0x11, 0xE2, 0x08, 0x40, 0x00, 0x41, 0x00,
    0x41, 0x00, 0x81, 0x08, 0xA1, 0x08, 0xC1, 0x08, 0xE2, 0x08, 0xE2, 0x08, 0xE1, 0x08, 0xE2, 0x08,
    0x02, 0x09, 0xC1, 0x08, 0x61, 0x00, 0x81, 0x00, 0x81, 0x00, 0x81, 0x00, 0xC2, 0x08, 0xA2, 0x08,
    0x81, 0x00, 0xA1, 0x00, 0xC2, 0x08, 0xE2, 0x08, 0xE2, 0x08, 0xC2, 0x08, 0xC2, 0x08, 0xC2, 0x08,
    0x02, 0x09, 0x43, 0x11, 0x43, 0x09, 0xA1, 0x00, 0x40, 0x00, 0x41, 0x00, 0x61, 0x00, 0xC3, 0x19,
    0xC2, 0x19, 0xC2, 0x19, 0x23, 0x22, 0xA1, 0x11, 0xC2, 0x11, 0x81, 0x11, 0xA1, 0x11, 0x81, 0x11,
    0x44, 0x22, 0x44, 0x22, 0x24, 0x22, 0x24, 0x22, 0xC3, 0x19, 0xE1, 0x08, 0xE1, 0x08, 0xC1, 0x08,
    0xE2, 0x08, 0xC1, 0x00, 0xC1, 0x08, 0xE2, 0x08, 0xE2, 0x08, 0xE2, 0x08, 0xE2, 0x08, 0xE1, 0x08,
    0xC1, 0x08, 0xE2, 0x08, 0xE1, 0x08, 0x22, 0x09, 0xE1, 0x08, 0x01, 0x09, 0x02, 0x09, 0x42, 0x11,
    0x82, 0x11, 0xA2, 0x11, 0x41, 0x09, 0x02, 0x09, 0xA1, 0x08, 0xC1, 0x08, 0xC2, 0x08, 0xA1, 0x08,
    0x61, 0x00, 0x20, 0x00, 0x20, 0x00, 0x20, 0x00, 0x41, 0x00, 0x61, 0x00, 0x41, 0x00, 0x21, 0x00,
    0x20, 0x00, 0x20, 0x00, 0x00, 0x00, 0x00, 0x00, 0x20, 0x00, 0x21, 0x00, 0x20, 0x00, 0x20, 0x00,
    0x20, 0x00, 0x20, 0x00, 0x20, 0x00, 0x21, 0x00, 0x20, 0x00, 0x20, 0x00, 0x61, 0x00, 0xA1, 0x08,
    0x81, 0x00, 0x41, 0x00, 0x20, 0x00, 0x21, 0x00, 0x41, 0x00, 0x41, 0x00, 0xC1, 0x08, 0x42, 0x11,
    0xA1, 0x00, 0x41, 0x00, 0x41, 0x00, 0x20, 0x00, 0x20, 0x00, 0x20, 0x00, 0x21, 0x00, 0x41, 0x00,
    0x20, 0x00, 0x20, 0x00, 0x21, 0x00, 0x21, 0x00, 0x21, 0x00, 0x20, 0x00, 0x20, 0x00, 0x41, 0x00,
    0x41, 0x00, 0x41, 0x00, 0x41, 0x00, 0x41, 0x00, 0x61, 0x00, 0x61, 0x00, 0x61, 0x00, 0x61, 0x00,
    0x61, 0x00, 0x61, 0x00, 0x61, 0x00, 0x61, 0x00, 0x61, 0x00, 0x61, 0x00, 0x41, 0x00, 0x20, 0x00,
    0x00, 0x00, 0x41, 0x00, 0x61, 0x00, 0x61, 0x00, 0x61, 0x00, 0x61, 0x00, 0x81, 0x00, 0x81, 0x00,
    0x61, 0x00, 0x61, 0x00, 0x81, 0x00, 0x81, 0x00, 0x81, 0x00, 0x61, 0x00, 0x82, 0x00, 0x61, 0x00,
    0x82, 0x08, 0x61, 0x00, 0x81, 0x00, 0x61, 0x00, 0x61, 0x00, 0x61, 0x00, 0x21, 0x00, 0x21, 0x00,
    0x41, 0x00, 0x61, 0x00, 0x82, 0x00, 0xA2, 0x00, 0xA2, 0x08, 0xA2, 0x08, 0xA2, 0x00, 0xA2, 0x08,
    0x82, 0x00, 0x82, 0x00, 0xA2, 0x08, 0xC2, 0x08, 0x81, 0x00, 0xC2, 0x08, 0x82, 0x08, 0x61, 0x00,
    0x63, 0x11, 0x03, 0x1A, 0x61, 0x09, 0x21, 0x09, 0x01, 0x09, 0xE1, 0x08, 0x21, 0x09, 0x62, 0x11,
    0x42, 0x09, 0x63, 0x11, 0x63, 0x11, 0x81, 0x00, 0x61, 0x00, 0x61, 0x00, 0x61, 0x00, 0x61, 0x00,
    0x61, 0x00, 0x61, 0x00, 0x81, 0x00, 0x61, 0x00, 0xA1, 0x08, 0x81, 0x00, 0x81, 0x00, 0xA1, 0x08,
    0xA1, 0x00, 0xA1, 0x08, 0xC1, 0x08, 0xC2, 0x08, 0xE2, 0x08, 0xE2, 0x08, 0x81, 0x00, 0x61, 0x00,
    0x61, 0x00, 0x61, 0x00, 0x61, 0x00, 0x81, 0x00, 0x81, 0x00, 0x81, 0x00, 0x61, 0x00, 0x61, 0x00,
    0x81, 0x00, 0x61, 0x00, 0x61, 0x00, 0x61, 0x00, 0x81, 0x00, 0x43, 0x11, 0xA3, 0x11, 0x62, 0x11,
    0xA3, 0x11, 0x63, 0x11, 0x83, 0x11, 0xC4, 0x19, 0x62, 0x09, 0x42, 0x09, 0x62, 0x11, 0xA3, 0x11,
    0x62, 0x09, 0x83, 0x11, 0x83, 0x11, 0x62, 0x11, 0xC4, 0x19, 0x42, 0x11, 0x41, 0x00, 0x41, 0x00,
    0x41, 0x00, 0x41, 0x00, 0x81, 0x00, 0xC1, 0x08, 0xE1, 0x08, 0x02, 0x09, 0x02, 0x09, 0xE2, 0x08,
    0x02, 0x09, 0x81, 0x00, 0x61, 0x00, 0x81, 0x08, 0x81, 0x00, 0xC2, 0x08, 0xA1, 0x08, 0xA1, 0x08,
    0xC1, 0x08, 0xC1, 0x08, 0xA1, 0x00, 0xA1, 0x08, 0xE2, 0x08, 0x02, 0x09, 0xE2, 0x08, 0xE2, 0x08,
    0xC1, 0x00, 0xE1, 0x00, 0x43, 0x11, 0xC2, 0x08, 0x20, 0x00, 0x40, 0x00, 0x20, 0x00, 0x62, 0x11,
    0xE2, 0x19, 0x44, 0x2A, 0xE2, 0x19, 0x03, 0x22, 0xE2, 0x19, 0xC2, 0x11, 0xA1, 0x11, 0x61, 0x09,
    0xC2, 0x19, 0x65, 0x2A, 0x45, 0x2A, 0x65, 0x2A, 0x45, 0x22, 0x83, 0x11, 0xE1, 0x08, 0xC1, 0x08,
    0xC1, 0x08, 0xE2, 0x08, 0xA1, 0x00, 0xE2, 0x08, 0xC1, 0x08, 0xC1, 0x08, 0xE2, 0x08, 0x02, 0x09,
    0xE2, 0x08, 0xC1, 0x08, 0xE2, 0x08, 0xC2, 0x08, 0xC1, 0x08, 0x61, 0x00, 0xA1, 0x00, 0x02, 0x09,
    0x01, 0x09, 0x42, 0x11, 0xA2, 0x19, 0x42, 0x11, 0xA1, 0x08, 0x61, 0x00, 0x61, 0x00, 0x20, 0x00,
    0x20, 0x00, 0x20, 0x00, 0x20, 0x00, 0x00, 0x00, 0x61, 0x00, 0x61, 0x00, 0x61, 0x00, 0x41, 0x00,
    0x20, 0x00, 0x20, 0x00, 0x20, 0x00, 0x20, 0x00, 0x20, 0x00, 0x20, 0x00, 0x20, 0x00, 0x20, 0x00,
    0x20, 0x00, 0x20, 0x00, 0x41, 0x00, 0x21, 0x00, 0x20, 0x00, 0x20, 0x00, 0x61, 0x08, 0xA1, 0x08,
    0x61, 0x00, 0x41, 0x00, 0x00, 0x00, 0x21, 0x00, 0x41, 0x00, 0x61, 0x00, 0x81, 0x00, 0xC1, 0x08,
    0x61, 0x00, 0x41, 0x00, 0x61, 0x00, 0x61, 0x00, 0x21, 0x00, 0x20, 0x00, 0x20, 0x00, 0x41, 0x00,
    0x21, 0x00, 0x20, 0x00, 0x41, 0x00, 0x21, 0x00, 0x21, 0x00, 0x41, 0x00, 0x41, 0x00, 0x41, 0x00,
    0x61, 0x00, 0x61, 0x00, 0x61, 0x00, 0x61, 0x00, 0x61, 0x00, 0x61, 0x00, 0x61, 0x00, 0x61, 0x00,
    0x61, 0x00, 0x81, 0x00, 0x61, 0x00, 0x81, 0x00, 0x81, 0x08, 0x61, 0x00, 0x61, 0x00, 0x61, 0x00,
    0x40, 0x00, 0x20, 0x00, 0x41, 0x00, 0x61, 0x00, 0x82, 0x00, 0x81, 0x00, 0x61, 0x00, 0x81, 0x00,
    0x82, 0x08, 0xA2, 0x08, 0x81, 0x00, 0x81, 0x00, 0x81, 0x00, 0x61, 0x00, 0x61, 0x00, 0x61, 0x00,
    0x82, 0x08, 0x61, 0x00, 0x81, 0x00, 0x61, 0x00, 0x82, 0x00, 0x81, 0x00, 0x21, 0x00, 0x21, 0x00,
    0x41, 0x00, 0x61, 0x00, 0xA2, 0x08, 0xC3, 0x08, 0xC2, 0x08, 0xC2, 0x00, 0xC2, 0x08, 0x82, 0x00,
    0x82, 0x00, 0x81, 0x00, 0x61, 0x00, 0xA1, 0x00, 0xE3, 0x08, 0xA1, 0x08, 0x81, 0x00, 0x82, 0x08,
    0xE1, 0x08, 0xE3, 0x19, 0x61, 0x11, 0x21, 0x09, 0x21, 0x09, 0x01, 0x09, 0x21, 0x09, 0x62, 0x11,
    0x62, 0x11, 0x62, 0x11, 0x21, 0x09, 0xE2, 0x08, 0x61, 0x00, 0x61, 0x00, 0x61, 0x00, 0x81, 0x00,
    0x81, 0x00, 0x61, 0x00, 0xA1, 0x08, 0x81, 0x00, 0xA2, 0x08, 0xA1, 0x08, 0xC1, 0x08, 0xC2, 0x08,
    0xA1, 0x08, 0xC2, 0x08, 0xC2, 0x08, 0xE2, 0x08, 0xC2, 0x00, 0x02, 0x09, 0x03, 0x09, 0xE2, 0x08,
    0x03, 0x09, 0x03, 0x09, 0x03, 0x11, 0xE2, 0x08, 0xA1, 0x00, 0x81, 0x00, 0x81, 0x00, 0x81, 0x00,
    0x81, 0x00, 0x81, 0x00, 0x61, 0x00, 0x61, 0x00, 0x81, 0x00, 0x84, 0x11, 0xC3, 0x11, 0xA3, 0x11,
    0xA4, 0x11, 0xA3, 0x11, 0xC4, 0x19, 0x62, 0x09, 0xC3, 0x19, 0x83, 0x11, 0x62, 0x11, 0x62, 0x11,
    0xC4, 0x19, 0x62, 0x09, 0xA3, 0x19, 0xA3, 0x11, 0xA3, 0x11, 0x42, 0x11, 0x40, 0x00, 0x41, 0x00,
    0x41, 0x00, 0x41, 0x00, 0x40, 0x00, 0xA1, 0x08, 0xE1, 0x08, 0x02, 0x09, 0x22, 0x09, 0x22, 0x09,
    0xA1, 0x00, 0x60, 0x00, 0x81, 0x00, 0x61, 0x00, 0xA1, 0x00, 0xE2, 0x08, 0xA1, 0x00, 0x03, 0x09,
    0x02, 0x09, 0xC2, 0x08, 0xC2, 0x08, 0xE2, 0x08, 0xC2, 0x08, 0xE2, 0x08, 0x02, 0x09, 0x23, 0x11,
    0x23, 0x09, 0xE2, 0x08, 0xC1, 0x00, 0xA2, 0x08, 0x41, 0x00, 0x20, 0x00, 0x21, 0x00, 0x80, 0x00,
    0x03, 0x22, 0x43, 0x2A, 0x03, 0x22, 0x84, 0x32, 0xC2, 0x19, 0xC2, 0x19, 0x81, 0x11, 0xA2, 0x11,
    0x81, 0x11, 0x24, 0x22, 0x65, 0x32, 0x65, 0x2A, 0x65, 0x2A, 0x45, 0x2A, 0x62, 0x11, 0xC1, 0x08,
    0xC1, 0x08, 0xC2, 0x08, 0xC1, 0x08, 0xA1, 0x08, 0xC2, 0x08, 0xA1, 0x00, 0xC1, 0x08, 0xE1, 0x08,
    0xE2, 0x08, 0xC1, 0x08, 0xC2, 0x08, 0xE2, 0x08, 0xE2, 0x08, 0x81, 0x00, 0x40, 0x00, 0x60, 0x00,
    0x61, 0x00, 0x60, 0x00, 0x01, 0x09, 0xA2, 0x19, 0x22, 0x11, 0x20, 0x00, 0x00, 0x00, 0x21, 0x00,
    0x20, 0x00, 0x20, 0x00, 0x21, 0x00, 0x00, 0x00, 0x41, 0x00, 0x61, 0x00, 0x81, 0x08, 0x41, 0x00,
    0x20, 0x00, 0x20, 0x00, 0x20, 0x00, 0x20, 0x00, 0x20, 0x00, 0x20, 0x00, 0x00, 0x00, 0x20, 0x00,
    0x41, 0x00, 0x20, 0x00, 0x21, 0x00, 0x41, 0x00, 0x20, 0x00, 0x20, 0x00, 0x41, 0x00, 0x61, 0x00,
    0x40, 0x00, 0x41, 0x00, 0x20, 0x00, 0x41, 0x00, 0x41, 0x00, 0x41, 0x00, 0x20, 0x00, 0x40, 0x00,
    0x61, 0x00, 0x61, 0x00, 0x61, 0x00, 0x81, 0x00, 0x41, 0x00, 0x00, 0x00, 0x20, 0x00, 0x21, 0x00,
    0x21, 0x00, 0x41, 0x00, 0x41, 0x00, 0x61, 0x00, 0x61, 0x00, 0x61, 0x00, 0x61, 0x00, 0x61, 0x00,
    0x61, 0x00, 0x61, 0x00, 0x61, 0x00, 0x61, 0x00, 0x61, 0x00, 0x61, 0x00, 0x61, 0x00, 0x81, 0x00,
    0x61, 0x00, 0x81, 0x00, 0x81, 0x08, 0x81, 0x00, 0x81, 0x00, 0xA2, 0x08, 0x61, 0x00, 0x81, 0x00,
    0x82, 0x08, 0x61, 0x00, 0x61, 0x00, 0x61, 0x00, 0x82, 0x00, 0xA2, 0x08, 0x81, 0x08, 0x61, 0x00,
    0xA2, 0x08, 0xA2, 0x00, 0x82, 0x00, 0x81, 0x00, 0x61, 0x00, 0x61, 0x00, 0x61, 0x00, 0x61, 0x00,
    0x81, 0x00, 0x61, 0x00, 0x61, 0x00, 0x82, 0x00, 0xA2, 0x08, 0x61, 0x00, 0x20, 0x00, 0x20, 0x00,
    0x20, 0x00, 0x81, 0x00, 0xC2, 0x08, 0xA2, 0x00, 0xE3, 0x08, 0xC2, 0x00, 0xA2, 0x08, 0xA2, 0x08,
    0xA2, 0x08, 0x82, 0x00, 0x61, 0x00, 0xC2, 0x08, 0xC2, 0x00, 0x81, 0x00, 0xE2, 0x08, 0xA2, 0x08,
    0x81, 0x00, 0x63, 0x11, 0xA2, 0x11, 0x41, 0x09, 0x41, 0x09, 0x21, 0x09, 0x21, 0x09, 0x62, 0x11,
    0x82, 0x11, 0x62, 0x11, 0xA2, 0x11, 0x22, 0x11, 0x61, 0x00, 0x81, 0x00, 0x81, 0x00, 0x81, 0x00,
    0xC2, 0x08, 0x81, 0x00, 0xC2, 0x08, 0xA1, 0x00, 0xE2, 0x08, 0xC2, 0x08, 0xC1, 0x08, 0xE2, 0x08,
    0xC2, 0x08, 0x02, 0x09, 0xC2, 0x08, 0xC2, 0x08, 0xE2, 0x08, 0xE2, 0x08, 0x03, 0x09, 0x23, 0x11,
    0x03, 0x09, 0xE2, 0x08, 0xC2, 0x08, 0xC2, 0x08, 0xC2, 0x08, 0xC2, 0x08, 0xC2, 0x08, 0xA1, 0x08,
    0x81, 0x00, 0xA1, 0x08, 0x81, 0x00, 0x81, 0x00, 0x61, 0x00, 0x43, 0x09, 0x05, 0x1A, 0xE4, 0x19,
    0xA3, 0x11, 0x05, 0x22, 0x83, 0x11, 0xE4, 0x19, 0xA3, 0x11, 0x62, 0x09, 0xA3, 0x11, 0xA3, 0x11,
    0x83, 0x11, 0xC4, 0x19, 0x83, 0x11, 0xC4, 0x19, 0xC4, 0x19, 0xA1, 0x00, 0x41, 0x00, 0x41, 0x00,
    0x41, 0x00, 0x21, 0x00, 0x20, 0x00, 0x40, 0x00, 0xA1, 0x00, 0x02, 0x09, 0x43, 0x11, 0x02, 0x09,
    0x60, 0x00, 0x61, 0x00, 0x81, 0x00, 0x81, 0x00, 0xE2, 0x08, 0xC1, 0x00, 0xE2, 0x08, 0x43, 0x11,
    0xE2, 0x08, 0xC2, 0x08, 0xE2, 0x08, 0x23, 0x11, 0x23, 0x09, 0x02, 0x09, 0xE2, 0x08, 0xE2, 0x08,
    0x23, 0x09, 0x84, 0x11, 0x64, 0x11, 0xE2, 0x08, 0x41, 0x00, 0x41, 0x00, 0x41, 0x00, 0x20, 0x00,
    0x42, 0x11, 0x44, 0x2A, 0x64, 0x2A, 0x23, 0x22, 0xC2, 0x19, 0xE2, 0x19, 0xA2, 0x11, 0xA2, 0x11,
    0x61, 0x09, 0xA2, 0x11, 0x85, 0x2A, 0x85, 0x2A, 0x65, 0x32, 0x85, 0x32, 0x65, 0x2A, 0x62, 0x11,
    0xC1, 0x08, 0xC1, 0x08, 0xE2, 0x08, 0xC1, 0x00, 0xC1, 0x00, 0xC1, 0x08, 0xA1, 0x00, 0xC1, 0x08,
    0xC1, 0x08, 0xA1, 0x00, 0xA1, 0x08, 0xA1, 0x08, 0xC1, 0x08, 0xA1, 0x08, 0x61, 0x00, 0x40, 0x00,
    0x61, 0x00, 0xA1, 0x08, 0x02, 0x09, 0x62, 0x11, 0x63, 0x19, 0x61, 0x00, 0x00, 0x00, 0x20, 0x00,
    0x20, 0x00, 0x41, 0x00, 0x41, 0x00, 0x20, 0x00, 0x20, 0x00, 0x41, 0x00, 0x61, 0x00, 0x20, 0x00,
    0x20, 0x00, 0x20, 0x00, 0x20, 0x00, 0x20, 0x00, 0x20, 0x00, 0x20, 0x00, 0x00, 0x00, 0x81, 0x00,
    0x82, 0x08, 0x41, 0x00, 0x41, 0x00, 0x41, 0x00, 0x61, 0x00, 0x61, 0x00, 0x61, 0x00, 0x41, 0x00,
    0x41, 0x00, 0x41, 0x00, 0x41, 0x00, 0x41, 0x00, 0x41, 0x00, 0x20, 0x00, 0x20, 0x00, 0x41, 0x00,
    0x61, 0x00, 0x61, 0x00, 0x81, 0x00, 0xA1, 0x08, 0x81, 0x00, 0x41, 0x00, 0x20, 0x00, 0x21, 0x00,
    0x61, 0x00, 0x61, 0x00, 0x61, 0x00, 0x61, 0x00, 0x61, 0x00, 0x61, 0x00, 0x61, 0x00, 0x61, 0x00,
    0x61, 0x00, 0x61, 0x00, 0x61, 0x00, 0x81, 0x00, 0x81, 0x00, 0x81, 0x00, 0x81, 0x00, 0x81, 0x00,
    0x81, 0x08, 0x81, 0x00, 0x81, 0x00, 0x81, 0x08, 0x81, 0x00, 0x81, 0x00, 0x81, 0x08, 0x81, 0x00,
    0x81, 0x00, 0xA2, 0x08, 0x81, 0x00, 0x81, 0x00, 0x61, 0x00, 0x61, 0x00, 0x61, 0x00, 0x61, 0x00,
    0xA2, 0x00, 0xC2, 0x08, 0xC2, 0x08, 0x03, 0x11, 0x22, 0x11, 0xA1, 0x08, 0x61, 0x00, 0x61, 0x00,
    0x82, 0x00, 0x61, 0x00, 0x61, 0x00, 0xA2, 0x08, 0x61, 0x00, 0x61, 0x00, 0x20, 0x00, 0x20, 0x00,
    0x20, 0x00, 0xA2, 0x08, 0x03, 0x09, 0xC2, 0x00, 0x82, 0x00, 0xC3, 0x08, 0xC2, 0x08, 0xA2, 0x00,
    0xC2, 0x08, 0xA2, 0x08, 0x61, 0x00, 0xA2, 0x08, 0xE2, 0x08, 0x03, 0x11, 0xA1, 0x00, 0xA2, 0x00,
    0xA2, 0x08, 0x81, 0x00, 0x82, 0x19, 0xC2, 0x19, 0x61, 0x09, 0x41, 0x11, 0x41, 0x09, 0x61, 0x11,
    0x82, 0x11, 0xA2, 0x11, 0x83, 0x11, 0xA1, 0x00, 0x61, 0x00, 0x61, 0x00, 0x81, 0x00, 0xA2, 0x08,
    0xE3, 0x08, 0xA1, 0x00, 0x03, 0x09, 0xC1, 0x00, 0x23, 0x09, 0x23, 0x09, 0x02, 0x09, 0x63, 0x11,
    0x02, 0x09, 0x63, 0x11, 0x02, 0x09, 0x03, 0x09, 0x84, 0x11, 0x84, 0x11, 0x23, 0x09, 0x03, 0x09,
    0xC2, 0x00, 0xE2, 0x08, 0x02, 0x09, 0xE2, 0x08, 0xC1, 0x08, 0xC1, 0x08, 0xC1, 0x08, 0xC2, 0x08,
    0x81, 0x00, 0xA1, 0x08, 0xA1, 0x00, 0x81, 0x00, 0x81, 0x00, 0xE1, 0x08, 0x05, 0x22, 0xC4, 0x19,
    0x46, 0x2A, 0xA3, 0x11, 0x05, 0x1A, 0xC4, 0x19, 0xC3, 0x11, 0x82, 0x11, 0x82, 0x11, 0xC3, 0x11,
    0xA3, 0x11, 0xA3, 0x11, 0x05, 0x1A, 0x83, 0x11, 0xA4, 0x19, 0x81, 0x00, 0x41, 0x00, 0x61, 0x00,
    0x41, 0x00, 0x20, 0x00, 0x20, 0x00, 0x20, 0x00, 0x61, 0x00, 0x02, 0x09, 0x02, 0x09, 0x81, 0x00,
    0x61, 0x00, 0x81, 0x08, 0x81, 0x00, 0xC2, 0x08, 0xE2, 0x08, 0xC2, 0x08, 0x43, 0x11, 0x02, 0x09,
    0xE2, 0x08, 0xC2, 0x08, 0xC2, 0x08, 0xE2, 0x08, 0x43, 0x09, 0x43, 0x11, 0x23, 0x09, 0xE2, 0x08,
    0xC2, 0x08, 0x03, 0x09, 0xA4, 0x11, 0x02, 0x09, 0x40, 0x00, 0x41, 0x00, 0x41, 0x00, 0x41, 0x00,
    0x81, 0x00, 0x62, 0x11, 0x64, 0x2A, 0xA2, 0x11, 0x23, 0x22, 0xE2, 0x19, 0xE2, 0x19, 0xA1, 0x11,
    0xA2, 0x11, 0x81, 0x11, 0x44, 0x2A, 0xA6, 0x32, 0x86, 0x32, 0x86, 0x32, 0xA6, 0x32, 0x65, 0x2A,
    0x42, 0x11, 0xE1, 0x08, 0xC1, 0x08, 0x02, 0x09, 0xC1, 0x00, 0xC1, 0x08, 0xC1, 0x08, 0xA1, 0x00,
    0xC1, 0x08, 0xC1, 0x00, 0xA1, 0x08, 0xA1, 0x00, 0xC1, 0x00, 0xC1, 0x08, 0xC1, 0x08, 0xC1, 0x08,
    0xC1, 0x08, 0x22, 0x11, 0x42, 0x11, 0x63, 0x11, 0xC1, 0x00, 0x61, 0x00, 0x20, 0x00, 0x20, 0x00,
    0x41, 0x00, 0x61, 0x00, 0x61, 0x00, 0x41, 0x00, 0x20, 0x00, 0x41, 0x00, 0x41, 0x00, 0x20, 0x00,
    0x20, 0x00, 0x20, 0x00, 0x20, 0x00, 0x20, 0x00, 0x20, 0x00, 0x20, 0x00, 0x20, 0x00, 0x61, 0x00,
    0x61, 0x00, 0x41, 0x00, 0x21, 0x00, 0x41, 0x00, 0x61, 0x00, 0x81, 0x00, 0x61, 0x00, 0x61, 0x00,
    0x61, 0x00, 0x41, 0x00, 0x41, 0x00, 0x41, 0x00, 0x41, 0x00, 0x21, 0x00, 0x61, 0x00, 0xA2, 0x08,
    0x61, 0x00, 0x61, 0x00, 0x81, 0x00, 0xA2, 0x08, 0xA2, 0x08, 0xA2, 0x08, 0x41, 0x00, 0x41, 0x00,
    0x61, 0x00, 0x61, 0x00, 0x81, 0x00, 0x82, 0x00, 0x81, 0x00, 0xA2, 0x08, 0x81, 0x00, 0xA1, 0x00,
    0xA2, 0x08, 0x81, 0x00, 0x81, 0x00, 0xA2, 0x08, 0xA1, 0x08, 0xA1, 0x00, 0xA1, 0x00, 0xA1, 0x08,
    0xA1, 0x00, 0xA1, 0x08, 0xA1, 0x00, 0xA1, 0x00, 0xA1, 0x08, 0xA1, 0x08, 0xA1, 0x00, 0xA2, 0x08,
    0xC2, 0x08, 0xA1, 0x00, 0xC2, 0x08, 0xA2, 0x00, 0xA1, 0x08, 0x81, 0x00, 0x81, 0x00, 0x81, 0x00,
    0x41, 0x00, 0x61, 0x00, 0x81, 0x00, 0xC1, 0x08, 0x83, 0x19, 0x83, 0x19, 0x42, 0x19, 0xE2, 0x08,
    0x81, 0x00, 0x61, 0x00, 0x82, 0x00, 0x61, 0x00, 0x61, 0x00, 0x41, 0x00, 0x20, 0x00, 0x20, 0x00,
    0x20, 0x00, 0x61, 0x00, 0xC3, 0x08, 0x03, 0x09, 0xE3, 0x08, 0xA2, 0x00, 0xC3, 0x08, 0xC2, 0x08,
    0xA2, 0x00, 0x82, 0x00, 0x81, 0x00, 0x61, 0x00, 0x03, 0x09, 0xE2, 0x08, 0xC2, 0x00, 0xE3, 0x08,
    0xA1, 0x00, 0x81, 0x00, 0xC1, 0x08, 0xC3, 0x19, 0xC2, 0x19, 0x41, 0x11, 0x41, 0x09, 0x81, 0x11,
    0xC2, 0x11, 0xC3, 0x19, 0xE2, 0x08, 0x41, 0x00, 0x41, 0x00, 0x41, 0x00, 0x61, 0x00, 0x81, 0x00,
    0x81, 0x00, 0x81, 0x00, 0xE2, 0x08, 0xA1, 0x00, 0x02, 0x09, 0x43, 0x11, 0x02, 0x09, 0xA4, 0x11,
    0x03, 0x09, 0x63, 0x11, 0x64, 0x11, 0x43, 0x11, 0x64, 0x11, 0x63, 0x11, 0x64, 0x11, 0x84, 0x11,
    0x23, 0x11, 0xE2, 0x08, 0xE2, 0x08, 0xE2, 0x08, 0xE2, 0x08, 0xC1, 0x08, 0xA1, 0x00, 0xC1, 0x08,
    0xA1, 0x00, 0xC1, 0x08, 0xA1, 0x08, 0x81, 0x00, 0xA1, 0x08, 0xA1, 0x00, 0x83, 0x11, 0x46, 0x2A,
    0xC4, 0x19, 0xE5, 0x21, 0xE4, 0x19, 0x04, 0x1A, 0xC3, 0x19, 0x82, 0x11, 0xE4, 0x19, 0xA3, 0x11,
    0x04, 0x1A, 0xA3, 0x11, 0xA3, 0x11, 0x04, 0x22, 0x02, 0x11, 0x41, 0x00, 0x61, 0x00, 0x41, 0x00,
    0x20, 0x00, 0x20, 0x00, 0x20, 0x00, 0x21, 0x00, 0x20, 0x00, 0xE2, 0x08, 0xA1, 0x00, 0x61, 0x00,
    0xA1, 0x08, 0xA1, 0x08, 0xA1, 0x00, 0x03, 0x11, 0xA1, 0x00, 0x23, 0x09, 0x23, 0x09, 0xC2, 0x08,
    0x63, 0x11, 0x22, 0x09, 0x02, 0x09, 0xE2, 0x08, 0xE2, 0x08, 0x23, 0x09, 0x63, 0x11, 0x84, 0x11,
    0x63, 0x11, 0xE2, 0x08, 0xE2, 0x08, 0xE2, 0x08, 0x61, 0x00, 0x41, 0x00, 0x41, 0x00, 0x41, 0x00,
    0x20, 0x00, 0x41, 0x00, 0x83, 0x19, 0x03, 0x22, 0x44, 0x2A, 0xC2, 0x19, 0x03, 0x1A, 0xA1, 0x11,
    0xC2, 0x11, 0x61, 0x09, 0x82, 0x11, 0x65, 0x2A, 0xA6, 0x32, 0xA6, 0x32, 0x86, 0x32, 0xA6, 0x3A,
    0x25, 0x2A, 0x43, 0x11, 0x02, 0x09, 0x02, 0x09, 0x22, 0x11, 0xC1, 0x08, 0x02, 0x09, 0xC1, 0x08,
    0xC1, 0x08, 0xC1, 0x08, 0xC1, 0x08, 0xC1, 0x08, 0xE1, 0x08, 0xE2, 0x08, 0xA1, 0x00, 0xA1, 0x08,
    0xC1, 0x08, 0x42, 0x11, 0x22, 0x09, 0xC1, 0x08, 0xA1, 0x00, 0x61, 0x00, 0x20, 0x00, 0x41, 0x00,
    0x41, 0x00, 0x82, 0x00, 0xA2, 0x08, 0x61, 0x00, 0x41, 0x00, 0x41, 0x00, 0x20, 0x00, 0x20, 0x00,
    0x20, 0x00, 0x20, 0x00, 0x20, 0x00, 0x20, 0x00, 0x20, 0x00, 0x00, 0x00, 0x62, 0x08, 0x82, 0x08,
    0x41, 0x00, 0x21, 0x00, 0x21, 0x00, 0x21, 0x00, 0x61, 0x00, 0xE2, 0x08, 0xE2, 0x08, 0xC2, 0x08,
    0x41, 0x00, 0x61, 0x00, 0x61, 0x00, 0x41, 0x00, 0x41, 0x00, 0x20, 0x00, 0x61, 0x00, 0xA2, 0x08,
    0x81, 0x00, 0x81, 0x00, 0xA1, 0x08, 0xA2, 0x08, 0xC2, 0x08, 0xE2, 0x08, 0x81, 0x00, 0x81, 0x00,
    0xA2, 0x08, 0x82, 0x00, 0xA2, 0x08, 0x82, 0x00, 0x81, 0x00, 0xA1, 0x08, 0xA1, 0x08, 0xA1, 0x00,
    0xA1, 0x08, 0xA2, 0x08, 0xA2, 0x08, 0xA2, 0x08, 0xC2, 0x08, 0xC2, 0x08, 0xC2, 0x08, 0xC2, 0x08,
    0xC2, 0x08, 0xC2, 0x08, 0xA1, 0x00, 0xE2, 0x08, 0xE2, 0x08, 0xC2, 0x08, 0x03, 0x09, 0xE2, 0x08,
    0xE2, 0x08, 0x23, 0x11, 0xE2, 0x08, 0x03, 0x09, 0x03, 0x09, 0xE3, 0x08, 0x24, 0x11, 0xE2, 0x08,
    0x81, 0x00, 0x61, 0x00, 0xC2, 0x08, 0xC2, 0x08, 0xE2, 0x08, 0x02, 0x11, 0x63, 0x19, 0x83, 0x19,
    0x02, 0x11, 0x81, 0x08, 0x81, 0x00, 0x61, 0x00, 0x62, 0x08, 0x21, 0x00, 0x20, 0x00, 0x20, 0x00,
    0x20, 0x00, 0x41, 0x00, 0xC2, 0x08, 0xA2, 0x00, 0xE3, 0x08, 0xE3, 0x08, 0xA2, 0x08, 0xC2, 0x08,
    0xC2, 0x08, 0xA2, 0x08, 0x81, 0x00, 0x61, 0x00, 0xC2, 0x08, 0x03, 0x09, 0x44, 0x11, 0xC2, 0x08,
    0xA1, 0x00, 0xC2, 0x08, 0x81, 0x00, 0xC1, 0x00, 0x62, 0x11, 0xE2, 0x19, 0x61, 0x11, 0x61, 0x11,
    0xA2, 0x19, 0x01, 0x09, 0x61, 0x00, 0x41, 0x00, 0x20, 0x00, 0x40, 0x00, 0x40, 0x00, 0x40, 0x00,
    0x20, 0x00, 0x40, 0x00, 0x40, 0x00, 0x40, 0x00, 0x61, 0x00, 0x81, 0x00, 0x81, 0x00, 0x81, 0x00,
    0x81, 0x00, 0x40, 0x00, 0x61, 0x00, 0x61, 0x00, 0x61, 0x00, 0x60, 0x00, 0xA1, 0x08, 0x02, 0x09,
    0x23, 0x09, 0x02, 0x09, 0x23, 0x09, 0x23, 0x09, 0x02, 0x09, 0xC1, 0x08, 0x81, 0x00, 0xA1, 0x08,
    0xC1, 0x08, 0xC1, 0x08, 0xC2, 0x08, 0xA1, 0x00, 0xC1, 0x08, 0xA1, 0x08, 0xE2, 0x08, 0xC4, 0x19,
    0xE4, 0x19, 0x05, 0x22, 0xE4, 0x19, 0xE4, 0x19, 0xA3, 0x11, 0xA2, 0x11, 0xC3, 0x19, 0xE4, 0x19,
    0xA3, 0x11, 0x05, 0x22, 0xE4, 0x19, 0x83, 0x11, 0x81, 0x00, 0x61, 0x00, 0x61, 0x00, 0x41, 0x00,
    0x20, 0x00, 0x20, 0x00, 0x20, 0x00, 0x20, 0x00, 0x20, 0x00, 0x81, 0x00, 0x81, 0x00, 0xA2, 0x08,
    0xC2, 0x08, 0x81, 0x00, 0x02, 0x09, 0xE2, 0x08, 0xC2, 0x08, 0x64, 0x11, 0xE2, 0x08, 0x03, 0x09,
    0xA4, 0x19, 0x23, 0x09, 0x22, 0x09, 0x43, 0x11, 0x22, 0x09, 0xE2, 0x08, 0x02, 0x09, 0x43, 0x09,
    0x84, 0x11, 0xA5, 0x11, 0x43, 0x09, 0xC2, 0x08, 0x61, 0x08, 0x61, 0x00, 0x41, 0x00, 0x41, 0x00,
    0x61, 0x00, 0x21, 0x00, 0x61, 0x00, 0xE4, 0x21, 0x23, 0x22, 0x24, 0x22, 0x23, 0x22, 0xE2, 0x19,
    0xC2, 0x11, 0x61, 0x11, 0x81, 0x11, 0x24, 0x22, 0xA6, 0x3A, 0xA6, 0x32, 0x86, 0x32, 0x86, 0x32,
    0xA6, 0x32, 0xC4, 0x19, 0x63, 0x11, 0x22, 0x09, 0x43, 0x11, 0x22, 0x09, 0x02, 0x09, 0x22, 0x09,
    0x02, 0x09, 0x22, 0x09, 0x23, 0x09, 0x22, 0x09, 0xE2, 0x08, 0xA1, 0x08, 0x40, 0x00, 0x20, 0x00,
    0x41, 0x00, 0xC2, 0x08, 0x22, 0x11, 0x81, 0x00, 0xA2, 0x08, 0x03, 0x11, 0x81, 0x00, 0x41, 0x00,
    0x61, 0x00, 0x61, 0x00, 0x82, 0x08, 0x61, 0x00, 0x61, 0x00, 0x41, 0x00, 0x41, 0x00, 0x21, 0x00,
    0x20, 0x00, 0x20, 0x00, 0x20, 0x00, 0x20, 0x00, 0x20, 0x00, 0x20, 0x00, 0x21, 0x00, 0x21, 0x00,
    0x20, 0x00, 0x20, 0x00, 0x21, 0x00, 0x21, 0x00, 0xA1, 0x08, 0x42, 0x11, 0x43, 0x11, 0x61, 0x00,
    0x61, 0x00, 0x81, 0x00, 0x81, 0x00, 0x61, 0x00, 0x61, 0x00, 0x61, 0x00, 0x61, 0x00, 0x61, 0x00,
    0xA1, 0x00, 0x82, 0x08, 0xA2, 0x08, 0xA2, 0x08, 0xE3, 0x08, 0xC2, 0x00, 0x81, 0x00, 0x41, 0x00,
    0x82, 0x08, 0xA2, 0x08, 0xC2, 0x08, 0xC2, 0x08, 0xA2, 0x08, 0xA2, 0x08, 0xC2, 0x08, 0xC2, 0x08,
    0xC1, 0x00, 0xC2, 0x08, 0xC2, 0x08, 0xA1, 0x00, 0xA1, 0x00, 0xA1, 0x08, 0xA1, 0x00, 0xA1, 0x08,
    0xA1, 0x08, 0xA1, 0x08, 0xA1, 0x08, 0xA1, 0x08, 0xA1, 0x08, 0xA1, 0x00, 0xA1, 0x00, 0xC2, 0x08,
    0xA1, 0x00, 0xA1, 0x00, 0xA1, 0x00, 0xA1, 0x00, 0xA1, 0x08, 0x81, 0x00, 0xA1, 0x00, 0xC2, 0x08,
    0xE2, 0x08, 0xC1, 0x08, 0xA1, 0x00, 0xC2, 0x08, 0xA2, 0x00, 0xC2, 0x00, 0xA1, 0x00, 0xA1, 0x00,
    0xA2, 0x00, 0xA2, 0x08, 0xA2, 0x08, 0x61, 0x00, 0x21, 0x00, 0x21, 0x00, 0x21, 0x00, 0x20, 0x00,
    0x20, 0x00, 0x41, 0x00, 0x03, 0x09, 0xE3, 0x08, 0x82, 0x00, 0xA2, 0x08, 0xE3, 0x08, 0xA2, 0x00,
    0xA2, 0x00, 0x82, 0x08, 0x61, 0x00, 0x82, 0x00, 0x81, 0x08, 0x23, 0x11, 0x64, 0x11, 0xA1, 0x00,
    0xE3, 0x08, 0xA1, 0x08, 0xA2, 0x08, 0xA1, 0x00, 0x80, 0x00, 0x62, 0x11, 0xE2, 0x21, 0xC1, 0x19,
    0x21, 0x09, 0x61, 0x00, 0x41, 0x00, 0x41, 0x00, 0x40, 0x00, 0x41, 0x00, 0x41, 0x00, 0x41, 0x00,
    0x41, 0x00, 0x41, 0x00, 0x61, 0x00, 0x61, 0x08, 0x61, 0x00, 0xC2, 0x08, 0x03, 0x11, 0xA1, 0x00,
    0xA1, 0x00, 0xA1, 0x08, 0xA1, 0x08, 0x81, 0x08, 0x40, 0x00, 0x40, 0x00, 0x81, 0x08, 0x43, 0x11,
    0x43, 0x09, 0x43, 0x09, 0x23, 0x09, 0x02, 0x09, 0xA1, 0x08, 0xC1, 0x08, 0xA1, 0x00, 0xC1, 0x08,
    0xE2, 0x08, 0xE1, 0x08, 0x02, 0x09, 0xC1, 0x08, 0x81, 0x00, 0x61, 0x00, 0x61, 0x00, 0xE2, 0x08,
    0xE5, 0x19, 0x25, 0x22, 0x45, 0x2A, 0xE4, 0x19, 0xE3, 0x19, 0xC3, 0x11, 0x04, 0x1A, 0xC3, 0x19,
    0x04, 0x1A, 0xE3, 0x19, 0xE4, 0x21, 0xC1, 0x08, 0x41, 0x00, 0x82, 0x08, 0x61, 0x00, 0x20, 0x00,
    0x20, 0x00, 0x21, 0x00, 0x20, 0x00, 0x20, 0x00, 0x20, 0x00, 0x61, 0x00, 0xC2, 0x08, 0xE2, 0x08,
    0xA1, 0x08, 0xC2, 0x08, 0x23, 0x11, 0xA1, 0x00, 0x43, 0x11, 0x43, 0x09, 0xE2, 0x08, 0xA5, 0x11,
    0x63, 0x11, 0x02, 0x09, 0xE2, 0x08, 0x02, 0x09, 0x43, 0x11, 0x63, 0x11, 0x64, 0x11, 0x43, 0x11,
    0x23, 0x09, 0x64, 0x11, 0xA5, 0x19, 0xE2, 0x08, 0x61, 0x00, 0x61, 0x00, 0x61, 0x00, 0x61, 0x00,
    0x41, 0x00, 0x41, 0x00, 0x20, 0x00, 0xA1, 0x08, 0x83, 0x19, 0x24, 0x2A, 0xE2, 0x19, 0x23, 0x22,
    0xA2, 0x11, 0xC2, 0x19, 0xA1, 0x11, 0xA1, 0x11, 0x86, 0x32, 0xA6, 0x3A, 0xA6, 0x32, 0x86, 0x32,
    0xA6, 0x32, 0x45, 0x2A, 0xC1, 0x08, 0xE2, 0x08, 0x63, 0x09, 0x43, 0x11, 0x22, 0x09, 0xA4, 0x11,
    0x43, 0x11, 0x43, 0x11, 0x43, 0x11, 0xA1, 0x00, 0x40, 0x00, 0x61, 0x00, 0x41, 0x00, 0x20, 0x00,
    0x20, 0x00, 0x61, 0x00, 0xA1, 0x00, 0xE2, 0x08, 0x61, 0x00, 0xE3, 0x08, 0xC2, 0x08, 0x20, 0x00,
    0xC3, 0x10, 0x24, 0x19, 0x41, 0x00, 0x81, 0x08, 0x61, 0x00, 0x41, 0x00, 0x41, 0x00, 0x21, 0x00,
    0x20, 0x00, 0x20, 0x00, 0x20, 0x00, 0x20, 0x00, 0x20, 0x00, 0x20, 0x00, 0x20, 0x00, 0x20, 0x00,
    0x20, 0x00, 0x21, 0x00, 0x61, 0x00, 0x61, 0x00, 0xA1, 0x08, 0x22, 0x09, 0xA1, 0x00, 0x41, 0x00,
    0x81, 0x00, 0x81, 0x00, 0x81, 0x00, 0x61, 0x00, 0x61, 0x00, 0x61, 0x00, 0x41, 0x00, 0x21, 0x00,
    0xA1, 0x00, 0xA2, 0x08, 0xC2, 0x08, 0xC2, 0x08, 0xE2, 0x08, 0xE2, 0x08, 0x61, 0x00, 0x20, 0x00,
    0x20, 0x00, 0x41, 0x00, 0x61, 0x00, 0x82, 0x00, 0xA2, 0x00, 0xC2, 0x08, 0xC2, 0x08, 0xC2, 0x08,
    0xC2, 0x08, 0xC2, 0x08, 0xC2, 0x08, 0xC2, 0x08, 0xC2, 0x08, 0xC2, 0x08, 0xC2, 0x08, 0xC1, 0x08,
    0xA1, 0x08, 0xA1, 0x08, 0xA1, 0x08, 0xA1, 0x08, 0xA1, 0x08, 0xA1, 0x08, 0xA1, 0x08, 0xA1, 0x00,
    0x81, 0x00, 0xA1, 0x08, 0x81, 0x00, 0x61, 0x00, 0x81, 0x00, 0xC2, 0x08, 0x63, 0x11, 0xA4, 0x11,
    0x84, 0x11, 0xA4, 0x11, 0xA4, 0x11, 0x84, 0x11, 0x84, 0x11, 0x64, 0x11, 0x64, 0x11, 0x23, 0x11,
    0xE2, 0x08, 0x81, 0x00, 0x61, 0x00, 0x81, 0x08, 0x81, 0x00, 0x40, 0x00, 0x20, 0x00, 0x21, 0x00,
    0x21, 0x00, 0x20, 0x00, 0x82, 0x00, 0xE3, 0x08, 0x04, 0x09, 0xA2, 0x08, 0x82, 0x00, 0xC2, 0x08,
    0xA2, 0x08, 0xA2, 0x08, 0xA2, 0x08, 0x61, 0x00, 0x61, 0x00, 0x81, 0x00, 0xC2, 0x08, 0x44, 0x11,
    0xE2, 0x08, 0xC2, 0x08, 0xC2, 0x08, 0xA2, 0x08, 0xA2, 0x08, 0x61, 0x00, 0xA3, 0x19, 0x43, 0x2A,
    0xC1, 0x08, 0x61, 0x00, 0x61, 0x00, 0x61, 0x00, 0x41, 0x00, 0x61, 0x00, 0x61, 0x00, 0x61, 0x00,
    0x61, 0x00, 0x61, 0x00, 0x61, 0x00, 0x61, 0x00, 0x61, 0x00, 0x61, 0x00, 0xA1, 0x08, 0x64, 0x19,
    0xE5, 0x21, 0x02, 0x09, 0xE2, 0x08, 0xA2, 0x08, 0x81, 0x08, 0x41, 0x00, 0x61, 0x00, 0x02, 0x09,
    0x63, 0x11, 0x84, 0x11, 0x84, 0x11, 0x23, 0x09, 0xC1, 0x00, 0xC1, 0x08, 0xA1, 0x08, 0xE2, 0x08,
    0x43, 0x11, 0x02, 0x09, 0xE2, 0x08, 0x60, 0x00, 0x40, 0x00, 0x41, 0x00, 0x41, 0x00, 0x61, 0x00,
    0x02, 0x09, 0xC5, 0x21, 0x45, 0x2A, 0x24, 0x22, 0xC3, 0x11, 0xC3, 0x19, 0xC3, 0x19, 0x04, 0x1A,
    0x04, 0x1A, 0xE4, 0x21, 0xA1, 0x08, 0x41, 0x00, 0x41, 0x00, 0x61, 0x00, 0x61, 0x00, 0x20, 0x00,
    0x20, 0x00, 0x21, 0x00, 0x20, 0x00, 0x20, 0x00, 0x21, 0x00, 0x61, 0x00, 0xE2, 0x08, 0xE2, 0x08,
    0xC1, 0x00, 0x23, 0x11, 0xE2, 0x08, 0xE2, 0x08, 0x84, 0x11, 0xE2, 0x08, 0x64, 0x11, 0xA4, 0x11,
    0x02, 0x09, 0x43, 0x11, 0x02, 0x09, 0x02, 0x09, 0xE2, 0x08, 0x23, 0x09, 0x84, 0x11, 0x84, 0x11,
    0x63, 0x11, 0x03, 0x09, 0x64, 0x11, 0x03, 0x09, 0x20, 0x00, 0x61, 0x00, 0x61, 0x00, 0x61, 0x00,
    0x61, 0x00, 0x40, 0x00, 0x41, 0x00, 0x61, 0x00, 0x61, 0x00, 0x63, 0x19, 0x23, 0x2A, 0x43, 0x2A,
    0xC2, 0x19, 0x43, 0x22, 0xA1, 0x11, 0x81, 0x11, 0x44, 0x2A, 0xC6, 0x3A, 0xA6, 0x3A, 0xA6, 0x32,
    0x86, 0x32, 0xA7, 0x32, 0xE2, 0x08, 0x20, 0x00, 0xA1, 0x00, 0xA1, 0x08, 0x60, 0x00, 0xE2, 0x08,
    0x81, 0x00, 0x40, 0x00, 0x61, 0x00, 0x41, 0x00, 0x61, 0x00, 0x61, 0x00, 0x41, 0x00, 0x20, 0x00,
    0x20, 0x00, 0x21, 0x00, 0xA2, 0x08, 0xC2, 0x08, 0x40, 0x00, 0x61, 0x00, 0xE3, 0x08, 0x81, 0x08,
    0xE3, 0x10, 0x65, 0x21, 0x61, 0x00, 0x61, 0x00, 0x61, 0x00, 0x61, 0x00, 0x41, 0x00, 0x21, 0x00,
    0x20, 0x00, 0x20, 0x00, 0x20, 0x00, 0x20, 0x00, 0x00, 0x00, 0x00, 0x00, 0x20, 0x00, 0x20, 0x00,
    0x20, 0x00, 0x20, 0x00, 0x61, 0x00, 0x81, 0x00, 0xA1, 0x08, 0xA1, 0x08, 0x40, 0x00, 0x41, 0x00,
    0x81, 0x00, 0x81, 0x08, 0x81, 0x00, 0x61, 0x00, 0x81, 0x00, 0x40, 0x00, 0x00, 0x00, 0x20, 0x00,
    0xC2, 0x08, 0xC2, 0x08, 0xC2, 0x08, 0xE2, 0x08, 0xE2, 0x08, 0xE2, 0x08, 0xA2, 0x08, 0x61, 0x00,
    0x20, 0x00, 0x20, 0x00, 0x20, 0x00, 0x81, 0x00, 0xA2, 0x00, 0xA2, 0x00, 0xA1, 0x00, 0xA1, 0x00,
    0xC2, 0x00, 0xE2, 0x08, 0xE2, 0x08, 0xE2, 0x08, 0x02, 0x09, 0xE2, 0x08, 0x02, 0x09, 0x02, 0x09,
    0xE2, 0x08, 0xC2, 0x08, 0xE2, 0x08, 0xE2, 0x08, 0xE2, 0x08, 0xC2, 0x08, 0xC1, 0x08, 0xC2, 0x08,
    0xC1, 0x08, 0xA1, 0x08, 0x81, 0x08, 0xA1, 0x08, 0x63, 0x11, 0xE5, 0x19, 0x05, 0x1A, 0x05, 0x22,
    0xE5, 0x19, 0xC4, 0x19, 0xA4, 0x11, 0xC4, 0x19, 0xE5, 0x19, 0xE5, 0x19, 0xC5, 0x19, 0xC5, 0x19,
    0x84, 0x11, 0x42, 0x11, 0xE1, 0x08, 0x01, 0x09, 0x22, 0x09, 0xC1, 0x08, 0x41, 0x00, 0x21, 0x00,
    0x20, 0x00, 0x20, 0x00, 0x41, 0x00, 0xA2, 0x08, 0xA2, 0x00, 0xE3, 0x08, 0xA2, 0x08, 0x61, 0x00,
    0xA2, 0x08, 0xC2, 0x08, 0x61, 0x00, 0xA2, 0x00, 0xC2, 0x08, 0x82, 0x00, 0x41, 0x00, 0x03, 0x09,
    0x23, 0x11, 0x64, 0x11, 0xC1, 0x00, 0xE2, 0x08, 0xA1, 0x00, 0x81, 0x00, 0xE2, 0x08, 0x46, 0x32,
    0xE2, 0x08, 0x60, 0x00, 0xA1, 0x08, 0xC2, 0x08, 0xA1, 0x08, 0x61, 0x00, 0x41, 0x00, 0x41, 0x00,
    0x41, 0x00, 0x61, 0x00, 0x61, 0x00, 0x41, 0x00, 0x61, 0x00, 0x61, 0x00, 0x40, 0x00, 0x81, 0x08,
    0x88, 0x42, 0xA4, 0x21, 0x22, 0x09, 0xE2, 0x08, 0x40, 0x00, 0x41, 0x00, 0x61, 0x00, 0x02, 0x09,
    0x43, 0x09, 0x23, 0x09, 0x23, 0x11, 0xE2, 0x08, 0xE2, 0x08, 0x22, 0x09, 0x23, 0x11, 0x02, 0x09,
    0x43, 0x11, 0xE3, 0x08, 0xA2, 0x00, 0x41, 0x00, 0x41, 0x00, 0x41, 0x00, 0x41, 0x00, 0x41, 0x00,
    0x61, 0x00, 0xA1, 0x00, 0xC4, 0x21, 0x24, 0x22, 0xC2, 0x19, 0x24, 0x22, 0x04, 0x22, 0xC3, 0x11,
    0x25, 0x22, 0xE2, 0x08, 0x41, 0x00, 0x41, 0x00, 0x41, 0x00, 0x41, 0x00, 0x41, 0x00, 0x40, 0x00,
    0x20, 0x00, 0x20, 0x00, 0x20, 0x00, 0x21, 0x00, 0x41, 0x00, 0x20, 0x00, 0xA1, 0x08, 0xC1, 0x08,
    0x02, 0x09, 0x23, 0x11, 0xA1, 0x00, 0x64, 0x11, 0x43, 0x09, 0x23, 0x09, 0xE5, 0x19, 0x03, 0x09,
    0x64, 0x11, 0xC5, 0x19, 0x43, 0x09, 0x43, 0x11, 0x43, 0x11, 0x23, 0x09, 0x43, 0x09, 0xA4, 0x11,
    0xA4, 0x11, 0x64, 0x11, 0x64, 0x11, 0xA2, 0x08, 0x20, 0x00, 0x40, 0x00, 0x61, 0x00, 0x61, 0x00,
    0x81, 0x00, 0x61, 0x00, 0x81, 0x00, 0x82, 0x08, 0x41, 0x00, 0x60, 0x00, 0x62, 0x19, 0x03, 0x22,
    0xE2, 0x19, 0x84, 0x32, 0xC2, 0x19, 0xE2, 0x19, 0xE2, 0x19, 0xA6, 0x3A, 0xA6, 0x32, 0xA6, 0x32,
    0x86, 0x32, 0xA6, 0x32, 0x63, 0x11, 0x41, 0x00, 0x41, 0x00, 0x41, 0x00, 0x21, 0x00, 0x40, 0x00,
    0x41, 0x00, 0x41, 0x00, 0x21, 0x00, 0x21, 0x00, 0x82, 0x08, 0x81, 0x08, 0x41, 0x00, 0x20, 0x00,
    0x20, 0x00, 0x62, 0x00, 0x65, 0x21, 0xE3, 0x10, 0x40, 0x00, 0x41, 0x00, 0x40, 0x00, 0xA2, 0x08,
    0xC3, 0x10, 0x61, 0x00, 0x82, 0x08, 0x41, 0x00, 0x61, 0x00, 0x61, 0x00, 0x41, 0x00, 0x21, 0x00,
    0x21, 0x00, 0x20, 0x00, 0x21, 0x00, 0x41, 0x00, 0x82, 0x08, 0x61, 0x00, 0x20, 0x00, 0x20, 0x00,
    0x21, 0x00, 0x41, 0x00, 0x41, 0x00, 0x20, 0x00, 0x41, 0x00, 0x41, 0x00, 0x20, 0x00, 0x41, 0x00,
    0x81, 0x00, 0xA1, 0x08, 0x81, 0x00, 0x61, 0x00, 0x61, 0x00, 0x61, 0x00, 0x61, 0x00, 0x61, 0x00,
    0xC2, 0x08, 0xE2, 0x08, 0xE2, 0x08, 0x02, 0x09, 0xE2, 0x08, 0xA2, 0x08, 0xA2, 0x08, 0xA2, 0x08,
    0x20, 0x00, 0x20, 0x00, 0x41, 0x00, 0xC2, 0x08, 0xE2, 0x08, 0xE2, 0x08, 0x03, 0x09, 0x23, 0x09,
    0x23, 0x09, 0xE2, 0x08, 0x81, 0x00, 0xE2, 0x08, 0xE2, 0x08, 0x23, 0x09, 0x03, 0x09, 0xC2, 0x08,
    0xA1, 0x08, 0xE2, 0x08, 0x23, 0x11, 0x02, 0x09, 0xC1, 0x08, 0xA1, 0x08, 0xE2, 0x08, 0xE2, 0x08,
    0xC2, 0x08, 0xC2, 0x08, 0xA1, 0x00, 0x23, 0x11, 0xE4, 0x19, 0xE4, 0x11, 0xC4, 0x11, 0xC4, 0x11,
    0xC4, 0x19, 0xA4, 0x11, 0x84, 0x11, 0x84, 0x11, 0x84, 0x11, 0x84, 0x11, 0x84, 0x11, 0x63, 0x11,
    0x62, 0x11, 0x62, 0x11, 0x62, 0x11, 0x62, 0x11, 0xE1, 0x08, 0xE2, 0x08, 0x81, 0x08, 0x61, 0x00,
    0x20, 0x00, 0x20, 0x00, 0x20, 0x00, 0xC3, 0x08, 0xC3, 0x08, 0x82, 0x00, 0x82, 0x00, 0x82, 0x00,
    0xA2, 0x08, 0xA2, 0x08, 0xC2, 0x08, 0xE3, 0x08, 0xA2, 0x00, 0x61, 0x00, 0x21, 0x00, 0x20, 0x00,
    0xE2, 0x08, 0x23, 0x11, 0x03, 0x09, 0x02, 0x09, 0xE2, 0x08, 0xC2, 0x08, 0xC2, 0x08, 0x23, 0x11,
    0xA1, 0x00, 0x40, 0x00, 0x61, 0x00, 0x81, 0x00, 0xC1, 0x08, 0xC1, 0x08, 0xC2, 0x08, 0x61, 0x00,
    0x41, 0x00, 0x61, 0x00, 0x61, 0x00, 0x61, 0x00, 0x61, 0x00, 0x61, 0x00, 0x61, 0x00, 0x40, 0x00,
    0xE2, 0x10, 0xA9, 0x4A, 0x84, 0x21, 0x63, 0x11, 0x22, 0x11, 0x61, 0x00, 0x41, 0x00, 0x43, 0x11,
    0x43, 0x11, 0x23, 0x09, 0x84, 0x11, 0x43, 0x09, 0x22, 0x09, 0x63, 0x11, 0x22, 0x09, 0xC2, 0x08,
    0x61, 0x00, 0xE3, 0x10, 0xA2, 0x08, 0x61, 0x00, 0x61, 0x00, 0x41, 0x00, 0x41, 0x00, 0x61, 0x00,
    0x61, 0x00, 0x61, 0x00, 0x60, 0x00, 0x43, 0x11, 0xC3, 0x19, 0xC3, 0x19, 0x24, 0x22, 0xC3, 0x19,
    0xE1, 0x08, 0x61, 0x00, 0x41, 0x00, 0x41, 0x00, 0x41, 0x00, 0x21, 0x00, 0x41, 0x00, 0x41, 0x00,
    0x20, 0x00, 0x20, 0x00, 0x41, 0x00, 0x41, 0x00, 0x41, 0x00, 0x21, 0x00, 0x41, 0x00, 0xC2, 0x08,
    0x63, 0x11, 0xE2, 0x08, 0x23, 0x11, 0xC5, 0x19, 0x02, 0x09, 0xC5, 0x19, 0x84, 0x11, 0x23, 0x09,
    0xC5, 0x19, 0x84, 0x11, 0x22, 0x09, 0x22, 0x09, 0x63, 0x11, 0xA4, 0x11, 0x84, 0x11, 0x63, 0x09,
    0x64, 0x11, 0xA5, 0x11, 0x02, 0x09, 0x00, 0x00, 0x21, 0x00, 0x21, 0x00, 0x41, 0x00, 0x61, 0x00,
    0x61, 0x00, 0x61, 0x00, 0x61, 0x00, 0x81, 0x08, 0x41, 0x00, 0x20, 0x00, 0x20, 0x00, 0x22, 0x11,
    0x64, 0x2A, 0x44, 0x2A, 0xC2, 0x19, 0xE2, 0x19, 0xA1, 0x11, 0x44, 0x2A, 0xC7, 0x3A, 0xA6, 0x32,
    0x86, 0x32, 0x86, 0x2A, 0xA4, 0x19, 0x61, 0x00, 0x61, 0x00, 0x41, 0x00, 0x41, 0x00, 0x41, 0x00,
    0x61, 0x00, 0x41, 0x00, 0x41, 0x00, 0x41, 0x00, 0xC2, 0x10, 0xC2, 0x10, 0x61, 0x00, 0x20, 0x00,
    0x41, 0x00, 0xE3, 0x10, 0x44, 0x19, 0x61, 0x00, 0x61, 0x00, 0x61, 0x08, 0x20, 0x00, 0x41, 0x00,
    0x82, 0x08, 0x61, 0x00, 0xA2, 0x08, 0x61, 0x00, 0x41, 0x00, 0x41, 0x00, 0x41, 0x00, 0x21, 0x00,
    0x20, 0x00, 0x41, 0x00, 0xA2, 0x08, 0xA1, 0x08, 0xE2, 0x08, 0x61, 0x00, 0x00, 0x00, 0x21, 0x00,
    0x21, 0x00, 0x41, 0x00, 0x41, 0x00, 0x21, 0x00, 0x20, 0x00, 0x20, 0x00, 0x20, 0x00, 0x41, 0x00,
    0x81, 0x08, 0x81, 0x00, 0x61, 0x00, 0x61, 0x00, 0x41, 0x00, 0x41, 0x00, 0x61, 0x00, 0xC2, 0x08,
    0xE2, 0x08, 0x02, 0x09, 0x02, 0x09, 0x03, 0x09, 0xE3, 0x08, 0x61, 0x00, 0x41, 0x00, 0x41, 0x00,
    0x41, 0x00, 0x20, 0x00, 0x81, 0x00, 0x03, 0x09, 0x23, 0x09, 0x43, 0x11, 0x64, 0x11, 0x64, 0x11,
    0x44, 0x11, 0xE2, 0x08, 0x61, 0x00, 0x03, 0x09, 0x44, 0x19, 0xA1, 0x08, 0x40, 0x00, 0x21, 0x00,
    0x20, 0x00, 0x40, 0x00, 0x61, 0x00, 0xE3, 0x08, 0x03, 0x11, 0x20, 0x00, 0x20, 0x00, 0xE3, 0x10,
    0x69, 0x42, 0x27, 0x3A, 0x02, 0x09, 0xC4, 0x19, 0x25, 0x1A, 0xE4, 0x19, 0xE4, 0x19, 0xA3, 0x11,
    0xA3, 0x11, 0x63, 0x11, 0x42, 0x09, 0x22, 0x09, 0x22, 0x09, 0xE2, 0x08, 0xE1, 0x08, 0x82, 0x19,
    0x62, 0x11, 0x62, 0x11, 0x62, 0x11, 0xE1, 0x08, 0xC1, 0x08, 0xC1, 0x08, 0xA1, 0x08, 0x81, 0x00,
    0x61, 0x00, 0x41, 0x00, 0x20, 0x00, 0x41, 0x00, 0xA2, 0x08, 0xA2, 0x00, 0x61, 0x00, 0x61, 0x00,
    0x82, 0x00, 0xA2, 0x08, 0xA2, 0x08, 0x82, 0x00, 0xC2, 0x08, 0x61, 0x00, 0x20, 0x00, 0x41, 0x00,
    0x61, 0x00, 0x61, 0x00, 0x03, 0x11, 0xA5, 0x11, 0x23, 0x09, 0x03, 0x09, 0x03, 0x09, 0xC2, 0x08,
    0x40, 0x00, 0x40, 0x00, 0x41, 0x00, 0x40, 0x00, 0xC1, 0x08, 0xC1, 0x08, 0xE1, 0x08, 0x02, 0x09,
    0xA1, 0x00, 0x61, 0x00, 0x41, 0x00, 0x61, 0x00, 0x61, 0x00, 0x61, 0x00, 0x61, 0x00, 0x61, 0x00,
    0x40, 0x00, 0x24, 0x21, 0x48, 0x3A, 0x42, 0x11, 0x63, 0x11, 0x43, 0x11, 0x61, 0x00, 0xC2, 0x08,
    0x23, 0x09, 0x84, 0x11, 0xA4, 0x11, 0x64, 0x11, 0x23, 0x11, 0xA1, 0x00, 0x41, 0x00, 0x20, 0x00,
    0x20, 0x00, 0x61, 0x00, 0x41, 0x00, 0x41, 0x00, 0x41, 0x00, 0x41, 0x00, 0x61, 0x00, 0x61, 0x00,
    0x61, 0x00, 0x61, 0x00, 0x41, 0x00, 0x61, 0x00, 0xC4, 0x21, 0x65, 0x2A, 0x25, 0x22, 0x22, 0x11,
    0x40, 0x00, 0x41, 0x00, 0x41, 0x00, 0x41, 0x00, 0x41, 0x00, 0x00, 0x00, 0x20, 0x00, 0x20, 0x00,
    0x20, 0x00, 0x41, 0x00, 0x41, 0x00, 0x41, 0x00, 0x41, 0x00, 0x41, 0x00, 0x40, 0x00, 0xA1, 0x00,
    0x02, 0x09, 0xC1, 0x00, 0xC5, 0x19, 0xA5, 0x19, 0x43, 0x09, 0x06, 0x22, 0x23, 0x11, 0xA5, 0x11,
    0xA4, 0x11, 0x43, 0x09, 0x43, 0x09, 0x22, 0x09, 0x02, 0x09, 0x63, 0x09, 0xC5, 0x19, 0xC5, 0x19,
    0x64, 0x09, 0x43, 0x09, 0xA2, 0x08, 0x20, 0x00, 0x20, 0x00, 0x21, 0x00, 0x20, 0x00, 0x41, 0x00,
    0x61, 0x00, 0x61, 0x00, 0x41, 0x00, 0x41, 0x00, 0x40, 0x00, 0x40, 0x00, 0x41, 0x00, 0x41, 0x00,
    0x05, 0x2A, 0xC6, 0x3A, 0x43, 0x2A, 0xE2, 0x19, 0xC2, 0x19, 0x23, 0x22, 0xC7, 0x3A, 0x86, 0x32,
    0x86, 0x32, 0xA6, 0x32, 0x63, 0x11, 0x61, 0x00, 0x81, 0x00, 0x41, 0x00, 0x20, 0x00, 0x20, 0x00,
    0x61, 0x00, 0x61, 0x08, 0x41, 0x00, 0x41, 0x00, 0xA2, 0x08, 0xA2, 0x08, 0x41, 0x00, 0x20, 0x00,
    0x41, 0x00, 0x03, 0x19, 0xE3, 0x10, 0x61, 0x00, 0x81, 0x08, 0xC2, 0x10, 0x20, 0x00, 0x41, 0x00,
    0x41, 0x00, 0x61, 0x00, 0x61, 0x00, 0xC2, 0x08, 0x82, 0x00, 0x81, 0x00, 0x81, 0x08, 0x81, 0x00,
    0x60, 0x00, 0xA1, 0x08, 0xA1, 0x00, 0xA1, 0x08, 0x61, 0x00, 0x20, 0x00, 0x20, 0x00, 0x21, 0x00,
    0x20, 0x00, 0x20, 0x00, 0x21, 0x00, 0x21, 0x00, 0x41, 0x00, 0x81, 0x00, 0x81, 0x08, 0x81, 0x00,
    0xA1, 0x08, 0x81, 0x00, 0x40, 0x00, 0x40, 0x00, 0x41, 0x00, 0x41, 0x00, 0x61, 0x00, 0xC1, 0x08,
    0x23, 0x09, 0x02, 0x09, 0xE2, 0x08, 0xC2, 0x08, 0xA2, 0x00, 0x41, 0x00, 0x41, 0x00, 0x41, 0x00,
    0x41, 0x00, 0x61, 0x00, 0x81, 0x00, 0x23, 0x09, 0x43, 0x09, 0x44, 0x11, 0x23, 0x09, 0x44, 0x11,
    0x84, 0x11, 0x44, 0x11, 0xA2, 0x08, 0xC2, 0x08, 0x61, 0x00, 0x40, 0x00, 0x41, 0x00, 0x41, 0x00,
    0x41, 0x00, 0x41, 0x00, 0x20, 0x00, 0x41, 0x00, 0x24, 0x19, 0x21, 0x00, 0xE4, 0x18, 0xC7, 0x31,
    0xA6, 0x29, 0xC5, 0x29, 0x05, 0x2A, 0x25, 0x22, 0xE4, 0x19, 0xC4, 0x19, 0x83, 0x11, 0x42, 0x11,
    0x01, 0x09, 0xE1, 0x08, 0xC1, 0x08, 0xC1, 0x08, 0xA1, 0x08, 0xA1, 0x00, 0xE1, 0x08, 0x21, 0x11,
    0xC1, 0x00, 0xC1, 0x00, 0xA0, 0x00, 0xA1, 0x00, 0xA1, 0x08, 0xA1, 0x08, 0xA1, 0x00, 0xC2, 0x08,
    0x81, 0x00, 0x61, 0x00, 0x20, 0x00, 0x20, 0x00, 0x82, 0x00, 0xE3, 0x08, 0x81, 0x00, 0x82, 0x08,
    0xA2, 0x08, 0x82, 0x00, 0xA2, 0x08, 0xA2, 0x08, 0x41, 0x00, 0x20, 0x00, 0x41, 0x00, 0x61, 0x00,
    0x41, 0x00, 0x41, 0x00, 0x61, 0x00, 0xC2, 0x08, 0x23, 0x09, 0x64, 0x11, 0x43, 0x09, 0xC2, 0x08,
    0x41, 0x00, 0x41, 0x00, 0x41, 0x00, 0x61, 0x00, 0xC1, 0x08, 0xE1, 0x08, 0xE1, 0x08, 0x01, 0x09,
    0x62, 0x11, 0xE1, 0x08, 0x81, 0x00, 0x61, 0x00, 0x61, 0x00, 0x61, 0x00, 0x81, 0x00, 0x81, 0x00,
    0x61, 0x00, 0x40, 0x00, 0xA1, 0x08, 0xE2, 0x08, 0x63, 0x11, 0x83, 0x11, 0x42, 0x11, 0xE2, 0x08,
    0xA4, 0x19, 0x63, 0x11, 0xE2, 0x08, 0x81, 0x00, 0x81, 0x08, 0x61, 0x00, 0x21, 0x00, 0x21, 0x00,
    0x20, 0x00, 0x21, 0x00, 0x21, 0x00, 0x20, 0x00, 0x41, 0x00, 0x61, 0x00, 0x61, 0x00, 0x61, 0x00,
    0x41, 0x00, 0x61, 0x00, 0x61, 0x00, 0x41, 0x00, 0x83, 0x21, 0x66, 0x32, 0x43, 0x11, 0x61, 0x00,
    0x41, 0x00, 0x41, 0x00, 0x61, 0x00, 0x61, 0x00, 0x41, 0x00, 0x00, 0x00, 0x20, 0x00, 0x20, 0x00,
    0x21, 0x00, 0x21, 0x00, 0x41, 0x00, 0x41, 0x00, 0x41, 0x00, 0x41, 0x00, 0x41, 0x00, 0x61, 0x00,
    0xA1, 0x08, 0x22, 0x09, 0xC5, 0x19, 0x03, 0x09, 0xC5, 0x19, 0xC5, 0x11, 0x64, 0x11, 0x06, 0x22,
    0x43, 0x09, 0xE5, 0x21, 0x84, 0x19, 0x22, 0x09, 0x84, 0x11, 0x84, 0x11, 0x63, 0x11, 0xC5, 0x19,
    0xA5, 0x11, 0x23, 0x09, 0x61, 0x00, 0x20, 0x00, 0x20, 0x00, 0x20, 0x00, 0x20, 0x00, 0x40, 0x00,
    0x41, 0x00, 0x41, 0x00, 0x41, 0x00, 0x40, 0x00, 0x40, 0x00, 0x41, 0x00, 0x61, 0x00, 0x41, 0x00,
    0x40, 0x00, 0xC4, 0x21, 0x24, 0x2A, 0x03, 0x22, 0x03, 0x22, 0x03, 0x22, 0x65, 0x2A, 0xA6, 0x32,
    0xA6, 0x32, 0x86, 0x32, 0x02, 0x09, 0x61, 0x00, 0x81, 0x08, 0x61, 0x00, 0x20, 0x00, 0x20, 0x00,
    0x41, 0x00, 0x61, 0x00, 0x41, 0x00, 0x20, 0x00, 0x81, 0x08, 0x81, 0x08, 0x40, 0x00, 0x41, 0x00,
    0x21, 0x00, 0xC3, 0x10, 0xA2, 0x08, 0x82, 0x08, 0xA2, 0x08, 0xC2, 0x10, 0x20, 0x00, 0x40, 0x00,
    0x41, 0x00, 0x41, 0x00, 0x61, 0x00, 0xA1, 0x08, 0xA2, 0x00, 0xC2, 0x08, 0xE1, 0x08, 0xA1, 0x00,
    0xA1, 0x08, 0xA1, 0x08, 0x81, 0x00, 0x81, 0x08, 0x40, 0x00, 0x20, 0x00, 0x21, 0x00, 0x20, 0x00,
    0x20, 0x00, 0x61, 0x00, 0x61, 0x00, 0x61, 0x00, 0xE2, 0x08, 0x43, 0x11, 0xE2, 0x08, 0xA1, 0x00,
    0xC2, 0x08, 0xA1, 0x00, 0xA2, 0x08, 0x61, 0x00, 0x40, 0x00, 0x41, 0x00, 0x61, 0x00, 0xC1, 0x08,
    0x43, 0x11, 0x43, 0x11, 0xE1, 0x08, 0xA1, 0x00, 0xA2, 0x08, 0x82, 0x00, 0x20, 0x00, 0x41, 0x00,
    0x21, 0x00, 0x41, 0x00, 0x03, 0x11, 0x23, 0x09, 0x64, 0x11, 0x03, 0x09, 0x23, 0x09, 0x64, 0x11,
    0x64, 0x11, 0x23, 0x11, 0x61, 0x00, 0x40, 0x00, 0x40, 0x00, 0x61, 0x00, 0x61, 0x00, 0x81, 0x00,
    0x81, 0x00, 0x81, 0x00, 0xA1, 0x08, 0x61, 0x00, 0xA2, 0x08, 0xE3, 0x10, 0x03, 0x11, 0x03, 0x09,
    0x02, 0x09, 0xA3, 0x19, 0xC3, 0x19, 0x82, 0x11, 0x42, 0x09, 0x21, 0x09, 0x01, 0x09, 0xE1, 0x08,
    0xE1, 0x08, 0xE1, 0x08, 0xE1, 0x08, 0xE1, 0x08, 0xC1, 0x08, 0xC1, 0x08, 0xC1, 0x08, 0xA1, 0x00,
    0xC1, 0x08, 0xC1, 0x08, 0xC1, 0x08, 0xC1, 0x08, 0xC1, 0x08, 0x81, 0x08, 0x61, 0x00, 0xA1, 0x08,
    0xE3, 0x10, 0x81, 0x08, 0x20, 0x00, 0x61, 0x00, 0x24, 0x11, 0xE3, 0x08, 0x61, 0x00, 0x61, 0x00,
    0x81, 0x08, 0x61, 0x00, 0x41, 0x00, 0x61, 0x00, 0x61, 0x00, 0x61, 0x00, 0x81, 0x08, 0x81, 0x00,
    0x81, 0x00, 0x81, 0x00, 0x61, 0x00, 0x61, 0x00, 0x81, 0x00, 0x23, 0x11, 0xA5, 0x19, 0xC2, 0x08,
    0x61, 0x00, 0x61, 0x00, 0x61, 0x00, 0x61, 0x00, 0xC1, 0x08, 0x21, 0x09, 0x01, 0x09, 0xC1, 0x08,
    0x21, 0x09, 0x83, 0x11, 0x22, 0x09, 0xA1, 0x00, 0x81, 0x00, 0x81, 0x00, 0x61, 0x00, 0x81, 0x00,
    0x81, 0x00, 0xA1, 0x00, 0xA1, 0x00, 0x61, 0x00, 0x61, 0x00, 0x22, 0x11, 0x43, 0x11, 0x63, 0x11,
    0x23, 0x11, 0x61, 0x00, 0x20, 0x00, 0x20, 0x00, 0x41, 0x00, 0x21, 0x00, 0x41, 0x00, 0x41, 0x00,
    0x21, 0x00, 0x21, 0x00, 0x20, 0x00, 0x20, 0x00, 0x41, 0x00, 0x61, 0x00, 0x61, 0x00, 0x61, 0x00,
    0x61, 0x00, 0x61, 0x00, 0x61, 0x00, 0x21, 0x00, 0xA4, 0x21, 0xA4, 0x21, 0x20, 0x00, 0x61, 0x00,
    0x41, 0x00, 0x41, 0x00, 0x41, 0x00, 0x61, 0x00, 0x41, 0x00, 0x20, 0x00, 0x20, 0x00, 0x41, 0x00,
    0x21, 0x00, 0x20, 0x00, 0x41, 0x00, 0x41, 0x00, 0x41, 0x00, 0x41, 0x00, 0x61, 0x00, 0x41, 0x00,
    0x61, 0x00, 0x43, 0x11, 0x84, 0x11, 0x03, 0x09, 0x06, 0x22, 0x63, 0x11, 0xE5, 0x19, 0xC5, 0x19,
    0x64, 0x11, 0xE5, 0x19, 0x63, 0x11, 0x22, 0x09, 0x43, 0x11, 0xE5, 0x19, 0xC5, 0x19, 0x63, 0x11,
    0xA5, 0x11, 0xE2, 0x08, 0x00, 0x00, 0x20, 0x00, 0x20, 0x00, 0x20, 0x00, 0x20, 0x00, 0x21, 0x00,
    0x41, 0x00, 0x41, 0x00, 0x41, 0x00, 0x41, 0x00, 0x41, 0x00, 0x61, 0x00, 0x40, 0x00, 0x40, 0x00,
    0x21, 0x00, 0x20, 0x00, 0xE1, 0x10, 0x25, 0x2A, 0xE3, 0x19, 0x03, 0x22, 0x03, 0x22, 0x65, 0x32,
    0xA6, 0x3A, 0x05, 0x22, 0xA1, 0x00, 0x81, 0x00, 0xA2, 0x08, 0x41, 0x00, 0x20, 0x00, 0x20, 0x00,
    0x20, 0x00, 0x20, 0x00, 0x41, 0x00, 0x61, 0x08, 0xE1, 0x08, 0xC2, 0x08, 0x41, 0x00, 0x41, 0x00,
    0x41, 0x00, 0x82, 0x08, 0x61, 0x00, 0x41, 0x00, 0x82, 0x08, 0xA2, 0x10, 0x20, 0x00, 0x20, 0x00,
    0x21, 0x00, 0x20, 0x00, 0x20, 0x00, 0x61, 0x00, 0xA2, 0x08, 0x23, 0x11, 0x02, 0x09, 0x80, 0x00,
    0x61, 0x00, 0xA1, 0x08, 0xA1, 0x08, 0xA1, 0x08, 0x40, 0x00, 0x20, 0x00, 0x20, 0x00, 0x21, 0x00,
    0x41, 0x00, 0x03, 0x09, 0x43, 0x09, 0x23, 0x11, 0xE5, 0x21, 0xC5, 0x19, 0x43, 0x09, 0x43, 0x11,
    0x43, 0x11, 0x23, 0x09, 0x23, 0x09, 0x03, 0x09, 0x61, 0x00, 0x21, 0x00, 0xA1, 0x00, 0x02, 0x09,
    0x84, 0x11, 0x63, 0x11, 0x02, 0x09, 0xE2, 0x08, 0xC2, 0x08, 0x03, 0x11, 0x61, 0x00, 0x20, 0x00,
    0x21, 0x00, 0x21, 0x00, 0xC2, 0x08, 0x44, 0x09, 0x23, 0x09, 0xC2, 0x08, 0xE2, 0x08, 0x03, 0x09,
    0x64, 0x11, 0x64, 0x11, 0xA1, 0x00, 0xC2, 0x08, 0xA1, 0x00, 0xA1, 0x00, 0xA1, 0x00, 0xA1, 0x08,
    0xA1, 0x08, 0xA1, 0x00, 0xE1, 0x08, 0x42, 0x11, 0x63, 0x11, 0x63, 0x11, 0x63, 0x11, 0x62, 0x09,
    0xE4, 0x21, 0xE4, 0x21, 0x83, 0x19, 0x63, 0x11, 0x62, 0x11, 0x42, 0x11, 0x42, 0x11, 0x42, 0x11,
    0x22, 0x09, 0x21, 0x09, 0x01, 0x09, 0xE1, 0x08, 0xE1, 0x08, 0xE1, 0x08, 0xE1, 0x08, 0xE2, 0x08,
    0xE2, 0x08, 0x02, 0x09, 0xA1, 0x08, 0x81, 0x00, 0x61, 0x00, 0x41, 0x00, 0x41, 0x00, 0x41, 0x00,
    0x61, 0x00, 0x61, 0x00, 0x61, 0x00, 0x03, 0x11, 0x03, 0x09, 0xA2, 0x00, 0x81, 0x00, 0x61, 0x00,
    0x61, 0x00, 0x61, 0x00, 0xA2, 0x08, 0x81, 0x00, 0x03, 0x11, 0x24, 0x19, 0xC2, 0x08, 0xC2, 0x08,
    0xA2, 0x00, 0xC2, 0x00, 0xC2, 0x08, 0xC2, 0x08, 0xA2, 0x08, 0x81, 0x00, 0x23, 0x09, 0x81, 0x00,
    0x61, 0x00, 0x81, 0x00, 0x81, 0x00, 0x61, 0x00, 0xE1, 0x08, 0x61, 0x11, 0x21, 0x09, 0xE1, 0x08,
    0xC1, 0x08, 0x42, 0x09, 0xC3, 0x19, 0x62, 0x11, 0xC1, 0x00, 0x81, 0x08, 0xA2, 0x08, 0xA2, 0x00,
    0xA2, 0x08, 0x81, 0x00, 0x61, 0x00, 0x21, 0x00, 0x20, 0x00, 0x40, 0x00, 0xE1, 0x08, 0x42, 0x11,
    0x02, 0x09, 0x61, 0x00, 0x61, 0x00, 0x41, 0x00, 0x41, 0x00, 0x20, 0x00, 0x21, 0x00, 0x41, 0x00,
    0x41, 0x00, 0x21, 0x00, 0x21, 0x00, 0x21, 0x00, 0x21, 0x00, 0x61, 0x00, 0x61, 0x00, 0x61, 0x00,
    0x61, 0x00, 0x61, 0x00, 0x61, 0x00, 0x61, 0x00, 0xC1, 0x08, 0x81, 0x00, 0x61, 0x00, 0x61, 0x00,
    0x41, 0x00, 0x61, 0x00, 0x41, 0x00, 0x41, 0x00, 0x21, 0x00, 0x20, 0x00, 0x41, 0x00, 0x41, 0x00,
    0x21, 0x00, 0x41, 0x00, 0x61, 0x00, 0x61, 0x00, 0x61, 0x00, 0x61, 0x00, 0x61, 0x00, 0x61, 0x00,
    0x40, 0x00, 0xC2, 0x08, 0x43, 0x11, 0x43, 0x09, 0xE5, 0x19, 0x83, 0x11, 0x06, 0x22, 0x84, 0x11,
    0xE5, 0x19, 0xA4, 0x11, 0xC5, 0x19, 0x84, 0x11, 0x22, 0x09, 0x43, 0x09, 0xE5, 0x21, 0xE5, 0x19,
    0xA5, 0x11, 0xC2, 0x08, 0x00, 0x00, 0x20, 0x00, 0x20, 0x00, 0x20, 0x00, 0x20, 0x00, 0x21, 0x00,
    0x21, 0x00, 0x41, 0x00, 0x41, 0x00, 0x61, 0x00, 0x61, 0x00, 0x61, 0x00, 0x61, 0x00, 0x41, 0x00,
    0x41, 0x00, 0x40, 0x00, 0x61, 0x00, 0x62, 0x11, 0x24, 0x22, 0x24, 0x22, 0xC3, 0x19, 0x24, 0x22,
    0x65, 0x2A, 0x22, 0x09, 0x81, 0x00, 0xA2, 0x08, 0xA1, 0x08, 0x41, 0x00, 0x20, 0x00, 0x20, 0x00,
    0x20, 0x00, 0x20, 0x00, 0x41, 0x00, 0x81, 0x08, 0x22, 0x11, 0x02, 0x11, 0x41, 0x00, 0x20, 0x00,
    0x61, 0x00, 0x82, 0x08, 0x61, 0x00, 0x40, 0x00, 0x61, 0x00, 0xA2, 0x10, 0x20, 0x00, 0x20, 0x00,
    0x21, 0x00, 0x20, 0x00, 0x00, 0x00, 0x20, 0x00, 0x61, 0x00, 0x81, 0x00, 0xC2, 0x08, 0x81, 0x00,
    0xA1, 0x08, 0xA1, 0x08, 0x81, 0x00, 0xA1, 0x00, 0x81, 0x00, 0xA2, 0x08, 0xA2, 0x08, 0xA2, 0x08,
    0x82, 0x08, 0xC2, 0x08, 0x63, 0x11, 0x84, 0x11, 0xA4, 0x11, 0xA5, 0x19, 0xC5, 0x19, 0xC5, 0x19,
    0x84, 0x11, 0x84, 0x11, 0x63, 0x11, 0x43, 0x09, 0xE2, 0x08, 0x41, 0x00, 0x61, 0x00, 0x83, 0x19,
    0x83, 0x11, 0x22, 0x09, 0x02, 0x09, 0x02, 0x09, 0xE1, 0x08, 0x02, 0x09, 0xC2, 0x08, 0x81, 0x00,
    0x40, 0x00, 0x41, 0x00, 0xE2, 0x08, 0x23, 0x09, 0xE3, 0x08, 0x81, 0x00, 0xA2, 0x08, 0xE2, 0x08,
    0x64, 0x11, 0x84, 0x11, 0x43, 0x09, 0xE2, 0x08, 0xE2, 0x08, 0xE2, 0x08, 0x02, 0x11, 0x23, 0x11,
    0xE1, 0x08, 0x22, 0x09, 0x83, 0x11, 0x83, 0x11, 0x82, 0x11, 0x63, 0x11, 0x22, 0x11, 0x43, 0x11,
    0xA1, 0x08, 0x61, 0x00, 0x41, 0x00, 0x41, 0x00, 0x61, 0x00, 0x61, 0x00, 0xA1, 0x00, 0xC1, 0x08,
    0xE1, 0x08, 0x22, 0x11, 0x42, 0x11, 0x42, 0x11, 0x22, 0x09, 0x22, 0x09, 0x02, 0x09, 0x22, 0x09,
    0xE1, 0x08, 0x81, 0x00, 0x61, 0x00, 0x61, 0x00, 0x61, 0x00, 0x61, 0x00, 0x61, 0x00, 0x41, 0x00,
    0x41, 0x00, 0x41, 0x00, 0xC2, 0x08, 0x03, 0x09, 0xC2, 0x08, 0x81, 0x00, 0x81, 0x00, 0x61, 0x00,
    0x61, 0x00, 0xA1, 0x00, 0xC2, 0x08, 0xA1, 0x00, 0x81, 0x00, 0xA1, 0x00, 0xC2, 0x08, 0xE2, 0x08,
    0xE2, 0x08, 0xE2, 0x08, 0xC2, 0x08, 0xC2, 0x00, 0xC2, 0x00, 0xC2, 0x08, 0xC1, 0x00, 0xA1, 0x08,
    0xA1, 0x00, 0xC2, 0x08, 0xE2, 0x08, 0x81, 0x00, 0xA1, 0x00, 0xA3, 0x19, 0x41, 0x09, 0x21, 0x09,
    0xE1, 0x08, 0xE1, 0x08, 0x83, 0x11, 0xE4, 0x19, 0xA3, 0x11, 0x02, 0x09, 0xA1, 0x00, 0x81, 0x00,
    0x61, 0x00, 0x41, 0x00, 0x20, 0x00, 0x20, 0x00, 0x61, 0x00, 0x82, 0x08, 0x61, 0x00, 0xC2, 0x08,
    0x43, 0x11, 0x63, 0x19, 0xA2, 0x08, 0x61, 0x00, 0x61, 0x00, 0x41, 0x00, 0x21, 0x00, 0x41, 0x00,
    0x21, 0x00, 0x21, 0x00, 0x21, 0x00, 0x20, 0x00, 0x20, 0x00, 0x41, 0x00, 0x61, 0x00, 0x61, 0x00,
    0x61, 0x00, 0x61, 0x00, 0x61, 0x00, 0x61, 0x00, 0x61, 0x00, 0x61, 0x00, 0x61, 0x00, 0x61, 0x00,
    0x61, 0x00, 0x61, 0x00, 0x61, 0x00, 0x61, 0x00, 0x40, 0x00, 0x41, 0x00, 0x61, 0x08, 0x41, 0x00,
    0x41, 0x00, 0x61, 0x00, 0x41, 0x00, 0x61, 0x00, 0x61, 0x00, 0x61, 0x00, 0x61, 0x00, 0x61, 0x00,
    0x61, 0x00, 0x61, 0x00, 0x61, 0x00, 0x43, 0x11, 0xC5, 0x19, 0x84, 0x11, 0xC5, 0x19, 0x64, 0x11,
    0x06, 0x22, 0x84, 0x11, 0x26, 0x22, 0x84, 0x11, 0x63, 0x11, 0x64, 0x11, 0x43, 0x09, 0x84, 0x11,
    0x64, 0x11, 0x81, 0x00, 0x20, 0x00, 0x20, 0x00, 0x20, 0x00, 0x20, 0x00, 0x20, 0x00, 0x20, 0x00,
    0x40, 0x00, 0x40, 0x00, 0x41, 0x00, 0x41, 0x00, 0x41, 0x00, 0x61, 0x00, 0x61, 0x00, 0x61, 0x00,
    0x61, 0x00, 0x61, 0x00, 0x41, 0x00, 0xA1, 0x08, 0xE4, 0x21, 0x44, 0x2A, 0x24, 0x22, 0x04, 0x22,
    0x24, 0x22, 0xA1, 0x00, 0xC2, 0x08, 0x02, 0x09, 0x81, 0x00, 0x41, 0x00, 0x20, 0x00, 0x20, 0x00,
    0x20, 0x00, 0x20, 0x00, 0x00, 0x00, 0x21, 0x00, 0x61, 0x00, 0x41, 0x00, 0x20, 0x00, 0x20, 0x00,
    0x21, 0x00, 0x20, 0x00, 0x20, 0x00, 0x41, 0x00, 0x41, 0x00, 0x61, 0x08, 0x20, 0x00, 0x21, 0x00,
    0x20, 0x00, 0x20, 0x00, 0x00, 0x00, 0x21, 0x00, 0x61, 0x00, 0x41, 0x00, 0x61, 0x00, 0x41, 0x00,
    0x81, 0x00, 0x81, 0x00, 0xA1, 0x08, 0xA1, 0x08, 0xC2, 0x08, 0x03, 0x09, 0xE2, 0x08, 0xC2, 0x08,
    0xC2, 0x08, 0x81, 0x00, 0xE2, 0x08, 0xA4, 0x11, 0x22, 0x09, 0x22, 0x09, 0x43, 0x11, 0x83, 0x11,
    0xA4, 0x11, 0xA4, 0x11, 0x84, 0x11, 0x42, 0x09, 0x22, 0x09, 0xC2, 0x08, 0x20, 0x00, 0xE2, 0x10,
    0x42, 0x11, 0x02, 0x09, 0x02, 0x09, 0x02, 0x09, 0x01, 0x09, 0xE2, 0x08, 0xE2, 0x08, 0x02, 0x09,
    0xE2, 0x08, 0xC2, 0x08, 0x03, 0x09, 0x44, 0x11, 0xE2, 0x08, 0x61, 0x00, 0xC2, 0x00, 0x23, 0x09,
    0xE2, 0x08, 0x23, 0x11, 0x64, 0x11, 0x23, 0x09, 0xC2, 0x08, 0xC2, 0x08, 0xE2, 0x08, 0x02, 0x09,
    0xA3, 0x19, 0xA3, 0x11, 0x83, 0x11, 0x83, 0x11, 0x62, 0x11, 0xE1, 0x08, 0x64, 0x19, 0xE2, 0x08,
    0x40, 0x00, 0x81, 0x08, 0x40, 0x00, 0x20, 0x00, 0x21, 0x00, 0x61, 0x00, 0x41, 0x00, 0x20, 0x00,
    0x20, 0x00, 0x40, 0x00, 0x61, 0x00, 0x81, 0x00, 0x81, 0x00, 0x61, 0x00, 0x61, 0x00, 0x40, 0x00,
    0x81, 0x08, 0xC2, 0x08, 0x61, 0x00, 0x61, 0x00, 0x61, 0x00, 0x61, 0x00, 0x81, 0x00, 0x61, 0x00,
    0x41, 0x00, 0x61, 0x00, 0xC2, 0x08, 0xE2, 0x08, 0xC2, 0x08, 0xA2, 0x08, 0x81, 0x00, 0x61, 0x00,
    0x61, 0x00, 0xE2, 0x08, 0xC2, 0x08, 0x81, 0x00, 0x81, 0x00, 0x81, 0x00, 0xA1, 0x08, 0xE2, 0x08,
    0xE2, 0x08, 0x02, 0x09, 0x03, 0x09, 0x03, 0x09, 0x02, 0x09, 0xE2, 0x08, 0xE2, 0x08, 0xC2, 0x08,
    0xC2, 0x08, 0xC2, 0x08, 0xC2, 0x08, 0xA1, 0x08, 0x61, 0x00, 0x63, 0x19, 0xA2, 0x11, 0x61, 0x11,
    0x21, 0x09, 0x01, 0x09, 0xE1, 0x08, 0xA3, 0x11, 0x04, 0x1A, 0xC4, 0x11, 0x02, 0x09, 0x20, 0x00,
    0x00, 0x00, 0x20, 0x00, 0x61, 0x00, 0xA1, 0x08, 0xA1, 0x08, 0xA2, 0x00, 0xA1, 0x08, 0x81, 0x00,
    0x61, 0x00, 0xE3, 0x10, 0xE3, 0x10, 0x81, 0x00, 0x82, 0x08, 0x61, 0x00, 0x41, 0x00, 0x20, 0x00,
    0x20, 0x00, 0x20, 0x00, 0x20, 0x00, 0x20, 0x00, 0x20, 0x00, 0x20, 0x00, 0x61, 0x00, 0x82, 0x00,
    0x81, 0x00, 0x61, 0x00, 0x61, 0x00, 0x82, 0x00, 0x62, 0x00, 0x61, 0x00, 0x61, 0x00, 0x61, 0x00,
    0x41, 0x00, 0x41, 0x00, 0x61, 0x00, 0x81, 0x00, 0x61, 0x00, 0x41, 0x00, 0x41, 0x00, 0x20, 0x00,
    0x41, 0x00, 0x41, 0x00, 0x41, 0x00, 0x41, 0x00, 0x61, 0x00, 0x61, 0x00, 0x61, 0x00, 0x61, 0x00,
    0x61, 0x00, 0x61, 0x00, 0x61, 0x00, 0x81, 0x00, 0xE2, 0x08, 0x23, 0x11, 0x84, 0x11, 0x84, 0x11,
    0x84, 0x11, 0xA4, 0x11, 0xC5, 0x19, 0xA4, 0x19, 0x22, 0x09, 0xC5, 0x19, 0xE6, 0x21, 0x63, 0x11,
    0xA1, 0x00, 0x61, 0x00, 0x41, 0x00, 0x20, 0x00, 0x20, 0x00, 0x20, 0x00, 0x20, 0x00, 0x20, 0x00,
    0x20, 0x00, 0x40, 0x00, 0x41, 0x00, 0x41, 0x00, 0x41, 0x00, 0x41, 0x00, 0x61, 0x00, 0x61, 0x00,
    0x61, 0x00, 0x61, 0x00, 0x61, 0x00, 0x40, 0x00, 0xC1, 0x08, 0xE4, 0x21, 0x65, 0x2A, 0x44, 0x2A,
    0xE4, 0x21, 0x81, 0x00, 0xE3, 0x08, 0x03, 0x09, 0x61, 0x00, 0x41, 0x00, 0x20, 0x00, 0x20, 0x00,
    0x20, 0x00, 0x20, 0x00, 0x20, 0x00, 0x20, 0x00, 0x20, 0x00, 0x20, 0x00, 0x20, 0x00, 0x41, 0x00,
    0x21, 0x00, 0x21, 0x00, 0x20, 0x00, 0x20, 0x00, 0x40, 0x00, 0x41, 0x00, 0x20, 0x00, 0x41, 0x00,
    0x21, 0x00, 0x20, 0x00, 0x20, 0x00, 0xA2, 0x08, 0x82, 0x08, 0x21, 0x00, 0x41, 0x00, 0x21, 0x00,
    0x81, 0x08, 0xA1, 0x00, 0xA1, 0x08, 0xC1, 0x08, 0xE2, 0x08, 0xE2, 0x08, 0xC2, 0x08, 0xA1, 0x00,
    0xA1, 0x00, 0xA2, 0x08, 0x81, 0x00, 0xE2, 0x08, 0x23, 0x11, 0x22, 0x09, 0x22, 0x09, 0x22, 0x09,
    0x43, 0x11, 0x84, 0x11, 0x84, 0x11, 0x42, 0x09, 0x42, 0x09, 0xE2, 0x08, 0x41, 0x00, 0x81, 0x08,
    0x02, 0x09, 0x02, 0x09, 0xE2, 0x08, 0xE1, 0x08, 0xE1, 0x08, 0xE1, 0x08, 0xE2, 0x08, 0x02, 0x09,
    0xE2, 0x08, 0xC2, 0x08, 0xE2, 0x08, 0x63, 0x11, 0x23, 0x09, 0x81, 0x00, 0xA1, 0x00, 0xA1, 0x00,
    0x40, 0x00, 0xC2, 0x08, 0x64, 0x11, 0x64, 0x11, 0x23, 0x11, 0xE2, 0x08, 0xA3, 0x19, 0xE4, 0x19,
    0xA3, 0x11, 0x83, 0x11, 0x42, 0x11, 0xC1, 0x08, 0x81, 0x00, 0x85, 0x29, 0xC6, 0x31, 0xA1, 0x00,
    0xA1, 0x00, 0xC2, 0x08, 0xA1, 0x08, 0xA1, 0x08, 0x81, 0x00, 0x81, 0x00, 0x81, 0x00, 0x61, 0x00,
    0x61, 0x00, 0x61, 0x00, 0x81, 0x08, 0x61, 0x00, 0x61, 0x00, 0x41, 0x00, 0x41, 0x00, 0x40, 0x00,
    0x61, 0x00, 0x61, 0x00, 0x41, 0x00, 0x61, 0x00, 0x61, 0x00, 0x81, 0x00, 0x81, 0x00, 0x81, 0x00,
    0x61, 0x00, 0x61, 0x00, 0xA2, 0x00, 0xC2, 0x08, 0xC2, 0x08, 0x81, 0x00, 0x61, 0x00, 0x61, 0x00,
    0x61, 0x00, 0xE2, 0x08, 0xC1, 0x08, 0x81, 0x08, 0x81, 0x00, 0xA1, 0x08, 0xA1, 0x00, 0xA1, 0x08,
    0xE2, 0x08, 0x02, 0x09, 0xE2, 0x08, 0xE2, 0x08, 0xE2, 0x08, 0xE2, 0x08, 0xE2, 0x08, 0xE2, 0x08,
    0xE2, 0x08, 0xC2, 0x08, 0xC2, 0x08, 0xA1, 0x08, 0x81, 0x00, 0x80, 0x00, 0x82, 0x19, 0xA2, 0x19,
    0x40, 0x11, 0x21, 0x11, 0x01, 0x09, 0x01, 0x09, 0xC3, 0x19, 0x04, 0x1A, 0xC4, 0x19, 0x23, 0x11,
    0x81, 0x00, 0xE2, 0x08, 0xC1, 0x08, 0xC2, 0x08, 0xC2, 0x08, 0xA2, 0x08, 0xA1, 0x08, 0x81, 0x08,
    0x81, 0x08, 0x81, 0x00, 0x81, 0x00, 0x81, 0x00, 0x81, 0x00, 0x81, 0x08, 0x81, 0x00, 0x41, 0x00,
    0x20, 0x00, 0x21, 0x00, 0x21, 0x00, 0x21, 0x00, 0x20, 0x00, 0x20, 0x00, 0x20, 0x00, 0x61, 0x00,
    0x82, 0x00, 0x81, 0x00, 0x82, 0x00, 0x61, 0x00, 0x61, 0x00, 0x61, 0x00, 0x61, 0x00, 0x61, 0x00,
    0x61, 0x00, 0x41, 0x00, 0x61, 0x00, 0x61, 0x00, 0x41, 0x00, 0x20, 0x00, 0x20, 0x00, 0x20, 0x00,
    0x41, 0x00, 0x61, 0x00, 0x61, 0x00, 0x61, 0x00, 0x61, 0x00, 0x61, 0x00, 0x61, 0x00, 0x61, 0x00,
    0x61, 0x00, 0x61, 0x00, 0x61, 0x00, 0x61, 0x00, 0x41, 0x00, 0x61, 0x00, 0xE2, 0x08, 0xA4, 0x19,
    0x84, 0x11, 0xC5, 0x19, 0xC5, 0x19, 0x06, 0x22, 0xA4, 0x11, 0x63, 0x11, 0x63, 0x11, 0x63, 0x11,
    0xA1, 0x00, 0x61, 0x00, 0x61, 0x00, 0x20, 0x00, 0x20, 0x00, 0x20, 0x00, 0x20, 0x00, 0x20, 0x00,
    0x20, 0x00, 0x20, 0x00, 0x40, 0x00, 0x41, 0x00, 0x41, 0x00, 0x61, 0x00, 0x61, 0x00, 0x41, 0x00,
    0x61, 0x00, 0x61, 0x00, 0x61, 0x00, 0x61, 0x00, 0x61, 0x00, 0xC1, 0x08, 0x04, 0x22, 0x65, 0x2A,
    0x62, 0x11, 0x81, 0x00, 0xC2, 0x08, 0xA2, 0x08, 0x61, 0x00, 0x41, 0x00, 0x20, 0x00, 0x20, 0x00,
    0x61, 0x00, 0x41, 0x00, 0x21, 0x00, 0x21, 0x00, 0x20, 0x00, 0x21, 0x00, 0x20, 0x00, 0x41, 0x00,
    0x41, 0x00, 0x20, 0x00, 0x21, 0x00, 0x41, 0x00, 0x41, 0x00, 0x41, 0x00, 0x41, 0x00, 0x41, 0x00,
    0x41, 0x00, 0x20, 0x00, 0xA2, 0x08, 0x82, 0x08, 0x20, 0x00, 0x21, 0x00, 0x21, 0x00, 0x20, 0x00,
    0x40, 0x00, 0xC1, 0x08, 0x22, 0x09, 0x01, 0x09, 0xE1, 0x08, 0x02, 0x09, 0xC2, 0x08, 0xA2, 0x08,
    0x81, 0x00, 0x81, 0x00, 0x81, 0x00, 0x61, 0x00, 0x81, 0x00, 0xE2, 0x08, 0x02, 0x09, 0x02, 0x09,
    0xE1, 0x08, 0x01, 0x09, 0x22, 0x09, 0x22, 0x09, 0x22, 0x09, 0xE2, 0x08, 0x40, 0x00, 0xC2, 0x08,
    0x02, 0x09, 0xE1, 0x08, 0xE2, 0x08, 0xC2, 0x08, 0xC1, 0x00, 0xC2, 0x08, 0x02, 0x09, 0xE2, 0x08,
    0xC1, 0x08, 0xC1, 0x08, 0xC2, 0x08, 0x43, 0x09, 0x43, 0x09, 0x02, 0x09, 0x23, 0x11, 0x02, 0x09,
    0x43, 0x11, 0xC1, 0x00, 0x43, 0x11, 0x43, 0x11, 0xE2, 0x08, 0x43, 0x11, 0xE4, 0x21, 0x62, 0x11,
    0x43, 0x11, 0xE2, 0x08, 0x60, 0x00, 0x41, 0x00, 0x49, 0x42, 0xCE, 0x73, 0x23, 0x19, 0xC1, 0x08,
    0xE2, 0x08, 0xC1, 0x08, 0xC1, 0x08, 0xC1, 0x08, 0xC1, 0x08, 0xC1, 0x08, 0xA1, 0x08, 0xC1, 0x08,
    0xA1, 0x08, 0xA1, 0x08, 0xE3, 0x10, 0x03, 0x11, 0xC3, 0x10, 0xE2, 0x10, 0x03, 0x11, 0xE3, 0x10,
    0x61, 0x00, 0x40, 0x00, 0x61, 0x00, 0x61, 0x00, 0x82, 0x08, 0x81, 0x00, 0x82, 0x00, 0x82, 0x00,
    0x82, 0x00, 0x61, 0x00, 0xA1, 0x08, 0x02, 0x09, 0xC1, 0x00, 0xA1, 0x00, 0xC2, 0x08, 0x81, 0x00,
    0xC2, 0x08, 0xE2, 0x08, 0xE1, 0x08, 0xE1, 0x08, 0xE1, 0x08, 0x01, 0x09, 0xE1, 0x08, 0xC1, 0x08,
    0xC1, 0x00, 0xC2, 0x08, 0x23, 0x11, 0x23, 0x09, 0x02, 0x09, 0x02, 0x09, 0x02, 0x09, 0xE2, 0x08,
    0xE2, 0x08, 0xE2, 0x08, 0xC2, 0x08, 0xA1, 0x08, 0x81, 0x00, 0x41, 0x00, 0x61, 0x00, 0x82, 0x19,
    0xA2, 0x11, 0x41, 0x09, 0x41, 0x09, 0x21, 0x09, 0x21, 0x09, 0xE4, 0x21, 0x04, 0x1A, 0xE4, 0x19,
    0x83, 0x11, 0xE2, 0x08, 0xC2, 0x08, 0xC1, 0x08, 0xA1, 0x08, 0xA1, 0x08, 0xA1, 0x08, 0xA2, 0x08,
    0xA2, 0x08, 0xA2, 0x08, 0x81, 0x00, 0x81, 0x08, 0x81, 0x00, 0x81, 0x08, 0xA2, 0x08, 0x82, 0x00,
    0x61, 0x00, 0x20, 0x00, 0x20, 0x00, 0x20, 0x00, 0x21, 0x00, 0x21, 0x00, 0x20, 0x00, 0x20, 0x00,
    0x61, 0x00, 0x82, 0x00, 0x81, 0x00, 0x81, 0x00, 0x81, 0x00, 0x81, 0x00, 0x61, 0x00, 0x61, 0x00,
    0x61, 0x00, 0x61, 0x00, 0x41, 0x00, 0x40, 0x00, 0x20, 0x00, 0x20, 0x00, 0x20, 0x00, 0x20, 0x00,
    0x61, 0x00, 0x61, 0x00, 0x61, 0x00, 0x61, 0x00, 0x61, 0x00, 0x61, 0x00, 0x61, 0x00, 0x61, 0x00,
    0x61, 0x00, 0x61, 0x00, 0x61, 0x00, 0x61, 0x00, 0x61, 0x00, 0x61, 0x00, 0x81, 0x00, 0xE2, 0x08,
    0x63, 0x11, 0xA4, 0x11, 0xE5, 0x19, 0xE5, 0x21, 0x84, 0x11, 0xA5, 0x21, 0xE2, 0x08, 0x61, 0x00,
    0x61, 0x00, 0x61, 0x00, 0x81, 0x00, 0x41, 0x00, 0x20, 0x00, 0x20, 0x00, 0x20, 0x00, 0x20, 0x00,
    0x20, 0x00, 0x20, 0x00, 0x40, 0x00, 0x41, 0x00, 0x41, 0x00, 0x61, 0x00, 0x61, 0x00, 0x61, 0x00,
    0x61, 0x00, 0x61, 0x00, 0x61, 0x00, 0x61, 0x00, 0x61, 0x00, 0x40, 0x00, 0xA4, 0x21, 0x65, 0x2A,
    0x02, 0x09, 0xC2, 0x08, 0xA2, 0x08, 0xA2, 0x08, 0x81, 0x00, 0x40, 0x00, 0x41, 0x00, 0x41, 0x00,
    0x61, 0x00, 0x41, 0x00, 0x41, 0x00, 0x41, 0x00, 0x20, 0x00, 0x20, 0x00, 0x20, 0x00, 0x21, 0x00,
    0x41, 0x00, 0x21, 0x00, 0x20, 0x00, 0x41, 0x00, 0x61, 0x00, 0x41, 0x00, 0x41, 0x00, 0x41, 0x00,
    0x41, 0x00, 0x41, 0x00, 0x62, 0x08, 0x20, 0x00, 0x20, 0x00, 0x21, 0x00, 0x21, 0x00, 0x21, 0x00,
    0xA2, 0x08, 0x81, 0x00, 0xE1, 0x08, 0x62, 0x11, 0xC3, 0x21, 0x43, 0x11, 0x81, 0x00, 0x81, 0x00,
    0x61, 0x00, 0x61, 0x00, 0x61, 0x00, 0x61, 0x00, 0x61, 0x00, 0x61, 0x00, 0x81, 0x00, 0xC1, 0x08,
    0xE1, 0x08, 0x01, 0x09, 0x01, 0x09, 0x02, 0x09, 0x22, 0x09, 0xE1, 0x08, 0x61, 0x00, 0x40, 0x00,
    0xE2, 0x08, 0xE1, 0x08, 0xC1, 0x08, 0xE1, 0x08, 0xE2, 0x08, 0x22, 0x11, 0x02, 0x09, 0x22, 0x09,
    0x02, 0x09, 0x02, 0x09, 0x02, 0x09, 0x43, 0x11, 0x63, 0x11, 0x02, 0x09, 0x63, 0x11, 0xA4, 0x11,
    0xA4, 0x11, 0xA4, 0x11, 0x43, 0x11, 0x43, 0x11, 0xE2, 0x08, 0xA3, 0x19, 0x62, 0x11, 0xE2, 0x08,
    0x81, 0x00, 0x81, 0x00, 0x61, 0x00, 0xA6, 0x29, 0xAE, 0x73, 0x0B, 0x5B, 0xE1, 0x08, 0xE1, 0x08,
    0xE1, 0x08, 0xE2, 0x08, 0xC1, 0x08, 0xC1, 0x08, 0xC1, 0x08, 0xC1, 0x08, 0xC1, 0x08, 0xE1, 0x08,
    0xE2, 0x08, 0xE1, 0x08, 0xC1, 0x08, 0xC2, 0x08, 0x81, 0x08, 0x81, 0x08, 0x03, 0x11, 0x27, 0x3A,
    0x44, 0x19, 0x61, 0x00, 0x61, 0x00, 0x61, 0x00, 0x81, 0x08, 0x81, 0x00, 0x81, 0x00, 0xA2, 0x08,
    0xE2, 0x08, 0xE2, 0x08, 0xC2, 0x08, 0x23, 0x11, 0x02, 0x09, 0xE2, 0x08, 0xE2, 0x08, 0x22, 0x09,
    0x42, 0x11, 0x42, 0x11, 0x62, 0x11, 0x82, 0x11, 0x82, 0x11, 0xA2, 0x11, 0xA2, 0x11, 0xA2, 0x11,
    0x62, 0x11, 0xE1, 0x08, 0xC1, 0x00, 0x02, 0x09, 0x43, 0x09, 0x22, 0x09, 0xE2, 0x08, 0xE2, 0x08,
    0xE2, 0x08, 0xC1, 0x08, 0xC1, 0x08, 0xC1, 0x08, 0xA1, 0x08, 0xA1, 0x08, 0x60, 0x00, 0x61, 0x00,
    0x83, 0x19, 0xA2, 0x19, 0x61, 0x11, 0x61, 0x11, 0x21, 0x09, 0x41, 0x09, 0x04, 0x1A, 0x04, 0x22,
    0x04, 0x22, 0xA4, 0x19, 0xE2, 0x08, 0xC1, 0x08, 0xC1, 0x08, 0xA1, 0x08, 0xA1, 0x00, 0xA1, 0x08,
    0xA1, 0x08, 0xA1, 0x08, 0xA1, 0x08, 0xA1, 0x08, 0xA1, 0x08, 0xA1, 0x08, 0xA2, 0x08, 0xA2, 0x00,
    0xA2, 0x08, 0x41, 0x00, 0x20, 0x00, 0x41, 0x00, 0x20, 0x00, 0x20, 0x00, 0x20, 0x00, 0x41, 0x00,
    0x41, 0x00, 0x81, 0x00, 0xA2, 0x08, 0xA2, 0x00, 0xA2, 0x08, 0xA2, 0x08, 0x82, 0x08, 0x82, 0x08,
    0x61, 0x00, 0x61, 0x08, 0x41, 0x00, 0x41, 0x00, 0x41, 0x00, 0x20, 0x00, 0x41, 0x00, 0x41, 0x00,
    0x61, 0x00, 0x81, 0x00, 0x61, 0x00, 0x61, 0x00, 0x61, 0x00, 0x61, 0x00, 0x61, 0x00, 0x61, 0x00,
    0x61, 0x00, 0x61, 0x00, 0x61, 0x00, 0x61, 0x00, 0x61, 0x00, 0x61, 0x00, 0x61, 0x00, 0x61, 0x00,
    0xC1, 0x08, 0x84, 0x19, 0x26, 0x2A, 0xC5, 0x19, 0x23, 0x09, 0x81, 0x00, 0xA1, 0x00, 0x61, 0x00,
    0x61, 0x00, 0x61, 0x00, 0x81, 0x00, 0x81, 0x08, 0x40, 0x00, 0x20, 0x00, 0x20, 0x00, 0x20, 0x00,
    0x20, 0x00, 0x20, 0x00, 0x20, 0x00, 0x41, 0x00, 0x21, 0x00, 0x41, 0x00, 0x61, 0x00, 0x61, 0x00,
    0x61, 0x00, 0x61, 0x00, 0x81, 0x00, 0x81, 0x00, 0x81, 0x00, 0x81, 0x00, 0x81, 0x00, 0x02, 0x11,
    0xE2, 0x08, 0xE2, 0x08, 0x61, 0x00, 0x82, 0x08, 0x81, 0x00, 0x41, 0x00, 0x41, 0x00, 0x61, 0x00,
    0x81, 0x00, 0x61, 0x00, 0x41, 0x00, 0x41, 0x00, 0x20, 0x00, 0x21, 0x00, 0x20, 0x00, 0x20, 0x00,
    0x20, 0x00, 0x20, 0x00, 0x20, 0x00, 0x41, 0x00, 0x61, 0x00, 0x61, 0x00, 0x61, 0x00, 0x41, 0x00,
    0x41, 0x00, 0x61, 0x00, 0x41, 0x00, 0x20, 0x00, 0x20, 0x00, 0x21, 0x00, 0x21, 0x00, 0xA2, 0x08,
    0x85, 0x19, 0xE3, 0x08, 0x60, 0x00, 0x81, 0x00, 0x23, 0x11, 0xA1, 0x00, 0x61, 0x00, 0x61, 0x00,
    0x61, 0x00, 0x61, 0x00, 0x61, 0x00, 0x61, 0x00, 0x61, 0x00, 0x41, 0x00, 0x40, 0x00, 0x40, 0x00,
    0x61, 0x00, 0x81, 0x00, 0xC1, 0x08, 0xE1, 0x08, 0xE1, 0x08, 0xE1, 0x08, 0x81, 0x08, 0x41, 0x00,
    0xC1, 0x08, 0xE1, 0x08, 0x22, 0x09, 0x22, 0x11, 0x43, 0x11, 0x42, 0x09, 0x22, 0x09, 0x42, 0x09,
    0x43, 0x11, 0x22, 0x09, 0x63, 0x11, 0x63, 0x09, 0x63, 0x11, 0xE2, 0x08, 0x23, 0x09, 0x63, 0x11,
    0x63, 0x11, 0x84, 0x11, 0x63, 0x11, 0x64, 0x11, 0x22, 0x09, 0x02, 0x09, 0xA1, 0x00, 0x61, 0x00,
    0xA1, 0x08, 0xA1, 0x00, 0x64, 0x19, 0x8A, 0x4A, 0xAE, 0x73, 0xC5, 0x29, 0xE1, 0x08, 0x02, 0x09,
    0x01, 0x09, 0x02, 0x09, 0x02, 0x09, 0x01, 0x09, 0x02, 0x09, 0x01, 0x09, 0x02, 0x09, 0x02, 0x09,
    0x01, 0x09, 0x02, 0x09, 0x02, 0x09, 0xE2, 0x08, 0x61, 0x00, 0x61, 0x00, 0x41, 0x00, 0xC2, 0x08,
    0xC3, 0x10, 0xC2, 0x08, 0x82, 0x08, 0x81, 0x00, 0xC2, 0x08, 0xC2, 0x08, 0xE2, 0x08, 0x02, 0x09,
    0x22, 0x11, 0x02, 0x09, 0xA1, 0x00, 0xA1, 0x00, 0x43, 0x11, 0x02, 0x11, 0x81, 0x00, 0x62, 0x11,
    0x81, 0x11, 0x81, 0x11, 0x61, 0x11, 0x61, 0x11, 0x82, 0x11, 0x82, 0x11, 0xA2, 0x11, 0xC2, 0x11,
    0x24, 0x22, 0x82, 0x11, 0xE1, 0x08, 0xE2, 0x08, 0x22, 0x11, 0x22, 0x09, 0x02, 0x09, 0xE2, 0x08,
    0xE2, 0x08, 0xE2, 0x08, 0xE1, 0x08, 0xE1, 0x08, 0xC1, 0x08, 0xC1, 0x08, 0xA1, 0x00, 0x21, 0x00,
    0x20, 0x00, 0x43, 0x19, 0xC3, 0x19, 0x61, 0x11, 0x41, 0x11, 0x01, 0x09, 0x62, 0x11, 0x25, 0x22,
    0x25, 0x22, 0x25, 0x22, 0xC4, 0x19, 0x02, 0x09, 0xC2, 0x08, 0xA1, 0x08, 0xA1, 0x08, 0xA1, 0x08,
    0x81, 0x08, 0x81, 0x00, 0xA1, 0x00, 0xA1, 0x08, 0xA1, 0x08, 0xC2, 0x08, 0xC2, 0x08, 0xC2, 0x08,
    0xC2, 0x08, 0x81, 0x00, 0x20, 0x00, 0x20, 0x00, 0x20, 0x00, 0x20, 0x00, 0x41, 0x00, 0x61, 0x00,
    0x61, 0x00, 0x61, 0x00, 0x81, 0x00, 0xE3, 0x08, 0xA2, 0x08, 0xA2, 0x08, 0x81, 0x08, 0x61, 0x00,
    0x41, 0x00, 0x21, 0x00, 0x20, 0x00, 0x41, 0x00, 0x41, 0x00, 0x61, 0x00, 0x61, 0x00, 0x81, 0x00,
    0x61, 0x00, 0x81, 0x00, 0x81, 0x00, 0x81, 0x00, 0x61, 0x00, 0x61, 0x00, 0x81, 0x00, 0x61, 0x00,
    0x61, 0x00, 0x61, 0x00, 0x61, 0x00, 0x61, 0x00, 0x61, 0x00, 0x81, 0x00, 0x61, 0x00, 0x61, 0x00,
    0x61, 0x00, 0xA1, 0x00, 0xA5, 0x19, 0xC5, 0x19, 0x84, 0x19, 0xE2, 0x08, 0x61, 0x00, 0x61, 0x00,
    0x81, 0x08, 0x81, 0x08, 0x61, 0x00, 0x81, 0x00, 0x61, 0x00, 0x40, 0x00, 0x20, 0x00, 0x20, 0x00,
    0x20, 0x00, 0x41, 0x00, 0x21, 0x00, 0x21, 0x00, 0x41, 0x00, 0x41, 0x00, 0xA2, 0x08, 0x81, 0x00,
    0x61, 0x00, 0x81, 0x00, 0x81, 0x00, 0xA1, 0x00, 0xA2, 0x00, 0xC2, 0x08, 0xC2, 0x08, 0x61, 0x00,
    0x81, 0x00, 0x61, 0x00, 0x41, 0x00, 0x41, 0x00, 0x41, 0x00, 0x41, 0x00, 0x41, 0x00, 0x61, 0x00,
    0x82, 0x00, 0x61, 0x00, 0x41, 0x00, 0x41, 0x00, 0x41, 0x00, 0x21, 0x00, 0x20, 0x00, 0x20, 0x00,
    0x20, 0x00, 0x20, 0x00, 0x20, 0x00, 0x41, 0x00, 0x61, 0x00, 0x61, 0x00, 0x61, 0x00, 0x61, 0x00,
    0x61, 0x00, 0x61, 0x00, 0x61, 0x00, 0x20, 0x00, 0x20, 0x00, 0x20, 0x00, 0x20, 0x00, 0x41, 0x00,
    0x81, 0x00, 0x61, 0x00, 0x61, 0x00, 0x61, 0x00, 0x60, 0x00, 0x61, 0x00, 0x81, 0x00, 0x61, 0x00,
    0x61, 0x00, 0x61, 0x00, 0x61, 0x00, 0x61, 0x00, 0x41, 0x00, 0x41, 0x00, 0x41, 0x00, 0x41, 0x00,
    0x41, 0x00, 0x41, 0x00, 0x61, 0x00, 0x60, 0x00, 0x61, 0x00, 0x61, 0x00, 0x40, 0x00, 0x61, 0x00,
    0x84, 0x11, 0x63, 0x11, 0x83, 0x11, 0x42, 0x09, 0x63, 0x09, 0x63, 0x11, 0x43, 0x11, 0x43, 0x09,
    0x84, 0x11, 0x22, 0x09, 0xC5, 0x19, 0x84, 0x11, 0x02, 0x09, 0xE2, 0x08, 0x23, 0x09, 0x43, 0x09,
    0x43, 0x09, 0x43, 0x11, 0x43, 0x11, 0x23, 0x09, 0x64, 0x19, 0x81, 0x00, 0x41, 0x00, 0x81, 0x00,
    0x81, 0x00, 0x23, 0x11, 0xC6, 0x29, 0x2D, 0x63, 0x89, 0x4A, 0x42, 0x11, 0x22, 0x09, 0x02, 0x09,
    0x22, 0x09, 0x02, 0x09, 0x02, 0x09, 0x01, 0x09, 0x02, 0x09, 0x01, 0x09, 0x01, 0x09, 0x01, 0x09,
    0x42, 0x09, 0x22, 0x11, 0xC1, 0x08, 0x61, 0x00, 0x41, 0x00, 0x41, 0x00, 0x41, 0x00, 0x20, 0x00,
    0x21, 0x00, 0x81, 0x00, 0x64, 0x11, 0x63, 0x11, 0x63, 0x11, 0x63, 0x11, 0x43, 0x11, 0x43, 0x09,
    0x23, 0x09, 0x43, 0x11, 0xC1, 0x08, 0xC1, 0x08, 0xC4, 0x21, 0xC1, 0x08, 0xA1, 0x08, 0x62, 0x11,
    0xC2, 0x19, 0x81, 0x11, 0x61, 0x11, 0x61, 0x11, 0x61, 0x11, 0x61, 0x11, 0x82, 0x11, 0xA2, 0x11,
    0xE2, 0x19, 0x23, 0x22, 0x01, 0x09, 0xA1, 0x08, 0xC1, 0x08, 0x02, 0x09, 0x02, 0x09, 0x02, 0x09,
    0xE2, 0x08, 0xE2, 0x08, 0xE2, 0x08, 0xE2, 0x08, 0xE2, 0x08, 0x02, 0x09, 0xA1, 0x08, 0x20, 0x00,
    0x20, 0x00, 0x20, 0x00, 0x23, 0x11, 0xC3, 0x21, 0x62, 0x11, 0x21, 0x09, 0x01, 0x09, 0xA3, 0x19,
    0x45, 0x2A, 0x45, 0x22, 0x45, 0x2A, 0x63, 0x11, 0xC1, 0x08, 0xC1, 0x08, 0xC1, 0x08, 0xC1, 0x08,
    0xA1, 0x08, 0xA1, 0x08, 0xA1, 0x00, 0x81, 0x00, 0xA1, 0x08, 0xC1, 0x08, 0xC1, 0x08, 0xE2, 0x08,
    0xE2, 0x08, 0xC2, 0x08, 0x61, 0x00, 0x21, 0x00, 0x21, 0x00, 0x21, 0x00, 0x61, 0x00, 0x61, 0x00,
    0x61, 0x00, 0x81, 0x00, 0x81, 0x00, 0xA1, 0x00, 0xA2, 0x08, 0x81, 0x00, 0x61, 0x00, 0x41, 0x00,
    0x41, 0x00, 0x20, 0x00, 0x20, 0x00, 0x20, 0x00, 0x41, 0x00, 0xA2, 0x08, 0x81, 0x00, 0xA2, 0x08,
    0x61, 0x00, 0x61, 0x00, 0x82, 0x08, 0x82, 0x08, 0x82, 0x08, 0x81, 0x00, 0x81, 0x00, 0x81, 0x00,
    0x81, 0x00, 0x81, 0x00, 0x61, 0x00, 0x81, 0x00, 0x81, 0x00, 0x81, 0x00, 0x81, 0x08, 0x81, 0x00,
    0x81, 0x00, 0x81, 0x00, 0xA1, 0x00, 0xE2, 0x08, 0x63, 0x11, 0x84, 0x11, 0x81, 0x00, 0x81, 0x08,
    0xA2, 0x08, 0x61, 0x00, 0x40, 0x00, 0x61, 0x00, 0x40, 0x00, 0x41, 0x00, 0x20, 0x00, 0x20, 0x00,
    0x20, 0x00, 0x41, 0x00, 0x21, 0x00, 0x41, 0x00, 0x61, 0x00, 0x61, 0x00, 0x82, 0x08, 0x81, 0x00,
    0x81, 0x00, 0x81, 0x00, 0xA1, 0x08, 0xC2, 0x08, 0xC2, 0x08, 0xC2, 0x08, 0xE2, 0x08, 0xA2, 0x08,
    0x41, 0x00, 0x41, 0x00, 0x61, 0x00, 0x61, 0x00, 0x41, 0x00, 0x41, 0x00, 0x61, 0x00, 0x61, 0x00,
    0x82, 0x00, 0x82, 0x08, 0x61, 0x00, 0x41, 0x00, 0x41, 0x00, 0x41, 0x00, 0x41, 0x00, 0x21, 0x00,
    0x20, 0x00, 0x20, 0x00, 0x20, 0x00, 0x41, 0x00, 0x61, 0x00, 0x61, 0x00, 0x61, 0x00, 0x61, 0x00,
    0x61, 0x00, 0x61, 0x00, 0x61, 0x00, 0x21, 0x00, 0x20, 0x00, 0x20, 0x00, 0x20, 0x00, 0x20, 0x00,
    0x20, 0x00, 0x20, 0x00, 0x41, 0x00, 0x41, 0x00, 0x41, 0x00, 0x41, 0x00, 0x61, 0x00, 0x41, 0x00,
    0x41, 0x00, 0x41, 0x00, 0x41, 0x00, 0x41, 0x00, 0x41, 0x00, 0x41, 0x00, 0x41, 0x00, 0x41, 0x00,
    0x40, 0x00, 0x41, 0x00, 0x61, 0x00, 0x81, 0x00, 0x81, 0x00, 0x40, 0x00, 0x40, 0x00, 0x61, 0x00,
    0xC4, 0x19, 0x83, 0x11, 0x83, 0x11, 0x63, 0x11, 0x83, 0x11, 0x63, 0x11, 0x84, 0x11, 0x43, 0x11,
    0x05, 0x1A, 0x84, 0x11, 0xE5, 0x19, 0x43, 0x11, 0xC2, 0x08, 0x03, 0x09, 0x23, 0x09, 0x64, 0x11,
    0x63, 0x11, 0x63, 0x11, 0x23, 0x09, 0xE2, 0x08, 0xE2, 0x08, 0xA2, 0x08, 0x41, 0x00, 0x61, 0x00,
    0x43, 0x19, 0x85, 0x19, 0xE7, 0x31, 0xCA, 0x52, 0x22, 0x11, 0x01, 0x09, 0x02, 0x09, 0x02, 0x09,
    0x22, 0x09, 0x22, 0x09, 0x22, 0x09, 0x22, 0x09, 0x22, 0x09, 0x22, 0x09, 0x42, 0x09, 0x63, 0x11,
    0x43, 0x11, 0x81, 0x00, 0x41, 0x00, 0x61, 0x00, 0x61, 0x08, 0x61, 0x00, 0x41, 0x00, 0x41, 0x00,
    0x61, 0x00, 0x02, 0x09, 0x63, 0x11, 0x22, 0x09, 0x22, 0x09, 0x63, 0x09, 0x63, 0x11, 0x43, 0x11,
    0x43, 0x09, 0x43, 0x11, 0xA1, 0x00, 0xC5, 0x29, 0x67, 0x3A, 0x81, 0x00, 0xE1, 0x08, 0xA2, 0x11,
    0xE2, 0x19, 0xC2, 0x19, 0x61, 0x11, 0x61, 0x11, 0x81, 0x11, 0x81, 0x11, 0x81, 0x11, 0x81, 0x11,
    0xA2, 0x11, 0x23, 0x22, 0x82, 0x19, 0xC1, 0x00, 0xE2, 0x08, 0xC1, 0x08, 0xE1, 0x08, 0x22, 0x11,
    0x02, 0x09, 0x02, 0x09, 0x02, 0x09, 0xE1, 0x08, 0x02, 0x09, 0x02, 0x09, 0xA1, 0x00, 0x40, 0x00,
    0x41, 0x00, 0x41, 0x00, 0x20, 0x00, 0xC1, 0x08, 0xC4, 0x21, 0x61, 0x09, 0x21, 0x09, 0x21, 0x09,
    0xE4, 0x21, 0x66, 0x2A, 0xA7, 0x32, 0xE5, 0x21, 0xA1, 0x00, 0xE2, 0x08, 0xC1, 0x00, 0xC1, 0x00,
    0xC1, 0x08, 0xA1, 0x08, 0xA1, 0x08, 0xA1, 0x08, 0xA1, 0x08, 0x81, 0x00, 0xC1, 0x08, 0xC1, 0x08,
    0xA1, 0x08, 0xA1, 0x00, 0xA1, 0x08, 0x41, 0x00, 0x00, 0x00, 0x41, 0x00, 0x81, 0x08, 0x81, 0x00,
    0x81, 0x00, 0x81, 0x00, 0x81, 0x00, 0x61, 0x00, 0x61, 0x00, 0x81, 0x00, 0x61, 0x00, 0x82, 0x08,
    0x61, 0x00, 0x20, 0x00, 0x20, 0x00, 0x20, 0x00, 0x81, 0x08, 0x81, 0x00, 0xA2, 0x08, 0x81, 0x00,
    0x81, 0x00, 0xA1, 0x00, 0x61, 0x00, 0x81, 0x00, 0xA2, 0x08, 0x81, 0x00, 0x81, 0x00, 0x81, 0x08,
    0x81, 0x00, 0x81, 0x00, 0x81, 0x00, 0x81, 0x00, 0x81, 0x00, 0x81, 0x00, 0x81, 0x00, 0x81, 0x00,
    0x81, 0x00, 0x81, 0x00, 0x81, 0x00, 0x61, 0x00, 0xC1, 0x08, 0x02, 0x09, 0x61, 0x00, 0x41, 0x00,
    0x20, 0x00, 0x41, 0x00, 0x41, 0x00, 0x41, 0x00, 0x41, 0x00, 0x20, 0x00, 0x21, 0x00, 0x41, 0x00,
    0x41, 0x00, 0x20, 0x00, 0x41, 0x00, 0x20, 0x00, 0x41, 0x00, 0x41, 0x00, 0x61, 0x00, 0x81, 0x00,
    0xA2, 0x08, 0xA1, 0x08, 0xA1, 0x08, 0xC2, 0x08, 0xC2, 0x08, 0xC2, 0x08, 0xE2, 0x08, 0xC2, 0x08,
    0x61, 0x00, 0x61, 0x00, 0x61, 0x00, 0x61, 0x00, 0x61, 0x00, 0x61, 0x00, 0x61, 0x00, 0x61, 0x00,
    0x82, 0x00, 0xA2, 0x00, 0x82, 0x00, 0x61, 0x00, 0x41, 0x00, 0x41, 0x00, 0x21, 0x00, 0x41, 0x00,
    0x20, 0x00, 0x20, 0x00, 0x20, 0x00, 0x61, 0x00, 0x61, 0x00, 0x61, 0x00, 0x61, 0x00, 0x61, 0x00,
    0x61, 0x00, 0x61, 0x00, 0x61, 0x00, 0x41, 0x00, 0x20, 0x00, 0x20, 0x00, 0x20, 0x00, 0x20, 0x00,
    0x20, 0x00, 0x21, 0x00, 0x21, 0x00, 0x41, 0x00, 0x41, 0x00, 0x21, 0x00, 0x20, 0x00, 0x20, 0x00,
    0x41, 0x00, 0x41, 0x00, 0x41, 0x00, 0x41, 0x00, 0x41, 0x00, 0x61, 0x00, 0x61, 0x00, 0x61, 0x00,
    0x61, 0x00, 0x61, 0x00, 0x81, 0x00, 0xC2, 0x08, 0xC1, 0x08, 0xE1, 0x08, 0xC1, 0x08, 0xA1, 0x08,
    0x83, 0x11, 0xC4, 0x19, 0xC4, 0x11, 0xC4, 0x11, 0xC4, 0x19, 0x83, 0x11, 0x05, 0x1A, 0x63, 0x11,
    0x06, 0x22, 0xC5, 0x19, 0x84, 0x11, 0xE2, 0x00, 0x02, 0x09, 0x43, 0x11, 0x43, 0x11, 0x43, 0x09,
    0x63, 0x11, 0x63, 0x11, 0x43, 0x09, 0x23, 0x09, 0x02, 0x09, 0xC2, 0x08, 0x61, 0x00, 0x61, 0x00,
    0xC5, 0x21, 0x63, 0x11, 0x89, 0x4A, 0x07, 0x3A, 0xE1, 0x08, 0x02, 0x09, 0x02, 0x09, 0x02, 0x09,
    0x22, 0x09, 0x22, 0x11, 0x42, 0x11, 0x42, 0x11, 0x42, 0x11, 0x62, 0x11, 0x22, 0x09, 0x02, 0x09,
    0x60, 0x00, 0x41, 0x00, 0x61, 0x00, 0x61, 0x00, 0x41, 0x00, 0x41, 0x00, 0x41, 0x00, 0x61, 0x00,
    0xE2, 0x08, 0x42, 0x09, 0x63, 0x11, 0xC5, 0x11, 0xC5, 0x19, 0x84, 0x11, 0x83, 0x11, 0x43, 0x11,
    0x42, 0x11, 0x02, 0x09, 0xE2, 0x08, 0xAA, 0x4A, 0x84, 0x21, 0x80, 0x00, 0x21, 0x09, 0xE3, 0x19,
    0xE2, 0x19, 0xC2, 0x11, 0x82, 0x11, 0x61, 0x11, 0x61, 0x11, 0x61, 0x11, 0x82, 0x11, 0xA2, 0x11,
    0xA2, 0x11, 0x02, 0x1A, 0x03, 0x22, 0xE1, 0x00, 0xE2, 0x08, 0x02, 0x09, 0xE1, 0x08, 0xE1, 0x08,
    0x02, 0x09, 0x02, 0x09, 0x02, 0x09, 0x02, 0x09, 0x22, 0x09, 0x43, 0x11, 0xC1, 0x08, 0x41, 0x00,
    0x41, 0x00, 0x41, 0x00, 0x41, 0x00, 0x40, 0x00, 0xC1, 0x08, 0x82, 0x19, 0x62, 0x11, 0x21, 0x09,
    0x21, 0x09, 0x46, 0x2A, 0xA7, 0x32, 0x05, 0x22, 0x81, 0x00, 0x61, 0x00, 0x02, 0x09, 0x02, 0x09,
    0xE2, 0x08, 0xA1, 0x00, 0xA1, 0x08, 0xA1, 0x08, 0xA1, 0x08, 0xC1, 0x08, 0xE2, 0x08, 0xA1, 0x08,
    0x81, 0x00, 0xA1, 0x00, 0xC1, 0x08, 0xA1, 0x08, 0x20, 0x00, 0x41, 0x00, 0x81, 0x08, 0xA1, 0x00,
    0x81, 0x00, 0x81, 0x00, 0x61, 0x00, 0x61, 0x00, 0x61, 0x00, 0x61, 0x00, 0x81, 0x00, 0xC2, 0x08,
    0x61, 0x00, 0x20, 0x00, 0x61, 0x00, 0x81, 0x08, 0xA2, 0x08, 0xC2, 0x08, 0xA1, 0x08, 0xA2, 0x08,
    0xC2, 0x08, 0x81, 0x00, 0x81, 0x00, 0x81, 0x08, 0x81, 0x00, 0xA1, 0x08, 0xA1, 0x08, 0x81, 0x00,
    0xA2, 0x08, 0x81, 0x00, 0xA1, 0x08, 0xA1, 0x08, 0x81, 0x00, 0xA1, 0x08, 0xA2, 0x08, 0x81, 0x00,
    0xA1, 0x00, 0xC2, 0x08, 0xA1, 0x00, 0xA2, 0x08, 0x81, 0x00, 0x41, 0x00, 0x20, 0x00, 0x20, 0x00,
    0x20, 0x00, 0x20, 0x00, 0x20, 0x00, 0x21, 0x00, 0x20, 0x00, 0x20, 0x00, 0x41, 0x00, 0x41, 0x00,
    0x61, 0x00, 0x41, 0x00, 0x20, 0x00, 0x20, 0x00, 0x20, 0x00, 0x41, 0x00, 0x41, 0x00, 0x61, 0x00,
    0xC2, 0x08, 0xC2, 0x08, 0xC1, 0x08, 0xC2, 0x08, 0xC2, 0x08, 0xC2, 0x08, 0x02, 0x09, 0xC2, 0x08,
    0x81, 0x00, 0x82, 0x00, 0x61, 0x00, 0x61, 0x00, 0x61, 0x00, 0x61, 0x00, 0x61, 0x00, 0x41, 0x00,
    0x82, 0x00, 0xC2, 0x08, 0xC3, 0x08, 0x82, 0x00, 0x61, 0x00, 0x41, 0x00, 0x21, 0x00, 0x41, 0x00,
    0x41, 0x00, 0x20, 0x00, 0x20, 0x00, 0x61, 0x00, 0x61, 0x00, 0x61, 0x00, 0x61, 0x00, 0x81, 0x00,
    0x61, 0x00, 0x61, 0x00, 0x61, 0x00, 0x41, 0x00, 0x20, 0x00, 0x20, 0x00, 0x20, 0x00, 0x20, 0x00,
    0x20, 0x00, 0x21, 0x00, 0x21, 0x00, 0x20, 0x00, 0x20, 0x00, 0x20, 0x00, 0x20, 0x00, 0x41, 0x00,
    0x61, 0x00, 0x61, 0x00, 0x41, 0x00, 0x81, 0x00, 0xE2, 0x08, 0xC1, 0x08, 0xC1, 0x08, 0xE2, 0x08,
    0xC1, 0x08, 0xA1, 0x08, 0xC1, 0x08, 0xE1, 0x08, 0x42, 0x11, 0x82, 0x11, 0x62, 0x11, 0x22, 0x09,
    0x02, 0x09, 0x23, 0x09, 0xC4, 0x19, 0xA4, 0x11, 0xA4, 0x19, 0x63, 0x11, 0xC5, 0x19, 0x43, 0x09,
    0x23, 0x11, 0xE2, 0x08, 0xC1, 0x08, 0x02, 0x09, 0x43, 0x11, 0x23, 0x09, 0x22, 0x09, 0x22, 0x09,
    0x22, 0x09, 0x22, 0x09, 0x22, 0x09, 0x02, 0x09, 0xE2, 0x08, 0xE2, 0x08, 0xA2, 0x08, 0x23, 0x11,
    0xA4, 0x19, 0xC1, 0x00, 0x47, 0x32, 0xA4, 0x21, 0x02, 0x09, 0x22, 0x09, 0x02, 0x09, 0x22, 0x09,
    0x42, 0x11, 0x62, 0x11, 0x42, 0x11, 0x62, 0x11, 0xA4, 0x19, 0xC1, 0x08, 0x81, 0x00, 0x40, 0x00,
    0x82, 0x08, 0xA2, 0x08, 0x61, 0x00, 0x61, 0x00, 0x61, 0x00, 0xA2, 0x00, 0xC2, 0x08, 0xC1, 0x08,
    0x63, 0x11, 0xA4, 0x19, 0x84, 0x11, 0x63, 0x11, 0x63, 0x11, 0x63, 0x11, 0x63, 0x11, 0x42, 0x11,
    0x42, 0x09, 0xC1, 0x08, 0x23, 0x19, 0x84, 0x21, 0x81, 0x00, 0xA1, 0x08, 0x42, 0x11, 0x03, 0x1A,
    0xC2, 0x11, 0x03, 0x1A, 0xC2, 0x19, 0x81, 0x11, 0x61, 0x11, 0x62, 0x11, 0x82, 0x11, 0xA2, 0x11,
    0xA2, 0x11, 0xC2, 0x19, 0x23, 0x22, 0x22, 0x09, 0xC2, 0x08, 0x02, 0x09, 0xE1, 0x08, 0x02, 0x09,
    0x01, 0x09, 0x01, 0x09, 0x02, 0x09, 0x02, 0x09, 0x42, 0x09, 0x63, 0x11, 0xC2, 0x08, 0x41, 0x00,
    0x41, 0x00, 0x41, 0x00, 0x41, 0x00, 0x41, 0x00, 0x21, 0x00, 0x81, 0x00, 0x42, 0x11, 0x82, 0x19,
    0x41, 0x09, 0x62, 0x11, 0x87, 0x3A, 0x46, 0x2A, 0xA1, 0x08, 0x40, 0x00, 0xA2, 0x08, 0xA1, 0x00,
    0xC1, 0x08, 0x02, 0x09, 0xE2, 0x08, 0xA1, 0x08, 0x81, 0x00, 0x42, 0x19, 0x83, 0x29, 0x81, 0x00,
    0x81, 0x00, 0xC1, 0x08, 0xC1, 0x08, 0xE1, 0x08, 0x40, 0x00, 0x40, 0x00, 0xC2, 0x08, 0xC2, 0x08,
    0xA1, 0x00, 0x81, 0x00, 0x81, 0x00, 0x81, 0x00, 0x81, 0x00, 0x81, 0x00, 0x61, 0x00, 0xA2, 0x08,
    0xA2, 0x08, 0x61, 0x00, 0x61, 0x00, 0xA2, 0x08, 0xC2, 0x08, 0xE2, 0x08, 0xE2, 0x08, 0xC2, 0x08,
    0xA1, 0x00, 0xC2, 0x08, 0xC2, 0x08, 0xA2, 0x08, 0xA1, 0x00, 0xA2, 0x08, 0xA1, 0x08, 0x61, 0x00,
    0xA2, 0x08, 0xC2, 0x08, 0x81, 0x00, 0xA2, 0x08, 0xC2, 0x08, 0xA1, 0x00, 0xA1, 0x08, 0xA2, 0x08,
    0xA1, 0x00, 0xC2, 0x08, 0xA2, 0x00, 0x61, 0x00, 0x21, 0x00, 0x20, 0x00, 0x21, 0x00, 0x21, 0x00,
    0x20, 0x00, 0x20, 0x00, 0x20, 0x00, 0x20, 0x00, 0x20, 0x00, 0x21, 0x00, 0x20, 0x00, 0x41, 0x00,
    0x61, 0x00, 0x41, 0x00, 0x40, 0x00, 0x40, 0x00, 0x41, 0x00, 0x41, 0x00, 0x41, 0x00, 0x61, 0x00,
    0xA1, 0x08, 0xC2, 0x08, 0xC2, 0x08, 0xC2, 0x08, 0xC2, 0x08, 0xE2, 0x08, 0x02, 0x09, 0xE2, 0x08,
    0xA2, 0x08, 0xC2, 0x08, 0x81, 0x00, 0x61, 0x00, 0x81, 0x00, 0x81, 0x08, 0x61, 0x00, 0x61, 0x00,
    0xC2, 0x08, 0xE3, 0x08, 0xE3, 0x08, 0xC2, 0x08, 0x61, 0x00, 0x61, 0x00, 0x41, 0x00, 0x20, 0x00,
    0x21, 0x00, 0x20, 0x00, 0x20, 0x00, 0x61, 0x00, 0x61, 0x00, 0x61, 0x00, 0x81, 0x00, 0x61, 0x00,
    0x61, 0x00, 0x81, 0x00, 0x81, 0x00, 0x41, 0x00, 0x41, 0x00, 0x21, 0x00, 0x20, 0x00, 0x20, 0x00,
    0x20, 0x00, 0x21, 0x00, 0x20, 0x00, 0x20, 0x00, 0x20, 0x00, 0x20, 0x00, 0x21, 0x00, 0x41, 0x00,
    0x61, 0x00, 0x61, 0x00, 0x81, 0x00, 0xE2, 0x08, 0xE2, 0x08, 0xC1, 0x08, 0x83, 0x11, 0xA4, 0x11,
    0x63, 0x11, 0x02, 0x09, 0x02, 0x09, 0x02, 0x09, 0x42, 0x09, 0x42, 0x11, 0x62, 0x11, 0x41, 0x11,
    0x61, 0x00, 0x60, 0x00, 0x81, 0x00, 0x81, 0x00, 0xA1, 0x00, 0xA1, 0x00, 0xC1, 0x08, 0xA1, 0x08,
    0x81, 0x00, 0xA1, 0x08, 0x43, 0x11, 0x84, 0x11, 0x63, 0x11, 0x63, 0x11, 0x43, 0x09, 0x63, 0x11,
    0x63, 0x11, 0x22, 0x09, 0x22, 0x09, 0x02, 0x09, 0xE2, 0x08, 0xC2, 0x08, 0xA1, 0x00, 0x26, 0x32,
    0xC4, 0x21, 0x01, 0x09, 0x84, 0x21, 0x81, 0x00, 0xC1, 0x08, 0xC1, 0x08, 0xE2, 0x08, 0xE1, 0x08,
    0x02, 0x09, 0x22, 0x09, 0xE1, 0x08, 0x02, 0x09, 0xA1, 0x00, 0x61, 0x00, 0x41, 0x00, 0x41, 0x00,
    0x81, 0x08, 0x81, 0x00, 0xA2, 0x08, 0xC2, 0x08, 0xE2, 0x08, 0x23, 0x11, 0xE2, 0x08, 0xE2, 0x08,
    0x43, 0x11, 0x43, 0x09, 0x83, 0x11, 0xC4, 0x19, 0xC4, 0x11, 0xA4, 0x11, 0x42, 0x09, 0x42, 0x11,
    0x22, 0x09, 0xE1, 0x08, 0xC1, 0x08, 0xC1, 0x00, 0xE1, 0x08, 0xE1, 0x08, 0x82, 0x11, 0x03, 0x1A,
    0xE2, 0x19, 0x03, 0x1A, 0xE2, 0x19, 0xC1, 0x11, 0x61, 0x09, 0x61, 0x11, 0x81, 0x11, 0xA1, 0x11,
    0xC2, 0x19, 0x02, 0x22, 0x64, 0x32, 0x22, 0x11, 0xC1, 0x00, 0x02, 0x09, 0x02, 0x09, 0x22, 0x09,
    0xE1, 0x08, 0xE1, 0x08, 0x02, 0x09, 0x22, 0x09, 0x42, 0x09, 0xA4, 0x11, 0xE2, 0x08, 0x20, 0x00,
    0x61, 0x00, 0x41, 0x00, 0x41, 0x00, 0x41, 0x00, 0x41, 0x00, 0x41, 0x00, 0x60, 0x00, 0x81, 0x08,
    0xE2, 0x10, 0x42, 0x11, 0xE4, 0x21, 0x87, 0x32, 0xC1, 0x08, 0x41, 0x00, 0x41, 0x00, 0x61, 0x00,
    0xC2, 0x08, 0x02, 0x09, 0xC1, 0x00, 0x02, 0x09, 0x22, 0x11, 0xC3, 0x31, 0xC3, 0x31, 0xC1, 0x08,
    0xA1, 0x08, 0xE1, 0x08, 0x01, 0x09, 0x22, 0x09, 0x40, 0x00, 0x81, 0x08, 0x02, 0x09, 0xE2, 0x08,
    0xC2, 0x08, 0xA1, 0x08, 0xA1, 0x08, 0xA1, 0x00, 0x81, 0x00, 0x61, 0x00, 0x61, 0x00, 0xA2, 0x00,
    0xA2, 0x08, 0x81, 0x00, 0x61, 0x00, 0x61, 0x00, 0x61, 0x00, 0xC2, 0x08, 0xE2, 0x08, 0xE2, 0x08,
    0x23, 0x11, 0x23, 0x09, 0xC2, 0x00, 0xE2, 0x08, 0xE2, 0x08, 0xA1, 0x08, 0xA1, 0x00, 0xC2, 0x08,
    0xC2, 0x08, 0xA2, 0x08, 0x81, 0x00, 0x81, 0x00, 0xA1, 0x00, 0xC2, 0x08, 0xA1, 0x00, 0xA1, 0x08,
    0xA1, 0x08, 0x40, 0x00, 0x20, 0x00, 0x20, 0x00, 0x41, 0x00, 0x20, 0x00, 0x21, 0x00, 0x20, 0x00,
    0x20, 0x00, 0x20, 0x00, 0x20, 0x00, 0x20, 0x00, 0x21, 0x00, 0x41, 0x00, 0x40, 0x00, 0x20, 0x00,
    0x21, 0x00, 0x21, 0x00, 0x41, 0x00, 0x21, 0x00, 0x41, 0x00, 0x41, 0x00, 0x40, 0x00, 0x61, 0x00,
    0x61, 0x00, 0x81, 0x00, 0xC2, 0x08, 0xC2, 0x08, 0xE2, 0x08, 0xE2, 0x08, 0x02, 0x09, 0xE2, 0x08,
    0xE2, 0x08, 0xC2, 0x08, 0xA2, 0x08, 0x61, 0x00, 0x81, 0x00, 0x81, 0x00, 0x61, 0x00, 0x41, 0x00,
    0xA2, 0x08, 0xE3, 0x08, 0xE3, 0x08, 0xE3, 0x08, 0x82, 0x00, 0x61, 0x00, 0x41, 0x00, 0x20, 0x00,
    0x20, 0x00, 0x21, 0x00, 0x20, 0x00, 0x61, 0x00, 0x61, 0x00, 0x61, 0x00, 0x81, 0x00, 0x61, 0x00,
    0x61, 0x00, 0x61, 0x00, 0x61, 0x00, 0x41, 0x00, 0x61, 0x00, 0x41, 0x00, 0x20, 0x00, 0x41, 0x00,
    0x41, 0x00, 0x20, 0x00, 0x20, 0x00, 0x20, 0x00, 0x20, 0x00, 0x21, 0x00, 0x41, 0x00, 0x41, 0x00,
    0x81, 0x00, 0xC1, 0x08, 0xE1, 0x08, 0xC1, 0x08, 0xC1, 0x00, 0xC1, 0x08, 0x43, 0x11, 0x83, 0x11,
    0x63, 0x11, 0x23, 0x09, 0x02, 0x09, 0x22, 0x09, 0x02, 0x09, 0x22, 0x09, 0x62, 0x11, 0x62, 0x11,
    0x81, 0x00, 0xE2, 0x10, 0x63, 0x21, 0xC5, 0x29, 0xE2, 0x10, 0xA1, 0x08, 0xC2, 0x10, 0x23, 0x19,
    0x64, 0x21, 0x43, 0x11, 0xC5, 0x19, 0xA4, 0x19, 0xC5, 0x19, 0x43, 0x11, 0x02, 0x09, 0x63, 0x11,
    0x63, 0x11, 0x01, 0x09, 0x21, 0x09, 0x21, 0x09, 0x02, 0x09, 0xA1, 0x00, 0x02, 0x11, 0x2A, 0x5B,
    0x63, 0x19, 0xA4, 0x21, 0xE2, 0x10, 0x21, 0x00, 0x21, 0x00, 0x21, 0x00, 0x41, 0x00, 0x20, 0x00,
    0x41, 0x00, 0x20, 0x00, 0x61, 0x00, 0x81, 0x00, 0x60, 0x00, 0x41, 0x00, 0x41, 0x00, 0x61, 0x00,
    0x82, 0x00, 0xA2, 0x00, 0xE2, 0x08, 0xA2, 0x08, 0x81, 0x00, 0x61, 0x00, 0x81, 0x00, 0xE2, 0x08,
    0x22, 0x09, 0xC4, 0x11, 0xC4, 0x19, 0x83, 0x11, 0x83, 0x11, 0x63, 0x11, 0x42, 0x11, 0x22, 0x11,
    0xE1, 0x08, 0x01, 0x09, 0x01, 0x09, 0x21, 0x09, 0x42, 0x11, 0x22, 0x09, 0xA3, 0x11, 0x24, 0x1A,
    0x03, 0x1A, 0x03, 0x1A, 0x02, 0x1A, 0xE2, 0x19, 0x81, 0x11, 0x61, 0x09, 0x61, 0x11, 0x81, 0x11,
    0x81, 0x11, 0xE2, 0x19, 0x03, 0x2A, 0xE1, 0x08, 0xE2, 0x08, 0xE2, 0x08, 0x22, 0x09, 0x22, 0x09,
    0xE1, 0x08, 0xE1, 0x08, 0xE1, 0x08, 0xE2, 0x08, 0x42, 0x11, 0x84, 0x19, 0xA1, 0x08, 0x41, 0x00,
    0x41, 0x00, 0x41, 0x00, 0x41, 0x00, 0x41, 0x00, 0x41, 0x00, 0x41, 0x00, 0x41, 0x00, 0x20, 0x00,
    0x00, 0x00, 0xC1, 0x08, 0xC3, 0x19, 0xE5, 0x21, 0xA1, 0x00, 0x41, 0x00, 0x61, 0x00, 0x61, 0x00,
    0x61, 0x00, 0x41, 0x00, 0xC2, 0x08, 0xC2, 0x08, 0x01, 0x11, 0x25, 0x42, 0x46, 0x42, 0xA1, 0x08,
    0xC1, 0x08, 0x01, 0x09, 0x21, 0x11, 0x42, 0x11, 0x40, 0x00, 0xE2, 0x08, 0x43, 0x09, 0x02, 0x09,
    0xC1, 0x08, 0xC2, 0x08, 0xA1, 0x00, 0x81, 0x00, 0xA1, 0x08, 0x81, 0x00, 0x61, 0x00, 0xA2, 0x08,
    0xA2, 0x08, 0x61, 0x00, 0x61, 0x00, 0xA2, 0x08, 0x81, 0x00, 0x81, 0x00, 0xC2, 0x08, 0xC1, 0x08,
    0x02, 0x09, 0x42, 0x11, 0x02, 0x09, 0xE2, 0x08, 0xC2, 0x08, 0x02, 0x09, 0x02, 0x09, 0xE2, 0x08,
    0xA1, 0x00, 0xA1, 0x00, 0xC2, 0x08, 0xC2, 0x08, 0xC2, 0x08, 0xC2, 0x08, 0xC2, 0x08, 0xA1, 0x08,
    0xC2, 0x08, 0x81, 0x00, 0x40, 0x00, 0x41, 0x00, 0x81, 0x08, 0x20, 0x00, 0x21, 0x00, 0x20, 0x00,
    0x20, 0x00, 0x20, 0x00, 0x20, 0x00, 0x20, 0x00, 0x20, 0x00, 0x21, 0x00, 0x21, 0x00, 0x21, 0x00,
    0x61, 0x00, 0x61, 0x00, 0x40, 0x00, 0x40, 0x00, 0x41, 0x00, 0x40, 0x00, 0x20, 0x00, 0x41, 0x00,
    0x61, 0x00, 0x61, 0x00, 0xA2, 0x08, 0x23, 0x11, 0xE2, 0x08, 0xE2, 0x08, 0xE2, 0x08, 0xE2, 0x08,
    0xE2, 0x08, 0xE2, 0x08, 0xA2, 0x08, 0x81, 0x00, 0x81, 0x00, 0x61, 0x00, 0x61, 0x00, 0x41, 0x00,
    0x41, 0x00, 0xA2, 0x08, 0x03, 0x09, 0x03, 0x09, 0xC2, 0x08, 0x81, 0x00, 0x41, 0x00, 0x41, 0x00,
    0x21, 0x00, 0x20, 0x00, 0x41, 0x00, 0x61, 0x00, 0x41, 0x00, 0x61, 0x00, 0x61, 0x00, 0x61, 0x00,
    0x61, 0x00, 0x61, 0x00, 0x41, 0x00, 0x41, 0x00, 0x41, 0x00, 0x41, 0x00, 0x21, 0x00, 0x41, 0x00,
    0x41, 0x00, 0x41, 0x00, 0x20, 0x00, 0x20, 0x00, 0x20, 0x00, 0x41, 0x00, 0x41, 0x00, 0x20, 0x00,
    0x23, 0x11, 0xC4, 0x19, 0x21, 0x09, 0xE1, 0x08, 0x02, 0x09, 0xE1, 0x08, 0xC1, 0x08, 0xE1, 0x08,
    0xC1, 0x08, 0xC1, 0x00, 0xE2, 0x08, 0x22, 0x09, 0xE2, 0x08, 0x02, 0x09, 0x62, 0x11, 0x62, 0x11,
    0xE7, 0x39, 0x06, 0x3A, 0xA3, 0x29, 0x62, 0x19, 0xA4, 0x21, 0x42, 0x11, 0x62, 0x11, 0x22, 0x11,
    0x03, 0x11, 0x23, 0x19, 0x23, 0x11, 0x03, 0x09, 0x22, 0x09, 0x02, 0x09, 0x02, 0x09, 0x42, 0x11,
    0x21, 0x09, 0x21, 0x09, 0x21, 0x09, 0x41, 0x11, 0x62, 0x11, 0x61, 0x09, 0x25, 0x2A, 0x67, 0x42,
    0x02, 0x11, 0xE5, 0x29, 0x61, 0x00, 0x21, 0x00, 0x20, 0x00, 0x21, 0x00, 0x20, 0x00, 0x20, 0x00,
    0x00, 0x00, 0x41, 0x00, 0x81, 0x08, 0x81, 0x08, 0x40, 0x00, 0x41, 0x00, 0x61, 0x00, 0x81, 0x00,
    0x82, 0x08, 0x61, 0x00, 0x41, 0x00, 0x40, 0x00, 0x41, 0x00, 0x20, 0x00, 0x40, 0x00, 0xE2, 0x08,
    0x63, 0x11, 0x83, 0x11, 0x83, 0x11, 0x83, 0x11, 0x83, 0x11, 0x62, 0x11, 0x42, 0x11, 0x02, 0x09,
    0xE1, 0x08, 0x42, 0x09, 0x62, 0x11, 0x42, 0x11, 0x62, 0x11, 0x42, 0x11, 0xC3, 0x19, 0x24, 0x22,
    0x03, 0x22, 0x23, 0x22, 0x03, 0x1A, 0x23, 0x22, 0xC2, 0x19, 0x61, 0x11, 0x61, 0x11, 0x81, 0x11,
    0x81, 0x11, 0xE2, 0x19, 0xC3, 0x19, 0xC1, 0x00, 0x23, 0x11, 0x02, 0x09, 0x22, 0x09, 0x02, 0x09,
    0x02, 0x09, 0x02, 0x09, 0x43, 0x09, 0x02, 0x09, 0x02, 0x09, 0x43, 0x11, 0xA1, 0x00, 0x41, 0x00,
    0x41, 0x00, 0x41, 0x00, 0x61, 0x00, 0x41, 0x00, 0x61, 0x00, 0x61, 0x00, 0x41, 0x00, 0x41, 0x00,
    0x41, 0x00, 0x20, 0x00, 0x83, 0x19, 0xC4, 0x21, 0x61, 0x00, 0x61, 0x00, 0x61, 0x00, 0x61, 0x00,
    0x61, 0x00, 0x61, 0x00, 0x61, 0x00, 0x40, 0x00, 0x21, 0x11, 0xE4, 0x31, 0x05, 0x3A, 0xA1, 0x08,
    0xA1, 0x00, 0x41, 0x11, 0x42, 0x11, 0xA1, 0x00, 0x41, 0x00, 0x02, 0x09, 0x43, 0x09, 0x22, 0x09,
    0xE2, 0x08, 0xC1, 0x08, 0xA1, 0x00, 0xA1, 0x00, 0xA1, 0x08, 0xA1, 0x08, 0x81, 0x00, 0xA2, 0x00,
    0xA2, 0x08, 0x41, 0x00, 0x41, 0x00, 0xA2, 0x00, 0xA2, 0x08, 0x81, 0x00, 0x81, 0x00, 0xC1, 0x08,
    0xC1, 0x08, 0x01, 0x09, 0x22, 0x11, 0xC1, 0x08, 0xA1, 0x00, 0xE2, 0x08, 0xE2, 0x08, 0xC1, 0x00,
    0xE2, 0x08, 0xE2, 0x08, 0xE2, 0x08, 0xC2, 0x00, 0xA1, 0x08, 0xC2, 0x08, 0xE2, 0x08, 0xE2, 0x08,
    0x03, 0x09, 0xE2, 0x08, 0x61, 0x00, 0x21, 0x00, 0x21, 0x00, 0x20, 0x00, 0x20, 0x00, 0x20, 0x00,
    0x21, 0x00, 0x41, 0x00, 0x41, 0x00, 0x41, 0x00, 0x20, 0x00, 0x20, 0x00, 0x21, 0x00, 0x20, 0x00,
    0x81, 0x00, 0x02, 0x09, 0xA1, 0x00, 0x81, 0x00, 0xA2, 0x08, 0xA1, 0x08, 0xA1, 0x08, 0x61, 0x00,
    0x41, 0x00, 0x82, 0x00, 0xA2, 0x00, 0xE2, 0x08, 0xE2, 0x08, 0xE2, 0x08, 0x02, 0x09, 0x02, 0x09,
    0x02, 0x09, 0xE2, 0x08, 0x81, 0x00, 0x81, 0x00, 0xA2, 0x08, 0x61, 0x00, 0x41, 0x00, 0x41, 0x00,
    0x21, 0x00, 0x41, 0x00, 0xA2, 0x08, 0x24, 0x11, 0x03, 0x09, 0x61, 0x00, 0x41, 0x00, 0x41, 0x00,
    0x20, 0x00, 0x41, 0x00, 0x61, 0x00, 0x81, 0x00, 0xC3, 0x08, 0xC3, 0x08, 0x61, 0x00, 0x61, 0x00,
    0x81, 0x08, 0x61, 0x00, 0x41, 0x00, 0x21, 0x00, 0x20, 0x00, 0x41, 0x00, 0x21, 0x00, 0x21, 0x00,
    0x41, 0x00, 0x41, 0x00, 0x41, 0x00, 0x20, 0x00, 0x21, 0x00, 0x41, 0x00, 0x41, 0x00, 0x20, 0x00,
    0xC5, 0x21, 0x05, 0x22, 0xE0, 0x00, 0x21, 0x09, 0xE1, 0x08, 0xA1, 0x08, 0xA1, 0x08, 0x61, 0x00,
    0x81, 0x00, 0xE2, 0x08, 0x02, 0x09, 0xE2, 0x08, 0xE1, 0x08, 0x22, 0x09, 0x62, 0x11, 0x62, 0x11,
    0xC6, 0x31, 0x23, 0x19, 0x62, 0x11, 0x42, 0x11, 0x62, 0x11, 0x62, 0x11, 0x22, 0x11, 0x81, 0x00,
    0x41, 0x00, 0x61, 0x08, 0x61, 0x00, 0x61, 0x00, 0x22, 0x09, 0x62, 0x11, 0x62, 0x11, 0xA2, 0x11,
    0x42, 0x11, 0x21, 0x09, 0x21, 0x09, 0x62, 0x11, 0xA2, 0x11, 0xC3, 0x19, 0xE5, 0x29, 0x64, 0x21,
    0xA4, 0x21, 0x22, 0x11, 0x40, 0x00, 0x20, 0x00, 0x20, 0x00, 0x20, 0x00, 0x20, 0x00, 0x20, 0x00,
    0x20, 0x00, 0x41, 0x00, 0xA2, 0x08, 0x81, 0x00, 0x61, 0x00, 0x61, 0x00, 0x61, 0x00, 0x41, 0x00,
    0x41, 0x00, 0x41, 0x00, 0x41, 0x00, 0x40, 0x00, 0x40, 0x00, 0x41, 0x00, 0x40, 0x00, 0xC1, 0x08,
    0x42, 0x09, 0x83, 0x11, 0xA3, 0x11, 0xA3, 0x11, 0x83, 0x11, 0x83, 0x11, 0x21, 0x09, 0x01, 0x09,
    0x01, 0x09, 0x01, 0x09, 0x62, 0x11, 0x21, 0x09, 0x21, 0x09, 0x42, 0x09, 0xC3, 0x19, 0x44, 0x22,
    0x23, 0x22, 0x23, 0x22, 0x03, 0x22, 0x02, 0x1A, 0x23, 0x22, 0xA1, 0x11, 0x61, 0x09, 0x81, 0x11,
    0x81, 0x11, 0x02, 0x22, 0x83, 0x11, 0xE2, 0x08, 0x63, 0x11, 0x02, 0x09, 0x42, 0x11, 0x22, 0x09,
    0x63, 0x11, 0x84, 0x11, 0xE5, 0x19, 0xA4, 0x19, 0x63, 0x11, 0x63, 0x11, 0xC2, 0x08, 0x20, 0x00,
    0x41, 0x00, 0x41, 0x00, 0x41, 0x00, 0x41, 0x00, 0x41, 0x00, 0x41, 0x00, 0x41, 0x00, 0x41, 0x00,
    0x41, 0x00, 0x20, 0x00, 0xC2, 0x08, 0x22, 0x11, 0x41, 0x00, 0x61, 0x00, 0x61, 0x00, 0x61, 0x00,
    0x61, 0x00, 0x61, 0x00, 0x61, 0x00, 0x41, 0x00, 0x42, 0x11, 0xE3, 0x29, 0x05, 0x32, 0x02, 0x11,
    0xE1, 0x08, 0x82, 0x19, 0x01, 0x11, 0x40, 0x00, 0x61, 0x00, 0x03, 0x09, 0x43, 0x11, 0x02, 0x11,
    0x03, 0x09, 0xE2, 0x08, 0xC2, 0x08, 0xA1, 0x08, 0xA1, 0x08, 0xC2, 0x08, 0xA1, 0x00, 0x81, 0x00,
    0x61, 0x00, 0x20, 0x00, 0x20, 0x00, 0x61, 0x00, 0xE3, 0x08, 0xC2, 0x08, 0xA1, 0x00, 0xC1, 0x08,
    0xE1, 0x08, 0xC1, 0x08, 0x22, 0x11, 0x22, 0x09, 0xC1, 0x08, 0xA1, 0x08, 0xC1, 0x08, 0xC1, 0x08,
    0xC2, 0x08, 0xC2, 0x08, 0xC2, 0x08, 0xE2, 0x08, 0xE2, 0x08, 0xC2, 0x08, 0xC2, 0x08, 0xC2, 0x08,
    0xC1, 0x00, 0xE2, 0x08, 0xA1, 0x08, 0x20, 0x00, 0x21, 0x00, 0x20, 0x00, 0x20, 0x00, 0x21, 0x00,
    0x21, 0x00, 0x21, 0x00, 0x41, 0x00, 0x41, 0x00, 0x41, 0x00, 0x20, 0x00, 0x20, 0x00, 0x61, 0x00,
    0xC1, 0x08, 0x02, 0x09, 0x42, 0x11, 0xC1, 0x00, 0xA1, 0x00, 0xA1, 0x00, 0x02, 0x09, 0x02, 0x09,
    0x61, 0x00, 0x61, 0x00, 0xC2, 0x08, 0xE2, 0x08, 0xE2, 0x08, 0xC2, 0x00, 0xE2, 0x08, 0x03, 0x09,
    0xE2, 0x08, 0x03, 0x09, 0xA1, 0x00, 0x81, 0x00, 0xA1, 0x08, 0x61, 0x00, 0x61, 0x00, 0x61, 0x00,
    0x41, 0x00, 0x41, 0x00, 0x41, 0x00, 0xA2, 0x00, 0xE3, 0x08, 0x61, 0x00, 0x41, 0x00, 0x41, 0x00,
    0x61, 0x00, 0x81, 0x00, 0xA2, 0x00, 0xE3, 0x08, 0x23, 0x09, 0xC2, 0x08, 0x81, 0x00, 0xA2, 0x08,
    0x81, 0x08, 0x41, 0x00, 0x20, 0x00, 0x20, 0x00, 0x41, 0x00, 0x21, 0x00, 0x21, 0x00, 0x41, 0x00,
    0x41, 0x00, 0x61, 0x00, 0x41, 0x00, 0x41, 0x00, 0x41, 0x00, 0x41, 0x00, 0x41, 0x00, 0x41, 0x00,
    0x02, 0x09, 0x01, 0x09, 0x21, 0x09, 0x01, 0x09, 0x81, 0x00, 0x40, 0x00, 0x20, 0x00, 0x20, 0x00,
    0xE2, 0x08, 0x22, 0x09, 0x02, 0x09, 0xE2, 0x08, 0xC1, 0x08, 0x42, 0x11, 0x82, 0x11, 0x82, 0x11,
    0x42, 0x11, 0x82, 0x11, 0x62, 0x11, 0x42, 0x11, 0x42, 0x11, 0x01, 0x09, 0xC1, 0x08, 0xA1, 0x08,
    0x61, 0x00, 0x61, 0x00, 0x41, 0x00, 0xE2, 0x08, 0x83, 0x11, 0x82, 0x11, 0xA2, 0x11, 0x82, 0x11,
    0x21, 0x09, 0x61, 0x11, 0xA2, 0x19, 0xC3, 0x19, 0xA2, 0x11, 0x02, 0x09, 0xA6, 0x31, 0x43, 0x19,
    0x83, 0x19, 0x81, 0x00, 0x41, 0x00, 0x20, 0x00, 0x20, 0x00, 0x20, 0x00, 0x20, 0x00, 0x20, 0x00,
    0x20, 0x00, 0x41, 0x00, 0x61, 0x00, 0x61, 0x00, 0x61, 0x00, 0x41, 0x00, 0x41, 0x00, 0x41, 0x00,
    0x41, 0x00, 0x40, 0x00, 0x41, 0x00, 0x41, 0x00, 0x41, 0x00, 0x41, 0x00, 0x61, 0x00, 0x02, 0x09,
    0x63, 0x11, 0xA3, 0x11, 0xA3, 0x11, 0x83, 0x11, 0xA3, 0x11, 0x62, 0x11, 0xE1, 0x08, 0x01, 0x09,
    0x41, 0x11, 0x01, 0x09, 0x21, 0x09, 0x83, 0x11, 0x42, 0x11, 0x01, 0x09, 0xA3, 0x19, 0x44, 0x22,
    0x24, 0x22, 0x24, 0x22, 0x23, 0x22, 0x23, 0x22, 0x23, 0x22, 0x23, 0x22, 0x81, 0x11, 0x61, 0x09,
    0xA1, 0x11, 0xC2, 0x19, 0x02, 0x09, 0x02, 0x09, 0x83, 0x19, 0x02, 0x09, 0x63, 0x11, 0x42, 0x11,
    0x84, 0x19, 0x84, 0x19, 0x06, 0x22, 0xC5, 0x19, 0xC5, 0x19, 0x63, 0x11, 0x81, 0x00, 0x41, 0x00,
    0x41, 0x00, 0x41, 0x00, 0x41, 0x00, 0x21, 0x00, 0x21, 0x00, 0x21, 0x00, 0x20, 0x00, 0x20, 0x00,
    0x41, 0x00, 0x41, 0x00, 0x61, 0x00, 0x40, 0x00, 0x41, 0x00, 0x61, 0x00, 0x61, 0x00, 0x41, 0x00,
    0x41, 0x00, 0x61, 0x00, 0x61, 0x00, 0x21, 0x00, 0x22, 0x11, 0xC3, 0x21, 0xE2, 0x10, 0xA2, 0x00,
    0x42, 0x11, 0x22, 0x09, 0xA1, 0x00, 0x61, 0x00, 0x81, 0x00, 0x03, 0x09, 0x63, 0x11, 0xA4, 0x11,
    0x84, 0x11, 0x43, 0x09, 0x02, 0x09, 0xE2, 0x08, 0xE2, 0x08, 0xA2, 0x08, 0xA1, 0x08, 0x81, 0x00,
    0x41, 0x00, 0x20, 0x00, 0x20, 0x00, 0x40, 0x00, 0xE3, 0x08, 0xE2, 0x08, 0xA2, 0x00, 0xC2, 0x08,
    0x01, 0x09, 0xE1, 0x08, 0xE1, 0x08, 0x62, 0x09, 0x63, 0x11, 0xE1, 0x08, 0xC1, 0x00, 0xC2, 0x08,
    0xC2, 0x08, 0xC2, 0x08, 0xC2, 0x08, 0xC2, 0x08, 0xC2, 0x08, 0xE2, 0x08, 0xE2, 0x08, 0xE2, 0x08,
    0xC2, 0x08, 0xE2, 0x08, 0xE2, 0x08, 0x41, 0x00, 0x21, 0x00, 0x20, 0x00, 0x21, 0x00, 0x41, 0x00,
    0x21, 0x00, 0x20, 0x00, 0x20, 0x00, 0x41, 0x00, 0x41, 0x00, 0x41, 0x00, 0x61, 0x00, 0xC2, 0x08,
    0xA1, 0x08, 0xA1, 0x00, 0x22, 0x09, 0x83, 0x11, 0x42, 0x11, 0xE1, 0x08, 0x02, 0x09, 0x63, 0x11,
    0x02, 0x09, 0xC1, 0x08, 0xA1, 0x08, 0xA1, 0x08, 0xC2, 0x08, 0xC2, 0x08, 0xA2, 0x08, 0xA2, 0x08,
    0xA2, 0x08, 0xC2, 0x08, 0xA1, 0x08, 0xC1, 0x08, 0xC1, 0x08, 0xC2, 0x08, 0x61, 0x00, 0x81, 0x00,
    0x82, 0x08, 0x81, 0x00, 0x81, 0x00, 0x61, 0x00, 0x81, 0x00, 0x81, 0x00, 0x61, 0x00, 0x81, 0x00,
    0x82, 0x08, 0x81, 0x00, 0x81, 0x00, 0x81, 0x00, 0x61, 0x00, 0x61, 0x00, 0xA2, 0x08, 0x61, 0x00,
    0x41, 0x00, 0x20, 0x00, 0x20, 0x00, 0x41, 0x00, 0x41, 0x00, 0x41, 0x00, 0x61, 0x00, 0x41, 0x00,
    0x41, 0x00, 0x61, 0x00, 0x61, 0x00, 0x41, 0x00, 0x41, 0x00, 0x41, 0x00, 0x41, 0x00, 0x41, 0x00,
    0xC1, 0x00, 0x01, 0x09, 0x02, 0x09, 0x81, 0x00, 0x41, 0x00, 0x21, 0x00, 0x20, 0x00, 0x20, 0x00,
    0xE2, 0x08, 0x43, 0x11, 0x22, 0x09, 0xE2, 0x08, 0x81, 0x00, 0xE1, 0x08, 0xA2, 0x11, 0xC3, 0x11,
    0x62, 0x11, 0x42, 0x09, 0x42, 0x11, 0x22, 0x09, 0xC1, 0x08, 0xA1, 0x08, 0xA1, 0x00, 0x81, 0x08,
    0x61, 0x00, 0x41, 0x00, 0x40, 0x00, 0x43, 0x11, 0xE4, 0x19, 0xA3, 0x11, 0xA3, 0x11, 0x62, 0x11,
    0x21, 0x09, 0x82, 0x11, 0x42, 0x11, 0xE2, 0x08, 0x60, 0x00, 0xA2, 0x08, 0x44, 0x21, 0x43, 0x19,
    0xA2, 0x08, 0x61, 0x00, 0x20, 0x00, 0x21, 0x00, 0x20, 0x00, 0x20, 0x00, 0x20, 0x00, 0x20, 0x00,
    0x20, 0x00, 0x20, 0x00, 0x41, 0x00, 0x41, 0x00, 0x41, 0x00, 0x41, 0x00, 0x41, 0x00, 0x41, 0x00,
    0x41, 0x00, 0x41, 0x00, 0x41, 0x00, 0x41, 0x00, 0x41, 0x00, 0x40, 0x00, 0xC1, 0x08, 0x62, 0x11,
    0xA3, 0x11, 0xC4, 0x11, 0xA3, 0x11, 0xA3, 0x11, 0x83, 0x11, 0x01, 0x09, 0x01, 0x09, 0x21, 0x09,
    0x82, 0x11, 0x61, 0x11, 0x21, 0x09, 0xE4, 0x19, 0xA3, 0x19, 0xA1, 0x00, 0xE1, 0x08, 0x24, 0x22,
    0x44, 0x2A, 0x23, 0x22, 0x23, 0x22, 0x23, 0x22, 0x43, 0x22, 0x64, 0x2A, 0x03, 0x22, 0x61, 0x09,
    0x81, 0x11, 0xC2, 0x19, 0x81, 0x00, 0x40, 0x00, 0x81, 0x00, 0x81, 0x08, 0x81, 0x00, 0x81, 0x00,
    0x81, 0x00, 0x61, 0x00, 0x81, 0x00, 0x61, 0x00, 0xA1, 0x08, 0x61, 0x00, 0x41, 0x00, 0x41, 0x00,
    0x41, 0x00, 0x41, 0x00, 0x20, 0x00, 0x20, 0x00, 0x41, 0x00, 0x41, 0x00, 0x61, 0x00, 0x81, 0x00,
    0xA1, 0x08, 0xA1, 0x00, 0x81, 0x00, 0x61, 0x00, 0x81, 0x00, 0xA1, 0x08, 0xC1, 0x08, 0x81, 0x00,
    0x81, 0x00, 0x61, 0x00, 0x61, 0x00, 0x61, 0x00, 0x22, 0x11, 0x63, 0x11, 0xE2, 0x08, 0x22, 0x11,
    0xC3, 0x19, 0x01, 0x09, 0x81, 0x00, 0x81, 0x00, 0x81, 0x00, 0x81, 0x00, 0x81, 0x00, 0xC2, 0x08,
    0x02, 0x09, 0x02, 0x09, 0x23, 0x09, 0xE2, 0x08, 0xE2, 0x08, 0xA1, 0x00, 0x81, 0x00, 0x61, 0x00,
    0x40, 0x00, 0x41, 0x00, 0x20, 0x00, 0x20, 0x00, 0x41, 0x00, 0xC2, 0x08, 0xC2, 0x08, 0xC2, 0x08,
    0x02, 0x09, 0x01, 0x09, 0xE1, 0x08, 0xC1, 0x08, 0x62, 0x11, 0x63, 0x11, 0xE1, 0x08, 0xC1, 0x08,
    0xE2, 0x08, 0xC2, 0x00, 0xE2, 0x08, 0xC2, 0x08, 0xE2, 0x08, 0xE2, 0x08, 0xE2, 0x08, 0xC1, 0x08,
    0xE2, 0x08, 0xE1, 0x08, 0xE2, 0x08, 0x61, 0x00, 0x21, 0x00, 0x20, 0x00, 0x20, 0x00, 0x21, 0x00,
    0x20, 0x00, 0x20, 0x00, 0x20, 0x00, 0x20, 0x00, 0x20, 0x00, 0x61, 0x00, 0xA2, 0x08, 0xA1, 0x00,
    0xA1, 0x08, 0xA2, 0x08, 0xE2, 0x08, 0x62, 0x09, 0x83, 0x11, 0xA4, 0x19, 0x63, 0x11, 0x22, 0x11,
    0x22, 0x09, 0x02, 0x09, 0xA1, 0x00, 0xA1, 0x08, 0x61, 0x00, 0x61, 0x00, 0x61, 0x00, 0x61, 0x00,
    0x61, 0x00, 0x40, 0x00, 0x81, 0x08, 0xC2, 0x08, 0xC1, 0x08, 0xE1, 0x08, 0xC1, 0x08, 0xA1, 0x00,
    0xA1, 0x00, 0xA1, 0x00, 0x82, 0x00, 0x82, 0x00, 0xA1, 0x00, 0xA1, 0x00, 0xA2, 0x08, 0xA2, 0x08,
    0xA2, 0x08, 0xA2, 0x08, 0x81, 0x00, 0x61, 0x00, 0x61, 0x00, 0x81, 0x00, 0x81, 0x00, 0x41, 0x00,
    0x20, 0x00, 0x20, 0x00, 0x41, 0x00, 0x41, 0x00, 0x41, 0x00, 0x61, 0x00, 0x61, 0x00, 0x41, 0x00,
    0x41, 0x00, 0x61, 0x00, 0x61, 0x00, 0x41, 0x00, 0x41, 0x00, 0x41, 0x00, 0x41, 0x00, 0x41, 0x00,
    0xE2, 0x08, 0xE1, 0x08, 0xA1, 0x00, 0x61, 0x00, 0x21, 0x00, 0x20, 0x00, 0x21, 0x00, 0x20, 0x00,
    0xA1, 0x08, 0x02, 0x11, 0xC2, 0x08, 0xA1, 0x08, 0x81, 0x00, 0xE1, 0x08, 0xC3, 0x11, 0x03, 0x1A,
    0x22, 0x09, 0x02, 0x09, 0xC1, 0x08, 0x60, 0x00, 0x60, 0x00, 0x61, 0x00, 0x61, 0x00, 0x40, 0x00,
    0x40, 0x00, 0x20, 0x00, 0x20, 0x00, 0x61, 0x00, 0xC4, 0x19, 0x04, 0x1A, 0xC3, 0x11, 0x82, 0x11,
    0x62, 0x11, 0x22, 0x09, 0x20, 0x00, 0x41, 0x00, 0x41, 0x00, 0xA2, 0x08, 0xE3, 0x10, 0xE3, 0x10,
    0x61, 0x00, 0x41, 0x00, 0x20, 0x00, 0x21, 0x00, 0x20, 0x00, 0x20, 0x00, 0x20, 0x00, 0x20, 0x00,
    0x21, 0x00, 0x41, 0x00, 0x61, 0x00, 0x81, 0x00, 0x81, 0x00, 0x61, 0x00, 0x61, 0x00, 0x61, 0x00,
    0x61, 0x00, 0x61, 0x00, 0x61, 0x00, 0x61, 0x00, 0x61, 0x00, 0x61, 0x00, 0x22, 0x09, 0x83, 0x11,
    0xA3, 0x11, 0xC4, 0x11, 0xC3, 0x11, 0xC3, 0x11, 0x62, 0x11, 0x01, 0x09, 0x41, 0x11, 0x21, 0x09,
    0x61, 0x09, 0xC3, 0x19, 0x41, 0x09, 0x63, 0x11, 0xE1, 0x08, 0x81, 0x00, 0x81, 0x00, 0x22, 0x11,
    0x45, 0x2A, 0x44, 0x22, 0x44, 0x2A, 0x24, 0x22, 0x24, 0x22, 0x65, 0x2A, 0x65, 0x32, 0x23, 0x22,
    0x61, 0x09, 0x03, 0x2A, 0xE2, 0x10, 0x20, 0x00, 0x40, 0x00, 0x40, 0x00, 0x41, 0x00, 0x41, 0x00,
    0x40, 0x00, 0x41, 0x00, 0x40, 0x00, 0x40, 0x00, 0x41, 0x00, 0x61, 0x00, 0x61, 0x00, 0x61, 0x00,
    0x61, 0x00, 0x41, 0x00, 0x41, 0x00, 0x41, 0x00, 0x61, 0x00, 0xA1, 0x08, 0xA1, 0x08, 0xC2, 0x08,
    0xA1, 0x08, 0x81, 0x08, 0x81, 0x00, 0x61, 0x00, 0x81, 0x00, 0xA1, 0x08, 0xE2, 0x08, 0xC1, 0x08,
    0xE1, 0x08, 0xC1, 0x08, 0x81, 0x00, 0x81, 0x00, 0x23, 0x11, 0x43, 0x11, 0xE2, 0x08, 0xE2, 0x08,
    0x42, 0x11, 0x02, 0x09, 0xA1, 0x08, 0x81, 0x00, 0xA1, 0x08, 0xA1, 0x08, 0xA1, 0x08, 0x80, 0x00,
    0xC1, 0x08, 0xC2, 0x08, 0x81, 0x00, 0x61, 0x00, 0x61, 0x00, 0x61, 0x00, 0x61, 0x00, 0x41, 0x00,
    0x21, 0x00, 0x21, 0x00, 0x21, 0x00, 0x20, 0x00, 0x41, 0x00, 0x41, 0x00, 0xA2, 0x08, 0xC2, 0x08,
    0x02, 0x09, 0x21, 0x09, 0xE1, 0x08, 0xC1, 0x08, 0xE1, 0x08, 0x83, 0x11, 0x83, 0x19, 0x01, 0x09,
    0xC2, 0x08, 0xE2, 0x08, 0xE2, 0x08, 0xE2, 0x08, 0xE2, 0x08, 0x02, 0x09, 0xE2, 0x08, 0xC2, 0x08,
    0xC1, 0x08, 0xC2, 0x08, 0xC2, 0x08, 0x61, 0x00, 0x20, 0x00, 0x21, 0x00, 0x61, 0x00, 0x41, 0x00,
    0x20, 0x00, 0x20, 0x00, 0x20, 0x00, 0x21, 0x00, 0x21, 0x00, 0x00, 0x00, 0x41, 0x00, 0x81, 0x00,
    0x81, 0x00, 0xA2, 0x08, 0xA2, 0x08, 0xA1, 0x00, 0xA1, 0x00, 0x02, 0x09, 0x43, 0x11, 0xA0, 0x00,
    0x02, 0x09, 0x02, 0x09, 0xE1, 0x08, 0xE1, 0x08, 0xA1, 0x08, 0x20, 0x00, 0x20, 0x00, 0x40, 0x00,
    0x41, 0x00, 0x20, 0x00, 0x41, 0x00, 0xA2, 0x08, 0xC1, 0x08, 0xE1, 0x08, 0xE2, 0x08, 0x02, 0x09,
    0xE2, 0x08, 0xC2, 0x08, 0x61, 0x00, 0x61, 0x00, 0xA1, 0x08, 0xA2, 0x08, 0xC2, 0x08, 0xA1, 0x08,
    0xC2, 0x08, 0xC2, 0x08, 0xA1, 0x00, 0xA1, 0x00, 0x61, 0x00, 0x81, 0x00, 0xC2, 0x08, 0x61, 0x00,
    0x21, 0x00, 0x41, 0x00, 0x41, 0x00, 0x61, 0x00, 0x61, 0x00, 0x61, 0x00, 0x61, 0x00, 0x20, 0x00,
    0x21, 0x00, 0x61, 0x00, 0x61, 0x00, 0x61, 0x00, 0x61, 0x00, 0x41, 0x00, 0x41, 0x00, 0x61, 0x00,
    0xC2, 0x08, 0x81, 0x00, 0x82, 0x00, 0x61, 0x00, 0x21, 0x00, 0x20, 0x00, 0x20, 0x00, 0x20, 0x00,
    0x41, 0x00, 0xA1, 0x00, 0x81, 0x00, 0xA1, 0x00, 0xA1, 0x00, 0x22, 0x09, 0x24, 0x1A, 0x24, 0x1A,
    0xC1, 0x08, 0x61, 0x00, 0x40, 0x00, 0x41, 0x00, 0x41, 0x00, 0x61, 0x00, 0x61, 0x08, 0x81, 0x08,
    0xA1, 0x08, 0x81, 0x00, 0x61, 0x00, 0x40, 0x00, 0xA1, 0x08, 0xA4, 0x19, 0x25, 0x22, 0x25, 0x22,
    0xC3, 0x11, 0x02, 0x09, 0x61, 0x00, 0x82, 0x08, 0x61, 0x00, 0x61, 0x00, 0x81, 0x00, 0x81, 0x00,
    0x41, 0x00, 0x20, 0x00, 0x20, 0x00, 0x20, 0x00, 0x20, 0x00, 0x20, 0x00, 0x20, 0x00, 0x20, 0x00,
    0x20, 0x00, 0x40, 0x00, 0x81, 0x00, 0x81, 0x00, 0x81, 0x00, 0x81, 0x00, 0x81, 0x00, 0x61, 0x00,
    0x81, 0x00, 0x81, 0x08, 0x81, 0x00, 0x61, 0x00, 0x61, 0x00, 0x81, 0x00, 0x63, 0x11, 0xC4, 0x19,
    0xC4, 0x11, 0xC4, 0x11, 0xC3, 0x11, 0xC3, 0x11, 0x21, 0x09, 0x01, 0x09, 0x41, 0x09, 0x82, 0x11,
    0x42, 0x11, 0x83, 0x19, 0xE1, 0x08, 0xA1, 0x00, 0xA1, 0x08, 0x81, 0x08, 0x81, 0x00, 0x61, 0x00,
    0x02, 0x09, 0xC3, 0x19, 0x25, 0x2A, 0x85, 0x32, 0x85, 0x32, 0x86, 0x32, 0x85, 0x32, 0xA6, 0x32,
    0x44, 0x2A, 0xC2, 0x19, 0x83, 0x19, 0x40, 0x00, 0x41, 0x00, 0x41, 0x00, 0x41, 0x00, 0x41, 0x00,
    0x41, 0x00, 0x61, 0x00, 0x41, 0x00, 0x41, 0x00, 0x61, 0x00, 0x61, 0x00, 0x61, 0x00, 0x41, 0x00,
    0x41, 0x00, 0x61, 0x00, 0x81, 0x00, 0xA1, 0x08, 0xC1, 0x08, 0xC1, 0x08, 0xE1, 0x08, 0xA1, 0x00,
    0x81, 0x00, 0xA1, 0x08, 0xA1, 0x00, 0xC1, 0x08, 0x81, 0x00, 0x81, 0x00, 0xA1, 0x00, 0xE1, 0x08,
    0xC1, 0x08, 0xE1, 0x08, 0x22, 0x09, 0xC1, 0x08, 0xC2, 0x08, 0xE2, 0x08, 0x23, 0x09, 0x43, 0x09,
    0xE2, 0x08, 0xE1, 0x08, 0xA1, 0x00, 0xA1, 0x08, 0xA1, 0x08, 0xA1, 0x08, 0xE2, 0x08, 0xE1, 0x08,
    0xE2, 0x08, 0xC2, 0x08, 0x20, 0x00, 0x20, 0x00, 0x20, 0x00, 0x20, 0x00, 0x21, 0x00, 0x21, 0x00,
    0x41, 0x00, 0x41, 0x00, 0x41, 0x00, 0x41, 0x00, 0x41, 0x00, 0x41, 0x00, 0x61, 0x00, 0xA2, 0x08,
    0xE1, 0x08, 0x42, 0x11, 0x21, 0x09, 0x01, 0x09, 0xE1, 0x08, 0x01, 0x09, 0xA3, 0x19, 0xA3, 0x11,
    0x02, 0x09, 0xE2, 0x08, 0xE2, 0x08, 0x02, 0x09, 0xE2, 0x08, 0x02, 0x09, 0x02, 0x09, 0x02, 0x09,
    0xE2, 0x08, 0xE2, 0x08, 0x03, 0x09, 0xC2, 0x08, 0x61, 0x00, 0x21, 0x00, 0x41, 0x00, 0x41, 0x00,
    0x20, 0x00, 0x20, 0x00, 0x20, 0x00, 0x21, 0x00, 0x21, 0x00, 0x61, 0x00, 0x21, 0x00, 0x21, 0x00,
    0x41, 0x00, 0x20, 0x00, 0x21, 0x00, 0xA1, 0x08, 0x02, 0x09, 0xE1, 0x08, 0x40, 0x00, 0x61, 0x08,
    0x22, 0x09, 0x22, 0x09, 0x02, 0x09, 0xE1, 0x08, 0xC1, 0x08, 0x61, 0x00, 0x20, 0x00, 0x20, 0x00,
    0x41, 0x00, 0x21, 0x00, 0x20, 0x00, 0x81, 0x00, 0xC1, 0x08, 0xC1, 0x08, 0xE2, 0x08, 0xE2, 0x08,
    0x03, 0x09, 0xA2, 0x08, 0x61, 0x00, 0x61, 0x00, 0xA2, 0x08, 0xA1, 0x00, 0xC2, 0x08, 0xC2, 0x08,
    0xE2, 0x08, 0xC2, 0x08, 0xA1, 0x00, 0xA1, 0x08, 0x81, 0x00, 0x61, 0x00, 0xA1, 0x00, 0x81, 0x00,
    0x41, 0x00, 0x41, 0x00, 0x61, 0x00, 0x61, 0x00, 0x82, 0x00, 0x81, 0x00, 0x21, 0x00, 0x20, 0x00,
    0x61, 0x00, 0x81, 0x00, 0x81, 0x00, 0x82, 0x08, 0x82, 0x00, 0x82, 0x00, 0x82, 0x00, 0x82, 0x00,
    0xA1, 0x00, 0x61, 0x00, 0x41, 0x00, 0x61, 0x00, 0x61, 0x00, 0x61, 0x00, 0x41, 0x00, 0x40, 0x00,
    0xC2, 0x08, 0xC1, 0x08, 0xC1, 0x08, 0xC1, 0x08, 0xC1, 0x00, 0xA4, 0x19, 0x05, 0x22, 0x42, 0x09,
    0x40, 0x00, 0x20, 0x00, 0x41, 0x00, 0x41, 0x00, 0x61, 0x08, 0x41, 0x00, 0x20, 0x00, 0x61, 0x00,
    0x61, 0x00, 0x61, 0x00, 0x81, 0x08, 0x81, 0x08, 0x61, 0x00, 0x81, 0x00, 0x02, 0x09, 0xA3, 0x19,
    0x25, 0x2A, 0x22, 0x11, 0x61, 0x00, 0xA2, 0x00, 0xA2, 0x08, 0xA2, 0x08, 0xA2, 0x08, 0xA2, 0x08,
    0x20, 0x00, 0x20, 0x00, 0x20, 0x00, 0x20, 0x00, 0x20, 0x00, 0x20, 0x00, 0x20, 0x00, 0x21, 0x00,
    0x20, 0x00, 0x61, 0x00, 0xA1, 0x00, 0x81, 0x00, 0x81, 0x00, 0x81, 0x00, 0x81, 0x00, 0x81, 0x00,
    0xA1, 0x08, 0x81, 0x00, 0x81, 0x00, 0x81, 0x00, 0x61, 0x00, 0xE1, 0x08, 0xE4, 0x19, 0xC4, 0x19,
    0xC4, 0x11, 0xC3, 0x11, 0xA3, 0x11, 0x62, 0x11, 0x21, 0x09, 0x41, 0x11, 0x21, 0x09, 0x62, 0x11,
    0xA1, 0x08, 0x81, 0x08, 0x20, 0x00, 0xA1, 0x08, 0xC1, 0x08, 0x81, 0x00, 0x81, 0x00, 0x81, 0x00,
    0x61, 0x00, 0x81, 0x00, 0x01, 0x09, 0x83, 0x11, 0xE4, 0x21, 0x45, 0x2A, 0x86, 0x32, 0x86, 0x32,
    0xC6, 0x3A, 0xA5, 0x32, 0x44, 0x2A, 0x81, 0x08, 0x21, 0x00, 0x20, 0x00, 0x61, 0x00, 0xE2, 0x10,
    0x02, 0x11, 0xC2, 0x10, 0x61, 0x00, 0xA2, 0x08, 0x61, 0x00, 0x41, 0x00, 0x41, 0x00, 0x41, 0x00,
    0x81, 0x00, 0xC1, 0x08, 0xC1, 0x08, 0xE1, 0x08, 0xE1, 0x08, 0xE1, 0x08, 0xC1, 0x08, 0x81, 0x00,
    0xA1, 0x08, 0xA1, 0x00, 0xE1, 0x08, 0xA4, 0x21, 0x81, 0x00, 0x81, 0x00, 0xA1, 0x00, 0x02, 0x11,
    0xE1, 0x08, 0xC1, 0x00, 0x01, 0x09, 0x42, 0x11, 0x22, 0x09, 0x22, 0x11, 0x43, 0x11, 0xE2, 0x08,
    0xE2, 0x08, 0xC2, 0x08, 0x81, 0x00, 0xC1, 0x08, 0xC1, 0x08, 0xC1, 0x08, 0x02, 0x11, 0xE2, 0x08,
    0x81, 0x00, 0x41, 0x00, 0x20, 0x00, 0x20, 0x00, 0x20, 0x00, 0x21, 0x00, 0x21, 0x00, 0x20, 0x00,
    0x20, 0x00, 0x41, 0x00, 0x41, 0x00, 0x41, 0x00, 0x41, 0x00, 0x61, 0x00, 0x61, 0x00, 0x61, 0x00,
    0x61, 0x00, 0xE2, 0x08, 0x62, 0x11, 0x41, 0x09, 0x01, 0x09, 0xE1, 0x08, 0x21, 0x09, 0xC3, 0x19,
    0xA3, 0x11, 0x01, 0x09, 0xC2, 0x08, 0x02, 0x09, 0x02, 0x09, 0x22, 0x09, 0x23, 0x09, 0x43, 0x09,
    0x43, 0x09, 0x23, 0x09, 0x03, 0x09, 0x02, 0x09, 0xA2, 0x08, 0x20, 0x00, 0x20, 0x00, 0x20, 0x00,
    0x20, 0x00, 0x20, 0x00, 0x20, 0x00, 0x21, 0x00, 0x21, 0x00, 0x61, 0x00, 0x21, 0x00, 0x20, 0x00,
    0x41, 0x00, 0x41, 0x00, 0x81, 0x00, 0x21, 0x09, 0x62, 0x11, 0x42, 0x11, 0xC1, 0x08, 0x81, 0x00,
    0x22, 0x09, 0x42, 0x09, 0x22, 0x09, 0x01, 0x09, 0xE2, 0x08, 0x40, 0x00, 0x20, 0x00, 0x20, 0x00,
    0x20, 0x00, 0x20, 0x00, 0x20, 0x00, 0x81, 0x00, 0xC2, 0x08, 0xC1, 0x08, 0xC1, 0x08, 0xE2, 0x08,
    0xC2, 0x08, 0x81, 0x00, 0x61, 0x00, 0x40, 0x00, 0xA1, 0x00, 0xC2, 0x08, 0xC2, 0x08, 0xE2, 0x08,
    0xC2, 0x08, 0xC2, 0x08, 0xA2, 0x08, 0xA2, 0x08, 0xA2, 0x00, 0x81, 0x00, 0x61, 0x00, 0xA1, 0x08,
    0x41, 0x00, 0x61, 0x00, 0x41, 0x00, 0x61, 0x00, 0x61, 0x00, 0x41, 0x00, 0x20, 0x00, 0x61, 0x00,
    0x82, 0x00, 0xC2, 0x08, 0x03, 0x09, 0xE3, 0x08, 0xC2, 0x08, 0xA2, 0x08, 0xA2, 0x08, 0xA2, 0x00,
    0xC2, 0x08, 0xA2, 0x08, 0x61, 0x00, 0x61, 0x00, 0x61, 0x00, 0x61, 0x00, 0x41, 0x00, 0xC2, 0x08,
    0x43, 0x11, 0x02, 0x09, 0x02, 0x09, 0x02, 0x09, 0x02, 0x09, 0x43, 0x11, 0x22, 0x09, 0xE2, 0x08,
    0x41, 0x00, 0x41, 0x00, 0x20, 0x00, 0x41, 0x00, 0xA2, 0x08, 0x61, 0x00, 0x41, 0x00, 0x20, 0x00,
    0x20, 0x00, 0x21, 0x00, 0x40, 0x00, 0x40, 0x00, 0x61, 0x00, 0x41, 0x00, 0x41, 0x00, 0x60, 0x00,
    0xC1, 0x08, 0x02, 0x11, 0x61, 0x00, 0xC2, 0x08, 0xA2, 0x08, 0x61, 0x00, 0x41, 0x00, 0x61, 0x00,
    0x20, 0x00, 0x20, 0x00, 0x20, 0x00, 0x20, 0x00, 0x20, 0x00, 0x21, 0x00, 0x21, 0x00, 0x21, 0x00,
    0x41, 0x00, 0x81, 0x00, 0xA1, 0x00, 0xA1, 0x00, 0xA1, 0x00, 0xA1, 0x08, 0xA1, 0x08, 0xC2, 0x08,
    0xA1, 0x08, 0x81, 0x00, 0xA1, 0x00, 0x81, 0x00, 0x81, 0x00, 0x22, 0x11, 0xC4, 0x11, 0xC4, 0x11,
    0xC4, 0x19, 0x83, 0x11, 0x62, 0x11, 0x01, 0x09, 0x62, 0x11, 0x02, 0x09, 0x60, 0x00, 0x61, 0x00,
    0x20, 0x00, 0x21, 0x00, 0x20, 0x00, 0xC1, 0x08, 0xE1, 0x08, 0x81, 0x00, 0x81, 0x00, 0x81, 0x00,
    0x81, 0x00, 0x81, 0x00, 0x81, 0x00, 0x81, 0x00, 0xA1, 0x00, 0xC1, 0x08, 0x02, 0x09, 0x02, 0x09,
    0x01, 0x09, 0x83, 0x19, 0xC7, 0x42, 0x23, 0x19, 0x41, 0x00, 0x23, 0x19, 0xC5, 0x29, 0xC2, 0x21,
    0x61, 0x19, 0xC1, 0x08, 0x81, 0x00, 0x61, 0x00, 0x41, 0x00, 0x41, 0x00, 0x61, 0x00, 0xA1, 0x08,
    0xE2, 0x08, 0x02, 0x09, 0xE2, 0x08, 0x02, 0x09, 0x02, 0x09, 0xC1, 0x08, 0xA1, 0x08, 0xA1, 0x08,
    0xC1, 0x08, 0xA1, 0x08, 0x22, 0x11, 0xC4, 0x21, 0x81, 0x00, 0x61, 0x00, 0x81, 0x00, 0xE1, 0x08,
    0x01, 0x09, 0xE1, 0x08, 0xE1, 0x08, 0x01, 0x09, 0x62, 0x11, 0xA3, 0x19, 0xE1, 0x08, 0xC2, 0x08,
    0xE2, 0x08, 0xC1, 0x00, 0xA1, 0x08, 0xE1, 0x08, 0x02, 0x09, 0xA1, 0x00, 0x61, 0x00, 0x41, 0x00,
    0x41, 0x00, 0x41, 0x00, 0x41, 0x00, 0x41, 0x00, 0x41, 0x00, 0x41, 0x00, 0x41, 0x00, 0x41, 0x00,
    0x20, 0x00, 0x41, 0x00, 0x20, 0x00, 0x20, 0x00, 0x41, 0x00, 0x41, 0x00, 0x61, 0x00, 0x61, 0x00,
    0x41, 0x00, 0x40, 0x00, 0xA1, 0x08, 0x42, 0x11, 0x41, 0x11, 0x21, 0x09, 0xE1, 0x08, 0x62, 0x11,
    0xE4, 0x19, 0xA3, 0x11, 0xE1, 0x08, 0x02, 0x09, 0x22, 0x09, 0x02, 0x09, 0x23, 0x11, 0xE2, 0x08,
    0xC2, 0x08, 0x81, 0x00, 0x41, 0x00, 0x40, 0x00, 0x40, 0x00, 0x21, 0x00, 0x41, 0x00, 0x20, 0x00,
    0x20, 0x00, 0x20, 0x00, 0x20, 0x00, 0x00, 0x00, 0x21, 0x00, 0x41, 0x00, 0x41, 0x00, 0x21, 0x00,
    0x20, 0x00, 0x81, 0x00, 0x01, 0x09, 0x01, 0x09, 0x01, 0x09, 0x62, 0x11, 0x83, 0x19, 0xA1, 0x00,
    0x81, 0x00, 0x42, 0x11, 0x22, 0x09, 0x01, 0x09, 0xE1, 0x08, 0xA1, 0x08, 0x41, 0x00, 0x20, 0x00,
    0x20, 0x00, 0x20, 0x00, 0x41, 0x00, 0xC2, 0x08, 0xE2, 0x08, 0xE2, 0x08, 0xE2, 0x08, 0xE2, 0x08,
    0xA1, 0x00, 0x81, 0x00, 0x61, 0x00, 0x40, 0x00, 0x81, 0x00, 0xE2, 0x08, 0xC2, 0x08, 0xE2, 0x08,
    0xE2, 0x08, 0x02, 0x09, 0xE2, 0x08, 0xC2, 0x08, 0xA2, 0x08, 0x81, 0x00, 0x61, 0x00, 0x81, 0x00,
    0x81, 0x00, 0x41, 0x00, 0x41, 0x00, 0x41, 0x00, 0x20, 0x00, 0x20, 0x00, 0x41, 0x00, 0x81, 0x00,
    0x23, 0x09, 0x64, 0x11, 0x64, 0x11, 0x23, 0x11, 0x03, 0x09, 0xE2, 0x08, 0xE2, 0x08, 0xE2, 0x08,
    0x23, 0x11, 0x44, 0x11, 0xE2, 0x08, 0xA2, 0x00, 0x61, 0x00, 0x61, 0x00, 0x41, 0x00, 0x23, 0x09,
    0x63, 0x11, 0x43, 0x11, 0x22, 0x09, 0x22, 0x09, 0x22, 0x09, 0x22, 0x09, 0x22, 0x09, 0x63, 0x11,
    0x41, 0x00, 0x41, 0x00, 0x41, 0x00, 0x20, 0x00, 0x20, 0x00, 0x61, 0x08, 0x41, 0x00, 0x41, 0x00,
    0x40, 0x00, 0x41, 0x00, 0x41, 0x00, 0x40, 0x00, 0x41, 0x00, 0x61, 0x00, 0x61, 0x00, 0x41, 0x00,
    0x40, 0x00, 0x40, 0x00, 0x81, 0x00, 0xA2, 0x08, 0x41, 0x00, 0x41, 0x00, 0x21, 0x00, 0x20, 0x00,
    0x20, 0x00, 0x20, 0x00, 0x20, 0x00, 0x00, 0x00, 0x21, 0x00, 0x41, 0x00, 0x21, 0x00, 0x21, 0x00,
    0x41, 0x00, 0xE2, 0x08, 0xE2, 0x08, 0xE2, 0x08, 0x02, 0x09, 0xE2, 0x08, 0xC1, 0x08, 0xA1, 0x00,
    0x81, 0x00, 0xA1, 0x08, 0xC1, 0x08, 0xA1, 0x00, 0xA1, 0x08, 0xC1, 0x08, 0x63, 0x11, 0xC4, 0x19,
    0xA3, 0x11, 0xA3, 0x11, 0x62, 0x09, 0x41, 0x09, 0x01, 0x09, 0x81, 0x00, 0x21, 0x00, 0x40, 0x00,
    0x41, 0x00, 0x41, 0x00, 0x41, 0x00, 0xC2, 0x08, 0xC1, 0x08, 0xA1, 0x08, 0x81, 0x00, 0x81, 0x00,
    0x81, 0x00, 0xA1, 0x08, 0xA1, 0x00, 0xA1, 0x00, 0xA2, 0x08, 0x81, 0x00, 0x81, 0x00, 0x81, 0x00,
    0x61, 0x00, 0x40, 0x00, 0xE1, 0x08, 0xA5, 0x29, 0x44, 0x21, 0x23, 0x11, 0x22, 0x09, 0x61, 0x11,
    0x41, 0x11, 0xA1, 0x00, 0xC1, 0x08, 0x61, 0x00, 0x41, 0x00, 0x41, 0x00, 0x81, 0x00, 0xE1, 0x08,
    0x01, 0x09, 0x02, 0x09, 0x22, 0x09, 0x22, 0x11, 0xE1, 0x08, 0xA1, 0x00, 0xC1, 0x08, 0xC1, 0x08,
    0xC1, 0x08, 0xC1, 0x08, 0x63, 0x19, 0x42, 0x11, 0x60, 0x00, 0x61, 0x00, 0x41, 0x00, 0x60, 0x00,
    0x22, 0x11, 0xE1, 0x08, 0xE1, 0x08, 0xE1, 0x08, 0x01, 0x09, 0x82, 0x19, 0xE3, 0x21, 0xE1, 0x08,
    0xC2, 0x08, 0xE1, 0x08, 0x02, 0x09, 0xC1, 0x08, 0x81, 0x00, 0x61, 0x00, 0x40, 0x00, 0x41, 0x00,
    0x41, 0x00, 0x41, 0x00, 0x41, 0x00, 0x61, 0x00, 0x41, 0x00, 0x61, 0x00, 0x61, 0x00, 0x41, 0x00,
    0x41, 0x00, 0x20, 0x00, 0x20, 0x00, 0x41, 0x00, 0x21, 0x00, 0x20, 0x00, 0x21, 0x00, 0x41, 0x00,
    0x61, 0x00, 0x61, 0x00, 0x00, 0x00, 0x40, 0x00, 0xE1, 0x08, 0x62, 0x19, 0x21, 0x11, 0xE1, 0x08,
    0x82, 0x11, 0xE4, 0x19, 0x83, 0x11, 0xC1, 0x08, 0xC2, 0x08, 0xA1, 0x00, 0x61, 0x00, 0x41, 0x00,
    0x21, 0x00, 0x20, 0x00, 0x20, 0x00, 0x20, 0x00, 0x20, 0x00, 0x41, 0x00, 0x41, 0x00, 0x41, 0x00,
    0x41, 0x00, 0x41, 0x00, 0x20, 0x00, 0x20, 0x00, 0x20, 0x00, 0x61, 0x00, 0x61, 0x08, 0x20, 0x00,
    0x60, 0x00, 0xE1, 0x08, 0x01, 0x09, 0x42, 0x11, 0x42, 0x11, 0xE1, 0x08, 0x60, 0x00, 0x00, 0x00,
    0x20, 0x00, 0xE2, 0x08, 0x01, 0x09, 0xE1, 0x08, 0xA1, 0x00, 0xE2, 0x08, 0x81, 0x08, 0x41, 0x00,
    0x21, 0x00, 0x20, 0x00, 0x41, 0x00, 0xC2, 0x08, 0x03, 0x09, 0xE2, 0x08, 0xE2, 0x08, 0xE2, 0x08,
    0xC2, 0x08, 0x81, 0x00, 0x61, 0x00, 0x41, 0x00, 0x40, 0x00, 0xE2, 0x08, 0x02, 0x09, 0xE2, 0x08,
    0xE2, 0x08, 0x02, 0x09, 0xE2, 0x08, 0xC2, 0x08, 0xC2, 0x08, 0xA2, 0x08, 0x81, 0x00, 0x61, 0x00,
    0xA2, 0x08, 0x40, 0x00, 0x41, 0x00, 0x61, 0x00, 0x41, 0x00, 0x41, 0x00, 0x61, 0x00, 0xE3, 0x08,
    0x64, 0x11, 0x63, 0x11, 0x43, 0x09, 0x43, 0x09, 0x23, 0x09, 0x23, 0x09, 0x03, 0x09, 0xE2, 0x08,
    0x43, 0x09, 0x85, 0x11, 0x23, 0x11, 0xC1, 0x08, 0xA2, 0x08, 0x61, 0x00, 0x61, 0x00, 0x23, 0x09,
    0x63, 0x11, 0x43, 0x11, 0x43, 0x09, 0x22, 0x09, 0x22, 0x09, 0x22, 0x09, 0x43, 0x09, 0x63, 0x11,
    0x81, 0x00, 0x81, 0x00, 0x81, 0x00, 0x61, 0x00, 0x41, 0x00, 0x41, 0x00, 0x61, 0x00, 0x61, 0x00,
    0x21, 0x00, 0x41, 0x00, 0x41, 0x00, 0x41, 0x00, 0x61, 0x00, 0x41, 0x00, 0x61, 0x00, 0x61, 0x00,
    0x61, 0x00, 0x40, 0x00, 0x81, 0x00, 0x61, 0x00, 0x41, 0x00, 0x61, 0x00, 0x41, 0x00, 0x20, 0x00,
    0x20, 0x00, 0x20, 0x00, 0x20, 0x00, 0x20, 0x00, 0x20, 0x00, 0x21, 0x00, 0x21, 0x00, 0x21, 0x00,
    0x41, 0x00, 0x03, 0x09, 0x23, 0x09, 0x23, 0x09, 0x43, 0x11, 0x02, 0x09, 0xA1, 0x00, 0xC1, 0x08,
    0xC1, 0x08, 0xC1, 0x08, 0xC1, 0x08, 0xC1, 0x08, 0xA1, 0x08, 0xA1, 0x08, 0x42, 0x11, 0xA3, 0x11,
    0x83, 0x11, 0xA3, 0x11, 0x41, 0x09, 0x63, 0x11, 0x81, 0x08, 0x20, 0x00, 0x41, 0x00, 0x40, 0x00,
    0x41, 0x00, 0x21, 0x00, 0x20, 0x00, 0xA1, 0x00, 0xC1, 0x08, 0xA1, 0x08, 0x81, 0x08, 0x81, 0x00,
    0xA1, 0x08, 0xC2, 0x08, 0xC2, 0x08, 0xA1, 0x00, 0xC2, 0x08, 0x81, 0x00, 0xA2, 0x08, 0xA1, 0x08,
    0x81, 0x00, 0xA1, 0x00, 0xC1, 0x00, 0xE2, 0x08, 0xE2, 0x08, 0xE1, 0x08, 0x81, 0x19, 0x61, 0x11,
    0x42, 0x11, 0xA1, 0x00, 0xE2, 0x08, 0x61, 0x00, 0x61, 0x00, 0x61, 0x00, 0xE2, 0x08, 0x63, 0x11,
    0x42, 0x11, 0x42, 0x09, 0x62, 0x11, 0x22, 0x11, 0xC1, 0x00, 0xC1, 0x08, 0xE1, 0x08, 0xC1, 0x08,
    0xE1, 0x08, 0xE1, 0x08, 0xA4, 0x19, 0x42, 0x11, 0x40, 0x00, 0x20, 0x00, 0x21, 0x00, 0x20, 0x00,
    0xC1, 0x08, 0x42, 0x09, 0x01, 0x09, 0x01, 0x09, 0x01, 0x09, 0x21, 0x09, 0xE2, 0x19, 0xA3, 0x19,
    0xA2, 0x08, 0xC2, 0x08, 0x22, 0x09, 0x61, 0x00, 0x21, 0x00, 0x41, 0x00, 0x41, 0x00, 0x61, 0x00,
    0x41, 0x00, 0x41, 0x00, 0x41, 0x00, 0x61, 0x00, 0x41, 0x00, 0x61, 0x00, 0x41, 0x00, 0x41, 0x00,
    0x41, 0x00, 0x20, 0x00, 0x61, 0x00, 0x21, 0x00, 0x20, 0x00, 0x20, 0x00, 0x20, 0x00, 0x41, 0x00,
    0x61, 0x00, 0x61, 0x00, 0x61, 0x00, 0x21, 0x00, 0x20, 0x00, 0xA1, 0x08, 0x42, 0x11, 0x22, 0x11,
    0x01, 0x09, 0xA3, 0x19, 0x05, 0x1A, 0xE2, 0x08, 0x00, 0x00, 0x21, 0x00, 0x21, 0x00, 0x21, 0x00,
    0x21, 0x00, 0x20, 0x00, 0x20, 0x00, 0x21, 0x00, 0x20, 0x00, 0x20, 0x00, 0x41, 0x00, 0x41, 0x00,
    0x41, 0x00, 0x41, 0x00, 0x41, 0x00, 0x20, 0x00, 0x41, 0x00, 0x61, 0x00, 0x41, 0x00, 0x61, 0x00,
    0xE1, 0x08, 0x21, 0x09, 0x62, 0x11, 0x42, 0x11, 0xA1, 0x00, 0x20, 0x00, 0x21, 0x00, 0x21, 0x00,
    0x41, 0x00, 0xA1, 0x00, 0x41, 0x11, 0x01, 0x09, 0xC1, 0x08, 0x81, 0x00, 0x61, 0x00, 0x61, 0x00,
    0x21, 0x00, 0x20, 0x00, 0x61, 0x00, 0xC2, 0x08, 0xC2, 0x08, 0xA1, 0x00, 0xC2, 0x08, 0xC1, 0x08,
    0xE2, 0x08, 0xA1, 0x08, 0x61, 0x00, 0x21, 0x00, 0x40, 0x00, 0x81, 0x00, 0xE2, 0x08, 0xE2, 0x08,
    0xC2, 0x08, 0xE2, 0x08, 0xE2, 0x08, 0xE2, 0x08, 0xC2, 0x08, 0xC2, 0x08, 0xA2, 0x08, 0x61, 0x00,
    0x61, 0x00, 0xA1, 0x08, 0x61, 0x00, 0x41, 0x00, 0x41, 0x00, 0x61, 0x00, 0xC2, 0x08, 0x23, 0x09,
    0xE2, 0x08, 0x03, 0x09, 0x03, 0x09, 0x02, 0x09, 0x03, 0x09, 0x23, 0x09, 0x23, 0x09, 0x02, 0x09,
    0x23, 0x09, 0x64, 0x11, 0x23, 0x11, 0xC2, 0x08, 0xC2, 0x08, 0x81, 0x08, 0x61, 0x00, 0x43, 0x09,
    0x63, 0x11, 0x63, 0x11, 0x63, 0x11, 0x42, 0x09, 0x43, 0x11, 0x43, 0x11, 0x43, 0x09, 0x63, 0x11,
    0xC1, 0x08, 0xC1, 0x08, 0xC1, 0x08, 0xC1, 0x08, 0xA1, 0x08, 0xA1, 0x00, 0x01, 0x09, 0x22, 0x11,
    0xC1, 0x00, 0xC1, 0x08, 0xE2, 0x08, 0x61, 0x00, 0x41, 0x00, 0x41, 0x00, 0x61, 0x00, 0x61, 0x00,
    0x61, 0x08, 0x41, 0x00, 0x61, 0x08, 0x61, 0x00, 0x41, 0x00, 0x61, 0x00, 0x41, 0x00, 0x41, 0x00,
    0x41, 0x00, 0x41, 0x00, 0x20, 0x00, 0x20, 0x00, 0x20, 0x00, 0x20, 0x00, 0x20, 0x00, 0x00, 0x00,
    0xA2, 0x08, 0x84, 0x11, 0x64, 0x11, 0x84, 0x11, 0x02, 0x09, 0xC1, 0x08, 0xC1, 0x08, 0xE2, 0x08,
    0xE1, 0x08, 0x02, 0x09, 0x02, 0x09, 0xA1, 0x00, 0x41, 0x00, 0x21, 0x00, 0xC1, 0x00, 0xA3, 0x11,
    0xA3, 0x11, 0x82, 0x11, 0x21, 0x09, 0x81, 0x00, 0x41, 0x00, 0x41, 0x00, 0x40, 0x00, 0x40, 0x00,
    0x40, 0x00, 0x41, 0x00, 0x40, 0x00, 0xE2, 0x08, 0xE1, 0x08, 0xC1, 0x08, 0xA1, 0x00, 0x81, 0x00,
    0xC2, 0x08, 0xC2, 0x08, 0xC2, 0x08, 0xA2, 0x08, 0xC2, 0x08, 0xA1, 0x08, 0xA1, 0x00, 0xC1, 0x08,
    0xE1, 0x08, 0x02, 0x09, 0x22, 0x09, 0x22, 0x09, 0x02, 0x09, 0xA2, 0x19, 0x61, 0x11, 0xA1, 0x19,
    0x41, 0x11, 0xC1, 0x08, 0xE2, 0x08, 0x61, 0x00, 0x81, 0x00, 0x61, 0x00, 0x43, 0x11, 0xC4, 0x19,
    0xA2, 0x11, 0xA3, 0x11, 0x82, 0x11, 0xE1, 0x08, 0xE1, 0x08, 0xE1, 0x08, 0xE1, 0x08, 0x01, 0x09,
    0x42, 0x11, 0x42, 0x11, 0x83, 0x11, 0x43, 0x11, 0x41, 0x00, 0x20, 0x00, 0x40, 0x00, 0x21, 0x00,
    0x40, 0x00, 0x62, 0x11, 0x62, 0x11, 0x41, 0x09, 0x21, 0x09, 0x40, 0x09, 0xA1, 0x19, 0x62, 0x11,
    0xA1, 0x08, 0xC2, 0x08, 0x81, 0x00, 0x41, 0x00, 0x41, 0x00, 0x61, 0x00, 0x61, 0x00, 0x41, 0x00,
    0x41, 0x00, 0x41, 0x00, 0x41, 0x00, 0x41, 0x00, 0x41, 0x00, 0x41, 0x00, 0x41, 0x00, 0x41, 0x00,
    0x41, 0x00, 0x61, 0x00, 0x61, 0x00, 0x20, 0x00, 0x20, 0x00, 0x41, 0x00, 0x40, 0x00, 0x61, 0x08,
    0x61, 0x00, 0x41, 0x00, 0x61, 0x00, 0x41, 0x00, 0x20, 0x00, 0x20, 0x00, 0xA1, 0x08, 0x62, 0x11,
    0x62, 0x11, 0x42, 0x11, 0xC3, 0x19, 0x84, 0x19, 0x61, 0x00, 0x21, 0x00, 0x20, 0x00, 0x41, 0x00,
    0x20, 0x00, 0x20, 0x00, 0x21, 0x00, 0x21, 0x00, 0x20, 0x00, 0x20, 0x00, 0x21, 0x00, 0x41, 0x00,
    0x20, 0x00, 0x41, 0x00, 0x41, 0x00, 0x40, 0x00, 0x41, 0x00, 0x41, 0x00, 0xA1, 0x08, 0x02, 0x09,
    0x22, 0x09, 0xC1, 0x00, 0x81, 0x00, 0x81, 0x00, 0x41, 0x00, 0x41, 0x00, 0x20, 0x00, 0x41, 0x00,
    0x41, 0x00, 0x61, 0x00, 0xE2, 0x08, 0xC1, 0x08, 0xE2, 0x08, 0x81, 0x00, 0x21, 0x00, 0x41, 0x00,
    0x21, 0x00, 0x20, 0x00, 0x82, 0x08, 0xA2, 0x08, 0x81, 0x00, 0x61, 0x00, 0xA1, 0x08, 0xC1, 0x08,
    0xE2, 0x08, 0x81, 0x00, 0x21, 0x00, 0x41, 0x00, 0x41, 0x00, 0x40, 0x00, 0x60, 0x00, 0xA1, 0x08,
    0xC2, 0x08, 0xE2, 0x08, 0xC2, 0x08, 0xE2, 0x08, 0xE2, 0x08, 0xC2, 0x08, 0xA2, 0x08, 0xA2, 0x08,
    0x41, 0x00, 0x61, 0x00, 0xA1, 0x08, 0xA1, 0x08, 0x81, 0x00, 0xE2, 0x08, 0x23, 0x09, 0x03, 0x09,
    0x03, 0x09, 0x23, 0x09, 0x23, 0x09, 0x03, 0x09, 0x03, 0x09, 0x23, 0x09, 0x23, 0x09, 0x02, 0x09,
    0xE2, 0x08, 0xE2, 0x08, 0xC1, 0x08, 0xC1, 0x00, 0xC2, 0x08, 0x81, 0x00, 0xA1, 0x08, 0x83, 0x11,
    0xA4, 0x11, 0x63, 0x11, 0x63, 0x11, 0x43, 0x11, 0x63, 0x11, 0x63, 0x11, 0x63, 0x09, 0x84, 0x11,
    0xC1, 0x08, 0xE1, 0x08, 0xE1, 0x08, 0xC1, 0x08, 0xE1, 0x08, 0x42, 0x11, 0x62, 0x11, 0x62, 0x11,
    0x21, 0x09, 0x21, 0x09, 0x21, 0x09, 0xE1, 0x08, 0xA2, 0x08, 0x61, 0x00, 0x61, 0x00, 0x41, 0x00,
    0x41, 0x00, 0x40, 0x00, 0x81, 0x08, 0x61, 0x00, 0x41, 0x00, 0x61, 0x00, 0x81, 0x00, 0xA1, 0x08,
    0xA2, 0x08, 0xA2, 0x08, 0x81, 0x08, 0x61, 0x00, 0x21, 0x00, 0x20, 0x00, 0x20, 0x00, 0x00, 0x00,
    0xA2, 0x08, 0x64, 0x11, 0x84, 0x11, 0x03, 0x09, 0xC1, 0x00, 0x02, 0x11, 0xE2, 0x08, 0x22, 0x11,
    0x02, 0x09, 0x81, 0x08, 0x81, 0x08, 0x40, 0x00, 0x21, 0x00, 0x21, 0x00, 0x61, 0x00, 0x43, 0x11,
    0xE4, 0x19, 0xA3, 0x11, 0x01, 0x09, 0x41, 0x00, 0x41, 0x00, 0x41, 0x00, 0x41, 0x00, 0x41, 0x00,
    0x40, 0x00, 0x41, 0x00, 0x40, 0x00, 0xC1, 0x08, 0x01, 0x09, 0xA1, 0x08, 0xA1, 0x00, 0xC1, 0x00,
    0xE2, 0x08, 0xC2, 0x08, 0xC2, 0x08, 0xA2, 0x00, 0xA1, 0x00, 0xC2, 0x08, 0x01, 0x09, 0x22, 0x09,
    0x42, 0x11, 0x42, 0x11, 0x62, 0x11, 0x22, 0x09, 0x62, 0x19, 0xE1, 0x21, 0x40, 0x11, 0xE2, 0x21,
    0x00, 0x09, 0x01, 0x09, 0xA1, 0x08, 0x61, 0x00, 0x81, 0x00, 0x60, 0x00, 0xE2, 0x08, 0xE4, 0x19,
    0xC3, 0x11, 0xC3, 0x19, 0x41, 0x11, 0x01, 0x09, 0x21, 0x09, 0x21, 0x09, 0x42, 0x11, 0x83, 0x19,
    0x63, 0x11, 0xE2, 0x08, 0xA3, 0x19, 0x83, 0x11, 0x61, 0x00, 0x20, 0x00, 0x40, 0x00, 0x41, 0x00,
    0x41, 0x00, 0xA1, 0x00, 0x62, 0x11, 0xC2, 0x19, 0xA2, 0x11, 0xA1, 0x11, 0xC2, 0x19, 0x21, 0x11,
    0x81, 0x00, 0xC1, 0x08, 0x61, 0x00, 0x41, 0x00, 0x41, 0x00, 0x61, 0x00, 0x41, 0x00, 0x20, 0x00,
    0x41, 0x00, 0x41, 0x00, 0x41, 0x00, 0x61, 0x00, 0x61, 0x00, 0x82, 0x08, 0x61, 0x00, 0x61, 0x00,
    0x61, 0x00, 0x61, 0x00, 0x41, 0x00, 0x41, 0x00, 0x41, 0x00, 0x41, 0x00, 0x41, 0x00, 0x61, 0x00,
    0x81, 0x00, 0x61, 0x00, 0x41, 0x00, 0x61, 0x00, 0x41, 0x00, 0x21, 0x00, 0x20, 0x00, 0x60, 0x00,
    0xC1, 0x08, 0x42, 0x11, 0xA3, 0x11, 0x63, 0x11, 0x61, 0x00, 0x41, 0x00, 0x41, 0x00, 0x61, 0x00,
    0x41, 0x00, 0x41, 0x00, 0x40, 0x00, 0x40, 0x00, 0x40, 0x00, 0x40, 0x00, 0x41, 0x00, 0x40, 0x00,
    0x20, 0x00, 0x41, 0x00, 0x41, 0x00, 0x20, 0x00, 0x61, 0x00, 0xE2, 0x08, 0x02, 0x11, 0xE1, 0x08,
    0xA1, 0x00, 0x81, 0x00, 0x61, 0x00, 0x81, 0x00, 0x40, 0x00, 0x41, 0x00, 0x41, 0x00, 0x41, 0x00,
    0x41, 0x00, 0x41, 0x00, 0x61, 0x00, 0x41, 0x00, 0x61, 0x00, 0x81, 0x00, 0x20, 0x00, 0x20, 0x00,
    0x21, 0x00, 0x20, 0x00, 0x41, 0x00, 0x41, 0x00, 0x61, 0x00, 0x41, 0x00, 0x61, 0x00, 0x61, 0x00,
    0x61, 0x00, 0x61, 0x00, 0x40, 0x00, 0x41, 0x00, 0x41, 0x00, 0x41, 0x00, 0x40, 0x00, 0x41, 0x00,
    0x61, 0x00, 0x81, 0x00, 0xA2, 0x08, 0xC2, 0x08, 0xE2, 0x08, 0xC2, 0x08, 0xC2, 0x08, 0xC2, 0x08,
    0x81, 0x00, 0x41, 0x00, 0x61, 0x00, 0xA1, 0x00, 0xE2, 0x08, 0xC2, 0x08, 0x02, 0x09, 0x43, 0x11,
    0x43, 0x11, 0x63, 0x11, 0x43, 0x11, 0x43, 0x09, 0x63, 0x11, 0x23, 0x09, 0x02, 0x09, 0xE2, 0x08,
    0xE2, 0x08, 0xC1, 0x08, 0xC1, 0x08, 0xC1, 0x08, 0xC1, 0x08, 0x40, 0x00, 0xA1, 0x08, 0x84, 0x11,
    0x84, 0x11, 0x63, 0x09, 0x83, 0x11, 0x83, 0x11, 0x83, 0x11, 0x63, 0x11, 0x83, 0x11, 0x84, 0x11,
    0xE2, 0x08, 0xE1, 0x08, 0xE1, 0x08, 0xC1, 0x08, 0x62, 0x11, 0xA2, 0x19, 0x82, 0x11, 0x62, 0x11,
    0x41, 0x11, 0x21, 0x11, 0x21, 0x09, 0x21, 0x09, 0x22, 0x11, 0xA1, 0x00, 0x41, 0x00, 0x41, 0x00,
    0x40, 0x00, 0x41, 0x00, 0x61, 0x00, 0x61, 0x00, 0x61, 0x00, 0x81, 0x00, 0xA1, 0x08, 0xC2, 0x08,
    0xA1, 0x08, 0xA1, 0x08, 0xA1, 0x08, 0xA1, 0x08, 0xA1, 0x08, 0x61, 0x00, 0x20, 0x00, 0x01, 0x00,
    0x41, 0x00, 0x23, 0x09, 0x43, 0x09, 0xE2, 0x08, 0xE2, 0x08, 0x03, 0x09, 0x81, 0x00, 0xA1, 0x08,
    0x61, 0x00, 0x20, 0x00, 0x40, 0x00, 0x40, 0x00, 0x21, 0x00, 0x41, 0x00, 0x20, 0x00, 0x81, 0x00,
    0x63, 0x11, 0x82, 0x09, 0x62, 0x11, 0x61, 0x00, 0x41, 0x00, 0x41, 0x00, 0x41, 0x00, 0x41, 0x00,
    0x41, 0x00, 0x41, 0x00, 0x41, 0x00, 0x02, 0x11, 0x02, 0x09, 0xC1, 0x08, 0xC1, 0x08, 0xE2, 0x08,
    0xE2, 0x08, 0xC2, 0x08, 0xC2, 0x08, 0xE2, 0x08, 0x02, 0x09, 0x42, 0x11, 0x42, 0x11, 0x42, 0x11,
    0x42, 0x09, 0x42, 0x09, 0x63, 0x11, 0x22, 0x09, 0x02, 0x2A, 0x60, 0x11, 0xA1, 0x19, 0x02, 0x2A,
    0x01, 0x09, 0x42, 0x11, 0xA1, 0x08, 0x61, 0x00, 0x81, 0x00, 0x81, 0x00, 0xA1, 0x00, 0xA3, 0x19,
    0xE3, 0x19, 0xC2, 0x11, 0x61, 0x09, 0x81, 0x11, 0xA2, 0x11, 0xA2, 0x19, 0xC3, 0x19, 0x42, 0x11,
    0xA1, 0x00, 0x61, 0x00, 0xA4, 0x19, 0xC4, 0x19, 0x61, 0x00, 0x20, 0x00, 0x41, 0x00, 0x41, 0x00,
    0x41, 0x00, 0x41, 0x00, 0x81, 0x00, 0x22, 0x11, 0x62, 0x11, 0x62, 0x11, 0xE3, 0x21, 0x82, 0x19,
    0x82, 0x00, 0xA1, 0x08, 0xA2, 0x08, 0x61, 0x00, 0x20, 0x00, 0x21, 0x00, 0x21, 0x00, 0x41, 0x00,
    0x41, 0x00, 0x61, 0x00, 0x82, 0x08, 0x82, 0x00, 0xC2, 0x08, 0x81, 0x00, 0x61, 0x00, 0x41, 0x00,
    0x41, 0x00, 0x41, 0x00, 0x41, 0x00, 0x62, 0x08, 0x61, 0x00, 0x41, 0x00, 0x41, 0x00, 0x61, 0x00,
    0x61, 0x00, 0x41, 0x00, 0x41, 0x00, 0x41, 0x00, 0x61, 0x00, 0x61, 0x00, 0x82, 0x08, 0x61, 0x00,
    0x61, 0x00, 0x61, 0x00, 0x42, 0x11, 0x22, 0x11, 0x21, 0x00, 0x61, 0x00, 0x41, 0x00, 0x41, 0x00,
    0x41, 0x00, 0x41, 0x00, 0x41, 0x00, 0x41, 0x00, 0x41, 0x00, 0x41, 0x00, 0x41, 0x00, 0x41, 0x00,
    0x41, 0x00, 0x21, 0x00, 0x40, 0x00, 0x81, 0x08, 0xE2, 0x08, 0xE1, 0x08, 0xC1, 0x08, 0xA1, 0x08,
    0x81, 0x00, 0x61, 0x00, 0x61, 0x00, 0x61, 0x00, 0x41, 0x00, 0x21, 0x00, 0x21, 0x00, 0x41, 0x00,
    0x40, 0x00, 0x41, 0x00, 0x41, 0x00, 0x41, 0x00, 0x20, 0x00, 0x20, 0x00, 0x20, 0x00, 0x20, 0x00,
    0x21, 0x00, 0x20, 0x00, 0x20, 0x00, 0x41, 0x00, 0x41, 0x00, 0x61, 0x00, 0x41, 0x00, 0x41, 0x00,
    0x41, 0x00, 0x61, 0x00, 0x41, 0x00, 0x41, 0x00, 0x41, 0x00, 0x41, 0x00, 0x61, 0x00, 0x61, 0x00,
    0x61, 0x00, 0x61, 0x08, 0x81, 0x08, 0xA1, 0x00, 0x81, 0x00, 0xA2, 0x08, 0xA2, 0x08, 0xA2, 0x08,
    0x81, 0x08, 0x41, 0x00, 0x41, 0x00, 0x40, 0x00, 0x61, 0x00, 0xC2, 0x08, 0xE2, 0x08, 0x23, 0x09,
    0x43, 0x09, 0x43, 0x09, 0x43, 0x09, 0x43, 0x09, 0x23, 0x09, 0x02, 0x09, 0xE2, 0x08, 0x02, 0x09,
    0xE1, 0x08, 0xE2, 0x08, 0xE2, 0x08, 0xC2, 0x08, 0x61, 0x00, 0x20, 0x00, 0xC1, 0x08, 0x84, 0x11,
    0x63, 0x11, 0x84, 0x11, 0xA4, 0x11, 0xA4, 0x11, 0x84, 0x11, 0x83, 0x11, 0xA4, 0x11, 0xA4, 0x11,
    0xC1, 0x08, 0xC1, 0x08, 0xE1, 0x08, 0x21, 0x09, 0xA2, 0x11, 0xC2, 0x11, 0xA2, 0x11, 0x61, 0x11,
    0x41, 0x11, 0x41, 0x11, 0x21, 0x09, 0x41, 0x11, 0x82, 0x11, 0x01, 0x09, 0xA1, 0x00, 0x61, 0x00,
    0x61, 0x08, 0x61, 0x00, 0x61, 0x00, 0x81, 0x00, 0x81, 0x00, 0xA1, 0x08, 0xA1, 0x00, 0xA1, 0x00,
    0xA1, 0x08, 0xA1, 0x08, 0xA1, 0x00, 0xC1, 0x00, 0xC1, 0x08, 0xA2, 0x08, 0x81, 0x00, 0x20, 0x00,
    0xC2, 0x08, 0x64, 0x11, 0x43, 0x11, 0xC2, 0x08, 0x40, 0x00, 0x41, 0x00, 0x20, 0x00, 0x20, 0x00,
    0x21, 0x00, 0x41, 0x00, 0x41, 0x00, 0x41, 0x00, 0x21, 0x00, 0x20, 0x00, 0x41, 0x00, 0x20, 0x00,
    0x61, 0x00, 0x02, 0x09, 0x22, 0x11, 0x41, 0x00, 0x41, 0x00, 0x61, 0x00, 0x41, 0x00, 0x41, 0x00,
    0x61, 0x00, 0x61, 0x00, 0x40, 0x00, 0xE2, 0x08, 0x02, 0x09, 0xC1, 0x08, 0xC1, 0x00, 0x02, 0x09,
    0xE1, 0x08, 0xC1, 0x08, 0xA1, 0x00, 0x63, 0x11, 0x83, 0x11, 0x82, 0x11, 0x62, 0x11, 0x62, 0x11,
    0x83, 0x11, 0xA3, 0x11, 0x01, 0x09, 0xE2, 0x29, 0x21, 0x2A, 0x40, 0x11, 0x43, 0x32, 0xA2, 0x21,
    0x42, 0x09, 0x22, 0x11, 0x81, 0x00, 0xA2, 0x08, 0xA2, 0x08, 0x81, 0x00, 0x61, 0x00, 0x22, 0x11,
    0x04, 0x22, 0xC2, 0x11, 0xC2, 0x11, 0xC2, 0x19, 0xC3, 0x19, 0x63, 0x19, 0xC1, 0x08, 0x60, 0x00,
    0x61, 0x00, 0x61, 0x00, 0x63, 0x11, 0xE4, 0x21, 0x61, 0x00, 0x41, 0x00, 0x41, 0x00, 0x41, 0x00,
    0x41, 0x00, 0x61, 0x00, 0x61, 0x00, 0x61, 0x00, 0x61, 0x00, 0x61, 0x00, 0xE2, 0x08, 0x83, 0x21,
    0xA1, 0x00, 0x81, 0x00, 0x23, 0x19, 0x63, 0x29, 0x20, 0x00, 0x61, 0x00, 0x61, 0x00, 0x61, 0x00,
    0x82, 0x08, 0x61, 0x00, 0xA2, 0x08, 0xE3, 0x08, 0xE3, 0x08, 0xC3, 0x08, 0x61, 0x00, 0x61, 0x00,
    0x61, 0x00, 0x20, 0x00, 0x41, 0x00, 0x61, 0x00, 0x61, 0x00, 0x61, 0x00, 0x61, 0x00, 0x61, 0x00,
    0x61, 0x00, 0xC3, 0x10, 0xC3, 0x10, 0xA2, 0x08, 0xE3, 0x10, 0xE3, 0x10, 0xA2, 0x08, 0x41, 0x00,
    0x41, 0x00, 0x21, 0x00, 0x81, 0x08, 0x02, 0x11, 0x41, 0x00, 0x61, 0x00, 0x41, 0x00, 0x41, 0x00,
    0x41, 0x00, 0x40, 0x00, 0x40, 0x00, 0x41, 0x00, 0x41, 0x00, 0x41, 0x00, 0x61, 0x00, 0x41, 0x00,
    0x41, 0x00, 0x61, 0x00, 0xA1, 0x08, 0xE2, 0x08, 0xC1, 0x08, 0xC1, 0x00, 0xA1, 0x08, 0x82, 0x08,
    0x61, 0x00, 0x20, 0x00, 0x41, 0x00, 0x61, 0x00, 0x61, 0x00, 0x61, 0x00, 0x20, 0x00, 0x21, 0x00,
    0x41, 0x00, 0x61, 0x00, 0x41, 0x00, 0x20, 0x00, 0x21, 0x00, 0x41, 0x00, 0x21, 0x00, 0x41, 0x00,
    0x21, 0x00, 0x20, 0x00, 0x20, 0x00, 0x41, 0x00, 0x81, 0x00, 0xA2, 0x00, 0x81, 0x00, 0x61, 0x00,
    0x61, 0x00, 0x61, 0x00, 0x61, 0x00, 0x20, 0x00, 0x61, 0x00, 0x82, 0x00, 0xA2, 0x08, 0xA2, 0x08,
    0xE3, 0x10, 0x64, 0x29, 0x63, 0x21, 0x62, 0x21, 0xC1, 0x08, 0x20, 0x00, 0x40, 0x00, 0x61, 0x00,
    0x41, 0x00, 0x41, 0x00, 0x20, 0x00, 0x20, 0x00, 0x20, 0x00, 0x61, 0x00, 0xA2, 0x08, 0x81, 0x00,
    0x03, 0x09, 0x43, 0x11, 0x23, 0x09, 0xE2, 0x08, 0xE2, 0x08, 0xE2, 0x08, 0xE2, 0x08, 0xC1, 0x08,
    0xA1, 0x08, 0xA1, 0x08, 0x81, 0x00, 0x40, 0x00, 0x20, 0x00, 0x20, 0x00, 0xE2, 0x08, 0x63, 0x09,
    0xA4, 0x19, 0xA4, 0x11, 0xA4, 0x11, 0xA4, 0x11, 0xA4, 0x11, 0xC4, 0x11, 0xC4, 0x11, 0xA4, 0x11,
    0xA1, 0x00, 0xA1, 0x00, 0x42, 0x11, 0xE3, 0x19, 0xC2, 0x19, 0xC2, 0x19, 0x81, 0x11, 0x61, 0x11,
    0x82, 0x11, 0x82, 0x11, 0x82, 0x11, 0x61, 0x09, 0x82, 0x11, 0x82, 0x11, 0x22, 0x09, 0xC1, 0x08,
    0x81, 0x00, 0x81, 0x08, 0xA1, 0x00, 0x81, 0x00, 0x81, 0x00, 0x81, 0x00, 0x81, 0x00, 0xA1, 0x00,
    0xA1, 0x08, 0xC1, 0x08, 0xC1, 0x08, 0xC1, 0x08, 0xC1, 0x08, 0xE2, 0x08, 0xE2, 0x08, 0xA1, 0x08,
    0xC1, 0x08, 0xE2, 0x08, 0x81, 0x00, 0x21, 0x00, 0x21, 0x00, 0x21, 0x00, 0x20, 0x00, 0x41, 0x00,
    0x41, 0x00, 0x41, 0x00, 0x21, 0x00, 0x41, 0x00, 0x41, 0x00, 0x40, 0x00, 0x40, 0x00, 0x41, 0x00,
    0x21, 0x00, 0x40, 0x00, 0xC2, 0x08, 0x61, 0x00, 0x61, 0x00, 0x61, 0x00, 0x61, 0x00, 0x61, 0x00,
    0x61, 0x00, 0x61, 0x00, 0x41, 0x00, 0x23, 0x11, 0x22, 0x11, 0xC1, 0x08, 0x01, 0x09, 0x22, 0x09,
    0xE1, 0x08, 0xC1, 0x08, 0x63, 0x11, 0xC3, 0x11, 0xC3, 0x11, 0xA3, 0x11, 0x83, 0x11, 0xA3, 0x19,
    0xC3, 0x19, 0x22, 0x09, 0x61, 0x19, 0xE2, 0x42, 0xA0, 0x19, 0x21, 0x2A, 0x63, 0x3A, 0x21, 0x09,
    0x83, 0x11, 0x80, 0x00, 0x81, 0x00, 0xC2, 0x08, 0x81, 0x00, 0x81, 0x00, 0x81, 0x08, 0xA1, 0x00,
    0xE3, 0x19, 0x24, 0x22, 0x82, 0x11, 0xE1, 0x08, 0xC1, 0x00, 0x81, 0x00, 0x81, 0x00, 0x81, 0x00,
    0x81, 0x00, 0x81, 0x00, 0x22, 0x09, 0x63, 0x11, 0x41, 0x00, 0x41, 0x00, 0x61, 0x00, 0x41, 0x00,
    0x41, 0x00, 0x41, 0x00, 0x61, 0x00, 0x81, 0x00, 0x61, 0x00, 0x61, 0x00, 0x61, 0x00, 0x81, 0x00,
    0xC2, 0x08, 0xC1, 0x08, 0x43, 0x21, 0xA3, 0x29, 0xA1, 0x10, 0x61, 0x00, 0x81, 0x08, 0x61, 0x00,
    0x61, 0x00, 0xA2, 0x08, 0xC3, 0x08, 0xA2, 0x08, 0x82, 0x00, 0x81, 0x00, 0x82, 0x00, 0xA2, 0x00,
    0x81, 0x00, 0x61, 0x00, 0x81, 0x00, 0xA1, 0x08, 0xC2, 0x08, 0xC2, 0x08, 0xE2, 0x08, 0xC2, 0x08,
    0xA1, 0x00, 0x03, 0x11, 0x44, 0x19, 0x04, 0x11, 0x45, 0x19, 0x86, 0x21, 0xE3, 0x10, 0x41, 0x00,
    0x41, 0x00, 0x41, 0x00, 0x61, 0x00, 0xA1, 0x08, 0x41, 0x00, 0x41, 0x00, 0x41, 0x00, 0x61, 0x00,
    0x61, 0x00, 0x61, 0x00, 0x41, 0x00, 0x20, 0x00, 0x40, 0x00, 0x41, 0x00, 0xA2, 0x08, 0x61, 0x00,
    0x81, 0x00, 0xA2, 0x08, 0xA1, 0x08, 0x81, 0x00, 0xA1, 0x08, 0x81, 0x00, 0x61, 0x00, 0x41, 0x00,
    0x20, 0x00, 0x20, 0x00, 0x40, 0x00, 0x61, 0x00, 0xA1, 0x08, 0x02, 0x09, 0x61, 0x00, 0x20, 0x00,
    0x41, 0x00, 0x61, 0x00, 0x41, 0x00, 0x41, 0x00, 0x20, 0x00, 0x21, 0x00, 0x21, 0x00, 0x41, 0x00,
    0x41, 0x00, 0x20, 0x00, 0x20, 0x00, 0x61, 0x00, 0xC2, 0x08, 0xE3, 0x08, 0x82, 0x00, 0x62, 0x00,
    0x82, 0x08, 0x61, 0x08, 0x21, 0x00, 0x41, 0x00, 0xA2, 0x08, 0xC2, 0x08, 0xE3, 0x08, 0xA2, 0x00,
    0x41, 0x00, 0x03, 0x19, 0x04, 0x32, 0x02, 0x32, 0xE3, 0x29, 0xA4, 0x29, 0xC3, 0x10, 0x61, 0x00,
    0x41, 0x00, 0x41, 0x00, 0x41, 0x00, 0x61, 0x00, 0x81, 0x00, 0x40, 0x00, 0x20, 0x00, 0x20, 0x00,
    0x40, 0x00, 0xA1, 0x00, 0xE2, 0x08, 0xE2, 0x08, 0xA1, 0x08, 0xA1, 0x00, 0x81, 0x00, 0x61, 0x00,
    0x40, 0x00, 0x20, 0x00, 0x21, 0x00, 0x21, 0x00, 0x20, 0x00, 0x61, 0x00, 0x23, 0x09, 0x84, 0x11,
    0xA8, 0x3A, 0xC5, 0x19, 0xA4, 0x11, 0x84, 0x11, 0x43, 0x09, 0x23, 0x09, 0xE2, 0x08, 0x81, 0x00,
    0xC1, 0x08, 0xE1, 0x08, 0xA3, 0x19, 0xE3, 0x19, 0xC2, 0x19, 0xC2, 0x19, 0x82, 0x11, 0xA2, 0x11,
    0xA2, 0x11, 0xA2, 0x11, 0x81, 0x09, 0xC3, 0x19, 0x03, 0x1A, 0x82, 0x11, 0x62, 0x11, 0x42, 0x11,
    0xE1, 0x08, 0xA1, 0x00, 0xA1, 0x08, 0xC2, 0x08, 0xE2, 0x08, 0xC1, 0x08, 0xC2, 0x08, 0xC1, 0x00,
    0xA1, 0x08, 0xA1, 0x00, 0xA1, 0x08, 0xE2, 0x08, 0x02, 0x09, 0x02, 0x09, 0x02, 0x09, 0x23, 0x09,
    0xA1, 0x00, 0x20, 0x00, 0x21, 0x00, 0x21, 0x00, 0x20, 0x00, 0x20, 0x00, 0x41, 0x00, 0x41, 0x00,
    0x41, 0x00, 0x41, 0x00, 0x61, 0x00, 0x61, 0x00, 0x81, 0x00, 0x81, 0x00, 0x61, 0x00, 0x81, 0x08,
    0x81, 0x00, 0x81, 0x00, 0x81, 0x00, 0x81, 0x00, 0x61, 0x00, 0x61, 0x00, 0x61, 0x00, 0x61, 0x00,
    0x61, 0x00, 0x61, 0x00, 0x41, 0x00, 0x02, 0x09, 0x22, 0x11, 0xE1, 0x08, 0x22, 0x09, 0x22, 0x09,
    0xA1, 0x00, 0x63, 0x11, 0x04, 0x1A, 0xE4, 0x19, 0xE4, 0x19, 0xE4, 0x11, 0xC3, 0x11, 0xE4, 0x19,
    0x83, 0x11, 0x00, 0x09, 0xC4, 0x42, 0x21, 0x32, 0xC1, 0x21, 0x02, 0x2A, 0x61, 0x11, 0x42, 0x09,
    0x43, 0x11, 0x40, 0x00, 0x81, 0x08, 0xA1, 0x00, 0xA1, 0x08, 0xC2, 0x08, 0x81, 0x00, 0xA1, 0x00,
    0xC3, 0x19, 0x83, 0x19, 0xA1, 0x00, 0xA1, 0x00, 0xA1, 0x08, 0xA1, 0x00, 0xA1, 0x00, 0xA1, 0x08,
    0xC2, 0x08, 0xE2, 0x08, 0x02, 0x11, 0xC1, 0x08, 0x81, 0x08, 0x61, 0x08, 0x41, 0x00, 0x40, 0x00,
    0x41, 0x00, 0x41, 0x00, 0x61, 0x00, 0x61, 0x00, 0x61, 0x00, 0x61, 0x00, 0xA1, 0x08, 0x22, 0x11,
    0x41, 0x09, 0xA3, 0x21, 0xE4, 0x31, 0xC3, 0x29, 0x84, 0x29, 0x82, 0x08, 0x81, 0x08, 0x61, 0x00,
    0x41, 0x00, 0x61, 0x00, 0x61, 0x00, 0x61, 0x00, 0x61, 0x00, 0x81, 0x00, 0x81, 0x00, 0x81, 0x00,
    0x81, 0x00, 0x81, 0x00, 0x81, 0x00, 0xA1, 0x08, 0xC2, 0x08, 0xC1, 0x08, 0xA1, 0x08, 0xA1, 0x08,
    0xA1, 0x08, 0x81, 0x00, 0x81, 0x00, 0xA2, 0x08, 0xC3, 0x08, 0x04, 0x11, 0x07, 0x3A, 0x86, 0x29,
    0x20, 0x00, 0x41, 0x00, 0x61, 0x00, 0x61, 0x00, 0x61, 0x00, 0x61, 0x00, 0x61, 0x00, 0x61, 0x00,
    0x61, 0x00, 0x61, 0x00, 0x61, 0x00, 0x41, 0x00, 0x40, 0x00, 0x41, 0x00, 0xC1, 0x08, 0xE2, 0x08,
    0xA1, 0x08, 0x61, 0x00, 0x41, 0x00, 0x61, 0x00, 0x81, 0x00, 0x61, 0x00, 0x41, 0x00, 0x20, 0x00,
    0x20, 0x00, 0x20, 0x00, 0x20, 0x00, 0x81, 0x00, 0xA1, 0x00, 0xA1, 0x00, 0x61, 0x00, 0x21, 0x00,
    0x41, 0x00, 0x61, 0x00, 0x61, 0x00, 0x41, 0x00, 0x41, 0x00, 0x41, 0x00, 0x21, 0x00, 0x41, 0x00,
    0x21, 0x00, 0x20, 0x00, 0x20, 0x00, 0x81, 0x00, 0x44, 0x11, 0x03, 0x09, 0x61, 0x00, 0x45, 0x21,
    0xAA, 0x52, 0x63, 0x21, 0x81, 0x08, 0x82, 0x08, 0xA1, 0x08, 0xE2, 0x08, 0x03, 0x09, 0xA1, 0x00,
    0x40, 0x00, 0xA2, 0x08, 0xC1, 0x08, 0xE2, 0x29, 0x02, 0x2A, 0x43, 0x32, 0x04, 0x32, 0x61, 0x00,
    0x40, 0x00, 0x41, 0x00, 0x61, 0x00, 0xE2, 0x08, 0x23, 0x09, 0xA1, 0x08, 0x20, 0x00, 0x20, 0x00,
    0x20, 0x00, 0x41, 0x00, 0x41, 0x00, 0x41, 0x00, 0x40, 0x00, 0x41, 0x00, 0x21, 0x00, 0x20, 0x00,
    0x20, 0x00, 0x41, 0x00, 0x20, 0x00, 0x40, 0x00, 0x61, 0x00, 0xC2, 0x08, 0x43, 0x11, 0x22, 0x09,
    0x02, 0x09, 0xA2, 0x00, 0xA1, 0x00, 0x81, 0x00, 0x41, 0x00, 0x61, 0x00, 0x61, 0x00, 0x81, 0x00,
    0xE1, 0x08, 0x42, 0x09, 0x65, 0x2A, 0x24, 0x22, 0xE2, 0x19, 0xA2, 0x11, 0x82, 0x11, 0xA2, 0x11,
    0xC2, 0x11, 0xC2, 0x19, 0xA2, 0x11, 0xC2, 0x19, 0xE3, 0x19, 0xC3, 0x19, 0x82, 0x11, 0x62, 0x11,
    0x61, 0x11, 0x21, 0x09, 0x61, 0x00, 0x61, 0x00, 0xC2, 0x08, 0xC1, 0x08, 0xE2, 0x08, 0xE2, 0x08,
    0x43, 0x11, 0x22, 0x09, 0xE2, 0x08, 0xE2, 0x08, 0xE1, 0x08, 0xE2, 0x08, 0x22, 0x09, 0x22, 0x09,
    0x81, 0x00, 0x20, 0x00, 0x41, 0x00, 0x41, 0x00, 0x61, 0x00, 0x61, 0x00, 0x20, 0x00, 0x41, 0x00,
    0x61, 0x00, 0x81, 0x00, 0xA2, 0x08, 0xA2, 0x08, 0xA2, 0x08, 0xA1, 0x00, 0xC2, 0x08, 0xA2, 0x00,
    0xC2, 0x08, 0xC2, 0x08, 0xA1, 0x00, 0x82, 0x08, 0x81, 0x00, 0x81, 0x00, 0x61, 0x00, 0x61, 0x00,
    0x61, 0x00, 0x61, 0x00, 0x41, 0x00, 0x02, 0x09, 0x42, 0x11, 0x02, 0x09, 0x63, 0x11, 0xE1, 0x08,
    0x22, 0x09, 0xE4, 0x19, 0x04, 0x1A, 0x04, 0x1A, 0x04, 0x1A, 0xE4, 0x19, 0x04, 0x1A, 0xA3, 0x11,
    0x01, 0x01, 0x61, 0x19, 0xA3, 0x42, 0xE0, 0x21, 0xE1, 0x29, 0x41, 0x11, 0x61, 0x09, 0x83, 0x11,
    0xC1, 0x08, 0x40, 0x00, 0xA1, 0x08, 0xE2, 0x08, 0x02, 0x09, 0xA1, 0x00, 0xC1, 0x08, 0xC1, 0x08,
    0xE2, 0x08, 0xE1, 0x08, 0xA1, 0x08, 0xA1, 0x00, 0xE1, 0x08, 0xE2, 0x08, 0xE1, 0x08, 0x22, 0x09,
    0x22, 0x09, 0x02, 0x09, 0xE2, 0x08, 0x22, 0x09, 0x62, 0x11, 0x02, 0x11, 0xE3, 0x10, 0x82, 0x08,
    0x61, 0x00, 0x41, 0x00, 0x41, 0x00, 0x61, 0x00, 0x61, 0x00, 0x81, 0x00, 0x42, 0x11, 0xC2, 0x19,
    0x81, 0x11, 0xE8, 0x52, 0x25, 0x3A, 0xE3, 0x29, 0xE3, 0x29, 0x43, 0x19, 0x61, 0x00, 0x61, 0x00,
    0x41, 0x00, 0x41, 0x00, 0x41, 0x00, 0x61, 0x00, 0x61, 0x00, 0x61, 0x00, 0x61, 0x00, 0x61, 0x00,
    0x61, 0x00, 0x81, 0x00, 0x81, 0x00, 0x81, 0x08, 0x61, 0x00, 0x61, 0x00, 0x61, 0x00, 0x41, 0x00,
    0x61, 0x00, 0x41, 0x00, 0x61, 0x00, 0x61, 0x00, 0x61, 0x00, 0x40, 0x00, 0xA2, 0x08, 0x24, 0x19,
    0x81, 0x08, 0x61, 0x00, 0x81, 0x00, 0x61, 0x00, 0x82, 0x08, 0x82, 0x00, 0x82, 0x00, 0x82, 0x00,
    0x81, 0x00, 0x61, 0x00, 0x41, 0x00, 0x41, 0x00, 0x41, 0x00, 0x41, 0x00, 0xC1, 0x08, 0x01, 0x09,
    0xE1, 0x08, 0xA1, 0x08, 0x81, 0x08, 0x81, 0x00, 0x60, 0x00, 0x60, 0x00, 0x41, 0x00, 0x41, 0x00,
    0x41, 0x00, 0x41, 0x00, 0x41, 0x00, 0x61, 0x00, 0xA1, 0x08, 0x61, 0x00, 0x41, 0x00, 0x41, 0x00,
    0x40, 0x00, 0x61, 0x00, 0x61, 0x00, 0x41, 0x00, 0x41, 0x00, 0x41, 0x00, 0x41, 0x00, 0x41, 0x00,
    0x20, 0x00, 0x20, 0x00, 0x00, 0x00, 0xA2, 0x00, 0x85, 0x11, 0x44, 0x11, 0xA2, 0x00, 0x86, 0x29,
    0x26, 0x32, 0x81, 0x11, 0x41, 0x11, 0x81, 0x00, 0x00, 0x00, 0x61, 0x00, 0xE2, 0x08, 0x81, 0x00,
    0x20, 0x00, 0xE3, 0x18, 0x44, 0x29, 0xA1, 0x08, 0xE2, 0x29, 0xE2, 0x21, 0x43, 0x32, 0xA3, 0x29,
    0x41, 0x00, 0x61, 0x00, 0x61, 0x00, 0x02, 0x09, 0x22, 0x09, 0x43, 0x11, 0x61, 0x00, 0x41, 0x00,
    0x41, 0x00, 0x61, 0x00, 0x41, 0x00, 0x40, 0x00, 0x41, 0x00, 0x21, 0x00, 0x20, 0x00, 0x20, 0x00,
    0x21, 0x00, 0x40, 0x00, 0x81, 0x00, 0xE2, 0x08, 0x02, 0x09, 0xE2, 0x08, 0xC1, 0x08, 0xA1, 0x08,
    0x81, 0x00, 0x61, 0x00, 0x61, 0x00, 0x61, 0x00, 0x81, 0x00, 0x81, 0x00, 0xA1, 0x08, 0xA1, 0x08,
    0x01, 0x09, 0x83, 0x11, 0x24, 0x22, 0xA2, 0x11, 0xC2, 0x11, 0xA2, 0x11, 0xC2, 0x11, 0xC2, 0x11,
    0xC2, 0x11, 0xA2, 0x11, 0x82, 0x11, 0xC2, 0x19, 0xC2, 0x19, 0xC2, 0x19, 0xA2, 0x11, 0xA2, 0x11,
    0x82, 0x11, 0xC3, 0x19, 0x83, 0x11, 0x40, 0x00, 0x21, 0x00, 0x20, 0x00, 0x41, 0x00, 0x61, 0x00,
    0x81, 0x00, 0xC2, 0x08, 0xA1, 0x08, 0xE2, 0x08, 0x03, 0x11, 0x43, 0x11, 0x43, 0x09, 0x63, 0x11,
    0x81, 0x00, 0x61, 0x00, 0xC1, 0x00, 0xE1, 0x08, 0x02, 0x09, 0x42, 0x11, 0xE2, 0x08, 0xA1, 0x00,
    0xC2, 0x08, 0x02, 0x09, 0xE2, 0x08, 0xE2, 0x08, 0xC2, 0x08, 0xE2, 0x08, 0xE2, 0x08, 0xE2, 0x08,
    0xE2, 0x08, 0xC2, 0x08, 0x02, 0x09, 0xE2, 0x08, 0xE2, 0x08, 0xC1, 0x08, 0xC1, 0x08, 0xA1, 0x00,
    0x61, 0x00, 0x40, 0x00, 0x40, 0x00, 0x22, 0x11, 0x42, 0x09, 0x83, 0x11, 0x83, 0x11, 0x02, 0x09,
    0xC4, 0x19, 0x25, 0x22, 0x25, 0x22, 0x05, 0x1A, 0x04, 0x1A, 0x04, 0x1A, 0xE3, 0x19, 0x82, 0x11,
    0x21, 0x09, 0x41, 0x11, 0x62, 0x32, 0x22, 0x32, 0x61, 0x11, 0x62, 0x09, 0x82, 0x11, 0x02, 0x09,
    0x40, 0x00, 0x40, 0x00, 0xA1, 0x08, 0x02, 0x11, 0xC1, 0x00, 0xE2, 0x08, 0xE2, 0x08, 0xC1, 0x00,
    0x02, 0x09, 0xE2, 0x08, 0xE2, 0x08, 0x02, 0x09, 0x02, 0x09, 0x02, 0x09, 0x02, 0x09, 0x22, 0x09,
    0x22, 0x09, 0x22, 0x09, 0x22, 0x09, 0x22, 0x09, 0xE2, 0x08, 0x81, 0x00, 0xA2, 0x08, 0x82, 0x08,
    0xA2, 0x08, 0xA2, 0x08, 0x81, 0x00, 0x41, 0x00, 0xC1, 0x08, 0xA3, 0x19, 0xE2, 0x19, 0xA2, 0x11,
    0x46, 0x3A, 0x87, 0x42, 0xC3, 0x21, 0x23, 0x2A, 0x43, 0x32, 0x42, 0x19, 0x61, 0x00, 0x61, 0x08,
    0x61, 0x00, 0x81, 0x00, 0x81, 0x00, 0x61, 0x00, 0x61, 0x00, 0x61, 0x00, 0x81, 0x00, 0x81, 0x00,
    0x81, 0x00, 0x81, 0x08, 0xA1, 0x08, 0xA2, 0x08, 0x41, 0x00, 0x21, 0x00, 0x41, 0x00, 0x41, 0x00,
    0x41, 0x00, 0x21, 0x00, 0x41, 0x00, 0x61, 0x00, 0x61, 0x00, 0x61, 0x00, 0x61, 0x00, 0x40, 0x00,
    0xC2, 0x08, 0xA2, 0x08, 0x61, 0x00, 0x81, 0x00, 0x61, 0x00, 0x61, 0x00, 0x61, 0x00, 0x61, 0x00,
    0x61, 0x00, 0x20, 0x00, 0x41, 0x00, 0x41, 0x00, 0x41, 0x00, 0x41, 0x00, 0xE1, 0x08, 0x01, 0x09,
    0xE1, 0x08, 0xA1, 0x00, 0xC2, 0x08, 0xE2, 0x08, 0xC2, 0x08, 0x61, 0x00, 0x61, 0x00, 0x61, 0x00,
    0x61, 0x00, 0x61, 0x00, 0x41, 0x00, 0x41, 0x00, 0x40, 0x00, 0xA1, 0x00, 0xA2, 0x08, 0x41, 0x00,
    0x20, 0x00, 0x21, 0x00, 0x41, 0x00, 0xA2, 0x00, 0xC2, 0x08, 0xA2, 0x08, 0x82, 0x00, 0xA2, 0x08,
    0x81, 0x00, 0x41, 0x00, 0x20, 0x00, 0x81, 0x00, 0x44, 0x11, 0x03, 0x09, 0x61, 0x00, 0x60, 0x00,
    0x82, 0x19, 0x81, 0x11, 0x21, 0x09, 0x62, 0x11, 0x01, 0x09, 0xE2, 0x08, 0xE1, 0x08, 0xC1, 0x00,
    0x81, 0x00, 0x63, 0x29, 0xE5, 0x39, 0x61, 0x00, 0x80, 0x00, 0xC3, 0x21, 0xE2, 0x21, 0x43, 0x32,
    0xE4, 0x29, 0x20, 0x00, 0xA1, 0x00, 0x22, 0x09, 0xE1, 0x08, 0x23, 0x11, 0x81, 0x00, 0x41, 0x00,
    0x41, 0x00, 0x61, 0x00, 0x81, 0x00, 0xC1, 0x08, 0x61, 0x00, 0x81, 0x00, 0x22, 0x11, 0x02, 0x09,
    0x61, 0x00, 0xA1, 0x08, 0x02, 0x09, 0x02, 0x09, 0x02, 0x09, 0xE1, 0x08, 0xC2, 0x08, 0xC2, 0x08,
    0x81, 0x00, 0x61, 0x00, 0x81, 0x00, 0xC1, 0x08, 0xA1, 0x00, 0xA1, 0x08, 0xA1, 0x08, 0xC1, 0x08,
    0xC1, 0x08, 0x83, 0x19, 0xA6, 0x32, 0x65, 0x2A, 0xC2, 0x19, 0xA2, 0x11, 0xC2, 0x11, 0xC2, 0x11,
    0xC2, 0x11, 0xC2, 0x19, 0xC2, 0x19, 0x03, 0x1A, 0xC2, 0x11, 0xA2, 0x11, 0xC2, 0x11, 0xA2, 0x11,
    0xE3, 0x19, 0xA2, 0x11, 0x42, 0x11, 0x61, 0x00, 0x21, 0x00, 0x21, 0x00, 0x21, 0x00, 0x20, 0x00,
    0x21, 0x00, 0x41, 0x00, 0x41, 0x00, 0x61, 0x00, 0x61, 0x00, 0x61, 0x00, 0xC2, 0x08, 0x64, 0x19,
    0xA1, 0x08, 0xC1, 0x08, 0x01, 0x09, 0x01, 0x09, 0x41, 0x09, 0x83, 0x11, 0x05, 0x22, 0x63, 0x11,
    0xE2, 0x08, 0x02, 0x09, 0x03, 0x09, 0xC2, 0x00, 0x23, 0x09, 0xE2, 0x08, 0xC2, 0x08, 0xA1, 0x08,
    0x02, 0x11, 0x43, 0x19, 0x63, 0x19, 0x63, 0x19, 0xE1, 0x08, 0xE2, 0x08, 0x22, 0x11, 0x02, 0x09,
    0x02, 0x09, 0xE2, 0x08, 0xC2, 0x08, 0x84, 0x19, 0xA4, 0x19, 0x25, 0x22, 0xA3, 0x11, 0x42, 0x11,
    0x45, 0x22, 0x45, 0x22, 0x25, 0x22, 0x25, 0x22, 0x25, 0x22, 0x24, 0x22, 0x82, 0x11, 0x61, 0x11,
    0x41, 0x09, 0xA1, 0x19, 0xE5, 0x4A, 0x61, 0x19, 0x62, 0x09, 0xA3, 0x19, 0xE1, 0x08, 0x41, 0x00,
    0x41, 0x00, 0x40, 0x00, 0x61, 0x00, 0xC1, 0x08, 0x02, 0x09, 0x22, 0x11, 0xE1, 0x08, 0x42, 0x09,
    0x43, 0x11, 0x02, 0x09, 0x02, 0x09, 0x02, 0x09, 0x22, 0x09, 0x22, 0x11, 0x42, 0x09, 0x22, 0x09,
    0xE2, 0x08, 0xC1, 0x00, 0x22, 0x11, 0x06, 0x32, 0x61, 0x08, 0x21, 0x00, 0x40, 0x00, 0x40, 0x00,
    0x61, 0x00, 0x61, 0x00, 0x81, 0x00, 0x01, 0x09, 0xE3, 0x19, 0x03, 0x1A, 0xC2, 0x11, 0x04, 0x2A,
    0xE4, 0x29, 0x03, 0x22, 0x03, 0x1A, 0x44, 0x2A, 0x63, 0x3A, 0xC3, 0x29, 0x20, 0x00, 0x61, 0x00,
    0x61, 0x00, 0x61, 0x00, 0x81, 0x00, 0xA1, 0x00, 0x81, 0x00, 0x81, 0x00, 0x81, 0x00, 0x81, 0x00,
    0x81, 0x08, 0x81, 0x08, 0x81, 0x00, 0x81, 0x00, 0x61, 0x00, 0x41, 0x00, 0x41, 0x00, 0x61, 0x00,
    0x61, 0x00, 0x41, 0x00, 0x41, 0x00, 0x61, 0x00, 0x61, 0x00, 0x61, 0x00, 0x61, 0x00, 0x61, 0x00,
    0x81, 0x00, 0xC2, 0x08, 0xA2, 0x08, 0x81, 0x00, 0x82, 0x08, 0x81, 0x00, 0x61, 0x00, 0xE3, 0x10,
    0x44, 0x19, 0x03, 0x11, 0x81, 0x00, 0x61, 0x00, 0x41, 0x00, 0x61, 0x00, 0x21, 0x09, 0x01, 0x09,
    0x01, 0x09, 0x81, 0x00, 0xA1, 0x08, 0xC2, 0x08, 0xE2, 0x08, 0xC1, 0x08, 0x61, 0x00, 0x61, 0x00,
    0x61, 0x00, 0x61, 0x00, 0x61, 0x00, 0x81, 0x00, 0xE2, 0x08, 0x85, 0x19, 0x85, 0x19, 0xE3, 0x08,
    0xA2, 0x08, 0x20, 0x00, 0x61, 0x00, 0x03, 0x09, 0x03, 0x09, 0xE3, 0x08, 0xE2, 0x08, 0xA2, 0x08,
    0xC2, 0x08, 0xA2, 0x08, 0x61, 0x00, 0x40, 0x00, 0x82, 0x00, 0x61, 0x00, 0x41, 0x00, 0xC1, 0x08,
    0x22, 0x2A, 0x81, 0x11, 0x00, 0x09, 0xA2, 0x19, 0x03, 0x1A, 0x03, 0x1A, 0x04, 0x1A, 0x04, 0x1A,
    0x05, 0x22, 0x84, 0x21, 0xC3, 0x31, 0x45, 0x42, 0x05, 0x32, 0x21, 0x11, 0xE2, 0x21, 0xE2, 0x21,
    0x63, 0x32, 0xA3, 0x21, 0x61, 0x00, 0x22, 0x11, 0xA1, 0x00, 0x22, 0x09, 0x82, 0x00, 0x41, 0x00,
    0x61, 0x00, 0x41, 0x00, 0xA1, 0x00, 0x02, 0x09, 0xA1, 0x08, 0xC1, 0x08, 0x42, 0x11, 0x63, 0x11,
    0x43, 0x11, 0xC1, 0x08, 0xE1, 0x08, 0xC1, 0x00, 0xE1, 0x08, 0x43, 0x11, 0xE1, 0x08, 0xA1, 0x08,
    0xA1, 0x00, 0xC2, 0x08, 0x81, 0x08, 0xE2, 0x08, 0xE1, 0x08, 0xC1, 0x08, 0xC1, 0x08, 0xC1, 0x08,
    0x61, 0x00, 0xA4, 0x19, 0x45, 0x2A, 0xC2, 0x11, 0xA2, 0x11, 0xC2, 0x11, 0x03, 0x1A, 0xE2, 0x19,
    0xA2, 0x11, 0x81, 0x11, 0x81, 0x09, 0x23, 0x22, 0x24, 0x22, 0xC2, 0x11, 0xC2, 0x19, 0xC3, 0x19,
    0xC2, 0x11, 0x03, 0x1A, 0x42, 0x09, 0x60, 0x00, 0x61, 0x00, 0x61, 0x00, 0x40, 0x00, 0x20, 0x00,
    0x20, 0x00, 0x41, 0x00, 0x61, 0x00, 0x61, 0x00, 0x41, 0x00, 0x41, 0x00, 0x40, 0x00, 0x81, 0x00,
    0xC1, 0x08, 0xC1, 0x00, 0xE1, 0x08, 0x41, 0x09, 0x62, 0x11, 0x83, 0x11, 0xA4, 0x19, 0x84, 0x19,
    0x02, 0x09, 0xE2, 0x08, 0xE2, 0x08, 0x03, 0x09, 0xE2, 0x08, 0x81, 0x00, 0xA1, 0x08, 0x03, 0x11,
    0x64, 0x19, 0xA4, 0x31, 0x02, 0x19, 0x63, 0x19, 0xA4, 0x21, 0x43, 0x11, 0xE1, 0x08, 0xE1, 0x08,
    0xE1, 0x08, 0xE2, 0x08, 0xE1, 0x08, 0xC4, 0x19, 0x46, 0x2A, 0xA4, 0x19, 0x43, 0x11, 0x42, 0x11,
    0x24, 0x22, 0x25, 0x22, 0x25, 0x22, 0x45, 0x22, 0x24, 0x22, 0xC2, 0x11, 0xA2, 0x11, 0xA2, 0x11,
    0x61, 0x11, 0xA2, 0x11, 0xC2, 0x19, 0x61, 0x11, 0x83, 0x11, 0x02, 0x09, 0x40, 0x00, 0x41, 0x00,
    0x41, 0x00, 0x41, 0x00, 0x61, 0x00, 0xC2, 0x08, 0x22, 0x11, 0x22, 0x09, 0x63, 0x11, 0x42, 0x11,
    0x22, 0x11, 0x22, 0x11, 0x42, 0x11, 0x42, 0x11, 0x22, 0x09, 0x02, 0x09, 0x01, 0x09, 0xA1, 0x00,
    0x63, 0x19, 0xC4, 0x21, 0x04, 0x2A, 0xC5, 0x29, 0x40, 0x00, 0x61, 0x00, 0x61, 0x00, 0x41, 0x00,
    0x41, 0x00, 0x40, 0x00, 0xE1, 0x08, 0x04, 0x22, 0x03, 0x1A, 0xC2, 0x19, 0xC2, 0x11, 0xA2, 0x19,
    0xA2, 0x11, 0x03, 0x1A, 0x03, 0x1A, 0x44, 0x2A, 0x43, 0x32, 0x44, 0x3A, 0x81, 0x00, 0x41, 0x00,
    0x41, 0x00, 0x40, 0x00, 0x40, 0x00, 0x61, 0x00, 0xA2, 0x08, 0xC2, 0x08, 0xA1, 0x00, 0x81, 0x00,
    0xA1, 0x08, 0xA1, 0x08, 0xA1, 0x08, 0xA1, 0x08, 0x81, 0x00, 0x61, 0x00, 0x61, 0x00, 0x61, 0x00,
    0x61, 0x00, 0x61, 0x00, 0x61, 0x00, 0x61, 0x00, 0x61, 0x00, 0x61, 0x00, 0x61, 0x00, 0x61, 0x00,
    0x61, 0x00, 0xA2, 0x08, 0xE3, 0x08, 0xC2, 0x08, 0x81, 0x00, 0x82, 0x00, 0x81, 0x08, 0xC2, 0x08,
    0x43, 0x19, 0x43, 0x19, 0x23, 0x11, 0x02, 0x11, 0xC2, 0x08, 0xE1, 0x08, 0x41, 0x11, 0x21, 0x09,
    0x41, 0x09, 0x81, 0x00, 0x81, 0x00, 0xC2, 0x08, 0xA1, 0x08, 0xE2, 0x08, 0xE2, 0x08, 0x41, 0x00,
    0x41, 0x00, 0x81, 0x00, 0x81, 0x00, 0xC2, 0x08, 0x03, 0x09, 0x64, 0x11, 0x85, 0x19, 0x24, 0x09,
    0x24, 0x11, 0xC2, 0x08, 0x61, 0x00, 0xC3, 0x08, 0xE3, 0x08, 0xE2, 0x08, 0x43, 0x11, 0xC1, 0x00,
    0xA1, 0x08, 0xA1, 0x08, 0xC2, 0x08, 0xC2, 0x08, 0xC2, 0x08, 0x81, 0x00, 0xA1, 0x08, 0x82, 0x19,
    0x83, 0x32, 0x81, 0x11, 0x00, 0x09, 0x61, 0x11, 0xC2, 0x19, 0xC3, 0x11, 0xC3, 0x19, 0x04, 0x1A,
    0x05, 0x22, 0x84, 0x21, 0xE5, 0x39, 0xA6, 0x52, 0x45, 0x52, 0xE5, 0x41, 0x45, 0x42, 0x64, 0x32,
    0xC2, 0x21, 0x64, 0x3A, 0x82, 0x21, 0xC1, 0x08, 0xA2, 0x08, 0x22, 0x09, 0x22, 0x09, 0x81, 0x00,
    0x61, 0x00, 0x41, 0x00, 0x81, 0x00, 0xC1, 0x08, 0xE1, 0x08, 0xC1, 0x08, 0x80, 0x00, 0x80, 0x00,
    0x63, 0x11, 0x01, 0x09, 0xC1, 0x00, 0xE1, 0x08, 0x22, 0x11, 0x63, 0x19, 0x01, 0x09, 0x02, 0x09,
    0x43, 0x11, 0x43, 0x11, 0x60, 0x00, 0x60, 0x00, 0xE2, 0x08, 0xE2, 0x08, 0xE1, 0x08, 0xE2, 0x08,
    0x61, 0x00, 0x63, 0x19, 0xE3, 0x19, 0x04, 0x22, 0x24, 0x22, 0xE2, 0x19, 0xA1, 0x11, 0xA2, 0x11,
    0xC2, 0x19, 0xC2, 0x19, 0xC2, 0x19, 0x23, 0x22, 0x03, 0x1A, 0xE3, 0x19, 0xC2, 0x19, 0xE3, 0x19,
    0xE3, 0x19, 0xE3, 0x19, 0x04, 0x1A, 0x22, 0x09, 0xA1, 0x08, 0xC1, 0x08, 0xA1, 0x00, 0x40, 0x00,
    0x41, 0x00, 0x41, 0x00, 0x41, 0x00, 0x61, 0x00, 0x81, 0x00, 0xC2, 0x08, 0x02, 0x09, 0xC1, 0x08,
    0xC1, 0x00, 0x22, 0x09, 0x21, 0x09, 0x22, 0x11, 0xE2, 0x08, 0xE2, 0x08, 0xE1, 0x08, 0xC2, 0x00,
    0x03, 0x09, 0xE2, 0x08, 0xE2, 0x08, 0xC2, 0x08, 0x81, 0x00, 0xA2, 0x08, 0xC2, 0x08, 0xE2, 0x08,
    0xA1, 0x00, 0x84, 0x29, 0xE6, 0x39, 0x63, 0x19, 0x63, 0x11, 0x06, 0x2A, 0x47, 0x32, 0x22, 0x11,
    0xA1, 0x00, 0xE1, 0x08, 0xC1, 0x08, 0x22, 0x11, 0x22, 0x11, 0xC1, 0x08, 0xA1, 0x00, 0x42, 0x11,
    0x45, 0x22, 0x45, 0x2A, 0x45, 0x2A, 0x45, 0x2A, 0xE3, 0x19, 0x81, 0x11, 0xA1, 0x11, 0xA2, 0x19,
    0x81, 0x11, 0xA3, 0x11, 0x82, 0x11, 0x62, 0x11, 0xC1, 0x08, 0x61, 0x00, 0x41, 0x00, 0x41, 0x00,
    0x41, 0x00, 0x41, 0x00, 0x61, 0x00, 0xE1, 0x08, 0x21, 0x09, 0x62, 0x11, 0x62, 0x11, 0x42, 0x11,
    0x62, 0x11, 0x22, 0x09, 0x22, 0x09, 0x02, 0x09, 0x22, 0x09, 0x22, 0x09, 0x83, 0x19, 0x87, 0x3A,
    0xC8, 0x42, 0xE4, 0x21, 0x46, 0x32, 0x22, 0x11, 0x61, 0x00, 0x61, 0x00, 0x61, 0x00, 0x61, 0x00,
    0x41, 0x00, 0xE1, 0x08, 0x04, 0x22, 0x03, 0x1A, 0xE3, 0x19, 0xA2, 0x11, 0xA2, 0x11, 0xA2, 0x11,
    0xC2, 0x19, 0x23, 0x22, 0xC2, 0x19, 0x64, 0x32, 0x43, 0x32, 0x84, 0x3A, 0xE2, 0x10, 0x61, 0x00,
    0x61, 0x00, 0x61, 0x00, 0x61, 0x00, 0x41, 0x00, 0x61, 0x00, 0xC2, 0x08, 0xE2, 0x08, 0xC1, 0x08,
    0xC1, 0x08, 0xA1, 0x00, 0xA1, 0x00, 0xC1, 0x08, 0xA1, 0x08, 0x81, 0x00, 0xA1, 0x08, 0x81, 0x00,
    0x81, 0x00, 0x61, 0x00, 0x81, 0x00, 0x81, 0x00, 0xA1, 0x00, 0xA1, 0x08, 0x81, 0x00, 0x81, 0x00,
    0x61, 0x00, 0x61, 0x00, 0x81, 0x00, 0xA1, 0x00, 0xA2, 0x00, 0xA1, 0x00, 0xA1, 0x00, 0xE2, 0x08,
    0x23, 0x11, 0x22, 0x11, 0x02, 0x09, 0xE2, 0x08, 0xA2, 0x08, 0x82, 0x11, 0x61, 0x11, 0x21, 0x09,
    0x61, 0x11, 0x81, 0x00, 0x81, 0x00, 0xA1, 0x08, 0xA1, 0x08, 0xC2, 0x08, 0xE2, 0x08, 0x61, 0x00,
    0xA2, 0x08, 0x23, 0x11, 0x03, 0x09, 0xA5, 0x19, 0x64, 0x11, 0x03, 0x09, 0xE3, 0x08, 0x03, 0x09,
    0xC3, 0x08, 0xA2, 0x08, 0x81, 0x00, 0xA2, 0x00, 0x82, 0x00, 0xE2, 0x08, 0x63, 0x11, 0xE2, 0x08,
    0xA1, 0x08, 0xA1, 0x08, 0xC1, 0x08, 0xA1, 0x08, 0xC2, 0x08, 0xC1, 0x08, 0x63, 0x19, 0x41, 0x09,
    0x23, 0x2A, 0xC2, 0x21, 0x21, 0x09, 0x61, 0x11, 0xC2, 0x19, 0x62, 0x09, 0x62, 0x11, 0x83, 0x11,
    0xC4, 0x19, 0xC5, 0x29, 0xA8, 0x52, 0xA2, 0x29, 0x45, 0x52, 0x88, 0x5A, 0xC9, 0x5A, 0x65, 0x3A,
    0x43, 0x2A, 0xC2, 0x21, 0xA5, 0x42, 0x22, 0x11, 0x61, 0x00, 0xE1, 0x08, 0xE4, 0x21, 0xA1, 0x08,
    0x61, 0x00, 0x41, 0x00, 0x61, 0x00, 0xA1, 0x00, 0xA1, 0x00, 0xA1, 0x08, 0xC1, 0x08, 0xC1, 0x08,
    0x02, 0x09, 0xE1, 0x08, 0xC1, 0x00, 0xE2, 0x08, 0xE1, 0x08, 0xE1, 0x08, 0x02, 0x09, 0x43, 0x09,
    0xE5, 0x19, 0x23, 0x11, 0x20, 0x00, 0x40, 0x00, 0x40, 0x00, 0x61, 0x00, 0xC1, 0x08, 0x02, 0x09,
    0x60, 0x00, 0x83, 0x19, 0xA6, 0x32, 0x03, 0x1A, 0xC2, 0x19, 0xC2, 0x11, 0xE2, 0x19, 0xC2, 0x19,
    0xA2, 0x11, 0x81, 0x11, 0x81, 0x11, 0x64, 0x2A, 0x44, 0x22, 0xE2, 0x19, 0x03, 0x1A, 0xE3, 0x19,
    0xE3, 0x19, 0xE3, 0x19, 0xE3, 0x19, 0x62, 0x11, 0xA0, 0x00, 0xC1, 0x08, 0x01, 0x09, 0x81, 0x00,
    0x41, 0x00, 0x40, 0x00, 0x61, 0x00, 0xC1, 0x08, 0x22, 0x09, 0x62, 0x11, 0xA3, 0x19, 0xE4, 0x19,
    0x42, 0x11, 0x22, 0x11, 0x22, 0x11, 0x40, 0x00, 0x20, 0x00, 0xA2, 0x08, 0xE2, 0x08, 0xC2, 0x08,
    0xE2, 0x08, 0xA2, 0x00, 0x81, 0x00, 0xA2, 0x08, 0xC2, 0x08, 0xE2, 0x08, 0xE2, 0x08, 0xC2, 0x00,
    0xC2, 0x08, 0xC2, 0x08, 0xE6, 0x39, 0x26, 0x3A, 0xC1, 0x08, 0xA1, 0x00, 0xA5, 0x21, 0xC8, 0x4A,
    0xA4, 0x29, 0xC1, 0x00, 0xE1, 0x08, 0xC1, 0x08, 0xC1, 0x08, 0xC1, 0x08, 0x81, 0x00, 0x42, 0x11,
    0x45, 0x22, 0x25, 0x22, 0x45, 0x22, 0x24, 0x22, 0xC1, 0x19, 0xA2, 0x19, 0xC1, 0x11, 0xC2, 0x11,
    0xC2, 0x19, 0xA2, 0x11, 0x42, 0x11, 0xA1, 0x00, 0x40, 0x00, 0x41, 0x00, 0x61, 0x00, 0xA1, 0x00,
    0xA1, 0x08, 0x81, 0x00, 0xA1, 0x00, 0x42, 0x11, 0x83, 0x11, 0x62, 0x11, 0x62, 0x11, 0x22, 0x11,
    0xC1, 0x00, 0x22, 0x09, 0xA4, 0x19, 0x83, 0x11, 0xA4, 0x11, 0xC4, 0x19, 0x87, 0x3A, 0x2A, 0x53,
    0xC3, 0x21, 0x46, 0x3A, 0x26, 0x32, 0x63, 0x11, 0x81, 0x00, 0x61, 0x00, 0x61, 0x00, 0x61, 0x00,
    0x60, 0x00, 0x83, 0x19, 0x24, 0x22, 0xE3, 0x19, 0xC2, 0x11, 0xA2, 0x11, 0xC2, 0x11, 0x81, 0x11,
    0xA2, 0x11, 0xE2, 0x19, 0xE3, 0x19, 0x03, 0x2A, 0x64, 0x3A, 0x84, 0x3A, 0x63, 0x19, 0xA1, 0x00,
    0xC2, 0x08, 0x81, 0x00, 0x82, 0x00, 0x61, 0x00, 0x61, 0x00, 0x61, 0x00, 0x40, 0x00, 0xA1, 0x00,
    0xC1, 0x08, 0xC1, 0x08, 0xE2, 0x08, 0xE2, 0x08, 0xA1, 0x00, 0xA1, 0x08, 0xC2, 0x08, 0xC2, 0x08,
    0xC2, 0x08, 0xA1, 0x08, 0xC1, 0x08, 0xE2, 0x08, 0xC1, 0x00, 0xC2, 0x08, 0xC2, 0x08, 0xE2, 0x08,
    0xE2, 0x08, 0xA1, 0x08, 0x81, 0x08, 0x41, 0x00, 0xE2, 0x08, 0x43, 0x11, 0x63, 0x11, 0x63, 0x11,
    0x22, 0x09, 0x02, 0x09, 0xC2, 0x08, 0xA1, 0x08, 0x61, 0x00, 0x82, 0x19, 0xA1, 0x19, 0x21, 0x09,
    0x81, 0x11, 0xA1, 0x08, 0x61, 0x00, 0x81, 0x00, 0x81, 0x00, 0xA1, 0x08, 0xA1, 0x08, 0xE2, 0x08,
    0x24, 0x11, 0x23, 0x11, 0x24, 0x09, 0x64, 0x11, 0x64, 0x11, 0x65, 0x11, 0x85, 0x19, 0x03, 0x09,
    0xA2, 0x00, 0x81, 0x00, 0x81, 0x00, 0x81, 0x00, 0x61, 0x00, 0xE2, 0x08, 0x01, 0x09, 0xC1, 0x08,
    0xA1, 0x00, 0x61, 0x00, 0x61, 0x00, 0x61, 0x00, 0x81, 0x00, 0xE1, 0x08, 0x62, 0x11, 0x42, 0x09,
    0x03, 0x22, 0x63, 0x32, 0x81, 0x19, 0x41, 0x11, 0xE3, 0x21, 0x61, 0x11, 0x21, 0x09, 0x82, 0x11,
    0xA3, 0x11, 0x84, 0x21, 0xE9, 0x5A, 0x24, 0x32, 0xE4, 0x39, 0x46, 0x4A, 0xA7, 0x52, 0x66, 0x42,
    0x23, 0x22, 0x23, 0x2A, 0xE2, 0x29, 0x64, 0x3A, 0xC1, 0x08, 0x41, 0x00, 0xC1, 0x08, 0xC2, 0x08,
    0x61, 0x00, 0x61, 0x00, 0x61, 0x00, 0x81, 0x00, 0xA1, 0x08, 0x81, 0x00, 0xA1, 0x00, 0x01, 0x09,
    0x01, 0x09, 0xA1, 0x08, 0xA1, 0x00, 0xA1, 0x08, 0xC1, 0x08, 0x02, 0x09, 0x63, 0x11, 0xC4, 0x11,
    0xA5, 0x19, 0x81, 0x00, 0x20, 0x00, 0x41, 0x00, 0x41, 0x00, 0x40, 0x00, 0x61, 0x00, 0x81, 0x00,
    0x40, 0x00, 0x43, 0x11, 0x65, 0x2A, 0x24, 0x22, 0x03, 0x1A, 0xE2, 0x11, 0xC2, 0x11, 0xC2, 0x11,
    0xC2, 0x11, 0x81, 0x11, 0xE3, 0x19, 0x03, 0x22, 0x44, 0x2A, 0x23, 0x22, 0x03, 0x1A, 0x23, 0x22,
    0xC3, 0x19, 0xE3, 0x19, 0xC2, 0x19, 0xE1, 0x08, 0xA1, 0x00, 0xC1, 0x08, 0x01, 0x09, 0x01, 0x09,
    0x40, 0x00, 0x81, 0x00, 0xE1, 0x08, 0x22, 0x09, 0x42, 0x09, 0x82, 0x11, 0x82, 0x11, 0x82, 0x11,
    0x04, 0x22, 0x43, 0x11, 0x20, 0x00, 0x41, 0x00, 0x61, 0x00, 0x81, 0x00, 0xC2, 0x08, 0xA1, 0x08,
    0xA1, 0x08, 0xC1, 0x08, 0xE2, 0x08, 0x02, 0x09, 0xE2, 0x08, 0xC2, 0x08, 0xC2, 0x08, 0xC2, 0x08,
    0xC2, 0x08, 0xA1, 0x00, 0x23, 0x19, 0x25, 0x32, 0xA3, 0x19, 0xA1, 0x08, 0x40, 0x00, 0xC5, 0x31,
    0xAC, 0x73, 0xE5, 0x31, 0xE1, 0x08, 0x02, 0x09, 0xE2, 0x08, 0xE2, 0x08, 0xA1, 0x08, 0x42, 0x11,
    0x24, 0x22, 0x04, 0x22, 0x65, 0x2A, 0xC3, 0x19, 0xC2, 0x11, 0xC2, 0x19, 0xE2, 0x19, 0xC2, 0x19,
    0x82, 0x11, 0xC1, 0x08, 0x61, 0x00, 0x61, 0x00, 0x61, 0x00, 0x81, 0x08, 0xC1, 0x08, 0xE1, 0x08,
    0xA1, 0x00, 0x81, 0x00, 0x81, 0x00, 0x02, 0x09, 0xE1, 0x08, 0x01, 0x09, 0x43, 0x09, 0x22, 0x09,
    0x83, 0x11, 0x25, 0x22, 0xA4, 0x11, 0x63, 0x11, 0x83, 0x11, 0x05, 0x22, 0xE4, 0x21, 0x83, 0x11,
    0x24, 0x2A, 0x66, 0x3A, 0x63, 0x11, 0x22, 0x09, 0x81, 0x00, 0x61, 0x00, 0x61, 0x00, 0x41, 0x00,
    0xC1, 0x08, 0x45, 0x2A, 0x24, 0x22, 0xE3, 0x19, 0xE3, 0x19, 0xC2, 0x11, 0xC2, 0x11, 0x81, 0x11,
    0xC2, 0x19, 0x03, 0x1A, 0xE3, 0x19, 0x02, 0x22, 0x44, 0x32, 0xA4, 0x42, 0xA3, 0x21, 0x82, 0x00,
    0x02, 0x09, 0x03, 0x09, 0xC2, 0x00, 0xA2, 0x08, 0x81, 0x00, 0x81, 0x00, 0x61, 0x00, 0x41, 0x00,
    0x41, 0x00, 0x61, 0x00, 0xC1, 0x08, 0x03, 0x11, 0xC2, 0x08, 0xA1, 0x08, 0x03, 0x09, 0x23, 0x09,
    0x23, 0x09, 0xE2, 0x08, 0xC2, 0x08, 0xC1, 0x00, 0xC1, 0x08, 0xC2, 0x08, 0xA1, 0x08, 0xA1, 0x00,
    0xA1, 0x00, 0x81, 0x00, 0x81, 0x00, 0x03, 0x09, 0xC4, 0x19, 0x83, 0x11, 0x22, 0x09, 0x22, 0x09,
    0xC4, 0x29, 0x23, 0x11, 0x81, 0x00, 0x81, 0x00, 0x61, 0x00, 0xA1, 0x00, 0x81, 0x19, 0x60, 0x11,
    0xC1, 0x19, 0xE1, 0x08, 0x81, 0x00, 0x81, 0x00, 0x81, 0x00, 0x61, 0x00, 0xC2, 0x08, 0xC6, 0x21,
    0x07, 0x22, 0xC6, 0x21, 0xC6, 0x21, 0x85, 0x19, 0x44, 0x11, 0x24, 0x11, 0x65, 0x19, 0x03, 0x09,
    0xA2, 0x00, 0x82, 0x00, 0x81, 0x00, 0xA2, 0x08, 0x82, 0x00, 0xC2, 0x08, 0x42, 0x11, 0x42, 0x09,
    0x62, 0x11, 0xC1, 0x00, 0x61, 0x00, 0x61, 0x00, 0x41, 0x00, 0x61, 0x00, 0xE1, 0x08, 0x83, 0x11,
    0xC3, 0x19, 0x22, 0x2A, 0xE2, 0x21, 0x20, 0x09, 0xE3, 0x21, 0xC2, 0x19, 0x62, 0x11, 0x41, 0x09,
    0x61, 0x11, 0x62, 0x11, 0x04, 0x2A, 0xA5, 0x42, 0xC3, 0x29, 0x22, 0x21, 0x25, 0x32, 0x66, 0x32,
    0x04, 0x22, 0x23, 0x2A, 0xE3, 0x21, 0x43, 0x32, 0x24, 0x2A, 0x61, 0x00, 0x41, 0x00, 0x81, 0x00,
    0x61, 0x00, 0x41, 0x00, 0x81, 0x00, 0x81, 0x00, 0x81, 0x08, 0xA2, 0x08, 0x81, 0x00, 0xC1, 0x00,
    0x02, 0x09, 0xC1, 0x00, 0xC1, 0x00, 0xC1, 0x08, 0xC1, 0x08, 0x01, 0x09, 0xA3, 0x11, 0x84, 0x19,
    0x81, 0x00, 0x20, 0x00, 0x41, 0x00, 0x41, 0x00, 0x41, 0x00, 0x41, 0x00, 0x61, 0x00, 0x81, 0x00,
    0x61, 0x00, 0xA1, 0x00, 0x25, 0x2A, 0x44, 0x22, 0x03, 0x1A, 0x03, 0x1A, 0x03, 0x1A, 0xC2, 0x11,
    0x82, 0x11, 0x61, 0x09, 0x03, 0x22, 0xA6, 0x32, 0xE3, 0x19, 0x65, 0x2A, 0x23, 0x22, 0x23, 0x22,
    0x23, 0x22, 0xC2, 0x11, 0x03, 0x1A, 0x82, 0x11, 0xA0, 0x00, 0xC1, 0x08, 0x81, 0x11, 0x82, 0x11,
    0x81, 0x00, 0xE2, 0x08, 0x01, 0x09, 0x22, 0x09, 0x01, 0x09, 0x21, 0x09, 0x21, 0x09, 0x62, 0x11,
    0xE4, 0x21, 0x23, 0x11, 0x41, 0x00, 0x61, 0x00, 0x61, 0x00, 0x61, 0x00, 0xC1, 0x08, 0xE1, 0x08,
    0xE1, 0x08, 0x21, 0x09, 0x42, 0x11, 0x42, 0x09, 0x42, 0x09, 0x22, 0x11, 0xE2, 0x08, 0xC1, 0x08,
    0xC2, 0x08, 0xC2, 0x08, 0xA1, 0x00, 0x43, 0x19, 0x45, 0x22, 0x42, 0x11, 0x41, 0x00, 0x20, 0x00,
    0x07, 0x42, 0xC8, 0x5A, 0x43, 0x21, 0x81, 0x00, 0xA1, 0x08, 0x81, 0x00, 0x81, 0x00, 0xE1, 0x08,
    0xC3, 0x19, 0x04, 0x22, 0x03, 0x1A, 0x03, 0x1A, 0x23, 0x22, 0x23, 0x22, 0xA2, 0x19, 0x01, 0x09,
    0x81, 0x00, 0x61, 0x00, 0x61, 0x00, 0xA1, 0x08, 0xC1, 0x08, 0xE1, 0x08, 0x02, 0x09, 0xC1, 0x08,
    0xA1, 0x00, 0xA1, 0x08, 0x81, 0x00, 0x02, 0x09, 0x22, 0x09, 0xC4, 0x19, 0xA4, 0x11, 0xC4, 0x11,
    0x46, 0x2A, 0xC4, 0x11, 0xA4, 0x11, 0x84, 0x11, 0xC4, 0x19, 0xA4, 0x19, 0x42, 0x09, 0x44, 0x2A,
    0x25, 0x32, 0x63, 0x19, 0xC4, 0x19, 0x22, 0x09, 0x61, 0x00, 0x61, 0x00, 0x81, 0x00, 0x40, 0x00,
    0x83, 0x19, 0x44, 0x2A, 0x23, 0x22, 0x24, 0x22, 0xC2, 0x19, 0xE2, 0x19, 0xA2, 0x11, 0x81, 0x11,
    0xA2, 0x19, 0x23, 0x22, 0xE3, 0x19, 0x23, 0x22, 0x64, 0x32, 0x84, 0x42, 0xC4, 0x29, 0x20, 0x00,
    0x81, 0x08, 0xE2, 0x08, 0x43, 0x11, 0x03, 0x09, 0x03, 0x09, 0x03, 0x09, 0xC2, 0x08, 0x61, 0x00,
    0x61, 0x00, 0x61, 0x00, 0x61, 0x00, 0x81, 0x00, 0x81, 0x00, 0xE2, 0x08, 0x03, 0x09, 0x03, 0x09,
    0x03, 0x09, 0xE3, 0x08, 0xE2, 0x08, 0xE2, 0x08, 0xE2, 0x08, 0xC2, 0x08, 0xA1, 0x08, 0xA1, 0x08,
    0xA1, 0x08, 0x61, 0x00, 0x63, 0x11, 0xC4, 0x19, 0x63, 0x09, 0x83, 0x11, 0x26, 0x2A, 0x84, 0x19,
    0xA7, 0x42, 0x23, 0x19, 0x61, 0x00, 0x81, 0x00, 0x82, 0x00, 0x61, 0x00, 0x01, 0x09, 0xC1, 0x21,
    0xA2, 0x19, 0xC1, 0x08, 0xA2, 0x08, 0x81, 0x00, 0x61, 0x00, 0x81, 0x00, 0x03, 0x09, 0x24, 0x11,
    0x44, 0x11, 0x44, 0x11, 0x44, 0x11, 0x85, 0x19, 0x85, 0x19, 0xA5, 0x19, 0x65, 0x19, 0xE2, 0x08,
    0xC2, 0x08, 0xC2, 0x08, 0x61, 0x00, 0xA2, 0x08, 0x82, 0x00, 0xA1, 0x08, 0x63, 0x11, 0x82, 0x11,
    0x83, 0x11, 0x43, 0x11, 0x61, 0x00, 0x61, 0x00, 0x41, 0x00, 0x41, 0x00, 0x61, 0x00, 0xE2, 0x08,
    0xA3, 0x11, 0x41, 0x09, 0xA2, 0x19, 0x21, 0x09, 0xC2, 0x19, 0xE2, 0x21, 0x82, 0x11, 0x21, 0x09,
    0x62, 0x11, 0x61, 0x09, 0x41, 0x11, 0xA5, 0x42, 0xC5, 0x4A, 0x24, 0x2A, 0xE4, 0x21, 0xE4, 0x19,
    0x04, 0x22, 0xE3, 0x21, 0x23, 0x2A, 0x02, 0x2A, 0x64, 0x32, 0x05, 0x2A, 0xA1, 0x00, 0x41, 0x00,
    0x41, 0x00, 0x61, 0x00, 0x61, 0x00, 0x61, 0x00, 0x61, 0x00, 0x81, 0x00, 0x61, 0x00, 0x61, 0x00,
    0xC1, 0x00, 0x42, 0x19, 0x63, 0x21, 0x21, 0x11, 0x22, 0x09, 0x21, 0x09, 0x22, 0x11, 0x81, 0x00,
    0x40, 0x00, 0x41, 0x00, 0x41, 0x00, 0x41, 0x00, 0x41, 0x00, 0x21, 0x00, 0x81, 0x00, 0x21, 0x09,
    0x81, 0x08, 0x61, 0x00, 0xA3, 0x19, 0x85, 0x32, 0x03, 0x22, 0xC2, 0x19, 0xA1, 0x11, 0x81, 0x11,
    0x61, 0x11, 0x61, 0x11, 0xE3, 0x19, 0x24, 0x22, 0x65, 0x2A, 0xE3, 0x19, 0x85, 0x32, 0x03, 0x22,
    0x44, 0x2A, 0x23, 0x22, 0xA1, 0x11, 0x21, 0x09, 0xA0, 0x00, 0x22, 0x11, 0x82, 0x19, 0xC1, 0x08,
    0xA1, 0x00, 0xC1, 0x08, 0xC1, 0x08, 0xE1, 0x08, 0xE1, 0x08, 0x01, 0x09, 0x62, 0x11, 0x02, 0x11,
    0x81, 0x00, 0x61, 0x00, 0x61, 0x00, 0x61, 0x00, 0x61, 0x00, 0x81, 0x00, 0xE1, 0x08, 0xE1, 0x08,
    0x01, 0x09, 0x01, 0x09, 0x42, 0x11, 0x82, 0x11, 0xA2, 0x11, 0x83, 0x11, 0x83, 0x11, 0x63, 0x11,
    0x02, 0x09, 0xA1, 0x00, 0xC2, 0x08, 0x81, 0x00, 0x83, 0x19, 0x25, 0x22, 0xA1, 0x08, 0x00, 0x00,
    0x81, 0x08, 0x26, 0x42, 0x67, 0x42, 0x81, 0x00, 0x61, 0x00, 0x81, 0x00, 0x61, 0x00, 0x81, 0x00,
    0x82, 0x11, 0x24, 0x22, 0x23, 0x1A, 0x44, 0x22, 0xC3, 0x19, 0x22, 0x11, 0xA1, 0x08, 0x61, 0x00,
    0x61, 0x00, 0xA1, 0x00, 0xC1, 0x08, 0xE1, 0x08, 0x01, 0x09, 0x42, 0x11, 0xC1, 0x08, 0xC1, 0x08,
    0xE1, 0x08, 0xE1, 0x08, 0xA1, 0x00, 0xE1, 0x08, 0x25, 0x22, 0xC4, 0x19, 0xA3, 0x11, 0x46, 0x2A,
    0xE5, 0x19, 0xA4, 0x11, 0xE5, 0x19, 0xA4, 0x11, 0x63, 0x11, 0x63, 0x11, 0x04, 0x22, 0xA5, 0x3A,
    0x62, 0x11, 0xE2, 0x00, 0xA4, 0x19, 0x02, 0x09, 0x61, 0x00, 0x81, 0x00, 0x61, 0x00, 0x61, 0x00,
    0x63, 0x19, 0x85, 0x32, 0x23, 0x22, 0xE2, 0x19, 0x03, 0x1A, 0xC2, 0x19, 0xE2, 0x19, 0xA1, 0x11,
    0xE3, 0x19, 0xC2, 0x19, 0x03, 0x22, 0xE2, 0x19, 0x64, 0x32, 0xA4, 0x42, 0x83, 0x21, 0x20, 0x00,
    0x40, 0x00, 0x40, 0x00, 0xA1, 0x00, 0xC2, 0x08, 0xC2, 0x08, 0xC2, 0x08, 0xC2, 0x08, 0x81, 0x00,
    0x81, 0x00, 0x81, 0x00, 0x82, 0x08, 0x81, 0x00, 0xA2, 0x08, 0x43, 0x11, 0x44, 0x11, 0x64, 0x11,
    0x43, 0x09, 0x03, 0x09, 0x03, 0x09, 0xE2, 0x08, 0xE2, 0x08, 0xE2, 0x08, 0xE1, 0x08, 0xC2, 0x08,
    0x81, 0x00, 0x23, 0x11, 0xE5, 0x21, 0xA4, 0x19, 0x88, 0x42, 0x68, 0x3A, 0xC5, 0x21, 0x06, 0x2A,
    0x47, 0x3A, 0x81, 0x00, 0xA2, 0x08, 0x81, 0x00, 0x81, 0x00, 0x62, 0x00, 0xE2, 0x08, 0x03, 0x2A,
    0xC1, 0x08, 0xA1, 0x00, 0xC2, 0x08, 0x81, 0x00, 0x61, 0x00, 0xC2, 0x08, 0x64, 0x11, 0xC6, 0x21,
    0xE6, 0x29, 0xA5, 0x19, 0x65, 0x19, 0xA5, 0x21, 0x85, 0x19, 0x65, 0x19, 0xC2, 0x00, 0xE3, 0x08,
    0x03, 0x09, 0xE3, 0x08, 0x24, 0x11, 0xA2, 0x00, 0xC2, 0x08, 0x41, 0x00, 0x61, 0x00, 0xC2, 0x08,
    0xC2, 0x08, 0xC2, 0x08, 0x61, 0x00, 0x40, 0x00, 0x41, 0x00, 0x61, 0x00, 0x41, 0x00, 0x61, 0x00,
    0x22, 0x09, 0x22, 0x09, 0xA2, 0x19, 0x61, 0x11, 0xA2, 0x19, 0x03, 0x22, 0x81, 0x11, 0x41, 0x09,
    0x62, 0x11, 0x41, 0x09, 0x41, 0x09, 0x23, 0x2A, 0x47, 0x63, 0x44, 0x32, 0xA3, 0x11, 0xC3, 0x11,
    0xC3, 0x19, 0xC3, 0x19, 0xC3, 0x19, 0x24, 0x2A, 0x64, 0x32, 0x65, 0x2A, 0x63, 0x11, 0x40, 0x00,
    0x61, 0x00, 0x61, 0x00, 0x61, 0x00, 0x61, 0x00, 0x61, 0x00, 0x61, 0x00, 0x61, 0x00, 0xA1, 0x00,
    0x81, 0x00, 0xC1, 0x10, 0x62, 0x21, 0xA4, 0x29, 0xE1, 0x10, 0x61, 0x00, 0x03, 0x11, 0x23, 0x19,
    0x61, 0x00, 0x61, 0x00, 0xC2, 0x08, 0x82, 0x08, 0x41, 0x00, 0x20, 0x00, 0x22, 0x11, 0xC2, 0x19,
    0x81, 0x00, 0x61, 0x00, 0xE1, 0x08, 0x04, 0x22, 0x64, 0x2A, 0x23, 0x22, 0xA1, 0x11, 0x61, 0x11,
    0x41, 0x09, 0x82, 0x11, 0xA6, 0x32, 0x24, 0x22, 0x24, 0x22, 0x65, 0x2A, 0xE3, 0x19, 0x85, 0x32,
    0xE3, 0x19, 0x65, 0x2A, 0x03, 0x1A, 0x01, 0x09, 0x22, 0x11, 0x22, 0x11, 0xA1, 0x00, 0x81, 0x00,
    0xA1, 0x08, 0xA1, 0x08, 0xC1, 0x08, 0xC1, 0x08, 0x01, 0x09, 0x42, 0x11, 0xE1, 0x08, 0x81, 0x00,
    0x61, 0x00, 0x61, 0x00, 0x61, 0x00, 0x41, 0x00, 0x41, 0x00, 0xE1, 0x08, 0x41, 0x11, 0x21, 0x09,
    0x01, 0x09, 0x01, 0x09, 0x21, 0x09, 0x62, 0x11, 0xA2, 0x11, 0xA2, 0x11, 0xA3, 0x11, 0xE4, 0x19,
    0xE4, 0x19, 0x02, 0x09, 0xA2, 0x00, 0x82, 0x08, 0x40, 0x00, 0xC4, 0x21, 0xE3, 0x21, 0xA1, 0x08,
    0x81, 0x00, 0x02, 0x11, 0x45, 0x32, 0xC1, 0x08, 0x61, 0x00, 0x81, 0x00, 0x81, 0x00, 0x61, 0x00,
    0x62, 0x11, 0x44, 0x22, 0x03, 0x22, 0x22, 0x09, 0x81, 0x00, 0x61, 0x00, 0x61, 0x00, 0x81, 0x00,
    0xA1, 0x08, 0xE1, 0x08, 0x01, 0x09, 0x42, 0x09, 0x42, 0x11, 0xC1, 0x08, 0xC1, 0x08, 0xE1, 0x08,
    0x01, 0x09, 0x22, 0x09, 0xC1, 0x08, 0xE1, 0x08, 0x83, 0x11, 0xA3, 0x11, 0x26, 0x22, 0xE5, 0x19,
    0xC4, 0x19, 0x26, 0x22, 0xA4, 0x11, 0x83, 0x11, 0x42, 0x09, 0xA3, 0x19, 0xE6, 0x42, 0xE3, 0x21,
    0x02, 0x09, 0x64, 0x11, 0x02, 0x09, 0xC1, 0x00, 0x61, 0x00, 0x81, 0x00, 0x82, 0x00, 0x61, 0x00,
    0xE4, 0x21, 0x44, 0x2A, 0x23, 0x22, 0x23, 0x22, 0xE2, 0x19, 0x03, 0x22, 0xC2, 0x19, 0xA1, 0x11,
    0xE2, 0x19, 0xE3, 0x19, 0xE3, 0x19, 0x03, 0x22, 0x43, 0x2A, 0x84, 0x3A, 0x83, 0x19, 0xA2, 0x00,
    0x81, 0x00, 0x41, 0x00, 0x20, 0x00, 0x41, 0x00, 0xC2, 0x08, 0xC2, 0x00, 0x02, 0x09, 0xC2, 0x08,
    0xC2, 0x08, 0xA1, 0x00, 0xC1, 0x08, 0xA1, 0x00, 0xC2, 0x08, 0xA1, 0x00, 0x23, 0x09, 0x64, 0x11,
    0x23, 0x09, 0x03, 0x09, 0x03, 0x09, 0xE2, 0x08, 0xC2, 0x00, 0x02, 0x09, 0xE2, 0x08, 0xA1, 0x08,
    0x02, 0x09, 0xC5, 0x21, 0x62, 0x11, 0xE5, 0x29, 0x47, 0x3A, 0x43, 0x11, 0xC4, 0x21, 0xA8, 0x42,
    0x23, 0x19, 0xA1, 0x00, 0xA1, 0x00, 0xC2, 0x08, 0x81, 0x00, 0x61, 0x00, 0xA1, 0x08, 0xE2, 0x08,
    0x23, 0x11, 0xE2, 0x10, 0x81, 0x00, 0x81, 0x08, 0x61, 0x00, 0xE2, 0x08, 0x23, 0x11, 0x03, 0x09,
    0xE2, 0x08, 0x03, 0x11, 0x44, 0x11, 0x85, 0x19, 0xE6, 0x21, 0xC2, 0x08, 0xE3, 0x08, 0x03, 0x09,
    0x03, 0x09, 0xE2, 0x00, 0x24, 0x11, 0x44, 0x11, 0x81, 0x00, 0x61, 0x00, 0x41, 0x00, 0x20, 0x00,
    0x41, 0x00, 0x40, 0x00, 0x81, 0x00, 0xC2, 0x08, 0x40, 0x00, 0x41, 0x00, 0x61, 0x00, 0x41, 0x00,
    0x61, 0x00, 0xA1, 0x00, 0x61, 0x11, 0xA2, 0x19, 0x81, 0x11, 0x03, 0x22, 0x81, 0x11, 0xA2, 0x19,
    0x41, 0x09, 0x61, 0x11, 0x61, 0x11, 0x81, 0x11, 0x64, 0x3A, 0x64, 0x3A, 0x62, 0x09, 0xC3, 0x11,
    0xC3, 0x19, 0xC3, 0x11, 0xE4, 0x19, 0xE3, 0x21, 0x86, 0x32, 0x65, 0x2A, 0x25, 0x2A, 0xC1, 0x08,
    0x61, 0x00, 0x61, 0x00, 0x81, 0x00, 0x81, 0x00, 0x61, 0x00, 0x41, 0x00, 0xC1, 0x08, 0x82, 0x11,
    0xE1, 0x08, 0xE1, 0x08, 0xE1, 0x08, 0xC1, 0x08, 0xA2, 0x10, 0x41, 0x00, 0x81, 0x08, 0x85, 0x21,
    0x64, 0x19, 0x61, 0x00, 0x82, 0x08, 0x82, 0x08, 0x61, 0x00, 0x61, 0x00, 0x62, 0x11, 0xC2, 0x11,
    0x81, 0x00, 0x81, 0x00, 0x81, 0x00, 0xC1, 0x00, 0x85, 0x32, 0x23, 0x22, 0x81, 0x11, 0x61, 0x11,
    0x21, 0x09, 0x82, 0x11, 0x44, 0x22, 0xA6, 0x32, 0xE3, 0x19, 0x65, 0x2A, 0x24, 0x22, 0x04, 0x22,
    0xA6, 0x32, 0x03, 0x22, 0x64, 0x2A, 0x42, 0x11, 0x81, 0x00, 0x61, 0x00, 0x81, 0x00, 0x81, 0x00,
    0x81, 0x00, 0xA1, 0x08, 0xC1, 0x08, 0x01, 0x09, 0x42, 0x11, 0xA1, 0x00, 0x41, 0x00, 0x82, 0x08,
    0x81, 0x00, 0x61, 0x00, 0x61, 0x00, 0x41, 0x00, 0x60, 0x00, 0x22, 0x09, 0x62, 0x11, 0x42, 0x09,
    0x21, 0x09, 0x21, 0x09, 0x21, 0x09, 0x41, 0x09, 0x82, 0x11, 0xC3, 0x19, 0xC3, 0x19, 0x04, 0x1A,
    0x25, 0x22, 0x02, 0x09, 0x61, 0x00, 0x61, 0x00, 0x00, 0x00, 0x81, 0x08, 0x05, 0x2A, 0xC3, 0x21,
    0x60, 0x00, 0x20, 0x00, 0xA1, 0x08, 0xC2, 0x08, 0x81, 0x08, 0xA2, 0x08, 0xA1, 0x00, 0xE1, 0x08,
    0xC2, 0x11, 0x44, 0x22, 0x42, 0x11, 0x81, 0x00, 0x81, 0x00, 0x81, 0x00, 0xA1, 0x08, 0xE1, 0x08,
    0x01, 0x09, 0x01, 0x09, 0x42, 0x11, 0x42, 0x11, 0xE1, 0x08, 0xC1, 0x08, 0xE1, 0x08, 0x01, 0x09,
    0x01, 0x09, 0x21, 0x09, 0x21, 0x09, 0xE1, 0x08, 0x62, 0x11, 0xE4, 0x19, 0x05, 0x22, 0xA4, 0x11,
    0x46, 0x2A, 0xE5, 0x19, 0xA3, 0x11, 0x05, 0x22, 0x62, 0x11, 0x85, 0x3A, 0x44, 0x32, 0x42, 0x09,
    0x63, 0x11, 0x63, 0x09, 0x63, 0x11, 0xA1, 0x00, 0x81, 0x00, 0x81, 0x00, 0x82, 0x00, 0xA1, 0x08,
    0x03, 0x22, 0x64, 0x2A, 0x23, 0x22, 0x03, 0x22, 0x23, 0x22, 0xC2, 0x19, 0xE2, 0x19, 0xA1, 0x11,
    0x23, 0x22, 0x03, 0x22, 0x03, 0x22, 0x23, 0x22, 0x64, 0x32, 0x44, 0x32, 0x22, 0x09, 0xC2, 0x00,
    0xC2, 0x00, 0xA2, 0x08, 0x61, 0x08, 0x61, 0x00, 0xA2, 0x00, 0x03, 0x09, 0x03, 0x09, 0xA1, 0x00,
    0xE2, 0x08, 0xC1, 0x08, 0xC1, 0x08, 0xC2, 0x08, 0xE2, 0x08, 0xA1, 0x08, 0x23, 0x11, 0x64, 0x11,
    0x43, 0x11, 0x64, 0x11, 0xA5, 0x21, 0x85, 0x19, 0xE2, 0x08, 0x60, 0x00, 0x61, 0x00, 0xA1, 0x08,
    0x43, 0x11, 0x43, 0x11, 0xE4, 0x29, 0x6B, 0x63, 0xE5, 0x31, 0xA4, 0x19, 0x67, 0x3A, 0xA5, 0x29,
    0x61, 0x00, 0xC2, 0x08, 0xC2, 0x08, 0xC2, 0x08, 0x81, 0x00, 0x81, 0x08, 0x61, 0x00, 0x81, 0x00,
    0x22, 0x11, 0x63, 0x19, 0xC1, 0x08, 0x81, 0x08, 0x81, 0x00, 0x64, 0x11, 0x64, 0x11, 0x64, 0x11,
    0x44, 0x11, 0x64, 0x19, 0x85, 0x19, 0xA5, 0x19, 0xE3, 0x08, 0xE3, 0x08, 0xE2, 0x00, 0x44, 0x11,
    0xE3, 0x08, 0x64, 0x11, 0xC2, 0x00, 0x23, 0x09, 0x61, 0x00, 0x20, 0x00, 0x41, 0x00, 0x40, 0x00,
    0x81, 0x08, 0xE2, 0x08, 0xE2, 0x08, 0x22, 0x11, 0xC2, 0x08, 0x41, 0x00, 0x41, 0x00, 0x40, 0x00,
    0x41, 0x00, 0x41, 0x00, 0x81, 0x00, 0xA2, 0x19, 0x80, 0x11, 0x23, 0x22, 0xA2, 0x19, 0xA2, 0x11,
    0x41, 0x09, 0x82, 0x11, 0x41, 0x11, 0x82, 0x11, 0x61, 0x11, 0xE3, 0x21, 0x41, 0x09, 0x61, 0x09,
    0x62, 0x11, 0xA3, 0x11, 0xE3, 0x19, 0xE4, 0x19, 0xE4, 0x19, 0x45, 0x22, 0xA7, 0x32, 0x63, 0x11,
    0x61, 0x00, 0x82, 0x00, 0x61, 0x00, 0x61, 0x00, 0x61, 0x00, 0x61, 0x00, 0x22, 0x11, 0xC2, 0x19,
    0x81, 0x11, 0x81, 0x11, 0xA2, 0x11, 0x82, 0x11, 0x42, 0x11, 0x61, 0x00, 0x20, 0x00, 0x61, 0x00,
    0xC5, 0x29, 0x43, 0x19, 0x60, 0x00, 0x81, 0x00, 0x81, 0x00, 0xA1, 0x08, 0x62, 0x11, 0xA2, 0x11,
    0xA1, 0x00, 0xA1, 0x08, 0xA1, 0x08, 0x81, 0x00, 0x22, 0x11, 0xC2, 0x19, 0x81, 0x11, 0x61, 0x11,
    0x41, 0x09, 0x24, 0x22, 0x44, 0x22, 0x45, 0x2A, 0x66, 0x2A, 0xE3, 0x19, 0xC7, 0x3A, 0xC3, 0x19,
    0x45, 0x2A, 0x86, 0x32, 0x82, 0x11, 0x02, 0x09, 0x21, 0x00, 0x82, 0x08, 0x81, 0x00, 0x81, 0x00,
    0x81, 0x00, 0xC1, 0x08, 0x22, 0x11, 0x02, 0x09, 0xC1, 0x08, 0x40, 0x00, 0x20, 0x00, 0x61, 0x00,
    0x61, 0x00, 0x61, 0x00, 0x41, 0x00, 0x41, 0x00, 0x61, 0x00, 0x22, 0x09, 0x82, 0x11, 0x62, 0x11,
    0x41, 0x09, 0x21, 0x09, 0x41, 0x09, 0x41, 0x09, 0x41, 0x09, 0xA2, 0x11, 0xE3, 0x19, 0x04, 0x1A,
    0xE4, 0x19, 0x81, 0x00, 0x40, 0x00, 0x41, 0x00, 0x21, 0x00, 0x00, 0x00, 0x61, 0x00, 0xE4, 0x21,
    0x83, 0x21, 0x20, 0x00, 0x00, 0x00, 0x20, 0x00, 0x41, 0x00, 0x61, 0x00, 0xA2, 0x08, 0x42, 0x09,
    0xC2, 0x11, 0xC3, 0x19, 0xA1, 0x00, 0x81, 0x00, 0xA1, 0x08, 0xE1, 0x08, 0x01, 0x09, 0x22, 0x09,
    0x42, 0x11, 0x83, 0x11, 0x62, 0x11, 0xE1, 0x08, 0xE1, 0x08, 0xE1, 0x08, 0x01, 0x09, 0x01, 0x09,
    0x21, 0x09, 0x41, 0x11, 0x41, 0x09, 0x22, 0x11, 0x02, 0x09, 0xA3, 0x11, 0x83, 0x11, 0xE5, 0x19,
    0xE5, 0x19, 0x63, 0x09, 0xC4, 0x19, 0x83, 0x11, 0xC3, 0x19, 0x03, 0x22, 0x42, 0x11, 0x02, 0x09,
    0x63, 0x11, 0xC4, 0x19, 0x22, 0x09, 0x81, 0x00, 0x82, 0x08, 0xA2, 0x08, 0x81, 0x00, 0xC2, 0x08,
    0x65, 0x32, 0x43, 0x2A, 0x23, 0x22, 0x43, 0x2A, 0xE2, 0x19, 0x02, 0x1A, 0xC1, 0x11, 0xE2, 0x19,
    0x03, 0x22, 0x44, 0x22, 0x23, 0x22, 0x03, 0x22, 0xA5, 0x3A, 0x04, 0x2A, 0x24, 0x11, 0x85, 0x19,
    0x44, 0x11, 0xE3, 0x08, 0xA2, 0x00, 0x61, 0x00, 0x41, 0x00, 0x81, 0x00, 0xC2, 0x08, 0x23, 0x11,
    0x23, 0x09, 0xA1, 0x00, 0xE2, 0x08, 0xC2, 0x08, 0xE2, 0x08, 0xC2, 0x08, 0xC1, 0x08, 0x23, 0x11,
    0xA5, 0x19, 0x85, 0x11, 0x64, 0x19, 0x64, 0x19, 0x03, 0x09, 0x20, 0x00, 0x20, 0x00, 0xA1, 0x08,
    0xA4, 0x21, 0x46, 0x42, 0x2A, 0x63, 0x6B, 0x6B, 0x05, 0x2A, 0xC4, 0x21, 0x64, 0x19, 0xA1, 0x08,
    0xA1, 0x00, 0xE2, 0x08, 0xC2, 0x08, 0xC2, 0x08, 0xA1, 0x08, 0x81, 0x00, 0x81, 0x00, 0xC1, 0x08,
    0xE1, 0x00, 0x62, 0x11, 0x83, 0x19, 0xA1, 0x08, 0xA2, 0x00, 0x23, 0x09, 0x43, 0x11, 0xA5, 0x21,
    0xA5, 0x21, 0x85, 0x19, 0xC6, 0x21, 0x85, 0x21, 0x03, 0x09, 0xC2, 0x08, 0x24, 0x11, 0x23, 0x09,
    0x24, 0x09, 0xE3, 0x08, 0x23, 0x09, 0x82, 0x00, 0x61, 0x00, 0x20, 0x00, 0x41, 0x00, 0x41, 0x00,
    0x40, 0x00, 0x02, 0x09, 0x64, 0x19, 0xA1, 0x00, 0x81, 0x08, 0x41, 0x00, 0x20, 0x00, 0x20, 0x00,
    0x21, 0x00, 0x41, 0x00, 0x20, 0x00, 0xC1, 0x08, 0xC2, 0x19, 0x43, 0x2A, 0x03, 0x2A, 0x62, 0x09,
    0x61, 0x11, 0x62, 0x11, 0x61, 0x11, 0xA2, 0x11, 0x61, 0x09, 0x82, 0x11, 0x62, 0x11, 0xA2, 0x19,
    0x41, 0x09, 0x62, 0x11, 0x82, 0x11, 0xC3, 0x19, 0x04, 0x1A, 0x24, 0x22, 0x86, 0x2A, 0x05, 0x22,
    0x81, 0x00, 0x61, 0x00, 0x82, 0x08, 0xC2, 0x08, 0xA1, 0x08, 0x81, 0x00, 0xC1, 0x08, 0xC2, 0x19,
    0xC1, 0x11, 0xC1, 0x11, 0xE2, 0x19, 0xC1, 0x11, 0xC1, 0x11, 0x42, 0x11, 0x60, 0x00, 0x20, 0x00,
    0xA1, 0x08, 0x64, 0x19, 0xE1, 0x08, 0xA1, 0x00, 0xC1, 0x08, 0xC1, 0x08, 0x41, 0x11, 0x81, 0x11,
    0x01, 0x11, 0x22, 0x11, 0xA1, 0x00, 0x81, 0x00, 0x81, 0x00, 0xC3, 0x19, 0xE2, 0x19, 0x61, 0x11,
    0x82, 0x11, 0x24, 0x22, 0x86, 0x2A, 0xE3, 0x19, 0xA7, 0x32, 0x04, 0x22, 0x65, 0x2A, 0xA6, 0x32,
    0xE3, 0x19, 0xE4, 0x21, 0xC1, 0x00, 0xA2, 0x08, 0x40, 0x00, 0x81, 0x00, 0xA1, 0x00, 0x81, 0x00,
    0xC2, 0x08, 0xC1, 0x08, 0xC1, 0x08, 0xA1, 0x00, 0x61, 0x00, 0x61, 0x00, 0x41, 0x00, 0x41, 0x00,
    0x41, 0x00, 0x41, 0x00, 0x41, 0x00, 0x41, 0x00, 0x41, 0x00, 0xC1, 0x08, 0xA3, 0x11, 0xC3, 0x11,
    0x62, 0x11, 0x41, 0x09, 0x41, 0x09, 0x41, 0x11, 0x41, 0x11, 0x41, 0x09, 0xA2, 0x11, 0x24, 0x22,
    0x83, 0x11, 0x40, 0x00, 0x41, 0x00, 0x41, 0x00, 0x41, 0x00, 0x21, 0x00, 0x20, 0x00, 0x40, 0x00,
    0x43, 0x19, 0xE2, 0x10, 0x00, 0x00, 0x20, 0x00, 0x20, 0x00, 0x21, 0x00, 0x41, 0x00, 0x22, 0x11,
    0x42, 0x11, 0xE1, 0x08, 0x81, 0x00, 0xC1, 0x08, 0x02, 0x09, 0x42, 0x09, 0x42, 0x09, 0x83, 0x11,
    0xC4, 0x19, 0x83, 0x11, 0xE1, 0x08, 0xE1, 0x08, 0x01, 0x09, 0x01, 0x09, 0x21, 0x11, 0x21, 0x09,
    0x21, 0x09, 0x61, 0x11, 0xA2, 0x11, 0x02, 0x11, 0x40, 0x00, 0x02, 0x09, 0xA4, 0x19, 0x05, 0x1A,
    0x83, 0x11, 0xC4, 0x19, 0x83, 0x11, 0xC4, 0x19, 0xE4, 0x19, 0x42, 0x11, 0x42, 0x11, 0x62, 0x11,
    0x42, 0x11, 0x63, 0x11, 0xE2, 0x08, 0x81, 0x00, 0x82, 0x00, 0xA2, 0x08, 0x82, 0x00, 0xC2, 0x08,
    0x03, 0x22, 0x84, 0x32, 0x43, 0x2A, 0xE2, 0x19, 0x02, 0x22, 0xE2, 0x19, 0x02, 0x1A, 0xC2, 0x19,
    0x44, 0x2A, 0x23, 0x22, 0x44, 0x2A, 0x23, 0x22, 0x44, 0x2A, 0x04, 0x2A, 0xE3, 0x08, 0x03, 0x09,
    0x23, 0x09, 0x64, 0x11, 0xE3, 0x08, 0x61, 0x00, 0x61, 0x00, 0x41, 0x00, 0x61, 0x00, 0x85, 0x19,
    0x43, 0x11, 0xE2, 0x08, 0xE2, 0x08, 0xC1, 0x08, 0xC1, 0x08, 0xC1, 0x08, 0xE2, 0x08, 0xE2, 0x08,
    0x64, 0x11, 0xC6, 0x21, 0xA5, 0x21, 0x85, 0x21, 0xE3, 0x08, 0x20, 0x00, 0x41, 0x00, 0xC2, 0x08,
    0x63, 0x19, 0x2A, 0x63, 0x29, 0x63, 0x46, 0x3A, 0x63, 0x19, 0xE2, 0x08, 0xA1, 0x00, 0xC2, 0x08,
    0x03, 0x09, 0xC2, 0x08, 0xA1, 0x00, 0xC2, 0x08, 0xA2, 0x00, 0xA2, 0x08, 0xC1, 0x08, 0xE1, 0x08,
    0x42, 0x11, 0x42, 0x11, 0xE1, 0x08, 0x40, 0x00, 0xE2, 0x08, 0xA5, 0x19, 0x84, 0x19, 0x85, 0x19,
    0xA5, 0x21, 0xC6, 0x21, 0x07, 0x2A, 0x03, 0x09, 0xE2, 0x00, 0x43, 0x11, 0x24, 0x11, 0x23, 0x09,
    0x44, 0x11, 0xC2, 0x00, 0xE3, 0x08, 0x82, 0x08, 0x40, 0x00, 0x20, 0x00, 0x20, 0x00, 0x20, 0x00,
    0x21, 0x00, 0x81, 0x00, 0xC1, 0x08, 0x81, 0x00, 0xA2, 0x08, 0xC2, 0x08, 0x81, 0x00, 0x20, 0x00,
    0x20, 0x00, 0x20, 0x00, 0x21, 0x00, 0x20, 0x00, 0xC1, 0x08, 0xE3, 0x21, 0x65, 0x32, 0x82, 0x11,
    0xC3, 0x19, 0x62, 0x11, 0xA2, 0x11, 0x61, 0x11, 0x82, 0x11, 0xA2, 0x11, 0x82, 0x11, 0xC2, 0x19,
    0x62, 0x11, 0xA3, 0x19, 0x41, 0x09, 0x62, 0x11, 0xA3, 0x11, 0xC3, 0x19, 0x04, 0x22, 0x66, 0x2A,
    0x02, 0x09, 0x82, 0x00, 0xA2, 0x08, 0x81, 0x08, 0x81, 0x00, 0xA2, 0x08, 0x81, 0x00, 0x82, 0x19,
    0x02, 0x1A, 0xC1, 0x19, 0xE2, 0x19, 0xC1, 0x19, 0xA2, 0x11, 0xC2, 0x19, 0x01, 0x09, 0x20, 0x00,
    0x41, 0x00, 0xC1, 0x08, 0x42, 0x11, 0x01, 0x09, 0xE1, 0x08, 0xE1, 0x08, 0xA2, 0x19, 0x41, 0x11,
    0x41, 0x11, 0xE1, 0x08, 0x80, 0x00, 0x81, 0x00, 0xA1, 0x08, 0x62, 0x11, 0x81, 0x11, 0x41, 0x09,
    0xC3, 0x19, 0x44, 0x22, 0x24, 0x22, 0x45, 0x2A, 0x45, 0x2A, 0xA6, 0x32, 0x03, 0x22, 0xC7, 0x3A,
    0xE4, 0x19, 0xC1, 0x00, 0x61, 0x00, 0x61, 0x00, 0x41, 0x00, 0x81, 0x00, 0x01, 0x09, 0xC1, 0x08,
    0x80, 0x00, 0x82, 0x19, 0xE1, 0x08, 0x81, 0x08, 0xA1, 0x08, 0xA1, 0x00, 0x61, 0x00, 0x61, 0x00,
    0x61, 0x00, 0x41, 0x00, 0x41, 0x00, 0x41, 0x00, 0x41, 0x00, 0x41, 0x00, 0xA1, 0x08, 0xA3, 0x19,
    0xE3, 0x19, 0xC3, 0x19, 0xC3, 0x19, 0xA2, 0x19, 0x61, 0x11, 0x61, 0x11, 0x41, 0x09, 0x03, 0x1A,
    0x22, 0x09, 0x20, 0x00, 0x41, 0x00, 0x41, 0x00, 0x41, 0x00, 0x41, 0x00, 0x20, 0x00, 0x20, 0x00,
    0x40, 0x00, 0xA2, 0x10, 0x20, 0x00, 0x41, 0x00, 0x41, 0x00, 0x21, 0x00, 0xE2, 0x10, 0x22, 0x11,
    0x60, 0x00, 0x41, 0x00, 0xA1, 0x00, 0x42, 0x11, 0x63, 0x11, 0xA3, 0x11, 0xE4, 0x19, 0x05, 0x1A,
    0xA3, 0x11, 0xE1, 0x08, 0xE1, 0x08, 0x01, 0x09, 0x41, 0x09, 0x41, 0x09, 0x41, 0x11, 0x61, 0x11,
    0x61, 0x11, 0xC3, 0x19, 0x62, 0x11, 0x61, 0x00, 0x20, 0x00, 0xA1, 0x00, 0x83, 0x11, 0xA3, 0x11,
    0xC4, 0x11, 0xE4, 0x19, 0x83, 0x09, 0x25, 0x22, 0xC4, 0x19, 0xE1, 0x08, 0x42, 0x09, 0xA3, 0x11,
    0xC4, 0x19, 0xC1, 0x00, 0x81, 0x00, 0xC2, 0x08, 0xA2, 0x08, 0x81, 0x00, 0xC2, 0x08, 0xA2, 0x00,
    0xE4, 0x21, 0x64, 0x32, 0x23, 0x2A, 0x43, 0x22, 0xE2, 0x19, 0x23, 0x2A, 0xC1, 0x19, 0x02, 0x22,
    0x43, 0x2A, 0x43, 0x2A, 0x44, 0x2A, 0x24, 0x22, 0x44, 0x2A, 0xC4, 0x19, 0x43, 0x11, 0x44, 0x11,
    0x23, 0x09, 0xE3, 0x08, 0x43, 0x09, 0x23, 0x09, 0x81, 0x00, 0x61, 0x00, 0x40, 0x00, 0x61, 0x00,
    0x81, 0x00, 0xE2, 0x08, 0xE2, 0x08, 0x22, 0x09, 0xE1, 0x08, 0xC1, 0x08, 0x02, 0x09, 0xC2, 0x08,
    0xE2, 0x08, 0xA5, 0x19, 0x85, 0x21, 0x85, 0x19, 0xA2, 0x08, 0x20, 0x00, 0x61, 0x00, 0xC2, 0x00,
    0x84, 0x21, 0x46, 0x42, 0x25, 0x3A, 0x43, 0x19, 0xA1, 0x00, 0xC1, 0x00, 0x03, 0x09, 0x03, 0x09,
    0xE2, 0x08, 0xC2, 0x08, 0xA1, 0x00, 0xC2, 0x08, 0xA1, 0x08, 0xC1, 0x08, 0xE1, 0x08, 0x22, 0x11,
    0xA1, 0x00, 0x81, 0x00, 0x81, 0x00, 0x61, 0x00, 0xA2, 0x08, 0x64, 0x19, 0xC6, 0x21, 0xE6, 0x21,
    0xC6, 0x21, 0xC6, 0x21, 0x85, 0x19, 0x03, 0x09, 0x23, 0x09, 0x43, 0x11, 0x03, 0x09, 0x85, 0x11,
    0x03, 0x09, 0x03, 0x09, 0xA1, 0x00, 0x61, 0x00, 0x20, 0x00, 0x21, 0x00, 0x21, 0x00, 0x21, 0x00,
    0x41, 0x00, 0x41, 0x00, 0x81, 0x00, 0x82, 0x00, 0x24, 0x11, 0x23, 0x09, 0x03, 0x09, 0x82, 0x00,
    0x81, 0x00, 0xE2, 0x10, 0x61, 0x00, 0x61, 0x00, 0x20, 0x00, 0xC3, 0x21, 0xC3, 0x21, 0x02, 0x09,
    0xA3, 0x19, 0x62, 0x09, 0x04, 0x22, 0x62, 0x09, 0xC3, 0x19, 0x82, 0x11, 0xA2, 0x11, 0xA2, 0x11,
    0x62, 0x11, 0xE3, 0x19, 0x82, 0x11, 0xA2, 0x11, 0x21, 0x09, 0x21, 0x09, 0x82, 0x11, 0x24, 0x22,
    0x83, 0x19, 0x41, 0x00, 0x41, 0x00, 0x40, 0x00, 0x41, 0x00, 0xA1, 0x08, 0x81, 0x00, 0xE1, 0x08,
    0xC2, 0x19, 0xC1, 0x19, 0xA1, 0x11, 0xC1, 0x19, 0xC2, 0x19, 0xC1, 0x11, 0x61, 0x11, 0x41, 0x00,
    0x20, 0x00, 0x81, 0x00, 0x22, 0x09, 0x41, 0x11, 0x01, 0x09, 0xE1, 0x08, 0x62, 0x11, 0x21, 0x09,
    0x01, 0x09, 0xE1, 0x08, 0xE2, 0x08, 0xC1, 0x08, 0xC1, 0x08, 0x62, 0x11, 0x82, 0x11, 0xE3, 0x21,
    0xC3, 0x11, 0x24, 0x22, 0x04, 0x22, 0x86, 0x32, 0x03, 0x22, 0xA6, 0x32, 0x24, 0x22, 0xA3, 0x19,
    0xC1, 0x00, 0x81, 0x00, 0x61, 0x00, 0x61, 0x00, 0x61, 0x00, 0xA1, 0x08, 0x42, 0x11, 0x01, 0x09,
    0x81, 0x00, 0x42, 0x11, 0xE3, 0x21, 0xE1, 0x08, 0xC1, 0x08, 0xA1, 0x00, 0xA1, 0x00, 0xA1, 0x08,
    0x81, 0x00, 0x61, 0x00, 0x41, 0x00, 0x41, 0x00, 0x41, 0x00, 0x41, 0x00, 0x41, 0x00, 0x61, 0x00,
    0x42, 0x19, 0x62, 0x19, 0x62, 0x11, 0x82, 0x11, 0xE3, 0x19, 0xE3, 0x19, 0xC2, 0x19, 0xC2, 0x19,
    0x22, 0x11, 0xC1, 0x08, 0x61, 0x00, 0x21, 0x00, 0x41, 0x00, 0x61, 0x00, 0x41, 0x00, 0x21, 0x00,
    0x21, 0x00, 0x40, 0x00, 0x21, 0x00, 0x21, 0x00, 0x20, 0x00, 0x20, 0x00, 0xA2, 0x08, 0x41, 0x00,
    0x20, 0x00, 0xA1, 0x00, 0x83, 0x11, 0xA3, 0x11, 0xE4, 0x19, 0xE4, 0x19, 0x04, 0x1A, 0xC3, 0x11,
    0x21, 0x09, 0x01, 0x09, 0x21, 0x09, 0x41, 0x09, 0x61, 0x11, 0x61, 0x09, 0x61, 0x11, 0xA2, 0x11,
    0xE3, 0x19, 0x22, 0x09, 0x41, 0x00, 0x21, 0x00, 0x40, 0x00, 0x40, 0x00, 0xE1, 0x08, 0x83, 0x11,
    0xE4, 0x19, 0x83, 0x11, 0x83, 0x11, 0xA3, 0x11, 0xA4, 0x19, 0x42, 0x11, 0x42, 0x09, 0x82, 0x11,
    0x83, 0x19, 0xA1, 0x00, 0x82, 0x00, 0xA2, 0x00, 0xC2, 0x08, 0xA2, 0x00, 0xA2, 0x00, 0xE3, 0x08,
    0xA3, 0x19, 0x84, 0x32, 0x44, 0x2A, 0x02, 0x1A, 0x43, 0x2A, 0xE2, 0x19, 0xE2, 0x19, 0x43, 0x2A,
    0x63, 0x32, 0x43, 0x2A, 0x44, 0x2A, 0x64, 0x2A, 0x44, 0x2A, 0x43, 0x11, 0xE2, 0x08, 0x03, 0x09,
    0x64, 0x11, 0x84, 0x11, 0x23, 0x09, 0x03, 0x09, 0xA1, 0x00, 0xA2, 0x08, 0x81, 0x00, 0x61, 0x00,
    0x61, 0x00, 0x41, 0x00, 0x61, 0x00, 0xE2, 0x08, 0x03, 0x11, 0x03, 0x09, 0x02, 0x09, 0xC2, 0x08,
    0xA1, 0x00, 0x03, 0x11, 0xC6, 0x21, 0x85, 0x19, 0xA2, 0x00, 0x00, 0x00, 0x82, 0x00, 0x23, 0x11,
    0xC5, 0x29, 0x46, 0x42, 0x84, 0x29, 0xA1, 0x00, 0xC2, 0x00, 0xE2, 0x08, 0x23, 0x11, 0xE2, 0x08,
    0xC2, 0x08, 0xC2, 0x08, 0xA2, 0x00, 0xE2, 0x08, 0x02, 0x09, 0x22, 0x09, 0x63, 0x11, 0x81, 0x00,
    0x20, 0x00, 0x20, 0x00, 0x61, 0x00, 0x61, 0x00, 0xA1, 0x00, 0x85, 0x19, 0xE6, 0x21, 0xE7, 0x29,
    0xE6, 0x21, 0x07, 0x2A, 0x44, 0x11, 0x23, 0x09, 0xA5, 0x19, 0x85, 0x11, 0x64, 0x19, 0x64, 0x11,
    0x24, 0x11, 0x03, 0x09, 0xC2, 0x08, 0x40, 0x00, 0x20, 0x00, 0x41, 0x00, 0x41, 0x00, 0x41, 0x00,
    0x40, 0x00, 0x61, 0x00, 0x81, 0x00, 0xC2, 0x08, 0xE3, 0x08, 0xC2, 0x00, 0xE2, 0x08, 0x23, 0x09,
    0x03, 0x09, 0x47, 0x3A, 0x02, 0x11, 0x81, 0x00, 0x81, 0x00, 0x84, 0x21, 0x43, 0x11, 0xE3, 0x08,
    0xE2, 0x08, 0x01, 0x09, 0xC3, 0x19, 0x62, 0x11, 0x04, 0x22, 0xA2, 0x11, 0xC3, 0x19, 0xA2, 0x11,
    0x82, 0x11, 0xC3, 0x19, 0xA2, 0x11, 0x04, 0x22, 0x82, 0x11, 0x82, 0x11, 0x01, 0x09, 0x21, 0x09,
    0xA3, 0x19, 0xE2, 0x08, 0x20, 0x00, 0x41, 0x00, 0x61, 0x00, 0x81, 0x00, 0xA1, 0x08, 0x61, 0x00,
    0x01, 0x09, 0xC2, 0x19, 0xC1, 0x11, 0x02, 0x1A, 0xE1, 0x19, 0xC1, 0x11, 0x82, 0x19, 0x61, 0x00,
    0x00, 0x00, 0x40, 0x00, 0x01, 0x09, 0xE1, 0x08, 0x81, 0x19, 0xC1, 0x21, 0xC2, 0x19, 0xA1, 0x19,
    0xE1, 0x08, 0x02, 0x09, 0xC1, 0x08, 0x81, 0x00, 0x01, 0x09, 0x82, 0x11, 0x61, 0x09, 0x24, 0x22,
    0x04, 0x22, 0x24, 0x22, 0x24, 0x22, 0x45, 0x2A, 0xE3, 0x19, 0x62, 0x11, 0x22, 0x11, 0x81, 0x00,
    0x61, 0x00, 0x81, 0x08, 0x61, 0x00, 0x61, 0x00, 0x61, 0x00, 0xC1, 0x08, 0x41, 0x11, 0x41, 0x11,
    0xC2, 0x08, 0xC1, 0x08, 0xC3, 0x21, 0x82, 0x19, 0xC1, 0x08, 0xC2, 0x08, 0xC1, 0x08, 0xC1, 0x08,
    0xA1, 0x00, 0x61, 0x00, 0x41, 0x00, 0x41, 0x00, 0x41, 0x00, 0x41, 0x00, 0x61, 0x00, 0x20, 0x00,
    0x03, 0x19, 0x44, 0x21, 0x43, 0x19, 0xC1, 0x08, 0xA0, 0x00, 0x21, 0x09, 0xA3, 0x19, 0x85, 0x2A,
    0x62, 0x11, 0xE1, 0x08, 0x42, 0x11, 0x02, 0x09, 0x81, 0x00, 0x40, 0x00, 0x61, 0x00, 0x41, 0x00,
    0x21, 0x00, 0x21, 0x00, 0x21, 0x00, 0x21, 0x00, 0x21, 0x00, 0x21, 0x00, 0x00, 0x00, 0x21, 0x00,
    0x20, 0x00, 0x63, 0x19, 0x45, 0x22, 0x05, 0x22, 0x24, 0x22, 0x24, 0x22, 0xC3, 0x19, 0x21, 0x09,
    0x21, 0x09, 0x41, 0x11, 0x41, 0x11, 0x60, 0x11, 0x81, 0x11, 0xA1, 0x11, 0xC3, 0x19, 0x42, 0x11,
    0xA1, 0x08, 0x40, 0x00, 0x41, 0x00, 0x41, 0x00, 0x41, 0x00, 0x40, 0x00, 0x61, 0x00, 0x43, 0x11,
    0x83, 0x11, 0x83, 0x11, 0x83, 0x11, 0xA4, 0x11, 0x05, 0x22, 0x01, 0x09, 0x83, 0x19, 0xC4, 0x19,
    0xA1, 0x00, 0x82, 0x00, 0xA2, 0x08, 0x81, 0x00, 0xC2, 0x08, 0xE3, 0x08, 0xA1, 0x00, 0xC1, 0x00,
    0x23, 0x11, 0x24, 0x2A, 0x23, 0x2A, 0x64, 0x2A, 0x02, 0x22, 0x43, 0x2A, 0xE1, 0x19, 0x22, 0x22,
    0xA4, 0x32, 0x43, 0x2A, 0x84, 0x32, 0xA5, 0x32, 0x25, 0x2A, 0x43, 0x11, 0x43, 0x11, 0x64, 0x11,
    0x24, 0x11, 0x44, 0x11, 0x65, 0x19, 0xA2, 0x08, 0xA1, 0x00, 0xA1, 0x00, 0xE2, 0x08, 0x81, 0x00,
    0x82, 0x08, 0x61, 0x00, 0x41, 0x00, 0x61, 0x00, 0x61, 0x00, 0xE2, 0x10, 0x44, 0x19, 0x64, 0x11,
    0x44, 0x11, 0xA1, 0x00, 0x43, 0x11, 0xA6, 0x21, 0xC2, 0x08, 0x20, 0x00, 0xC2, 0x08, 0x43, 0x11,
    0xA5, 0x21, 0x63, 0x19, 0xC1, 0x08, 0x03, 0x09, 0x44, 0x11, 0x02, 0x09, 0xE2, 0x08, 0xE2, 0x08,
    0xC2, 0x08, 0xA2, 0x08, 0xC1, 0x08, 0x42, 0x11, 0x42, 0x09, 0x83, 0x19, 0x81, 0x00, 0x20, 0x00,
    0x41, 0x00, 0x21, 0x00, 0x41, 0x00, 0x61, 0x00, 0x61, 0x00, 0xA5, 0x21, 0x27, 0x2A, 0x07, 0x2A,
    0x27, 0x2A, 0xC6, 0x21, 0xA5, 0x21, 0x85, 0x19, 0xE6, 0x21, 0xC6, 0x19, 0x07, 0x2A, 0x24, 0x11,
    0x65, 0x11, 0xE2, 0x08, 0x81, 0x08, 0x20, 0x00, 0x20, 0x00, 0x41, 0x00, 0x41, 0x00, 0x41, 0x00,
    0x81, 0x08, 0xA1, 0x08, 0x81, 0x00, 0xA2, 0x00, 0x81, 0x00, 0x81, 0x08, 0x81, 0x00, 0xA2, 0x00,
    0x61, 0x00, 0xC2, 0x08, 0xE2, 0x10, 0x41, 0x00, 0x41, 0x00, 0x81, 0x00, 0x23, 0x11, 0x03, 0x09,
    0xC2, 0x08, 0xA1, 0x00, 0xE2, 0x08, 0x02, 0x09, 0x62, 0x11, 0x82, 0x11, 0xE3, 0x19, 0xA2, 0x11,
    0xE3, 0x19, 0xC3, 0x19, 0x04, 0x1A, 0x03, 0x1A, 0xC3, 0x19, 0xE4, 0x21, 0xC3, 0x19, 0xA3, 0x11,
    0x83, 0x11, 0x42, 0x11, 0x61, 0x00, 0x61, 0x00, 0x61, 0x00, 0x61, 0x00, 0xA1, 0x08, 0xA2, 0x08,
    0x81, 0x00, 0x41, 0x11, 0xC1, 0x19, 0x01, 0x1A, 0x01, 0x1A, 0xC1, 0x19, 0xA2, 0x19, 0x41, 0x00,
    0x00, 0x00, 0x20, 0x00, 0xC1, 0x08, 0xC1, 0x08, 0x41, 0x11, 0x42, 0x2A, 0x01, 0x22, 0x21, 0x22,
    0x61, 0x00, 0x61, 0x00, 0x40, 0x00, 0xE1, 0x08, 0x62, 0x11, 0x82, 0x11, 0xA2, 0x11, 0xA2, 0x11,
    0x04, 0x22, 0x24, 0x22, 0x44, 0x22, 0xE3, 0x19, 0x21, 0x09, 0x80, 0x00, 0x61, 0x00, 0x81, 0x00,
    0xA1, 0x08, 0xA1, 0x08, 0x61, 0x00, 0x61, 0x00, 0xA1, 0x00, 0xA1, 0x00, 0x41, 0x11, 0x82, 0x11,
    0x22, 0x09, 0xE1, 0x08, 0x63, 0x19, 0x04, 0x22, 0x01, 0x09, 0xA1, 0x00, 0x02, 0x09, 0xE2, 0x08,
    0xA1, 0x00, 0x81, 0x00, 0x61, 0x00, 0x41, 0x00, 0x41, 0x00, 0x41, 0x00, 0x61, 0x00, 0x20, 0x00,
    0x24, 0x21, 0x47, 0x3A, 0xA4, 0x29, 0x06, 0x3A, 0x60, 0x00, 0xA1, 0x00, 0xA0, 0x00, 0x83, 0x11,
    0x42, 0x11, 0xE1, 0x08, 0x21, 0x09, 0x83, 0x11, 0x83, 0x19, 0xE1, 0x08, 0x60, 0x00, 0x61, 0x00,
    0x41, 0x00, 0x20, 0x00, 0x21, 0x00, 0x21, 0x00, 0x41, 0x00, 0x20, 0x00, 0x40, 0x00, 0x61, 0x00,
    0x61, 0x00, 0xC4, 0x19, 0x45, 0x22, 0x45, 0x22, 0x45, 0x22, 0xC3, 0x19, 0x40, 0x09, 0x41, 0x09,
    0x61, 0x11, 0x60, 0x09, 0xC1, 0x19, 0xC1, 0x19, 0x03, 0x22, 0xE3, 0x21, 0x42, 0x19, 0x20, 0x00,
    0x21, 0x00, 0x41, 0x00, 0x40, 0x00, 0x41, 0x00, 0x41, 0x00, 0x41, 0x00, 0x41, 0x00, 0x61, 0x00,
    0x22, 0x09, 0x42, 0x11, 0x62, 0x11, 0x63, 0x09, 0x83, 0x11, 0x42, 0x09, 0x42, 0x09, 0x43, 0x11,
    0x81, 0x00, 0x62, 0x00, 0xA2, 0x00, 0xC2, 0x08, 0xA2, 0x00, 0xE3, 0x08, 0xE3, 0x08, 0xC2, 0x08,
    0x61, 0x00, 0x02, 0x11, 0x44, 0x32, 0x43, 0x2A, 0x63, 0x2A, 0x22, 0x22, 0x01, 0x1A, 0x43, 0x2A,
    0x83, 0x32, 0x84, 0x32, 0x84, 0x32, 0xA5, 0x32, 0xA3, 0x19, 0x23, 0x09, 0x23, 0x09, 0x43, 0x11,
    0x84, 0x11, 0xA5, 0x19, 0x85, 0x19, 0xA1, 0x08, 0xA1, 0x08, 0xC2, 0x00, 0x23, 0x11, 0x23, 0x09,
    0xC2, 0x08, 0xA2, 0x08, 0x61, 0x00, 0x61, 0x00, 0x41, 0x00, 0x20, 0x00, 0x61, 0x00, 0x44, 0x19,
    0xA5, 0x21, 0x64, 0x19, 0x23, 0x11, 0xA5, 0x19, 0xE3, 0x08, 0x20, 0x00, 0x03, 0x09, 0x03, 0x09,
    0xE2, 0x08, 0x02, 0x09, 0x43, 0x11, 0x23, 0x09, 0x43, 0x09, 0xE2, 0x08, 0xE2, 0x08, 0xC2, 0x08,
    0xA2, 0x08, 0xE2, 0x08, 0x22, 0x11, 0xA2, 0x11, 0xC3, 0x19, 0x81, 0x00, 0x20, 0x00, 0x41, 0x00,
    0x41, 0x00, 0x41, 0x00, 0x41, 0x00, 0x61, 0x00, 0x41, 0x00, 0x64, 0x19, 0x27, 0x2A, 0x07, 0x2A,
    0x07, 0x2A, 0x85, 0x19, 0xE6, 0x21, 0x27, 0x2A, 0x28, 0x32, 0x27, 0x2A, 0x06, 0x22, 0x23, 0x09,
    0x64, 0x11, 0xA2, 0x08, 0x40, 0x00, 0x40, 0x00, 0x41, 0x00, 0x41, 0x00, 0x81, 0x08, 0xC2, 0x08,
    0xA1, 0x08, 0x81, 0x00, 0x81, 0x00, 0x81, 0x00, 0x81, 0x00, 0x81, 0x00, 0xC2, 0x08, 0xA1, 0x08,
    0xE2, 0x10, 0x43, 0x19, 0xA5, 0x29, 0xE2, 0x10, 0x20, 0x00, 0x00, 0x00, 0xA2, 0x08, 0x44, 0x11,
    0xC2, 0x00, 0xA1, 0x00, 0xA1, 0x00, 0xC1, 0x08, 0xC1, 0x00, 0xE1, 0x08, 0xE1, 0x00, 0x21, 0x09,
    0xC3, 0x19, 0xC3, 0x19, 0x25, 0x2A, 0xC3, 0x19, 0xE4, 0x19, 0xC4, 0x19, 0xE4, 0x19, 0xC3, 0x19,
    0xC3, 0x11, 0xA3, 0x11, 0x02, 0x09, 0x81, 0x00, 0x81, 0x00, 0x81, 0x00, 0x81, 0x00, 0xA1, 0x08,
    0x81, 0x00, 0xA0, 0x00, 0x61, 0x11, 0xC1, 0x11, 0x02, 0x1A, 0xC1, 0x19, 0x21, 0x11, 0x20, 0x00,
    0x01, 0x00, 0x20, 0x00, 0x81, 0x00, 0xC1, 0x08, 0xC1, 0x08, 0xE2, 0x21, 0x21, 0x22, 0xC1, 0x19,
    0x40, 0x00, 0x21, 0x00, 0x80, 0x00, 0x42, 0x11, 0x61, 0x11, 0x41, 0x09, 0x62, 0x11, 0x61, 0x11,
    0xC3, 0x19, 0x82, 0x11, 0x02, 0x09, 0xC1, 0x08, 0x61, 0x00, 0x81, 0x00, 0x81, 0x00, 0xA1, 0x00,
    0xA1, 0x08, 0xC1, 0x08, 0x02, 0x09, 0xC1, 0x08, 0xA1, 0x08, 0xA1, 0x00, 0x42, 0x11, 0x82, 0x11,
    0x42, 0x09, 0xE2, 0x08, 0x02, 0x09, 0x83, 0x11, 0x22, 0x11, 0x02, 0x09, 0x63, 0x11, 0x02, 0x09,
    0xC1, 0x08, 0xA1, 0x08, 0x61, 0x00, 0x41, 0x00, 0x41, 0x00, 0x41, 0x00, 0x61, 0x00, 0x20, 0x00,
    0x24, 0x21, 0x67, 0x42, 0x01, 0x11, 0xA5, 0x31, 0x85, 0x29, 0x80, 0x00, 0xC1, 0x08, 0xC1, 0x00,
    0xE1, 0x08, 0x01, 0x09, 0x21, 0x09, 0x41, 0x09, 0x82, 0x11, 0xC3, 0x19, 0x62, 0x11, 0x41, 0x00,
    0x41, 0x00, 0x21, 0x00, 0x61, 0x00, 0x81, 0x00, 0xA1, 0x00, 0xC1, 0x08, 0xE2, 0x08, 0x02, 0x09,
    0x02, 0x09, 0xE4, 0x19, 0x65, 0x2A, 0x86, 0x2A, 0x03, 0x1A, 0x81, 0x11, 0x81, 0x11, 0xC1, 0x19,
    0xE1, 0x19, 0xE2, 0x21, 0x23, 0x2A, 0xC3, 0x21, 0x42, 0x11, 0xA1, 0x00, 0x81, 0x00, 0x61, 0x00,
    0x41, 0x00, 0x61, 0x00, 0x41, 0x00, 0x41, 0x00, 0x41, 0x00, 0x41, 0x00, 0x41, 0x00, 0x41, 0x00,
    0x61, 0x00, 0xC1, 0x08, 0x02, 0x09, 0xE1, 0x08, 0x43, 0x11, 0x62, 0x11, 0x83, 0x11, 0xC1, 0x08,
    0x81, 0x00, 0xA2, 0x08, 0x81, 0x00, 0xC2, 0x08, 0xC2, 0x08, 0xA2, 0x08, 0xE3, 0x08, 0xC2, 0x08,
    0xA1, 0x00, 0x81, 0x00, 0x83, 0x19, 0xA4, 0x3A, 0x43, 0x2A, 0x23, 0x22, 0xE1, 0x19, 0x02, 0x22,
    0x84, 0x3A, 0x84, 0x32, 0xA4, 0x32, 0x25, 0x2A, 0xE1, 0x00, 0x23, 0x11, 0x84, 0x11, 0x85, 0x11,
    0xA5, 0x19, 0x85, 0x19, 0xC2, 0x08, 0xA1, 0x00, 0xC2, 0x08, 0x23, 0x11, 0x23, 0x09, 0xA5, 0x19,
    0xE2, 0x00, 0xE2, 0x08, 0xA1, 0x00, 0x81, 0x00, 0x41, 0x00, 0x21, 0x00, 0x20, 0x00, 0x00, 0x00,
    0x41, 0x00, 0x82, 0x08, 0xC3, 0x08, 0x44, 0x19, 0x03, 0x11, 0x81, 0x00, 0x03, 0x09, 0x02, 0x09,
    0x43, 0x11, 0x64, 0x11, 0x63, 0x09, 0x43, 0x11, 0x23, 0x09, 0x03, 0x09, 0xE2, 0x08, 0xC1, 0x08,
    0xE1, 0x08, 0xA3, 0x19, 0xE3, 0x19, 0xC3, 0x19, 0xA1, 0x08, 0x41, 0x00, 0x61, 0x00, 0x61, 0x00,
    0x41, 0x00, 0x41, 0x00, 0x41, 0x00, 0x61, 0x00, 0x41, 0x00, 0x44, 0x11, 0x07, 0x2A, 0x07, 0x2A,
    0xC6, 0x21, 0x48, 0x32, 0x07, 0x2A, 0x48, 0x32, 0x27, 0x2A, 0x27, 0x2A, 0x64, 0x11, 0x23, 0x11,
    0xA1, 0x00, 0x40, 0x00, 0x40, 0x00, 0x40, 0x00, 0x40, 0x00, 0xA1, 0x08, 0xE2, 0x08, 0xC1, 0x00,
    0xE1, 0x08, 0xA1, 0x08, 0x61, 0x00, 0x61, 0x00, 0x61, 0x00, 0x61, 0x00, 0x61, 0x00, 0x81, 0x08,
    0xA1, 0x08, 0xE1, 0x08, 0x02, 0x11, 0xE2, 0x10, 0x61, 0x00, 0x61, 0x00, 0x41, 0x00, 0x82, 0x00,
    0x03, 0x11, 0xA1, 0x00, 0xA1, 0x08, 0xA1, 0x00, 0xC1, 0x08, 0xE2, 0x08, 0x81, 0x00, 0x81, 0x00,
    0xE1, 0x08, 0xE1, 0x08, 0xE1, 0x08, 0x02, 0x09, 0xA1, 0x00, 0xC1, 0x08, 0xC2, 0x08, 0xC2, 0x08,
    0xE2, 0x08, 0xA1, 0x08, 0x81, 0x00, 0x81, 0x00, 0x81, 0x00, 0x81, 0x00, 0x81, 0x00, 0x61, 0x00,
    0x81, 0x08, 0xA1, 0x00, 0xA0, 0x00, 0x61, 0x11, 0xA1, 0x11, 0xA1, 0x11, 0xA0, 0x00, 0x00, 0x00,
    0x21, 0x00, 0x41, 0x00, 0x41, 0x00, 0xA1, 0x08, 0xA1, 0x08, 0x01, 0x11, 0x02, 0x2A, 0x21, 0x22,
    0x41, 0x00, 0x61, 0x00, 0x22, 0x11, 0x21, 0x09, 0x01, 0x09, 0xE1, 0x08, 0xC1, 0x08, 0xC1, 0x00,
    0xE2, 0x08, 0xC2, 0x08, 0x81, 0x00, 0x81, 0x00, 0x81, 0x00, 0xA1, 0x08, 0xA1, 0x08, 0xA1, 0x08,
    0xC1, 0x08, 0xE1, 0x08, 0x63, 0x11, 0xE1, 0x08, 0xA1, 0x08, 0x81, 0x00, 0x22, 0x11, 0xA2, 0x19,
    0x62, 0x11, 0x22, 0x09, 0x02, 0x09, 0x22, 0x09, 0x01, 0x09, 0x01, 0x01, 0x63, 0x11, 0x02, 0x09,
    0xE2, 0x08, 0xC1, 0x08, 0x81, 0x00, 0x61, 0x00, 0x61, 0x00, 0x61, 0x00, 0x61, 0x00, 0x41, 0x00,
    0xE3, 0x10, 0x66, 0x3A, 0x82, 0x19, 0x81, 0x00, 0xE6, 0x31, 0x02, 0x11, 0xE1, 0x08, 0xE1, 0x08,
    0xE1, 0x08, 0x01, 0x09, 0x41, 0x09, 0x61, 0x11, 0x62, 0x11, 0x82, 0x11, 0xE3, 0x19, 0xE1, 0x08,
    0x41, 0x00, 0x81, 0x00, 0xE1, 0x08, 0x63, 0x11, 0x62, 0x11, 0x42, 0x11, 0x83, 0x19, 0x63, 0x11,
    0x42, 0x11, 0xC4, 0x21, 0xA7, 0x3A, 0x45, 0x2A, 0xC3, 0x19, 0x82, 0x19, 0xC3, 0x21, 0xA2, 0x19,
    0x41, 0x11, 0x22, 0x11, 0xC1, 0x08, 0xA1, 0x08, 0x81, 0x00, 0x81, 0x00, 0xA2, 0x08, 0x81, 0x00,
    0x81, 0x00, 0x61, 0x00, 0x61, 0x00, 0x61, 0x00, 0x61, 0x00, 0x41, 0x00, 0x61, 0x00, 0x40, 0x00,
    0x20, 0x00, 0x61, 0x00, 0x81, 0x00, 0xC1, 0x08, 0xE1, 0x08, 0x01, 0x09, 0x22, 0x09, 0xA1, 0x00,
    0x81, 0x00, 0xA2, 0x08, 0x81, 0x00, 0x81, 0x00, 0xE2, 0x08, 0xA2, 0x08, 0x81, 0x00, 0x61, 0x00,
    0x81, 0x08, 0x81, 0x00, 0xE2, 0x08, 0x24, 0x2A, 0x63, 0x2A, 0x22, 0x22, 0x02, 0x1A, 0x23, 0x22,
    0x63, 0x32, 0x84, 0x32, 0x44, 0x2A, 0x63, 0x11, 0x03, 0x09, 0x02, 0x09, 0x03, 0x09, 0x23, 0x09,
    0x43, 0x09, 0x23, 0x11, 0xE2, 0x08, 0xE2, 0x08, 0x02, 0x09, 0x43, 0x11, 0x23, 0x09, 0xA5, 0x19,
    0x64, 0x11, 0x03, 0x09, 0x03, 0x09, 0xA1, 0x00, 0x41, 0x00, 0x20, 0x00, 0x20, 0x00, 0x20, 0x00,
    0x20, 0x00, 0x20, 0x00, 0x00, 0x00, 0x20, 0x00, 0x41, 0x00, 0xE3, 0x08, 0x23, 0x09, 0x64, 0x11,
    0x63, 0x09, 0x43, 0x09, 0x03, 0x09, 0x23, 0x09, 0x02, 0x09, 0x03, 0x09, 0xE2, 0x08, 0xC1, 0x08,
    0x63, 0x11, 0x22, 0x11, 0x42, 0x11, 0xA1, 0x00, 0x61, 0x00, 0x81, 0x08, 0x61, 0x00, 0x61, 0x00,
    0x61, 0x00, 0x61, 0x00, 0x41, 0x00, 0x41, 0x00, 0x40, 0x00, 0x03, 0x11, 0xC6, 0x21, 0xE6, 0x21,
    0x27, 0x2A, 0x68, 0x32, 0x69, 0x3A, 0x69, 0x3A, 0x07, 0x2A, 0xC6, 0x21, 0xC2, 0x08, 0x81, 0x00,
    0x40, 0x00, 0x40, 0x00, 0x40, 0x00, 0x40, 0x00, 0xA1, 0x08, 0xE2, 0x08, 0xC1, 0x00, 0x02, 0x09,
    0x83, 0x19, 0xE2, 0x10, 0x40, 0x00, 0x61, 0x00, 0x61, 0x00, 0x61, 0x00, 0x81, 0x08, 0x81, 0x08,
    0xA2, 0x08, 0xA1, 0x00, 0x81, 0x00, 0xA2, 0x08, 0xA2, 0x08, 0xA1, 0x00, 0x82, 0x08, 0x82, 0x08,
    0x81, 0x00, 0xA2, 0x08, 0x81, 0x00, 0xA1, 0x00, 0xA1, 0x00, 0xA1, 0x00, 0xC1, 0x08, 0xE2, 0x08,
    0xA1, 0x08, 0x61, 0x00, 0x61, 0x00, 0x81, 0x00, 0x81, 0x00, 0x81, 0x00, 0x61, 0x00, 0xA2, 0x08,
    0x81, 0x00, 0x41, 0x00, 0x81, 0x00, 0x82, 0x00, 0x81, 0x00, 0xA2, 0x08, 0x81, 0x00, 0x81, 0x00,
    0x81, 0x08, 0xA1, 0x08, 0xA1, 0x08, 0xA1, 0x00, 0xC2, 0x19, 0x62, 0x11, 0xA1, 0x00, 0x81, 0x08,
    0x40, 0x00, 0x41, 0x00, 0x41, 0x00, 0x81, 0x00, 0xA1, 0x08, 0xA1, 0x00, 0x21, 0x11, 0x22, 0x2A,
    0x41, 0x00, 0x61, 0x00, 0x42, 0x11, 0x02, 0x09, 0x81, 0x00, 0xC2, 0x08, 0xC2, 0x00, 0xE3, 0x08,
    0xC2, 0x08, 0xA1, 0x00, 0xA1, 0x08, 0xA1, 0x08, 0x81, 0x00, 0xA1, 0x00, 0xC1, 0x08, 0xC1, 0x08,
    0xC1, 0x08, 0x02, 0x09, 0xE1, 0x08, 0xC1, 0x08, 0x02, 0x09, 0x02, 0x09, 0xA1, 0x00, 0x21, 0x09,
    0xC3, 0x19, 0x42, 0x11, 0x22, 0x09, 0x22, 0x09, 0x02, 0x09, 0xA4, 0x19, 0x63, 0x11, 0x42, 0x11,
    0x02, 0x09, 0xE1, 0x08, 0xA1, 0x00, 0x61, 0x00, 0x61, 0x00, 0x61, 0x00, 0x61, 0x00, 0x61, 0x00,
    0x61, 0x00, 0x04, 0x2A, 0x04, 0x2A, 0x60, 0x00, 0x23, 0x19, 0xC4, 0x21, 0xE1, 0x08, 0x01, 0x09,
    0x01, 0x09, 0x21, 0x09, 0x21, 0x09, 0x62, 0x11, 0x82, 0x11, 0x82, 0x11, 0xC2, 0x19, 0x82, 0x19,
    0xA1, 0x00, 0x02, 0x11, 0x22, 0x09, 0x21, 0x09, 0x21, 0x09, 0xC3, 0x29, 0x46, 0x3A, 0xC4, 0x21,
    0x62, 0x11, 0xA3, 0x19, 0x05, 0x2A, 0x42, 0x11, 0x01, 0x09, 0x21, 0x19, 0xE4, 0x31, 0xC1, 0x08,
    0x81, 0x00, 0x81, 0x00, 0x81, 0x00, 0x61, 0x00, 0x81, 0x00, 0x61, 0x00, 0x81, 0x08, 0x81, 0x00,
    0x81, 0x00, 0x81, 0x00, 0x81, 0x00, 0x81, 0x00, 0x61, 0x00, 0x61, 0x00, 0x61, 0x00, 0x41, 0x00,
    0x81, 0x00, 0x81, 0x00, 0x61, 0x00, 0x81, 0x00, 0xA1, 0x08, 0xE2, 0x08, 0x02, 0x09, 0xA1, 0x00,
    0x81, 0x00, 0xC2, 0x08, 0xE2, 0x08, 0x02, 0x09, 0x22, 0x09, 0x02, 0x09, 0xC1, 0x08, 0xC1, 0x08,
    0xE2, 0x08, 0xC2, 0x08, 0xA1, 0x08, 0x42, 0x11, 0x43, 0x2A, 0x63, 0x2A, 0x02, 0x1A, 0x22, 0x22,
    0x84, 0x32, 0x03, 0x22, 0x22, 0x09, 0xE2, 0x08, 0x02, 0x09, 0xE2, 0x08, 0xC2, 0x08, 0xE2, 0x08,
    0x03, 0x09, 0xC2, 0x08, 0x03, 0x09, 0x43, 0x11, 0xC5, 0x21, 0xA5, 0x19, 0x27, 0x2A, 0xC5, 0x21,
    0x47, 0x2A, 0x23, 0x09, 0x23, 0x11, 0xA1, 0x00, 0x20, 0x00, 0x21, 0x00, 0x20, 0x00, 0x21, 0x00,
    0x21, 0x00, 0x21, 0x00, 0x21, 0x00, 0x20, 0x00, 0x82, 0x00, 0x23, 0x09, 0x03, 0x09, 0x23, 0x11,
    0x03, 0x09, 0x23, 0x09, 0x23, 0x11, 0x23, 0x09, 0x02, 0x09, 0x02, 0x09, 0xC2, 0x08, 0xA1, 0x00,
    0xC2, 0x08, 0x61, 0x00, 0x81, 0x00, 0xA1, 0x08, 0xA1, 0x08, 0x81, 0x00, 0x81, 0x08, 0x81, 0x08,
    0x81, 0x08, 0x61, 0x00, 0x61, 0x00, 0x61, 0x00, 0x61, 0x00, 0x61, 0x00, 0x03, 0x09, 0xA5, 0x19,
    0x06, 0x2A, 0xA5, 0x21, 0xA5, 0x21, 0x64, 0x19, 0x65, 0x19, 0xC2, 0x08, 0x40, 0x00, 0x40, 0x00,
    0x41, 0x00, 0x41, 0x00, 0x60, 0x00, 0xE2, 0x08, 0x02, 0x09, 0xC1, 0x00, 0xC1, 0x08, 0x02, 0x11,
    0x83, 0x21, 0xC1, 0x08, 0x40, 0x00, 0x61, 0x00, 0x81, 0x00, 0xA1, 0x08, 0xA1, 0x00, 0xE1, 0x08,
    0xC1, 0x08, 0x81, 0x00, 0x81, 0x08, 0xA1, 0x08, 0xA2, 0x08, 0xA2, 0x08, 0x61, 0x00, 0xE3, 0x10,
    0xA2, 0x08, 0x41, 0x00, 0x81, 0x00, 0x81, 0x00, 0x81, 0x00, 0x81, 0x00, 0x81, 0x00, 0xA1, 0x00,
    0x02, 0x09, 0xC1, 0x08, 0xA1, 0x08, 0xC1, 0x08, 0x81, 0x00, 0xA1, 0x08, 0xA2, 0x08, 0x61, 0x00,
    0x81, 0x00, 0xA2, 0x08, 0x81, 0x00, 0xC2, 0x08, 0xA2, 0x08, 0x81, 0x00, 0x82, 0x00, 0x82, 0x08,
    0x81, 0x00, 0x81, 0x00, 0x81, 0x08, 0x81, 0x00, 0x82, 0x19, 0x62, 0x19, 0xA1, 0x00, 0x02, 0x09,
    0xE1, 0x08, 0x61, 0x00, 0x41, 0x00, 0x61, 0x00, 0xA1, 0x08, 0xA1, 0x00, 0x61, 0x00, 0x21, 0x11,
    0x41, 0x00, 0xA1, 0x08, 0x63, 0x19, 0x81, 0x00, 0x61, 0x00, 0xE2, 0x08, 0x23, 0x09, 0x03, 0x09,
    0xA1, 0x00, 0xC2, 0x08, 0xA1, 0x08, 0x81, 0x00, 0xA1, 0x08, 0xA1, 0x00, 0xE1, 0x08, 0x42, 0x09,
    0xE1, 0x08, 0xE1, 0x08, 0x81, 0x00, 0xA1, 0x08, 0x02, 0x09, 0x63, 0x11, 0x02, 0x09, 0x02, 0x09,
    0x83, 0x19, 0x42, 0x11, 0x63, 0x11, 0x42, 0x09, 0x01, 0x09, 0xC4, 0x19, 0xA4, 0x11, 0x43, 0x11,
    0x22, 0x09, 0x02, 0x09, 0xC1, 0x08, 0x61, 0x00, 0x61, 0x00, 0x81, 0x00, 0x81, 0x00, 0x81, 0x00,
    0x81, 0x00, 0xE4, 0x29, 0x25, 0x2A, 0xC1, 0x08, 0x81, 0x00, 0xA3, 0x19, 0x82, 0x11, 0x41, 0x11,
    0x41, 0x11, 0x41, 0x09, 0x41, 0x09, 0x61, 0x11, 0x82, 0x11, 0x81, 0x11, 0xC2, 0x19, 0xE3, 0x19,
    0x01, 0x09, 0x01, 0x09, 0x41, 0x11, 0x83, 0x21, 0x45, 0x4A, 0xC7, 0x5A, 0x05, 0x2A, 0x22, 0x09,
    0xC1, 0x08, 0x22, 0x09, 0x04, 0x22, 0xE1, 0x08, 0x62, 0x19, 0x82, 0x29, 0xA3, 0x31, 0x21, 0x11,
    0xE2, 0x08, 0xC1, 0x08, 0x60, 0x00, 0x41, 0x00, 0x61, 0x00, 0x61, 0x00, 0x81, 0x00, 0xA1, 0x08,
    0xC1, 0x08, 0xA1, 0x00, 0x81, 0x00, 0x81, 0x00, 0x81, 0x00, 0x81, 0x08, 0x61, 0x00, 0x81, 0x00,
    0xA1, 0x00, 0x81, 0x00, 0x81, 0x08, 0xA1, 0x08, 0x81, 0x00, 0xA1, 0x00, 0xE2, 0x08, 0xC1, 0x08,
    0x43, 0x11, 0xA3, 0x11, 0x62, 0x11, 0x42, 0x09, 0x22, 0x09, 0xE1, 0x08, 0xE1, 0x08, 0xE1, 0x08,
    0xE1, 0x08, 0xC1, 0x08, 0xA2, 0x08, 0xC1, 0x08, 0xE3, 0x21, 0x84, 0x32, 0x43, 0x2A, 0x43, 0x2A,
    0x64, 0x32, 0x82, 0x19, 0xC1, 0x00, 0xC2, 0x08, 0xC2, 0x08, 0xC2, 0x08, 0xE2, 0x08, 0xE2, 0x08,
    0xC2, 0x08, 0x81, 0x00, 0xC2, 0x08, 0x02, 0x09, 0xE6, 0x29, 0xC5, 0x19, 0x68, 0x32, 0xE7, 0x21,
    0x07, 0x22, 0xC6, 0x19, 0x44, 0x11, 0x61, 0x00, 0x20, 0x00, 0x21, 0x00, 0x21, 0x00, 0x21, 0x00,
    0x21, 0x00, 0x20, 0x00, 0x20, 0x00, 0x20, 0x00, 0x61, 0x00, 0x61, 0x00, 0x41, 0x00, 0x61, 0x00,
    0x81, 0x00, 0xA1, 0x00, 0xE2, 0x08, 0xC2, 0x08, 0xC2, 0x08, 0x81, 0x00, 0x81, 0x00, 0xE2, 0x08,
    0xC2, 0x08, 0xA1, 0x00, 0xC2, 0x08, 0xC2, 0x08, 0xA1, 0x00, 0x81, 0x08, 0xA1, 0x08, 0xA1, 0x00,
    0x81, 0x08, 0x81, 0x00, 0x61, 0x00, 0x61, 0x00, 0x61, 0x00, 0x61, 0x00, 0xE2, 0x08, 0x84, 0x19,
    0x23, 0x11, 0xC2, 0x08, 0x81, 0x00, 0x61, 0x00, 0x61, 0x00, 0x61, 0x00, 0x61, 0x00, 0x61, 0x00,
    0x61, 0x00, 0x41, 0x00, 0xC1, 0x08, 0x22, 0x11, 0xC1, 0x00, 0x02, 0x11, 0xE6, 0x31, 0xC5, 0x31,
    0x43, 0x19, 0x81, 0x00, 0x61, 0x00, 0x61, 0x00, 0xA2, 0x08, 0xC1, 0x08, 0xC2, 0x08, 0xC1, 0x08,
    0x81, 0x00, 0x81, 0x00, 0x81, 0x00, 0x81, 0x00, 0x61, 0x00, 0x61, 0x00, 0x81, 0x08, 0x81, 0x00,
    0x61, 0x00, 0x41, 0x00, 0x41, 0x00, 0x61, 0x00, 0x61, 0x00, 0x61, 0x00, 0x61, 0x00, 0x81, 0x00,
    0x01, 0x09, 0x01, 0x09, 0xE1, 0x08, 0x22, 0x09, 0x22, 0x09, 0x22, 0x11, 0x02, 0x09, 0xA2, 0x08,
    0x81, 0x00, 0xC2, 0x08, 0xA2, 0x08, 0x81, 0x00, 0xA1, 0x08, 0xA2, 0x08, 0x82, 0x00, 0x82, 0x00,
    0xA2, 0x00, 0x81, 0x08, 0x61, 0x00, 0x40, 0x00, 0x60, 0x00, 0xC1, 0x08, 0xE2, 0x08, 0xE1, 0x08,
    0x02, 0x09, 0x23, 0x11, 0x81, 0x00, 0x41, 0x00, 0x61, 0x00, 0xA1, 0x08, 0x61, 0x00, 0x20, 0x00,
    0x81, 0x08, 0x81, 0x00, 0x61, 0x00, 0x41, 0x00, 0x61, 0x00, 0xE2, 0x08, 0x03, 0x09, 0xA1, 0x00,
    0xE2, 0x08, 0xC2, 0x08, 0xA1, 0x08, 0x81, 0x00, 0xC1, 0x08, 0xC1, 0x08, 0xE1, 0x08, 0xA3, 0x11,
    0x83, 0x11, 0xE1, 0x00, 0xA1, 0x08, 0x81, 0x00, 0x02, 0x09, 0xE4, 0x19, 0x21, 0x09, 0x21, 0x09,
    0x42, 0x09, 0x62, 0x11, 0x62, 0x11, 0x42, 0x09, 0x83, 0x19, 0xC4, 0x11, 0xA4, 0x11, 0x63, 0x11,
    0x42, 0x09, 0x22, 0x11, 0xC1, 0x08, 0x81, 0x00, 0x81, 0x00, 0xA1, 0x08, 0x81, 0x00, 0x81, 0x08,
    0x81, 0x00, 0xA3, 0x19, 0x65, 0x32, 0xE1, 0x08, 0x61, 0x00, 0xC1, 0x00, 0x83, 0x19, 0xA2, 0x19,
    0x41, 0x11, 0x61, 0x11, 0x41, 0x11, 0x61, 0x11, 0x81, 0x11, 0xA2, 0x19, 0xC2, 0x19, 0xC2, 0x19,
    0x21, 0x09, 0xE1, 0x00, 0xE4, 0x31, 0x66, 0x52, 0xA7, 0x5A, 0x62, 0x19, 0xE1, 0x00, 0x22, 0x09,
    0x01, 0x09, 0x42, 0x11, 0x82, 0x11, 0x82, 0x11, 0x03, 0x2A, 0x63, 0x21, 0x22, 0x19, 0x01, 0x09,
    0xC1, 0x08, 0x61, 0x00, 0x41, 0x00, 0x61, 0x00, 0xA1, 0x00, 0xE1, 0x08, 0xE2, 0x08, 0xC1, 0x08,
    0xA1, 0x08, 0xA1, 0x08, 0xC1, 0x08, 0xC1, 0x08, 0xA1, 0x08, 0x60, 0x00, 0x81, 0x08, 0xA1, 0x08,
    0xC1, 0x08, 0xC1, 0x08, 0xA1, 0x08, 0xA1, 0x08, 0xA1, 0x08, 0x81, 0x00, 0xC1, 0x00, 0xC3, 0x19,
    0xC3, 0x19, 0x41, 0x09, 0x01, 0x09, 0xE1, 0x08, 0xC1, 0x08, 0xC1, 0x08, 0xE1, 0x08, 0x42, 0x11,
    0x22, 0x11, 0xC1, 0x08, 0x81, 0x00, 0x02, 0x11, 0x42, 0x19, 0x44, 0x32, 0x84, 0x32, 0x64, 0x32,
    0x82, 0x19, 0x01, 0x09, 0xC2, 0x08, 0xA1, 0x00, 0xC2, 0x08, 0xE2, 0x08, 0xC2, 0x00, 0xA2, 0x08,
    0xC2, 0x08, 0x81, 0x00, 0x81, 0x00, 0xC2, 0x08, 0x44, 0x11, 0x27, 0x2A, 0xC5, 0x21, 0x48, 0x2A,
    0x64, 0x11, 0x06, 0x22, 0x23, 0x09, 0x61, 0x00, 0x20, 0x00, 0x21, 0x00, 0x21, 0x00, 0x21, 0x00,
    0x21, 0x00, 0x21, 0x00, 0x20, 0x00, 0x20, 0x00, 0x20, 0x00, 0x20, 0x00, 0x20, 0x00, 0x20, 0x00,
    0x20, 0x00, 0x20, 0x00, 0x20, 0x00, 0x20, 0x00, 0x40, 0x00, 0x20, 0x00, 0x81, 0x00, 0xA1, 0x08,
    0xE2, 0x08, 0xE2, 0x08, 0xC2, 0x08, 0xC1, 0x08, 0xC1, 0x08, 0xC2, 0x08, 0xE2, 0x08, 0xE2, 0x08,
    0xA1, 0x08, 0x81, 0x08, 0x81, 0x00, 0x61, 0x00, 0x61, 0x00, 0x61, 0x00, 0xE2, 0x08, 0xE2, 0x08,
    0x60, 0x00, 0x61, 0x00, 0x61, 0x00, 0x61, 0x00, 0x61, 0x00, 0x81, 0x00, 0x61, 0x00, 0x61, 0x00,
    0x61, 0x00, 0x81, 0x00, 0x02, 0x09, 0x01, 0x09, 0xC1, 0x00, 0xC5, 0x29, 0xE5, 0x31, 0x84, 0x29,
    0xC1, 0x08, 0x61, 0x00, 0x61, 0x00, 0xA1, 0x08, 0xE1, 0x08, 0xE2, 0x08, 0xC1, 0x08, 0x81, 0x00,
    0x81, 0x08, 0x81, 0x00, 0xA2, 0x08, 0x81, 0x00, 0xE3, 0x10, 0xA2, 0x08, 0x40, 0x00, 0x61, 0x00,
    0x61, 0x00, 0x61, 0x00, 0x41, 0x00, 0x41, 0x00, 0x61, 0x00, 0x61, 0x00, 0x61, 0x00, 0xC1, 0x08,
    0xA3, 0x11, 0xA4, 0x11, 0xC4, 0x11, 0x83, 0x11, 0xC4, 0x19, 0xA3, 0x19, 0x42, 0x11, 0x22, 0x11,
    0xC2, 0x08, 0xA1, 0x00, 0xA1, 0x00, 0xC2, 0x08, 0xE2, 0x08, 0xC1, 0x00, 0xA2, 0x00, 0xA2, 0x08,
    0xA2, 0x00, 0x81, 0x00, 0x61, 0x00, 0x20, 0x00, 0x20, 0x00, 0x20, 0x00, 0x81, 0x00, 0xA1, 0x08,
    0x81, 0x00, 0xE2, 0x08, 0xE2, 0x08, 0x20, 0x00, 0x20, 0x00, 0xA1, 0x08, 0xA1, 0x08, 0x41, 0x00,
    0x81, 0x00, 0x61, 0x00, 0x61, 0x00, 0x61, 0x00, 0x41, 0x00, 0x81, 0x00, 0xA1, 0x08, 0xE2, 0x08,
    0xC2, 0x08, 0xC1, 0x08, 0xA1, 0x08, 0xA1, 0x08, 0xC1, 0x08, 0x42, 0x09, 0x22, 0x09, 0x83, 0x11,
    0xA4, 0x19, 0xE2, 0x08, 0xC1, 0x08, 0x40, 0x00, 0xC2, 0x08, 0xC4, 0x19, 0xC3, 0x19, 0x83, 0x11,
    0x62, 0x11, 0x62, 0x11, 0x62, 0x11, 0x21, 0x09, 0xA3, 0x11, 0xC4, 0x11, 0xA4, 0x11, 0x63, 0x09,
    0x63, 0x11, 0x22, 0x09, 0xE1, 0x08, 0x81, 0x00, 0xA1, 0x08, 0xA1, 0x08, 0xA1, 0x00, 0xA1, 0x08,
    0x81, 0x00, 0x42, 0x11, 0x85, 0x32, 0x22, 0x11, 0x61, 0x00, 0x81, 0x00, 0xC1, 0x00, 0xA3, 0x19,
    0x81, 0x11, 0xA2, 0x19, 0x61, 0x11, 0x61, 0x11, 0x61, 0x11, 0xA1, 0x11, 0xE2, 0x19, 0xE3, 0x21,
    0x01, 0x09, 0x83, 0x19, 0xE7, 0x52, 0x86, 0x4A, 0x83, 0x19, 0x21, 0x09, 0x42, 0x11, 0x42, 0x11,
    0x22, 0x09, 0x22, 0x09, 0x62, 0x11, 0x03, 0x22, 0xC2, 0x21, 0x42, 0x19, 0x02, 0x11, 0x81, 0x00,
    0x41, 0x00, 0x41, 0x00, 0x61, 0x00, 0xC1, 0x08, 0x02, 0x09, 0xE2, 0x08, 0xC1, 0x00, 0xC1, 0x00,
    0xE1, 0x08, 0xE1, 0x08, 0x22, 0x09, 0xE2, 0x08, 0x60, 0x00, 0xA1, 0x00, 0xE1, 0x08, 0xE1, 0x08,
    0xE1, 0x08, 0xE2, 0x08, 0xE2, 0x08, 0xE1, 0x08, 0xC1, 0x08, 0xA1, 0x00, 0xA3, 0x19, 0xE3, 0x19,
    0x21, 0x09, 0xE1, 0x08, 0xE1, 0x08, 0xC1, 0x08, 0xE1, 0x08, 0xE1, 0x08, 0xA2, 0x19, 0x82, 0x19,
    0x42, 0x11, 0x81, 0x00, 0xA1, 0x00, 0x02, 0x09, 0x01, 0x11, 0xA3, 0x19, 0x27, 0x4B, 0x24, 0x32,
    0x22, 0x11, 0x02, 0x09, 0x81, 0x00, 0xA2, 0x08, 0xA2, 0x08, 0xA1, 0x00, 0xA2, 0x08, 0xA2, 0x08,
    0x81, 0x00, 0x81, 0x00, 0x61, 0x00, 0x81, 0x00, 0xC1, 0x00, 0x47, 0x32, 0x84, 0x11, 0x27, 0x2A,
    0x84, 0x11, 0x23, 0x11, 0xA2, 0x08, 0x41, 0x00, 0x41, 0x00, 0x21, 0x00, 0x21, 0x00, 0x21, 0x00,
    0x20, 0x00, 0x21, 0x00, 0x21, 0x00, 0x21, 0x00, 0x41, 0x00, 0x41, 0x00, 0x40, 0x00, 0x20, 0x00,
    0x21, 0x00, 0x20, 0x00, 0x21, 0x00, 0x41, 0x00, 0x20, 0x00, 0xA2, 0x08, 0x43, 0x11, 0x43, 0x11,
    0x03, 0x09, 0xE2, 0x08, 0xC2, 0x08, 0xC2, 0x08, 0xE2, 0x08, 0x02, 0x09, 0xC1, 0x00, 0xC1, 0x00,
    0x02, 0x09, 0xA1, 0x08, 0x81, 0x08, 0x81, 0x00, 0x81, 0x00, 0x61, 0x00, 0x81, 0x00, 0x61, 0x00,
    0x40, 0x00, 0x61, 0x00, 0x81, 0x00, 0x81, 0x00, 0x81, 0x08, 0x81, 0x08, 0x81, 0x00, 0x81, 0x00,
    0x81, 0x00, 0xE2, 0x08, 0xE2, 0x08, 0xC1, 0x08, 0xC5, 0x29, 0xC8, 0x4A, 0xA3, 0x21, 0x23, 0x19,
    0x41, 0x00, 0x61, 0x00, 0xA2, 0x08, 0xE2, 0x08, 0x02, 0x09, 0xE2, 0x08, 0x81, 0x00, 0x81, 0x08,
    0x81, 0x08, 0x61, 0x00, 0x61, 0x00, 0x40, 0x00, 0x81, 0x08, 0x61, 0x00, 0x40, 0x00, 0x20, 0x00,
    0x20, 0x00, 0x41, 0x00, 0x41, 0x00, 0x41, 0x00, 0x41, 0x00, 0x61, 0x00, 0x61, 0x00, 0x23, 0x11,
    0x83, 0x11, 0x84, 0x19, 0xC4, 0x19, 0x63, 0x11, 0x02, 0x09, 0x41, 0x09, 0x41, 0x09, 0x62, 0x11,
    0xC1, 0x08, 0xC2, 0x08, 0x81, 0x00, 0x61, 0x00, 0x02, 0x11, 0x83, 0x19, 0xA1, 0x00, 0x81, 0x00,
    0xC2, 0x08, 0x81, 0x00, 0x20, 0x00, 0x20, 0x00, 0x20, 0x00, 0x20, 0x00, 0x00, 0x00, 0x00, 0x00,
    0x00, 0x00, 0x00, 0x00, 0x61, 0x00, 0x41, 0x00, 0x00, 0x00, 0x61, 0x00, 0xC1, 0x08, 0x81, 0x00,
    0xA1, 0x08, 0xA2, 0x08, 0x81, 0x00, 0x61, 0x00, 0x61, 0x00, 0x61, 0x00, 0xE2, 0x08, 0xE2, 0x08,
    0xC1, 0x08, 0xC1, 0x08, 0xA1, 0x00, 0xE2, 0x08, 0xE1, 0x08, 0x83, 0x11, 0x83, 0x11, 0x62, 0x11,
    0x01, 0x09, 0xC1, 0x08, 0xA1, 0x08, 0x40, 0x00, 0x81, 0x00, 0xE5, 0x19, 0xC3, 0x11, 0x83, 0x11,
    0xA3, 0x11, 0xA3, 0x11, 0x42, 0x11, 0x62, 0x11, 0xE4, 0x19, 0xC4, 0x11, 0xA4, 0x11, 0xA3, 0x11,
    0x63, 0x11, 0x42, 0x11, 0xE2, 0x08, 0x81, 0x00, 0xE2, 0x08, 0xC2, 0x08, 0xC1, 0x08, 0xC1, 0x08,
    0xA1, 0x00, 0xE1, 0x08, 0x85, 0x3A, 0x62, 0x19, 0x61, 0x00, 0x81, 0x08, 0xA1, 0x08, 0xC1, 0x00,
    0x21, 0x11, 0x24, 0x2A, 0xE2, 0x21, 0x81, 0x11, 0xA2, 0x19, 0x81, 0x11, 0xC2, 0x19, 0xC2, 0x19,
    0x01, 0x09, 0x45, 0x3A, 0xE3, 0x29, 0x22, 0x11, 0x21, 0x09, 0x62, 0x11, 0x42, 0x09, 0x42, 0x11,
    0x42, 0x09, 0x21, 0x09, 0x03, 0x2A, 0x02, 0x2A, 0x03, 0x2A, 0x02, 0x09, 0x60, 0x00, 0x40, 0x00,
    0x41, 0x00, 0x61, 0x00, 0xC1, 0x08, 0x02, 0x09, 0x02, 0x09, 0xE1, 0x08, 0xE2, 0x08, 0x02, 0x09,
    0x02, 0x09, 0xE1, 0x08, 0xC1, 0x08, 0x40, 0x00, 0x81, 0x00, 0x22, 0x09, 0x21, 0x09, 0x22, 0x09,
    0x42, 0x11, 0x22, 0x09, 0x01, 0x09, 0x02, 0x09, 0xE1, 0x08, 0x62, 0x11, 0xE3, 0x19, 0x01, 0x09,
    0xE1, 0x08, 0xE1, 0x08, 0xE1, 0x08, 0xC1, 0x08, 0x22, 0x11, 0x82, 0x19, 0xC3, 0x21, 0xA2, 0x19,
    0xA7, 0x4A, 0x23, 0x19, 0xA1, 0x00, 0xE1, 0x08, 0x62, 0x11, 0x21, 0x09, 0x07, 0x4B, 0xA3, 0x21,
    0xE1, 0x08, 0xA1, 0x00, 0x61, 0x00, 0x81, 0x00, 0x81, 0x00, 0x81, 0x00, 0x81, 0x00, 0x81, 0x00,
    0x81, 0x00, 0x81, 0x00, 0x61, 0x00, 0x81, 0x00, 0xA1, 0x00, 0x64, 0x19, 0xA5, 0x19, 0xA5, 0x19,
    0xE6, 0x21, 0xA1, 0x00, 0x41, 0x00, 0x41, 0x00, 0x20, 0x00, 0x21, 0x00, 0x21, 0x00, 0x21, 0x00,
    0x20, 0x00, 0x21, 0x00, 0x20, 0x00, 0x41, 0x00, 0x61, 0x00, 0x61, 0x00, 0x41, 0x00, 0x41, 0x00,
    0x21, 0x00, 0x20, 0x00, 0x21, 0x00, 0x41, 0x00, 0x41, 0x00, 0xE2, 0x08, 0x44, 0x11, 0x02, 0x09,
    0x02, 0x09, 0xE2, 0x08, 0xE2, 0x08, 0x22, 0x09, 0x43, 0x11, 0x84, 0x11, 0x02, 0x09, 0xC1, 0x00,
    0xE2, 0x08, 0xE2, 0x08, 0xA1, 0x08, 0xA1, 0x08, 0xA1, 0x00, 0xA1, 0x08, 0x81, 0x00, 0x61, 0x08,
    0x40, 0x00, 0x81, 0x00, 0xC1, 0x08, 0xC1, 0x08, 0xC1, 0x08, 0xA1, 0x00, 0xC1, 0x08, 0xC1, 0x08,
    0xE1, 0x08, 0xA1, 0x08, 0x60, 0x00, 0x43, 0x21, 0x4B, 0x63, 0x87, 0x42, 0x83, 0x21, 0x61, 0x00,
    0x21, 0x00, 0x81, 0x00, 0xE2, 0x08, 0x02, 0x09, 0xA1, 0x08, 0x40, 0x00, 0x41, 0x00, 0x41, 0x00,
    0x41, 0x00, 0x21, 0x00, 0x20, 0x00, 0x41, 0x00, 0x41, 0x00, 0x41, 0x00, 0x41, 0x00, 0x41, 0x00,
    0x41, 0x00, 0x40, 0x00, 0x41, 0x00, 0x41, 0x00, 0x41, 0x00, 0x41, 0x00, 0x41, 0x00, 0x61, 0x00,
    0x60, 0x00, 0x60, 0x00, 0xA1, 0x00, 0x81, 0x00, 0xC1, 0x00, 0xC3, 0x19, 0x41, 0x09, 0x61, 0x11,
    0x62, 0x11, 0x02, 0x09, 0x03, 0x09, 0x81, 0x08, 0x40, 0x00, 0x63, 0x19, 0xC4, 0x31, 0x80, 0x08,
    0x61, 0x00, 0x41, 0x00, 0x20, 0x00, 0x21, 0x00, 0x20, 0x00, 0x20, 0x00, 0x20, 0x00, 0x20, 0x00,
    0x20, 0x00, 0x20, 0x00, 0x00, 0x00, 0x20, 0x00, 0x20, 0x00, 0x20, 0x00, 0x81, 0x00, 0xC2, 0x08,
    0xA2, 0x08, 0x81, 0x00, 0x81, 0x00, 0xA2, 0x08, 0x81, 0x00, 0x81, 0x00, 0xE2, 0x08, 0xC1, 0x00,
    0xE2, 0x08, 0xC1, 0x08, 0xA1, 0x08, 0x01, 0x09, 0x42, 0x09, 0x83, 0x11, 0xC4, 0x19, 0xE1, 0x08,
    0xC1, 0x08, 0xE2, 0x08, 0x40, 0x00, 0x41, 0x00, 0x61, 0x00, 0x63, 0x11, 0xE4, 0x19, 0xC3, 0x11,
    0xA3, 0x11, 0x83, 0x11, 0x42, 0x09, 0x42, 0x09, 0x05, 0x1A, 0xE4, 0x11, 0xC4, 0x11, 0xA3, 0x11,
    0x83, 0x09, 0x63, 0x11, 0xC1, 0x00, 0xE2, 0x08, 0x22, 0x09, 0xE2, 0x08, 0x02, 0x09, 0xE2, 0x08,
    0xE2, 0x08, 0x81, 0x00, 0x24, 0x32, 0xC3, 0x21, 0x61, 0x00, 0x81, 0x08, 0xA1, 0x08, 0x61, 0x00,
    0x40, 0x00, 0xC1, 0x08, 0x62, 0x19, 0xA2, 0x19, 0xC2, 0x19, 0xC2, 0x19, 0xA1, 0x11, 0xE3, 0x19,
    0x82, 0x19, 0x42, 0x11, 0xE1, 0x08, 0x42, 0x11, 0x42, 0x09, 0x42, 0x09, 0x62, 0x11, 0x62, 0x11,
    0x22, 0x09, 0xC3, 0x21, 0x02, 0x22, 0x23, 0x2A, 0x22, 0x11, 0x41, 0x00, 0x40, 0x00, 0x41, 0x00,
    0x41, 0x00, 0xC1, 0x08, 0x02, 0x09, 0x02, 0x09, 0x22, 0x09, 0x02, 0x09, 0xC1, 0x08, 0x81, 0x00,
    0x61, 0x00, 0x40, 0x00, 0x20, 0x00, 0x61, 0x00, 0x22, 0x11, 0x42, 0x09, 0x63, 0x11, 0x63, 0x11,
    0x62, 0x09, 0x63, 0x11, 0x42, 0x11, 0x63, 0x11, 0x21, 0x09, 0x04, 0x22, 0x62, 0x11, 0x21, 0x09,
    0x21, 0x09, 0x22, 0x09, 0x22, 0x09, 0x02, 0x09, 0x01, 0x09, 0x03, 0x2A, 0xC3, 0x19, 0x82, 0x11,
    0xA7, 0x52, 0x67, 0x52, 0xC1, 0x08, 0x21, 0x09, 0x82, 0x11, 0xE1, 0x08, 0x83, 0x19, 0x22, 0x09,
    0x22, 0x09, 0xA1, 0x00, 0x41, 0x00, 0x61, 0x00, 0x61, 0x00, 0x81, 0x00, 0x81, 0x00, 0x81, 0x08,
    0x61, 0x00, 0x82, 0x08, 0x61, 0x00, 0x61, 0x00, 0x81, 0x00, 0xC2, 0x08, 0xE6, 0x21, 0x64, 0x11,
    0x44, 0x11, 0x61, 0x00, 0x61, 0x00, 0x61, 0x00, 0x20, 0x00, 0x21, 0x00, 0x21, 0x00, 0x21, 0x00,
    0x21, 0x00, 0x20, 0x00, 0x40, 0x00, 0x61, 0x00, 0x61, 0x00, 0x61, 0x00, 0x61, 0x00, 0x41, 0x00,
    0x41, 0x00, 0x20, 0x00, 0x41, 0x00, 0x41, 0x00, 0x61, 0x00, 0xC1, 0x08, 0xE2, 0x08, 0x23, 0x11,
    0x02, 0x09, 0x02, 0x09, 0x43, 0x11, 0x43, 0x09, 0x43, 0x09, 0x02, 0x09, 0x02, 0x09, 0x43, 0x11,
    0xC1, 0x08, 0xE2, 0x08, 0xC1, 0x08, 0xC1, 0x08, 0x81, 0x00, 0xA1, 0x08, 0xC1, 0x08, 0x61, 0x00,
    0x20, 0x00, 0x61, 0x00, 0xE2, 0x08, 0x02, 0x09, 0xE2, 0x08, 0xE1, 0x08, 0xE1, 0x08, 0xE1, 0x08,
    0xA1, 0x08, 0x61, 0x00, 0x02, 0x11, 0x26, 0x3A, 0x26, 0x3A, 0x63, 0x19, 0x40, 0x00, 0x20, 0x00,
    0xC1, 0x00, 0x63, 0x11, 0x42, 0x11, 0xA1, 0x00, 0x40, 0x00, 0x41, 0x00, 0x41, 0x00, 0x41, 0x00,
    0x41, 0x00, 0x20, 0x00, 0x41, 0x00, 0x41, 0x00, 0x41, 0x00, 0x41, 0x00, 0x41, 0x00, 0x61, 0x00,
    0x61, 0x00, 0x61, 0x00, 0x41, 0x00, 0x41, 0x00, 0x41, 0x00, 0x41, 0x00, 0x40, 0x00, 0x41, 0x00,
    0x41, 0x00, 0x41, 0x00, 0x41, 0x00, 0x60, 0x00, 0xA3, 0x19, 0x82, 0x11, 0x21, 0x09, 0x61, 0x11,
    0xC3, 0x19, 0x63, 0x11, 0x43, 0x11, 0x02, 0x09, 0xA1, 0x00, 0xC1, 0x08, 0x86, 0x4A, 0x62, 0x21,
    0x41, 0x00, 0x21, 0x00, 0x20, 0x00, 0x21, 0x00, 0x21, 0x00, 0x20, 0x00, 0x20, 0x00, 0x20, 0x00,
    0x20, 0x00, 0x20, 0x00, 0x20, 0x00, 0x20, 0x00, 0x21, 0x00, 0x20, 0x00, 0x20, 0x00, 0x61, 0x00,
    0xA1, 0x00, 0xC2, 0x08, 0xC2, 0x08, 0x81, 0x00, 0x61, 0x00, 0x81, 0x00, 0x81, 0x00, 0xE2, 0x08,
    0xC2, 0x08, 0xC1, 0x08, 0xC1, 0x08, 0x01, 0x09, 0x83, 0x11, 0x22, 0x09, 0xC1, 0x08, 0x81, 0x00,
    0x81, 0x00, 0xA1, 0x08, 0x61, 0x00, 0x61, 0x00, 0x40, 0x00, 0x43, 0x11, 0xE4, 0x19, 0xC4, 0x19,
    0xE4, 0x19, 0xC3, 0x11, 0x62, 0x11, 0xC3, 0x19, 0xE4, 0x11, 0xE4, 0x19, 0xC4, 0x19, 0xC4, 0x19,
    0xA3, 0x11, 0x63, 0x11, 0xA1, 0x00, 0xC1, 0x08, 0x63, 0x11, 0x83, 0x11, 0x42, 0x09, 0x22, 0x09,
    0xE2, 0x08, 0xA1, 0x00, 0xC3, 0x21, 0x44, 0x32, 0x42, 0x19, 0x03, 0x11, 0x02, 0x11, 0xE2, 0x10,
    0xC2, 0x10, 0x81, 0x08, 0x81, 0x00, 0xC1, 0x08, 0x22, 0x09, 0xC2, 0x19, 0x02, 0x22, 0x03, 0x22,
    0x61, 0x11, 0xE1, 0x08, 0x22, 0x09, 0x22, 0x09, 0x22, 0x09, 0x42, 0x11, 0x42, 0x11, 0x42, 0x09,
    0x82, 0x11, 0x23, 0x2A, 0xE1, 0x21, 0xC3, 0x21, 0x41, 0x00, 0x61, 0x00, 0x61, 0x00, 0x41, 0x00,
    0x81, 0x08, 0xE2, 0x08, 0xA1, 0x00, 0x81, 0x00, 0x81, 0x00, 0x61, 0x00, 0x40, 0x00, 0x41, 0x00,
    0x41, 0x00, 0x41, 0x00, 0x61, 0x00, 0x02, 0x09, 0x42, 0x09, 0xA3, 0x11, 0x83, 0x11, 0x83, 0x11,
    0xC4, 0x19, 0x83, 0x11, 0x42, 0x09, 0x83, 0x11, 0x83, 0x11, 0xA3, 0x19, 0x21, 0x09, 0x22, 0x09,
    0x62, 0x11, 0x62, 0x11, 0x22, 0x09, 0xA1, 0x08, 0x62, 0x19, 0x44, 0x32, 0x62, 0x11, 0x83, 0x19,
    0x66, 0x4A, 0x67, 0x52, 0x84, 0x29, 0x41, 0x09, 0x83, 0x19, 0xC2, 0x08, 0xE1, 0x08, 0xC1, 0x00,
    0x22, 0x09, 0xE1, 0x08, 0x81, 0x08, 0x61, 0x00, 0x61, 0x00, 0x81, 0x00, 0x81, 0x00, 0x81, 0x00,
    0x61, 0x00, 0x81, 0x00, 0x81, 0x00, 0x61, 0x00, 0x81, 0x08, 0x61, 0x00, 0x64, 0x11, 0x43, 0x11,
    0x40, 0x00, 0x41, 0x00, 0x81, 0x00, 0x61, 0x00, 0x20, 0x00, 0x21, 0x00, 0x21, 0x00, 0x21, 0x00,
    0x20, 0x00, 0x20, 0x00, 0x41, 0x00, 0x81, 0x08, 0x61, 0x00, 0x61, 0x00, 0x61, 0x00, 0x41, 0x00,
    0x41, 0x00, 0x21, 0x00, 0x41, 0x00, 0x41, 0x00, 0x81, 0x08, 0x22, 0x11, 0x43, 0x11, 0x22, 0x09,
    0x63, 0x11, 0x63, 0x11, 0x43, 0x09, 0x84, 0x11, 0xE5, 0x19, 0x43, 0x09, 0xE2, 0x08, 0x43, 0x09,
    0x22, 0x09, 0x02, 0x09, 0xE2, 0x08, 0xE2, 0x08, 0xE2, 0x08, 0xA1, 0x00, 0x23, 0x11, 0x61, 0x00,
    0x41, 0x00, 0x20, 0x00, 0xA1, 0x00, 0x63, 0x11, 0x63, 0x11, 0xC1, 0x08, 0x40, 0x00, 0x41, 0x00,
    0x41, 0x00, 0x61, 0x00, 0x23, 0x19, 0x05, 0x32, 0x63, 0x21, 0x81, 0x00, 0x21, 0x00, 0xE2, 0x08,
    0x43, 0x11, 0x02, 0x09, 0x61, 0x00, 0x41, 0x00, 0x41, 0x00, 0x41, 0x00, 0x41, 0x00, 0x41, 0x00,
    0x41, 0x00, 0x41, 0x00, 0x41, 0x00, 0x41, 0x00, 0x41, 0x00, 0x41, 0x00, 0x41, 0x00, 0x61, 0x00,
    0x61, 0x00, 0x61, 0x00, 0x61, 0x00, 0x61, 0x00, 0x81, 0x00, 0x61, 0x00, 0x41, 0x00, 0x40, 0x00,
    0x20, 0x00, 0x41, 0x00, 0x20, 0x00, 0xE1, 0x08, 0xC3, 0x19, 0x41, 0x09, 0x21, 0x09, 0x41, 0x09,
    0xA2, 0x19, 0x62, 0x11, 0x63, 0x09, 0x83, 0x11, 0x43, 0x11, 0x01, 0x09, 0x83, 0x29, 0xA3, 0x31,
    0xC2, 0x10, 0x00, 0x00, 0x20, 0x00, 0x20, 0x00, 0x20, 0x00, 0x20, 0x00, 0x20, 0x00, 0x20, 0x00,
    0x20, 0x00, 0x20, 0x00, 0x20, 0x00, 0x21, 0x00, 0x20, 0x00, 0x20, 0x00, 0x21, 0x00, 0x20, 0x00,
    0xE2, 0x08, 0xA2, 0x08, 0x81, 0x00, 0xA1, 0x00, 0x81, 0x00, 0xA2, 0x08, 0x81, 0x00, 0x81, 0x00,
    0xC2, 0x08, 0xC1, 0x08, 0xE2, 0x08, 0x22, 0x09, 0x21, 0x09, 0x01, 0x09, 0xE1, 0x08, 0xC1, 0x00,
    0xC1, 0x08, 0xE1, 0x08, 0x61, 0x00, 0x61, 0x00, 0x40, 0x00, 0x63, 0x11, 0x66, 0x2A, 0x05, 0x22,
    0xA3, 0x11, 0x82, 0x11, 0x62, 0x09, 0x04, 0x22, 0x25, 0x22, 0xE4, 0x19, 0xC4, 0x19, 0xE5, 0x19,
    0xC4, 0x19, 0x22, 0x09, 0x81, 0x00, 0x20, 0x00, 0xE2, 0x08, 0x63, 0x11, 0x83, 0x11, 0x83, 0x11,
    0x42, 0x11, 0x42, 0x11, 0xC3, 0x21, 0xE3, 0x21, 0xA3, 0x21, 0xE2, 0x08, 0xA1, 0x00, 0x83, 0x21,
    0x64, 0x21, 0xA2, 0x08, 0x81, 0x00, 0x81, 0x00, 0x81, 0x00, 0xA1, 0x00, 0x21, 0x11, 0x23, 0x2A,
    0x23, 0x22, 0x21, 0x09, 0x21, 0x09, 0x01, 0x09, 0x22, 0x09, 0x22, 0x09, 0x22, 0x09, 0x21, 0x09,
    0xE3, 0x21, 0x02, 0x22, 0x03, 0x2A, 0xA1, 0x08, 0x21, 0x00, 0x61, 0x00, 0x81, 0x00, 0x81, 0x08,
    0x81, 0x08, 0x60, 0x00, 0x61, 0x00, 0x61, 0x00, 0x61, 0x00, 0x61, 0x00, 0x61, 0x00, 0x61, 0x00,
    0x61, 0x00, 0x41, 0x00, 0xC1, 0x08, 0x83, 0x11, 0xC4, 0x11, 0x83, 0x11, 0xC4, 0x11, 0xE4, 0x19,
    0x83, 0x11, 0x62, 0x11, 0x83, 0x11, 0x83, 0x11, 0x42, 0x11, 0x02, 0x09, 0xE1, 0x08, 0xE1, 0x08,
    0xA1, 0x00, 0xA1, 0x08, 0x60, 0x00, 0x00, 0x00, 0x04, 0x32, 0x43, 0x2A, 0x02, 0x11, 0x67, 0x42,
    0x66, 0x42, 0x68, 0x52, 0xC5, 0x31, 0x82, 0x11, 0x63, 0x19, 0xA1, 0x00, 0x02, 0x09, 0xE2, 0x08,
    0x22, 0x09, 0x02, 0x09, 0x02, 0x11, 0x02, 0x09, 0xC2, 0x08, 0x61, 0x00, 0x61, 0x00, 0x61, 0x00,
    0x61, 0x00, 0x61, 0x00, 0x81, 0x00, 0x61, 0x00, 0x61, 0x00, 0x61, 0x00, 0xA1, 0x00, 0x81, 0x08,
    0x41, 0x00, 0x61, 0x00, 0x81, 0x00, 0x81, 0x00, 0x61, 0x00, 0x21, 0x00, 0x20, 0x00, 0x20, 0x00,
    0x21, 0x00, 0x20, 0x00, 0x81, 0x08, 0x61, 0x00, 0x61, 0x00, 0x61, 0x00, 0x61, 0x00, 0x61, 0x00,
    0x41, 0x00, 0x41, 0x00, 0x61, 0x00, 0x41, 0x00, 0x61, 0x00, 0xE2, 0x08, 0x02, 0x09, 0x43, 0x11,
    0x43, 0x11, 0x63, 0x11, 0xC5, 0x19, 0xA4, 0x11, 0x63, 0x11, 0x22, 0x09, 0x43, 0x11, 0x43, 0x09,
    0x63, 0x11, 0x02, 0x09, 0x43, 0x11, 0xE1, 0x08, 0x63, 0x11, 0xE2, 0x08, 0x02, 0x09, 0x81, 0x00,
    0x41, 0x00, 0x41, 0x00, 0x40, 0x00, 0xC1, 0x08, 0x63, 0x11, 0xC1, 0x00, 0x41, 0x00, 0x41, 0x00,
    0x61, 0x00, 0x61, 0x00, 0x43, 0x19, 0x64, 0x19, 0xC2, 0x08, 0x61, 0x00, 0xE2, 0x08, 0xC2, 0x08,
    0x41, 0x00, 0x41, 0x00, 0x41, 0x00, 0x61, 0x00, 0x61, 0x00, 0x61, 0x00, 0x61, 0x00, 0x61, 0x00,
    0x61, 0x00, 0x41, 0x00, 0x61, 0x00, 0x61, 0x00, 0x61, 0x00, 0x61, 0x00, 0x61, 0x00, 0x61, 0x00,
    0x61, 0x00, 0x61, 0x00, 0x81, 0x00, 0x81, 0x00, 0x81, 0x00, 0x61, 0x00, 0x61, 0x00, 0x82, 0x08,
    0xA2, 0x10, 0x41, 0x00, 0x41, 0x00, 0x62, 0x11, 0x81, 0x11, 0x21, 0x09, 0x01, 0x09, 0x41, 0x09,
    0xC2, 0x19, 0x62, 0x11, 0x43, 0x09, 0x83, 0x11, 0xA3, 0x11, 0x63, 0x11, 0x63, 0x21, 0xC4, 0x29,
    0x84, 0x21, 0x41, 0x00, 0x41, 0x00, 0x61, 0x00, 0x41, 0x00, 0x40, 0x00, 0x20, 0x00, 0x20, 0x00,
    0x20, 0x00, 0x20, 0x00, 0x21, 0x00, 0x21, 0x00, 0x00, 0x00, 0x20, 0x00, 0x20, 0x00, 0x20, 0x00,
    0x61, 0x00, 0xA1, 0x00, 0xE3, 0x08, 0xE3, 0x08, 0x81, 0x00, 0x81, 0x00, 0x81, 0x08, 0x61, 0x00,
    0x81, 0x00, 0xA1, 0x08, 0xA1, 0x00, 0x42, 0x11, 0x62, 0x11, 0x21, 0x09, 0x01, 0x09, 0xE1, 0x08,
    0x01, 0x09, 0x42, 0x11, 0xA1, 0x08, 0x61, 0x00, 0x61, 0x00, 0xC2, 0x08, 0x83, 0x11, 0xE4, 0x19,
    0x04, 0x22, 0xC4, 0x19, 0xA3, 0x11, 0xC3, 0x11, 0x25, 0x22, 0xE4, 0x19, 0xC4, 0x19, 0xC4, 0x11,
    0xC4, 0x19, 0xE1, 0x08, 0x81, 0x00, 0x61, 0x00, 0xC1, 0x08, 0x22, 0x11, 0xA4, 0x19, 0xA3, 0x11,
    0x42, 0x11, 0xA2, 0x21, 0x03, 0x32, 0x45, 0x3A, 0xE1, 0x08, 0x81, 0x00, 0x62, 0x11, 0x82, 0x19,
    0xA1, 0x08, 0x81, 0x08, 0x81, 0x08, 0xA1, 0x08, 0xC1, 0x08, 0xA1, 0x08, 0x80, 0x00, 0x01, 0x09,
    0xC3, 0x19, 0x41, 0x09, 0x82, 0x11, 0x82, 0x11, 0x21, 0x09, 0xE1, 0x08, 0xC1, 0x08, 0x62, 0x19,
    0x23, 0x2A, 0x23, 0x2A, 0xA3, 0x21, 0x20, 0x00, 0x41, 0x00, 0xC1, 0x08, 0x02, 0x11, 0xA1, 0x08,
    0x02, 0x11, 0x81, 0x08, 0x61, 0x00, 0x61, 0x00, 0x61, 0x00, 0x61, 0x00, 0x61, 0x00, 0x61, 0x00,
    0x61, 0x00, 0x81, 0x00, 0x83, 0x11, 0xC4, 0x19, 0x83, 0x09, 0xE4, 0x19, 0xE4, 0x19, 0x83, 0x11,
    0xE4, 0x19, 0xA3, 0x11, 0xC4, 0x11, 0xE4, 0x19, 0x42, 0x09, 0x63, 0x11, 0x02, 0x09, 0xE1, 0x08,
    0xC1, 0x08, 0xA1, 0x08, 0x81, 0x08, 0x81, 0x08, 0xC5, 0x42, 0xA2, 0x21, 0x43, 0x21, 0x2A, 0x63,
    0x87, 0x4A, 0xAA, 0x5A, 0xC5, 0x31, 0xA3, 0x19, 0x02, 0x09, 0x81, 0x00, 0xE2, 0x08, 0xE2, 0x08,
    0x23, 0x11, 0x63, 0x11, 0x22, 0x09, 0xE1, 0x08, 0x22, 0x11, 0xC1, 0x08, 0x61, 0x00, 0x61, 0x00,
    0x61, 0x00, 0x81, 0x00, 0x61, 0x00, 0x61, 0x00, 0x61, 0x00, 0x81, 0x00, 0x81, 0x00, 0x61, 0x00,
    0x40, 0x00, 0x61, 0x00, 0x81, 0x00, 0xA2, 0x08, 0x61, 0x00, 0x61, 0x00, 0x21, 0x00, 0x21, 0x00,
    0x41, 0x00, 0x41, 0x00, 0x61, 0x00, 0x61, 0x00, 0x41, 0x00, 0x61, 0x00, 0x61, 0x00, 0x61, 0x00,
    0x61, 0x00, 0x41, 0x00, 0x61, 0x00, 0xA1, 0x08, 0xE2, 0x08, 0x02, 0x09, 0x22, 0x09, 0x63, 0x11,
    0xA4, 0x11, 0x84, 0x11, 0x84, 0x11, 0xC5, 0x19, 0x22, 0x09, 0x02, 0x09, 0x63, 0x11, 0x02, 0x09,
    0x83, 0x11, 0x22, 0x09, 0x63, 0x11, 0x02, 0x09, 0x43, 0x09, 0x84, 0x11, 0xE2, 0x08, 0x81, 0x00,
    0x61, 0x00, 0x81, 0x00, 0x61, 0x00, 0x21, 0x00, 0xC1, 0x08, 0xA1, 0x08, 0x41, 0x00, 0x61, 0x00,
    0x61, 0x00, 0xA1, 0x00, 0xC2, 0x08, 0xA1, 0x00, 0xA1, 0x00, 0xE2, 0x08, 0xC2, 0x08, 0x20, 0x00,
    0x41, 0x00, 0x61, 0x00, 0x81, 0x00, 0x81, 0x00, 0x81, 0x00, 0x61, 0x00, 0x61, 0x00, 0x61, 0x00,
    0x61, 0x00, 0x61, 0x00, 0xC2, 0x08, 0xC1, 0x08, 0xA1, 0x08, 0xA1, 0x00, 0x81, 0x00, 0x81, 0x08,
    0x81, 0x00, 0x81, 0x00, 0x61, 0x00, 0x61, 0x00, 0x61, 0x00, 0x61, 0x00, 0x61, 0x00, 0x82, 0x08,
    0x03, 0x19, 0x03, 0x19, 0x03, 0x19, 0xC3, 0x21, 0x81, 0x11, 0x21, 0x09, 0x21, 0x09, 0x21, 0x09,
    0xA2, 0x11, 0x82, 0x11, 0x42, 0x09, 0x83, 0x11, 0xA4, 0x11, 0xA3, 0x11, 0xC4, 0x21, 0x05, 0x32,
    0xC3, 0x21, 0xA1, 0x08, 0xC2, 0x08, 0xC2, 0x08, 0xC2, 0x08, 0xC2, 0x08, 0x81, 0x00, 0x21, 0x00,
    0x00, 0x00, 0x20, 0x00, 0x21, 0x00, 0x00, 0x00, 0x00, 0x00, 0x20, 0x00, 0x20, 0x00, 0x21, 0x00,
    0xE2, 0x08, 0x03, 0x09, 0xE2, 0x08, 0xA1, 0x00, 0xA2, 0x08, 0xA1, 0x08, 0x81, 0x00, 0x81, 0x00,
    0x81, 0x00, 0xA1, 0x08, 0xA1, 0x08, 0x62, 0x11, 0x61, 0x11, 0x21, 0x09, 0x01, 0x09, 0xE1, 0x08,
    0x22, 0x09, 0x83, 0x11, 0xE2, 0x08, 0x61, 0x00, 0x61, 0x00, 0x61, 0x00, 0x63, 0x11, 0x45, 0x22,
    0xE4, 0x19, 0xC4, 0x19, 0xC3, 0x11, 0x04, 0x1A, 0x04, 0x1A, 0x25, 0x1A, 0x05, 0x1A, 0xC4, 0x19,
    0x22, 0x09, 0x81, 0x00, 0xE2, 0x08, 0xA3, 0x19, 0xA3, 0x19, 0x62, 0x11, 0x21, 0x11, 0x22, 0x11,
    0x82, 0x21, 0x03, 0x2A, 0xC3, 0x29, 0x28, 0x63, 0x42, 0x19, 0x01, 0x09, 0xC2, 0x21, 0xE1, 0x08,
    0x81, 0x00, 0x22, 0x19, 0x02, 0x11, 0xC1, 0x08, 0x21, 0x09, 0x01, 0x09, 0xE1, 0x08, 0xE1, 0x08,
    0x01, 0x09, 0x62, 0x11, 0xA2, 0x11, 0xE3, 0x19, 0x03, 0x1A, 0xE1, 0x08, 0x40, 0x00, 0xE4, 0x29,
    0x22, 0x2A, 0x23, 0x2A, 0x01, 0x09, 0x81, 0x00, 0x41, 0x00, 0x42, 0x19, 0x62, 0x19, 0xA0, 0x00,
    0x63, 0x19, 0x02, 0x11, 0x41, 0x00, 0x61, 0x00, 0x61, 0x00, 0x61, 0x00, 0x61, 0x00, 0x61, 0x00,
    0x61, 0x00, 0x02, 0x09, 0xA4, 0x11, 0x83, 0x11, 0x05, 0x22, 0xC4, 0x11, 0xA3, 0x11, 0x05, 0x22,
    0xC4, 0x19, 0x82, 0x11, 0x82, 0x11, 0xE4, 0x11, 0xA4, 0x11, 0x22, 0x09, 0x63, 0x11, 0xE1, 0x08,
    0xE1, 0x08, 0xC1, 0x08, 0xA1, 0x00, 0xC2, 0x08, 0xA5, 0x42, 0x22, 0x19, 0xC5, 0x39, 0xAD, 0x7B,
    0xE9, 0x5A, 0x48, 0x42, 0xE4, 0x29, 0xC3, 0x19, 0xE2, 0x08, 0xA1, 0x00, 0xA1, 0x08, 0x01, 0x09,
    0x83, 0x11, 0x63, 0x11, 0x22, 0x09, 0xC1, 0x08, 0xE1, 0x08, 0x22, 0x09, 0xC1, 0x08, 0x61, 0x00,
    0x61, 0x00, 0x61, 0x00, 0x61, 0x00, 0x81, 0x00, 0x61, 0x00, 0xC2, 0x08, 0x81, 0x00, 0xC2, 0x08,
    0x81, 0x00, 0x61, 0x00, 0x61, 0x00, 0xA2, 0x08, 0x61, 0x00, 0x41, 0x00, 0x41, 0x00, 0x41, 0x00,
    0x41, 0x00, 0x41, 0x00, 0x61, 0x00, 0x61, 0x00, 0x61, 0x00, 0x41, 0x00, 0x61, 0x00, 0x61, 0x00,
    0x61, 0x00, 0x41, 0x00, 0x41, 0x00, 0xA1, 0x00, 0x22, 0x09, 0x83, 0x11, 0xA4, 0x19, 0xA4, 0x11,
    0x84, 0x11, 0xC5, 0x19, 0xE5, 0x19, 0xE5, 0x19, 0x43, 0x09, 0x63, 0x11, 0x63, 0x11, 0x63, 0x11,
    0x83, 0x11, 0xA4, 0x11, 0x63, 0x11, 0x83, 0x11, 0x02, 0x01, 0x43, 0x11, 0x61, 0x00, 0x20, 0x00,
    0x61, 0x00, 0xA2, 0x08, 0x61, 0x00, 0x41, 0x00, 0x61, 0x00, 0x81, 0x00, 0x81, 0x00, 0xA2, 0x08,
    0xA2, 0x08, 0xE2, 0x08, 0xC2, 0x08, 0x03, 0x09, 0xE2, 0x08, 0x03, 0x09, 0xA1, 0x00, 0x41, 0x00,
    0x61, 0x00, 0x81, 0x00, 0x81, 0x00, 0x81, 0x00, 0x81, 0x00, 0x81, 0x00, 0x61, 0x00, 0x61, 0x00,
    0x61, 0x00, 0x61, 0x00, 0xE2, 0x08, 0xC1, 0x08, 0x81, 0x00, 0x63, 0x19, 0xE1, 0x08, 0x81, 0x00,
    0xC1, 0x08, 0xE2, 0x08, 0xE2, 0x08, 0x81, 0x00, 0x61, 0x00, 0x81, 0x08, 0x81, 0x00, 0x61, 0x00,
    0x20, 0x00, 0x41, 0x00, 0x81, 0x08, 0x62, 0x19, 0xA2, 0x19, 0x41, 0x09, 0x21, 0x09, 0x21, 0x09,
    0xA2, 0x19, 0xA2, 0x19, 0x22, 0x09, 0x63, 0x11, 0xA3, 0x11, 0xA4, 0x11, 0xC4, 0x19, 0x24, 0x2A,
    0x44, 0x32, 0x22, 0x19, 0x61, 0x00, 0xC2, 0x08, 0xA2, 0x00, 0xA2, 0x00, 0xC2, 0x08, 0x81, 0x00,
    0x20, 0x00, 0x21, 0x00, 0x20, 0x00, 0x00, 0x00, 0x20, 0x00, 0x20, 0x00, 0x20, 0x00, 0x21, 0x00,
    0x03, 0x09, 0xA2, 0x00, 0xA2, 0x08, 0x03, 0x09, 0xE2, 0x08, 0xE2, 0x08, 0xA1, 0x08, 0x81, 0x00,
    0xA1, 0x00, 0xC1, 0x08, 0x81, 0x00, 0x62, 0x11, 0x61, 0x11, 0x01, 0x09, 0x01, 0x09, 0x01, 0x09,
    0x62, 0x11, 0xA3, 0x11, 0x42, 0x09, 0x81, 0x00, 0x81, 0x00, 0x81, 0x00, 0xC1, 0x00, 0xC4, 0x19,
    0x05, 0x22, 0x25, 0x22, 0xC3, 0x11, 0x04, 0x1A, 0x65, 0x22, 0x25, 0x22, 0xA4, 0x11, 0x02, 0x09,
    0x81, 0x00, 0xA1, 0x08, 0x63, 0x11, 0x62, 0x11, 0x22, 0x09, 0x22, 0x09, 0x02, 0x09, 0x42, 0x11,
    0x44, 0x3A, 0xE3, 0x29, 0x04, 0x3A, 0xE8, 0x5A, 0x46, 0x42, 0xA2, 0x19, 0x21, 0x11, 0x81, 0x00,
    0x81, 0x00, 0x82, 0x19, 0x22, 0x11, 0x01, 0x09, 0x61, 0x11, 0x41, 0x11, 0x21, 0x09, 0x21, 0x09,
    0x41, 0x11, 0x62, 0x11, 0x82, 0x11, 0xC2, 0x11, 0x23, 0x1A, 0x02, 0x11, 0x22, 0x19, 0x44, 0x32,
    0xE3, 0x29, 0xC0, 0x08, 0x01, 0x09, 0x21, 0x11, 0x60, 0x00, 0x22, 0x11, 0x61, 0x19, 0x21, 0x11,
    0x21, 0x09, 0x62, 0x19, 0x81, 0x00, 0x81, 0x00, 0x61, 0x00, 0x61, 0x00, 0x61, 0x00, 0x61, 0x00,
    0x61, 0x00, 0xC1, 0x08, 0xA4, 0x11, 0x46, 0x22, 0xA3, 0x11, 0xC4, 0x11, 0x25, 0x22, 0xC4, 0x11,
    0xA3, 0x11, 0xA3, 0x11, 0xA3, 0x11, 0x83, 0x09, 0xE4, 0x19, 0x83, 0x11, 0x42, 0x09, 0x63, 0x11,
    0xE1, 0x08, 0x22, 0x11, 0xE1, 0x08, 0x40, 0x00, 0xC3, 0x29, 0x02, 0x11, 0xE6, 0x39, 0x4C, 0x73,
    0x09, 0x5B, 0x63, 0x19, 0x62, 0x11, 0x63, 0x11, 0x81, 0x00, 0x81, 0x00, 0xC2, 0x08, 0x01, 0x09,
    0x63, 0x11, 0x63, 0x11, 0x02, 0x09, 0xC1, 0x08, 0xE1, 0x08, 0x02, 0x09, 0x42, 0x11, 0x81, 0x00,
    0x61, 0x00, 0x81, 0x08, 0x61, 0x00, 0xC2, 0x08, 0x81, 0x00, 0xE2, 0x08, 0xA1, 0x00, 0xE2, 0x08,
    0xA2, 0x08, 0x81, 0x08, 0x61, 0x00, 0xA2, 0x08, 0x61, 0x00, 0x41, 0x00, 0x41, 0x00, 0x41, 0x00,
    0x61, 0x00, 0x61, 0x00, 0x61, 0x00, 0xA1, 0x08, 0x61, 0x00, 0x41, 0x00, 0x61, 0x00, 0x82, 0x08,
    0x61, 0x00, 0x41, 0x00, 0x41, 0x00, 0xE2, 0x08, 0xE5, 0x21, 0xA4, 0x19, 0x84, 0x11, 0xC5, 0x19,
    0xE5, 0x21, 0xC4, 0x19, 0xC4, 0x19, 0x22, 0x09, 0x42, 0x09, 0xA4, 0x19, 0x83, 0x11, 0xE5, 0x19,
    0xA3, 0x11, 0xE5, 0x19, 0x63, 0x09, 0xC4, 0x19, 0x43, 0x09, 0xC1, 0x08, 0x41, 0x00, 0x20, 0x00,
    0x41, 0x00, 0x61, 0x00, 0xA2, 0x08, 0x03, 0x11, 0xC2, 0x08, 0x81, 0x00, 0xC2, 0x08, 0xC2, 0x00,
    0xE3, 0x08, 0xE2, 0x08, 0x23, 0x09, 0x03, 0x09, 0x23, 0x11, 0xA2, 0x00, 0x40, 0x00, 0x81, 0x00,
    0xC2, 0x08, 0xA1, 0x08, 0xA1, 0x00, 0xA1, 0x00, 0xA1, 0x00, 0x81, 0x00, 0x81, 0x00, 0x61, 0x00,
    0x61, 0x00, 0x61, 0x00, 0xE2, 0x08, 0xE1, 0x08, 0x60, 0x00, 0x22, 0x11, 0x05, 0x2A, 0x02, 0x09,
    0x80, 0x00, 0xC1, 0x08, 0x02, 0x09, 0x02, 0x09, 0xA1, 0x08, 0xA1, 0x08, 0xA1, 0x08, 0x81, 0x00,
    0x41, 0x00, 0x41, 0x00, 0x20, 0x00, 0xA1, 0x08, 0xC2, 0x19, 0x61, 0x11, 0x21, 0x09, 0x41, 0x09,
    0x81, 0x11, 0xE3, 0x21, 0x62, 0x11, 0x42, 0x09, 0x63, 0x11, 0x83, 0x11, 0xA4, 0x11, 0x04, 0x22,
    0x64, 0x32, 0xA4, 0x21, 0x81, 0x00, 0x02, 0x09, 0xA1, 0x00, 0x82, 0x00, 0x81, 0x00, 0x03, 0x11,
    0x61, 0x00, 0x20, 0x00, 0x20, 0x00, 0x20, 0x00, 0x20, 0x00, 0x00, 0x00, 0x20, 0x00, 0x21, 0x00,
    0x81, 0x00, 0x03, 0x09, 0x44, 0x11, 0x02, 0x09, 0xA1, 0x00, 0xC2, 0x08, 0xE2, 0x08, 0xC2, 0x08,
    0x81, 0x00, 0xA1, 0x08, 0xA1, 0x08, 0x62, 0x11, 0x61, 0x11, 0x21, 0x09, 0x01, 0x09, 0x21, 0x09,
    0x82, 0x11, 0xC3, 0x11, 0x83, 0x11, 0xA1, 0x00, 0x81, 0x00, 0x81, 0x00, 0xA1, 0x00, 0xA3, 0x19,
    0xE4, 0x19, 0x45, 0x22, 0xE4, 0x19, 0xE4, 0x19, 0x05, 0x22, 0x02, 0x09, 0xA1, 0x00, 0x81, 0x00,
    0x81, 0x08, 0xE2, 0x08, 0x83, 0x11, 0x02, 0x09, 0xE1, 0x08, 0xE1, 0x08, 0xA1, 0x00, 0xA3, 0x21,
    0x64, 0x3A, 0x86, 0x4A, 0x46, 0x42, 0x25, 0x42, 0x24, 0x3A, 0x41, 0x11, 0xE2, 0x08, 0x20, 0x00,
    0x02, 0x11, 0xA2, 0x19, 0xC1, 0x08, 0xE2, 0x10, 0x82, 0x11, 0x61, 0x11, 0x21, 0x09, 0x41, 0x09,
    0x20, 0x09, 0x61, 0x11, 0x82, 0x11, 0xC2, 0x19, 0x23, 0x22, 0xE2, 0x08, 0xC3, 0x21, 0x82, 0x19,
    0x61, 0x00, 0x21, 0x00, 0x61, 0x00, 0xC1, 0x08, 0xE1, 0x08, 0x01, 0x11, 0xA3, 0x31, 0xA3, 0x29,
    0xE1, 0x08, 0xC3, 0x21, 0x21, 0x11, 0xE2, 0x08, 0xA1, 0x00, 0x61, 0x00, 0x61, 0x00, 0x61, 0x00,
    0x61, 0x00, 0x64, 0x11, 0x05, 0x22, 0x83, 0x11, 0xE5, 0x19, 0x25, 0x22, 0xA4, 0x11, 0xE5, 0x19,
    0xE4, 0x19, 0x82, 0x11, 0xE4, 0x19, 0xC4, 0x19, 0x63, 0x11, 0xE4, 0x19, 0x42, 0x09, 0x63, 0x11,
    0x42, 0x11, 0x01, 0x09, 0x43, 0x11, 0x41, 0x00, 0x63, 0x19, 0xE1, 0x08, 0x85, 0x29, 0x4C, 0x6B,
    0xE8, 0x52, 0xA2, 0x19, 0x42, 0x11, 0x81, 0x00, 0x41, 0x00, 0xA1, 0x00, 0x43, 0x11, 0x42, 0x11,
    0x22, 0x09, 0x42, 0x09, 0x02, 0x09, 0xC1, 0x08, 0xE1, 0x08, 0x01, 0x09, 0x63, 0x11, 0xE2, 0x08,
    0x61, 0x00, 0xA2, 0x08, 0x61, 0x00, 0x23, 0x11, 0x81, 0x00, 0x23, 0x11, 0xC2, 0x08, 0xE3, 0x08,
    0xC2, 0x08, 0xE2, 0x08, 0xA1, 0x00, 0xA1, 0x00, 0xC2, 0x08, 0x41, 0x00, 0x41, 0x00, 0x41, 0x00,
    0x61, 0x00, 0x61, 0x00, 0x61, 0x00, 0xA1, 0x08, 0x81, 0x00, 0x41, 0x00, 0x61, 0x00, 0x82, 0x08,
    0x61, 0x00, 0x41, 0x00, 0x41, 0x00, 0xC1, 0x08, 0x63, 0x09, 0xC5, 0x19, 0x05, 0x22, 0xA4, 0x19,
    0xA4, 0x19, 0x05, 0x1A, 0xC5, 0x19, 0x42, 0x09, 0x42, 0x09, 0xA4, 0x11, 0xC4, 0x19, 0xE5, 0x19,
    0xA4, 0x11, 0xE5, 0x19, 0x83, 0x11, 0x83, 0x11, 0xA4, 0x11, 0xA1, 0x00, 0x41, 0x00, 0x41, 0x00,
    0x20, 0x00, 0x20, 0x00, 0x40, 0x00, 0xC5, 0x21, 0xA4, 0x21, 0xE2, 0x08, 0xE2, 0x08, 0x03, 0x09,
    0x43, 0x11, 0x63, 0x11, 0x43, 0x09, 0x23, 0x11, 0x61, 0x00, 0x41, 0x00, 0x61, 0x00, 0xA1, 0x08,
    0x02, 0x09, 0xE2, 0x08, 0xC1, 0x08, 0xA1, 0x00, 0xA1, 0x08, 0xA1, 0x08, 0x81, 0x00, 0x81, 0x00,
    0x61, 0x00, 0x41, 0x00, 0xC1, 0x08, 0x21, 0x09, 0xC1, 0x08, 0x60, 0x00, 0x23, 0x11, 0x46, 0x32,
    0x64, 0x19, 0xC1, 0x08, 0xE1, 0x08, 0x42, 0x11, 0x22, 0x11, 0xA1, 0x00, 0xE2, 0x08, 0xA1, 0x08,
    0x20, 0x00, 0x41, 0x00, 0x61, 0x00, 0x61, 0x00, 0x82, 0x19, 0xA1, 0x19, 0x41, 0x11, 0x41, 0x11,
    0x81, 0x11, 0x03, 0x1A, 0xA3, 0x11, 0x22, 0x09, 0x63, 0x11, 0x63, 0x11, 0x63, 0x11, 0xC4, 0x19,
    0x64, 0x32, 0xC3, 0x21, 0xE1, 0x08, 0x21, 0x11, 0xC1, 0x08, 0xA1, 0x08, 0xA2, 0x08, 0x22, 0x11,
    0xE2, 0x10, 0x20, 0x00, 0x21, 0x00, 0x20, 0x00, 0x20, 0x00, 0x20, 0x00, 0x20, 0x00, 0x21, 0x00,
    0x44, 0x11, 0x23, 0x11, 0xC2, 0x08, 0xC1, 0x08, 0xC1, 0x08, 0xA1, 0x00, 0xC1, 0x00, 0xE2, 0x08,
    0xE2, 0x08, 0xA1, 0x00, 0x81, 0x00, 0x62, 0x11, 0x81, 0x11, 0x01, 0x09, 0x01, 0x09, 0x21, 0x09,
    0xA3, 0x11, 0xE4, 0x19, 0xA3, 0x11, 0x02, 0x09, 0xA1, 0x00, 0xA1, 0x08, 0x81, 0x00, 0xE1, 0x08,
    0xC4, 0x19, 0x25, 0x22, 0x04, 0x22, 0x05, 0x22, 0xA1, 0x00, 0x61, 0x00, 0x81, 0x00, 0xA1, 0x08,
    0xA1, 0x00, 0x43, 0x11, 0x62, 0x09, 0xE1, 0x08, 0xC1, 0x08, 0xC1, 0x08, 0xA1, 0x00, 0xC3, 0x29,
    0x45, 0x3A, 0x6B, 0x73, 0xA9, 0x5A, 0xC5, 0x39, 0x82, 0x21, 0xE1, 0x08, 0x81, 0x00, 0x61, 0x00,
    0x62, 0x19, 0x82, 0x19, 0x81, 0x00, 0xE3, 0x10, 0x04, 0x22, 0xA2, 0x19, 0x61, 0x11, 0x60, 0x11,
    0x41, 0x09, 0x41, 0x09, 0x82, 0x11, 0xC2, 0x19, 0xE3, 0x21, 0xA1, 0x08, 0xC4, 0x29, 0x60, 0x00,
    0x20, 0x00, 0x41, 0x00, 0x61, 0x00, 0x81, 0x00, 0x81, 0x00, 0xE1, 0x10, 0x45, 0x4A, 0x25, 0x4A,
    0x01, 0x11, 0xC2, 0x21, 0x62, 0x19, 0x01, 0x09, 0x63, 0x11, 0x61, 0x00, 0x61, 0x00, 0x61, 0x00,
    0x81, 0x08, 0x83, 0x11, 0x83, 0x11, 0x67, 0x2A, 0x25, 0x22, 0xA3, 0x11, 0x25, 0x22, 0xC4, 0x19,
    0xA3, 0x11, 0x82, 0x11, 0x83, 0x11, 0x25, 0x22, 0xA3, 0x11, 0xA3, 0x11, 0xE5, 0x19, 0x22, 0x09,
    0x83, 0x11, 0x42, 0x09, 0x02, 0x09, 0x81, 0x00, 0xE2, 0x08, 0x23, 0x11, 0xA2, 0x08, 0x27, 0x3A,
    0x67, 0x42, 0x01, 0x09, 0xA1, 0x00, 0x41, 0x00, 0x61, 0x00, 0x02, 0x09, 0x63, 0x11, 0x63, 0x11,
    0x42, 0x09, 0x22, 0x09, 0x01, 0x09, 0xE1, 0x08, 0x01, 0x09, 0xE1, 0x08, 0x42, 0x11, 0x43, 0x11,
    0x40, 0x00, 0x40, 0x00, 0x61, 0x00, 0xE2, 0x08, 0x81, 0x00, 0x44, 0x11, 0xE2, 0x08, 0x44, 0x11,
    0x03, 0x09, 0x23, 0x09, 0x44, 0x11, 0xE2, 0x08, 0xE2, 0x08, 0x61, 0x00, 0x41, 0x00, 0x61, 0x00,
    0x61, 0x00, 0x61, 0x00, 0x81, 0x08, 0xC2, 0x08, 0xC2, 0x08, 0x61, 0x00, 0x61, 0x00, 0x61, 0x00,
    0x41, 0x00, 0x41, 0x00, 0x41, 0x00, 0x81, 0x08, 0xA4, 0x19, 0xC5, 0x19, 0xA4, 0x11, 0x06, 0x22,
    0xE5, 0x21, 0xA4, 0x11, 0x42, 0x09, 0xA4, 0x11, 0xC4, 0x11, 0xC4, 0x19, 0x25, 0x22, 0x05, 0x1A,
    0x05, 0x22, 0xE5, 0x19, 0x05, 0x1A, 0x63, 0x11, 0x63, 0x11, 0x61, 0x00, 0x41, 0x00, 0x41, 0x00,
    0x41, 0x00, 0x41, 0x00, 0x20, 0x00, 0x81, 0x08, 0x07, 0x32, 0xE6, 0x29, 0x44, 0x19, 0x03, 0x09,
    0xE2, 0x08, 0x44, 0x11, 0xA2, 0x00, 0x61, 0x00, 0x20, 0x00, 0x20, 0x00, 0x61, 0x00, 0xA1, 0x08,
    0x43, 0x11, 0x22, 0x09, 0xE2, 0x08, 0xE1, 0x08, 0xC1, 0x08, 0xA1, 0x08, 0x81, 0x00, 0x81, 0x00,
    0x81, 0x00, 0x61, 0x00, 0x81, 0x00, 0x22, 0x11, 0x01, 0x09, 0xA1, 0x08, 0x81, 0x00, 0xA1, 0x00,
    0x22, 0x11, 0xE2, 0x08, 0xE1, 0x08, 0x21, 0x09, 0x62, 0x11, 0x01, 0x09, 0xC1, 0x08, 0x40, 0x00,
    0x20, 0x00, 0x40, 0x00, 0x61, 0x00, 0x61, 0x00, 0xA1, 0x08, 0xA2, 0x19, 0x81, 0x11, 0x41, 0x11,
    0x81, 0x11, 0x03, 0x22, 0x82, 0x11, 0x62, 0x11, 0x42, 0x09, 0x83, 0x11, 0xA3, 0x11, 0x83, 0x11,
    0xC3, 0x21, 0x62, 0x11, 0x22, 0x09, 0x41, 0x09, 0xE1, 0x08, 0x81, 0x00, 0xA1, 0x00, 0x02, 0x11,
    0x42, 0x11, 0xA1, 0x08, 0x20, 0x00, 0x20, 0x00, 0x21, 0x00, 0x20, 0x00, 0x20, 0x00, 0x21, 0x00,
    0xE2, 0x08, 0xC2, 0x00, 0x64, 0x11, 0x63, 0x11, 0xE2, 0x08, 0xE2, 0x08, 0xC1, 0x00, 0xC1, 0x00,
    0x02, 0x09, 0xE2, 0x08, 0x81, 0x00, 0x21, 0x09, 0x82, 0x11, 0x21, 0x09, 0x21, 0x09, 0x21, 0x09,
    0xC3, 0x19, 0x24, 0x22, 0xE4, 0x19, 0x42, 0x09, 0xA1, 0x00, 0xC1, 0x08, 0xA1, 0x08, 0xA1, 0x00,
    0x02, 0x09, 0x04, 0x22, 0xE4, 0x19, 0x02, 0x09, 0xA1, 0x00, 0xA1, 0x08, 0xC1, 0x08, 0xE2, 0x08,
    0xE2, 0x08, 0x63, 0x11, 0x83, 0x11, 0x02, 0x09, 0xC1, 0x08, 0xC1, 0x08, 0xC1, 0x00, 0x41, 0x11,
    0xA9, 0x52, 0xCE, 0x83, 0x4C, 0x6B, 0x84, 0x29, 0x02, 0x11, 0xC2, 0x08, 0x81, 0x00, 0xE2, 0x08,
    0xA2, 0x19, 0x82, 0x19, 0x80, 0x00, 0xE3, 0x18, 0xC4, 0x29, 0x21, 0x09, 0xC3, 0x21, 0xE2, 0x21,
    0x81, 0x11, 0x60, 0x09, 0x81, 0x11, 0x23, 0x22, 0x22, 0x11, 0x81, 0x00, 0xE2, 0x10, 0x20, 0x00,
    0x41, 0x00, 0x41, 0x00, 0x61, 0x00, 0x61, 0x00, 0x82, 0x08, 0xA5, 0x29, 0x46, 0x4A, 0x45, 0x4A,
    0x62, 0x21, 0xC2, 0x21, 0x62, 0x19, 0x01, 0x09, 0x42, 0x11, 0x81, 0x00, 0x61, 0x00, 0x61, 0x00,
    0x81, 0x00, 0x64, 0x11, 0x87, 0x32, 0xE4, 0x19, 0xC4, 0x19, 0x46, 0x2A, 0xA3, 0x11, 0xC4, 0x11,
    0x24, 0x1A, 0xC3, 0x11, 0xA3, 0x19, 0xA3, 0x11, 0x45, 0x22, 0x63, 0x11, 0xE4, 0x19, 0xC4, 0x11,
    0x62, 0x09, 0xC3, 0x19, 0x02, 0x09, 0x61, 0x00, 0xA1, 0x00, 0xE2, 0x08, 0xA1, 0x00, 0xA5, 0x29,
    0x23, 0x19, 0x40, 0x00, 0x81, 0x00, 0x81, 0x00, 0x81, 0x00, 0x22, 0x09, 0x83, 0x11, 0x63, 0x11,
    0x42, 0x09, 0x22, 0x09, 0x01, 0x09, 0xE1, 0x08, 0x01, 0x09, 0x01, 0x09, 0x22, 0x09, 0xA3, 0x11,
    0xE2, 0x08, 0x61, 0x00, 0x81, 0x08, 0x81, 0x00, 0x61, 0x00, 0xE2, 0x08, 0x81, 0x00, 0xC2, 0x08,
    0xA2, 0x08, 0xE3, 0x08, 0x03, 0x09, 0x44, 0x11, 0x03, 0x09, 0xA1, 0x00, 0x61, 0x00, 0x81, 0x00,
    0x81, 0x00, 0xA1, 0x00, 0x81, 0x00, 0xE2, 0x08, 0x43, 0x11, 0x81, 0x00, 0x61, 0x00, 0x61, 0x00,
    0x61, 0x00, 0x61, 0x00, 0x41, 0x00, 0xA1, 0x08, 0x42, 0x09, 0xE5, 0x21, 0x26, 0x2A, 0xC5, 0x19,
    0xC5, 0x19, 0x83, 0x11, 0x63, 0x09, 0xA3, 0x11, 0x26, 0x22, 0xC4, 0x11, 0x46, 0x22, 0xE5, 0x21,
    0x46, 0x2A, 0xC4, 0x19, 0x26, 0x22, 0x84, 0x11, 0xA1, 0x08, 0x20, 0x00, 0x41, 0x00, 0x41, 0x00,
    0x41, 0x00, 0x41, 0x00, 0x41, 0x00, 0x20, 0x00, 0xE3, 0x18, 0x89, 0x4A, 0xC6, 0x31, 0x85, 0x21,
    0xA2, 0x08, 0x61, 0x00, 0x41, 0x00, 0x20, 0x00, 0x20, 0x00, 0x20, 0x00, 0x40, 0x00, 0x61, 0x00,
    0x02, 0x09, 0x63, 0x09, 0x42, 0x11, 0xE2, 0x08, 0xC1, 0x08, 0xC2, 0x08, 0xC2, 0x08, 0x81, 0x00,
    0x81, 0x00, 0x61, 0x00, 0x60, 0x00, 0x02, 0x11, 0x41, 0x11, 0xE1, 0x08, 0xC1, 0x08, 0xC1, 0x08,
    0xC1, 0x00, 0xC1, 0x00, 0xC1, 0x08, 0x01, 0x09, 0x42, 0x11, 0xC1, 0x08, 0x40, 0x00, 0x40, 0x00,
    0x20, 0x00, 0x20, 0x00, 0x41, 0x00, 0x61, 0x00, 0x41, 0x00, 0x01, 0x09, 0xC2, 0x21, 0x61, 0x11,
    0xC2, 0x19, 0x04, 0x22, 0x82, 0x11, 0xA4, 0x19, 0x42, 0x09, 0x42, 0x09, 0x83, 0x11, 0x83, 0x11,
    0xC4, 0x19, 0x42, 0x11, 0x02, 0x09, 0x41, 0x11, 0x01, 0x09, 0x81, 0x00, 0x81, 0x00, 0x43, 0x11,
    0x42, 0x11, 0x42, 0x11, 0xC2, 0x08, 0x61, 0x00, 0x21, 0x00, 0x21, 0x00, 0x20, 0x00, 0x20, 0x00,
    0x23, 0x09, 0x84, 0x11, 0x23, 0x09, 0xC1, 0x00, 0xA1, 0x00, 0xE2, 0x08, 0x02, 0x09, 0xC1, 0x00,
    0xC2, 0x08, 0x02, 0x09, 0xE2, 0x08, 0x02, 0x09, 0xC2, 0x11, 0x41, 0x09, 0x21, 0x09, 0x41, 0x09,
    0xC3, 0x19, 0x24, 0x22, 0x25, 0x22, 0x63, 0x11, 0xC1, 0x00, 0xE1, 0x08, 0xC1, 0x00, 0xA1, 0x08,
    0xE1, 0x08, 0x24, 0x22, 0x62, 0x11, 0x81, 0x00, 0xC1, 0x08, 0x02, 0x09, 0x22, 0x09, 0x22, 0x09,
    0x22, 0x09, 0xA4, 0x19, 0xA4, 0x19, 0x02, 0x09, 0xE1, 0x08, 0xC1, 0x08, 0xC1, 0x08, 0x22, 0x11,
    0xAA, 0x52, 0xEF, 0x83, 0xA8, 0x4A, 0xE1, 0x08, 0xE2, 0x08, 0xC2, 0x08, 0xA1, 0x08, 0xE1, 0x08,
    0xC3, 0x19, 0x82, 0x19, 0xA1, 0x08, 0xC2, 0x10, 0x09, 0x53, 0x22, 0x19, 0xA1, 0x00, 0x43, 0x19,
    0x62, 0x19, 0xC3, 0x19, 0xC2, 0x19, 0xE3, 0x21, 0xA1, 0x00, 0x40, 0x00, 0x41, 0x00, 0x41, 0x00,
    0x41, 0x00, 0x61, 0x00, 0x61, 0x00, 0x40, 0x00, 0xA2, 0x08, 0x64, 0x21, 0xC4, 0x31, 0x46, 0x42,
    0xE2, 0x18, 0x84, 0x29, 0xA1, 0x08, 0x22, 0x09, 0xE4, 0x21, 0xC2, 0x08, 0x61, 0x00, 0x81, 0x00,
    0xE2, 0x08, 0x26, 0x2A, 0xE4, 0x19, 0xE5, 0x21, 0x67, 0x32, 0xC4, 0x19, 0x05, 0x22, 0x66, 0x2A,
    0xE3, 0x19, 0xE3, 0x11, 0x25, 0x22, 0x83, 0x11, 0x04, 0x1A, 0x25, 0x22, 0x62, 0x11, 0x45, 0x22,
    0xA3, 0x11, 0x82, 0x11, 0x63, 0x11, 0x81, 0x00, 0xA2, 0x08, 0xA1, 0x00, 0xA2, 0x08, 0xA2, 0x08,
    0x60, 0x00, 0x81, 0x00, 0x81, 0x00, 0x81, 0x00, 0x61, 0x00, 0x23, 0x11, 0x83, 0x11, 0x83, 0x11,
    0x42, 0x09, 0x22, 0x09, 0x01, 0x09, 0x01, 0x09, 0x21, 0x09, 0x21, 0x09, 0x42, 0x11, 0xC3, 0x11,
    0x63, 0x11, 0x81, 0x00, 0xA2, 0x00, 0xA2, 0x08, 0xA2, 0x08, 0x03, 0x09, 0xC2, 0x08, 0x20, 0x00,
    0x20, 0x00, 0x40, 0x00, 0x41, 0x00, 0x61, 0x00, 0xA1, 0x00, 0x81, 0x00, 0x81, 0x00, 0x81, 0x00,
    0xC1, 0x00, 0xE2, 0x08, 0x02, 0x09, 0xE1, 0x08, 0x43, 0x11, 0xC2, 0x08, 0x40, 0x00, 0x61, 0x00,
    0x61, 0x00, 0x61, 0x00, 0x61, 0x00, 0xA1, 0x00, 0x84, 0x19, 0xE5, 0x21, 0xC5, 0x19, 0x26, 0x22,
    0xE5, 0x19, 0x83, 0x11, 0xA3, 0x11, 0xA4, 0x11, 0x26, 0x22, 0xC5, 0x19, 0x46, 0x2A, 0x05, 0x22,
    0x46, 0x22, 0xC4, 0x19, 0x63, 0x11, 0xC1, 0x08, 0xC1, 0x08, 0x61, 0x00, 0x41, 0x00, 0x61, 0x00,
    0x61, 0x00, 0x61, 0x00, 0x61, 0x00, 0x41, 0x00, 0x20, 0x00, 0x64, 0x21, 0x48, 0x42, 0x44, 0x19,
    0xE6, 0x29, 0x81, 0x00, 0x61, 0x00, 0x41, 0x00, 0x20, 0x00, 0x20, 0x00, 0x41, 0x00, 0x20, 0x00,
    0xA2, 0x08, 0x63, 0x11, 0x22, 0x09, 0xE2, 0x08, 0xE2, 0x08, 0x23, 0x09, 0xC2, 0x08, 0xA1, 0x08,
    0x81, 0x08, 0x81, 0x00, 0x41, 0x00, 0xC1, 0x08, 0x82, 0x11, 0x21, 0x09, 0xA1, 0x00, 0x22, 0x11,
    0x02, 0x09, 0xE1, 0x08, 0xE1, 0x08, 0xE1, 0x08, 0x22, 0x11, 0x61, 0x00, 0x20, 0x00, 0x41, 0x00,
    0x41, 0x00, 0x20, 0x00, 0x40, 0x00, 0x61, 0x00, 0x61, 0x00, 0x60, 0x00, 0x82, 0x19, 0xC2, 0x19,
    0x04, 0x22, 0xE4, 0x21, 0x83, 0x11, 0xA3, 0x11, 0x83, 0x11, 0x42, 0x09, 0x83, 0x11, 0x63, 0x11,
    0x42, 0x09, 0x02, 0x09, 0x02, 0x09, 0x62, 0x11, 0x62, 0x11, 0xA1, 0x08, 0xE2, 0x10, 0x47, 0x3A,
    0x42, 0x11, 0xA3, 0x19, 0x22, 0x11, 0x02, 0x09, 0xC1, 0x08, 0x61, 0x00, 0x21, 0x00, 0x21, 0x00,
    0x64, 0x11, 0xE2, 0x00, 0x23, 0x11, 0x02, 0x09, 0xC1, 0x08, 0xC1, 0x08, 0xE2, 0x08, 0x23, 0x11,
    0xC1, 0x00, 0xC1, 0x08, 0x23, 0x09, 0x42, 0x09, 0xC2, 0x19, 0x61, 0x11, 0x41, 0x09, 0x61, 0x11,
    0x04, 0x22, 0x04, 0x1A, 0x45, 0x22, 0x83, 0x11, 0xE1, 0x08, 0x62, 0x11, 0xE1, 0x08, 0xC1, 0x08,
    0xE1, 0x00, 0x63, 0x11, 0xE1, 0x08, 0xA1, 0x00, 0xE1, 0x08, 0x01, 0x09, 0x42, 0x09, 0x63, 0x11,
    0x63, 0x11, 0x63, 0x11, 0xA3, 0x11, 0x22, 0x09, 0x01, 0x09, 0xE1, 0x08, 0xC1, 0x08, 0xC1, 0x08,
    0x2C, 0x63, 0xCE, 0x7B, 0x05, 0x32, 0xE1, 0x08, 0xC2, 0x08, 0xC2, 0x08, 0xA1, 0x08, 0x02, 0x09,
    0xA2, 0x19, 0xA2, 0x19, 0xC1, 0x08, 0x20, 0x00, 0x26, 0x3A, 0x2A, 0x5B, 0xC2, 0x10, 0x62, 0x08,
    0x61, 0x00, 0x60, 0x00, 0xA2, 0x19, 0xE3, 0x21, 0x60, 0x00, 0x41, 0x00, 0x41, 0x00, 0x61, 0x00,
    0x61, 0x00, 0x81, 0x00, 0x81, 0x00, 0x60, 0x00, 0x61, 0x00, 0x81, 0x08, 0xC4, 0x29, 0x43, 0x19,
    0x81, 0x08, 0xC2, 0x10, 0x82, 0x08, 0x61, 0x00, 0xE2, 0x10, 0xC2, 0x08, 0x41, 0x00, 0x41, 0x00,
    0xC1, 0x00, 0xA3, 0x11, 0x67, 0x32, 0x66, 0x32, 0xC4, 0x19, 0x46, 0x2A, 0x46, 0x2A, 0xE4, 0x19,
    0xC3, 0x11, 0x82, 0x11, 0x04, 0x1A, 0x45, 0x2A, 0x83, 0x11, 0x86, 0x2A, 0xE4, 0x19, 0xA3, 0x11,
    0x66, 0x2A, 0xA3, 0x19, 0xE1, 0x08, 0xA1, 0x00, 0xA1, 0x00, 0xA1, 0x08, 0xA1, 0x08, 0x61, 0x00,
    0x81, 0x00, 0x81, 0x00, 0x81, 0x00, 0x81, 0x00, 0x61, 0x00, 0x02, 0x09, 0xA3, 0x11, 0x62, 0x11,
    0x22, 0x09, 0x21, 0x09, 0x01, 0x09, 0x01, 0x09, 0x21, 0x09, 0x41, 0x09, 0x42, 0x09, 0xC3, 0x11,
    0x63, 0x11, 0x81, 0x00, 0xA2, 0x08, 0xA1, 0x00, 0xC2, 0x08, 0x23, 0x09, 0x85, 0x11, 0x82, 0x00,
    0x21, 0x00, 0x41, 0x00, 0x21, 0x00, 0x41, 0x00, 0x81, 0x00, 0xA1, 0x08, 0xC2, 0x08, 0xE2, 0x08,
    0xC1, 0x08, 0x23, 0x09, 0xA5, 0x11, 0x84, 0x19, 0x43, 0x09, 0x02, 0x09, 0x61, 0x00, 0x61, 0x00,
    0x61, 0x00, 0x81, 0x00, 0x61, 0x00, 0xA1, 0x00, 0x63, 0x11, 0xE5, 0x21, 0x05, 0x22, 0xC5, 0x19,
    0xC4, 0x19, 0x63, 0x11, 0xE5, 0x21, 0xC4, 0x19, 0x26, 0x22, 0x06, 0x22, 0x06, 0x22, 0x05, 0x22,
    0xE5, 0x19, 0x63, 0x11, 0x80, 0x00, 0xA1, 0x00, 0xE2, 0x08, 0x22, 0x11, 0xA2, 0x08, 0x61, 0x00,
    0x61, 0x08, 0x81, 0x00, 0x61, 0x00, 0x61, 0x00, 0x61, 0x00, 0x40, 0x00, 0xE7, 0x31, 0xC2, 0x08,
    0x64, 0x21, 0x05, 0x32, 0x81, 0x00, 0x41, 0x00, 0x20, 0x00, 0x41, 0x00, 0x41, 0x00, 0x21, 0x00,
    0x61, 0x00, 0x63, 0x11, 0x83, 0x11, 0x02, 0x09, 0x63, 0x11, 0x63, 0x11, 0xC2, 0x08, 0xC2, 0x08,
    0xA1, 0x08, 0x81, 0x00, 0x61, 0x00, 0x81, 0x00, 0x21, 0x11, 0x62, 0x11, 0xA1, 0x08, 0xA1, 0x00,
    0x22, 0x11, 0x22, 0x09, 0x42, 0x11, 0x42, 0x11, 0x22, 0x11, 0x60, 0x00, 0x41, 0x00, 0x41, 0x00,
    0x41, 0x00, 0x41, 0x00, 0x40, 0x00, 0x41, 0x00, 0x81, 0x00, 0x40, 0x00, 0x42, 0x11, 0xA5, 0x3A,
    0xC4, 0x19, 0x06, 0x2A, 0xA4, 0x19, 0xA3, 0x11, 0xA4, 0x19, 0x62, 0x09, 0x22, 0x09, 0x42, 0x09,
    0x63, 0x11, 0xE2, 0x08, 0xC1, 0x08, 0x62, 0x11, 0x82, 0x11, 0xE1, 0x08, 0x64, 0x21, 0x46, 0x3A,
    0x62, 0x11, 0xA3, 0x21, 0x43, 0x19, 0xC1, 0x08, 0x42, 0x11, 0x23, 0x11, 0x81, 0x00, 0x40, 0x00,
    0xE2, 0x08, 0xA5, 0x19, 0xC5, 0x11, 0x02, 0x09, 0xE2, 0x08, 0x22, 0x09, 0xC1, 0x08, 0x43, 0x09,
    0x64, 0x11, 0xC1, 0x08, 0xE2, 0x08, 0x22, 0x09, 0xA2, 0x19, 0x61, 0x11, 0x41, 0x09, 0x62, 0x11,
    0x24, 0x22, 0x05, 0x22, 0x45, 0x22, 0x83, 0x11, 0xC1, 0x08, 0xA4, 0x11, 0x01, 0x09, 0x22, 0x09,
    0xE1, 0x08, 0xE1, 0x08, 0xE1, 0x08, 0x01, 0x09, 0x01, 0x09, 0x21, 0x09, 0x62, 0x11, 0x83, 0x11,
    0x83, 0x11, 0x83, 0x11, 0xC3, 0x19, 0x62, 0x09, 0x22, 0x09, 0xE1, 0x08, 0xC1, 0x08, 0xE2, 0x08,
    0xA9, 0x4A, 0x4B, 0x63, 0x62, 0x19, 0x02, 0x09, 0xE2, 0x08, 0xC2, 0x08, 0xA1, 0x08, 0x42, 0x11,
    0xE3, 0x21, 0xA3, 0x19, 0xC2, 0x08, 0x20, 0x00, 0xA1, 0x08, 0x06, 0x3A, 0xA5, 0x29, 0x61, 0x08,
    0x41, 0x00, 0x40, 0x00, 0x80, 0x00, 0x43, 0x11, 0x61, 0x00, 0x41, 0x00, 0x61, 0x00, 0x81, 0x08,
    0x81, 0x00, 0xC2, 0x08, 0xA1, 0x00, 0x61, 0x00, 0x61, 0x00, 0xE2, 0x10, 0xE2, 0x10, 0x61, 0x00,
    0x82, 0x08, 0x20, 0x00, 0x61, 0x00, 0x61, 0x00, 0x40, 0x00, 0x61, 0x00, 0x61, 0x00, 0x41, 0x00,
    0xA1, 0x00, 0x45, 0x2A, 0x05, 0x22, 0xA3, 0x11, 0x87, 0x32, 0x05, 0x22, 0xC3, 0x19, 0x25, 0x22,
    0xC3, 0x19, 0xC3, 0x19, 0xA2, 0x11, 0x66, 0x2A, 0x04, 0x22, 0xC4, 0x19, 0xA7, 0x32, 0x83, 0x11,
    0x04, 0x1A, 0xC4, 0x19, 0xA1, 0x00, 0xA1, 0x00, 0xA1, 0x00, 0xC2, 0x08, 0x81, 0x00, 0x81, 0x00,
    0x81, 0x00, 0x81, 0x00, 0x81, 0x00, 0x81, 0x00, 0x61, 0x00, 0xC1, 0x08, 0x83, 0x11, 0x82, 0x11,
    0x42, 0x09, 0x42, 0x09, 0x22, 0x09, 0x21, 0x09, 0x42, 0x11, 0x62, 0x11, 0x82, 0x11, 0xE4, 0x19,
    0x22, 0x09, 0xA1, 0x00, 0xC2, 0x08, 0xC2, 0x08, 0xE2, 0x08, 0x23, 0x09, 0x44, 0x09, 0xA2, 0x08,
    0x21, 0x00, 0x41, 0x00, 0x21, 0x00, 0x41, 0x00, 0x41, 0x00, 0x81, 0x08, 0x03, 0x09, 0x03, 0x09,
    0xA1, 0x00, 0x43, 0x09, 0x43, 0x11, 0x23, 0x09, 0x02, 0x09, 0xE2, 0x08, 0xA1, 0x08, 0x81, 0x00,
    0x81, 0x00, 0x81, 0x00, 0x82, 0x08, 0x81, 0x00, 0x43, 0x11, 0xE5, 0x21, 0xE5, 0x21, 0xE5, 0x21,
    0xA4, 0x11, 0x83, 0x11, 0xE5, 0x21, 0x05, 0x22, 0xE5, 0x19, 0x26, 0x22, 0xA4, 0x19, 0x26, 0x22,
    0x22, 0x09, 0xA1, 0x00, 0x81, 0x00, 0xA1, 0x08, 0xE2, 0x08, 0x43, 0x09, 0x84, 0x11, 0x02, 0x09,
    0xA2, 0x08, 0x61, 0x00, 0x61, 0x00, 0x61, 0x00, 0x61, 0x00, 0x41, 0x00, 0xE2, 0x08, 0x63, 0x19,
    0x20, 0x00, 0x84, 0x21, 0x64, 0x21, 0x20, 0x00, 0x41, 0x00, 0x41, 0x00, 0x41, 0x00, 0x41, 0x00,
    0x41, 0x00, 0x23, 0x09, 0x43, 0x09, 0xA4, 0x11, 0xE5, 0x19, 0x63, 0x11, 0x02, 0x09, 0xE2, 0x08,
    0xE2, 0x08, 0x81, 0x00, 0x61, 0x00, 0xA2, 0x08, 0xA1, 0x00, 0x42, 0x11, 0x42, 0x11, 0xC1, 0x08,
    0xC1, 0x08, 0x81, 0x00, 0xA1, 0x00, 0xE1, 0x08, 0xA4, 0x21, 0xA2, 0x08, 0x20, 0x00, 0x41, 0x00,
    0x41, 0x00, 0x41, 0x00, 0x41, 0x00, 0x41, 0x00, 0x81, 0x00, 0x61, 0x00, 0x02, 0x11, 0x25, 0x2A,
    0x83, 0x19, 0xE5, 0x21, 0xC4, 0x19, 0xC4, 0x19, 0xA3, 0x11, 0x83, 0x11, 0x62, 0x11, 0x63, 0x11,
    0x22, 0x09, 0x02, 0x09, 0xE1, 0x08, 0x02, 0x09, 0x82, 0x11, 0x62, 0x11, 0x22, 0x11, 0xE9, 0x5A,
    0x05, 0x32, 0xC3, 0x21, 0x63, 0x19, 0xA1, 0x00, 0x02, 0x09, 0x43, 0x11, 0x63, 0x11, 0xA2, 0x08,
    0x06, 0x1A, 0x84, 0x11, 0x02, 0x09, 0xC1, 0x08, 0xE1, 0x08, 0x22, 0x09, 0x22, 0x11, 0xE1, 0x00,
    0x84, 0x11, 0x43, 0x11, 0xC1, 0x00, 0xE2, 0x08, 0xA3, 0x19, 0x81, 0x11, 0x41, 0x11, 0x82, 0x11,
    0x24, 0x22, 0x04, 0x22, 0x25, 0x22, 0x43, 0x11, 0x00, 0x00, 0xC2, 0x08, 0x43, 0x11, 0xC4, 0x19,
    0x21, 0x09, 0x62, 0x11, 0x21, 0x09, 0x62, 0x11, 0x21, 0x09, 0x21, 0x09, 0x41, 0x09, 0xA3, 0x11,
    0xA3, 0x11, 0x82, 0x11, 0xC3, 0x19, 0x82, 0x11, 0x21, 0x09, 0x01, 0x09, 0xE1, 0x08, 0xC1, 0x08,
    0x22, 0x09, 0xC5, 0x21, 0x42, 0x11, 0x22, 0x09, 0x02, 0x09, 0xE2, 0x08, 0xC1, 0x00, 0x83, 0x19,
    0xE2, 0x21, 0xC3, 0x19, 0xC1, 0x08, 0x20, 0x00, 0x41, 0x00, 0x40, 0x00, 0xE2, 0x10, 0xE2, 0x10,
    0x81, 0x00, 0xA1, 0x08, 0x81, 0x00, 0x81, 0x00, 0x40, 0x00, 0x61, 0x00, 0x81, 0x00, 0x81, 0x00,
    0xC1, 0x08, 0x02, 0x09, 0xA1, 0x00, 0xA1, 0x00, 0xA1, 0x08, 0xA1, 0x08, 0x41, 0x00, 0x41, 0x00,
    0x41, 0x00, 0x41, 0x00, 0x40, 0x00, 0x61, 0x00, 0x61, 0x00, 0x61, 0x00, 0x61, 0x00, 0x61, 0x00,
    0xC2, 0x08, 0x83, 0x11, 0xC4, 0x19, 0x87, 0x32, 0xE5, 0x19, 0xE4, 0x19, 0x45, 0x2A, 0xC3, 0x19,
    0x82, 0x11, 0x24, 0x22, 0xE3, 0x19, 0xE4, 0x19, 0xA7, 0x32, 0xC3, 0x19, 0x66, 0x2A, 0x66, 0x2A,
    0xA3, 0x11, 0x42, 0x09, 0x81, 0x00, 0xA1, 0x08, 0xA1, 0x00, 0xA1, 0x00, 0x81, 0x00, 0x81, 0x00,
    0x81, 0x00, 0x81, 0x00, 0x81, 0x00, 0x81, 0x00, 0x81, 0x00, 0x81, 0x00, 0x83, 0x19, 0xA3, 0x11,
    0x42, 0x09, 0x62, 0x11, 0x21, 0x09, 0x21, 0x09, 0x62, 0x11, 0x82, 0x11, 0xC3, 0x19, 0xA3, 0x11,
    0xE2, 0x08, 0xE2, 0x08, 0xC2, 0x08, 0x03, 0x09, 0xE2, 0x08, 0x23, 0x09, 0x85, 0x11, 0xC2, 0x08,
    0x20, 0x00, 0x20, 0x00, 0x21, 0x00, 0x40, 0x00, 0x40, 0x00, 0x41, 0x00, 0x41, 0x00, 0x61, 0x00,
    0x61, 0x00, 0x61, 0x00, 0x60, 0x00, 0x81, 0x08, 0x61, 0x00, 0xA1, 0x00, 0xA1, 0x08, 0xA1, 0x08,
    0xA1, 0x00, 0x81, 0x00, 0xA1, 0x08, 0x81, 0x00, 0x23, 0x11, 0x67, 0x2A, 0x05, 0x22, 0xA4, 0x19,
    0xC4, 0x19, 0xE5, 0x19, 0xE5, 0x19, 0x67, 0x2A, 0xC4, 0x19, 0xE5, 0x19, 0x43, 0x09, 0x63, 0x11,
    0xA1, 0x00, 0xA1, 0x08, 0xA1, 0x00, 0xA1, 0x08, 0xC1, 0x08, 0x22, 0x09, 0xC4, 0x11, 0xA4, 0x11,
    0xA1, 0x00, 0x61, 0x00, 0x81, 0x00, 0x61, 0x00, 0x81, 0x00, 0x81, 0x08, 0x81, 0x00, 0x03, 0x11,
    0x81, 0x00, 0x61, 0x00, 0xC5, 0x29, 0xC2, 0x10, 0x21, 0x00, 0x41, 0x00, 0x41, 0x00, 0x41, 0x00,
    0x41, 0x00, 0x02, 0x09, 0x83, 0x11, 0xA4, 0x19, 0xC5, 0x19, 0x84, 0x11, 0x02, 0x09, 0xC2, 0x08,
    0xA1, 0x00, 0x61, 0x00, 0x81, 0x00, 0xC1, 0x08, 0xE2, 0x08, 0x22, 0x11, 0x42, 0x11, 0xC2, 0x08,
    0x41, 0x00, 0x41, 0x00, 0x61, 0x00, 0x61, 0x00, 0x81, 0x00, 0xA1, 0x08, 0x41, 0x00, 0x41, 0x00,
    0x61, 0x00, 0x41, 0x00, 0x41, 0x00, 0x41, 0x00, 0x40, 0x00, 0x81, 0x00, 0xC1, 0x00, 0x63, 0x11,
    0x84, 0x11, 0xA4, 0x19, 0xC4, 0x19, 0xC4, 0x19, 0xC4, 0x19, 0xA3, 0x19, 0x42, 0x09, 0x22, 0x09,
    0x42, 0x11, 0x22, 0x09, 0xE1, 0x08, 0x02, 0x09, 0x62, 0x11, 0xC3, 0x19, 0x62, 0x11, 0x4B, 0x6B,
    0x27, 0x3A, 0xC3, 0x19, 0x42, 0x11, 0xA1, 0x00, 0xC1, 0x08, 0x22, 0x09, 0x83, 0x11, 0x84, 0x19,
    0x43, 0x09, 0x63, 0x11, 0xC4, 0x19, 0x02, 0x09, 0x02, 0x09, 0x01, 0x09, 0x63, 0x11, 0x63, 0x11,
    0x02, 0x09, 0xA4, 0x11, 0x43, 0x11, 0x81, 0x00, 0x21, 0x11, 0xC2, 0x19, 0x41, 0x09, 0xC3, 0x19,
    0x45, 0x2A, 0x25, 0x22, 0x05, 0x22, 0xC1, 0x08, 0x20, 0x00, 0x41, 0x00, 0x81, 0x00, 0xE2, 0x08,
    0x42, 0x11, 0xA3, 0x19, 0xA3, 0x19, 0xE3, 0x19, 0x62, 0x11, 0x61, 0x11, 0x61, 0x09, 0xA3, 0x11,
    0xC4, 0x19, 0x83, 0x11, 0x83, 0x19, 0xA3, 0x11, 0x41, 0x09, 0x01, 0x09, 0x01, 0x09, 0xE1, 0x08,
    0x01, 0x09, 0xA3, 0x11, 0x63, 0x11, 0x43, 0x11, 0x43, 0x09, 0x22, 0x09, 0xE2, 0x08, 0xC3, 0x21,
    0x03, 0x22, 0xE3, 0x21, 0xC1, 0x08, 0x20, 0x00, 0x41, 0x00, 0x61, 0x00, 0x61, 0x00, 0x81, 0x00,
    0xC1, 0x08, 0xC1, 0x08, 0xE1, 0x08, 0xE2, 0x08, 0xC1, 0x08, 0xC1, 0x08, 0xA1, 0x00, 0xA1, 0x00,
    0x02, 0x09, 0x02, 0x09, 0xC1, 0x00, 0xE2, 0x08, 0x60, 0x00, 0x20, 0x00, 0x41, 0x00, 0x41, 0x00,
    0x61, 0x00, 0x61, 0x00, 0x61, 0x00, 0x61, 0x00, 0x81, 0x00, 0x61, 0x00, 0x61, 0x00, 0x61, 0x00,
    0x60, 0x00, 0xE5, 0x21, 0xA7, 0x32, 0xC4, 0x19, 0x46, 0x2A, 0x45, 0x2A, 0xC3, 0x19, 0xC3, 0x19,
    0x82, 0x11, 0xE3, 0x19, 0x65, 0x2A, 0xA3, 0x11, 0x66, 0x2A, 0x66, 0x2A, 0xC3, 0x11, 0xA7, 0x32,
    0xE4, 0x19, 0xE1, 0x08, 0x81, 0x00, 0xA1, 0x00, 0xC2, 0x08, 0xA1, 0x00, 0x81, 0x00, 0x81, 0x00,
    0xA1, 0x00, 0xA1, 0x00, 0x81, 0x00, 0xA1, 0x00, 0x81, 0x00, 0x81, 0x00, 0xE1, 0x08, 0x82, 0x11,
    0x62, 0x11, 0x82, 0x11, 0x42, 0x09, 0x62, 0x11, 0x82, 0x11, 0xC3, 0x11, 0xC3, 0x19, 0x63, 0x11,
    0x23, 0x09, 0x02, 0x09, 0xE2, 0x08, 0xE2, 0x08, 0x02, 0x09, 0x23, 0x09, 0x84, 0x11, 0xA2, 0x08,
    0x41, 0x00, 0x61, 0x00, 0x61, 0x00, 0x81, 0x00, 0x61, 0x00, 0x61, 0x00, 0x41, 0x00, 0x41, 0x00,
    0x41, 0x00, 0x41, 0x00, 0x40, 0x00, 0x81, 0x00, 0x02, 0x09, 0x02, 0x09, 0xA1, 0x00, 0xC1, 0x08,
    0xA1, 0x00, 0xA1, 0x00, 0xA1, 0x00, 0x81, 0x08, 0xE2, 0x08, 0xA4, 0x19, 0xC5, 0x21, 0xC4, 0x19,
    0x83, 0x11, 0x05, 0x1A, 0xC4, 0x19, 0x26, 0x2A, 0xE5, 0x19, 0xC5, 0x19, 0xE2, 0x08, 0x60, 0x00,
    0xA1, 0x08, 0xE1, 0x08, 0xC1, 0x08, 0xC1, 0x08, 0xC1, 0x08, 0xE1, 0x08, 0x63, 0x11, 0xE5, 0x19,
    0x43, 0x09, 0x60, 0x00, 0x81, 0x00, 0x81, 0x00, 0xA1, 0x08, 0xA1, 0x08, 0x61, 0x00, 0x21, 0x00,
    0x23, 0x11, 0x20, 0x00, 0x03, 0x19, 0xE7, 0x31, 0x40, 0x00, 0x41, 0x00, 0x41, 0x00, 0x41, 0x00,
    0x81, 0x00, 0x22, 0x11, 0x42, 0x09, 0x02, 0x09, 0xE2, 0x08, 0xA2, 0x08, 0x61, 0x00, 0x40, 0x00,
    0x41, 0x00, 0x40, 0x00, 0xC2, 0x08, 0x43, 0x11, 0x22, 0x11, 0x02, 0x09, 0x81, 0x00, 0x40, 0x00,
    0x40, 0x00, 0x60, 0x00, 0x81, 0x08, 0x61, 0x00, 0x61, 0x00, 0x61, 0x00, 0x61, 0x00, 0x41, 0x00,
    0x41, 0x00, 0x61, 0x00, 0x41, 0x00, 0x61, 0x00, 0x61, 0x00, 0x61, 0x00, 0x80, 0x00, 0xE1, 0x08,
    0xA4, 0x19, 0xA4, 0x11, 0xE5, 0x21, 0xA4, 0x11, 0x83, 0x11, 0xA3, 0x19, 0x42, 0x09, 0x42, 0x09,
    0x22, 0x09, 0x22, 0x09, 0x22, 0x09, 0x02, 0x09, 0x21, 0x11, 0xC4, 0x21, 0x83, 0x21, 0xA8, 0x4A,
    0x06, 0x2A, 0xE4, 0x21, 0x42, 0x11, 0xE1, 0x08, 0xE1, 0x08, 0xE1, 0x08, 0x42, 0x09, 0xA4, 0x11,
    0xC5, 0x19, 0xE5, 0x19, 0x63, 0x09, 0x22, 0x09, 0x22, 0x09, 0x42, 0x11, 0x22, 0x09, 0xC5, 0x11,
    0x23, 0x09, 0x43, 0x09, 0x64, 0x11, 0x41, 0x00, 0xC1, 0x08, 0xC3, 0x19, 0x61, 0x11, 0xC3, 0x19,
    0x45, 0x2A, 0x25, 0x2A, 0x63, 0x11, 0x40, 0x00, 0x21, 0x00, 0x41, 0x00, 0x41, 0x00, 0x41, 0x00,
    0x61, 0x00, 0xA1, 0x00, 0xC2, 0x08, 0x43, 0x11, 0x62, 0x11, 0xA3, 0x19, 0xC3, 0x11, 0xC3, 0x11,
    0xC3, 0x11, 0xC4, 0x11, 0x02, 0x09, 0x63, 0x11, 0x62, 0x11, 0x41, 0x09, 0x22, 0x09, 0x01, 0x09,
    0x22, 0x09, 0xA3, 0x11, 0x83, 0x11, 0x43, 0x11, 0x43, 0x09, 0x42, 0x09, 0x23, 0x09, 0xC3, 0x21,
    0x23, 0x2A, 0xE3, 0x21, 0xC1, 0x08, 0x61, 0x00, 0xC2, 0x08, 0xE2, 0x08, 0xC2, 0x08, 0xA1, 0x08,
    0xA1, 0x08, 0xA1, 0x08, 0xC1, 0x08, 0xC1, 0x08, 0xE2, 0x08, 0x22, 0x11, 0x22, 0x11, 0xE1, 0x08,
    0x02, 0x09, 0xC1, 0x08, 0x02, 0x09, 0xA1, 0x00, 0x20, 0x00, 0x41, 0x00, 0x61, 0x00, 0x61, 0x00,
    0x61, 0x00, 0x81, 0x08, 0x61, 0x00, 0x81, 0x00, 0x81, 0x00, 0xA1, 0x08, 0x81, 0x00, 0x81, 0x00,
    0xA1, 0x08, 0xC5, 0x21, 0xC4, 0x19, 0x67, 0x32, 0x45, 0x2A, 0xC3, 0x11, 0x65, 0x2A, 0xC3, 0x11,
    0x24, 0x22, 0xE3, 0x19, 0x04, 0x22, 0x25, 0x22, 0xC3, 0x19, 0xC7, 0x3A, 0xE4, 0x19, 0xE3, 0x19,
    0xC4, 0x21, 0x81, 0x00, 0xA1, 0x00, 0xC1, 0x08, 0xC1, 0x08, 0x81, 0x00, 0xA1, 0x00, 0xA1, 0x08,
    0xA1, 0x08, 0xA1, 0x08, 0xA1, 0x00, 0xC1, 0x08, 0xA1, 0x08, 0xA1, 0x08, 0xA1, 0x00, 0x42, 0x11,
    0xA2, 0x11, 0xA2, 0x11, 0x42, 0x09, 0x62, 0x11, 0xA2, 0x11, 0xE4, 0x19, 0xA3, 0x19, 0x64, 0x11,
    0x43, 0x11, 0x64, 0x11, 0x02, 0x09, 0x02, 0x09, 0x03, 0x09, 0x43, 0x09, 0x64, 0x19, 0x81, 0x00,
    0xA2, 0x08, 0xC2, 0x08, 0xE2, 0x08, 0xC2, 0x08, 0xE2, 0x08, 0xE2, 0x08, 0xC2, 0x08, 0xA1, 0x00,
    0x81, 0x00, 0x61, 0x00, 0x61, 0x00, 0x81, 0x00, 0x23, 0x11, 0xE2, 0x08, 0xE2, 0x08, 0xE1, 0x08,
    0xC1, 0x08, 0xC1, 0x08, 0xA1, 0x00, 0xA1, 0x08, 0x81, 0x00, 0xE2, 0x08, 0x63, 0x19, 0x83, 0x11,
    0xA4, 0x19, 0x46, 0x22, 0xE5, 0x19, 0xC5, 0x19, 0xC4, 0x19, 0xE2, 0x08, 0x41, 0x00, 0x41, 0x00,
    0x61, 0x00, 0xE2, 0x08, 0x22, 0x09, 0x02, 0x09, 0xE1, 0x08, 0xE1, 0x08, 0xE1, 0x08, 0x83, 0x11,
    0xE4, 0x19, 0xC1, 0x00, 0x81, 0x00, 0xA1, 0x08, 0xA1, 0x08, 0xC2, 0x08, 0x21, 0x00, 0x00, 0x00,
    0xC2, 0x08, 0x02, 0x11, 0x40, 0x00, 0xE3, 0x10, 0x81, 0x08, 0x41, 0x00, 0x61, 0x00, 0x81, 0x00,
    0x61, 0x00, 0xA1, 0x00, 0x62, 0x11, 0x62, 0x11, 0x81, 0x00, 0x21, 0x00, 0x40, 0x00, 0x41, 0x00,
    0x61, 0x00, 0x61, 0x00, 0x22, 0x09, 0xA1, 0x08, 0x41, 0x00, 0x41, 0x00, 0x41, 0x00, 0x41, 0x00,
    0x41, 0x00, 0x41, 0x00, 0x61, 0x00, 0x82, 0x08, 0x81, 0x08, 0x61, 0x00, 0x61, 0x00, 0x61, 0x00,
    0x61, 0x00, 0x61, 0x00, 0x61, 0x00, 0x41, 0x00, 0x61, 0x00, 0x61, 0x00, 0x61, 0x00, 0xA1, 0x00,
    0xC4, 0x19, 0xC4, 0x19, 0xE5, 0x19, 0xA4, 0x11, 0xA3, 0x11, 0xA3, 0x11, 0x63, 0x11, 0x42, 0x11,
    0x42, 0x09, 0x62, 0x11, 0x22, 0x09, 0x22, 0x09, 0x22, 0x09, 0x43, 0x11, 0x87, 0x42, 0x88, 0x4A,
    0xC5, 0x21, 0xE4, 0x21, 0x02, 0x09, 0x01, 0x09, 0x22, 0x09, 0x01, 0x09, 0x02, 0x09, 0x83, 0x11,
    0xC5, 0x19, 0x63, 0x11, 0x63, 0x09, 0x22, 0x09, 0x22, 0x09, 0x63, 0x11, 0x63, 0x11, 0x84, 0x11,
    0x26, 0x22, 0x02, 0x09, 0xA1, 0x08, 0x61, 0x00, 0x81, 0x00, 0xA3, 0x19, 0xC2, 0x11, 0x03, 0x22,
    0x65, 0x2A, 0xA3, 0x19, 0x60, 0x00, 0x21, 0x00, 0x41, 0x00, 0x41, 0x00, 0x61, 0x00, 0x61, 0x00,
    0x61, 0x00, 0x41, 0x00, 0x21, 0x00, 0x41, 0x00, 0x61, 0x00, 0xE2, 0x08, 0x43, 0x11, 0xE4, 0x19,
    0x04, 0x1A, 0x24, 0x1A, 0xE1, 0x08, 0x43, 0x11, 0x04, 0x1A, 0x62, 0x09, 0x42, 0x11, 0x01, 0x09,
    0x42, 0x11, 0xA3, 0x19, 0x83, 0x11, 0x63, 0x09, 0x63, 0x11, 0x63, 0x11, 0x23, 0x09, 0x83, 0x19,
    0x43, 0x32, 0x23, 0x32, 0xE1, 0x10, 0xC1, 0x08, 0x22, 0x09, 0x02, 0x09, 0x22, 0x09, 0x02, 0x09,
    0xE1, 0x08, 0xC1, 0x00, 0xC1, 0x08, 0xC1, 0x08, 0xE2, 0x08, 0x02, 0x09, 0x22, 0x09, 0x62, 0x11,
    0x83, 0x11, 0xE1, 0x08, 0x81, 0x00, 0x40, 0x00, 0x61, 0x00, 0x61, 0x00, 0x61, 0x00, 0x61, 0x00,
    0x81, 0x08, 0x81, 0x00, 0x81, 0x00, 0x81, 0x00, 0xA1, 0x08, 0xA1, 0x08, 0xC1, 0x08, 0xA1, 0x00,
    0x81, 0x00, 0xC1, 0x08, 0x46, 0x2A, 0x45, 0x2A, 0xE4, 0x19, 0x45, 0x2A, 0xE3, 0x19, 0xA2, 0x11,
    0x24, 0x22, 0x66, 0x2A, 0xA3, 0x11, 0x86, 0x32, 0xE3, 0x19, 0x66, 0x2A, 0xA6, 0x32, 0xC3, 0x19,
    0x42, 0x11, 0x81, 0x00, 0xA1, 0x08, 0xC1, 0x08, 0xA1, 0x00, 0xA1, 0x08, 0xC1, 0x08, 0xC1, 0x08,
    0xC1, 0x08, 0xC1, 0x08, 0xC1, 0x08, 0xC1, 0x00, 0xE2, 0x08, 0xA2, 0x08, 0x60, 0x00, 0xA0, 0x00,
    0x62, 0x11, 0xA3, 0x19, 0x62, 0x11, 0x82, 0x11, 0xE3, 0x19, 0x42, 0x11, 0xE2, 0x08, 0x64, 0x11,
    0xA4, 0x11, 0xC5, 0x19, 0x43, 0x09, 0x03, 0x09, 0x23, 0x09, 0x84, 0x19, 0xC2, 0x08, 0x61, 0x00,
    0x81, 0x00, 0xC1, 0x08, 0xE2, 0x08, 0x64, 0x19, 0x64, 0x11, 0x43, 0x09, 0x23, 0x09, 0x03, 0x09,
    0xE2, 0x08, 0xC2, 0x08, 0x81, 0x00, 0x81, 0x00, 0x81, 0x00, 0x22, 0x09, 0x22, 0x11, 0xC1, 0x08,
    0x02, 0x09, 0xE2, 0x08, 0xC2, 0x08, 0xA1, 0x08, 0xC2, 0x08, 0xC1, 0x08, 0x02, 0x09, 0x63, 0x11,
    0xE5, 0x21, 0x26, 0x2A, 0x23, 0x11, 0xA1, 0x08, 0x61, 0x00, 0x41, 0x00, 0x41, 0x00, 0x21, 0x00,
    0x41, 0x00, 0x81, 0x00, 0xE2, 0x08, 0x22, 0x11, 0x42, 0x11, 0x41, 0x09, 0x21, 0x09, 0x01, 0x09,
    0xC3, 0x11, 0x43, 0x11, 0xA1, 0x00, 0xE2, 0x08, 0xC2, 0x08, 0xA1, 0x08, 0x41, 0x00, 0x21, 0x00,
    0x20, 0x00, 0xC2, 0x08, 0xC2, 0x08, 0x41, 0x00, 0x61, 0x00, 0x61, 0x00, 0x61, 0x00, 0xA1, 0x08,
    0x60, 0x00, 0x22, 0x11, 0xA3, 0x19, 0x62, 0x11, 0x02, 0x09, 0x61, 0x00, 0x41, 0x00, 0x41, 0x00,
    0x61, 0x00, 0x61, 0x00, 0x43, 0x11, 0xA1, 0x08, 0x41, 0x00, 0x41, 0x00, 0x41, 0x00, 0x41, 0x00,
    0x41, 0x00, 0x41, 0x00, 0x61, 0x00, 0xC2, 0x08, 0xA2, 0x00, 0x81, 0x00, 0x61, 0x00, 0x61, 0x00,
    0x61, 0x00, 0x61, 0x00, 0x61, 0x00, 0x61, 0x00, 0x61, 0x00, 0x41, 0x00, 0x41, 0x00, 0x81, 0x00,
    0x02, 0x09, 0xC4, 0x19, 0xC4, 0x19, 0xC4, 0x19, 0xC4, 0x19, 0xA3, 0x11, 0xC4, 0x19, 0x83, 0x11,
    0x22, 0x09, 0x22, 0x09, 0x42, 0x11, 0x22, 0x09, 0xE1, 0x08, 0x83, 0x19, 0x67, 0x3A, 0x84, 0x21,
    0xE4, 0x29, 0xA4, 0x21, 0x41, 0x00, 0xC1, 0x08, 0x02, 0x09, 0x42, 0x11, 0x42, 0x09, 0x62, 0x09,
    0xA5, 0x19, 0x26, 0x22, 0xC4, 0x19, 0x42, 0x11, 0x83, 0x11, 0x63, 0x11, 0xE5, 0x21, 0x83, 0x11,
    0xC5, 0x19, 0xE2, 0x08, 0x40, 0x00, 0x81, 0x00, 0x61, 0x00, 0x43, 0x19, 0xE3, 0x21, 0x24, 0x22,
    0xA3, 0x19, 0x81, 0x00, 0x21, 0x00, 0x41, 0x00, 0x41, 0x00, 0x41, 0x00, 0x61, 0x00, 0x61, 0x00,
    0x61, 0x00, 0x61, 0x00, 0x41, 0x00, 0x41, 0x00, 0x41, 0x00, 0x40, 0x00, 0x40, 0x00, 0x81, 0x00,
    0x64, 0x19, 0x46, 0x2A, 0x64, 0x19, 0xA2, 0x08, 0xC4, 0x19, 0xA3, 0x11, 0x62, 0x11, 0x21, 0x09,
    0x82, 0x11, 0x83, 0x11, 0x83, 0x11, 0x83, 0x11, 0x63, 0x11, 0x43, 0x11, 0xA1, 0x08, 0xC1, 0x08,
    0x03, 0x2A, 0x23, 0x32, 0xE1, 0x08, 0xE2, 0x08, 0xE1, 0x08, 0x02, 0x09, 0x02, 0x09, 0x02, 0x09,
    0x22, 0x11, 0x22, 0x09, 0xC1, 0x00, 0xC1, 0x08, 0xE1, 0x08, 0x01, 0x09, 0x01, 0x09, 0x42, 0x11,
    0xA3, 0x11, 0x83, 0x11, 0x61, 0x00, 0x61, 0x00, 0x61, 0x00, 0x61, 0x00, 0x61, 0x00, 0x81, 0x00,
    0xA1, 0x00, 0xC2, 0x08, 0xA1, 0x08, 0xC2, 0x08, 0xC2, 0x08, 0xC1, 0x08, 0x61, 0x00, 0x40, 0x00,
    0x21, 0x00, 0x81, 0x00, 0xA4, 0x19, 0x25, 0x22, 0x45, 0x2A, 0xC3, 0x19, 0xE3, 0x19, 0xC3, 0x19,
    0xC3, 0x19, 0x66, 0x2A, 0x25, 0x22, 0x04, 0x22, 0x86, 0x32, 0xC3, 0x19, 0x86, 0x32, 0x83, 0x19,
    0xC1, 0x08, 0xA1, 0x08, 0xC1, 0x08, 0xC1, 0x08, 0xA1, 0x00, 0xC1, 0x08, 0xC1, 0x08, 0xE1, 0x08,
    0xE1, 0x08, 0xC1, 0x08, 0x02, 0x09, 0x01, 0x09, 0xA1, 0x08, 0x41, 0x00, 0x40, 0x00, 0x40, 0x00,
    0xE1, 0x08, 0xA3, 0x19, 0xA2, 0x11, 0xC3, 0x19, 0x62, 0x11, 0xA1, 0x08, 0x40, 0x00, 0xA2, 0x08,
    0x84, 0x11, 0xC5, 0x19, 0xC5, 0x19, 0x23, 0x09, 0x84, 0x19, 0x64, 0x11, 0x81, 0x00, 0x81, 0x00,
    0xE2, 0x08, 0xA1, 0x00, 0xA1, 0x00, 0x02, 0x09, 0x43, 0x11, 0x84, 0x11, 0x43, 0x09, 0x43, 0x11,
    0x43, 0x09, 0x23, 0x09, 0xE2, 0x08, 0x81, 0x00, 0x61, 0x00, 0xC1, 0x08, 0x22, 0x09, 0x84, 0x11,
    0x02, 0x09, 0x02, 0x09, 0xE2, 0x08, 0xC2, 0x08, 0xC1, 0x08, 0xC1, 0x08, 0x02, 0x09, 0x42, 0x11,
    0xE2, 0x08, 0xC2, 0x08, 0x40, 0x00, 0x41, 0x00, 0x41, 0x00, 0x41, 0x00, 0x41, 0x00, 0x21, 0x00,
    0x61, 0x08, 0x81, 0x00, 0x81, 0x00, 0xA1, 0x00, 0xE1, 0x08, 0x42, 0x11, 0x62, 0x11, 0x62, 0x19,
    0x82, 0x11, 0x83, 0x11, 0xE1, 0x00, 0x02, 0x09, 0xC2, 0x08, 0x41, 0x00, 0x41, 0x00, 0x41, 0x00,
    0x21, 0x00, 0x20, 0x00, 0xC2, 0x08, 0x81, 0x00, 0x61, 0x00, 0x61, 0x00, 0x81, 0x00, 0xA1, 0x08,
    0xE1, 0x08, 0xA3, 0x19, 0x41, 0x09, 0x21, 0x09, 0x22, 0x09, 0xC1, 0x08, 0x61, 0x00, 0x41, 0x00,
    0x61, 0x00, 0x61, 0x00, 0x63, 0x11, 0x43, 0x11, 0x40, 0x00, 0x61, 0x00, 0x41, 0x00, 0x61, 0x00,
    0x61, 0x00, 0x61, 0x00, 0x81, 0x00, 0x03, 0x09, 0xE2, 0x08, 0xA2, 0x08, 0x81, 0x00, 0x61, 0x00,
    0x81, 0x00, 0x61, 0x00, 0x81, 0x00, 0x61, 0x00, 0x61, 0x00, 0x61, 0x00, 0x41, 0x00, 0x61, 0x00,
    0x81, 0x00, 0x84, 0x19, 0xA4, 0x11, 0xC4, 0x19, 0xE4, 0x19, 0xA3, 0x11, 0xE4, 0x19, 0x83, 0x11,
    0x42, 0x11, 0x62, 0x11, 0x42, 0x09, 0x02, 0x09, 0x01, 0x09, 0x63, 0x11, 0x02, 0x11, 0xE1, 0x08,
    0x04, 0x2A, 0xC1, 0x08, 0x00, 0x00, 0x20, 0x00, 0x61, 0x00, 0xC1, 0x08, 0x63, 0x11, 0xA3, 0x19,
    0x47, 0x2A, 0xC5, 0x19, 0x63, 0x09, 0x63, 0x11, 0x83, 0x11, 0xA4, 0x19, 0x05, 0x22, 0xC5, 0x21,
    0xA1, 0x00, 0x81, 0x00, 0x81, 0x00, 0xA1, 0x08, 0x61, 0x00, 0x02, 0x11, 0x45, 0x2A, 0xE4, 0x21,
    0xA1, 0x00, 0x41, 0x00, 0x41, 0x00, 0x41, 0x00, 0x40, 0x00, 0x41, 0x00, 0x41, 0x00, 0x61, 0x00,
    0x61, 0x00, 0x61, 0x00, 0x41, 0x00, 0x41, 0x00, 0x41, 0x00, 0x61, 0x00, 0x61, 0x00, 0x41, 0x00,
    0x41, 0x00, 0xC2, 0x08, 0xE3, 0x08, 0x61, 0x00, 0x43, 0x11, 0xC3, 0x11, 0x82, 0x11, 0x42, 0x11,
    0x82, 0x11, 0xA3, 0x11, 0xC4, 0x19, 0xA3, 0x11, 0x83, 0x11, 0xC1, 0x08, 0x61, 0x00, 0x61, 0x00,
    0x82, 0x19, 0xC2, 0x21, 0x81, 0x00, 0xE1, 0x08, 0xE2, 0x08, 0x02, 0x09, 0x02, 0x09, 0x02, 0x09,
    0x22, 0x09, 0x42, 0x11, 0x01, 0x09, 0xA1, 0x08, 0xC1, 0x08, 0xE1, 0x08, 0x01, 0x09, 0x42, 0x11,
    0x82, 0x11, 0xE4, 0x19, 0x22, 0x11, 0x41, 0x00, 0x61, 0x00, 0x81, 0x00, 0xA1, 0x08, 0xC1, 0x00,
    0xE2, 0x08, 0xC2, 0x08, 0xA2, 0x08, 0x81, 0x00, 0x61, 0x00, 0x61, 0x00, 0x40, 0x00, 0x41, 0x00,
    0x41, 0x00, 0x20, 0x00, 0x22, 0x11, 0x46, 0x2A, 0xC3, 0x11, 0x24, 0x22, 0xC3, 0x11, 0x03, 0x1A,
    0x65, 0x2A, 0xE3, 0x19, 0xA7, 0x32, 0xC3, 0x19, 0x45, 0x2A, 0x24, 0x22, 0xA3, 0x19, 0xC1, 0x08,
    0xC1, 0x08, 0xC1, 0x08, 0x02, 0x09, 0xC1, 0x08, 0xA1, 0x08, 0xC1, 0x08, 0xE1, 0x08, 0xE1, 0x08,
    0x22, 0x09, 0x22, 0x11, 0xE1, 0x08, 0xC1, 0x08, 0x81, 0x00, 0xA1, 0x08, 0xC1, 0x08, 0xC1, 0x08,
    0xC1, 0x08, 0x62, 0x11, 0x04, 0x22, 0xA3, 0x19, 0xC1, 0x08, 0x22, 0x11, 0xC1, 0x10, 0x20, 0x00,
    0xC2, 0x08, 0x23, 0x09, 0xA5, 0x19, 0x64, 0x11, 0x44, 0x11, 0xE2, 0x08, 0xC1, 0x08, 0xC2, 0x08,
    0xA1, 0x08, 0x23, 0x11, 0xC1, 0x08, 0x81, 0x00, 0xE2, 0x08, 0x23, 0x09, 0x64, 0x11, 0x64, 0x11,
    0x43, 0x09, 0x43, 0x09, 0x43, 0x11, 0xC2, 0x08, 0x81, 0x00, 0x61, 0x00, 0xA1, 0x00, 0x23, 0x09,
    0x43, 0x11, 0x22, 0x09, 0x02, 0x09, 0x02, 0x09, 0xC2, 0x08, 0xC1, 0x08, 0x02, 0x09, 0xE2, 0x08,
    0x41, 0x00, 0x41, 0x00, 0x41, 0x00, 0x41, 0x00, 0x21, 0x00, 0x20, 0x00, 0x21, 0x00, 0x20, 0x00,
    0x81, 0x00, 0xA1, 0x00, 0xA1, 0x08, 0x81, 0x00, 0x81, 0x00, 0x81, 0x00, 0xE1, 0x08, 0x02, 0x09,
    0x42, 0x09, 0xE4, 0x19, 0x63, 0x11, 0xA1, 0x08, 0x41, 0x00, 0x21, 0x00, 0x21, 0x00, 0x20, 0x00,
    0x20, 0x00, 0x41, 0x00, 0x81, 0x00, 0x82, 0x00, 0x82, 0x00, 0x61, 0x00, 0xA2, 0x08, 0xC1, 0x08,
    0x62, 0x11, 0xA2, 0x11, 0x21, 0x09, 0x01, 0x09, 0x01, 0x09, 0xE1, 0x08, 0xC1, 0x08, 0x40, 0x00,
    0x41, 0x00, 0x81, 0x08, 0xA1, 0x00, 0xA1, 0x00, 0x61, 0x00, 0x41, 0x00, 0x81, 0x00, 0x81, 0x00,
    0x81, 0x00, 0x81, 0x08, 0x61, 0x00, 0xE2, 0x08, 0x23, 0x11, 0xC2, 0x00, 0xA1, 0x00, 0x61, 0x00,
    0x81, 0x00, 0xA2, 0x08, 0x61, 0x00, 0x81, 0x00, 0x61, 0x00, 0x61, 0x00, 0x61, 0x00, 0x61, 0x00,
    0x80, 0x00, 0xC1, 0x08, 0x83, 0x11, 0xC4, 0x19, 0xE4, 0x19, 0xA3, 0x11, 0xC4, 0x19, 0xA3, 0x11,
    0xA3, 0x11, 0x42, 0x09, 0x62, 0x11, 0x62, 0x11, 0x01, 0x09, 0x22, 0x11, 0x02, 0x09, 0x01, 0x09,
    0x22, 0x11, 0xA1, 0x00, 0x61, 0x00, 0x20, 0x00, 0x21, 0x00, 0x41, 0x00, 0x81, 0x00, 0x84, 0x19,
    0xA4, 0x11, 0x06, 0x22, 0x63, 0x09, 0xA4, 0x19, 0xC4, 0x19, 0xA4, 0x11, 0xA4, 0x19, 0xC2, 0x08,
    0x61, 0x00, 0x81, 0x08, 0x81, 0x00, 0xA1, 0x08, 0x81, 0x00, 0x43, 0x11, 0xA6, 0x3A, 0xE1, 0x08,
    0x61, 0x00, 0x41, 0x00, 0x41, 0x00, 0x21, 0x00, 0x41, 0x00, 0x41, 0x00, 0x41, 0x00, 0x61, 0x00,
    0x61, 0x00, 0x41, 0x00, 0x41, 0x00, 0x41, 0x00, 0x41, 0x00, 0x61, 0x00, 0x41, 0x00, 0x41, 0x00,
    0x61, 0x00, 0x41, 0x00, 0x41, 0x00, 0x41, 0x00, 0xC1, 0x08, 0x04, 0x1A, 0xE3, 0x19, 0x82, 0x11,
    0xA2, 0x11, 0xE4, 0x19, 0xC4, 0x19, 0x42, 0x09, 0xC1, 0x08, 0x60, 0x00, 0x61, 0x00, 0x40, 0x00,
    0x63, 0x19, 0x63, 0x19, 0x81, 0x00, 0xE2, 0x08, 0x02, 0x09, 0x02, 0x09, 0x02, 0x09, 0x02, 0x09,
    0x22, 0x09, 0x62, 0x11, 0x42, 0x11, 0xC1, 0x08, 0xE1, 0x08, 0xC1, 0x08, 0x01, 0x09, 0x22, 0x09,
    0x62, 0x11, 0x04, 0x1A, 0x22, 0x09, 0x61, 0x00, 0x81, 0x00, 0xA2, 0x08, 0xE2, 0x08, 0xC2, 0x08,
    0xA1, 0x08, 0x61, 0x00, 0x41, 0x00, 0x20, 0x00, 0x41, 0x00, 0x41, 0x00, 0x41, 0x00, 0x41, 0x00,
    0x41, 0x00, 0x41, 0x00, 0x81, 0x00, 0xA3, 0x19, 0x85, 0x2A, 0x03, 0x1A, 0xA2, 0x11, 0xC2, 0x19,
    0x86, 0x32, 0xE3, 0x19, 0x65, 0x2A, 0x65, 0x2A, 0xC3, 0x19, 0xE4, 0x21, 0xC1, 0x08, 0xA1, 0x00,
    0xE1, 0x08, 0x02, 0x09, 0x02, 0x09, 0xA1, 0x00, 0xC1, 0x08, 0x01, 0x09, 0x21, 0x09, 0x42, 0x11,
    0x01, 0x09, 0xC1, 0x00, 0xC1, 0x08, 0x01, 0x09, 0x22, 0x11, 0x01, 0x09, 0xE1, 0x08, 0xE2, 0x08,
    0xC1, 0x08, 0x01, 0x09, 0xC3, 0x19, 0x01, 0x09, 0x81, 0x08, 0x41, 0x11, 0x42, 0x19, 0xA1, 0x08,
    0x61, 0x00, 0x81, 0x00, 0xE2, 0x08, 0x23, 0x11, 0xA1, 0x08, 0xC1, 0x08, 0xE1, 0x08, 0x02, 0x11,
    0x81, 0x00, 0xE2, 0x08, 0x22, 0x11, 0xC1, 0x08, 0xC1, 0x08, 0xC1, 0x08, 0x23, 0x09, 0x43, 0x11,
    0x84, 0x11, 0x84, 0x11, 0x84, 0x11, 0x23, 0x11, 0xA1, 0x00, 0x81, 0x00, 0x81, 0x00, 0x60, 0x00,
    0xE2, 0x08, 0x63, 0x11, 0x63, 0x11, 0x43, 0x11, 0x22, 0x09, 0xE2, 0x08, 0xE2, 0x08, 0xC2, 0x08,
    0x41, 0x00, 0x41, 0x00, 0x41, 0x00, 0x41, 0x00, 0x21, 0x00, 0x20, 0x00, 0x20, 0x00, 0x20, 0x00,
    0xA1, 0x00, 0xE2, 0x08, 0xC1, 0x08, 0x81, 0x08, 0xA1, 0x08, 0xA1, 0x08, 0xA1, 0x08, 0xC2, 0x08,
    0xE1, 0x08, 0x63, 0x19, 0xE2, 0x08, 0x20, 0x00, 0x40, 0x00, 0x40, 0x00, 0x20, 0x00, 0x20, 0x00,
    0x20, 0x00, 0x41, 0x00, 0x82, 0x00, 0x82, 0x00, 0x81, 0x00, 0x82, 0x08, 0xA2, 0x08, 0xA3, 0x19,
    0xC2, 0x19, 0x41, 0x09, 0x21, 0x09, 0x01, 0x09, 0x01, 0x09, 0xE1, 0x08, 0xE1, 0x08, 0x81, 0x00,
    0x20, 0x00, 0x61, 0x00, 0x61, 0x00, 0x82, 0x08, 0x61, 0x00, 0x61, 0x00, 0x81, 0x00, 0x82, 0x00,
    0x81, 0x00, 0x81, 0x00, 0x61, 0x00, 0x61, 0x00, 0x23, 0x09, 0x23, 0x09, 0xE2, 0x08, 0xA1, 0x00,
    0x81, 0x00, 0xA1, 0x00, 0xA1, 0x00, 0x81, 0x00, 0x81, 0x08, 0x61, 0x00, 0x61, 0x00, 0x81, 0x00,
    0x61, 0x00, 0x60, 0x00, 0xE1, 0x08, 0x63, 0x11, 0x04, 0x22, 0xA3, 0x11, 0xE4, 0x19, 0xC3, 0x19,
    0xC3, 0x19, 0x62, 0x11, 0x62, 0x11, 0x62, 0x11, 0xA3, 0x11, 0x62, 0x11, 0x62, 0x11, 0x42, 0x11,
    0xC1, 0x08, 0x02, 0x09, 0x23, 0x09, 0x61, 0x00, 0x21, 0x00, 0x41, 0x00, 0x41, 0x00, 0x81, 0x00,
    0x84, 0x11, 0xC5, 0x19, 0xA4, 0x19, 0x63, 0x11, 0x67, 0x2A, 0xA5, 0x19, 0xA1, 0x00, 0x81, 0x00,
    0x81, 0x08, 0x81, 0x00, 0xC2, 0x08, 0xA1, 0x08, 0xA1, 0x08, 0x23, 0x11, 0xC4, 0x21, 0x61, 0x00,
    0x41, 0x00, 0x41, 0x00, 0x41, 0x00, 0x21, 0x00, 0x41, 0x00, 0x41, 0x00, 0x41, 0x00, 0x61, 0x00,
    0x61, 0x00, 0x61, 0x00, 0x61, 0x00, 0x61, 0x00, 0x41, 0x00, 0x61, 0x00, 0x41, 0x00, 0x41, 0x00,
    0x61, 0x08, 0x61, 0x00, 0x41, 0x00, 0x41, 0x00, 0x61, 0x00, 0x63, 0x11, 0x24, 0x22, 0xE3, 0x19,
    0x82, 0x11, 0x02, 0x09, 0xC1, 0x08, 0x81, 0x00, 0xA1, 0x00, 0xA1, 0x08, 0xA1, 0x08, 0x81, 0x00,
    0xA1, 0x08, 0xA1, 0x00, 0xA1, 0x08, 0xE1, 0x08, 0x01, 0x09, 0x02, 0x09, 0x02, 0x09, 0x02, 0x09,
    0x21, 0x09, 0x42, 0x11, 0xA3, 0x19, 0x01, 0x09, 0xE1, 0x08, 0x01, 0x09, 0x01, 0x09, 0x42, 0x09,
    0x82, 0x11, 0x04, 0x1A, 0x42, 0x11, 0xC1, 0x08, 0xC2, 0x08, 0xA2, 0x08, 0x81, 0x00, 0x61, 0x00,
    0x41, 0x00, 0x41, 0x00, 0x41, 0x00, 0x41, 0x00, 0x61, 0x00, 0x41, 0x00, 0x61, 0x00, 0x61, 0x00,
    0x61, 0x00, 0x61, 0x00, 0x61, 0x00, 0x63, 0x11, 0x45, 0x2A, 0xC3, 0x19, 0xA2, 0x11, 0x65, 0x2A,
    0x04, 0x22, 0x45, 0x2A, 0xA2, 0x11, 0x65, 0x2A, 0xA3, 0x19, 0xA1, 0x00, 0x60, 0x00, 0xC2, 0x08,
    0x63, 0x11, 0x84, 0x19, 0x22, 0x09, 0xC1, 0x00, 0x22, 0x11, 0xE1, 0x08, 0xA1, 0x08, 0x81, 0x08,
    0x40, 0x00, 0x02, 0x09, 0xA2, 0x11, 0xA2, 0x19, 0x41, 0x09, 0x01, 0x09, 0x01, 0x09, 0xE2, 0x08,
    0xE1, 0x08, 0x01, 0x09, 0xC3, 0x21, 0x42, 0x11, 0x81, 0x00, 0x61, 0x11, 0x82, 0x19, 0x21, 0x11,
    0xC1, 0x08, 0x81, 0x08, 0x81, 0x00, 0xA1, 0x00, 0x41, 0x00, 0xE2, 0x08, 0x01, 0x09, 0xE1, 0x08,
    0xE2, 0x08, 0x81, 0x00, 0x02, 0x09, 0x22, 0x11, 0x22, 0x11, 0x01, 0x09, 0xE1, 0x08, 0x02, 0x09,
    0x43, 0x11, 0x63, 0x11, 0x83, 0x11, 0x63, 0x11, 0xE2, 0x08, 0xA1, 0x00, 0xA1, 0x08, 0xA1, 0x08,
    0x81, 0x00, 0xC1, 0x08, 0x23, 0x09, 0x84, 0x11, 0x63, 0x11, 0x43, 0x11, 0x02, 0x09, 0x81, 0x08,
    0x20, 0x00, 0x41, 0x00, 0x41, 0x00, 0x61, 0x00, 0x41, 0x00, 0x41, 0x00, 0x20, 0x00, 0x20, 0x00,
    0x81, 0x00, 0xE2, 0x08, 0xE2, 0x08, 0x02, 0x09, 0x02, 0x09, 0x02, 0x09, 0xC2, 0x08, 0xC2, 0x08,
    0x81, 0x00, 0x40, 0x00, 0x41, 0x00, 0x41, 0x00, 0x41, 0x00, 0x41, 0x00, 0x41, 0x00, 0x41, 0x00,
    0x20, 0x00, 0x41, 0x00, 0xA2, 0x08, 0x61, 0x00, 0x81, 0x00, 0x82, 0x08, 0x82, 0x00, 0x02, 0x09,
    0xC3, 0x19, 0x62, 0x11, 0x01, 0x09, 0x01, 0x09, 0x01, 0x09, 0xE1, 0x08, 0xE1, 0x08, 0xC1, 0x08,
    0x40, 0x00, 0x20, 0x00, 0x40, 0x00, 0x61, 0x00, 0x61, 0x00, 0x82, 0x00, 0x81, 0x00, 0x81, 0x00,
    0x81, 0x00, 0x61, 0x00, 0x61, 0x00, 0x61, 0x00, 0xC2, 0x08, 0x23, 0x11, 0x02, 0x09, 0xA1, 0x00,
    0xA1, 0x08, 0xE2, 0x08, 0xA1, 0x00, 0xC2, 0x08, 0x81, 0x00, 0x41, 0x00, 0x41, 0x00, 0xA1, 0x08,
    0x81, 0x00, 0x61, 0x00, 0x81, 0x00, 0xE1, 0x08, 0x42, 0x11, 0xA3, 0x19, 0xC3, 0x19, 0xE4, 0x19,
    0xE4, 0x21, 0xC3, 0x19, 0x62, 0x09, 0xA3, 0x19, 0xC3, 0x19, 0x62, 0x11, 0x62, 0x11, 0x83, 0x11,
    0xA1, 0x00, 0x03, 0x09, 0x43, 0x11, 0xA1, 0x00, 0x20, 0x00, 0x21, 0x00, 0x41, 0x00, 0x21, 0x00,
    0xE2, 0x08, 0xA4, 0x19, 0x84, 0x11, 0x26, 0x22, 0x84, 0x19, 0xE2, 0x08, 0x81, 0x00, 0x81, 0x00,
    0xC2, 0x08, 0xA1, 0x00, 0xC2, 0x08, 0xC2, 0x08, 0xE2, 0x08, 0xC2, 0x08, 0xC2, 0x00, 0x61, 0x00,
    0x41, 0x00, 0x41, 0x00, 0x41, 0x00, 0x21, 0x00, 0x41, 0x00, 0x41, 0x00, 0x41, 0x00, 0x61, 0x00,
    0x61, 0x00, 0x61, 0x00, 0x61, 0x00, 0x41, 0x00, 0x41, 0x00, 0x41, 0x00, 0x61, 0x00, 0x61, 0x00,
    0x61, 0x00, 0x41, 0x00, 0x20, 0x00, 0x61, 0x00, 0x41, 0x00, 0x81, 0x00, 0x83, 0x19, 0x65, 0x2A,
    0x62, 0x11, 0x81, 0x00, 0x81, 0x00, 0x81, 0x08, 0xA1, 0x08, 0xC1, 0x00, 0xE1, 0x08, 0xE2, 0x08,
    0xE1, 0x08, 0xA1, 0x00, 0xC1, 0x08, 0xE2, 0x08, 0xE1, 0x08, 0x02, 0x09, 0x22, 0x11, 0x01, 0x09,
    0x21, 0x09, 0x41, 0x09, 0xC3, 0x19, 0x82, 0x11, 0x01, 0x09, 0x01, 0x09, 0x01, 0x09, 0x01, 0x09,
    0xA3, 0x19, 0x24, 0x22, 0x42, 0x11, 0xC1, 0x08, 0x81, 0x00, 0x61, 0x00, 0x61, 0x00, 0x61, 0x00,
    0x61, 0x00, 0x41, 0x00, 0x41, 0x00, 0x41, 0x00, 0x41, 0x00, 0x81, 0x00, 0x61, 0x00, 0x81, 0x00,
    0x61, 0x00, 0x81, 0x00, 0x61, 0x00, 0xA1, 0x00, 0x82, 0x11, 0x82, 0x11, 0xA3, 0x19, 0xC7, 0x3A,
    0x24, 0x22, 0x24, 0x22, 0xC3, 0x19, 0x01, 0x09, 0xC1, 0x08, 0x61, 0x00, 0x61, 0x00, 0x81, 0x00,
    0x23, 0x11, 0xA4, 0x19, 0x02, 0x09, 0x22, 0x11, 0xC1, 0x08, 0x61, 0x00, 0x41, 0x00, 0x20, 0x00,
    0x42, 0x11, 0xE3, 0x19, 0xA2, 0x11, 0x82, 0x11, 0x82, 0x11, 0x41, 0x09, 0x21, 0x09, 0x01, 0x09,
    0x01, 0x09, 0xA3, 0x29, 0x28, 0x63, 0x62, 0x19, 0x81, 0x00, 0x82, 0x19, 0xA2, 0x19, 0xA2, 0x19,
    0x42, 0x11, 0x83, 0x11, 0xE1, 0x08, 0xC1, 0x00, 0xA1, 0x08, 0xA1, 0x00, 0x22, 0x11, 0x02, 0x09,
    0x01, 0x09, 0x01, 0x11, 0xC1, 0x08, 0x42, 0x11, 0x83, 0x11, 0x21, 0x09, 0x22, 0x09, 0x22, 0x09,
    0x22, 0x09, 0x22, 0x11, 0x22, 0x11, 0x63, 0x11, 0x22, 0x09, 0xA1, 0x00, 0xC1, 0x08, 0xC1, 0x08,
    0xA1, 0x08, 0xA1, 0x08, 0xA1, 0x00, 0x81, 0x00, 0xA1, 0x00, 0xC2, 0x08, 0x43, 0x11, 0x81, 0x00,
    0x20, 0x00, 0x41, 0x00, 0x41, 0x00, 0x41, 0x00, 0x41, 0x00, 0x61, 0x00, 0x41, 0x00, 0x20, 0x00,
    0x61, 0x00, 0x03, 0x09, 0x43, 0x11, 0xC2, 0x08, 0x61, 0x00, 0x61, 0x00, 0x41, 0x00, 0x41, 0x00,
    0x40, 0x00, 0x41, 0x00, 0x61, 0x00, 0x61, 0x00, 0x61, 0x00, 0x61, 0x00, 0x61, 0x00, 0x41, 0x00,
    0x40, 0x00, 0x61, 0x00, 0x82, 0x08, 0x82, 0x00, 0xA2, 0x00, 0xC2, 0x08, 0xC2, 0x08, 0x82, 0x00,
    0xE2, 0x08, 0x83, 0x19, 0x41, 0x11, 0x01, 0x09, 0xE1, 0x08, 0xE1, 0x08, 0xE1, 0x08, 0xE1, 0x08,
    0xA1, 0x08, 0x20, 0x00, 0x20, 0x00, 0x41, 0x00, 0x61, 0x00, 0x81, 0x00, 0x82, 0x08, 0x81, 0x00,
    0x81, 0x00, 0x81, 0x00, 0x61, 0x00, 0x61, 0x00, 0x81, 0x00, 0xE2, 0x08, 0x43, 0x11, 0xE2, 0x08,
    0xA1, 0x08, 0xE2, 0x08, 0xE2, 0x08, 0xC2, 0x08, 0x81, 0x00, 0x41, 0x00, 0x41, 0x00, 0x81, 0x00,
    0xA1, 0x08, 0x81, 0x00, 0x81, 0x00, 0xA1, 0x08, 0x80, 0x00, 0x22, 0x11, 0x83, 0x19, 0x04, 0x22,
    0xE4, 0x21, 0x04, 0x22, 0xA3, 0x19, 0xC3, 0x19, 0xA3, 0x19, 0x42, 0x11, 0x83, 0x11, 0x63, 0x11,
    0x81, 0x00, 0x61, 0x00, 0x23, 0x09, 0xA1, 0x00, 0x20, 0x00, 0x20, 0x00, 0x41, 0x00, 0x41, 0x00,
    0xE2, 0x08, 0x63, 0x11, 0x63, 0x11, 0x63, 0x11, 0xE2, 0x08, 0x81, 0x00, 0xA1, 0x00, 0xA1, 0x08,
    0xC1, 0x08, 0xC2, 0x08, 0xC2, 0x08, 0xE2, 0x08, 0xE2, 0x08, 0xE2, 0x08, 0x81, 0x00, 0x41, 0x00,
    0x41, 0x00, 0x61, 0x00, 0x41, 0x00, 0x41, 0x00, 0x41, 0x00, 0x41, 0x00, 0x21, 0x00, 0x41, 0x00,
    0x61, 0x00, 0x61, 0x00, 0x41, 0x00, 0x41, 0x00, 0x40, 0x00, 0x41, 0x00, 0x61, 0x00, 0x61, 0x00,
    0x61, 0x00, 0x41, 0x00, 0x41, 0x00, 0x41, 0x00, 0x61, 0x00, 0x81, 0x00, 0xC1, 0x00, 0xC3, 0x21,
    0x42, 0x11, 0x81, 0x00, 0xA1, 0x08, 0xA1, 0x08, 0xC1, 0x08, 0xE1, 0x08, 0x01, 0x09, 0x21, 0x09,
    0x62, 0x11, 0x62, 0x11, 0xC1, 0x00, 0xE2, 0x08, 0xE1, 0x08, 0x22, 0x11, 0x22, 0x09, 0x21, 0x09,
    0x21, 0x09, 0x21, 0x09, 0x61, 0x09, 0x62, 0x09, 0x42, 0x11, 0x42, 0x11, 0x21, 0x09, 0x01, 0x09,
    0x21, 0x09, 0xE4, 0x19, 0xE1, 0x08, 0x61, 0x00, 0x61, 0x00, 0x61, 0x00, 0x81, 0x00, 0x81, 0x00,
    0x61, 0x00, 0x41, 0x00, 0x41, 0x00, 0x41, 0x00, 0x41, 0x00, 0x61, 0x00, 0x81, 0x00, 0xA1, 0x00,
    0x61, 0x00, 0x81, 0x08, 0x81, 0x08, 0x61, 0x00, 0xA4, 0x21, 0x25, 0x2A, 0x04, 0x22, 0xE3, 0x19,
    0x24, 0x22, 0x82, 0x11, 0x22, 0x11, 0x81, 0x00, 0x61, 0x00, 0x81, 0x00, 0x61, 0x00, 0x40, 0x00,
    0xE2, 0x08, 0xE5, 0x19, 0x43, 0x11, 0xE2, 0x08, 0x60, 0x00, 0x61, 0x00, 0x41, 0x00, 0x81, 0x00,
    0x04, 0x22, 0x24, 0x22, 0xC2, 0x19, 0xA2, 0x11, 0xA2, 0x11, 0x61, 0x11, 0x41, 0x09, 0x22, 0x11,
    0x05, 0x3A, 0x4A, 0x6B, 0xA7, 0x4A, 0x01, 0x09, 0xE1, 0x08, 0x42, 0x11, 0x81, 0x11, 0x02, 0x2A,
    0x21, 0x09, 0x83, 0x11, 0x82, 0x11, 0x22, 0x09, 0xC1, 0x08, 0x80, 0x00, 0x80, 0x00, 0x22, 0x11,
    0x01, 0x09, 0x22, 0x11, 0xC1, 0x08, 0x01, 0x09, 0x62, 0x11, 0x62, 0x11, 0x42, 0x09, 0x63, 0x11,
    0x83, 0x11, 0x63, 0x11, 0x42, 0x09, 0x63, 0x11, 0x23, 0x11, 0xC1, 0x08, 0xC1, 0x08, 0xC1, 0x08,
    0xC1, 0x08, 0xE2, 0x08, 0xE2, 0x08, 0xE2, 0x08, 0xA1, 0x00, 0x40, 0x00, 0x81, 0x00, 0x81, 0x00,
    0x41, 0x00, 0x41, 0x00, 0x41, 0x00, 0x41, 0x00, 0x41, 0x00, 0x41, 0x00, 0x41, 0x00, 0x41, 0x00,
    0x61, 0x00, 0xE2, 0x08, 0x61, 0x00, 0x40, 0x00, 0x20, 0x00, 0x20, 0x00, 0x21, 0x00, 0x41, 0x00,
    0x40, 0x00, 0x61, 0x00, 0x81, 0x00, 0x61, 0x00, 0x61, 0x00, 0x61, 0x00, 0x61, 0x00, 0x61, 0x00,
    0x41, 0x00, 0x61, 0x00, 0x81, 0x00, 0x82, 0x00, 0x82, 0x00, 0xA2, 0x08, 0xE2, 0x08, 0x03, 0x09,
    0x81, 0x00, 0xA1, 0x08, 0x42, 0x11, 0x21, 0x09, 0xE1, 0x08, 0xE1, 0x08, 0xE1, 0x08, 0xE1, 0x08,
    0xC1, 0x08, 0x61, 0x00, 0x20, 0x00, 0x41, 0x00, 0x61, 0x00, 0x81, 0x00, 0x61, 0x00, 0x81, 0x00,
    0x81, 0x00, 0x61, 0x00, 0x61, 0x00, 0x81, 0x00, 0x81, 0x00, 0xA1, 0x08, 0x43, 0x11, 0x84, 0x11,
    0x02, 0x09, 0x43, 0x11, 0x03, 0x09, 0xA1, 0x08, 0x40, 0x00, 0x61, 0x00, 0x61, 0x00, 0x20, 0x00,
    0xA1, 0x08, 0xA1, 0x08, 0x81, 0x08, 0xA1, 0x08, 0x81, 0x00, 0xA1, 0x00, 0x01, 0x09, 0x62, 0x11,
    0xC3, 0x19, 0x04, 0x1A, 0xA3, 0x19, 0xC3, 0x19, 0xE4, 0x21, 0xA1, 0x00, 0x63, 0x11, 0x63, 0x11,
    0xA1, 0x00, 0xA1, 0x08, 0xC2, 0x08, 0xA2, 0x08, 0x61, 0x00, 0x20, 0x00, 0x41, 0x00, 0x61, 0x00,
    0x81, 0x00, 0x43, 0x11, 0x63, 0x11, 0xC1, 0x00, 0xC1, 0x08, 0xC2, 0x08, 0xA1, 0x00, 0xE2, 0x08,
    0xC1, 0x08, 0x02, 0x09, 0xE2, 0x08, 0x03, 0x09, 0xE2, 0x08, 0x81, 0x00, 0x61, 0x00, 0x61, 0x00,
    0x61, 0x00, 0x61, 0x00, 0x61, 0x00, 0x61, 0x00, 0x61, 0x00, 0x41, 0x00, 0x41, 0x00, 0x20, 0x00,
    0x61, 0x00, 0x61, 0x00, 0x41, 0x00, 0x61, 0x00, 0x61, 0x00, 0x61, 0x00, 0x61, 0x00, 0x61, 0x00,
    0x61, 0x00, 0x61, 0x00, 0x61, 0x00, 0x61, 0x00, 0x81, 0x00, 0xC1, 0x08, 0x01, 0x09, 0x21, 0x09,
    0x01, 0x09, 0xC1, 0x08, 0xC1, 0x08, 0xC1, 0x08, 0xC1, 0x08, 0x01, 0x09, 0x21, 0x09, 0x41, 0x09,
    0x82, 0x11, 0xC3, 0x19, 0x22, 0x11, 0xC1, 0x00, 0x01, 0x09, 0x01, 0x09, 0x01, 0x09, 0x01, 0x09,
    0x21, 0x09, 0x21, 0x09, 0x41, 0x09, 0x41, 0x09, 0xA2, 0x11, 0x82, 0x11, 0x62, 0x09, 0x62, 0x11,
    0x21, 0x09, 0xA3, 0x11, 0xE2, 0x08, 0x81, 0x00, 0x81, 0x00, 0x81, 0x00, 0x61, 0x00, 0x41, 0x00,
    0x41, 0x00, 0x61, 0x00, 0x41, 0x00, 0x41, 0x00, 0x41, 0x00, 0x41, 0x00, 0xC2, 0x08, 0x81, 0x00,
    0xA1, 0x08, 0x81, 0x00, 0xA2, 0x08, 0x81, 0x00, 0x64, 0x19, 0xC4, 0x21, 0x66, 0x2A, 0x04, 0x22,
    0x82, 0x11, 0xE1, 0x08, 0x60, 0x00, 0x81, 0x00, 0x81, 0x08, 0x61, 0x00, 0x61, 0x00, 0x61, 0x00,
    0x81, 0x00, 0x64, 0x11, 0x02, 0x09, 0x81, 0x00, 0x61, 0x00, 0x81, 0x00, 0x41, 0x00, 0xC2, 0x08,
    0x24, 0x22, 0x24, 0x22, 0xE3, 0x19, 0xC2, 0x19, 0xA2, 0x11, 0x81, 0x11, 0x41, 0x09, 0xE4, 0x29,
    0x29, 0x63, 0x87, 0x4A, 0x21, 0x11, 0x42, 0x09, 0xA1, 0x00, 0x22, 0x11, 0xA1, 0x19, 0xE1, 0x21,
    0x82, 0x19, 0x22, 0x09, 0x62, 0x11, 0x42, 0x09, 0xE1, 0x08, 0xC1, 0x08, 0x81, 0x00, 0xA1, 0x00,
    0x22, 0x11, 0x22, 0x09, 0x01, 0x09, 0xC1, 0x08, 0x42, 0x11, 0x83, 0x11, 0x42, 0x11, 0x63, 0x11,
    0x83, 0x11, 0x83, 0x11, 0x83, 0x11, 0x43, 0x09, 0x02, 0x09, 0xC1, 0x08, 0x02, 0x09, 0x22, 0x09,
    0x22, 0x09, 0x22, 0x11, 0x02, 0x09, 0xE2, 0x08, 0xA2, 0x08, 0x41, 0x00, 0x41, 0x00, 0x41, 0x00,
    0x41, 0x00, 0x41, 0x00, 0x41, 0x00, 0x41, 0x00, 0x41, 0x00, 0x41, 0x00, 0x41, 0x00, 0x41, 0x00,
    0x61, 0x00, 0x40, 0x00, 0x20, 0x00, 0x41, 0x00, 0x40, 0x00, 0x60, 0x00, 0x61, 0x00, 0x61, 0x00,
    0x61, 0x00, 0x61, 0x00, 0xA2, 0x08, 0xA1, 0x08, 0x81, 0x00, 0x61, 0x00, 0x61, 0x00, 0x61, 0x00,
    0x61, 0x00, 0x41, 0x00, 0x61, 0x00, 0x61, 0x00, 0x61, 0x00, 0x61, 0x00, 0x40, 0x00, 0xC2, 0x08,
    0x61, 0x00, 0x21, 0x00, 0xC1, 0x08, 0x82, 0x19, 0x21, 0x09, 0xE1, 0x08, 0xC1, 0x08, 0xC1, 0x08,
    0xC1, 0x08, 0xA1, 0x08, 0x40, 0x00, 0x41, 0x00, 0x61, 0x00, 0x81, 0x00, 0x61, 0x00, 0x81, 0x00,
    0x61, 0x00, 0x61, 0x00, 0x61, 0x00, 0x81, 0x00, 0x81, 0x08, 0x81, 0x00, 0xA1, 0x00, 0xA5, 0x19,
    0x63, 0x11, 0x64, 0x11, 0x64, 0x11, 0x81, 0x00, 0x61, 0x00, 0x81, 0x00, 0x61, 0x00, 0x21, 0x00,
    0x60, 0x00, 0xE1, 0x08, 0xC1, 0x08, 0xC1, 0x00, 0xA1, 0x00, 0xA1, 0x00, 0xE1, 0x08, 0xE1, 0x08,
    0xE1, 0x08, 0x82, 0x11, 0xC3, 0x19, 0xA3, 0x19, 0x22, 0x11, 0x81, 0x00, 0xE2, 0x08, 0x02, 0x09,
    0xA1, 0x00, 0xA1, 0x08, 0xA1, 0x08, 0xA1, 0x08, 0xC2, 0x08, 0x81, 0x00, 0x61, 0x00, 0x62, 0x00,
    0x61, 0x00, 0xE2, 0x08, 0x02, 0x09, 0xA1, 0x08, 0xC2, 0x08, 0xC2, 0x08, 0xA1, 0x00, 0xE2, 0x08,
    0xE2, 0x08, 0x23, 0x09, 0x02, 0x09, 0xC2, 0x08, 0x61, 0x00, 0x61, 0x00, 0x61, 0x00, 0x81, 0x00,
    0x61, 0x00, 0x61, 0x00, 0x61, 0x00, 0x61, 0x00, 0x61, 0x00, 0x61, 0x00, 0x61, 0x00, 0x61, 0x00,
    0x81, 0x08, 0x61, 0x00, 0xA2, 0x08, 0xC2, 0x08, 0xA2, 0x08, 0x82, 0x08, 0x61, 0x00, 0x81, 0x00,
    0x81, 0x00, 0x81, 0x00, 0x61, 0x00, 0x61, 0x00, 0x61, 0x00, 0x81, 0x00, 0xC1, 0x08, 0x02, 0x11,
    0x42, 0x11, 0x21, 0x09, 0xE1, 0x08, 0xE1, 0x08, 0xE1, 0x08, 0xE1, 0x08, 0x41, 0x11, 0x81, 0x11,
    0xA2, 0x11, 0xE3, 0x19, 0x62, 0x11, 0xA0, 0x00, 0xE1, 0x08, 0x21, 0x09, 0x21, 0x09, 0x21, 0x09,
    0x41, 0x09, 0x62, 0x11, 0x82, 0x11, 0xE3, 0x19, 0x22, 0x09, 0xC1, 0x08, 0x02, 0x09, 0x63, 0x11,
    0xC4, 0x19, 0x24, 0x22, 0x22, 0x11, 0x61, 0x00, 0x61, 0x00, 0x41, 0x00, 0x20, 0x00, 0x20, 0x00,
    0x41, 0x00, 0x61, 0x00, 0x41, 0x00, 0x41, 0x00, 0x41, 0x00, 0x41, 0x00, 0x61, 0x00, 0xA2, 0x08,
    0xA2, 0x08, 0xA2, 0x08, 0xA2, 0x08, 0x81, 0x00, 0x23, 0x11, 0x46, 0x32, 0xE4, 0x21, 0x42, 0x11,
    0xC1, 0x08, 0x81, 0x00, 0xA1, 0x08, 0x81, 0x00, 0x81, 0x08, 0xA1, 0x08, 0x81, 0x00, 0x81, 0x00,
    0x81, 0x00, 0x81, 0x00, 0x81, 0x00, 0x61, 0x00, 0x81, 0x00, 0x81, 0x08, 0x41, 0x00, 0xA1, 0x08,
    0x24, 0x22, 0x44, 0x2A, 0xE3, 0x19, 0xA2, 0x11, 0x82, 0x11, 0x61, 0x11, 0x41, 0x09, 0xC3, 0x19,
    0xA2, 0x19, 0x41, 0x11, 0x62, 0x11, 0x62, 0x11, 0xC0, 0x08, 0x01, 0x09, 0xE2, 0x21, 0xC1, 0x21,
    0xE2, 0x29, 0xC0, 0x00, 0x83, 0x11, 0x82, 0x11, 0x42, 0x09, 0x01, 0x09, 0xC1, 0x08, 0x81, 0x00,
    0xC1, 0x08, 0x42, 0x11, 0x62, 0x11, 0xE1, 0x08, 0x22, 0x11, 0xA3, 0x19, 0x02, 0x09, 0xC1, 0x08,
    0x22, 0x09, 0x43, 0x11, 0x42, 0x11, 0x22, 0x09, 0xC1, 0x08, 0x22, 0x11, 0x22, 0x09, 0x02, 0x09,
    0xE2, 0x08, 0xA1, 0x08, 0x61, 0x00, 0x61, 0x00, 0x41, 0x00, 0x61, 0x00, 0x61, 0x00, 0x41, 0x00,
    0x41, 0x00, 0x41, 0x00, 0x41, 0x00, 0x41, 0x00, 0x61, 0x00, 0x41, 0x00, 0x61, 0x00, 0x61, 0x00,
    0x61, 0x00, 0x41, 0x00, 0x41, 0x00, 0x61, 0x00, 0xC2, 0x08, 0xE1, 0x08, 0xE1, 0x08, 0xC1, 0x08,
    0xA1, 0x00, 0x81, 0x00, 0xA1, 0x00, 0x02, 0x09, 0xA1, 0x08, 0xA1, 0x08, 0xA1, 0x08, 0xA1, 0x08,
    0x81, 0x00, 0x41, 0x00, 0x21, 0x00, 0x41, 0x00, 0x41, 0x00, 0x41, 0x00, 0x41, 0x00, 0x61, 0x00,
    0x61, 0x00, 0x61, 0x00, 0x61, 0x00, 0x22, 0x11, 0x62, 0x11, 0xE1, 0x08, 0xE1, 0x08, 0xC1, 0x08,
    0xC1, 0x08, 0xA1, 0x08, 0x81, 0x00, 0x41, 0x00, 0x61, 0x00, 0x41, 0x00, 0x61, 0x00, 0x61, 0x00,
    0x61, 0x00, 0x61, 0x00, 0x61, 0x00, 0x81, 0x00, 0x81, 0x00, 0x81, 0x08, 0x41, 0x00, 0xC2, 0x08,
    0xA5, 0x19, 0xA5, 0x19, 0xC2, 0x08, 0x60, 0x00, 0xA1, 0x00, 0x81, 0x00, 0x41, 0x00, 0x41, 0x00,
    0x40, 0x00, 0x61, 0x00, 0xE2, 0x08, 0xE1, 0x08, 0xC1, 0x08, 0xA1, 0x08, 0xE1, 0x08, 0x22, 0x11,
    0xA1, 0x00, 0x80, 0x00, 0x42, 0x11, 0x82, 0x11, 0xC2, 0x08, 0x81, 0x00, 0xA1, 0x08, 0xA1, 0x08,
    0xA1, 0x08, 0xA1, 0x00, 0xA1, 0x00, 0xA1, 0x08, 0xC1, 0x08, 0xE2, 0x08, 0xC2, 0x08, 0x61, 0x00,
    0x61, 0x00, 0x81, 0x08, 0xA1, 0x08, 0xC2, 0x08, 0xC2, 0x08, 0xE2, 0x08, 0xE2, 0x08, 0xE2, 0x08,
    0x43, 0x11, 0x02, 0x09, 0xC2, 0x08, 0x61, 0x00, 0x61, 0x00, 0x81, 0x08, 0x81, 0x00, 0x81, 0x00,
    0x61, 0x00, 0x61, 0x00, 0x61, 0x00, 0x61, 0x00, 0x81, 0x00, 0x61, 0x00, 0x61, 0x00, 0x81, 0x00,
    0x81, 0x00, 0xA2, 0x08, 0xC2, 0x00, 0xC2, 0x00, 0xA2, 0x00, 0x81, 0x00, 0x81, 0x00, 0x81, 0x00,
    0x81, 0x00, 0x81, 0x00, 0x81, 0x00, 0x61, 0x00, 0x81, 0x00, 0x61, 0x00, 0x61, 0x00, 0x81, 0x00,
    0xE1, 0x08, 0x22, 0x11, 0x42, 0x11, 0x41, 0x11, 0x21, 0x09, 0x01, 0x09, 0x21, 0x09, 0xA2, 0x19,
    0xE2, 0x19, 0x03, 0x1A, 0x63, 0x19, 0xC1, 0x08, 0x01, 0x09, 0x62, 0x11, 0x21, 0x09, 0x41, 0x09,
    0x42, 0x11, 0x62, 0x11, 0xE3, 0x19, 0x42, 0x11, 0x81, 0x00, 0xA2, 0x08, 0xC2, 0x08, 0xE3, 0x08,
    0xE2, 0x08, 0xA4, 0x21, 0x43, 0x19, 0x20, 0x00, 0x21, 0x00, 0x20, 0x00, 0x21, 0x00, 0x20, 0x00,
    0x21, 0x00, 0x61, 0x00, 0x61, 0x00, 0x61, 0x00, 0x61, 0x00, 0x41, 0x00, 0x40, 0x00, 0x81, 0x00,
    0xC2, 0x08, 0xE2, 0x08, 0xC2, 0x08, 0x81, 0x00, 0xE1, 0x08, 0xE4, 0x21, 0x62, 0x11, 0x80, 0x00,
    0xC1, 0x08, 0xC2, 0x08, 0xA1, 0x00, 0xC2, 0x08, 0xC2, 0x08, 0xA1, 0x00, 0xA1, 0x08, 0x81, 0x00,
    0xA1, 0x08, 0x81, 0x00, 0x81, 0x08, 0xA1, 0x00, 0x81, 0x00, 0x81, 0x08, 0x61, 0x00, 0xC1, 0x08,
    0x04, 0x22, 0x85, 0x32, 0xE2, 0x19, 0xA2, 0x11, 0xA2, 0x11, 0x41, 0x09, 0x61, 0x11, 0x81, 0x11,
    0x61, 0x09, 0x61, 0x09, 0x81, 0x11, 0x42, 0x09, 0xE1, 0x08, 0xE1, 0x08, 0x02, 0x22, 0xC1, 0x21,
    0x02, 0x2A, 0x01, 0x09, 0x01, 0x09, 0x82, 0x11, 0x82, 0x11, 0x41, 0x09, 0x01, 0x09, 0xC1, 0x08,
    0x81, 0x00, 0xA1, 0x08, 0x42, 0x11, 0x62, 0x11, 0x01, 0x09, 0xA3, 0x19, 0xA1, 0x00, 0x41, 0x00,
    0x61, 0x00, 0x81, 0x00, 0x81, 0x00, 0xA1, 0x00, 0xA1, 0x00, 0x81, 0x00, 0x40, 0x00, 0x20, 0x00,
    0x40, 0x00, 0xA1, 0x00, 0x81, 0x00, 0x81, 0x00, 0x81, 0x08, 0x61, 0x00, 0x41, 0x00, 0x61, 0x00,
    0x61, 0x00, 0x41, 0x00, 0x61, 0x00, 0x61, 0x00, 0x61, 0x00, 0x61, 0x00, 0x81, 0x08, 0x61, 0x00,
    0x61, 0x00, 0x61, 0x00, 0x41, 0x00, 0x20, 0x00, 0x81, 0x08, 0x02, 0x09, 0xE1, 0x08, 0x02, 0x09,
    0xE1, 0x08, 0xC1, 0x08, 0xA1, 0x00, 0x02, 0x09, 0xA1, 0x08, 0x60, 0x00, 0x61, 0x00, 0x61, 0x00,
    0x41, 0x00, 0x41, 0x00, 0x41, 0x00, 0x61, 0x00, 0x41, 0x00, 0x41, 0x00, 0x61, 0x00, 0x61, 0x00,
    0x61, 0x00, 0x61, 0x00, 0x81, 0x00, 0x61, 0x00, 0x43, 0x11, 0x82, 0x11, 0x01, 0x09, 0xC1, 0x08,
    0xC1, 0x08, 0xC1, 0x08, 0xC2, 0x08, 0x61, 0x00, 0x61, 0x00, 0x61, 0x00, 0x61, 0x00, 0x61, 0x00,
    0x61, 0x00, 0x61, 0x00, 0x61, 0x00, 0x61, 0x00, 0x81, 0x00, 0x81, 0x08, 0x81, 0x08, 0x60, 0x00,
    0xC2, 0x08, 0xE2, 0x08, 0x61, 0x00, 0xA1, 0x08, 0xC2, 0x08, 0x61, 0x00, 0x41, 0x00, 0x61, 0x00,
    0x61, 0x00, 0x41, 0x00, 0x61, 0x00, 0x22, 0x11, 0x01, 0x09, 0xC1, 0x08, 0xE1, 0x08, 0x42, 0x11,
    0x43, 0x11, 0x60, 0x00, 0x60, 0x00, 0x22, 0x11, 0xE1, 0x08, 0x60, 0x00, 0x41, 0x00, 0x61, 0x08,
    0x81, 0x08, 0xA1, 0x08, 0xA2, 0x00, 0x81, 0x08, 0x81, 0x08, 0x81, 0x00, 0x61, 0x00, 0x41, 0x00,
    0x61, 0x00, 0x81, 0x00, 0xC2, 0x08, 0xC2, 0x08, 0xC2, 0x08, 0xC2, 0x08, 0x43, 0x11, 0x02, 0x09,
    0x63, 0x11, 0xC2, 0x08, 0x61, 0x00, 0x61, 0x00, 0x81, 0x00, 0x81, 0x00, 0x81, 0x00, 0x81, 0x00,
    0x81, 0x00, 0x81, 0x00, 0x81, 0x00, 0x81, 0x00, 0xA1, 0x08, 0x81, 0x00, 0x61, 0x00, 0x81, 0x00,
    0xC2, 0x08, 0xE2, 0x08, 0xE2, 0x08, 0xC2, 0x00, 0xC2, 0x08, 0xA2, 0x08, 0x81, 0x00, 0x81, 0x00,
    0xA2, 0x08, 0x81, 0x00, 0xA1, 0x00, 0xA1, 0x00, 0xE2, 0x08, 0xC1, 0x08, 0xA1, 0x08, 0xE2, 0x08,
    0xE1, 0x08, 0x80, 0x00, 0xA1, 0x08, 0x02, 0x11, 0x62, 0x11, 0x61, 0x11, 0x61, 0x11, 0xA1, 0x11,
    0x44, 0x2A, 0x44, 0x2A, 0x01, 0x09, 0xC1, 0x08, 0xE1, 0x08, 0x42, 0x11, 0x42, 0x09, 0x41, 0x09,
    0x41, 0x09, 0xA3, 0x11, 0x22, 0x09, 0x81, 0x00, 0x61, 0x00, 0xA1, 0x08, 0xE3, 0x08, 0x03, 0x09,
    0x03, 0x09, 0xA2, 0x00, 0x81, 0x00, 0x61, 0x00, 0x20, 0x00, 0x20, 0x00, 0x21, 0x00, 0x20, 0x00,
    0x20, 0x00, 0x61, 0x00, 0x61, 0x00, 0x61, 0x00, 0x61, 0x00, 0x41, 0x00, 0x41, 0x00, 0x40, 0x00,
    0x81, 0x00, 0xC2, 0x08, 0xC2, 0x08, 0x81, 0x00, 0x22, 0x09, 0x42, 0x11, 0xA0, 0x00, 0xE2, 0x08,
    0xE2, 0x08, 0xC1, 0x00, 0xE2, 0x08, 0xC1, 0x00, 0xC1, 0x00, 0xC2, 0x08, 0xC2, 0x08, 0xC2, 0x08,
    0xA1, 0x00, 0xC1, 0x08, 0x81, 0x00, 0xA1, 0x08, 0xA1, 0x08, 0x81, 0x00, 0xC1, 0x08, 0x01, 0x09,
    0xA3, 0x19, 0x24, 0x2A, 0xE2, 0x19, 0xE2, 0x19, 0xA1, 0x11, 0x61, 0x11, 0xA2, 0x19, 0xA1, 0x11,
    0x81, 0x11, 0x82, 0x11, 0x81, 0x11, 0x42, 0x11, 0x80, 0x00, 0xE1, 0x08, 0x22, 0x22, 0xC1, 0x21,
    0x43, 0x32, 0x61, 0x19, 0xE1, 0x08, 0x41, 0x09, 0x82, 0x11, 0x82, 0x11, 0x82, 0x11, 0x41, 0x09,
    0xE1, 0x08, 0xA1, 0x00, 0xE1, 0x08, 0xC4, 0x21, 0xC1, 0x00, 0x02, 0x09, 0xC1, 0x08, 0x61, 0x00,
    0x81, 0x00, 0xA1, 0x08, 0xA1, 0x00, 0xC2, 0x08, 0xC2, 0x08, 0x40, 0x00, 0x20, 0x00, 0x20, 0x00,
    0xC1, 0x08, 0x02, 0x09, 0xA1, 0x08, 0xA1, 0x08, 0xC1, 0x08, 0x81, 0x00, 0x61, 0x00, 0x61, 0x00,
    0x61, 0x00, 0x61, 0x00, 0x61, 0x00, 0x61, 0x00, 0x61, 0x00, 0x61, 0x00, 0x81, 0x00, 0x81, 0x00,
    0x81, 0x00, 0x81, 0x00, 0x41, 0x00, 0x40, 0x00, 0x20, 0x00, 0xC1, 0x08, 0x02, 0x09, 0xC1, 0x08,
    0x02, 0x09, 0xE2, 0x08, 0xE1, 0x08, 0xC1, 0x00, 0xA1, 0x00, 0x81, 0x00, 0x61, 0x00, 0x61, 0x00,
    0x61, 0x00, 0x41, 0x00, 0x61, 0x00, 0x61, 0x00, 0x61, 0x00, 0x61, 0x00, 0x61, 0x00, 0x61, 0x00,
    0x61, 0x00, 0x81, 0x00, 0xA2, 0x08, 0x61, 0x00, 0xA1, 0x00, 0x42, 0x11, 0x83, 0x11, 0x42, 0x09,
    0x22, 0x09, 0x02, 0x09, 0xC1, 0x08, 0x81, 0x00, 0x61, 0x00, 0x81, 0x00, 0x82, 0x08, 0x61, 0x00,
    0x61, 0x00, 0x41, 0x00, 0x41, 0x00, 0x61, 0x00, 0x61, 0x00, 0x61, 0x00, 0xA1, 0x00, 0x02, 0x09,
    0xE2, 0x08, 0xC1, 0x08, 0xC1, 0x08, 0xC1, 0x08, 0xA1, 0x08, 0x61, 0x00, 0x61, 0x00, 0x61, 0x00,
    0x81, 0x00, 0x81, 0x08, 0x61, 0x00, 0x81, 0x00, 0x42, 0x11, 0x21, 0x09, 0xC1, 0x08, 0x22, 0x09,
    0xA3, 0x11, 0x22, 0x09, 0x61, 0x00, 0x40, 0x00, 0xA1, 0x08, 0x03, 0x09, 0x81, 0x00, 0x40, 0x00,
    0x61, 0x00, 0x61, 0x00, 0x61, 0x00, 0x41, 0x00, 0x41, 0x00, 0x41, 0x00, 0x81, 0x00, 0x61, 0x00,
    0x81, 0x00, 0x61, 0x00, 0xA1, 0x08, 0xC2, 0x08, 0xC1, 0x08, 0xE2, 0x08, 0x22, 0x09, 0xE2, 0x08,
    0x81, 0x00, 0x81, 0x08, 0x61, 0x00, 0xC2, 0x08, 0xC2, 0x08, 0xA1, 0x00, 0xA2, 0x08, 0xA1, 0x00,
    0xA1, 0x00, 0x81, 0x00, 0x81, 0x00, 0xA2, 0x08, 0xA1, 0x08, 0x81, 0x00, 0xA1, 0x00, 0x03, 0x11,
    0x44, 0x11, 0xE2, 0x08, 0xE2, 0x08, 0xE2, 0x08, 0xE2, 0x08, 0xC2, 0x08, 0xA1, 0x08, 0x81, 0x00,
    0x81, 0x00, 0xC2, 0x08, 0x03, 0x09, 0xC2, 0x08, 0x81, 0x00, 0x02, 0x09, 0x01, 0x09, 0x01, 0x09,
    0x42, 0x11, 0x42, 0x09, 0xC1, 0x08, 0x80, 0x00, 0x60, 0x00, 0xE1, 0x08, 0x61, 0x11, 0x81, 0x11,
    0x23, 0x2A, 0x03, 0x22, 0xA0, 0x00, 0xA1, 0x08, 0x01, 0x09, 0x21, 0x09, 0x62, 0x11, 0x21, 0x09,
    0xC3, 0x19, 0x22, 0x11, 0x81, 0x00, 0xA1, 0x00, 0x81, 0x00, 0x81, 0x00, 0xC2, 0x08, 0x03, 0x09,
    0x23, 0x09, 0xE3, 0x08, 0x61, 0x00, 0x41, 0x00, 0x20, 0x00, 0x20, 0x00, 0x21, 0x00, 0x20, 0x00,
    0x20, 0x00, 0x61, 0x00, 0x61, 0x00, 0x41, 0x00, 0x41, 0x00, 0x41, 0x00, 0x41, 0x00, 0x41, 0x00,
    0x40, 0x00, 0x61, 0x00, 0xA2, 0x08, 0xA1, 0x00, 0xC1, 0x00, 0xC1, 0x00, 0xE2, 0x08, 0xC1, 0x08,
    0xE2, 0x08, 0xE2, 0x08, 0xC1, 0x00, 0x02, 0x09, 0x02, 0x09, 0xC1, 0x00, 0xA1, 0x08, 0xE2, 0x08,
    0xC1, 0x08, 0xC1, 0x08, 0xC1, 0x08, 0xA1, 0x00, 0xC1, 0x08, 0xC1, 0x00, 0x42, 0x09, 0xE1, 0x08,
    0x21, 0x09, 0x24, 0x2A, 0x23, 0x22, 0xE2, 0x19, 0xA1, 0x11, 0xC1, 0x19, 0x22, 0x22, 0xC2, 0x19,
    0xA2, 0x19, 0xC3, 0x19, 0xE3, 0x19, 0x01, 0x09, 0x60, 0x00, 0x80, 0x00, 0xA2, 0x21, 0x02, 0x2A,
    0x22, 0x32, 0x82, 0x19, 0x01, 0x09, 0x01, 0x09, 0x41, 0x09, 0xA2, 0x11, 0xA1, 0x11, 0xA2, 0x11,
    0x82, 0x11, 0x21, 0x11, 0x01, 0x09, 0x22, 0x11, 0xC1, 0x08, 0xC2, 0x08, 0xE1, 0x08, 0xA1, 0x08,
    0xA1, 0x08, 0xE1, 0x08, 0x02, 0x09, 0x63, 0x11, 0x43, 0x11, 0x61, 0x00, 0x20, 0x00, 0x61, 0x00,
    0x22, 0x09, 0x02, 0x09, 0xA1, 0x00, 0xA1, 0x08, 0xE1, 0x08, 0xC1, 0x08, 0x61, 0x00, 0x61, 0x00,
    0x81, 0x00, 0x81, 0x00, 0x81, 0x00, 0xA2, 0x08, 0x82, 0x00, 0x82, 0x00, 0x82, 0x00, 0x81, 0x00,
    0x81, 0x00, 0x81, 0x00, 0x61, 0x00, 0x41, 0x00, 0x20, 0x00, 0x20, 0x00, 0xA1, 0x08, 0x02, 0x09,
    0xC1, 0x00, 0xC1, 0x08, 0xE1, 0x08, 0xE1, 0x08, 0xE1, 0x08, 0xC1, 0x08, 0x81, 0x00, 0x81, 0x00,
    0x81, 0x00, 0x81, 0x00, 0x61, 0x00, 0x61, 0x00, 0x81, 0x00, 0x81, 0x00, 0x61, 0x00, 0x61, 0x00,
    0xC2, 0x08, 0xE2, 0x08, 0xC2, 0x08, 0x81, 0x00, 0x61, 0x00, 0x81, 0x08, 0x22, 0x09, 0x01, 0x09,
    0x02, 0x09, 0xA1, 0x08, 0x60, 0x00, 0x81, 0x00, 0x81, 0x00, 0xA1, 0x00, 0x81, 0x00, 0x82, 0x00,
    0x61, 0x00, 0x61, 0x00, 0x81, 0x08, 0x61, 0x08, 0x61, 0x00, 0x41, 0x00, 0x61, 0x00, 0xC1, 0x08,
    0x43, 0x11, 0x64, 0x11, 0x22, 0x09, 0x02, 0x09, 0xC2, 0x08, 0x61, 0x00, 0x81, 0x00, 0x81, 0x08,
    0x81, 0x00, 0xA1, 0x00, 0xC1, 0x08, 0x81, 0x00, 0xC1, 0x08, 0x82, 0x11, 0x02, 0x11, 0x01, 0x09,
    0xC3, 0x19, 0x83, 0x11, 0xA1, 0x00, 0xC2, 0x08, 0x61, 0x00, 0xA1, 0x00, 0x03, 0x09, 0x81, 0x00,
    0x61, 0x00, 0x62, 0x00, 0x61, 0x00, 0x61, 0x00, 0x61, 0x00, 0x61, 0x00, 0x82, 0x08, 0xA2, 0x08,
    0xA1, 0x08, 0x61, 0x00, 0x81, 0x00, 0xA1, 0x08, 0xA1, 0x00, 0xC2, 0x08, 0x81, 0x00, 0x61, 0x00,
    0x81, 0x00, 0x81, 0x00, 0x81, 0x00, 0xE2, 0x08, 0xC2, 0x08, 0xA1, 0x08, 0xA1, 0x00, 0xA1, 0x00,
    0x81, 0x00, 0xA1, 0x00, 0x81, 0x00, 0xA1, 0x08, 0xA1, 0x08, 0xC2, 0x08, 0x23, 0x09, 0x03, 0x09,
    0xE2, 0x00, 0x03, 0x09, 0x03, 0x09, 0xE2, 0x08, 0x03, 0x09, 0xC2, 0x08, 0xA1, 0x00, 0xC2, 0x08,
    0xC1, 0x00, 0xA1, 0x00, 0xC1, 0x08, 0xC2, 0x08, 0x81, 0x08, 0x82, 0x11, 0xA2, 0x11, 0x61, 0x11,
    0x82, 0x11, 0xC3, 0x19, 0x82, 0x11, 0x22, 0x09, 0xC1, 0x00, 0xC1, 0x08, 0xE3, 0x29, 0xC1, 0x19,
    0xC2, 0x19, 0x81, 0x19, 0xC1, 0x00, 0xC1, 0x08, 0x01, 0x09, 0x42, 0x11, 0x62, 0x11, 0xE4, 0x19,
    0x42, 0x09, 0x81, 0x00, 0x41, 0x00, 0x81, 0x00, 0xA1, 0x08, 0x81, 0x00, 0xA1, 0x00, 0xE2, 0x08,
    0x23, 0x09, 0x02, 0x09, 0x61, 0x00, 0x20, 0x00, 0x20, 0x00, 0x20, 0x00, 0x21, 0x00, 0x20, 0x00,
    0x41, 0x00, 0x61, 0x00, 0x41, 0x00, 0x41, 0x00, 0x41, 0x00, 0x41, 0x00, 0x41, 0x00, 0x41, 0x00,
    0x41, 0x00, 0x40, 0x00, 0x61, 0x00, 0x81, 0x00, 0x81, 0x00, 0xE2, 0x08, 0xE1, 0x08, 0x22, 0x11,
    0x22, 0x09, 0xE2, 0x08, 0x22, 0x11, 0x02, 0x09, 0xE2, 0x08, 0xE2, 0x08, 0x02, 0x09, 0xE1, 0x08,
    0x02, 0x09, 0xC1, 0x08, 0x02, 0x09, 0xC1, 0x08, 0xA1, 0x08, 0x63, 0x11, 0x62, 0x11, 0xE1, 0x08,
    0xE1, 0x08, 0x03, 0x22, 0x43, 0x22, 0xC1, 0x19, 0xA1, 0x11, 0xE1, 0x19, 0x22, 0x22, 0x02, 0x1A,
    0x03, 0x22, 0x44, 0x22, 0xA3, 0x19, 0xC1, 0x08, 0xA1, 0x08, 0x81, 0x00, 0xC1, 0x08, 0x43, 0x32,
    0xE1, 0x21, 0x41, 0x11, 0x21, 0x09, 0x21, 0x09, 0x21, 0x09, 0x82, 0x11, 0xC2, 0x19, 0xA2, 0x11,
    0xA2, 0x11, 0xA2, 0x11, 0xA2, 0x11, 0x62, 0x11, 0x02, 0x09, 0x02, 0x09, 0xE1, 0x00, 0xE2, 0x08,
    0xC1, 0x08, 0x01, 0x09, 0x22, 0x09, 0xC4, 0x11, 0xC4, 0x19, 0xA2, 0x08, 0x20, 0x00, 0xE2, 0x08,
    0x42, 0x09, 0x01, 0x09, 0xC1, 0x08, 0xC1, 0x08, 0x01, 0x09, 0x42, 0x11, 0x61, 0x00, 0xA2, 0x08,
    0x81, 0x00, 0xA2, 0x00, 0xA2, 0x00, 0xA2, 0x00, 0xA2, 0x08, 0xC2, 0x08, 0xA2, 0x00, 0xA2, 0x08,
    0xC2, 0x08, 0xA2, 0x08, 0x61, 0x00, 0x40, 0x00, 0x20, 0x00, 0x21, 0x00, 0x41, 0x00, 0xE2, 0x10,
    0x01, 0x09, 0xC1, 0x08, 0xA1, 0x08, 0xA1, 0x08, 0xC1, 0x08, 0xC1, 0x08, 0xC2, 0x08, 0xA1, 0x08,
    0xA1, 0x00, 0x81, 0x00, 0x81, 0x00, 0x61, 0x00, 0x41, 0x00, 0x41, 0x00, 0x81, 0x00, 0x22, 0x11,
    0x84, 0x19, 0xC2, 0x08, 0x81, 0x00, 0xA2, 0x08, 0xC1, 0x08, 0xE1, 0x08, 0x22, 0x09, 0x81, 0x00,
    0x81, 0x00, 0xA1, 0x00, 0xC1, 0x08, 0xE2, 0x08, 0x22, 0x09, 0x22, 0x09, 0xE2, 0x08, 0xE2, 0x08,
    0x61, 0x00, 0x41, 0x00, 0xA2, 0x08, 0x82, 0x08, 0x61, 0x00, 0x41, 0x00, 0x61, 0x00, 0x61, 0x00,
    0x81, 0x00, 0xE2, 0x08, 0xC5, 0x21, 0xA5, 0x19, 0xE2, 0x08, 0x61, 0x00, 0x81, 0x00, 0x81, 0x00,
    0x81, 0x00, 0xA1, 0x08, 0xE2, 0x08, 0xE2, 0x08, 0x80, 0x00, 0x22, 0x11, 0x62, 0x11, 0x01, 0x09,
    0xA2, 0x11, 0xE4, 0x21, 0xA1, 0x00, 0xC2, 0x08, 0xE1, 0x08, 0x81, 0x00, 0x81, 0x00, 0x81, 0x08,
    0x41, 0x00, 0x61, 0x00, 0x82, 0x00, 0xA2, 0x00, 0xA2, 0x00, 0x82, 0x08, 0x61, 0x00, 0xA2, 0x08,
    0xE2, 0x08, 0xC1, 0x08, 0x81, 0x00, 0xA1, 0x00, 0xA1, 0x00, 0x81, 0x00, 0xA1, 0x08, 0x81, 0x00,
    0xC1, 0x08, 0xA1, 0x00, 0xC2, 0x08, 0xC2, 0x08, 0xE2, 0x08, 0xE2, 0x08, 0xC2, 0x08, 0xC2, 0x08,
    0xA2, 0x08, 0x81, 0x00, 0xA1, 0x00, 0xA1, 0x00, 0xA1, 0x00, 0xE2, 0x08, 0xE2, 0x08, 0x23, 0x09,
    0x64, 0x11, 0x03, 0x09, 0xE2, 0x08, 0x43, 0x09, 0x23, 0x09, 0xE2, 0x08, 0xA1, 0x08, 0xA1, 0x00,
    0xE2, 0x08, 0xE2, 0x08, 0xA1, 0x00, 0xA1, 0x08, 0x22, 0x11, 0xE2, 0x19, 0xE2, 0x19, 0xC2, 0x19,
    0x61, 0x11, 0xC2, 0x11, 0xC3, 0x11, 0xA3, 0x11, 0x42, 0x09, 0xC4, 0x29, 0xA6, 0x4A, 0xE2, 0x21,
    0x02, 0x22, 0xE2, 0x21, 0x01, 0x09, 0x01, 0x09, 0xE1, 0x08, 0xA3, 0x19, 0x62, 0x09, 0xA3, 0x19,
    0xE2, 0x08, 0x41, 0x00, 0x41, 0x00, 0x20, 0x00, 0x81, 0x00, 0xC2, 0x08, 0xA1, 0x00, 0xC2, 0x08,
    0x02, 0x09, 0x02, 0x09, 0x61, 0x00, 0x40, 0x00, 0x41, 0x00, 0x21, 0x00, 0x21, 0x00, 0x21, 0x00,
    0x41, 0x00, 0x20, 0x00, 0x20, 0x00, 0x20, 0x00, 0x41, 0x00, 0x41, 0x00, 0x61, 0x00, 0x41, 0x00,
    0x41, 0x00, 0x41, 0x00, 0x41, 0x00, 0x41, 0x00, 0x61, 0x00, 0xE2, 0x08, 0x63, 0x11, 0x22, 0x09,
    0x02, 0x09, 0x63, 0x11, 0x02, 0x09, 0x02, 0x09, 0x22, 0x11, 0xE1, 0x08, 0x42, 0x09, 0x02, 0x09,
    0x23, 0x11, 0xE2, 0x08, 0xE2, 0x08, 0x02, 0x09, 0xA1, 0x00, 0x63, 0x11, 0x62, 0x11, 0xE1, 0x08,
    0xC1, 0x00, 0x62, 0x11, 0x43, 0x2A, 0xE1, 0x19, 0xA1, 0x11, 0x01, 0x1A, 0x23, 0x22, 0x44, 0x22,
    0x24, 0x22, 0xC3, 0x19, 0x22, 0x09, 0xE1, 0x08, 0xE1, 0x08, 0xA1, 0x00, 0x80, 0x00, 0x21, 0x11,
    0x84, 0x3A, 0x81, 0x11, 0x20, 0x09, 0x41, 0x11, 0x20, 0x09, 0x21, 0x09, 0xC2, 0x19, 0xC2, 0x19,
    0xA1, 0x11, 0xA1, 0x11, 0xC2, 0x11, 0xC2, 0x19, 0x21, 0x09, 0x84, 0x11, 0x02, 0x09, 0x43, 0x09,
    0xE1, 0x08, 0x42, 0x11, 0x21, 0x09, 0x42, 0x09, 0xC4, 0x19, 0xC2, 0x08, 0x41, 0x00, 0x62, 0x11,
    0x62, 0x11, 0xE1, 0x08, 0xC1, 0x08, 0xE1, 0x08, 0x42, 0x11, 0x22, 0x09, 0x81, 0x00, 0xA2, 0x00,
    0xC2, 0x08, 0xC2, 0x08, 0xC2, 0x08, 0xE2, 0x08, 0xC2, 0x08, 0xC2, 0x08, 0xC2, 0x08, 0xC2, 0x08,
    0xA2, 0x00, 0xA2, 0x08, 0x41, 0x00, 0x20, 0x00, 0x21, 0x00, 0x21, 0x00, 0x21, 0x00, 0x40, 0x00,
    0x02, 0x09, 0x01, 0x09, 0xC1, 0x08, 0xA1, 0x08, 0xA1, 0x00, 0xA1, 0x00, 0xC1, 0x08, 0xC1, 0x08,
    0xC2, 0x08, 0xC1, 0x08, 0x81, 0x00, 0x81, 0x00, 0x61, 0x00, 0x40, 0x00, 0xE2, 0x10, 0xE4, 0x29,
    0xC1, 0x08, 0x41, 0x00, 0x41, 0x00, 0x61, 0x00, 0x22, 0x11, 0x02, 0x09, 0x82, 0x11, 0xE1, 0x08,
    0xE2, 0x08, 0x02, 0x09, 0x22, 0x09, 0x22, 0x09, 0x22, 0x09, 0x02, 0x09, 0xE1, 0x08, 0x02, 0x09,
    0xC1, 0x08, 0x61, 0x00, 0x61, 0x00, 0x41, 0x00, 0x41, 0x00, 0x61, 0x00, 0x61, 0x00, 0x61, 0x00,
    0x61, 0x00, 0x60, 0x00, 0x81, 0x00, 0x84, 0x19, 0xE2, 0x08, 0x60, 0x00, 0x61, 0x00, 0x81, 0x00,
    0xA1, 0x00, 0xA1, 0x08, 0xC2, 0x08, 0x02, 0x11, 0x61, 0x00, 0x61, 0x00, 0x22, 0x09, 0x62, 0x11,
    0x82, 0x11, 0x24, 0x22, 0xC1, 0x08, 0x81, 0x00, 0xC1, 0x08, 0x02, 0x09, 0xC1, 0x08, 0x61, 0x00,
    0x81, 0x00, 0x82, 0x00, 0x81, 0x00, 0xC3, 0x08, 0xC2, 0x08, 0xC2, 0x08, 0x82, 0x00, 0x61, 0x00,
    0x02, 0x09, 0x02, 0x09, 0xE2, 0x08, 0xC1, 0x08, 0xC1, 0x08, 0xC1, 0x08, 0xC2, 0x08, 0xC1, 0x08,
    0xE2, 0x08, 0xE2, 0x08, 0x43, 0x09, 0x02, 0x09, 0xE2, 0x08, 0xE2, 0x08, 0xC1, 0x08, 0xA1, 0x00,
    0xA1, 0x08, 0xA1, 0x00, 0xC2, 0x08, 0xC2, 0x08, 0x81, 0x00, 0x03, 0x09, 0xA4, 0x11, 0x64, 0x11,
    0x03, 0x09, 0x43, 0x09, 0x64, 0x11, 0x03, 0x09, 0x03, 0x09, 0xC1, 0x00, 0xE2, 0x08, 0xC1, 0x00,
    0xA1, 0x08, 0x02, 0x09, 0x23, 0x09, 0xC1, 0x00, 0xA2, 0x11, 0x02, 0x1A, 0xE2, 0x19, 0x81, 0x11,
    0x81, 0x11, 0xA2, 0x11, 0xE3, 0x19, 0x04, 0x1A, 0xC3, 0x19, 0x46, 0x3A, 0xE4, 0x31, 0x61, 0x11,
    0x02, 0x2A, 0x22, 0x2A, 0xE2, 0x21, 0xE1, 0x08, 0x01, 0x09, 0x83, 0x11, 0xE5, 0x19, 0xA1, 0x08,
    0x61, 0x00, 0x61, 0x00, 0x41, 0x00, 0x20, 0x00, 0x41, 0x00, 0x81, 0x00, 0xE2, 0x08, 0xC2, 0x08,
    0x02, 0x09, 0xC2, 0x08, 0x41, 0x00, 0x40, 0x00, 0x41, 0x00, 0x41, 0x00, 0x21, 0x00, 0x21, 0x00,
    0x20, 0x00, 0x20, 0x00, 0x20, 0x00, 0x20, 0x00, 0x20, 0x00, 0x41, 0x00, 0x41, 0x00, 0x41, 0x00,
    0x41, 0x00, 0x61, 0x00, 0x61, 0x00, 0x41, 0x00, 0x81, 0x00, 0x63, 0x11, 0x22, 0x09, 0x02, 0x09,
    0x64, 0x11, 0x02, 0x09, 0x43, 0x11, 0x43, 0x11, 0xE1, 0x08, 0xE1, 0x08, 0x02, 0x09, 0x43, 0x11,
    0x02, 0x09, 0x23, 0x11, 0xE2, 0x08, 0x22, 0x09, 0xC1, 0x08, 0x22, 0x09, 0x42, 0x09, 0x02, 0x09,
    0xE1, 0x08, 0x01, 0x09, 0x23, 0x2A, 0x22, 0x22, 0xE1, 0x19, 0x43, 0x2A, 0x24, 0x2A, 0x83, 0x19,
    0x22, 0x09, 0x80, 0x00, 0xC1, 0x08, 0x62, 0x11, 0x21, 0x09, 0xC1, 0x08, 0xA1, 0x08, 0x80, 0x00,
    0x21, 0x11, 0xC2, 0x19, 0xC2, 0x19, 0x61, 0x11, 0x61, 0x11, 0x20, 0x09, 0x61, 0x11, 0xE2, 0x19,
    0xA2, 0x11, 0xC2, 0x11, 0xE2, 0x19, 0x23, 0x22, 0xA2, 0x19, 0x43, 0x11, 0xE2, 0x08, 0xE2, 0x08,
    0xE1, 0x08, 0xC1, 0x00, 0x81, 0x00, 0x81, 0x00, 0xE2, 0x08, 0xE2, 0x08, 0xC1, 0x08, 0xA3, 0x11,
    0x62, 0x11, 0xE1, 0x08, 0xE0, 0x08, 0x21, 0x09, 0x22, 0x11, 0x40, 0x00, 0x41, 0x00, 0xA2, 0x08,
    0x03, 0x09, 0xC2, 0x00, 0x03, 0x09, 0xE3, 0x08, 0xE2, 0x08, 0xE2, 0x08, 0xE2, 0x08, 0xE2, 0x08,
    0xE2, 0x08, 0xA2, 0x08, 0x41, 0x00, 0x20, 0x00, 0x20, 0x00, 0x21, 0x00, 0x21, 0x00, 0x20, 0x00,
    0xA1, 0x08, 0x43, 0x11, 0xE1, 0x08, 0xC1, 0x08, 0xC1, 0x08, 0xA1, 0x08, 0xA1, 0x08, 0x81, 0x00,
    0xA1, 0x08, 0xA1, 0x08, 0xC1, 0x08, 0xA1, 0x08, 0xA1, 0x08, 0xC1, 0x08, 0x87, 0x42, 0x46, 0x3A,
    0x20, 0x00, 0x41, 0x00, 0x21, 0x00, 0x60, 0x00, 0x43, 0x11, 0x01, 0x09, 0xA3, 0x19, 0xE1, 0x08,
    0xE2, 0x08, 0x02, 0x09, 0x02, 0x09, 0x22, 0x09, 0x83, 0x11, 0x01, 0x09, 0xE1, 0x08, 0xE1, 0x08,
    0x02, 0x09, 0xC1, 0x08, 0x81, 0x00, 0x61, 0x00, 0x61, 0x00, 0x81, 0x00, 0x81, 0x00, 0x81, 0x00,
    0x81, 0x00, 0xA1, 0x08, 0x81, 0x00, 0x60, 0x00, 0xA1, 0x00, 0x81, 0x00, 0xA1, 0x08, 0xA1, 0x08,
    0xC1, 0x08, 0xE2, 0x08, 0xC1, 0x08, 0xC1, 0x08, 0x81, 0x00, 0x41, 0x00, 0x60, 0x00, 0x02, 0x09,
    0xC3, 0x19, 0xE3, 0x19, 0xE1, 0x08, 0xC1, 0x08, 0xC1, 0x00, 0xE1, 0x08, 0x22, 0x09, 0xE2, 0x08,
    0xA2, 0x08, 0xA2, 0x08, 0xC2, 0x08, 0xC3, 0x08, 0xC3, 0x08, 0xA2, 0x00, 0xA2, 0x08, 0x61, 0x00,
    0x22, 0x09, 0x43, 0x11, 0x02, 0x09, 0x22, 0x11, 0xE1, 0x08, 0x02, 0x09, 0xE1, 0x08, 0x22, 0x09,
    0x02, 0x09, 0xE2, 0x08, 0x22, 0x09, 0x02, 0x09, 0xE2, 0x08, 0xE1, 0x08, 0xE2, 0x08, 0xE2, 0x08,
    0xC2, 0x08, 0xA1, 0x00, 0xA1, 0x00, 0xA1, 0x00, 0x64, 0x11, 0xC5, 0x19, 0x43, 0x11, 0x23, 0x09,
    0x84, 0x11, 0x43, 0x09, 0x03, 0x09, 0x64, 0x11, 0x63, 0x11, 0xC1, 0x08, 0xA1, 0x08, 0xE2, 0x08,
    0xE2, 0x08, 0xC1, 0x00, 0x02, 0x09, 0x62, 0x11, 0xE2, 0x19, 0x23, 0x22, 0xC2, 0x11, 0xA1, 0x11,
    0xA2, 0x11, 0x81, 0x11, 0xE3, 0x19, 0x24, 0x22, 0x04, 0x22, 0x05, 0x32, 0xC4, 0x21, 0x22, 0x09,
    0x03, 0x2A, 0x02, 0x2A, 0x43, 0x32, 0xC3, 0x19, 0x21, 0x09, 0xE2, 0x08, 0xC2, 0x08, 0x61, 0x00,
    0x41, 0x00, 0x41, 0x00, 0x41, 0x00, 0x41, 0x00, 0x41, 0x00, 0x41, 0x00, 0x61, 0x00, 0xE2, 0x08,
    0x02, 0x09, 0xE2, 0x08, 0x40, 0x00, 0x40, 0x00, 0x40, 0x00, 0x41, 0x00, 0x41, 0x00, 0x20, 0x00,
    0x21, 0x00, 0x21, 0x00, 0x21, 0x00, 0x21, 0x00, 0x21, 0x00, 0x20, 0x00, 0x20, 0x00, 0x20, 0x00,
    0x41, 0x00, 0x41, 0x00, 0x61, 0x00, 0x41, 0x00, 0x81, 0x00, 0x02, 0x09, 0x43, 0x09, 0x84, 0x11,
    0x22, 0x09, 0x84, 0x11, 0x63, 0x11, 0x22, 0x09, 0x22, 0x09, 0x22, 0x11, 0x22, 0x09, 0x43, 0x11,
    0x22, 0x09, 0x43, 0x09, 0x02, 0x09, 0x02, 0x09, 0x02, 0x09, 0x22, 0x11, 0x62, 0x11, 0x21, 0x09,
    0x01, 0x09, 0xC1, 0x00, 0xE3, 0x21, 0x84, 0x32, 0x64, 0x32, 0xA3, 0x19, 0xA1, 0x00, 0x81, 0x00,
    0xA1, 0x08, 0x20, 0x00, 0x61, 0x00, 0x43, 0x11, 0x22, 0x09, 0x41, 0x11, 0xE1, 0x08, 0xC1, 0x08,
    0xA1, 0x00, 0x01, 0x09, 0x45, 0x2A, 0xA1, 0x11, 0x61, 0x11, 0x40, 0x11, 0x40, 0x09, 0xE2, 0x19,
    0x02, 0x1A, 0xA1, 0x11, 0xC2, 0x19, 0x22, 0x22, 0x03, 0x22, 0x81, 0x00, 0x20, 0x00, 0x61, 0x00,
    0x23, 0x11, 0x81, 0x00, 0x41, 0x00, 0x41, 0x00, 0x61, 0x00, 0x61, 0x00, 0xA1, 0x08, 0xE4, 0x19,
    0xA3, 0x19, 0xE1, 0x08, 0x42, 0x11, 0x42, 0x11, 0x60, 0x00, 0x20, 0x00, 0x20, 0x00, 0x81, 0x00,
    0xC2, 0x08, 0xE3, 0x08, 0x03, 0x09, 0xE2, 0x08, 0xA2, 0x00, 0xC2, 0x08, 0xE2, 0x08, 0xA1, 0x00,
    0xA1, 0x00, 0xC2, 0x08, 0x61, 0x00, 0x40, 0x00, 0x40, 0x00, 0x40, 0x00, 0x41, 0x00, 0x21, 0x00,
    0x20, 0x00, 0xA1, 0x08, 0x22, 0x11, 0x22, 0x09, 0xE1, 0x08, 0xC1, 0x08, 0xA1, 0x08, 0xA1, 0x08,
    0xA1, 0x08, 0x81, 0x00, 0xA1, 0x00, 0xC1, 0x08, 0x43, 0x19, 0x05, 0x3A, 0x2A, 0x63, 0x03, 0x19,
    0x20, 0x00, 0x41, 0x00, 0x20, 0x00, 0x02, 0x09, 0x42, 0x11, 0x21, 0x09, 0xC3, 0x19, 0xE2, 0x08,
    0x02, 0x09, 0x02, 0x09, 0x22, 0x09, 0x63, 0x11, 0x42, 0x09, 0x02, 0x09, 0x02, 0x09, 0x42, 0x11,
    0x02, 0x09, 0x22, 0x11, 0xC1, 0x08, 0x61, 0x00, 0x61, 0x00, 0x81, 0x00, 0xC2, 0x08, 0xC2, 0x08,
    0xC2, 0x08, 0xA1, 0x00, 0xC2, 0x08, 0xC2, 0x08, 0xA1, 0x00, 0xE2, 0x08, 0xC2, 0x08, 0xC2, 0x08,
    0x61, 0x00, 0x61, 0x00, 0x40, 0x00, 0x40, 0x00, 0x40, 0x00, 0x41, 0x00, 0x41, 0x00, 0x40, 0x00,
    0x63, 0x19, 0x65, 0x2A, 0x22, 0x11, 0x01, 0x09, 0xE1, 0x08, 0xC1, 0x08, 0xE1, 0x08, 0x42, 0x11,
    0x02, 0x09, 0x81, 0x00, 0xC2, 0x08, 0xE3, 0x08, 0xC3, 0x08, 0xA2, 0x00, 0xC2, 0x08, 0xA2, 0x08,
    0x22, 0x09, 0x43, 0x11, 0x22, 0x09, 0x23, 0x11, 0x02, 0x09, 0x43, 0x11, 0xE1, 0x08, 0x63, 0x11,
    0x02, 0x09, 0xE2, 0x08, 0x43, 0x09, 0x43, 0x11, 0x43, 0x11, 0x02, 0x09, 0xE1, 0x08, 0xC1, 0x08,
    0xA1, 0x00, 0xA1, 0x00, 0xE2, 0x08, 0xC2, 0x00, 0x64, 0x11, 0x03, 0x09, 0x84, 0x11, 0xC5, 0x19,
    0x43, 0x09, 0x43, 0x09, 0x84, 0x11, 0x43, 0x09, 0x02, 0x09, 0xE2, 0x08, 0xE1, 0x08, 0xC1, 0x08,
    0x02, 0x09, 0x02, 0x09, 0xC1, 0x00, 0x82, 0x11, 0x64, 0x2A, 0x23, 0x22, 0xC2, 0x19, 0xC2, 0x19,
    0xA1, 0x11, 0xA1, 0x11, 0xA2, 0x11, 0x03, 0x1A, 0x03, 0x22, 0x45, 0x32, 0x04, 0x22, 0xA3, 0x11,
    0x62, 0x11, 0x43, 0x2A, 0xC2, 0x19, 0x63, 0x32, 0x62, 0x19, 0x41, 0x00, 0x41, 0x00, 0x61, 0x00,
    0x41, 0x00, 0x41, 0x00, 0x41, 0x00, 0x41, 0x00, 0x41, 0x00, 0x41, 0x00, 0x20, 0x00, 0x81, 0x00,
    0x22, 0x09, 0xE2, 0x08, 0x61, 0x00, 0x41, 0x00, 0x61, 0x00, 0x61, 0x00, 0x61, 0x00, 0x41, 0x00,
    0x21, 0x00, 0x21, 0x00, 0x20, 0x00, 0x20, 0x00, 0x21, 0x00, 0x20, 0x00, 0x20, 0x00, 0x41, 0x00,
    0x61, 0x00, 0x61, 0x00, 0x61, 0x00, 0x61, 0x00, 0x81, 0x00, 0x43, 0x11, 0x63, 0x11, 0x43, 0x09,
    0xC4, 0x19, 0x43, 0x11, 0x63, 0x09, 0x83, 0x11, 0x22, 0x09, 0x22, 0x09, 0x63, 0x11, 0x42, 0x09,
    0x63, 0x11, 0x22, 0x09, 0x63, 0x11, 0xE2, 0x08, 0xE2, 0x08, 0x22, 0x09, 0x82, 0x11, 0x41, 0x11,
    0x21, 0x09, 0xE1, 0x08, 0xC3, 0x21, 0x07, 0x4B, 0x82, 0x19, 0x01, 0x09, 0x81, 0x00, 0x61, 0x00,
    0x81, 0x00, 0x41, 0x00, 0x41, 0x00, 0x61, 0x00, 0x02, 0x09, 0xA3, 0x19, 0x41, 0x09, 0x21, 0x09,
    0xE1, 0x08, 0xA1, 0x00, 0xE1, 0x08, 0xC2, 0x19, 0xC1, 0x19, 0x60, 0x11, 0x61, 0x11, 0xA1, 0x11,
    0x64, 0x2A, 0x23, 0x22, 0xC2, 0x11, 0xE2, 0x19, 0xC2, 0x19, 0x61, 0x00, 0x21, 0x00, 0xA2, 0x08,
    0xC2, 0x08, 0x61, 0x00, 0x61, 0x00, 0x61, 0x00, 0x61, 0x00, 0x61, 0x00, 0x61, 0x00, 0x63, 0x11,
    0xC3, 0x19, 0x21, 0x09, 0x02, 0x11, 0x60, 0x00, 0x41, 0x00, 0x41, 0x00, 0x20, 0x00, 0x20, 0x00,
    0x61, 0x00, 0xC2, 0x00, 0x43, 0x11, 0xE2, 0x08, 0xE2, 0x08, 0x03, 0x11, 0xC1, 0x08, 0xC2, 0x08,
    0x03, 0x09, 0xC2, 0x08, 0x81, 0x00, 0x81, 0x00, 0x61, 0x00, 0x40, 0x00, 0x40, 0x00, 0x21, 0x00,
    0x21, 0x00, 0x40, 0x00, 0xC2, 0x08, 0x22, 0x11, 0xE1, 0x08, 0xE1, 0x08, 0xE1, 0x08, 0xC1, 0x08,
    0xC1, 0x08, 0xA1, 0x08, 0xA1, 0x00, 0xA1, 0x00, 0xA4, 0x21, 0x45, 0x42, 0x67, 0x4A, 0x61, 0x00,
    0x61, 0x00, 0x41, 0x00, 0x40, 0x00, 0x83, 0x19, 0x21, 0x09, 0x62, 0x11, 0xC3, 0x19, 0xE2, 0x08,
    0x22, 0x09, 0x43, 0x11, 0x84, 0x11, 0xE5, 0x19, 0x22, 0x09, 0x02, 0x09, 0x22, 0x09, 0x22, 0x09,
    0x42, 0x11, 0x02, 0x09, 0x22, 0x11, 0x81, 0x00, 0x40, 0x00, 0xA1, 0x00, 0xC2, 0x08, 0xC2, 0x08,
    0xA1, 0x00, 0xA2, 0x08, 0x81, 0x00, 0xE2, 0x08, 0xC2, 0x08, 0xC2, 0x08, 0xA1, 0x00, 0x40, 0x00,
    0x20, 0x00, 0x41, 0x00, 0x61, 0x08, 0x61, 0x00, 0x41, 0x00, 0x41, 0x00, 0x61, 0x00, 0x41, 0x00,
    0x81, 0x00, 0x46, 0x32, 0xE1, 0x08, 0x02, 0x09, 0x42, 0x11, 0x42, 0x11, 0xE1, 0x08, 0x01, 0x09,
    0x42, 0x11, 0x03, 0x09, 0xE2, 0x08, 0x03, 0x09, 0xC2, 0x00, 0xC2, 0x08, 0xA2, 0x08, 0xA2, 0x00,
    0x63, 0x11, 0x42, 0x09, 0x83, 0x11, 0x22, 0x09, 0x63, 0x11, 0x43, 0x09, 0x42, 0x09, 0xC4, 0x19,
    0x22, 0x09, 0x84, 0x11, 0xA4, 0x19, 0x43, 0x09, 0x22, 0x09, 0xE2, 0x08, 0xE2, 0x08, 0xE2, 0x08,
    0xE1, 0x08, 0xC1, 0x08, 0xC2, 0x08, 0xE2, 0x08, 0x43, 0x09, 0xE6, 0x19, 0xA5, 0x11, 0x43, 0x09,
    0xA5, 0x19, 0x84, 0x11, 0x23, 0x09, 0xA4, 0x11, 0x43, 0x11, 0xC1, 0x00, 0x02, 0x09, 0x02, 0x09,
    0xC1, 0x08, 0x23, 0x11, 0x43, 0x11, 0xC3, 0x19, 0x63, 0x2A, 0x23, 0x22, 0xC2, 0x19, 0xE2, 0x19,
    0xA1, 0x11, 0xC1, 0x19, 0x81, 0x11, 0xE2, 0x19, 0x03, 0x1A, 0x24, 0x22, 0x04, 0x1A, 0x04, 0x1A,
    0xA3, 0x11, 0xA2, 0x19, 0x43, 0x2A, 0xC2, 0x19, 0x44, 0x32, 0xA1, 0x08, 0x41, 0x00, 0x61, 0x00,
    0x41, 0x00, 0x41, 0x00, 0x40, 0x00, 0x41, 0x00, 0x61, 0x00, 0x61, 0x08, 0x41, 0x00, 0x81, 0x00,
    0x02, 0x09, 0xE2, 0x08, 0x81, 0x00, 0x81, 0x00, 0x81, 0x00, 0x81, 0x00, 0x81, 0x00, 0x81, 0x00,
    0x41, 0x00, 0x20, 0x00, 0x20, 0x00, 0x20, 0x00, 0x21, 0x00, 0x20, 0x00, 0x61, 0x00, 0x81, 0x00,
    0xA1, 0x08, 0xA1, 0x08, 0xA1, 0x08, 0x81, 0x00, 0x81, 0x08, 0x02, 0x09, 0x63, 0x09, 0xE5, 0x19,
    0x63, 0x09, 0xA4, 0x11, 0xA4, 0x11, 0x22, 0x09, 0x02, 0x09, 0x22, 0x09, 0xA3, 0x11, 0x43, 0x11,
    0x63, 0x11, 0x22, 0x09, 0x43, 0x11, 0x23, 0x09, 0xC1, 0x08, 0x22, 0x09, 0xA2, 0x11, 0x62, 0x11,
    0x42, 0x11, 0x21, 0x09, 0x83, 0x11, 0xE4, 0x21, 0x62, 0x11, 0x22, 0x11, 0x60, 0x00, 0x61, 0x00,
    0x41, 0x00, 0x41, 0x00, 0x61, 0x00, 0x61, 0x00, 0x61, 0x00, 0xC1, 0x08, 0x62, 0x11, 0xA2, 0x19,
    0x21, 0x09, 0x01, 0x09, 0xC0, 0x00, 0xE1, 0x08, 0xE3, 0x21, 0x02, 0x22, 0x80, 0x11, 0xA1, 0x11,
    0x23, 0x22, 0xA5, 0x32, 0x64, 0x2A, 0x02, 0x1A, 0xC3, 0x19, 0x81, 0x00, 0x81, 0x00, 0xA1, 0x00,
    0x81, 0x00, 0x81, 0x00, 0x81, 0x00, 0x81, 0x00, 0x81, 0x00, 0xA1, 0x00, 0x81, 0x08, 0x81, 0x00,
    0xC3, 0x19, 0x42, 0x11, 0x41, 0x00, 0x61, 0x00, 0x61, 0x00, 0x41, 0x00, 0x81, 0x00, 0xA2, 0x08,
    0xC2, 0x08, 0x23, 0x09, 0x22, 0x09, 0x22, 0x09, 0x63, 0x11, 0x02, 0x09, 0x23, 0x11, 0x43, 0x11,
    0xE2, 0x08, 0xE2, 0x08, 0x02, 0x09, 0xC2, 0x08, 0xA1, 0x08, 0x81, 0x00, 0x81, 0x08, 0x61, 0x00,
    0x40, 0x00, 0x21, 0x00, 0x40, 0x00, 0xC2, 0x08, 0x83, 0x11, 0x63, 0x11, 0xE1, 0x08, 0xC1, 0x08,
    0xC1, 0x08, 0xC1, 0x08, 0x81, 0x00, 0x42, 0x11, 0xE3, 0x29, 0xA4, 0x29, 0x23, 0x19, 0xA1, 0x00,
    0x81, 0x00, 0x20, 0x00, 0xE2, 0x10, 0xC3, 0x19, 0x01, 0x09, 0xC3, 0x19, 0xC4, 0x21, 0x02, 0x09,
    0x84, 0x11, 0x83, 0x11, 0x84, 0x11, 0x43, 0x09, 0xE1, 0x08, 0x02, 0x09, 0x42, 0x09, 0x22, 0x09,
    0x43, 0x11, 0x22, 0x09, 0x22, 0x09, 0x02, 0x09, 0x41, 0x00, 0xA1, 0x08, 0xC1, 0x08, 0x81, 0x00,
    0xA2, 0x08, 0x61, 0x00, 0x41, 0x00, 0x41, 0x00, 0x61, 0x00, 0x61, 0x00, 0x40, 0x00, 0x40, 0x00,
    0x20, 0x00, 0x41, 0x00, 0x61, 0x00, 0x61, 0x00, 0x61, 0x00, 0x61, 0x00, 0x61, 0x00, 0x61, 0x00,
    0x61, 0x00, 0xC2, 0x08, 0xA2, 0x08, 0x60, 0x00, 0xC1, 0x00, 0x42, 0x11, 0x63, 0x11, 0x42, 0x11,
    0x22, 0x09, 0x43, 0x09, 0x02, 0x09, 0xC2, 0x08, 0xC2, 0x08, 0xC2, 0x08, 0xA2, 0x08, 0x61, 0x00,
    0xA4, 0x19, 0x63, 0x09, 0xA4, 0x11, 0x43, 0x09, 0xE5, 0x19, 0x42, 0x09, 0x84, 0x19, 0x02, 0x09,
    0xA1, 0x00, 0x43, 0x11, 0x43, 0x09, 0x42, 0x09, 0x43, 0x11, 0x43, 0x11, 0x02, 0x09, 0xE1, 0x08,
    0xC1, 0x00, 0x02, 0x09, 0xC1, 0x00, 0x63, 0x11, 0xE5, 0x19, 0x64, 0x11, 0x64, 0x11, 0xE6, 0x19,
    0x84, 0x11, 0x84, 0x11, 0xA4, 0x19, 0x43, 0x09, 0xE2, 0x08, 0xE2, 0x08, 0xE1, 0x08, 0x02, 0x09,
    0x22, 0x09, 0xE2, 0x08, 0x43, 0x11, 0x24, 0x22, 0x43, 0x22, 0x02, 0x1A, 0x02, 0x22, 0xC1, 0x19,
    0xE2, 0x19, 0xA1, 0x11, 0xC1, 0x19, 0x81, 0x11, 0xE3, 0x19, 0x03, 0x1A, 0x23, 0x1A, 0x44, 0x22,
    0x44, 0x22, 0xA2, 0x11, 0x03, 0x22, 0x23, 0x2A, 0x02, 0x2A, 0x24, 0x32, 0x61, 0x00, 0x61, 0x00,
    0x61, 0x00, 0x61, 0x00, 0x61, 0x00, 0x61, 0x00, 0x61, 0x00, 0x61, 0x00, 0x61, 0x00, 0xC2, 0x08,
    0xA1, 0x00, 0xE2, 0x08, 0x43, 0x11, 0xE2, 0x08, 0xA1, 0x08, 0xA1, 0x00, 0x81, 0x00, 0x61, 0x00,
    0x41, 0x00, 0x21, 0x00, 0x21, 0x00, 0x20, 0x00, 0x41, 0x00, 0x81, 0x08, 0xA2, 0x08, 0xA2, 0x08,
    0xA1, 0x08, 0x81, 0x00, 0x81, 0x00, 0x81, 0x00, 0x61, 0x00, 0x22, 0x09, 0xE5, 0x19, 0x43, 0x11,
    0xC4, 0x11, 0xA4, 0x19, 0x63, 0x09, 0x63, 0x11, 0x42, 0x11, 0x42, 0x09, 0x63, 0x11, 0x83, 0x11,
    0x43, 0x11, 0x84, 0x11, 0x22, 0x09, 0x63, 0x11, 0xE2, 0x00, 0xA1, 0x00, 0xA3, 0x11, 0xA2, 0x11,
    0x61, 0x09, 0x62, 0x11, 0x82, 0x11, 0x82, 0x11, 0x63, 0x11, 0x81, 0x00, 0x81, 0x00, 0xA1, 0x08,
    0x61, 0x00, 0x61, 0x00, 0x61, 0x00, 0x61, 0x00, 0x41, 0x00, 0x41, 0x00, 0x81, 0x00, 0x02, 0x09,
    0x62, 0x19, 0xA2, 0x19, 0x21, 0x11, 0xC1, 0x00, 0xE1, 0x08, 0x02, 0x22, 0x02, 0x22, 0x80, 0x11,
    0x02, 0x22, 0x64, 0x2A, 0x64, 0x2A, 0xC6, 0x3A, 0x63, 0x19, 0xC1, 0x00, 0xE2, 0x08, 0xC2, 0x08,
    0xC2, 0x08, 0xC1, 0x08, 0xC1, 0x08, 0xA1, 0x08, 0xC1, 0x08, 0xA1, 0x08, 0x81, 0x00, 0x60, 0x00,
    0x63, 0x19, 0x02, 0x11, 0x40, 0x00, 0x61, 0x00, 0x61, 0x00, 0xC1, 0x08, 0x22, 0x09, 0x02, 0x09,
    0x63, 0x11, 0x02, 0x09, 0x22, 0x09, 0x43, 0x11, 0x02, 0x09, 0x43, 0x11, 0x43, 0x09, 0x02, 0x09,
    0x22, 0x09, 0x43, 0x11, 0x02, 0x09, 0xA1, 0x08, 0xC1, 0x08, 0xC2, 0x08, 0xC1, 0x08, 0xA1, 0x08,
    0x81, 0x00, 0x61, 0x00, 0x40, 0x00, 0x40, 0x00, 0xA1, 0x00, 0x02, 0x09, 0x42, 0x09, 0x63, 0x11,
    0x01, 0x09, 0xA1, 0x08, 0xE1, 0x08, 0x04, 0x2A, 0x24, 0x2A, 0x83, 0x19, 0xA1, 0x08, 0xC2, 0x08,
    0x61, 0x00, 0x40, 0x00, 0xA3, 0x19, 0x82, 0x11, 0x22, 0x09, 0xC3, 0x21, 0xA3, 0x19, 0x43, 0x09,
    0x63, 0x09, 0x63, 0x09, 0xC4, 0x19, 0x22, 0x09, 0x02, 0x09, 0x42, 0x11, 0x42, 0x11, 0x63, 0x11,
    0x42, 0x09, 0x83, 0x11, 0x42, 0x09, 0x03, 0x09, 0x20, 0x00, 0x61, 0x00, 0xE1, 0x08, 0xA1, 0x00,
    0x61, 0x00, 0x61, 0x00, 0x41, 0x00, 0x41, 0x00, 0x40, 0x00, 0x40, 0x00, 0x40, 0x00, 0x40, 0x00,
    0x20, 0x00, 0x40, 0x00, 0x81, 0x00, 0x81, 0x00, 0x81, 0x00, 0x81, 0x00, 0x81, 0x00, 0x81, 0x08,
    0xA1, 0x08, 0x61, 0x00, 0x61, 0x00, 0x61, 0x08, 0x81, 0x00, 0xA1, 0x00, 0x22, 0x09, 0x83, 0x11,
    0x63, 0x11, 0xA3, 0x11, 0x23, 0x09, 0xA2, 0x08, 0x24, 0x11, 0xC2, 0x08, 0x81, 0x00, 0x61, 0x00,
    0xC4, 0x19, 0xE5, 0x19, 0x84, 0x11, 0x84, 0x11, 0xC4, 0x19, 0x43, 0x11, 0xC1, 0x08, 0x40, 0x00,
    0x61, 0x00, 0x84, 0x11, 0xE5, 0x19, 0xA4, 0x11, 0x62, 0x11, 0x42, 0x09, 0x22, 0x09, 0xE2, 0x08,
    0xC1, 0x08, 0xE2, 0x08, 0xE2, 0x08, 0x43, 0x09, 0x43, 0x11, 0xC5, 0x19, 0xE5, 0x19, 0x84, 0x11,
    0xC5, 0x19, 0xC5, 0x19, 0x63, 0x09, 0x63, 0x11, 0xE1, 0x08, 0xE1, 0x08, 0x02, 0x09, 0x02, 0x09,
    0x43, 0x09, 0x43, 0x11, 0x02, 0x09, 0x24, 0x22, 0x85, 0x2A, 0x02, 0x22, 0x23, 0x22, 0xE2, 0x19,
    0xE2, 0x19, 0xA1, 0x11, 0xA1, 0x11, 0x81, 0x11, 0x81, 0x11, 0xE3, 0x19, 0x23, 0x22, 0x64, 0x2A,
    0x64, 0x2A, 0x64, 0x2A, 0xE3, 0x19, 0x23, 0x22, 0xA1, 0x19, 0x84, 0x3A, 0x42, 0x19, 0x61, 0x00,
    0x81, 0x00, 0x61, 0x00, 0x61, 0x00, 0x61, 0x00, 0x61, 0x00, 0x61, 0x00, 0x81, 0x00, 0xA2, 0x08,
    0xA2, 0x08, 0xE2, 0x08, 0x63, 0x11, 0x43, 0x11, 0x81, 0x00, 0x81, 0x00, 0x61, 0x00, 0x40, 0x00,
    0x41, 0x00, 0x41, 0x00, 0x41, 0x00, 0x81, 0x00, 0xA1, 0x08, 0xC2, 0x08, 0xA1, 0x08, 0xA1, 0x08,
    0xA1, 0x08, 0xA1, 0x08, 0xA1, 0x00, 0x81, 0x00, 0x81, 0x00, 0x43, 0x09, 0x63, 0x11, 0xE5, 0x21,
    0xC4, 0x11, 0x63, 0x11, 0xC4, 0x19, 0x63, 0x11, 0x22, 0x09, 0x83, 0x11, 0x62, 0x11, 0xC4, 0x11,
    0x42, 0x09, 0xA4, 0x11, 0x43, 0x09, 0x22, 0x09, 0x02, 0x09, 0x40, 0x00, 0x22, 0x11, 0xC3, 0x19,
    0x61, 0x09, 0x82, 0x11, 0xC3, 0x19, 0xA3, 0x11, 0xC2, 0x08, 0x21, 0x00, 0x41, 0x00, 0xC1, 0x08,
    0xC1, 0x08, 0x61, 0x00, 0x61, 0x00, 0x61, 0x00, 0x61, 0x00, 0x61, 0x00, 0x61, 0x00, 0x61, 0x00,
    0x81, 0x00, 0xE1, 0x08, 0x42, 0x11, 0x42, 0x11, 0xC1, 0x08, 0x01, 0x09, 0xA2, 0x19, 0x03, 0x22,
    0xE2, 0x21, 0x64, 0x2A, 0x23, 0x22, 0xC4, 0x19, 0xE2, 0x08, 0x23, 0x09, 0x22, 0x09, 0x22, 0x09,
    0x43, 0x11, 0x22, 0x09, 0x02, 0x09, 0x02, 0x09, 0xE1, 0x08, 0xA1, 0x00, 0x81, 0x00, 0x81, 0x00,
    0xA1, 0x08, 0x81, 0x08, 0x61, 0x00, 0x81, 0x00, 0x61, 0x00, 0x23, 0x11, 0x22, 0x09, 0x63, 0x11,
    0x02, 0x09, 0x43, 0x09, 0x63, 0x11, 0x43, 0x11, 0x63, 0x11, 0x43, 0x11, 0x02, 0x09, 0x43, 0x11,
    0x23, 0x09, 0x02, 0x09, 0x43, 0x11, 0x22, 0x09, 0x02, 0x09, 0xE2, 0x08, 0xC1, 0x08, 0xC1, 0x08,
    0xA1, 0x08, 0x81, 0x08, 0x61, 0x00, 0x61, 0x00, 0x41, 0x00, 0x61, 0x00, 0xC2, 0x08, 0x22, 0x09,
    0x02, 0x09, 0x42, 0x09, 0x42, 0x11, 0xC3, 0x21, 0xE4, 0x21, 0xE1, 0x08, 0xC2, 0x08, 0xC2, 0x08,
    0x40, 0x00, 0xE2, 0x08, 0xE3, 0x19, 0x42, 0x11, 0x62, 0x11, 0x04, 0x2A, 0x42, 0x11, 0xE2, 0x08,
    0x02, 0x09, 0x84, 0x11, 0x63, 0x11, 0xE1, 0x08, 0x42, 0x09, 0x42, 0x11, 0x42, 0x09, 0x83, 0x11,
    0x42, 0x11, 0x63, 0x11, 0x83, 0x11, 0x63, 0x19, 0xC5, 0x31, 0x81, 0x08, 0x02, 0x09, 0x22, 0x11,
    0x61, 0x00, 0x61, 0x00, 0x41, 0x00, 0x41, 0x00, 0x41, 0x00, 0x41, 0x00, 0x41, 0x00, 0x21, 0x00,
    0x41, 0x00, 0x81, 0x08, 0xA1, 0x08, 0xA1, 0x00, 0xA1, 0x08, 0xA1, 0x08, 0xA1, 0x08, 0xC1, 0x08,
    0xC1, 0x08, 0xC1, 0x08, 0xA1, 0x08, 0xA1, 0x08, 0xA1, 0x00, 0xC2, 0x08, 0xE1, 0x08, 0x02, 0x09,
    0x23, 0x09, 0x63, 0x09, 0x23, 0x09, 0xE2, 0x08, 0xE2, 0x08, 0x61, 0x00, 0x81, 0x00, 0x81, 0x08,
    0x63, 0x11, 0x84, 0x19, 0x23, 0x09, 0xE2, 0x08, 0xC1, 0x00, 0x81, 0x00, 0x60, 0x00, 0xA1, 0x08,
    0x81, 0x00, 0xC5, 0x19, 0xC4, 0x19, 0x42, 0x09, 0x62, 0x09, 0x63, 0x11, 0x22, 0x09, 0xE1, 0x08,
    0x22, 0x09, 0x02, 0x09, 0xC2, 0x08, 0x43, 0x09, 0x26, 0x22, 0xC5, 0x19, 0x84, 0x11, 0x06, 0x22,
    0xA5, 0x19, 0x63, 0x11, 0x05, 0x22, 0xC5, 0x19, 0x02, 0x09, 0x02, 0x09, 0x02, 0x09, 0x43, 0x11,
    0x02, 0x09, 0x63, 0x11, 0x63, 0x11, 0x05, 0x22, 0x23, 0x22, 0x64, 0x2A, 0xC2, 0x19, 0x02, 0x1A,
    0xC1, 0x11, 0xE2, 0x19, 0x81, 0x11, 0xC2, 0x19, 0x81, 0x11, 0xC2, 0x11, 0x03, 0x22, 0x23, 0x22,
    0x64, 0x2A, 0x44, 0x2A, 0x65, 0x2A, 0x43, 0x2A, 0x03, 0x22, 0xC2, 0x21, 0x44, 0x32, 0xA1, 0x00,
    0x81, 0x00, 0x81, 0x00, 0x61, 0x00, 0x81, 0x00, 0x81, 0x00, 0x81, 0x00, 0x81, 0x00, 0x81, 0x08,
    0xC2, 0x08, 0xE2, 0x08, 0x02, 0x09, 0x64, 0x11, 0xE2, 0x08, 0x40, 0x00, 0x41, 0x00, 0x41, 0x00,
    0x41, 0x00, 0x41, 0x00, 0x81, 0x00, 0xE2, 0x08, 0xE2, 0x08, 0xC2, 0x08, 0xC2, 0x08, 0xA2, 0x08,
    0xC2, 0x08, 0xA1, 0x08, 0xA1, 0x08, 0x81, 0x00, 0x61, 0x00, 0x23, 0x09, 0x67, 0x2A, 0xA4, 0x19,
    0x83, 0x11, 0x05, 0x1A, 0x83, 0x11, 0x42, 0x09, 0x42, 0x09, 0x83, 0x11, 0x83, 0x11, 0xA4, 0x11,
    0x83, 0x11, 0x63, 0x11, 0xC4, 0x11, 0x02, 0x09, 0x81, 0x00, 0x20, 0x00, 0x81, 0x00, 0xA3, 0x19,
    0xA2, 0x11, 0xC2, 0x19, 0x82, 0x11, 0xC1, 0x08, 0x61, 0x00, 0x41, 0x00, 0x41, 0x00, 0x61, 0x00,
    0xC1, 0x08, 0xC1, 0x08, 0x61, 0x00, 0x61, 0x00, 0x61, 0x00, 0x61, 0x00, 0x81, 0x00, 0x81, 0x00,
    0x61, 0x00, 0x81, 0x00, 0x81, 0x00, 0x42, 0x11, 0x62, 0x11, 0x01, 0x09, 0xC1, 0x08, 0xA3, 0x19,
    0x43, 0x2A, 0x24, 0x22, 0x45, 0x2A, 0x43, 0x11, 0xC1, 0x00, 0x84, 0x11, 0x43, 0x11, 0x22, 0x09,
    0x22, 0x09, 0x22, 0x09, 0x22, 0x09, 0x02, 0x09, 0xC1, 0x08, 0xA1, 0x08, 0xA1, 0x00, 0xA1, 0x08,
    0xA1, 0x08, 0x81, 0x08, 0x81, 0x00, 0xA1, 0x08, 0xA1, 0x08, 0x02, 0x09, 0x84, 0x11, 0x63, 0x11,
    0xA4, 0x19, 0xC4, 0x19, 0xA4, 0x19, 0x64, 0x11, 0xE2, 0x08, 0x02, 0x09, 0x02, 0x09, 0xE2, 0x00,
    0x63, 0x11, 0x43, 0x11, 0x64, 0x19, 0xA3, 0x19, 0x82, 0x19, 0x22, 0x09, 0x02, 0x09, 0x02, 0x09,
    0xE1, 0x08, 0xC1, 0x08, 0xC1, 0x08, 0xC1, 0x08, 0x61, 0x00, 0x40, 0x00, 0x40, 0x00, 0x60, 0x00,
    0xC2, 0x08, 0x02, 0x09, 0x02, 0x09, 0x63, 0x11, 0x02, 0x09, 0xE2, 0x08, 0x81, 0x00, 0x61, 0x00,
    0x41, 0x00, 0xA4, 0x19, 0xC3, 0x19, 0x41, 0x11, 0xC3, 0x19, 0x04, 0x2A, 0x01, 0x09, 0x23, 0x11,
    0x63, 0x11, 0xC5, 0x19, 0x02, 0x09, 0x22, 0x09, 0x42, 0x11, 0x62, 0x11, 0x62, 0x11, 0x62, 0x11,
    0x83, 0x11, 0x42, 0x09, 0xE5, 0x19, 0xE5, 0x29, 0xA8, 0x4A, 0x84, 0x21, 0x81, 0x00, 0x63, 0x19,
    0x02, 0x09, 0x61, 0x00, 0x61, 0x00, 0x41, 0x00, 0x41, 0x00, 0x41, 0x00, 0x21, 0x00, 0x41, 0x00,
    0x81, 0x00, 0xA1, 0x08, 0xC1, 0x08, 0xC2, 0x08, 0xC1, 0x08, 0xC2, 0x08, 0x02, 0x09, 0x02, 0x09,
    0xC1, 0x00, 0xE2, 0x08, 0xC1, 0x08, 0xC1, 0x08, 0xC1, 0x08, 0xC1, 0x08, 0x22, 0x09, 0x02, 0x09,
    0x03, 0x09, 0x03, 0x09, 0x03, 0x09, 0xC2, 0x08, 0x81, 0x00, 0x61, 0x00, 0x81, 0x00, 0x81, 0x00,
    0x81, 0x00, 0x81, 0x00, 0x81, 0x00, 0x81, 0x00, 0x61, 0x00, 0x81, 0x00, 0xC1, 0x08, 0xC1, 0x08,
    0xC1, 0x08, 0x23, 0x11, 0xA4, 0x19, 0x83, 0x11, 0x63, 0x11, 0x42, 0x09, 0x02, 0x09, 0xE1, 0x08,
    0x63, 0x11, 0x43, 0x09, 0xA1, 0x00, 0xA4, 0x19, 0x84, 0x11, 0xA4, 0x19, 0x46, 0x2A, 0x84, 0x11,
    0x84, 0x11, 0x26, 0x22, 0xA4, 0x11, 0x43, 0x09, 0x02, 0x09, 0x43, 0x11, 0x43, 0x09, 0x42, 0x09,
    0x43, 0x11, 0x22, 0x09, 0x63, 0x11, 0x63, 0x11, 0x45, 0x2A, 0x44, 0x22, 0x03, 0x22, 0xE2, 0x19,
    0xE2, 0x19, 0xE2, 0x19, 0xC1, 0x19, 0xA1, 0x11, 0xA1, 0x11, 0xA1, 0x11, 0x02, 0x1A, 0x03, 0x22,
    0x03, 0x22, 0x23, 0x22, 0x23, 0x22, 0x44, 0x2A, 0x43, 0x2A, 0xC1, 0x21, 0x63, 0x32, 0x42, 0x19,
    0xA1, 0x08, 0xC1, 0x08, 0xA1, 0x00, 0xA2, 0x08, 0xA1, 0x08, 0xC2, 0x08, 0xA1, 0x00, 0xC2, 0x08,
    0xA1, 0x08, 0xC1, 0x08, 0x02, 0x09, 0x63, 0x11, 0x84, 0x19, 0xA2, 0x08, 0x40, 0x00, 0x41, 0x00,
    0x40, 0x00, 0x61, 0x00, 0xE2, 0x08, 0xE2, 0x08, 0xE2, 0x08, 0xE2, 0x08, 0xE2, 0x08, 0xC2, 0x08,
    0xC2, 0x08, 0x81, 0x00, 0x81, 0x00, 0x81, 0x00, 0x61, 0x00, 0x64, 0x11, 0xC5, 0x19, 0xA4, 0x19,
    0x05, 0x22, 0x83, 0x09, 0xA3, 0x11, 0x83, 0x11, 0xA3, 0x11, 0x83, 0x11, 0xC4, 0x19, 0x83, 0x11,
    0xC4, 0x19, 0x42, 0x09, 0xA4, 0x11, 0xC2, 0x08, 0x40, 0x00, 0x41, 0x00, 0x40, 0x00, 0x83, 0x19,
    0x03, 0x22, 0xA3, 0x19, 0x80, 0x00, 0x41, 0x00, 0x61, 0x00, 0x41, 0x00, 0x41, 0x00, 0x41, 0x00,
    0x60, 0x00, 0xE1, 0x08, 0xA1, 0x08, 0x81, 0x00, 0x61, 0x00, 0x61, 0x00, 0x81, 0x00, 0x81, 0x00,
    0x81, 0x00, 0x81, 0x00, 0x81, 0x00, 0x60, 0x00, 0x22, 0x11, 0xC3, 0x19, 0x02, 0x09, 0xA1, 0x00,
    0x04, 0x2A, 0x44, 0x2A, 0x83, 0x11, 0xA1, 0x08, 0xC2, 0x08, 0x63, 0x11, 0x43, 0x11, 0x42, 0x11,
    0x62, 0x11, 0x62, 0x11, 0x42, 0x11, 0x01, 0x09, 0xC1, 0x08, 0xC1, 0x08, 0xC1, 0x08, 0xC1, 0x08,
    0xC1, 0x08, 0xC1, 0x08, 0xC1, 0x08, 0xE1, 0x08, 0xA1, 0x00, 0xC2, 0x08, 0xE2, 0x08, 0x02, 0x11,
    0x84, 0x19, 0x83, 0x19, 0x43, 0x11, 0xE1, 0x00, 0x83, 0x11, 0xA4, 0x19, 0xC5, 0x19, 0x06, 0x22,
    0xC4, 0x11, 0xE5, 0x19, 0xC4, 0x19, 0x24, 0x2A, 0x03, 0x2A, 0xC3, 0x21, 0x63, 0x11, 0x42, 0x11,
    0x22, 0x09, 0x02, 0x09, 0x02, 0x09, 0xE1, 0x08, 0xE2, 0x08, 0x81, 0x00, 0x41, 0x00, 0x41, 0x00,
    0x40, 0x00, 0x40, 0x00, 0x61, 0x00, 0x81, 0x00, 0x61, 0x00, 0x61, 0x00, 0x61, 0x00, 0x20, 0x00,
    0xC1, 0x08, 0xE4, 0x21, 0x62, 0x11, 0x62, 0x11, 0x04, 0x22, 0x62, 0x11, 0x22, 0x09, 0x43, 0x09,
    0xA4, 0x19, 0x63, 0x11, 0xE1, 0x08, 0x42, 0x11, 0x42, 0x09, 0x62, 0x11, 0xA3, 0x11, 0x62, 0x09,
    0xC4, 0x19, 0x83, 0x11, 0xA4, 0x19, 0xC1, 0x08, 0x60, 0x00, 0x43, 0x11, 0xE1, 0x08, 0x60, 0x00,
    0x22, 0x11, 0xC1, 0x00, 0x61, 0x00, 0x61, 0x08, 0x41, 0x00, 0x41, 0x00, 0x41, 0x00, 0x40, 0x00,
    0xA1, 0x00, 0xE2, 0x08, 0xE2, 0x08, 0xE2, 0x08, 0x23, 0x09, 0x02, 0x09, 0x02, 0x09, 0x02, 0x09,
    0xE2, 0x08, 0xE2, 0x08, 0x02, 0x09, 0xE2, 0x08, 0x02, 0x09, 0x02, 0x09, 0x43, 0x09, 0x23, 0x09,
    0xE2, 0x08, 0xE3, 0x08, 0xA2, 0x08, 0x81, 0x00, 0xA2, 0x08, 0x81, 0x00, 0xA1, 0x08, 0xE2, 0x08,
    0xA1, 0x08, 0xA1, 0x08, 0xE2, 0x08, 0xC1, 0x08, 0xA1, 0x00, 0xC1, 0x08, 0xC1, 0x08, 0xE1, 0x08,
    0xC1, 0x08, 0x22, 0x09, 0xC5, 0x19, 0x83, 0x11, 0x63, 0x11, 0x42, 0x11, 0x22, 0x09, 0x02, 0x09,
    0x43, 0x09, 0x43, 0x11, 0xC1, 0x00, 0x22, 0x09, 0xE5, 0x19, 0x47, 0x2A, 0x83, 0x11, 0xC5, 0x19,
    0x27, 0x2A, 0x84, 0x11, 0xE5, 0x19, 0x63, 0x11, 0x02, 0x09, 0x42, 0x11, 0x63, 0x11, 0x22, 0x09,
    0x63, 0x11, 0xA4, 0x19, 0x23, 0x09, 0xC1, 0x00, 0x83, 0x19, 0x24, 0x22, 0x65, 0x2A, 0xC1, 0x19,
    0x23, 0x22, 0xC1, 0x19, 0xE2, 0x19, 0xA1, 0x11, 0xE2, 0x19, 0x81, 0x11, 0xC1, 0x11, 0x23, 0x22,
    0x02, 0x1A, 0xE2, 0x19, 0xE2, 0x19, 0x24, 0x22, 0xA3, 0x19, 0x43, 0x32, 0x02, 0x2A, 0x21, 0x11,
    0xA1, 0x00, 0x02, 0x09, 0xE2, 0x08, 0xC2, 0x08, 0xE2, 0x08, 0x03, 0x09, 0x03, 0x09, 0x64, 0x11,
    0x03, 0x09, 0x43, 0x11, 0x02, 0x09, 0x43, 0x11, 0x84, 0x11, 0x43, 0x11, 0x81, 0x00, 0x40, 0x00,
    0x41, 0x00, 0x81, 0x08, 0xE2, 0x08, 0x02, 0x09, 0x23, 0x09, 0xE2, 0x08, 0xC2, 0x08, 0xA1, 0x00,
    0x81, 0x00, 0x61, 0x00, 0x81, 0x00, 0xA1, 0x08, 0x81, 0x00, 0xA1, 0x00, 0xC5, 0x19, 0x46, 0x2A,
    0x83, 0x11, 0x05, 0x22, 0xA3, 0x11, 0x42, 0x09, 0xC3, 0x19, 0xC3, 0x11, 0xC4, 0x11, 0x83, 0x11,
    0xC4, 0x19, 0xC4, 0x19, 0x02, 0x09, 0x61, 0x00, 0x41, 0x00, 0x41, 0x00, 0x20, 0x00, 0x83, 0x19,
    0x04, 0x22, 0x81, 0x00, 0x41, 0x00, 0x61, 0x00, 0x61, 0x00, 0x61, 0x00, 0x41, 0x00, 0x41, 0x00,
    0x21, 0x00, 0xC1, 0x08, 0x01, 0x09, 0xA1, 0x00, 0x81, 0x00, 0x81, 0x00, 0x81, 0x00, 0x81, 0x00,
    0x61, 0x00, 0x81, 0x00, 0xA1, 0x08, 0x81, 0x00, 0x81, 0x00, 0xC4, 0x19, 0x02, 0x11, 0xC1, 0x08,
    0x83, 0x19, 0xE4, 0x21, 0xC1, 0x00, 0x41, 0x00, 0x81, 0x00, 0x22, 0x09, 0x42, 0x11, 0x63, 0x11,
    0x62, 0x09, 0x62, 0x11, 0x01, 0x09, 0xE1, 0x08, 0xE1, 0x08, 0xE1, 0x08, 0xE1, 0x08, 0xE1, 0x08,
    0xE1, 0x08, 0xE1, 0x08, 0x02, 0x11, 0xA1, 0x08, 0x61, 0x00, 0x41, 0x00, 0x61, 0x00, 0x81, 0x00,
    0xA1, 0x00, 0x83, 0x11, 0x21, 0x09, 0x22, 0x11, 0x42, 0x11, 0x01, 0x09, 0x42, 0x11, 0x83, 0x11,
    0x42, 0x09, 0xA4, 0x19, 0xE5, 0x21, 0xA3, 0x19, 0xC3, 0x19, 0xC3, 0x21, 0xE4, 0x21, 0xC3, 0x19,
    0xA3, 0x11, 0xA4, 0x11, 0x63, 0x11, 0x23, 0x09, 0x43, 0x09, 0x63, 0x11, 0x02, 0x09, 0x41, 0x00,
    0x41, 0x00, 0x41, 0x00, 0x41, 0x00, 0x41, 0x00, 0x41, 0x00, 0x41, 0x00, 0x61, 0x00, 0x20, 0x00,
    0x43, 0x11, 0xE3, 0x19, 0x42, 0x11, 0xC3, 0x21, 0xA3, 0x19, 0x22, 0x09, 0x63, 0x11, 0xC5, 0x19,
    0x06, 0x22, 0x22, 0x09, 0x22, 0x09, 0x42, 0x09, 0x83, 0x11, 0x82, 0x11, 0x83, 0x11, 0x83, 0x11,
    0x83, 0x11, 0x05, 0x22, 0xE2, 0x08, 0x41, 0x00, 0x41, 0x00, 0xA1, 0x08, 0xA3, 0x21, 0x81, 0x00,
    0x81, 0x00, 0x63, 0x19, 0x61, 0x00, 0x61, 0x00, 0x61, 0x00, 0x40, 0x00, 0x61, 0x00, 0xA2, 0x08,
    0xC2, 0x08, 0xE2, 0x08, 0x02, 0x09, 0x23, 0x11, 0xE2, 0x08, 0x22, 0x09, 0x84, 0x11, 0x02, 0x09,
    0x02, 0x09, 0x23, 0x11, 0x23, 0x11, 0x22, 0x09, 0x22, 0x09, 0x43, 0x09, 0x43, 0x09, 0x43, 0x11,
    0xE2, 0x08, 0xC2, 0x08, 0x61, 0x00, 0x61, 0x00, 0xA1, 0x00, 0xA1, 0x00, 0x02, 0x09, 0x63, 0x11,
    0x02, 0x09, 0x43, 0x11, 0x43, 0x09, 0xE1, 0x08, 0xC1, 0x08, 0xE1, 0x08, 0xE1, 0x08, 0x01, 0x09,
    0x01, 0x09, 0xE1, 0x08, 0xA4, 0x19, 0xC4, 0x19, 0x83, 0x11, 0x42, 0x09, 0x01, 0x09, 0x63, 0x11,
    0xA4, 0x11, 0x02, 0x09, 0xE2, 0x08, 0xA4, 0x11, 0x06, 0x22, 0x84, 0x11, 0x26, 0x2A, 0x26, 0x22,
    0x84, 0x11, 0x05, 0x1A, 0x26, 0x22, 0x63, 0x11, 0x42, 0x11, 0x42, 0x11, 0x42, 0x09, 0x63, 0x11,
    0x63, 0x09, 0xC5, 0x19, 0xA5, 0x19, 0xA1, 0x00, 0x80, 0x00, 0xC4, 0x21, 0x24, 0x22, 0x03, 0x22,
    0x03, 0x22, 0xC2, 0x19, 0xC2, 0x19, 0xC1, 0x19, 0xC1, 0x11, 0xC2, 0x19, 0xC1, 0x11, 0xE2, 0x19,
    0x23, 0x22, 0x02, 0x1A, 0x03, 0x1A, 0x03, 0x22, 0x42, 0x09, 0x02, 0x09, 0x03, 0x2A, 0x83, 0x19,
    0xA1, 0x00, 0x01, 0x09, 0x63, 0x11, 0xC1, 0x08, 0x44, 0x11, 0x23, 0x09, 0x64, 0x11, 0x64, 0x11,
    0x64, 0x11, 0xA4, 0x19, 0xC5, 0x19, 0x64, 0x11, 0x23, 0x09, 0xC2, 0x08, 0x61, 0x00, 0x41, 0x00,
    0x41, 0x00, 0x81, 0x00, 0xE2, 0x08, 0x02, 0x09, 0xE2, 0x08, 0xA1, 0x00, 0xA1, 0x08, 0x81, 0x00,
    0x81, 0x00, 0xE1, 0x08, 0xC1, 0x08, 0x81, 0x00, 0x81, 0x00, 0x81, 0x00, 0x43, 0x11, 0xC4, 0x19,
    0x46, 0x22, 0xE4, 0x19, 0xA3, 0x11, 0x82, 0x11, 0x82, 0x11, 0xE4, 0x19, 0xA3, 0x11, 0xE4, 0x19,
    0xA4, 0x19, 0x43, 0x11, 0x60, 0x00, 0x41, 0x00, 0x41, 0x00, 0x41, 0x00, 0x20, 0x00, 0xE2, 0x10,
    0xA1, 0x08, 0x20, 0x00, 0x41, 0x00, 0x61, 0x00, 0x61, 0x00, 0x61, 0x00, 0x61, 0x00, 0x61, 0x00,
    0x41, 0x00, 0xC1, 0x08, 0x61, 0x11, 0x01, 0x09, 0xA1, 0x08, 0xA1, 0x08, 0xA1, 0x08, 0x81, 0x00,
    0xA2, 0x08, 0x81, 0x00, 0xA1, 0x00, 0xC1, 0x08, 0x61, 0x00, 0xA1, 0x00, 0xA1, 0x00, 0xE2, 0x08,
    0xA1, 0x00, 0x81, 0x00, 0x40, 0x00, 0x20, 0x00, 0x61, 0x00, 0x63, 0x11, 0x83, 0x11, 0x83, 0x11,
    0x63, 0x11, 0x01, 0x09, 0xE1, 0x08, 0x01, 0x09, 0x01, 0x09, 0x01, 0x09, 0x01, 0x09, 0x01, 0x09,
    0x42, 0x11, 0x21, 0x09, 0xC1, 0x08, 0x41, 0x00, 0x61, 0x00, 0x41, 0x00, 0x20, 0x00, 0x81, 0x00,
    0xE1, 0x08, 0xA2, 0x19, 0x41, 0x09, 0x82, 0x11, 0x62, 0x11, 0x01, 0x09, 0xE1, 0x08, 0x01, 0x09,
    0x01, 0x09, 0xE1, 0x08, 0x63, 0x21, 0xA8, 0x52, 0x21, 0x11, 0xC3, 0x21, 0xC2, 0x19, 0x44, 0x2A,
    0xE3, 0x21, 0xA3, 0x11, 0xE5, 0x19, 0xC4, 0x19, 0xC5, 0x19, 0x83, 0x11, 0x63, 0x11, 0xA1, 0x00,
    0x61, 0x00, 0x61, 0x00, 0x60, 0x00, 0x41, 0x00, 0x41, 0x00, 0x40, 0x00, 0x41, 0x00, 0x40, 0x00,
    0x83, 0x19, 0x62, 0x11, 0xA3, 0x19, 0x83, 0x19, 0x42, 0x11, 0x84, 0x19, 0x83, 0x11, 0xE5, 0x19,
    0x84, 0x11, 0x01, 0x09, 0x63, 0x11, 0x83, 0x11, 0x83, 0x11, 0xA3, 0x11, 0x83, 0x11, 0xC4, 0x19,
    0xC3, 0x19, 0x05, 0x22, 0xE2, 0x08, 0x40, 0x00, 0x61, 0x00, 0x21, 0x00, 0xA1, 0x08, 0xE2, 0x08,
    0xC2, 0x10, 0x63, 0x21, 0x61, 0x00, 0x40, 0x00, 0xC1, 0x08, 0x81, 0x08, 0x61, 0x00, 0xA1, 0x08,
    0xE2, 0x08, 0x43, 0x11, 0x22, 0x09, 0x02, 0x09, 0x64, 0x11, 0x84, 0x11, 0x63, 0x09, 0x22, 0x09,
    0x22, 0x09, 0x63, 0x11, 0x43, 0x09, 0x84, 0x11, 0x63, 0x09, 0x43, 0x09, 0xA4, 0x11, 0x43, 0x11,
    0xC2, 0x08, 0xA2, 0x08, 0x61, 0x00, 0x81, 0x00, 0xA1, 0x00, 0xE2, 0x08, 0x22, 0x09, 0x63, 0x11,
    0x63, 0x11, 0x83, 0x11, 0x83, 0x11, 0xE1, 0x08, 0xE1, 0x08, 0x01, 0x09, 0x01, 0x09, 0x21, 0x09,
    0x42, 0x11, 0xC1, 0x08, 0xA4, 0x19, 0xC4, 0x11, 0xA3, 0x11, 0x62, 0x11, 0x01, 0x09, 0x62, 0x09,
    0xC4, 0x19, 0xE1, 0x08, 0x02, 0x09, 0xA4, 0x19, 0x63, 0x11, 0x47, 0x2A, 0x26, 0x22, 0x84, 0x11,
    0x26, 0x22, 0xE5, 0x19, 0x84, 0x11, 0x22, 0x09, 0x42, 0x11, 0x63, 0x11, 0x42, 0x09, 0xA4, 0x11,
    0xA4, 0x11, 0x84, 0x11, 0x64, 0x11, 0x61, 0x00, 0x61, 0x00, 0xA1, 0x00, 0xC3, 0x19, 0x65, 0x2A,
    0xE2, 0x19, 0x02, 0x22, 0xA1, 0x11, 0xE1, 0x19, 0xA1, 0x11, 0xC2, 0x19, 0xA1, 0x11, 0xC2, 0x19,
    0x03, 0x22, 0x23, 0x22, 0x03, 0x22, 0x44, 0x2A, 0x42, 0x09, 0x81, 0x00, 0xE1, 0x10, 0xE4, 0x29,
    0xE1, 0x08, 0xC1, 0x08, 0x62, 0x11, 0x43, 0x11, 0x23, 0x09, 0x85, 0x19, 0x64, 0x11, 0x64, 0x11,
    0x84, 0x19, 0x43, 0x11, 0x64, 0x11, 0xE2, 0x08, 0xC1, 0x08, 0x81, 0x00, 0x41, 0x00, 0x20, 0x00,
    0x40, 0x00, 0xA1, 0x00, 0xE2, 0x08, 0xE2, 0x08, 0xE2, 0x08, 0xC1, 0x08, 0xA1, 0x00, 0xE1, 0x08,
    0x22, 0x11, 0xE1, 0x08, 0xA1, 0x00, 0xA1, 0x00, 0xA1, 0x08, 0x81, 0x00, 0x81, 0x00, 0xE5, 0x21,
    0x25, 0x22, 0xC4, 0x11, 0xC3, 0x11, 0xA3, 0x11, 0xE4, 0x19, 0xE3, 0x19, 0xE4, 0x19, 0xC4, 0x19,
    0x02, 0x09, 0x61, 0x00, 0x41, 0x00, 0x41, 0x00, 0x41, 0x00, 0x40, 0x00, 0x41, 0x00, 0x20, 0x00,
    0x20, 0x00, 0x40, 0x00, 0x41, 0x00, 0x61, 0x00, 0x81, 0x00, 0x61, 0x00, 0x61, 0x00, 0x61, 0x00,
    0x61, 0x00, 0x83, 0x19, 0x03, 0x22, 0xA2, 0x19, 0x22, 0x11, 0xC1, 0x08, 0xA1, 0x00, 0xA1, 0x08,
    0xA1, 0x08, 0xA1, 0x08, 0xA1, 0x00, 0xE2, 0x08, 0xA1, 0x00, 0x61, 0x00, 0xA1, 0x00, 0xA1, 0x00,
    0xA1, 0x00, 0x61, 0x00, 0x41, 0x00, 0x21, 0x00, 0x61, 0x00, 0xA4, 0x19, 0xC4, 0x19, 0xA4, 0x19,
    0x01, 0x09, 0xE1, 0x08, 0x01, 0x09, 0x01, 0x09, 0x21, 0x09, 0x61, 0x11, 0x41, 0x09, 0x42, 0x11,
    0x22, 0x09, 0x81, 0x00, 0x61, 0x00, 0x81, 0x00, 0xA1, 0x00, 0xA2, 0x08, 0x40, 0x00, 0x41, 0x00,
    0x01, 0x09, 0x82, 0x11, 0x81, 0x11, 0x21, 0x09, 0x04, 0x22, 0xA3, 0x11, 0x01, 0x09, 0x22, 0x09,
    0x22, 0x11, 0x01, 0x09, 0x63, 0x21, 0x8C, 0x73, 0x84, 0x21, 0x41, 0x09, 0xE3, 0x21, 0xA2, 0x19,
    0x24, 0x2A, 0xC3, 0x21, 0x22, 0x09, 0x63, 0x11, 0xC4, 0x19, 0x63, 0x09, 0x22, 0x09, 0x23, 0x11,
    0xA1, 0x08, 0x81, 0x00, 0x81, 0x00, 0x61, 0x00, 0x41, 0x00, 0x41, 0x00, 0x41, 0x00, 0x81, 0x08,
    0xA2, 0x19, 0x82, 0x19, 0x83, 0x19, 0x83, 0x11, 0x63, 0x11, 0x63, 0x11, 0xC5, 0x19, 0x47, 0x2A,
    0x42, 0x11, 0x42, 0x09, 0x62, 0x11, 0x83, 0x11, 0xA3, 0x11, 0xC3, 0x11, 0xC3, 0x11, 0xE4, 0x19,
    0x25, 0x22, 0x84, 0x19, 0xA1, 0x00, 0x61, 0x00, 0x61, 0x00, 0x61, 0x00, 0x41, 0x00, 0x61, 0x00,
    0x61, 0x00, 0x40, 0x00, 0x40, 0x00, 0x61, 0x00, 0xA4, 0x31, 0x64, 0x29, 0x61, 0x00, 0x02, 0x09,
    0x43, 0x11, 0xE2, 0x08, 0x43, 0x09, 0xA4, 0x19, 0x43, 0x09, 0x63, 0x11, 0x63, 0x11, 0x22, 0x09,
    0x63, 0x11, 0x63, 0x09, 0x63, 0x11, 0xA4, 0x19, 0xA4, 0x11, 0x84, 0x11, 0xA4, 0x11, 0x43, 0x11,
    0x61, 0x00, 0x61, 0x00, 0x61, 0x00, 0x81, 0x00, 0xA1, 0x00, 0xE2, 0x08, 0x84, 0x11, 0xA4, 0x19,
    0x83, 0x11, 0xC4, 0x11, 0x42, 0x09, 0xE1, 0x08, 0x01, 0x09, 0x01, 0x09, 0x21, 0x09, 0x41, 0x09,
    0x43, 0x11, 0x40, 0x00, 0x02, 0x11, 0x05, 0x22, 0x83, 0x11, 0x62, 0x09, 0x42, 0x09, 0xA3, 0x11,
    0x62, 0x09, 0x02, 0x09, 0xE1, 0x08, 0x84, 0x11, 0x67, 0x2A, 0x26, 0x22, 0xA4, 0x11, 0x67, 0x2A,
    0xC5, 0x19, 0xE5, 0x19, 0xE5, 0x19, 0x42, 0x09, 0x42, 0x09, 0x63, 0x11, 0x63, 0x11, 0x83, 0x11,
    0xC4, 0x11, 0x63, 0x11, 0xC1, 0x08, 0x61, 0x00, 0x61, 0x00, 0x61, 0x00, 0xC1, 0x00, 0x62, 0x19,
    0x23, 0x2A, 0x22, 0x22, 0x02, 0x22, 0xE1, 0x19, 0xC1, 0x19, 0xA1, 0x11, 0xC2, 0x19, 0xA1, 0x11,
    0xE2, 0x19, 0x23, 0x22, 0x23, 0x22, 0x24, 0x22, 0xE4, 0x21, 0xE2, 0x10, 0x40, 0x00, 0xE1, 0x08,
    0x22, 0x11, 0xE1, 0x08, 0xE1, 0x08, 0xA3, 0x11, 0xC1, 0x08, 0x44, 0x11, 0xE2, 0x08, 0x43, 0x11,
    0xE2, 0x08, 0x23, 0x11, 0xC1, 0x00, 0xE2, 0x08, 0xA1, 0x00, 0x81, 0x00, 0x82, 0x08, 0x41, 0x00,
    0x61, 0x00, 0xC1, 0x08, 0x02, 0x09, 0x02, 0x11, 0x02, 0x09, 0xC2, 0x08, 0x02, 0x09, 0x63, 0x11,
    0x01, 0x09, 0xC1, 0x08, 0xC1, 0x08, 0xC1, 0x08, 0x81, 0x00, 0x61, 0x00, 0x61, 0x00, 0x43, 0x11,
    0xE4, 0x19, 0xC4, 0x11, 0xC3, 0x19, 0x62, 0x11, 0x04, 0x1A, 0xE4, 0x19, 0x83, 0x11, 0xC2, 0x08,
    0x60, 0x00, 0x81, 0x00, 0x81, 0x08, 0x81, 0x00, 0x81, 0x08, 0x61, 0x00, 0x41, 0x00, 0x41, 0x00,
    0x61, 0x00, 0x61, 0x00, 0x61, 0x00, 0x61, 0x00, 0x61, 0x00, 0x61, 0x00, 0x61, 0x00, 0x61, 0x00,
    0xA1, 0x08, 0x43, 0x11, 0xC1, 0x08, 0xE2, 0x08, 0x62, 0x11, 0x42, 0x11, 0xC1, 0x08, 0xA1, 0x08,
    0x81, 0x00, 0xC1, 0x08, 0xA1, 0x00, 0xE1, 0x08, 0xC1, 0x08, 0x81, 0x08, 0xA1, 0x08, 0xC2, 0x08,
    0xE2, 0x08, 0xA1, 0x08, 0x41, 0x00, 0x41, 0x00, 0x40, 0x00, 0x63, 0x11, 0xE5, 0x19, 0x42, 0x09,
    0x21, 0x09, 0x62, 0x11, 0x62, 0x11, 0xA3, 0x19, 0xA2, 0x11, 0xA3, 0x19, 0x62, 0x11, 0x02, 0x11,
    0x81, 0x00, 0x81, 0x00, 0xC1, 0x08, 0xE1, 0x08, 0xE2, 0x08, 0xC2, 0x08, 0xA1, 0x00, 0x81, 0x00,
    0xC1, 0x08, 0xA2, 0x19, 0xA1, 0x11, 0x40, 0x11, 0x61, 0x11, 0x24, 0x1A, 0x62, 0x11, 0x42, 0x11,
    0x02, 0x09, 0xC0, 0x00, 0x84, 0x21, 0x8D, 0x6B, 0x63, 0x19, 0x21, 0x09, 0xA2, 0x19, 0x04, 0x2A,
    0x82, 0x19, 0x64, 0x32, 0x04, 0x22, 0x21, 0x09, 0xE4, 0x19, 0x05, 0x22, 0x84, 0x11, 0x02, 0x09,
    0xC1, 0x08, 0xA1, 0x00, 0x81, 0x00, 0x81, 0x00, 0x61, 0x00, 0x61, 0x00, 0x40, 0x00, 0x81, 0x00,
    0xE3, 0x21, 0x83, 0x19, 0xE2, 0x08, 0x22, 0x09, 0xA4, 0x19, 0xE5, 0x19, 0xE5, 0x21, 0xA4, 0x19,
    0x22, 0x09, 0xC4, 0x19, 0xA3, 0x11, 0xE4, 0x11, 0xE4, 0x19, 0xC4, 0x11, 0x25, 0x22, 0xE4, 0x19,
    0x63, 0x11, 0x43, 0x09, 0x03, 0x09, 0x61, 0x00, 0x61, 0x00, 0x61, 0x00, 0x61, 0x00, 0x41, 0x00,
    0x40, 0x00, 0x40, 0x00, 0x41, 0x00, 0x61, 0x00, 0xA1, 0x08, 0x61, 0x08, 0x61, 0x00, 0xC2, 0x08,
    0x02, 0x09, 0x84, 0x11, 0x63, 0x11, 0x02, 0x09, 0x63, 0x11, 0xE5, 0x19, 0x43, 0x11, 0x02, 0x09,
    0x83, 0x11, 0x83, 0x11, 0xA4, 0x11, 0xA4, 0x19, 0xE5, 0x19, 0xC4, 0x19, 0x63, 0x11, 0xE2, 0x08,
    0x61, 0x00, 0x61, 0x00, 0x81, 0x00, 0x81, 0x00, 0xE1, 0x08, 0x02, 0x09, 0x63, 0x11, 0x63, 0x11,
    0xC4, 0x11, 0xE4, 0x19, 0x22, 0x09, 0xE1, 0x08, 0x21, 0x09, 0x21, 0x09, 0x21, 0x09, 0x62, 0x11,
    0xE1, 0x08, 0x20, 0x00, 0xA2, 0x08, 0xC4, 0x19, 0x83, 0x11, 0x62, 0x11, 0x42, 0x09, 0x05, 0x1A,
    0x62, 0x09, 0x02, 0x09, 0xA1, 0x00, 0xE5, 0x21, 0x26, 0x22, 0xA4, 0x19, 0x67, 0x2A, 0xC5, 0x19,
    0xE5, 0x19, 0x26, 0x22, 0xA4, 0x11, 0x63, 0x09, 0x83, 0x11, 0x63, 0x09, 0xC4, 0x19, 0x83, 0x11,
    0xA4, 0x11, 0x63, 0x11, 0x60, 0x00, 0x61, 0x00, 0x61, 0x00, 0x61, 0x00, 0x61, 0x00, 0x81, 0x00,
    0x42, 0x11, 0xC3, 0x21, 0x03, 0x22, 0x02, 0x22, 0x02, 0x22, 0xC1, 0x11, 0xE2, 0x19, 0xE1, 0x19,
    0xE2, 0x19, 0x23, 0x22, 0x64, 0x2A, 0x04, 0x22, 0x47, 0x32, 0x85, 0x21, 0x40, 0x00, 0xC2, 0x08,
    0x22, 0x11, 0xE1, 0x08, 0xE1, 0x08, 0x41, 0x11, 0x62, 0x11, 0x81, 0x00, 0x81, 0x00, 0x81, 0x00,
    0x61, 0x00, 0x61, 0x00, 0x61, 0x00, 0xA1, 0x08, 0xE2, 0x08, 0xA1, 0x08, 0x61, 0x00, 0x61, 0x00,
    0xA1, 0x08, 0xA1, 0x08, 0xA1, 0x08, 0xA1, 0x00, 0x81, 0x00, 0x80, 0x00, 0x42, 0x11, 0x01, 0x09,
    0xC1, 0x08, 0xE2, 0x08, 0xC1, 0x08, 0x61, 0x00, 0x61, 0x00, 0x61, 0x00, 0x61, 0x00, 0xA1, 0x00,
    0x63, 0x11, 0xC4, 0x19, 0xE4, 0x19, 0xA3, 0x11, 0x04, 0x1A, 0x63, 0x11, 0x60, 0x00, 0x40, 0x00,
    0xA1, 0x00, 0xE2, 0x08, 0xC1, 0x08, 0xC1, 0x08, 0xC1, 0x08, 0xA1, 0x08, 0x81, 0x00, 0x61, 0x00,
    0x81, 0x00, 0x61, 0x00, 0x61, 0x00, 0x81, 0x00, 0x81, 0x00, 0x81, 0x00, 0x81, 0x00, 0x81, 0x00,
    0x81, 0x00, 0x61, 0x00, 0x61, 0x00, 0x61, 0x00, 0xA1, 0x08, 0xC1, 0x08, 0xA1, 0x08, 0x81, 0x00,
    0xC1, 0x08, 0xA1, 0x00, 0xC1, 0x08, 0x01, 0x09, 0x21, 0x09, 0xC1, 0x08, 0xC2, 0x08, 0xE2, 0x08,
    0xE2, 0x08, 0xA1, 0x08, 0x41, 0x00, 0x41, 0x00, 0x40, 0x00, 0xA4, 0x19, 0xE5, 0x19, 0xC3, 0x11,
    0xA3, 0x11, 0x63, 0x11, 0xC1, 0x08, 0xE1, 0x08, 0x22, 0x09, 0xC1, 0x08, 0xA1, 0x00, 0xA1, 0x00,
    0xA1, 0x00, 0xE2, 0x08, 0x02, 0x09, 0x02, 0x09, 0x22, 0x11, 0x02, 0x09, 0xE2, 0x08, 0xA1, 0x08,
    0x61, 0x00, 0x21, 0x11, 0xA1, 0x19, 0x81, 0x11, 0x20, 0x09, 0x82, 0x11, 0x24, 0x22, 0x82, 0x11,
    0x43, 0x11, 0xC1, 0x00, 0x84, 0x21, 0xC9, 0x52, 0x01, 0x09, 0x01, 0x09, 0x62, 0x09, 0xE3, 0x19,
    0x03, 0x22, 0x82, 0x19, 0x85, 0x32, 0x03, 0x22, 0x04, 0x1A, 0x46, 0x2A, 0x43, 0x09, 0x02, 0x09,
    0xA1, 0x00, 0xA1, 0x00, 0xA1, 0x00, 0xA1, 0x08, 0x81, 0x08, 0x81, 0x00, 0x40, 0x00, 0x81, 0x00,
    0x43, 0x19, 0xA1, 0x00, 0x03, 0x11, 0x02, 0x09, 0xA4, 0x19, 0xA4, 0x11, 0x05, 0x22, 0x63, 0x11,
    0xA3, 0x11, 0xC4, 0x19, 0xC4, 0x19, 0x25, 0x22, 0x25, 0x1A, 0x25, 0x22, 0x05, 0x22, 0x43, 0x11,
    0x03, 0x09, 0x23, 0x09, 0x44, 0x11, 0xA2, 0x08, 0x61, 0x00, 0x61, 0x00, 0x61, 0x00, 0x61, 0x00,
    0x41, 0x00, 0x21, 0x00, 0x41, 0x00, 0x41, 0x00, 0x41, 0x00, 0x61, 0x00, 0x81, 0x00, 0x23, 0x09,
    0x84, 0x11, 0x23, 0x09, 0x43, 0x09, 0xC5, 0x19, 0xA4, 0x11, 0x84, 0x11, 0x22, 0x09, 0x42, 0x11,
    0x63, 0x11, 0xA4, 0x11, 0xA3, 0x11, 0x84, 0x11, 0x05, 0x22, 0xE5, 0x19, 0x43, 0x11, 0xA1, 0x00,
    0x61, 0x00, 0x61, 0x00, 0x81, 0x00, 0xC1, 0x08, 0xC1, 0x08, 0x22, 0x09, 0x84, 0x11, 0xA4, 0x19,
    0xE5, 0x19, 0xC4, 0x19, 0x01, 0x09, 0x41, 0x11, 0x21, 0x09, 0x62, 0x11, 0x62, 0x11, 0x22, 0x11,
    0x60, 0x00, 0x61, 0x00, 0x40, 0x00, 0x64, 0x19, 0xE5, 0x19, 0x42, 0x09, 0xA3, 0x19, 0xE4, 0x19,
    0xA4, 0x11, 0x22, 0x09, 0xC1, 0x08, 0x43, 0x11, 0xC4, 0x19, 0x47, 0x2A, 0xC5, 0x19, 0x05, 0x22,
    0xE5, 0x19, 0x05, 0x22, 0xA3, 0x11, 0x42, 0x09, 0x83, 0x11, 0xA3, 0x11, 0xC4, 0x11, 0xC4, 0x19,
    0x83, 0x11, 0xE2, 0x08, 0x20, 0x00, 0x41, 0x00, 0x61, 0x00, 0x61, 0x00, 0x61, 0x00, 0x61, 0x00,
    0x61, 0x00, 0xA1, 0x00, 0x22, 0x11, 0xE4, 0x21, 0x23, 0x22, 0x43, 0x22, 0x02, 0x22, 0x63, 0x2A,
    0xE1, 0x19, 0x02, 0x22, 0x64, 0x32, 0xC3, 0x21, 0xC5, 0x21, 0x43, 0x19, 0x61, 0x00, 0xC2, 0x08,
    0xE1, 0x08, 0x22, 0x11, 0x01, 0x09, 0xE1, 0x08, 0xC3, 0x19, 0x02, 0x09, 0x61, 0x00, 0x61, 0x00,
    0x61, 0x00, 0x41, 0x00, 0x41, 0x00, 0x41, 0x00, 0xA1, 0x00, 0x02, 0x09, 0xA1, 0x00, 0x40, 0x00,
    0x61, 0x00, 0x41, 0x00, 0x20, 0x00, 0xA2, 0x08, 0xC2, 0x08, 0xC1, 0x00, 0x02, 0x09, 0x81, 0x00,
    0x61, 0x00, 0x40, 0x00, 0x40, 0x00, 0x61, 0x00, 0x61, 0x00, 0x61, 0x00, 0x61, 0x00, 0x61, 0x00,
    0x02, 0x09, 0xA4, 0x19, 0xE4, 0x19, 0xC4, 0x19, 0x43, 0x11, 0x61, 0x00, 0x61, 0x00, 0x81, 0x00,
    0xE1, 0x08, 0xE1, 0x08, 0xE1, 0x08, 0xE1, 0x08, 0xE1, 0x08, 0xC1, 0x08, 0xA1, 0x08, 0xA1, 0x08,
    0x81, 0x00, 0x81, 0x08, 0x61, 0x00, 0x61, 0x00, 0xA1, 0x00, 0xA1, 0x08, 0xA1, 0x08, 0xA1, 0x08,
    0xA2, 0x08, 0xC2, 0x08, 0xA1, 0x08, 0xA1, 0x08, 0x81, 0x00, 0x81, 0x00, 0xA1, 0x08, 0xA1, 0x00,
    0xC1, 0x08, 0xC1, 0x08, 0x02, 0x09, 0x21, 0x09, 0x62, 0x11, 0xE2, 0x08, 0xE2, 0x08, 0xE2, 0x08,
    0x22, 0x09, 0x81, 0x00, 0x61, 0x00, 0x61, 0x00, 0xA1, 0x08, 0x47, 0x2A, 0xE5, 0x19, 0x43, 0x11,
    0xC2, 0x08, 0x61, 0x00, 0x40, 0x00, 0xA1, 0x00, 0xC2, 0x08, 0x81, 0x00, 0xE2, 0x08, 0xE2, 0x08,
    0x43, 0x11, 0xE2, 0x08, 0x43, 0x11, 0x43, 0x09, 0x23, 0x09, 0x22, 0x09, 0x02, 0x09, 0xC1, 0x00,
    0xC2, 0x08, 0xE2, 0x08, 0xE3, 0x21, 0xA1, 0x11, 0x61, 0x11, 0x21, 0x09, 0xE3, 0x19, 0x24, 0x22,
    0x83, 0x11, 0x02, 0x09, 0x03, 0x11, 0x06, 0x2A, 0x62, 0x09, 0x83, 0x11, 0xA3, 0x11, 0xC3, 0x19,
    0x44, 0x2A, 0xC2, 0x19, 0xC3, 0x21, 0xC5, 0x3A, 0x83, 0x11, 0x23, 0x11, 0x02, 0x09, 0xC1, 0x00,
    0xC1, 0x08, 0xE1, 0x08, 0xE2, 0x08, 0xE1, 0x08, 0xC1, 0x08, 0xA1, 0x00, 0x61, 0x00, 0x61, 0x00,
    0x61, 0x00, 0x41, 0x00, 0xA2, 0x08, 0x02, 0x09, 0x43, 0x09, 0xA4, 0x11, 0xA4, 0x11, 0xA4, 0x19,
    0x05, 0x22, 0x25, 0x22, 0x66, 0x2A, 0x66, 0x2A, 0xE5, 0x19, 0x43, 0x11, 0x02, 0x09, 0x23, 0x09,
    0x84, 0x11, 0xC5, 0x19, 0xC5, 0x19, 0xE3, 0x08, 0xA1, 0x08, 0x81, 0x00, 0x81, 0x00, 0x61, 0x00,
    0x61, 0x00, 0x41, 0x00, 0x41, 0x00, 0x61, 0x00, 0x61, 0x00, 0x61, 0x00, 0xE2, 0x08, 0x43, 0x09,
    0x02, 0x09, 0x84, 0x11, 0xC5, 0x19, 0x63, 0x09, 0xA4, 0x11, 0x83, 0x11, 0x02, 0x09, 0x63, 0x11,
    0x43, 0x09, 0x83, 0x11, 0xA3, 0x11, 0x83, 0x11, 0x05, 0x1A, 0xC4, 0x19, 0xE2, 0x08, 0x81, 0x00,
    0x61, 0x00, 0x81, 0x00, 0xA1, 0x08, 0xC1, 0x08, 0xE1, 0x08, 0x63, 0x11, 0x84, 0x11, 0xC5, 0x19,
    0xE5, 0x19, 0xA3, 0x11, 0x01, 0x09, 0x41, 0x09, 0x62, 0x11, 0x82, 0x11, 0xA3, 0x19, 0xC1, 0x00,
    0x61, 0x00, 0x61, 0x00, 0x20, 0x00, 0xA2, 0x08, 0xA4, 0x11, 0x63, 0x11, 0xE4, 0x19, 0xE4, 0x19,
    0xE5, 0x19, 0x23, 0x09, 0xC1, 0x08, 0xC1, 0x08, 0xC4, 0x19, 0xC5, 0x19, 0x06, 0x22, 0xE5, 0x19,
    0x05, 0x22, 0x46, 0x22, 0x83, 0x11, 0x63, 0x11, 0x83, 0x11, 0xC4, 0x19, 0xA4, 0x11, 0x63, 0x11,
    0xA1, 0x08, 0x41, 0x00, 0x20, 0x00, 0x20, 0x00, 0x61, 0x00, 0x61, 0x00, 0x61, 0x00, 0x61, 0x00,
    0x81, 0x00, 0x81, 0x00, 0xC2, 0x08, 0x02, 0x09, 0x62, 0x11, 0x04, 0x22, 0xA5, 0x32, 0x43, 0x2A,
    0x64, 0x2A, 0x02, 0x1A, 0x64, 0x32, 0x25, 0x2A, 0x05, 0x2A, 0x02, 0x11, 0x61, 0x00, 0xC2, 0x08,
    0xA1, 0x00, 0x02, 0x09, 0x42, 0x11, 0x01, 0x09, 0x61, 0x11, 0x83, 0x19, 0x61, 0x00, 0x81, 0x00,
    0x61, 0x00, 0x61, 0x00, 0x61, 0x00, 0x41, 0x00, 0x40, 0x00, 0x81, 0x00, 0x02, 0x11, 0xE2, 0x08,
    0x40, 0x00, 0x20, 0x00, 0x21, 0x00, 0x40, 0x00, 0xE2, 0x08, 0xC2, 0x08, 0x61, 0x00, 0x41, 0x00,
    0x41, 0x00, 0x61, 0x00, 0x61, 0x00, 0x61, 0x00, 0x61, 0x00, 0x81, 0x00, 0x81, 0x00, 0x81, 0x00,
    0x81, 0x00, 0x22, 0x09, 0xC3, 0x19, 0xA4, 0x19, 0x81, 0x00, 0x61, 0x00, 0x81, 0x00, 0x01, 0x09,
    0x22, 0x09, 0x22, 0x09, 0x02, 0x09, 0xE1, 0x08, 0xE1, 0x08, 0xC1, 0x08, 0xC1, 0x08, 0xC1, 0x08,
    0xC1, 0x08, 0x02, 0x11, 0xE2, 0x08, 0xA1, 0x08, 0x81, 0x00, 0xA1, 0x08, 0xA1, 0x08, 0xA1, 0x00,
    0xC2, 0x08, 0xA1, 0x08, 0xC2, 0x08, 0x81, 0x00, 0x81, 0x00, 0xE2, 0x08, 0xA1, 0x00, 0xE2, 0x08,
    0xC1, 0x08, 0xC2, 0x08, 0x01, 0x09, 0x62, 0x11, 0x41, 0x09, 0xC1, 0x08, 0xE2, 0x08, 0x02, 0x09,
    0x02, 0x09, 0x81, 0x00, 0xA1, 0x08, 0x60, 0x00, 0xA1, 0x08, 0x44, 0x11, 0x81, 0x00, 0x20, 0x00,
    0x20, 0x00, 0x41, 0x00, 0x41, 0x00, 0xE2, 0x08, 0xA1, 0x00, 0x02, 0x09, 0xE2, 0x08, 0x43, 0x09,
    0x22, 0x09, 0x02, 0x09, 0x43, 0x11, 0x43, 0x09, 0x43, 0x09, 0x43, 0x11, 0x43, 0x11, 0x23, 0x09,
    0x23, 0x09, 0xC2, 0x08, 0x62, 0x19, 0xE2, 0x19, 0xA1, 0x11, 0x41, 0x11, 0x41, 0x09, 0x24, 0x22,
    0xC3, 0x19, 0xA1, 0x00, 0x61, 0x00, 0x03, 0x11, 0x43, 0x11, 0x02, 0x09, 0x84, 0x19, 0x63, 0x11,
    0x62, 0x11, 0x24, 0x2A, 0x82, 0x19, 0x44, 0x2A, 0x01, 0x11, 0xA1, 0x00, 0xC1, 0x08, 0x02, 0x09,
    0x43, 0x11, 0x22, 0x09, 0x22, 0x09, 0x22, 0x09, 0x02, 0x11, 0xC1, 0x08, 0xA1, 0x08, 0x61, 0x00,
    0x41, 0x00, 0x61, 0x00, 0x60, 0x00, 0xE2, 0x08, 0x42, 0x09, 0x63, 0x11, 0xA4, 0x19, 0xE5, 0x21,
    0x47, 0x2A, 0x05, 0x22, 0x06, 0x22, 0x43, 0x09, 0x23, 0x11, 0xC1, 0x00, 0xC2, 0x08, 0x03, 0x09,
    0x23, 0x09, 0x23, 0x09, 0x44, 0x11, 0xC2, 0x08, 0xA2, 0x08, 0xA2, 0x08, 0x81, 0x00, 0x61, 0x00,
    0x61, 0x00, 0x41, 0x00, 0x61, 0x00, 0x81, 0x00, 0x81, 0x00, 0xC2, 0x08, 0xC1, 0x08, 0x23, 0x09,
    0xC5, 0x19, 0x84, 0x11, 0x43, 0x09, 0xC5, 0x19, 0xC5, 0x19, 0x42, 0x09, 0x22, 0x09, 0x63, 0x11,
    0x83, 0x11, 0x83, 0x11, 0x83, 0x11, 0xC4, 0x19, 0xA4, 0x11, 0x23, 0x11, 0x60, 0x00, 0x40, 0x00,
    0x61, 0x00, 0xA1, 0x00, 0xA1, 0x08, 0xE1, 0x08, 0x02, 0x09, 0x63, 0x11, 0x63, 0x09, 0xA4, 0x11,
    0x05, 0x22, 0x83, 0x11, 0x21, 0x09, 0x42, 0x11, 0x61, 0x11, 0xA2, 0x11, 0x42, 0x11, 0x40, 0x00,
    0x61, 0x00, 0x81, 0x00, 0x41, 0x00, 0x21, 0x00, 0x84, 0x11, 0xC4, 0x19, 0x05, 0x22, 0xE5, 0x21,
    0x23, 0x11, 0xA1, 0x00, 0x81, 0x00, 0x60, 0x00, 0x22, 0x09, 0x26, 0x2A, 0xE5, 0x21, 0x26, 0x22,
    0x05, 0x22, 0xE4, 0x19, 0x63, 0x09, 0xC4, 0x19, 0xA3, 0x11, 0xE5, 0x19, 0x26, 0x22, 0x43, 0x11,
    0x40, 0x00, 0x41, 0x00, 0x41, 0x00, 0x21, 0x00, 0x41, 0x00, 0x61, 0x00, 0x61, 0x00, 0x61, 0x00,
    0x81, 0x00, 0x81, 0x00, 0xE2, 0x08, 0x02, 0x09, 0x02, 0x09, 0x22, 0x09, 0x83, 0x19, 0x03, 0x22,
    0xC6, 0x3A, 0x85, 0x32, 0x44, 0x32, 0xE8, 0x4A, 0x46, 0x3A, 0x22, 0x11, 0x61, 0x00, 0x41, 0x00,
    0x40, 0x00, 0x40, 0x00, 0xA1, 0x08, 0x02, 0x11, 0xA2, 0x19, 0x22, 0x11, 0x61, 0x00, 0x81, 0x00,
    0x81, 0x00, 0x81, 0x00, 0x61, 0x00, 0x61, 0x00, 0x41, 0x00, 0x41, 0x00, 0x61, 0x00, 0xA1, 0x08,
    0xC2, 0x08, 0x40, 0x00, 0x21, 0x00, 0x20, 0x00, 0x81, 0x00, 0x61, 0x00, 0x40, 0x00, 0x41, 0x00,
    0x61, 0x00, 0x61, 0x00, 0x61, 0x00, 0x81, 0x00, 0x81, 0x00, 0x81, 0x00, 0x81, 0x00, 0x81, 0x00,
    0x81, 0x08, 0xA1, 0x00, 0x83, 0x11, 0x23, 0x11, 0x61, 0x00, 0x81, 0x00, 0x42, 0x11, 0x62, 0x11,
    0x42, 0x09, 0x22, 0x09, 0x21, 0x09, 0x01, 0x09, 0x01, 0x09, 0xE1, 0x08, 0xE1, 0x08, 0x01, 0x09,
    0x01, 0x09, 0x01, 0x09, 0x42, 0x11, 0x22, 0x11, 0xC1, 0x08, 0x81, 0x00, 0xC2, 0x08, 0xC2, 0x08,
    0xE2, 0x08, 0xE2, 0x08, 0xE2, 0x08, 0xE2, 0x08, 0xC2, 0x08, 0xA1, 0x00, 0xE2, 0x08, 0x02, 0x09,
    0xE2, 0x00, 0xE2, 0x08, 0xE1, 0x08, 0x42, 0x11, 0x82, 0x19, 0xC1, 0x00, 0xE2, 0x08, 0x22, 0x09,
    0x22, 0x09, 0xC1, 0x08, 0xA1, 0x00, 0x81, 0x00, 0x60, 0x00, 0x40, 0x00, 0x81, 0x00, 0x61, 0x00,
    0x41, 0x00, 0x41, 0x00, 0x41, 0x00, 0xA1, 0x00, 0x23, 0x09, 0x43, 0x09, 0x23, 0x09, 0x63, 0x11,
    0x02, 0x09, 0x63, 0x11, 0x01, 0x09, 0x63, 0x11, 0x63, 0x11, 0x63, 0x11, 0x43, 0x09, 0x43, 0x09,
    0x02, 0x09, 0xC1, 0x08, 0x60, 0x00, 0xE3, 0x21, 0xC1, 0x19, 0x80, 0x11, 0x40, 0x11, 0xA2, 0x11,
    0x65, 0x2A, 0x42, 0x11, 0x60, 0x00, 0x60, 0x00, 0x81, 0x00, 0x61, 0x00, 0x61, 0x00, 0x61, 0x00,
    0x40, 0x00, 0x22, 0x19, 0x23, 0x2A, 0x02, 0x2A, 0xC3, 0x21, 0xA1, 0x08, 0xC2, 0x08, 0x02, 0x09,
    0x03, 0x09, 0xA1, 0x00, 0xA1, 0x00, 0xA1, 0x08, 0xA1, 0x08, 0xA1, 0x00, 0xC1, 0x08, 0x81, 0x00,
    0x81, 0x00, 0xA2, 0x08, 0x81, 0x00, 0x81, 0x00, 0x22, 0x11, 0x42, 0x11, 0x63, 0x11, 0xA4, 0x19,
    0x84, 0x19, 0x02, 0x09, 0x23, 0x09, 0x23, 0x09, 0x43, 0x11, 0x23, 0x09, 0x64, 0x11, 0x23, 0x09,
    0x44, 0x11, 0xC5, 0x19, 0xC5, 0x19, 0x03, 0x09, 0x81, 0x00, 0xC2, 0x08, 0xA2, 0x08, 0x81, 0x00,
    0x81, 0x00, 0x61, 0x00, 0x61, 0x00, 0x61, 0x00, 0x81, 0x00, 0x81, 0x00, 0xA2, 0x00, 0x63, 0x11,
    0x22, 0x09, 0x84, 0x19, 0xE5, 0x19, 0xA4, 0x11, 0xA4, 0x11, 0x22, 0x09, 0xA4, 0x11, 0x63, 0x11,
    0xA4, 0x19, 0x83, 0x11, 0x63, 0x11, 0xE4, 0x19, 0x63, 0x11, 0x81, 0x00, 0x41, 0x00, 0x20, 0x00,
    0x61, 0x00, 0xC1, 0x00, 0xE1, 0x08, 0xE1, 0x08, 0x02, 0x09, 0x83, 0x11, 0xA4, 0x11, 0xA4, 0x11,
    0x05, 0x1A, 0x82, 0x11, 0x41, 0x11, 0x82, 0x11, 0xA2, 0x19, 0x22, 0x11, 0x61, 0x00, 0x61, 0x00,
    0x81, 0x00, 0x81, 0x00, 0x41, 0x00, 0x21, 0x00, 0x64, 0x19, 0x87, 0x32, 0x05, 0x22, 0xE1, 0x08,
    0x81, 0x00, 0x81, 0x00, 0x81, 0x08, 0x81, 0x08, 0x02, 0x09, 0xE5, 0x21, 0x46, 0x2A, 0xE5, 0x19,
    0x26, 0x2A, 0xE5, 0x19, 0x83, 0x11, 0xC4, 0x11, 0xE5, 0x19, 0xE5, 0x19, 0x63, 0x11, 0xA1, 0x00,
    0x40, 0x00, 0x41, 0x00, 0x41, 0x00, 0x21, 0x00, 0x41, 0x00, 0x61, 0x00, 0x81, 0x00, 0x81, 0x00,
    0x81, 0x00, 0xA2, 0x08, 0xE2, 0x08, 0x43, 0x11, 0x22, 0x09, 0xE1, 0x08, 0xE2, 0x08, 0x02, 0x09,
    0x82, 0x11, 0xE7, 0x4A, 0x07, 0x4B, 0xC7, 0x4A, 0x46, 0x3A, 0x23, 0x11, 0x61, 0x00, 0x61, 0x00,
    0x41, 0x00, 0x21, 0x00, 0x20, 0x00, 0x40, 0x00, 0x42, 0x11, 0xC1, 0x08, 0x61, 0x00, 0x81, 0x00,
    0xA1, 0x00, 0x81, 0x00, 0x81, 0x00, 0x41, 0x00, 0x40, 0x00, 0x41, 0x00, 0x20, 0x00, 0x20, 0x00,
    0x61, 0x00, 0x81, 0x00, 0x61, 0x00, 0x61, 0x00, 0x41, 0x00, 0x41, 0x00, 0x40, 0x00, 0x60, 0x00,
    0x61, 0x00, 0xA1, 0x08, 0xE2, 0x08, 0xA1, 0x00, 0xE2, 0x08, 0xE2, 0x08, 0xC2, 0x08, 0xC2, 0x08,
    0xA1, 0x08, 0xA1, 0x00, 0x02, 0x09, 0x81, 0x00, 0x40, 0x00, 0x22, 0x11, 0x82, 0x11, 0x61, 0x09,
    0x42, 0x09, 0x42, 0x11, 0x22, 0x11, 0x21, 0x09, 0x01, 0x09, 0xE1, 0x08, 0x22, 0x09, 0x42, 0x11,
    0x01, 0x09, 0x62, 0x11, 0x82, 0x11, 0x41, 0x09, 0x81, 0x11, 0xC1, 0x00, 0xA1, 0x08, 0xA1, 0x00,
    0xC2, 0x08, 0xC1, 0x08, 0xC1, 0x08, 0xC1, 0x08, 0xA1, 0x08, 0x81, 0x00, 0xC2, 0x08, 0xE2, 0x08,
    0x63, 0x09, 0x02, 0x09, 0xE2, 0x08, 0xE1, 0x08, 0x63, 0x19, 0x02, 0x09, 0x22, 0x09, 0x63, 0x11,
    0x22, 0x09, 0xE1, 0x08, 0xC1, 0x08, 0xA1, 0x08, 0xA1, 0x00, 0xA1, 0x00, 0xA1, 0x00, 0x81, 0x00,
    0x61, 0x00, 0x61, 0x00, 0x61, 0x00, 0x02, 0x09, 0xA4, 0x19, 0x02, 0x09, 0xA4, 0x11, 0x02, 0x09,
    0x63, 0x11, 0x22, 0x09, 0x02, 0x09, 0x63, 0x11, 0x63, 0x11, 0xC5, 0x19, 0x84, 0x11, 0x43, 0x11,
    0x02, 0x09, 0xE1, 0x08, 0x81, 0x00, 0xE1, 0x08, 0xE3, 0x21, 0xE2, 0x19, 0x81, 0x11, 0x41, 0x11,
    0x03, 0x22, 0x65, 0x2A, 0x22, 0x09, 0x81, 0x00, 0x81, 0x08, 0x81, 0x00, 0x81, 0x00, 0xA1, 0x08,
    0x81, 0x00, 0x60, 0x00, 0xE3, 0x29, 0x23, 0x2A, 0x82, 0x19, 0x81, 0x00, 0xA1, 0x00, 0x81, 0x00,
    0x81, 0x00, 0xA1, 0x00, 0xC1, 0x08, 0xE1, 0x08, 0xC1, 0x08, 0xE1, 0x08, 0x22, 0x11, 0x81, 0x00,
    0x81, 0x00, 0x81, 0x08, 0x81, 0x00, 0x81, 0x08, 0x81, 0x08, 0xE1, 0x08, 0x22, 0x09, 0x22, 0x09,
    0x63, 0x11, 0x23, 0x09, 0x43, 0x11, 0x43, 0x11, 0x43, 0x11, 0x64, 0x11, 0xC5, 0x19, 0x64, 0x11,
    0xE2, 0x08, 0x03, 0x11, 0x23, 0x11, 0xE2, 0x08, 0xA1, 0x08, 0xA1, 0x00, 0xA2, 0x08, 0xA1, 0x08,
    0x61, 0x00, 0x61, 0x00, 0x61, 0x00, 0x41, 0x00, 0x61, 0x00, 0x41, 0x00, 0x81, 0x00, 0x01, 0x09,
    0xA4, 0x19, 0xC4, 0x11, 0x63, 0x09, 0xE5, 0x19, 0xA4, 0x11, 0x43, 0x11, 0x83, 0x11, 0x83, 0x11,
    0xA4, 0x19, 0x83, 0x11, 0x83, 0x11, 0xA3, 0x11, 0x63, 0x11, 0x81, 0x08, 0x41, 0x00, 0x20, 0x00,
    0x61, 0x00, 0xC1, 0x08, 0xC1, 0x08, 0xE2, 0x08, 0x43, 0x11, 0x63, 0x11, 0x63, 0x11, 0xC5, 0x19,
    0x04, 0x22, 0x62, 0x11, 0x82, 0x11, 0xC3, 0x19, 0x42, 0x11, 0x61, 0x00, 0x41, 0x00, 0x61, 0x00,
    0xA1, 0x00, 0x61, 0x00, 0x41, 0x00, 0x20, 0x00, 0x44, 0x19, 0xA9, 0x3A, 0xE2, 0x08, 0x81, 0x00,
    0xA1, 0x08, 0xA1, 0x08, 0xA2, 0x08, 0x81, 0x08, 0x61, 0x00, 0x84, 0x19, 0xE5, 0x19, 0x46, 0x2A,
    0x26, 0x22, 0xC4, 0x19, 0xA4, 0x11, 0xE4, 0x11, 0xE4, 0x19, 0xA4, 0x11, 0xC1, 0x08, 0x81, 0x00,
    0x40, 0x00, 0x41, 0x00, 0x41, 0x00, 0x41, 0x00, 0x41, 0x00, 0x41, 0x00, 0x61, 0x00, 0x81, 0x00,
    0xA1, 0x00, 0xA2, 0x00, 0xE2, 0x08, 0x43, 0x11, 0x02, 0x09, 0xE2, 0x08, 0x02, 0x09, 0x02, 0x09,
    0xE1, 0x08, 0x46, 0x32, 0x08, 0x53, 0x87, 0x4A, 0x25, 0x32, 0x43, 0x19, 0x40, 0x00, 0x61, 0x00,
    0x61, 0x00, 0x41, 0x00, 0x21, 0x00, 0x21, 0x00, 0x41, 0x00, 0x81, 0x00, 0x81, 0x00, 0xA2, 0x08,
    0xA1, 0x00, 0xA2, 0x08, 0x81, 0x00, 0x41, 0x00, 0x40, 0x00, 0x41, 0x00, 0x61, 0x00, 0x81, 0x08,
    0x81, 0x00, 0x81, 0x00, 0x82, 0x00, 0x82, 0x00, 0x61, 0x00, 0x81, 0x00, 0xC2, 0x00, 0xE2, 0x08,
    0x43, 0x11, 0x22, 0x09, 0x22, 0x09, 0x23, 0x11, 0x02, 0x09, 0x22, 0x09, 0x22, 0x09, 0x02, 0x09,
    0xA1, 0x00, 0x81, 0x00, 0x61, 0x00, 0x41, 0x00, 0x81, 0x00, 0x62, 0x11, 0x62, 0x11, 0x62, 0x11,
    0x62, 0x11, 0x62, 0x11, 0x62, 0x11, 0x42, 0x11, 0x01, 0x09, 0x22, 0x09, 0x21, 0x09, 0xA3, 0x21,
    0xE4, 0x31, 0x61, 0x11, 0xA2, 0x19, 0x21, 0x09, 0x81, 0x11, 0xC2, 0x19, 0xE1, 0x08, 0xA2, 0x08,
    0x03, 0x09, 0x02, 0x09, 0x02, 0x09, 0x03, 0x09, 0x23, 0x09, 0x22, 0x09, 0xE2, 0x08, 0xE2, 0x08,
    0x02, 0x09, 0x23, 0x11, 0x42, 0x09, 0x22, 0x09, 0x02, 0x09, 0x22, 0x09, 0x63, 0x11, 0xA4, 0x11,
    0x42, 0x09, 0x83, 0x11, 0x01, 0x09, 0xC1, 0x00, 0xC1, 0x00, 0xA1, 0x00, 0xC1, 0x08, 0xC1, 0x08,
    0x81, 0x00, 0x81, 0x08, 0x61, 0x00, 0x84, 0x19, 0x23, 0x09, 0x63, 0x11, 0x63, 0x11, 0x23, 0x11,
    0x84, 0x11, 0x02, 0x09, 0x63, 0x11, 0x02, 0x09, 0xA4, 0x21, 0xE5, 0x21, 0xC5, 0x19, 0x22, 0x09,
    0x22, 0x09, 0x42, 0x11, 0xE1, 0x08, 0x81, 0x00, 0xA1, 0x08, 0xE3, 0x21, 0xA1, 0x19, 0x41, 0x11,
    0x61, 0x11, 0x65, 0x2A, 0x45, 0x2A, 0xE1, 0x08, 0xA1, 0x08, 0xA1, 0x08, 0xA1, 0x00, 0xC2, 0x08,
    0xC1, 0x08, 0x81, 0x00, 0xA1, 0x00, 0xE3, 0x29, 0xC2, 0x21, 0x81, 0x00, 0xC1, 0x08, 0x02, 0x09,
    0xE1, 0x08, 0x23, 0x11, 0x63, 0x11, 0x02, 0x09, 0xC1, 0x00, 0x22, 0x11, 0x02, 0x11, 0x61, 0x00,
    0x61, 0x00, 0x61, 0x00, 0x81, 0x00, 0x81, 0x00, 0x81, 0x00, 0x81, 0x00, 0xC2, 0x08, 0x22, 0x09,
    0x63, 0x11, 0x64, 0x11, 0x43, 0x09, 0x84, 0x11, 0x64, 0x11, 0xA5, 0x11, 0xC5, 0x19, 0xA5, 0x19,
    0x64, 0x11, 0x03, 0x09, 0xE2, 0x08, 0xE2, 0x08, 0xC2, 0x08, 0xA1, 0x08, 0xA1, 0x00, 0xC2, 0x08,
    0xA2, 0x08, 0x81, 0x00, 0x81, 0x00, 0x81, 0x00, 0x81, 0x00, 0x81, 0x00, 0x81, 0x00, 0x42, 0x11,
    0x62, 0x09, 0x63, 0x11, 0xC4, 0x19, 0xC4, 0x19, 0x63, 0x09, 0x83, 0x11, 0x63, 0x11, 0xA4, 0x19,
    0x83, 0x11, 0x83, 0x11, 0xA4, 0x11, 0x63, 0x11, 0xE1, 0x08, 0x81, 0x00, 0x20, 0x00, 0x20, 0x00,
    0x40, 0x00, 0xA1, 0x08, 0x02, 0x09, 0x22, 0x09, 0x42, 0x09, 0x63, 0x11, 0x23, 0x09, 0x26, 0x22,
    0x25, 0x22, 0xA3, 0x11, 0xC3, 0x19, 0x42, 0x11, 0x61, 0x00, 0x61, 0x00, 0x61, 0x00, 0x81, 0x00,
    0x81, 0x00, 0x41, 0x00, 0x41, 0x00, 0x61, 0x00, 0xC2, 0x08, 0xE2, 0x08, 0xA1, 0x00, 0xC2, 0x08,
    0xC2, 0x08, 0xA2, 0x08, 0x81, 0x00, 0x40, 0x00, 0x20, 0x00, 0xA1, 0x00, 0x26, 0x2A, 0x06, 0x22,
    0x26, 0x22, 0x05, 0x1A, 0xC4, 0x11, 0x46, 0x22, 0xE5, 0x19, 0xC1, 0x08, 0xA1, 0x00, 0xA1, 0x08,
    0x61, 0x00, 0x41, 0x00, 0x41, 0x00, 0x41, 0x00, 0x41, 0x00, 0x61, 0x00, 0x61, 0x00, 0x81, 0x00,
    0x82, 0x00, 0xA2, 0x08, 0xE2, 0x08, 0x43, 0x09, 0x22, 0x09, 0x22, 0x09, 0xE2, 0x08, 0xC1, 0x08,
    0xA1, 0x00, 0xE6, 0x31, 0x88, 0x4A, 0xC4, 0x29, 0x05, 0x2A, 0x64, 0x21, 0x41, 0x00, 0x41, 0x00,
    0x41, 0x00, 0x21, 0x00, 0x21, 0x00, 0x21, 0x00, 0x61, 0x00, 0x61, 0x00, 0xA2, 0x00, 0xC2, 0x08,
    0xA2, 0x08, 0x81, 0x00, 0x61, 0x00, 0x41, 0x00, 0x61, 0x00, 0x61, 0x00, 0x41, 0x00, 0x41, 0x00,
    0x41, 0x00, 0x41, 0x00, 0x21, 0x00, 0x40, 0x00, 0x02, 0x09, 0x42, 0x09, 0x43, 0x11, 0x43, 0x09,
    0x22, 0x09, 0x43, 0x11, 0x22, 0x09, 0x02, 0x09, 0x02, 0x09, 0xE1, 0x08, 0x02, 0x09, 0xC1, 0x08,
    0xA1, 0x08, 0xA1, 0x08, 0x81, 0x00, 0x61, 0x00, 0xE1, 0x08, 0xE4, 0x19, 0xC3, 0x19, 0x62, 0x11,
    0x62, 0x09, 0x62, 0x11, 0x62, 0x11, 0x42, 0x11, 0x01, 0x09, 0x42, 0x09, 0x42, 0x11, 0xA3, 0x31,
    0x66, 0x4A, 0x82, 0x11, 0xC2, 0x19, 0x41, 0x09, 0x20, 0x09, 0xC1, 0x19, 0xA2, 0x19, 0xA1, 0x00,
    0xC2, 0x08, 0xE2, 0x08, 0x02, 0x09, 0x02, 0x09, 0x02, 0x09, 0x22, 0x09, 0x22, 0x09, 0xE2, 0x08,
    0xA1, 0x00, 0xA1, 0x00, 0xA1, 0x00, 0x23, 0x11, 0x63, 0x11, 0x42, 0x09, 0x83, 0x11, 0x63, 0x11,
    0x63, 0x11, 0x21, 0x09, 0x01, 0x09, 0x01, 0x09, 0xE1, 0x08, 0xC1, 0x08, 0xC1, 0x08, 0xE1, 0x08,
    0xC1, 0x08, 0x81, 0x00, 0xC2, 0x08, 0x02, 0x09, 0x84, 0x11, 0x06, 0x22, 0x02, 0x09, 0xA4, 0x11,
    0x22, 0x09, 0x63, 0x11, 0x22, 0x09, 0x43, 0x19, 0x67, 0x3A, 0xC4, 0x19, 0x63, 0x11, 0x42, 0x11,
    0x62, 0x11, 0x22, 0x11, 0xA1, 0x00, 0xC2, 0x08, 0x20, 0x00, 0xC1, 0x08, 0xA2, 0x19, 0x81, 0x19,
    0x40, 0x09, 0xE3, 0x19, 0xC7, 0x32, 0x05, 0x22, 0xC1, 0x08, 0xA1, 0x08, 0xE1, 0x08, 0xE1, 0x08,
    0xE2, 0x08, 0xC1, 0x08, 0x61, 0x00, 0x81, 0x00, 0xE5, 0x31, 0xA1, 0x08, 0x61, 0x00, 0x02, 0x09,
    0x42, 0x11, 0x83, 0x11, 0x83, 0x11, 0xC1, 0x00, 0x21, 0x11, 0x22, 0x11, 0x61, 0x00, 0x61, 0x00,
    0x81, 0x00, 0x81, 0x08, 0xA1, 0x08, 0xA2, 0x08, 0xC2, 0x08, 0xA2, 0x08, 0x61, 0x00, 0x41, 0x00,
    0x61, 0x00, 0x03, 0x11, 0x23, 0x09, 0xA5, 0x19, 0x84, 0x11, 0xC5, 0x11, 0xE6, 0x19, 0xA4, 0x11,
    0x43, 0x09, 0x02, 0x09, 0xE2, 0x08, 0xE2, 0x08, 0x02, 0x09, 0xC2, 0x08, 0xA1, 0x00, 0x81, 0x00,
    0xA2, 0x08, 0xA2, 0x08, 0x81, 0x00, 0x81, 0x00, 0x81, 0x00, 0xA1, 0x00, 0x81, 0x08, 0xC1, 0x00,
    0x63, 0x11, 0xA3, 0x11, 0xA3, 0x11, 0xA4, 0x11, 0x42, 0x09, 0x83, 0x11, 0x83, 0x11, 0xA3, 0x11,
    0x83, 0x11, 0xC4, 0x19, 0x42, 0x09, 0xE2, 0x08, 0x81, 0x00, 0x41, 0x00, 0x20, 0x00, 0x41, 0x00,
    0x61, 0x00, 0xA1, 0x08, 0x02, 0x09, 0x42, 0x09, 0x63, 0x11, 0x63, 0x11, 0x43, 0x09, 0xC5, 0x19,
    0x04, 0x22, 0xC3, 0x19, 0xC4, 0x21, 0xA1, 0x08, 0x81, 0x00, 0x81, 0x00, 0x61, 0x00, 0xA1, 0x08,
    0x81, 0x00, 0x41, 0x00, 0x41, 0x00, 0x81, 0x00, 0xC1, 0x08, 0xA1, 0x08, 0xC2, 0x08, 0xC2, 0x08,
    0x81, 0x00, 0x40, 0x00, 0x40, 0x00, 0x41, 0x00, 0x41, 0x00, 0x41, 0x00, 0x23, 0x11, 0x26, 0x2A,
    0x46, 0x2A, 0xE5, 0x19, 0x26, 0x22, 0x84, 0x11, 0xE2, 0x08, 0x81, 0x00, 0x61, 0x00, 0x81, 0x08,
    0x81, 0x00, 0x41, 0x00, 0x41, 0x00, 0x41, 0x00, 0x61, 0x00, 0x61, 0x00, 0x81, 0x00, 0x61, 0x00,
    0x61, 0x00, 0x61, 0x00, 0xC1, 0x08, 0x43, 0x09, 0x42, 0x09, 0x02, 0x09, 0xA1, 0x00, 0x81, 0x00,
    0x81, 0x00, 0x68, 0x4A, 0xE5, 0x29, 0x83, 0x19, 0xE5, 0x29, 0x61, 0x00, 0x41, 0x00, 0x41, 0x00,
    0x21, 0x00, 0x20, 0x00, 0x20, 0x00, 0x20, 0x00, 0x81, 0x08, 0xC2, 0x08, 0xA2, 0x08, 0xC2, 0x08,
    0xC2, 0x08, 0x03, 0x11, 0xA1, 0x08, 0x61, 0x00, 0xC3, 0x08, 0x03, 0x19, 0x41, 0x00, 0x40, 0x00,
    0x41, 0x00, 0x20, 0x00, 0x40, 0x00, 0xC1, 0x08, 0x43, 0x11, 0x63, 0x11, 0x43, 0x09, 0x43, 0x09,
    0x63, 0x11, 0x42, 0x09, 0x22, 0x09, 0x02, 0x09, 0xE1, 0x08, 0xE2, 0x08, 0xA1, 0x00, 0xA1, 0x08,
    0x81, 0x00, 0xA1, 0x08, 0xA1, 0x08, 0x81, 0x00, 0x63, 0x11, 0xA2, 0x11, 0xA2, 0x11, 0xC3, 0x19,
    0xA3, 0x19, 0x82, 0x11, 0x82, 0x11, 0x41, 0x09, 0x41, 0x09, 0x62, 0x11, 0x83, 0x19, 0x25, 0x3A,
    0xA3, 0x29, 0x82, 0x11, 0xE2, 0x19, 0x41, 0x09, 0x21, 0x09, 0x61, 0x11, 0x23, 0x2A, 0xE3, 0x21,
    0xE1, 0x08, 0xE2, 0x08, 0x02, 0x11, 0x02, 0x09, 0x22, 0x09, 0x43, 0x11, 0x43, 0x09, 0x63, 0x11,
    0xA4, 0x11, 0x43, 0x11, 0x40, 0x00, 0x40, 0x00, 0xE2, 0x08, 0x84, 0x11, 0x63, 0x11, 0xC2, 0x08,
    0x22, 0x11, 0xA3, 0x11, 0x62, 0x11, 0x21, 0x09, 0x01, 0x09, 0xE1, 0x08, 0xE1, 0x08, 0x42, 0x09,
    0xE1, 0x08, 0xE2, 0x08, 0x64, 0x11, 0x02, 0x09, 0x27, 0x2A, 0x84, 0x11, 0x43, 0x09, 0x84, 0x11,
    0x22, 0x09, 0x63, 0x11, 0x01, 0x09, 0x83, 0x19, 0xC4, 0x21, 0x63, 0x11, 0x63, 0x09, 0xA2, 0x19,
    0x82, 0x19, 0xC1, 0x00, 0xA1, 0x00, 0xA1, 0x08, 0x41, 0x00, 0x00, 0x00, 0x63, 0x19, 0xE3, 0x21,
    0x61, 0x11, 0x61, 0x11, 0xA6, 0x32, 0xC7, 0x3A, 0xA3, 0x19, 0xE1, 0x08, 0x02, 0x09, 0x22, 0x09,
    0x22, 0x09, 0x01, 0x09, 0x81, 0x00, 0x41, 0x00, 0x61, 0x08, 0x61, 0x00, 0x81, 0x08, 0xA1, 0x00,
    0x83, 0x19, 0xC4, 0x19, 0xE1, 0x08, 0x01, 0x09, 0x22, 0x11, 0xA1, 0x00, 0x81, 0x00, 0xA2, 0x08,
    0xC2, 0x08, 0xA2, 0x08, 0xA1, 0x08, 0x81, 0x00, 0x61, 0x00, 0x41, 0x00, 0x41, 0x00, 0x41, 0x00,
    0x41, 0x00, 0x41, 0x00, 0xA1, 0x00, 0x02, 0x09, 0x23, 0x09, 0xE2, 0x08, 0x64, 0x11, 0x43, 0x11,
    0x03, 0x09, 0x23, 0x09, 0x64, 0x11, 0xE2, 0x08, 0x03, 0x09, 0xC2, 0x08, 0xC2, 0x08, 0xA2, 0x00,
    0xA2, 0x00, 0xC2, 0x08, 0xC2, 0x08, 0xA2, 0x08, 0xC2, 0x08, 0xA2, 0x00, 0x41, 0x00, 0x81, 0x00,
    0x42, 0x11, 0x63, 0x09, 0xC4, 0x19, 0x63, 0x11, 0x83, 0x11, 0x83, 0x11, 0xA4, 0x19, 0xC4, 0x19,
    0x83, 0x11, 0x22, 0x09, 0xE1, 0x08, 0xA1, 0x08, 0x41, 0x00, 0x41, 0x00, 0x41, 0x00, 0x61, 0x00,
    0x41, 0x00, 0x61, 0x00, 0x22, 0x09, 0x63, 0x09, 0x43, 0x09, 0x02, 0x09, 0xA4, 0x11, 0xA4, 0x11,
    0xE4, 0x19, 0x04, 0x1A, 0x22, 0x11, 0x61, 0x00, 0x81, 0x00, 0x81, 0x00, 0x81, 0x00, 0xA1, 0x08,
    0x81, 0x00, 0x61, 0x00, 0x40, 0x00, 0x81, 0x00, 0xC2, 0x08, 0xE2, 0x08, 0xA2, 0x08, 0x61, 0x00,
    0x20, 0x00, 0x20, 0x00, 0x41, 0x00, 0x41, 0x00, 0x41, 0x00, 0x41, 0x00, 0x81, 0x00, 0xC5, 0x19,
    0x26, 0x22, 0x06, 0x22, 0x43, 0x11, 0x81, 0x00, 0x40, 0x00, 0x61, 0x00, 0x41, 0x00, 0x61, 0x00,
    0x61, 0x00, 0x41, 0x00, 0x41, 0x00, 0x61, 0x00, 0x81, 0x00, 0x82, 0x08, 0x82, 0x00, 0x81, 0x00,
    0x61, 0x00, 0x21, 0x00, 0x81, 0x00, 0x43, 0x09, 0x22, 0x09, 0x61, 0x00, 0x61, 0x00, 0x61, 0x00,
    0xC2, 0x08, 0x44, 0x19, 0x42, 0x11, 0xE4, 0x21, 0x23, 0x11, 0x41, 0x00, 0x82, 0x00, 0x61, 0x00,
    0x61, 0x00, 0x61, 0x00, 0x61, 0x00, 0x61, 0x00, 0xA2, 0x08, 0xA2, 0x08, 0x81, 0x00, 0x81, 0x00,
    0x81, 0x00, 0xC2, 0x08, 0x81, 0x00, 0xA1, 0x08, 0xE2, 0x10, 0x03, 0x11, 0xA2, 0x08, 0x81, 0x00,
    0x40, 0x00, 0x61, 0x00, 0x23, 0x11, 0x63, 0x11, 0x63, 0x11, 0x63, 0x11, 0x84, 0x11, 0x63, 0x11,
    0x63, 0x11, 0x83, 0x11, 0x22, 0x09, 0x22, 0x09, 0x02, 0x09, 0xC1, 0x08, 0xC1, 0x08, 0xA1, 0x08,
    0x81, 0x00, 0x81, 0x00, 0x61, 0x00, 0x61, 0x00, 0x62, 0x11, 0x45, 0x22, 0xE3, 0x19, 0xA2, 0x11,
    0x82, 0x11, 0x82, 0x11, 0x82, 0x11, 0x41, 0x09, 0x62, 0x11, 0x82, 0x11, 0xA3, 0x21, 0x85, 0x42,
    0xE3, 0x29, 0x42, 0x11, 0xE2, 0x19, 0x81, 0x11, 0x21, 0x09, 0x41, 0x09, 0x80, 0x11, 0x84, 0x3A,
    0x21, 0x11, 0xE2, 0x08, 0x02, 0x09, 0x43, 0x11, 0x43, 0x11, 0x43, 0x11, 0x43, 0x11, 0x63, 0x11,
    0x63, 0x11, 0x43, 0x11, 0x61, 0x00, 0x20, 0x00, 0x20, 0x00, 0xE2, 0x08, 0xA5, 0x19, 0x40, 0x00,
    0x63, 0x19, 0xC3, 0x19, 0x21, 0x09, 0x21, 0x09, 0x21, 0x09, 0xE1, 0x08, 0xE1, 0x08, 0x62, 0x11,
    0x02, 0x09, 0xC2, 0x08, 0xA1, 0x00, 0xA1, 0x00, 0x23, 0x11, 0x02, 0x09, 0xE5, 0x19, 0x42, 0x11,
    0x43, 0x11, 0x42, 0x09, 0x83, 0x19, 0x05, 0x2A, 0x42, 0x11, 0xE1, 0x00, 0x82, 0x11, 0xA3, 0x19,
    0xE1, 0x08, 0xC1, 0x00, 0xA1, 0x08, 0xA1, 0x08, 0x61, 0x00, 0x20, 0x00, 0x40, 0x00, 0x62, 0x11,
    0xA1, 0x11, 0x81, 0x11, 0x03, 0x22, 0xE8, 0x3A, 0x86, 0x32, 0x22, 0x09, 0x22, 0x09, 0x62, 0x11,
    0x62, 0x09, 0x63, 0x11, 0x02, 0x09, 0x81, 0x00, 0x41, 0x00, 0x21, 0x00, 0xA1, 0x08, 0x22, 0x11,
    0x42, 0x11, 0x02, 0x09, 0x01, 0x09, 0x02, 0x09, 0x61, 0x00, 0x61, 0x00, 0x81, 0x00, 0x61, 0x00,
    0x61, 0x00, 0x20, 0x00, 0x20, 0x00, 0x20, 0x00, 0x20, 0x00, 0x21, 0x00, 0x21, 0x00, 0x21, 0x00,
    0x20, 0x00, 0x21, 0x00, 0x20, 0x00, 0xA1, 0x08, 0x81, 0x00, 0x20, 0x00, 0x61, 0x00, 0xE2, 0x08,
    0x23, 0x09, 0x23, 0x09, 0x84, 0x19, 0x03, 0x09, 0x43, 0x11, 0xE2, 0x08, 0xE2, 0x08, 0xC2, 0x08,
    0xC2, 0x00, 0x81, 0x00, 0xA1, 0x00, 0xC2, 0x08, 0xC2, 0x08, 0xC2, 0x08, 0xA2, 0x08, 0x61, 0x00,
    0x22, 0x09, 0x83, 0x11, 0x83, 0x11, 0x63, 0x11, 0x83, 0x19, 0xA4, 0x19, 0x83, 0x11, 0x22, 0x09,
    0xE1, 0x08, 0xA1, 0x00, 0x81, 0x00, 0x41, 0x00, 0x21, 0x00, 0x41, 0x00, 0x61, 0x00, 0x41, 0x00,
    0x20, 0x00, 0x40, 0x00, 0x22, 0x09, 0x22, 0x09, 0x02, 0x09, 0x02, 0x09, 0x84, 0x11, 0xA5, 0x19,
    0x63, 0x11, 0xE4, 0x19, 0x02, 0x09, 0x81, 0x00, 0xC2, 0x08, 0xA1, 0x00, 0xA1, 0x08, 0xA1, 0x08,
    0x81, 0x00, 0x61, 0x00, 0x61, 0x00, 0xA1, 0x08, 0xC2, 0x08, 0x81, 0x00, 0x41, 0x00, 0x40, 0x00,
    0x41, 0x00, 0x41, 0x00, 0x61, 0x00, 0x61, 0x00, 0x81, 0x00, 0x81, 0x00, 0x60, 0x00, 0x23, 0x11,
    0xA8, 0x32, 0xA5, 0x19, 0x60, 0x00, 0x60, 0x00, 0x61, 0x00, 0x61, 0x00, 0x61, 0x00, 0x81, 0x00,
    0x81, 0x00, 0x61, 0x00, 0x41, 0x00, 0x61, 0x00, 0x61, 0x00, 0x81, 0x00, 0x61, 0x00, 0x61, 0x00,
    0x61, 0x00, 0x21, 0x00, 0x61, 0x00, 0x63, 0x11, 0xA1, 0x08, 0x61, 0x00, 0xA1, 0x00, 0x23, 0x11,
    0x64, 0x21, 0xE2, 0x10, 0xC4, 0x21, 0x63, 0x19, 0x61, 0x00, 0x41, 0x00, 0x41, 0x00, 0x61, 0x00,
    0x61, 0x00, 0x61, 0x00, 0x61, 0x00, 0x61, 0x00, 0xA2, 0x08, 0x81, 0x00, 0x81, 0x00, 0x61, 0x00,
    0x40, 0x00, 0x20, 0x00, 0x40, 0x00, 0xC2, 0x08, 0xA1, 0x00, 0xC1, 0x08, 0xE2, 0x08, 0xC2, 0x08,
    0xE2, 0x08, 0x84, 0x19, 0xA4, 0x19, 0x63, 0x11, 0x63, 0x11, 0x84, 0x11, 0x43, 0x09, 0x63, 0x11,
    0x43, 0x11, 0x22, 0x09, 0x43, 0x11, 0xE2, 0x08, 0xE2, 0x08, 0xC2, 0x08, 0xC1, 0x08, 0xA1, 0x08,
    0x81, 0x00, 0x81, 0x00, 0x61, 0x00, 0x60, 0x00, 0x22, 0x11, 0xE3, 0x19, 0xC2, 0x11, 0xE3, 0x19,
    0xC2, 0x19, 0x82, 0x11, 0x62, 0x11, 0x21, 0x09, 0x82, 0x11, 0x83, 0x11, 0x82, 0x11, 0x84, 0x3A,
    0x64, 0x3A, 0x62, 0x11, 0x23, 0x22, 0xC2, 0x19, 0x21, 0x09, 0x41, 0x11, 0x60, 0x11, 0x22, 0x2A,
    0x82, 0x19, 0x22, 0x09, 0x02, 0x09, 0x22, 0x09, 0x42, 0x09, 0x63, 0x11, 0x63, 0x11, 0x84, 0x11,
    0xC5, 0x19, 0xE5, 0x21, 0xA1, 0x08, 0x21, 0x00, 0x41, 0x00, 0x40, 0x00, 0x81, 0x00, 0x41, 0x00,
    0x63, 0x11, 0x62, 0x09, 0x42, 0x11, 0x41, 0x09, 0x01, 0x09, 0x01, 0x09, 0xE1, 0x08, 0x42, 0x11,
    0x22, 0x09, 0x81, 0x00, 0x61, 0x00, 0xA1, 0x08, 0x80, 0x00, 0x84, 0x11, 0xC4, 0x19, 0x02, 0x09,
    0x63, 0x11, 0x83, 0x19, 0x86, 0x3A, 0xC4, 0x21, 0xE1, 0x08, 0x62, 0x11, 0xE3, 0x21, 0x22, 0x09,
    0xE2, 0x08, 0xC1, 0x08, 0xC1, 0x08, 0xC1, 0x08, 0x81, 0x08, 0x20, 0x00, 0x20, 0x00, 0xC1, 0x08,
    0xC2, 0x19, 0xC1, 0x19, 0xA2, 0x11, 0x86, 0x32, 0xE8, 0x3A, 0x83, 0x19, 0x42, 0x09, 0x63, 0x11,
    0x83, 0x11, 0xA3, 0x11, 0x83, 0x11, 0xE2, 0x08, 0x61, 0x00, 0x41, 0x00, 0x61, 0x00, 0x22, 0x11,
    0x62, 0x11, 0x21, 0x09, 0x02, 0x09, 0x60, 0x00, 0x41, 0x00, 0x40, 0x00, 0xE2, 0x10, 0xE2, 0x10,
    0xA2, 0x08, 0xC2, 0x10, 0xC2, 0x08, 0xA1, 0x00, 0xC1, 0x08, 0xA1, 0x08, 0x81, 0x08, 0xA1, 0x08,
    0x81, 0x00, 0x81, 0x00, 0x61, 0x00, 0x61, 0x00, 0x40, 0x00, 0x21, 0x00, 0x21, 0x00, 0x40, 0x00,
    0x81, 0x00, 0x03, 0x09, 0x64, 0x11, 0x23, 0x09, 0x44, 0x09, 0x23, 0x09, 0x23, 0x09, 0xE2, 0x08,
    0xE2, 0x08, 0xC2, 0x08, 0x81, 0x00, 0xA1, 0x08, 0xC2, 0x08, 0xC2, 0x08, 0xC2, 0x08, 0x81, 0x00,
    0xA1, 0x08, 0x63, 0x11, 0x63, 0x09, 0x83, 0x11, 0xA4, 0x19, 0x84, 0x19, 0x01, 0x09, 0xC1, 0x00,
    0xC2, 0x08, 0x61, 0x00, 0x20, 0x00, 0x20, 0x00, 0x41, 0x00, 0x61, 0x08, 0x41, 0x00, 0x20, 0x00,
    0x20, 0x00, 0x20, 0x00, 0x81, 0x00, 0x02, 0x09, 0xE2, 0x08, 0xE2, 0x08, 0xA1, 0x00, 0x81, 0x00,
    0x60, 0x00, 0x02, 0x11, 0xC1, 0x08, 0xC2, 0x08, 0xE2, 0x08, 0xC1, 0x00, 0xC1, 0x08, 0xC2, 0x08,
    0x81, 0x00, 0x81, 0x08, 0x61, 0x00, 0x61, 0x00, 0x61, 0x00, 0x40, 0x00, 0x41, 0x00, 0x41, 0x00,
    0x61, 0x00, 0x61, 0x00, 0x61, 0x00, 0x81, 0x00, 0x81, 0x00, 0x81, 0x00, 0x81, 0x00, 0xA1, 0x00,
    0x64, 0x11, 0xA1, 0x08, 0x61, 0x00, 0x81, 0x00, 0x81, 0x00, 0x61, 0x00, 0x61, 0x00, 0x81, 0x00,
    0x81, 0x00, 0x81, 0x08, 0x61, 0x00, 0x61, 0x00, 0x61, 0x00, 0x61, 0x00, 0x81, 0x00, 0xA2, 0x08,
    0x81, 0x08, 0x41, 0x00, 0x61, 0x00, 0xC1, 0x08, 0x81, 0x00, 0xE2, 0x08, 0x23, 0x11, 0x23, 0x19,
    0xE2, 0x10, 0x81, 0x00, 0x23, 0x11, 0xC1, 0x08, 0x81, 0x00, 0x61, 0x00, 0x41, 0x00, 0x41, 0x00,
    0x41, 0x00, 0x41, 0x00, 0x21, 0x00, 0x61, 0x00, 0xC2, 0x08, 0x81, 0x00, 0xC2, 0x08, 0x81, 0x08,
    0x40, 0x00, 0x41, 0x00, 0x40, 0x00, 0xC2, 0x08, 0xC1, 0x08, 0xA1, 0x00, 0xA1, 0x00, 0xA1, 0x08,
    0xE2, 0x08, 0x22, 0x09, 0x63, 0x11, 0x63, 0x11, 0x84, 0x11, 0x84, 0x11, 0x63, 0x11, 0x63, 0x11,
    0x22, 0x09, 0x22, 0x09, 0x02, 0x09, 0xC1, 0x08, 0xC1, 0x08, 0xA1, 0x00, 0xC1, 0x08, 0xC1, 0x08,
    0xA1, 0x08, 0xA1, 0x00, 0x81, 0x00, 0x81, 0x00, 0x02, 0x11, 0x44, 0x2A, 0x23, 0x22, 0xC2, 0x11,
    0x82, 0x11, 0x82, 0x11, 0x82, 0x11, 0x82, 0x11, 0xA2, 0x11, 0xA3, 0x11, 0x82, 0x11, 0x84, 0x3A,
    0x64, 0x32, 0x62, 0x11, 0x23, 0x22, 0xE2, 0x19, 0x41, 0x09, 0x41, 0x11, 0x40, 0x11, 0x01, 0x2A,
    0xC2, 0x21, 0x22, 0x09, 0x22, 0x09, 0x22, 0x09, 0x22, 0x09, 0x83, 0x11, 0x63, 0x11, 0x83, 0x11,
    0xC4, 0x19, 0xA4, 0x19, 0xC2, 0x08, 0x41, 0x00, 0x41, 0x00, 0x41, 0x00, 0x41, 0x00, 0x41, 0x00,
    0xC1, 0x08, 0xE4, 0x21, 0x82, 0x11, 0x01, 0x09, 0x21, 0x09, 0x01, 0x09, 0xE1, 0x08, 0x62, 0x11,
    0x63, 0x11, 0xE2, 0x08, 0x81, 0x00, 0x02, 0x11, 0x81, 0x00, 0x64, 0x11, 0x84, 0x11, 0xA4, 0x11,
    0xA3, 0x11, 0xE4, 0x21, 0x65, 0x32, 0x62, 0x11, 0x42, 0x09, 0xC3, 0x19, 0x21, 0x09, 0xE2, 0x08,
    0x02, 0x09, 0xE1, 0x08, 0xE1, 0x08, 0x02, 0x09, 0xC1, 0x08, 0x40, 0x00, 0x41, 0x00, 0x81, 0x08,
    0x42, 0x11, 0x03, 0x22, 0xE2, 0x19, 0x03, 0x22, 0xE7, 0x42, 0x25, 0x2A, 0x21, 0x09, 0x63, 0x11,
    0x83, 0x11, 0xC4, 0x11, 0xC4, 0x11, 0x63, 0x11, 0x61, 0x00, 0x61, 0x00, 0x61, 0x00, 0x61, 0x00,
    0x83, 0x19, 0xA3, 0x19, 0x81, 0x00, 0x41, 0x00, 0x61, 0x00, 0xC2, 0x08, 0xC2, 0x08, 0x23, 0x19,
    0x23, 0x19, 0x24, 0x19, 0x06, 0x32, 0x22, 0x09, 0x02, 0x09, 0x01, 0x09, 0x01, 0x09, 0x02, 0x09,
    0x02, 0x09, 0x22, 0x09, 0x22, 0x11, 0x23, 0x11, 0xC2, 0x08, 0x20, 0x00, 0x21, 0x00, 0x61, 0x00,
    0x40, 0x00, 0xA2, 0x08, 0xE2, 0x08, 0x03, 0x09, 0x44, 0x11, 0x44, 0x11, 0x43, 0x09, 0x03, 0x09,
    0xE2, 0x08, 0xE2, 0x08, 0xC2, 0x08, 0xA1, 0x00, 0xA2, 0x08, 0xE2, 0x08, 0x03, 0x09, 0xC2, 0x08,
    0x61, 0x00, 0x22, 0x09, 0x63, 0x09, 0x84, 0x19, 0x63, 0x19, 0xE2, 0x08, 0xA1, 0x08, 0x81, 0x00,
    0x41, 0x00, 0x20, 0x00, 0x20, 0x00, 0x41, 0x00, 0x61, 0x00, 0x41, 0x00, 0x20, 0x00, 0x41, 0x00,
    0x20, 0x00, 0x20, 0x00, 0x20, 0x00, 0xC2, 0x08, 0xE2, 0x08, 0x61, 0x00, 0x21, 0x00, 0x20, 0x00,
    0x61, 0x00, 0x41, 0x00, 0x61, 0x00, 0xA1, 0x08, 0xE2, 0x08, 0xE2, 0x08, 0xC1, 0x08, 0xA1, 0x00,
    0xA2, 0x08, 0xA1, 0x08, 0x40, 0x00, 0x40, 0x00, 0x41, 0x00, 0x41, 0x00, 0x41, 0x00, 0x41, 0x00,
    0x61, 0x00, 0x81, 0x00, 0x81, 0x00, 0x81, 0x00, 0xA1, 0x08, 0xA1, 0x08, 0xA1, 0x08, 0xA1, 0x08,
    0x81, 0x00, 0xC1, 0x08, 0xA1, 0x08, 0x81, 0x00, 0x81, 0x00, 0x81, 0x00, 0x81, 0x00, 0xA1, 0x00,
    0x81, 0x00, 0xA1, 0x08, 0x81, 0x00, 0x61, 0x00, 0x61, 0x00, 0x81, 0x00, 0x81, 0x00, 0xA2, 0x00,
    0xA1, 0x08, 0x40, 0x00, 0x61, 0x00, 0xC2, 0x08, 0x02, 0x09, 0x03, 0x09, 0xA1, 0x00, 0x61, 0x00,
    0x41, 0x00, 0x61, 0x00, 0x81, 0x00, 0xA1, 0x00, 0xA1, 0x00, 0xA1, 0x08, 0x81, 0x00, 0x60, 0x00,
    0x41, 0x00, 0x41, 0x00, 0x41, 0x00, 0x61, 0x00, 0xE2, 0x08, 0xA1, 0x00, 0xE2, 0x08, 0xA2, 0x08,
    0x40, 0x00, 0x41, 0x00, 0x41, 0x00, 0x81, 0x00, 0x02, 0x09, 0xC1, 0x08, 0xA1, 0x00, 0x81, 0x00,
    0x81, 0x00, 0xC1, 0x00, 0xE2, 0x08, 0x43, 0x11, 0x63, 0x11, 0x83, 0x11, 0xA4, 0x11, 0x83, 0x11,
    0x83, 0x11, 0x84, 0x11, 0x02, 0x09, 0x22, 0x11, 0x02, 0x09, 0xE2, 0x08, 0xE2, 0x08, 0xE2, 0x08,
    0xC2, 0x08, 0xE2, 0x10, 0xC1, 0x08, 0xC2, 0x08, 0x63, 0x19, 0xE3, 0x21, 0xC2, 0x19, 0xE2, 0x19,
    0xA2, 0x11, 0x82, 0x11, 0x61, 0x11, 0x61, 0x09, 0xE3, 0x19, 0xA2, 0x11, 0x62, 0x11, 0x44, 0x32,
    0x65, 0x3A, 0x22, 0x09, 0x23, 0x22, 0x02, 0x22, 0x61, 0x11, 0x40, 0x09, 0x61, 0x11, 0xE2, 0x21,
    0x82, 0x19, 0x22, 0x09, 0x22, 0x09, 0x22, 0x09, 0x42, 0x09, 0x22, 0x09, 0x63, 0x11, 0xC4, 0x19,
    0xA4, 0x19, 0x84, 0x11, 0x03, 0x11, 0x41, 0x00, 0x41, 0x00, 0x41, 0x00, 0x41, 0x00, 0x41, 0x00,
    0x61, 0x00, 0x83, 0x19, 0x41, 0x09, 0x42, 0x11, 0x21, 0x09, 0x01, 0x09, 0xE1, 0x08, 0x63, 0x11,
    0x05, 0x1A, 0x63, 0x11, 0xC1, 0x08, 0x02, 0x09, 0xE2, 0x08, 0xC1, 0x00, 0x02, 0x09, 0xE5, 0x19,
    0xC3, 0x19, 0x65, 0x32, 0xC3, 0x21, 0x01, 0x09, 0xE4, 0x21, 0x62, 0x11, 0xE1, 0x08, 0x02, 0x09,
    0x42, 0x09, 0x42, 0x09, 0x02, 0x09, 0x02, 0x09, 0xA1, 0x08, 0x20, 0x00, 0x41, 0x00, 0xA1, 0x08,
    0xE1, 0x08, 0xC3, 0x21, 0x43, 0x2A, 0xE3, 0x21, 0xA6, 0x32, 0x86, 0x32, 0x83, 0x11, 0x63, 0x11,
    0x83, 0x11, 0xA3, 0x11, 0xE4, 0x19, 0xC3, 0x19, 0x81, 0x00, 0x61, 0x00, 0x61, 0x00, 0x61, 0x00,
    0xE2, 0x08, 0x42, 0x11, 0x41, 0x00, 0x61, 0x00, 0xA2, 0x08, 0xC2, 0x10, 0xA2, 0x08, 0x81, 0x00,
    0xE3, 0x10, 0x44, 0x19, 0x23, 0x11, 0xC4, 0x21, 0x22, 0x11, 0x02, 0x09, 0x22, 0x09, 0x22, 0x09,
    0x22, 0x09, 0x22, 0x09, 0x22, 0x09, 0x22, 0x09, 0x42, 0x11, 0x02, 0x09, 0x81, 0x00, 0x61, 0x00,
    0x61, 0x00, 0x61, 0x00, 0x61, 0x00, 0x61, 0x00, 0xC2, 0x08, 0xC2, 0x08, 0xE2, 0x08, 0x23, 0x11,
    0x23, 0x11, 0x03, 0x09, 0x23, 0x09, 0x23, 0x09, 0xE2, 0x08, 0xA1, 0x00, 0xE2, 0x08, 0x03, 0x09,
    0x61, 0x00, 0xE1, 0x08, 0x83, 0x19, 0x02, 0x09, 0xA1, 0x00, 0x81, 0x00, 0x41, 0x00, 0x20, 0x00,
    0x20, 0x00, 0x20, 0x00, 0x41, 0x00, 0x61, 0x00, 0x41, 0x00, 0x20, 0x00, 0x41, 0x00, 0x41, 0x00,
    0x20, 0x00, 0x20, 0x00, 0x20, 0x00, 0x61, 0x00, 0x61, 0x00, 0x21, 0x00, 0x21, 0x00, 0x41, 0x00,
    0x61, 0x00, 0x61, 0x00, 0x61, 0x00, 0x61, 0x00, 0x61, 0x00, 0x81, 0x00, 0x02, 0x09, 0xA1, 0x08,
    0x41, 0x00, 0x40, 0x00, 0x20, 0x00, 0x20, 0x00, 0x41, 0x00, 0x41, 0x00, 0x41, 0x00, 0x61, 0x00,
    0x61, 0x00, 0x60, 0x00, 0x81, 0x08, 0xA1, 0x08, 0xA1, 0x08, 0xA1, 0x08, 0xA1, 0x08, 0xA1, 0x08,
    0xC1, 0x08, 0xA1, 0x08, 0xC2, 0x08, 0xA1, 0x00, 0x81, 0x00, 0x81, 0x00, 0x81, 0x00, 0xA1, 0x08,
    0x81, 0x08, 0xC1, 0x08, 0xC1, 0x08, 0x61, 0x00, 0x61, 0x00, 0x61, 0x00, 0xA1, 0x08, 0xA2, 0x08,
    0x81, 0x00, 0xA1, 0x00, 0xE2, 0x08, 0x02, 0x11, 0xA1, 0x00, 0xA2, 0x08, 0xA2, 0x08, 0x61, 0x00,
    0x81, 0x08, 0xA1, 0x08, 0x81, 0x00, 0xA1, 0x00, 0xA1, 0x00, 0xA1, 0x00, 0xC1, 0x08, 0xE2, 0x08,
    0x81, 0x00, 0x21, 0x00, 0x40, 0x00, 0x40, 0x00, 0xE2, 0x08, 0x23, 0x09, 0x43, 0x11, 0xC2, 0x08,
    0x60, 0x00, 0x41, 0x00, 0x41, 0x00, 0x41, 0x00, 0xC2, 0x08, 0x02, 0x09, 0xC2, 0x08, 0x81, 0x00,
    0x81, 0x00, 0x81, 0x00, 0xA1, 0x00, 0x22, 0x11, 0x63, 0x09, 0xA4, 0x11, 0x84, 0x11, 0xA4, 0x19,
    0x84, 0x11, 0x22, 0x09, 0x63, 0x11, 0x43, 0x11, 0x02, 0x09, 0x22, 0x11, 0xE2, 0x08, 0x02, 0x09,
    0x63, 0x19, 0xC5, 0x31, 0x21, 0x11, 0xE2, 0x08, 0xE2, 0x10, 0x83, 0x21, 0x04, 0x2A, 0xA2, 0x11,
    0xC2, 0x19, 0xE3, 0x19, 0x61, 0x11, 0x82, 0x11, 0xC2, 0x11, 0xC3, 0x19, 0x62, 0x11, 0x44, 0x2A,
    0x04, 0x2A, 0xA1, 0x00, 0x04, 0x22, 0x02, 0x22, 0xA1, 0x19, 0x40, 0x09, 0x61, 0x11, 0xE2, 0x21,
    0x42, 0x11, 0x63, 0x09, 0x42, 0x09, 0x42, 0x09, 0x42, 0x11, 0x22, 0x09, 0x63, 0x09, 0xA3, 0x11,
    0x84, 0x11, 0xA4, 0x19, 0x44, 0x11, 0x41, 0x00, 0x41, 0x00, 0x41, 0x00, 0x41, 0x00, 0x41, 0x00,
    0x41, 0x00, 0x02, 0x09, 0xE4, 0x19, 0x82, 0x11, 0x21, 0x09, 0x01, 0x09, 0x01, 0x09, 0x01, 0x09,
    0xC4, 0x19, 0xC4, 0x11, 0x22, 0x09, 0xE1, 0x08, 0x22, 0x09, 0xE1, 0x08, 0xC1, 0x08, 0x43, 0x11,
    0x45, 0x2A, 0x04, 0x22, 0x01, 0x09, 0x42, 0x11, 0x83, 0x19, 0x22, 0x09, 0x02, 0x09, 0xE1, 0x08,
    0x22, 0x09, 0x43, 0x11, 0x43, 0x09, 0x42, 0x09, 0xA1, 0x08, 0x20, 0x00, 0x41, 0x00, 0xC2, 0x08,
    0x22, 0x09, 0x21, 0x09, 0x25, 0x2A, 0x24, 0x2A, 0x03, 0x1A, 0x86, 0x32, 0x62, 0x11, 0x63, 0x11,
    0x83, 0x11, 0xA4, 0x11, 0xC4, 0x19, 0x04, 0x1A, 0x22, 0x09, 0x60, 0x00, 0x61, 0x00, 0x81, 0x00,
    0xA1, 0x00, 0xE2, 0x08, 0x02, 0x09, 0x61, 0x00, 0x21, 0x00, 0x40, 0x00, 0x41, 0x00, 0x20, 0x00,
    0x40, 0x00, 0x03, 0x11, 0xC1, 0x08, 0x47, 0x3A, 0x46, 0x3A, 0x22, 0x11, 0x02, 0x09, 0x02, 0x09,
    0x01, 0x09, 0x22, 0x09, 0x22, 0x09, 0x22, 0x09, 0x22, 0x09, 0x62, 0x11, 0xA3, 0x19, 0xE2, 0x08,
    0x41, 0x00, 0x20, 0x00, 0x21, 0x00, 0x21, 0x00, 0x20, 0x00, 0x20, 0x00, 0x61, 0x00, 0x81, 0x00,
    0xC2, 0x08, 0xC2, 0x08, 0xE3, 0x08, 0x03, 0x09, 0x23, 0x11, 0x03, 0x09, 0x23, 0x09, 0xE3, 0x08,
    0xE2, 0x08, 0x02, 0x09, 0xC1, 0x08, 0x61, 0x00, 0x41, 0x00, 0x41, 0x00, 0x20, 0x00, 0x20, 0x00,
    0x41, 0x00, 0x41, 0x00, 0x41, 0x00, 0x41, 0x00, 0x21, 0x00, 0x21, 0x00, 0x21, 0x00, 0x21, 0x00,
    0x20, 0x00, 0x20, 0x00, 0x20, 0x00, 0x20, 0x00, 0x00, 0x00, 0x21, 0x00, 0x41, 0x00, 0x41, 0x00,
    0x61, 0x00, 0x61, 0x00, 0x61, 0x00, 0x61, 0x00, 0x61, 0x00, 0x81, 0x00, 0x02, 0x09, 0xC1, 0x08,
    0x40, 0x00, 0x41, 0x00, 0x21, 0x00, 0x20, 0x00, 0x20, 0x00, 0x41, 0x00, 0x61, 0x00, 0x81, 0x00,
    0x81, 0x00, 0x81, 0x08, 0x81, 0x00, 0x81, 0x08, 0xC1, 0x08, 0xC1, 0x08, 0xE2, 0x08, 0xE1, 0x08,
    0xC1, 0x08, 0xE2, 0x08, 0xC1, 0x08, 0xA1, 0x08, 0x81, 0x00, 0xA1, 0x08, 0x81, 0x00, 0xC1, 0x08,
    0xA1, 0x08, 0xC1, 0x08, 0xE1, 0x08, 0x61, 0x00, 0x61, 0x00, 0x81, 0x00, 0x81, 0x00, 0xA1, 0x00,
    0xA2, 0x08, 0xE2, 0x08, 0xE2, 0x08, 0x81, 0x00, 0x41, 0x00, 0x41, 0x00, 0x61, 0x00, 0x40, 0x00,
    0x61, 0x00, 0x81, 0x00, 0xA1, 0x08, 0xA1, 0x08, 0xA1, 0x00, 0xA1, 0x08, 0xA1, 0x08, 0x02, 0x09,
    0xC1, 0x08, 0x21, 0x00, 0x41, 0x00, 0x41, 0x00, 0xA2, 0x08, 0x03, 0x09, 0xE2, 0x08, 0x81, 0x00,
    0x61, 0x00, 0x61, 0x00, 0x41, 0x00, 0x41, 0x00, 0x60, 0x00, 0xE2, 0x08, 0x23, 0x11, 0xC1, 0x08,
    0xA1, 0x00, 0x81, 0x00, 0x81, 0x00, 0xC1, 0x08, 0x22, 0x09, 0x83, 0x11, 0xC4, 0x19, 0x63, 0x09,
    0x63, 0x11, 0xC5, 0x19, 0x02, 0x09, 0x22, 0x09, 0x84, 0x11, 0xC2, 0x00, 0x23, 0x09, 0xA2, 0x11,
    0xA2, 0x19, 0x01, 0x09, 0x41, 0x09, 0x02, 0x09, 0x43, 0x19, 0xA3, 0x21, 0x63, 0x21, 0xE4, 0x29,
    0xE3, 0x19, 0xC3, 0x19, 0x62, 0x11, 0x82, 0x11, 0xC3, 0x11, 0xC3, 0x11, 0xC3, 0x19, 0xE3, 0x19,
    0x22, 0x09, 0x20, 0x00, 0xA3, 0x19, 0x43, 0x22, 0xE2, 0x19, 0x60, 0x09, 0x80, 0x11, 0x02, 0x2A,
    0x42, 0x11, 0xA4, 0x11, 0x42, 0x09, 0x42, 0x11, 0x42, 0x11, 0x22, 0x09, 0x42, 0x11, 0x42, 0x09,
    0x63, 0x11, 0xA4, 0x11, 0x44, 0x11, 0x41, 0x00, 0x41, 0x00, 0x41, 0x00, 0x41, 0x00, 0x41, 0x00,
    0x41, 0x00, 0xA1, 0x08, 0xA4, 0x19, 0x61, 0x11, 0x41, 0x11, 0x21, 0x11, 0x01, 0x09, 0x01, 0x09,
    0xE5, 0x21, 0xE4, 0x11, 0x43, 0x09, 0xC1, 0x00, 0x63, 0x11, 0x01, 0x09, 0xC1, 0x08, 0xA1, 0x08,
    0x63, 0x11, 0xA3, 0x11, 0x63, 0x11, 0xC4, 0x19, 0x21, 0x09, 0x42, 0x11, 0x22, 0x09, 0x42, 0x09,
    0x22, 0x09, 0x63, 0x11, 0x83, 0x11, 0x63, 0x11, 0x81, 0x00, 0x20, 0x00, 0x41, 0x00, 0x81, 0x00,
    0xE2, 0x08, 0x63, 0x11, 0x83, 0x19, 0x65, 0x32, 0x04, 0x22, 0x45, 0x2A, 0xA3, 0x19, 0x62, 0x11,
    0xA3, 0x11, 0xC4, 0x19, 0x05, 0x1A, 0x04, 0x1A, 0x01, 0x09, 0xE1, 0x08, 0xC1, 0x08, 0xA1, 0x00,
    0xA1, 0x08, 0x02, 0x09, 0x02, 0x09, 0x61, 0x00, 0x41, 0x00, 0x41, 0x00, 0x41, 0x00, 0x41, 0x00,
    0x20, 0x00, 0xC2, 0x08, 0x84, 0x19, 0x05, 0x2A, 0xA8, 0x4A, 0x26, 0x3A, 0xA4, 0x21, 0xA4, 0x19,
    0x83, 0x19, 0x22, 0x09, 0x02, 0x09, 0x22, 0x11, 0x22, 0x11, 0xE1, 0x08, 0xA1, 0x00, 0x81, 0x08,
    0x41, 0x00, 0x41, 0x00, 0x41, 0x00, 0x21, 0x00, 0x20, 0x00, 0x20, 0x00, 0x20, 0x00, 0x20, 0x00,
    0x20, 0x00, 0x20, 0x00, 0x41, 0x00, 0x41, 0x00, 0x61, 0x00, 0x61, 0x00, 0x61, 0x00, 0x61, 0x00,
    0xA2, 0x08, 0xA2, 0x08, 0x20, 0x00, 0x21, 0x00, 0x41, 0x00, 0x41, 0x00, 0x20, 0x00, 0x21, 0x00,
    0x41, 0x00, 0x41, 0x00, 0x20, 0x00, 0x20, 0x00, 0x21, 0x00, 0x21, 0x00, 0x21, 0x00, 0x21, 0x00,
    0x20, 0x00, 0x20, 0x00, 0x20, 0x00, 0x20, 0x00, 0x20, 0x00, 0x21, 0x00, 0x41, 0x00, 0x41, 0x00,
    0x61, 0x00, 0x61, 0x00, 0x61, 0x00, 0x61, 0x00, 0x61, 0x00, 0x81, 0x00, 0x22, 0x09, 0xC1, 0x08,
    0x40, 0x00, 0x41, 0x00, 0x41, 0x00, 0x41, 0x00, 0x20, 0x00, 0x61, 0x00, 0xA1, 0x00, 0xA1, 0x08,
    0xE2, 0x08, 0xC1, 0x08, 0xC1, 0x08, 0xE2, 0x08, 0xA1, 0x08, 0xC1, 0x08, 0xE1, 0x08, 0x02, 0x09,
    0xE1, 0x08, 0xC1, 0x08, 0x02, 0x09, 0xA1, 0x00, 0x81, 0x00, 0xA1, 0x08, 0xA1, 0x08, 0xC1, 0x08,
    0xC1, 0x08, 0xE1, 0x08, 0xE2, 0x08, 0x61, 0x00, 0x61, 0x00, 0x81, 0x00, 0xA1, 0x08, 0xA1, 0x00,
    0x81, 0x00, 0x81, 0x00, 0xA1, 0x08, 0x81, 0x00, 0x81, 0x00, 0x81, 0x08, 0x81, 0x00, 0x81, 0x08,
    0x61, 0x00, 0x61, 0x00, 0x81, 0x00, 0xA1, 0x08, 0xC1, 0x08, 0xA1, 0x00, 0xC1, 0x08, 0x01, 0x09,
    0xC1, 0x08, 0x41, 0x00, 0x41, 0x00, 0x41, 0x00, 0x41, 0x00, 0x20, 0x00, 0x41, 0x00, 0x61, 0x00,
    0x41, 0x00, 0x61, 0x00, 0x61, 0x00, 0x41, 0x00, 0x41, 0x00, 0x61, 0x00, 0xC2, 0x08, 0xE2, 0x08,
    0xC1, 0x08, 0xA1, 0x00, 0x81, 0x00, 0x61, 0x00, 0xA1, 0x00, 0x43, 0x11, 0x22, 0x09, 0x84, 0x11,
    0xE5, 0x19, 0x02, 0x09, 0x84, 0x11, 0xE6, 0x21, 0xE1, 0x00, 0x43, 0x09, 0xC3, 0x19, 0xE2, 0x21,
    0x21, 0x09, 0x21, 0x09, 0x41, 0x09, 0x83, 0x21, 0x23, 0x19, 0x82, 0x19, 0x06, 0x3A, 0x26, 0x3A,
    0x04, 0x2A, 0x45, 0x2A, 0x82, 0x11, 0x61, 0x11, 0xE3, 0x19, 0xC3, 0x19, 0xA3, 0x11, 0x63, 0x11,
    0x81, 0x00, 0x21, 0x00, 0xE1, 0x08, 0x64, 0x2A, 0xE2, 0x21, 0x61, 0x11, 0xA1, 0x19, 0x42, 0x11,
    0x81, 0x08, 0x23, 0x11, 0x63, 0x11, 0x63, 0x11, 0x63, 0x11, 0x42, 0x11, 0x62, 0x11, 0x22, 0x09,
    0x22, 0x09, 0x63, 0x11, 0x43, 0x11, 0x41, 0x00, 0x41, 0x00, 0x41, 0x00, 0x41, 0x00, 0x41, 0x00,
    0x61, 0x00, 0x40, 0x00, 0x02, 0x09, 0xA3, 0x19, 0x41, 0x09, 0x41, 0x11, 0x21, 0x09, 0x01, 0x09,
    0x83, 0x11, 0xE4, 0x19, 0x63, 0x11, 0xE1, 0x08, 0x63, 0x11, 0x42, 0x11, 0xA1, 0x08, 0x41, 0x00,
    0x40, 0x00, 0xA1, 0x08, 0x03, 0x11, 0xC5, 0x19, 0x83, 0x11, 0xE5, 0x21, 0x62, 0x11, 0x62, 0x11,
    0x01, 0x09, 0x42, 0x09, 0x83, 0x11, 0x43, 0x11, 0x61, 0x00, 0x21, 0x00, 0x41, 0x00, 0x61, 0x00,
    0x23, 0x11, 0x22, 0x09, 0x63, 0x11, 0x04, 0x22, 0x24, 0x22, 0xE4, 0x19, 0x82, 0x11, 0x83, 0x11,
    0xC3, 0x11, 0xE4, 0x19, 0x25, 0x22, 0x46, 0x22, 0x22, 0x09, 0xA1, 0x00, 0x22, 0x11, 0x22, 0x11,
    0xE1, 0x00, 0x02, 0x09, 0x84, 0x19, 0x03, 0x11, 0x61, 0x00, 0x81, 0x00, 0x61, 0x00, 0x81, 0x08,
    0x81, 0x00, 0x41, 0x00, 0xE2, 0x08, 0x63, 0x11, 0xE6, 0x31, 0x88, 0x4A, 0xA4, 0x21, 0xC2, 0x08,
    0x06, 0x2A, 0xA8, 0x42, 0x63, 0x19, 0xA1, 0x00, 0x61, 0x00, 0x41, 0x00, 0x41, 0x00, 0x41, 0x00,
    0x61, 0x00, 0x61, 0x00, 0x41, 0x00, 0x20, 0x00, 0x20, 0x00, 0x20, 0x00, 0x20, 0x00, 0x41, 0x00,
    0x41, 0x00, 0x21, 0x00, 0x21, 0x00, 0x20, 0x00, 0x20, 0x00, 0x41, 0x00, 0x20, 0x00, 0x20, 0x00,
    0x20, 0x00, 0x20, 0x00, 0x21, 0x00, 0x21, 0x00, 0x21, 0x00, 0x21, 0x00, 0x41, 0x00, 0x41, 0x00,
    0x41, 0x00, 0x20, 0x00, 0x20, 0x00, 0x20, 0x00, 0x20, 0x00, 0x20, 0x00, 0x21, 0x00, 0x21, 0x00,
    0x20, 0x00, 0x20, 0x00, 0x20, 0x00, 0x20, 0x00, 0x20, 0x00, 0x20, 0x00, 0x41, 0x00, 0x41, 0x00,
    0x61, 0x00, 0x61, 0x00, 0x61, 0x00, 0x61, 0x00, 0x61, 0x00, 0xA1, 0x08, 0x42, 0x11, 0xE1, 0x08,
    0x41, 0x00, 0x41, 0x00, 0x41, 0x00, 0x41, 0x00, 0x40, 0x00, 0x81, 0x00, 0xE2, 0x08, 0x02, 0x11,
    0xC1, 0x00, 0x02, 0x09, 0x23, 0x11, 0xE1, 0x00, 0xC1, 0x00, 0xA1, 0x08, 0xC1, 0x08, 0xC1, 0x00,
    0xE2, 0x08, 0xE2, 0x08, 0xE1, 0x08, 0xC1, 0x08, 0xA1, 0x00, 0xC1, 0x08, 0xC1, 0x08, 0x02, 0x09,
    0xE2, 0x08, 0x02, 0x09, 0xC1, 0x08, 0x61, 0x00, 0x61, 0x00, 0x81, 0x00, 0xC1, 0x08, 0xC1, 0x08,
    0xA1, 0x00, 0xC2, 0x08, 0xA1, 0x08, 0x81, 0x00, 0xA1, 0x00, 0xA1, 0x00, 0xA1, 0x00, 0xA1, 0x00,
    0xA2, 0x08, 0xA1, 0x08, 0x81, 0x00, 0xA1, 0x00, 0xE2, 0x08, 0xE2, 0x08, 0xE2, 0x08, 0x42, 0x11,
    0x43, 0x11, 0x41, 0x00, 0x61, 0x00, 0x41, 0x00, 0x20, 0x00, 0x20, 0x00, 0x21, 0x00, 0x41, 0x00,
    0x20, 0x00, 0x41, 0x00, 0x82, 0x00, 0x61, 0x00, 0x61, 0x00, 0x61, 0x00, 0x40, 0x00, 0xA1, 0x08,
    0xE2, 0x08, 0xE2, 0x08, 0xA1, 0x00, 0x81, 0x00, 0x81, 0x00, 0x61, 0x00, 0x02, 0x09, 0x83, 0x11,
    0xE1, 0x08, 0x64, 0x11, 0x26, 0x2A, 0x02, 0x09, 0x43, 0x09, 0xE4, 0x21, 0x23, 0x2A, 0x61, 0x11,
    0x21, 0x09, 0x00, 0x09, 0x04, 0x2A, 0x06, 0x3A, 0xA1, 0x00, 0x02, 0x09, 0x05, 0x32, 0x45, 0x3A,
    0x45, 0x2A, 0x24, 0x22, 0x41, 0x09, 0x81, 0x11, 0x03, 0x1A, 0x45, 0x2A, 0x63, 0x11, 0xA1, 0x00,
    0x40, 0x00, 0x41, 0x00, 0x40, 0x00, 0x42, 0x19, 0x23, 0x2A, 0x02, 0x22, 0x82, 0x19, 0x81, 0x00,
    0x00, 0x00, 0x40, 0x00, 0x81, 0x00, 0xC1, 0x00, 0x23, 0x11, 0x63, 0x11, 0xA4, 0x19, 0xC5, 0x19,
    0xA4, 0x19, 0x83, 0x11, 0x43, 0x11, 0x41, 0x00, 0x41, 0x00, 0x41, 0x00, 0x41, 0x00, 0x41, 0x00,
    0x61, 0x00, 0x41, 0x00, 0xA2, 0x08, 0xC3, 0x19, 0xA2, 0x11, 0x41, 0x09, 0x41, 0x11, 0x01, 0x09,
    0xA4, 0x19, 0x05, 0x1A, 0x83, 0x11, 0xE2, 0x08, 0x42, 0x11, 0xA3, 0x19, 0x61, 0x00, 0x21, 0x00,
    0x61, 0x00, 0x61, 0x00, 0x40, 0x00, 0x81, 0x00, 0xE2, 0x08, 0x64, 0x11, 0xA4, 0x19, 0xE4, 0x21,
    0xA3, 0x11, 0x62, 0x09, 0xA4, 0x19, 0x43, 0x11, 0x61, 0x00, 0x21, 0x00, 0x41, 0x00, 0x81, 0x08,
    0xC1, 0x00, 0x83, 0x11, 0x83, 0x19, 0x62, 0x11, 0x04, 0x22, 0xE3, 0x19, 0x41, 0x09, 0xA3, 0x11,
    0xE4, 0x19, 0x05, 0x22, 0x66, 0x2A, 0xE5, 0x21, 0x02, 0x09, 0xE1, 0x08, 0xC1, 0x08, 0x21, 0x09,
    0xA3, 0x19, 0x62, 0x09, 0x63, 0x11, 0x23, 0x11, 0x81, 0x00, 0xA2, 0x00, 0xA2, 0x08, 0xA2, 0x00,
    0xA1, 0x00, 0xA2, 0x00, 0xA2, 0x00, 0x03, 0x09, 0x02, 0x09, 0x64, 0x21, 0x88, 0x42, 0xA2, 0x08,
    0x00, 0x00, 0xC5, 0x31, 0x4B, 0x63, 0xA5, 0x29, 0xA1, 0x08, 0x61, 0x00, 0x61, 0x00, 0x61, 0x00,
    0x81, 0x00, 0x61, 0x00, 0x61, 0x00, 0x61, 0x00, 0x20, 0x00, 0x20, 0x00, 0x20, 0x00, 0x21, 0x00,
    0x41, 0x00, 0x41, 0x00, 0x41, 0x00, 0x41, 0x00, 0xA2, 0x08, 0x81, 0x00, 0x40, 0x00, 0x20, 0x00,
    0x20, 0x00, 0x21, 0x00, 0x41, 0x00, 0x41, 0x00, 0x21, 0x00, 0x41, 0x00, 0x41, 0x00, 0x41, 0x00,
    0x20, 0x00, 0x20, 0x00, 0x21, 0x00, 0x21, 0x00, 0x21, 0x00, 0x41, 0x00, 0x41, 0x00, 0x41, 0x00,
    0x21, 0x00, 0x20, 0x00, 0x20, 0x00, 0x20, 0x00, 0x20, 0x00, 0x21, 0x00, 0x41, 0x00, 0x41, 0x00,
    0x81, 0x00, 0x81, 0x00, 0x81, 0x00, 0x81, 0x00, 0x81, 0x00, 0x81, 0x00, 0x22, 0x09, 0x02, 0x09,
    0x41, 0x00, 0x41, 0x00, 0x61, 0x00, 0x41, 0x00, 0x41, 0x00, 0xC2, 0x08, 0x23, 0x09, 0xE1, 0x08,
    0x43, 0x11, 0x22, 0x11, 0xE2, 0x00, 0x02, 0x09, 0x22, 0x09, 0x02, 0x09, 0xE1, 0x08, 0x22, 0x11,
    0xE1, 0x08, 0x22, 0x09, 0x02, 0x09, 0xA1, 0x00, 0xA1, 0x00, 0xC1, 0x08, 0xC1, 0x08, 0xE2, 0x08,
    0x42, 0x11, 0x42, 0x11, 0xC1, 0x08, 0x61, 0x00, 0x81, 0x00, 0xA1, 0x08, 0xC1, 0x08, 0xC1, 0x08,
    0xE2, 0x08, 0xE2, 0x08, 0x61, 0x00, 0xA1, 0x08, 0xA1, 0x00, 0xA2, 0x08, 0xC2, 0x08, 0xE2, 0x08,
    0xC1, 0x08, 0xE2, 0x08, 0xE2, 0x08, 0xC1, 0x08, 0xE1, 0x08, 0xC1, 0x08, 0x81, 0x00, 0x81, 0x00,
    0xC2, 0x08, 0x61, 0x00, 0x41, 0x00, 0x20, 0x00, 0x20, 0x00, 0x21, 0x00, 0x20, 0x00, 0x41, 0x00,
    0x21, 0x00, 0x20, 0x00, 0x41, 0x00, 0x61, 0x08, 0x81, 0x08, 0x61, 0x00, 0x61, 0x00, 0x61, 0x00,
    0x61, 0x00, 0x81, 0x00, 0xA1, 0x00, 0xA2, 0x08, 0xA2, 0x08, 0x81, 0x08, 0x81, 0x00, 0x80, 0x00,
    0xA1, 0x08, 0xE2, 0x08, 0xA1, 0x00, 0xE2, 0x08, 0xA4, 0x11, 0x64, 0x2A, 0xA1, 0x19, 0x41, 0x11,
    0x41, 0x09, 0x21, 0x09, 0xC8, 0x4A, 0x27, 0x42, 0x81, 0x00, 0xC1, 0x08, 0xC4, 0x21, 0x24, 0x2A,
    0xC6, 0x3A, 0xE3, 0x21, 0x41, 0x09, 0xC3, 0x19, 0x24, 0x22, 0x62, 0x11, 0x60, 0x00, 0x40, 0x00,
    0x41, 0x00, 0x61, 0x00, 0x61, 0x00, 0x61, 0x00, 0x01, 0x11, 0x04, 0x2A, 0xE3, 0x29, 0x60, 0x00,
    0x21, 0x00, 0x21, 0x00, 0x20, 0x00, 0x20, 0x00, 0x40, 0x00, 0x41, 0x00, 0xA1, 0x08, 0x44, 0x11,
    0xC5, 0x21, 0x26, 0x2A, 0x84, 0x19, 0x41, 0x00, 0x41, 0x00, 0x41, 0x00, 0x41, 0x00, 0x41, 0x00,
    0x61, 0x00, 0x41, 0x00, 0x41, 0x00, 0x63, 0x11, 0xE3, 0x19, 0x61, 0x11, 0x41, 0x11, 0x01, 0x09,
    0x42, 0x09, 0x46, 0x22, 0xE5, 0x19, 0x01, 0x09, 0x01, 0x09, 0xC3, 0x21, 0x81, 0x00, 0x41, 0x00,
    0xA1, 0x08, 0xA1, 0x08, 0x81, 0x08, 0x81, 0x00, 0x41, 0x00, 0x21, 0x00, 0x61, 0x00, 0xC2, 0x08,
    0x64, 0x19, 0xA4, 0x19, 0xC4, 0x19, 0x63, 0x11, 0x40, 0x00, 0x21, 0x00, 0x41, 0x00, 0x81, 0x00,
    0xA1, 0x00, 0x22, 0x09, 0x63, 0x11, 0x82, 0x11, 0xA3, 0x11, 0x82, 0x11, 0x62, 0x11, 0xC3, 0x19,
    0xE4, 0x19, 0x66, 0x2A, 0x66, 0x2A, 0x22, 0x09, 0xA1, 0x00, 0x21, 0x09, 0xE1, 0x08, 0xC1, 0x08,
    0x21, 0x09, 0xE3, 0x19, 0xC3, 0x19, 0x43, 0x11, 0xA2, 0x00, 0xA2, 0x00, 0x81, 0x00, 0xC2, 0x08,
    0xE3, 0x08, 0xE2, 0x08, 0xC2, 0x08, 0xA1, 0x00, 0xE2, 0x08, 0xA1, 0x00, 0x85, 0x29, 0x26, 0x32,
    0xA1, 0x00, 0x20, 0x00, 0x23, 0x19, 0x88, 0x42, 0x47, 0x3A, 0xC1, 0x08, 0x61, 0x00, 0x81, 0x08,
    0x81, 0x00, 0x81, 0x00, 0x81, 0x00, 0x81, 0x08, 0x61, 0x00, 0x20, 0x00, 0x20, 0x00, 0x20, 0x00,
    0x20, 0x00, 0x20, 0x00, 0x20, 0x00, 0x41, 0x00, 0x61, 0x00, 0x60, 0x00, 0xA1, 0x08, 0x81, 0x00,
    0x40, 0x00, 0x41, 0x00, 0x41, 0x00, 0x21, 0x00, 0x41, 0x00, 0x41, 0x00, 0x41, 0x00, 0x41, 0x00,
    0x20, 0x00, 0x20, 0x00, 0x41, 0x00, 0x41, 0x00, 0x41, 0x00, 0x41, 0x00, 0x41, 0x00, 0x41, 0x00,
    0x21, 0x00, 0x20, 0x00, 0x20, 0x00, 0x21, 0x00, 0x20, 0x00, 0x21, 0x00, 0x41, 0x00, 0x41, 0x00,
    0x81, 0x00, 0x81, 0x00, 0x81, 0x00, 0x81, 0x00, 0xA1, 0x08, 0xA1, 0x00, 0x02, 0x09, 0x22, 0x09,
    0x41, 0x00, 0x41, 0x00, 0x61, 0x00, 0x61, 0x00, 0x61, 0x00, 0xC2, 0x08, 0xE1, 0x00, 0x63, 0x11,
    0x43, 0x09, 0x02, 0x09, 0x43, 0x11, 0x22, 0x09, 0x02, 0x09, 0x83, 0x11, 0x43, 0x11, 0x22, 0x09,
    0x63, 0x11, 0x02, 0x09, 0x23, 0x11, 0xC1, 0x08, 0xA1, 0x08, 0xC1, 0x00, 0x02, 0x09, 0xE2, 0x08,
    0x62, 0x09, 0x83, 0x11, 0x81, 0x00, 0x61, 0x00, 0xA1, 0x00, 0xE2, 0x08, 0xE1, 0x08, 0xE2, 0x08,
    0xE2, 0x08, 0xC1, 0x08, 0xA1, 0x08, 0xA1, 0x08, 0xA1, 0x08, 0xC2, 0x08, 0xE2, 0x08, 0x23, 0x09,
    0x02, 0x09, 0xC1, 0x00, 0xE2, 0x08, 0x02, 0x09, 0x02, 0x09, 0x02, 0x09, 0xE2, 0x08, 0xA1, 0x00,
    0x40, 0x00, 0x41, 0x00, 0x21, 0x00, 0x20, 0x00, 0x21, 0x00, 0x20, 0x00, 0x20, 0x00, 0x21, 0x00,
    0x41, 0x00, 0x20, 0x00, 0x00, 0x00, 0x20, 0x00, 0x41, 0x00, 0x81, 0x00, 0x81, 0x00, 0x81, 0x00,
    0x61, 0x00, 0x61, 0x00, 0x61, 0x00, 0x61, 0x00, 0x81, 0x00, 0x81, 0x00, 0x81, 0x00, 0x81, 0x00,
    0x61, 0x00, 0x61, 0x00, 0x81, 0x00, 0x61, 0x00, 0xC3, 0x21, 0x22, 0x2A, 0x60, 0x09, 0x41, 0x09,
    0x21, 0x09, 0x82, 0x19, 0xA7, 0x4A, 0x85, 0x29, 0x81, 0x00, 0xC1, 0x00, 0x63, 0x19, 0x45, 0x2A,
    0xA6, 0x3A, 0x04, 0x22, 0x82, 0x11, 0xA3, 0x19, 0xE1, 0x08, 0x01, 0x09, 0xC1, 0x08, 0x61, 0x00,
    0x61, 0x00, 0x61, 0x00, 0x81, 0x00, 0x61, 0x00, 0x41, 0x00, 0x81, 0x00, 0x42, 0x19, 0xE1, 0x08,
    0x61, 0x00, 0x41, 0x00, 0x21, 0x00, 0x41, 0x00, 0x41, 0x00, 0x20, 0x00, 0x00, 0x00, 0x20, 0x00,
    0x61, 0x00, 0xE3, 0x10, 0x23, 0x11, 0x61, 0x00, 0x41, 0x00, 0x41, 0x00, 0x41, 0x00, 0x61, 0x00,
    0x61, 0x00, 0x41, 0x00, 0x41, 0x00, 0x81, 0x00, 0xA3, 0x19, 0xC2, 0x19, 0x61, 0x09, 0x21, 0x09,
    0x62, 0x11, 0x66, 0x2A, 0x45, 0x2A, 0x62, 0x11, 0x01, 0x09, 0x01, 0x09, 0x81, 0x08, 0x61, 0x00,
    0xC2, 0x08, 0x81, 0x00, 0x81, 0x00, 0xA1, 0x08, 0xA1, 0x08, 0x81, 0x00, 0x41, 0x00, 0x21, 0x00,
    0x20, 0x00, 0x81, 0x00, 0x64, 0x11, 0x64, 0x19, 0x20, 0x00, 0x21, 0x00, 0x40, 0x00, 0xA1, 0x00,
    0xA1, 0x08, 0xC1, 0x08, 0x63, 0x11, 0xA3, 0x19, 0xA3, 0x11, 0xA3, 0x11, 0x82, 0x11, 0xE4, 0x19,
    0x25, 0x22, 0x87, 0x32, 0x05, 0x22, 0x22, 0x19, 0x81, 0x00, 0x42, 0x11, 0x21, 0x09, 0xE1, 0x08,
    0xE1, 0x08, 0x41, 0x09, 0x24, 0x2A, 0x05, 0x22, 0x02, 0x09, 0xC2, 0x00, 0xC2, 0x08, 0xC2, 0x08,
    0xA2, 0x08, 0xA2, 0x00, 0xC2, 0x00, 0x03, 0x09, 0x23, 0x09, 0xE2, 0x08, 0xA1, 0x08, 0xE5, 0x21,
    0xE5, 0x29, 0x81, 0x00, 0x20, 0x00, 0xC2, 0x08, 0xE6, 0x31, 0x23, 0x19, 0x40, 0x00, 0x81, 0x00,
    0x81, 0x00, 0xA1, 0x08, 0xA1, 0x08, 0xA1, 0x08, 0x81, 0x00, 0x61, 0x00, 0x61, 0x00, 0x41, 0x00,
    0x20, 0x00, 0x41, 0x00, 0x41, 0x00, 0x41, 0x00, 0x20, 0x00, 0x61, 0x00, 0xE2, 0x08, 0xC1, 0x08,
    0x41, 0x00, 0x61, 0x00, 0x41, 0x00, 0x41, 0x00, 0x41, 0x00, 0x41, 0x00, 0x41, 0x00, 0x61, 0x00,
    0x61, 0x00, 0x61, 0x00, 0x41, 0x00, 0x41, 0x00, 0x41, 0x00, 0x41, 0x00, 0x41, 0x00, 0x41, 0x00,
    0x21, 0x00, 0x20, 0x00, 0x41, 0x00, 0x61, 0x00, 0x40, 0x00, 0x20, 0x00, 0x20, 0x00, 0x20, 0x00,
    0x81, 0x00, 0x81, 0x00, 0x81, 0x00, 0xA1, 0x08, 0xC2, 0x08, 0xC1, 0x08, 0xC1, 0x08, 0x22, 0x11,
    0x81, 0x00, 0x61, 0x00, 0x61, 0x00, 0x61, 0x00, 0x61, 0x00, 0xC2, 0x08, 0xA4, 0x11, 0x22, 0x09,
    0x22, 0x09, 0x63, 0x11, 0x22, 0x09, 0x22, 0x09, 0x22, 0x09, 0x22, 0x09, 0xA4, 0x19, 0x22, 0x09,
    0x63, 0x11, 0xA4, 0x11, 0x02, 0x09, 0xC2, 0x08, 0xA1, 0x00, 0xE2, 0x08, 0x02, 0x09, 0x42, 0x11,
    0x22, 0x09, 0xE2, 0x08, 0xA1, 0x08, 0x61, 0x00, 0xA1, 0x08, 0xE2, 0x08, 0x22, 0x09, 0x02, 0x09,
    0xA1, 0x00, 0xC2, 0x08, 0xA1, 0x08, 0xA1, 0x08, 0xC1, 0x08, 0xC2, 0x08, 0xE2, 0x08, 0xC1, 0x00,
    0xC1, 0x08, 0xC1, 0x08, 0xC1, 0x08, 0xE2, 0x08, 0x02, 0x09, 0x22, 0x09, 0x22, 0x11, 0x42, 0x11,
    0xE1, 0x08, 0x20, 0x00, 0x20, 0x00, 0x20, 0x00, 0x20, 0x00, 0x20, 0x00, 0x20, 0x00, 0x20, 0x00,
    0x41, 0x00, 0x21, 0x00, 0x21, 0x00, 0x21, 0x00, 0x20, 0x00, 0x20, 0x00, 0x41, 0x00, 0x81, 0x08,
    0x82, 0x08, 0xA2, 0x00, 0x81, 0x00, 0x61, 0x00, 0x61, 0x00, 0x41, 0x00, 0x81, 0x00, 0xC1, 0x08,
    0x81, 0x00, 0xA1, 0x08, 0x61, 0x00, 0x41, 0x00, 0x64, 0x32, 0xC1, 0x19, 0x21, 0x09, 0x01, 0x09,
    0x21, 0x09, 0xE3, 0x29, 0x4A, 0x63, 0x85, 0x29, 0x40, 0x00, 0xE2, 0x08, 0xE1, 0x08, 0x45, 0x2A,
    0x65, 0x32, 0x45, 0x32, 0x42, 0x11, 0xE1, 0x08, 0xC1, 0x08, 0x01, 0x09, 0x62, 0x11, 0xC1, 0x00,
    0x61, 0x00, 0x61, 0x00, 0x81, 0x00, 0xA1, 0x00, 0x81, 0x00, 0x61, 0x00, 0x61, 0x00, 0x61, 0x00,
    0x81, 0x00, 0x81, 0x00, 0x61, 0x00, 0x41, 0x00, 0x41, 0x00, 0x41, 0x00, 0x21, 0x00, 0x21, 0x00,
    0x41, 0x00, 0x41, 0x00, 0x41, 0x00, 0x61, 0x00, 0x41, 0x00, 0x41, 0x00, 0x41, 0x00, 0x61, 0x00,
    0x41, 0x00, 0x41, 0x00, 0x61, 0x00, 0x41, 0x00, 0xC1, 0x08, 0xE3, 0x19, 0xC2, 0x19, 0x61, 0x11,
    0x21, 0x09, 0x05, 0x22, 0x46, 0x2A, 0xC4, 0x19, 0x42, 0x11, 0xA1, 0x00, 0x61, 0x00, 0xA1, 0x08,
    0xC2, 0x08, 0x81, 0x00, 0x81, 0x00, 0x81, 0x00, 0xA1, 0x00, 0xA1, 0x00, 0x61, 0x00, 0x41, 0x00,
    0x41, 0x00, 0x20, 0x00, 0x40, 0x00, 0x61, 0x00, 0x40, 0x00, 0x41, 0x00, 0x41, 0x00, 0x81, 0x00,
    0xE2, 0x08, 0xA1, 0x00, 0xC1, 0x08, 0xA3, 0x19, 0xE4, 0x19, 0x82, 0x11, 0xA3, 0x11, 0xE4, 0x19,
    0x46, 0x2A, 0x05, 0x2A, 0x01, 0x09, 0x47, 0x3A, 0xE7, 0x39, 0x42, 0x11, 0x41, 0x11, 0x01, 0x09,
    0xE1, 0x08, 0x01, 0x09, 0x81, 0x11, 0x24, 0x22, 0xA4, 0x11, 0x63, 0x11, 0x03, 0x09, 0xC2, 0x08,
    0xC2, 0x08, 0x03, 0x09, 0x03, 0x09, 0x03, 0x09, 0xE3, 0x08, 0xE2, 0x00, 0xC2, 0x08, 0xE1, 0x08,
    0x46, 0x32, 0x05, 0x2A, 0x22, 0x09, 0x01, 0x09, 0x21, 0x09, 0xA3, 0x19, 0x42, 0x11, 0xE1, 0x08,
    0xA1, 0x00, 0x81, 0x00, 0x81, 0x00, 0xA1, 0x08, 0xA1, 0x00, 0xC2, 0x08, 0x81, 0x00, 0x41, 0x00,
    0x41, 0x00, 0x61, 0x00, 0x41, 0x00, 0x41, 0x00, 0x41, 0x00, 0x41, 0x00, 0x41, 0x00, 0x41, 0x00,
    0x61, 0x00, 0x41, 0x00, 0x41, 0x00, 0x41, 0x00, 0x41, 0x00, 0x41, 0x00, 0x41, 0x00, 0x61, 0x00,
    0x82, 0x08, 0xA2, 0x08, 0x81, 0x08, 0xA2, 0x08, 0x61, 0x00, 0x41, 0x00, 0x41, 0x00, 0x41, 0x00,
    0x21, 0x00, 0x21, 0x00, 0xA2, 0x08, 0xC2, 0x08, 0xC2, 0x08, 0xC2, 0x08, 0xE3, 0x10, 0xA2, 0x08,
    0x81, 0x00, 0x81, 0x00, 0xA1, 0x08, 0xA1, 0x08, 0xA1, 0x08, 0xC1, 0x08, 0xC2, 0x08, 0xC1, 0x08,
    0xC1, 0x08, 0x61, 0x00, 0x61, 0x00, 0x61, 0x00, 0x61, 0x00, 0x23, 0x11, 0x42, 0x09, 0x63, 0x11,
    0x63, 0x11, 0x42, 0x09, 0x83, 0x11, 0x42, 0x09, 0x83, 0x11, 0x63, 0x11, 0x62, 0x11, 0xC4, 0x19,
    0x22, 0x09, 0xA4, 0x11, 0x22, 0x09, 0xA1, 0x00, 0xC1, 0x08, 0xE1, 0x08, 0x22, 0x09, 0x42, 0x09,
    0x63, 0x11, 0xC2, 0x00, 0xC2, 0x08, 0x81, 0x00, 0x61, 0x00, 0xC1, 0x08, 0x84, 0x11, 0xA1, 0x00,
    0xC2, 0x08, 0xC2, 0x08, 0xE2, 0x08, 0xC1, 0x08, 0xC1, 0x08, 0xC2, 0x08, 0xE2, 0x08, 0xE2, 0x08,
    0x23, 0x09, 0x43, 0x11, 0x02, 0x09, 0xE1, 0x08, 0x02, 0x09, 0x22, 0x09, 0x22, 0x09, 0x22, 0x09,
    0x43, 0x11, 0xC1, 0x08, 0x20, 0x00, 0x20, 0x00, 0x20, 0x00, 0x20, 0x00, 0x21, 0x00, 0x20, 0x00,
    0x21, 0x00, 0x41, 0x00, 0x20, 0x00, 0x20, 0x00, 0x20, 0x00, 0x20, 0x00, 0x20, 0x00, 0x21, 0x00,
    0x41, 0x00, 0x61, 0x00, 0x81, 0x00, 0x81, 0x00, 0x81, 0x00, 0xA1, 0x08, 0xE2, 0x08, 0xA1, 0x08,
    0xA1, 0x08, 0x81, 0x00, 0x00, 0x00, 0xC1, 0x08, 0x43, 0x32, 0x81, 0x19, 0x20, 0x09, 0x21, 0x09,
    0x00, 0x09, 0x25, 0x3A, 0xAC, 0x73, 0x69, 0x4A, 0x20, 0x00, 0xC2, 0x08, 0xE1, 0x08, 0xC3, 0x19,
    0x64, 0x32, 0xA6, 0x3A, 0x62, 0x11, 0xA1, 0x00, 0xE1, 0x08, 0x01, 0x09, 0x62, 0x11, 0xA3, 0x19,
    0xA1, 0x00, 0x61, 0x00, 0xA1, 0x08, 0x81, 0x00, 0xA1, 0x00, 0x81, 0x00, 0x81, 0x00, 0x81, 0x00,
    0x81, 0x00, 0x81, 0x00, 0xA2, 0x08, 0x81, 0x00, 0x40, 0x00, 0x20, 0x00, 0x21, 0x00, 0x20, 0x00,
    0x20, 0x00, 0x41, 0x00, 0x41, 0x00, 0x41, 0x00, 0x41, 0x00, 0x41, 0x00, 0x41, 0x00, 0x41, 0x00,
    0x41, 0x00, 0x21, 0x00, 0x41, 0x00, 0x41, 0x00, 0x40, 0x00, 0x63, 0x19, 0x23, 0x22, 0xA2, 0x11,
    0x62, 0x11, 0x25, 0x22, 0x46, 0x2A, 0x45, 0x2A, 0xA3, 0x19, 0xA1, 0x00, 0x61, 0x00, 0xA2, 0x00,
    0xC2, 0x08, 0x81, 0x00, 0x61, 0x00, 0x61, 0x00, 0x81, 0x00, 0xC2, 0x08, 0x61, 0x00, 0x41, 0x00,
    0x41, 0x00, 0x41, 0x00, 0x41, 0x00, 0x20, 0x00, 0x40, 0x00, 0x61, 0x00, 0x61, 0x00, 0x61, 0x00,
    0xE2, 0x08, 0xE1, 0x08, 0xA1, 0x00, 0x02, 0x09, 0xC3, 0x19, 0xA3, 0x11, 0xC3, 0x19, 0x04, 0x1A,
    0x25, 0x22, 0xE2, 0x08, 0x62, 0x19, 0x83, 0x19, 0x28, 0x42, 0x63, 0x19, 0x62, 0x11, 0x61, 0x09,
    0x01, 0x09, 0xE1, 0x08, 0x21, 0x09, 0xE2, 0x19, 0xA3, 0x11, 0xA4, 0x19, 0xA4, 0x11, 0x64, 0x11,
    0x03, 0x09, 0xC2, 0x08, 0xA2, 0x08, 0xA2, 0x08, 0xA2, 0x00, 0xC1, 0x00, 0x02, 0x09, 0xE2, 0x08,
    0x22, 0x11, 0x66, 0x32, 0x05, 0x2A, 0x01, 0x09, 0x42, 0x11, 0x82, 0x11, 0xA2, 0x11, 0x82, 0x11,
    0xC4, 0x21, 0x83, 0x19, 0x02, 0x11, 0xA1, 0x00, 0xA1, 0x00, 0xC2, 0x08, 0x61, 0x00, 0x40, 0x00,
    0x41, 0x00, 0x41, 0x00, 0x41, 0x00, 0x61, 0x00, 0x82, 0x00, 0xC2, 0x08, 0x41, 0x00, 0x21, 0x00,
    0x41, 0x00, 0x61, 0x00, 0xA2, 0x08, 0x61, 0x00, 0x41, 0x00, 0x20, 0x00, 0x41, 0x00, 0x41, 0x00,
    0x20, 0x00, 0x40, 0x00, 0x41, 0x00, 0x61, 0x00, 0xE2, 0x08, 0xC2, 0x08, 0x61, 0x00, 0x61, 0x00,
    0x41, 0x00, 0x41, 0x00, 0x24, 0x19, 0xA2, 0x08, 0xA2, 0x00, 0x82, 0x08, 0x85, 0x21, 0xA5, 0x21,
    0x81, 0x00, 0xA1, 0x08, 0xA1, 0x08, 0xA1, 0x08, 0xC1, 0x08, 0xC1, 0x08, 0xA1, 0x00, 0x61, 0x00,
    0xC2, 0x08, 0x81, 0x00, 0x61, 0x00, 0x61, 0x00, 0x61, 0x00, 0xC1, 0x08, 0x83, 0x11, 0x83, 0x11,
    0x22, 0x09, 0x83, 0x11, 0x22, 0x09, 0x01, 0x09, 0x42, 0x09, 0xC4, 0x19, 0x63, 0x11, 0xA3, 0x11,
    0xC4, 0x19, 0x22, 0x09, 0x02, 0x09, 0xE2, 0x08, 0xC1, 0x08, 0x02, 0x09, 0x43, 0x11, 0x63, 0x11,
    0x81, 0x00, 0x61, 0x00, 0xE2, 0x08, 0xA2, 0x08, 0xA1, 0x00, 0x02, 0x09, 0xE2, 0x08, 0xC2, 0x08,
    0xC2, 0x08, 0x02, 0x09, 0x02, 0x09, 0xE2, 0x08, 0xE2, 0x08, 0x02, 0x09, 0x02, 0x09, 0xE2, 0x08,
    0xE2, 0x08, 0x02, 0x09, 0x02, 0x09, 0xE2, 0x08, 0xE1, 0x08, 0xE1, 0x08, 0x02, 0x09, 0x22, 0x09,
    0x22, 0x09, 0x22, 0x11, 0xA1, 0x08, 0x20, 0x00, 0x20, 0x00, 0x20, 0x00, 0x21, 0x00, 0x20, 0x00,
    0x20, 0x00, 0x41, 0x00, 0x41, 0x00, 0x21, 0x00, 0x20, 0x00, 0x21, 0x00, 0x21, 0x00, 0x21, 0x00,
    0x20, 0x00, 0x20, 0x00, 0x20, 0x00, 0x21, 0x00, 0xA1, 0x08, 0x02, 0x09, 0xC1, 0x00, 0xA1, 0x08,
    0x81, 0x08, 0x40, 0x00, 0x81, 0x08, 0x22, 0x11, 0x23, 0x2A, 0x61, 0x11, 0x20, 0x09, 0x41, 0x11,
    0xE4, 0x29, 0x46, 0x42, 0x0A, 0x63, 0x4C, 0x6B, 0x61, 0x08, 0x61, 0x00, 0x02, 0x09, 0x22, 0x09,
    0x24, 0x2A, 0xC5, 0x42, 0xC3, 0x21, 0xC1, 0x00, 0xE1, 0x08, 0x21, 0x09, 0x61, 0x09, 0xE3, 0x19,
    0x63, 0x11, 0x81, 0x00, 0x81, 0x00, 0x81, 0x00, 0xC2, 0x08, 0xC2, 0x08, 0xA1, 0x08, 0xA1, 0x08,
    0xA1, 0x08, 0xA1, 0x08, 0xA1, 0x08, 0xC1, 0x08, 0xE2, 0x08, 0xA1, 0x08, 0x40, 0x00, 0x21, 0x00,
    0x41, 0x00, 0x41, 0x00, 0x41, 0x00, 0x41, 0x00, 0x41, 0x00, 0x41, 0x00, 0x21, 0x00, 0x00, 0x00,
    0x20, 0x00, 0x20, 0x00, 0x41, 0x00, 0x61, 0x00, 0x61, 0x00, 0x81, 0x08, 0xA3, 0x19, 0xE3, 0x21,
    0x61, 0x09, 0xE4, 0x21, 0x05, 0x22, 0x66, 0x2A, 0x46, 0x2A, 0xA1, 0x08, 0x41, 0x00, 0x81, 0x00,
    0xC2, 0x08, 0x81, 0x00, 0x61, 0x00, 0x41, 0x00, 0xA1, 0x08, 0xA2, 0x08, 0x41, 0x00, 0x41, 0x00,
    0x41, 0x00, 0x41, 0x00, 0x41, 0x00, 0x21, 0x00, 0x61, 0x00, 0x81, 0x00, 0x61, 0x00, 0x61, 0x00,
    0xE1, 0x08, 0x02, 0x09, 0x02, 0x09, 0xE1, 0x08, 0xC4, 0x19, 0x04, 0x1A, 0x24, 0x22, 0x25, 0x22,
    0x02, 0x09, 0x41, 0x00, 0x22, 0x11, 0xE4, 0x21, 0xA2, 0x08, 0x23, 0x19, 0x62, 0x11, 0x82, 0x11,
    0x21, 0x09, 0xE1, 0x08, 0x21, 0x09, 0xE2, 0x21, 0x62, 0x11, 0x43, 0x09, 0x05, 0x1A, 0x05, 0x1A,
    0xA4, 0x11, 0x43, 0x11, 0xE2, 0x08, 0xC2, 0x08, 0x03, 0x09, 0xE2, 0x08, 0xA1, 0x00, 0xC1, 0x08,
    0xC1, 0x00, 0x22, 0x09, 0x87, 0x32, 0xC3, 0x21, 0xE0, 0x08, 0xE1, 0x08, 0x01, 0x09, 0x41, 0x09,
    0x62, 0x11, 0xA3, 0x19, 0xE3, 0x21, 0xA2, 0x19, 0xE1, 0x08, 0x02, 0x09, 0xC2, 0x08, 0x61, 0x00,
    0x81, 0x00, 0x81, 0x00, 0x81, 0x00, 0xC2, 0x08, 0x23, 0x09, 0xE3, 0x08, 0xA2, 0x08, 0x41, 0x00,
    0x41, 0x00, 0x41, 0x00, 0x41, 0x00, 0x61, 0x08, 0x61, 0x00, 0x61, 0x08, 0x61, 0x00, 0x40, 0x00,
    0x61, 0x00, 0x61, 0x00, 0x61, 0x00, 0x61, 0x00, 0x81, 0x00, 0xA1, 0x00, 0xA2, 0x08, 0x81, 0x00,
    0x61, 0x00, 0x61, 0x00, 0x81, 0x00, 0xC3, 0x08, 0xC3, 0x10, 0x00, 0x00, 0x40, 0x00, 0x02, 0x09,
    0xA1, 0x00, 0xC1, 0x08, 0xA1, 0x00, 0xC1, 0x08, 0xE1, 0x08, 0x22, 0x11, 0x81, 0x08, 0x41, 0x00,
    0x61, 0x00, 0x81, 0x00, 0x61, 0x00, 0x81, 0x00, 0x61, 0x00, 0xC2, 0x08, 0x84, 0x11, 0x63, 0x09,
    0x83, 0x11, 0x62, 0x09, 0x42, 0x09, 0x63, 0x11, 0xC4, 0x19, 0x83, 0x11, 0xE5, 0x19, 0x62, 0x09,
    0xA4, 0x19, 0x23, 0x11, 0xE2, 0x08, 0x02, 0x09, 0xC1, 0x00, 0x42, 0x11, 0x63, 0x11, 0xC2, 0x08,
    0x41, 0x00, 0x41, 0x00, 0x61, 0x00, 0x81, 0x00, 0xE2, 0x08, 0xC2, 0x08, 0xA1, 0x00, 0xE2, 0x08,
    0xC2, 0x08, 0x02, 0x09, 0xE2, 0x08, 0xE2, 0x08, 0xE1, 0x08, 0xE1, 0x08, 0x02, 0x09, 0x02, 0x09,
    0x23, 0x11, 0x43, 0x11, 0x43, 0x09, 0x02, 0x09, 0xE2, 0x08, 0xE1, 0x08, 0x02, 0x09, 0x22, 0x09,
    0x22, 0x09, 0x02, 0x09, 0x02, 0x09, 0x40, 0x00, 0x20, 0x00, 0x20, 0x00, 0x21, 0x00, 0x20, 0x00,
    0x21, 0x00, 0x41, 0x00, 0x41, 0x00, 0x20, 0x00, 0x20, 0x00, 0x21, 0x00, 0x41, 0x00, 0x41, 0x00,
    0x41, 0x00, 0x21, 0x00, 0x00, 0x00, 0x81, 0x00, 0x02, 0x11, 0xC1, 0x08, 0xA1, 0x00, 0xA1, 0x00,
    0xA1, 0x00, 0xE2, 0x08, 0x02, 0x09, 0xE1, 0x08, 0xE2, 0x21, 0x81, 0x19, 0xC2, 0x19, 0xC3, 0x19,
    0x83, 0x21, 0xC4, 0x29, 0x0A, 0x5B, 0x8D, 0x73, 0x03, 0x19, 0x81, 0x00, 0x02, 0x09, 0x02, 0x09,
    0x04, 0x22, 0x85, 0x3A, 0x24, 0x32, 0x01, 0x09, 0x01, 0x09, 0x21, 0x09, 0x82, 0x11, 0xC3, 0x19,
    0x04, 0x22, 0xA1, 0x00, 0x81, 0x00, 0xC2, 0x08, 0xA1, 0x00, 0xA1, 0x00, 0xE1, 0x08, 0xC1, 0x08,
    0xC1, 0x08, 0xC1, 0x08, 0xC1, 0x08, 0xC2, 0x08, 0xE2, 0x08, 0xE2, 0x08, 0x61, 0x00, 0x21, 0x00,
    0x41, 0x00, 0x61, 0x00, 0x41, 0x00, 0x41, 0x00, 0x41, 0x00, 0x41, 0x00, 0x41, 0x00, 0x61, 0x00,
    0xA1, 0x08, 0xA2, 0x08, 0xC2, 0x08, 0xE2, 0x08, 0xE2, 0x08, 0xC2, 0x08, 0xC1, 0x08, 0x83, 0x19,
    0xC3, 0x19, 0x05, 0x22, 0xE4, 0x19, 0xE4, 0x19, 0x23, 0x11, 0x61, 0x00, 0x61, 0x00, 0x61, 0x00,
    0xA1, 0x00, 0x81, 0x00, 0x61, 0x00, 0x61, 0x00, 0x81, 0x00, 0x81, 0x00, 0x81, 0x00, 0xA1, 0x08,
    0x81, 0x00, 0x40, 0x00, 0x20, 0x00, 0x20, 0x00, 0x81, 0x00, 0xA1, 0x00, 0x81, 0x00, 0x61, 0x00,
    0xA1, 0x00, 0x22, 0x09, 0x02, 0x09, 0xA1, 0x00, 0x43, 0x11, 0xE4, 0x19, 0x63, 0x11, 0x02, 0x09,
    0x81, 0x00, 0x41, 0x00, 0xA1, 0x08, 0x45, 0x32, 0xC1, 0x08, 0x41, 0x00, 0x02, 0x11, 0xE3, 0x21,
    0x61, 0x11, 0x41, 0x11, 0x01, 0x09, 0x81, 0x11, 0x42, 0x11, 0xC1, 0x00, 0x63, 0x11, 0x06, 0x22,
    0x26, 0x22, 0x06, 0x22, 0x43, 0x11, 0xE2, 0x08, 0xE2, 0x08, 0xC1, 0x08, 0xC2, 0x08, 0xA1, 0x00,
    0x43, 0x19, 0xA1, 0x08, 0x42, 0x11, 0x65, 0x32, 0x03, 0x22, 0x41, 0x09, 0x22, 0x11, 0x21, 0x09,
    0x21, 0x09, 0x21, 0x09, 0x41, 0x09, 0xA2, 0x19, 0xC3, 0x21, 0x22, 0x09, 0xC2, 0x08, 0xC2, 0x08,
    0x03, 0x09, 0xE3, 0x08, 0xC2, 0x08, 0x03, 0x09, 0xE3, 0x08, 0x24, 0x11, 0xA2, 0x08, 0x41, 0x00,
    0x41, 0x00, 0x20, 0x00, 0x20, 0x00, 0x20, 0x00, 0x41, 0x00, 0x61, 0x00, 0x82, 0x08, 0x61, 0x00,
    0x81, 0x08, 0x81, 0x00, 0x81, 0x00, 0x81, 0x00, 0xA2, 0x08, 0xA1, 0x08, 0xA1, 0x00, 0xA1, 0x00,
    0xE2, 0x08, 0x64, 0x11, 0x84, 0x11, 0xA5, 0x21, 0xC2, 0x08, 0x61, 0x00, 0xE2, 0x08, 0x02, 0x09,
    0xA1, 0x00, 0xC1, 0x08, 0xA1, 0x08, 0xC1, 0x08, 0xE1, 0x08, 0xE1, 0x08, 0x81, 0x00, 0x61, 0x00,
    0x61, 0x00, 0x61, 0x00, 0x61, 0x00, 0x81, 0x00, 0x61, 0x00, 0x61, 0x00, 0x23, 0x09, 0x05, 0x22,
    0x62, 0x09, 0x83, 0x11, 0x62, 0x11, 0x83, 0x09, 0xE4, 0x19, 0xC4, 0x19, 0x63, 0x09, 0x43, 0x11,
    0xE1, 0x08, 0xE1, 0x00, 0x23, 0x09, 0x22, 0x09, 0x02, 0x09, 0x63, 0x11, 0x02, 0x09, 0x81, 0x00,
    0x61, 0x00, 0x61, 0x00, 0x41, 0x00, 0x61, 0x00, 0xC2, 0x08, 0xA1, 0x00, 0x03, 0x09, 0xE2, 0x08,
    0xE2, 0x08, 0xE2, 0x08, 0x63, 0x11, 0x22, 0x09, 0x02, 0x09, 0x02, 0x09, 0x02, 0x09, 0x02, 0x09,
    0x22, 0x09, 0x43, 0x09, 0x84, 0x11, 0x43, 0x09, 0x02, 0x09, 0x02, 0x09, 0x02, 0x09, 0x02, 0x09,
    0x02, 0x09, 0x22, 0x09, 0x02, 0x09, 0x60, 0x00, 0x20, 0x00, 0x20, 0x00, 0x21, 0x00, 0x20, 0x00,
    0x20, 0x00, 0x20, 0x00, 0x61, 0x00, 0x41, 0x00, 0x20, 0x00, 0x41, 0x00, 0x41, 0x00, 0x61, 0x00,
    0x21, 0x00, 0x00, 0x00, 0x61, 0x00, 0x01, 0x11, 0xC1, 0x08, 0xA1, 0x00, 0xC1, 0x08, 0xE2, 0x08,
    0x22, 0x11, 0x02, 0x09, 0xE1, 0x08, 0x81, 0x00, 0xE3, 0x29, 0x24, 0x32, 0x41, 0x11, 0xE1, 0x08,
    0x80, 0x00, 0x25, 0x3A, 0x67, 0x4A, 0xAE, 0x7B, 0x85, 0x29, 0x61, 0x00, 0xA2, 0x08, 0xC2, 0x08,
    0xC3, 0x19, 0x64, 0x3A, 0x64, 0x32, 0x21, 0x09, 0x42, 0x11, 0x21, 0x09, 0x82, 0x11, 0xE3, 0x19,
    0xE3, 0x21, 0xE1, 0x08, 0xA1, 0x08, 0xE2, 0x08, 0x21, 0x11, 0x02, 0x09, 0x22, 0x11, 0xE2, 0x08,
    0xE2, 0x08, 0xE2, 0x08, 0xE2, 0x08, 0xE2, 0x08, 0x02, 0x09, 0x22, 0x09, 0x23, 0x09, 0xA1, 0x00,
    0x61, 0x00, 0x61, 0x00, 0x61, 0x00, 0x41, 0x00, 0x61, 0x00, 0xA1, 0x00, 0xE2, 0x08, 0xE2, 0x08,
    0xE2, 0x08, 0xE2, 0x08, 0xC1, 0x08, 0xA1, 0x08, 0xA1, 0x08, 0xC2, 0x08, 0x81, 0x00, 0x22, 0x11,
    0x04, 0x22, 0xE4, 0x19, 0x04, 0x1A, 0xA3, 0x11, 0xA1, 0x00, 0xA1, 0x00, 0xA1, 0x00, 0xA1, 0x00,
    0xC2, 0x08, 0xC2, 0x08, 0xA1, 0x08, 0x81, 0x00, 0x61, 0x00, 0xC2, 0x10, 0x43, 0x19, 0x02, 0x11,
    0x02, 0x09, 0x02, 0x09, 0xC1, 0x08, 0x60, 0x00, 0x81, 0x08, 0xA1, 0x08, 0xA1, 0x00, 0x81, 0x00,
    0x81, 0x00, 0xC2, 0x08, 0x61, 0x00, 0x41, 0x00, 0xE2, 0x08, 0xA3, 0x19, 0xA1, 0x00, 0x81, 0x08,
    0x81, 0x00, 0x61, 0x00, 0x60, 0x00, 0x25, 0x2A, 0x43, 0x19, 0x00, 0x00, 0x60, 0x00, 0x63, 0x19,
    0xA3, 0x19, 0xC2, 0x19, 0xA2, 0x19, 0x82, 0x19, 0x62, 0x11, 0xE1, 0x08, 0xC1, 0x08, 0x43, 0x11,
    0x46, 0x2A, 0x67, 0x2A, 0xE5, 0x19, 0xE2, 0x08, 0xA1, 0x00, 0xC2, 0x08, 0xE2, 0x08, 0x02, 0x09,
    0x06, 0x32, 0xC6, 0x31, 0x43, 0x21, 0xA0, 0x00, 0x63, 0x19, 0x42, 0x11, 0x42, 0x11, 0x62, 0x11,
    0x62, 0x11, 0x62, 0x11, 0x41, 0x11, 0x21, 0x09, 0x81, 0x11, 0xA2, 0x19, 0x02, 0x09, 0x03, 0x09,
    0x85, 0x11, 0x44, 0x11, 0x23, 0x09, 0x03, 0x09, 0xE3, 0x08, 0xA2, 0x08, 0x61, 0x00, 0x61, 0x00,
    0x82, 0x08, 0xA2, 0x08, 0x41, 0x00, 0x61, 0x00, 0x81, 0x08, 0x40, 0x00, 0x61, 0x00, 0xA2, 0x08,
    0x81, 0x08, 0xA2, 0x08, 0xA1, 0x00, 0xA2, 0x08, 0xC2, 0x08, 0xC2, 0x08, 0xA1, 0x00, 0x23, 0x09,
    0xA4, 0x11, 0xC5, 0x19, 0xA4, 0x11, 0x63, 0x11, 0xE2, 0x08, 0xE2, 0x08, 0xE2, 0x08, 0x02, 0x09,
    0xC1, 0x08, 0xE1, 0x08, 0xC1, 0x08, 0xE1, 0x08, 0x21, 0x09, 0xC2, 0x08, 0x61, 0x00, 0x61, 0x00,
    0x61, 0x00, 0x81, 0x00, 0x81, 0x00, 0x81, 0x00, 0xA1, 0x00, 0x81, 0x00, 0x81, 0x00, 0x02, 0x09,
    0xC4, 0x19, 0xA3, 0x11, 0x42, 0x09, 0x04, 0x1A, 0xC4, 0x11, 0x83, 0x11, 0xE1, 0x08, 0xA1, 0x00,
    0x61, 0x00, 0x61, 0x00, 0x23, 0x11, 0x22, 0x09, 0x42, 0x11, 0x02, 0x09, 0xC1, 0x00, 0x02, 0x09,
    0xE2, 0x08, 0xA2, 0x08, 0x61, 0x00, 0x61, 0x00, 0x81, 0x00, 0xE2, 0x08, 0x02, 0x09, 0xE2, 0x08,
    0xE2, 0x08, 0x02, 0x09, 0x22, 0x09, 0x02, 0x09, 0xE1, 0x08, 0x02, 0x09, 0x22, 0x09, 0x63, 0x11,
    0x83, 0x11, 0x43, 0x09, 0x22, 0x09, 0xE1, 0x08, 0x02, 0x09, 0x22, 0x09, 0x22, 0x09, 0x22, 0x09,
    0x02, 0x09, 0x22, 0x09, 0x43, 0x11, 0x61, 0x00, 0x20, 0x00, 0x20, 0x00, 0x20, 0x00, 0x20, 0x00,
    0x20, 0x00, 0x21, 0x00, 0x61, 0x00, 0x61, 0x00, 0x41, 0x00, 0x41, 0x00, 0x41, 0x00, 0x61, 0x00,
    0x40, 0x00, 0x41, 0x00, 0xC2, 0x08, 0xC1, 0x08, 0x81, 0x00, 0x02, 0x11, 0x63, 0x19, 0x22, 0x09,
    0xE1, 0x08, 0xC1, 0x08, 0xC1, 0x08, 0xA1, 0x00, 0x42, 0x19, 0x83, 0x21, 0x03, 0x11, 0x81, 0x00,
    0xA1, 0x08, 0x66, 0x42, 0x26, 0x3A, 0x4C, 0x6B, 0x65, 0x29, 0x40, 0x00, 0x81, 0x08, 0x81, 0x00,
    0xC1, 0x08, 0x04, 0x2A, 0x44, 0x32, 0x82, 0x11, 0x61, 0x11, 0x81, 0x11, 0x81, 0x11, 0x03, 0x1A,
    0x04, 0x22, 0xE1, 0x08, 0xE2, 0x08, 0x02, 0x09, 0x61, 0x11, 0x41, 0x11, 0x01, 0x09, 0xE2, 0x08,
    0x02, 0x09, 0xE2, 0x08, 0xE2, 0x08, 0x02, 0x09, 0x22, 0x09, 0x43, 0x11, 0x63, 0x11, 0xE2, 0x08,
    0x41, 0x00, 0x81, 0x00, 0x61, 0x00, 0x81, 0x00, 0xE2, 0x08, 0x22, 0x09, 0x02, 0x09, 0xE2, 0x08,
    0xC1, 0x08, 0xC1, 0x08, 0xE2, 0x10, 0xE2, 0x10, 0xA1, 0x08, 0xC1, 0x08, 0x61, 0x00, 0xC1, 0x08,
    0xE4, 0x19, 0x25, 0x22, 0xA3, 0x19, 0x01, 0x09, 0xA1, 0x00, 0x81, 0x00, 0xC1, 0x08, 0x02, 0x09,
    0x02, 0x09, 0xE1, 0x08, 0xC1, 0x08, 0xC1, 0x08, 0xA1, 0x00, 0xC2, 0x08, 0xE2, 0x10, 0xE1, 0x08,
    0xE2, 0x08, 0x01, 0x09, 0x42, 0x11, 0x63, 0x11, 0x22, 0x09, 0xE1, 0x08, 0xC2, 0x08, 0xA2, 0x08,
    0x81, 0x00, 0x61, 0x00, 0x61, 0x00, 0x41, 0x00, 0x81, 0x08, 0xC1, 0x08, 0x61, 0x00, 0x61, 0x00,
    0x61, 0x00, 0x81, 0x08, 0x40, 0x00, 0x83, 0x19, 0xA4, 0x21, 0x40, 0x00, 0x61, 0x00, 0x60, 0x00,
    0xE1, 0x08, 0x63, 0x19, 0xA2, 0x19, 0x04, 0x22, 0x04, 0x22, 0x21, 0x09, 0xE1, 0x08, 0x01, 0x09,
    0x63, 0x11, 0x46, 0x22, 0x46, 0x22, 0x23, 0x09, 0xE2, 0x08, 0xE2, 0x08, 0x02, 0x09, 0x23, 0x09,
    0x23, 0x11, 0xE6, 0x39, 0x0B, 0x63, 0x07, 0x3A, 0x40, 0x00, 0xC1, 0x08, 0xE1, 0x08, 0x02, 0x09,
    0x42, 0x11, 0x82, 0x19, 0xA2, 0x19, 0xA2, 0x19, 0xA2, 0x19, 0xE2, 0x21, 0x45, 0x2A, 0x43, 0x11,
    0xE3, 0x08, 0xE3, 0x08, 0xA2, 0x00, 0xA2, 0x08, 0x61, 0x00, 0x20, 0x00, 0x41, 0x00, 0x61, 0x00,
    0x81, 0x00, 0x02, 0x09, 0x02, 0x09, 0xC1, 0x08, 0xA1, 0x00, 0x41, 0x00, 0x81, 0x00, 0xA2, 0x08,
    0x81, 0x08, 0xA2, 0x08, 0xA1, 0x08, 0xA2, 0x08, 0xA2, 0x08, 0xA2, 0x08, 0x02, 0x09, 0x84, 0x11,
    0xC4, 0x19, 0xA4, 0x11, 0x84, 0x11, 0x63, 0x11, 0xE1, 0x08, 0xE1, 0x08, 0xE1, 0x08, 0x22, 0x09,
    0xC1, 0x08, 0x02, 0x09, 0xC1, 0x00, 0xE1, 0x08, 0x01, 0x09, 0xA1, 0x00, 0x81, 0x00, 0x81, 0x00,
    0x61, 0x00, 0x81, 0x00, 0x81, 0x00, 0x81, 0x00, 0xA1, 0x08, 0xC1, 0x08, 0x61, 0x08, 0x61, 0x00,
    0x83, 0x11, 0x82, 0x11, 0x62, 0x11, 0xC3, 0x19, 0x62, 0x11, 0x42, 0x09, 0x22, 0x11, 0xA2, 0x08,
    0x41, 0x00, 0x61, 0x00, 0xE2, 0x08, 0x63, 0x11, 0x02, 0x11, 0xC1, 0x08, 0x22, 0x11, 0x42, 0x09,
    0x42, 0x09, 0x02, 0x09, 0xA1, 0x00, 0x61, 0x00, 0x61, 0x00, 0xE2, 0x08, 0xC1, 0x00, 0x02, 0x09,
    0xE2, 0x08, 0x02, 0x09, 0x22, 0x09, 0x43, 0x11, 0x02, 0x09, 0x22, 0x09, 0x22, 0x09, 0x22, 0x09,
    0x63, 0x09, 0x83, 0x11, 0x43, 0x11, 0x60, 0x00, 0x60, 0x00, 0x02, 0x09, 0x42, 0x09, 0x22, 0x09,
    0x22, 0x11, 0x22, 0x09, 0x22, 0x09, 0xC2, 0x08, 0x20, 0x00, 0x20, 0x00, 0x20, 0x00, 0x21, 0x00,
    0x20, 0x00, 0x41, 0x00, 0x61, 0x00, 0x61, 0x00, 0x61, 0x00, 0x41, 0x00, 0x61, 0x00, 0x81, 0x00,
    0xC1, 0x08, 0xE2, 0x08, 0xC1, 0x08, 0x60, 0x00, 0x61, 0x00, 0xC2, 0x08, 0x06, 0x32, 0x43, 0x11,
    0x02, 0x09, 0x22, 0x11, 0x02, 0x09, 0x02, 0x09, 0x22, 0x11, 0x64, 0x21, 0x23, 0x19, 0xA1, 0x08,
    0xC1, 0x08, 0x86, 0x42, 0x05, 0x32, 0xE6, 0x31, 0x23, 0x19, 0xA1, 0x00, 0x81, 0x00, 0x81, 0x08,
    0x81, 0x00, 0xA1, 0x00, 0x82, 0x19, 0xC3, 0x19, 0xC3, 0x21, 0xC2, 0x19, 0xA1, 0x19, 0xE2, 0x19,
    0xE3, 0x19, 0x02, 0x09, 0x02, 0x09, 0x02, 0x09, 0x42, 0x11, 0x41, 0x09, 0x62, 0x11, 0xA2, 0x19,
    0x22, 0x09, 0x22, 0x09, 0x22, 0x11, 0x43, 0x11, 0x43, 0x09, 0x42, 0x09, 0x22, 0x09, 0x02, 0x09,
    0xA1, 0x00, 0x61, 0x00, 0xA1, 0x00, 0x02, 0x09, 0x22, 0x09, 0x02, 0x09, 0xE2, 0x08, 0xC1, 0x00,
    0x43, 0x11, 0x43, 0x11, 0xA4, 0x21, 0x43, 0x19, 0xE1, 0x08, 0xC2, 0x08, 0x20, 0x00, 0x63, 0x19,
    0x45, 0x22, 0x83, 0x11, 0xE1, 0x08, 0xA1, 0x00, 0x81, 0x08, 0xA1, 0x00, 0x22, 0x11, 0x43, 0x11,
    0x02, 0x09, 0xE1, 0x08, 0xC1, 0x00, 0xC1, 0x08, 0xC1, 0x08, 0xE2, 0x10, 0x84, 0x29, 0xE2, 0x08,
    0xE1, 0x08, 0xC0, 0x08, 0x01, 0x09, 0x42, 0x09, 0xA3, 0x11, 0xC3, 0x11, 0x83, 0x11, 0xE2, 0x08,
    0xA2, 0x08, 0x81, 0x08, 0x61, 0x00, 0x61, 0x00, 0xC2, 0x08, 0xA2, 0x08, 0x81, 0x00, 0x81, 0x00,
    0x61, 0x00, 0x81, 0x00, 0x61, 0x00, 0x62, 0x19, 0xC4, 0x21, 0x20, 0x00, 0x41, 0x00, 0x41, 0x00,
    0x41, 0x00, 0x81, 0x00, 0xA1, 0x00, 0x01, 0x09, 0x41, 0x09, 0x62, 0x11, 0x42, 0x11, 0x42, 0x11,
    0x21, 0x09, 0x83, 0x11, 0x46, 0x22, 0xE5, 0x19, 0xE2, 0x08, 0xE2, 0x08, 0xE2, 0x08, 0xA1, 0x00,
    0xA5, 0x29, 0x64, 0x21, 0x08, 0x42, 0x68, 0x4A, 0xA6, 0x31, 0x81, 0x00, 0x81, 0x08, 0x81, 0x00,
    0x02, 0x09, 0x01, 0x09, 0x22, 0x11, 0x42, 0x11, 0x22, 0x09, 0x02, 0x09, 0x22, 0x11, 0x23, 0x09,
    0xE2, 0x00, 0xC2, 0x00, 0x81, 0x00, 0x61, 0x00, 0xA2, 0x08, 0x81, 0x00, 0x81, 0x00, 0x61, 0x00,
    0x61, 0x00, 0x61, 0x00, 0x02, 0x09, 0xC1, 0x08, 0x81, 0x00, 0x61, 0x00, 0x81, 0x00, 0xA1, 0x08,
    0x81, 0x00, 0x81, 0x00, 0x81, 0x00, 0xA2, 0x08, 0x81, 0x00, 0xC2, 0x08, 0x84, 0x11, 0xC5, 0x19,
    0xC5, 0x19, 0xA4, 0x19, 0x83, 0x11, 0x43, 0x11, 0xE1, 0x08, 0x01, 0x09, 0x02, 0x09, 0x22, 0x09,
    0xE1, 0x08, 0x22, 0x09, 0x22, 0x09, 0xE1, 0x08, 0xE2, 0x08, 0x61, 0x00, 0x81, 0x08, 0xA1, 0x08,
    0x81, 0x00, 0x81, 0x00, 0x81, 0x00, 0xA1, 0x00, 0xA1, 0x00, 0xC1, 0x08, 0x81, 0x08, 0x41, 0x00,
    0xC2, 0x08, 0xC4, 0x19, 0x21, 0x09, 0x62, 0x11, 0x21, 0x09, 0x41, 0x09, 0x22, 0x09, 0xA1, 0x08,
    0x61, 0x00, 0xA1, 0x08, 0xC1, 0x08, 0x42, 0x11, 0x02, 0x09, 0xE2, 0x08, 0x42, 0x09, 0x63, 0x11,
    0xA4, 0x11, 0xA4, 0x11, 0x02, 0x09, 0x80, 0x00, 0x61, 0x00, 0xA1, 0x00, 0xC1, 0x08, 0xE1, 0x08,
    0xE2, 0x08, 0x02, 0x09, 0x63, 0x11, 0x02, 0x09, 0x02, 0x09, 0x22, 0x09, 0x43, 0x09, 0x63, 0x11,
    0x63, 0x09, 0x22, 0x09, 0x22, 0x11, 0x61, 0x00, 0x20, 0x00, 0x40, 0x00, 0xA1, 0x08, 0xE2, 0x08,
    0x02, 0x09, 0x22, 0x09, 0x63, 0x11, 0xC1, 0x08, 0x20, 0x00, 0x20, 0x00, 0x20, 0x00, 0x21, 0x00,
    0x21, 0x00, 0x21, 0x00, 0x61, 0x00, 0x61, 0x00, 0x61, 0x00, 0x61, 0x00, 0x81, 0x00, 0x81, 0x00,
    0xC1, 0x08, 0xA1, 0x08, 0xA1, 0x08, 0x85, 0x29, 0x03, 0x19, 0xE6, 0x31, 0x07, 0x3A, 0x43, 0x19,
    0xE2, 0x08, 0xE2, 0x08, 0x43, 0x11, 0x02, 0x09, 0xE2, 0x08, 0xC2, 0x08, 0xC2, 0x08, 0xC2, 0x08,
    0xC2, 0x08, 0x45, 0x3A, 0x42, 0x19, 0xA1, 0x08, 0xE2, 0x08, 0x81, 0x00, 0x61, 0x00, 0x81, 0x00,
    0x81, 0x00, 0xA1, 0x08, 0xC1, 0x00, 0x01, 0x09, 0x62, 0x11, 0xA3, 0x19, 0xE3, 0x21, 0x23, 0x22,
    0xC3, 0x19, 0x02, 0x09, 0x02, 0x09, 0x02, 0x09, 0x21, 0x09, 0x81, 0x11, 0x01, 0x09, 0xC2, 0x19,
    0x41, 0x11, 0x02, 0x09, 0x22, 0x09, 0x22, 0x09, 0x43, 0x11, 0x63, 0x11, 0x83, 0x11, 0xC4, 0x11,
    0x02, 0x09, 0x61, 0x00, 0xE2, 0x08, 0x42, 0x09, 0x22, 0x09, 0xE2, 0x08, 0xC1, 0x08, 0x63, 0x19,
    0xC5, 0x21, 0x02, 0x09, 0xC1, 0x08, 0xA1, 0x00, 0x22, 0x11, 0xE2, 0x08, 0x20, 0x00, 0x83, 0x19,
    0xE3, 0x19, 0x01, 0x09, 0xE1, 0x08, 0xA1, 0x08, 0x81, 0x08, 0x02, 0x09, 0xA3, 0x11, 0x63, 0x09,
    0x22, 0x09, 0xE1, 0x08, 0xE1, 0x08, 0xE2, 0x08, 0xC1, 0x08, 0x42, 0x19, 0xA4, 0x29, 0x01, 0x09,
    0x02, 0x09, 0xA4, 0x29, 0x01, 0x11, 0x01, 0x09, 0x21, 0x09, 0x62, 0x11, 0xE3, 0x19, 0x24, 0x22,
    0x22, 0x09, 0xA1, 0x00, 0xA1, 0x00, 0x81, 0x00, 0x02, 0x09, 0xA1, 0x00, 0xA2, 0x08, 0x81, 0x00,
    0x81, 0x00, 0xA1, 0x08, 0x81, 0x00, 0x83, 0x19, 0x22, 0x19, 0x21, 0x00, 0x40, 0x00, 0x40, 0x00,
    0x41, 0x00, 0x41, 0x00, 0x61, 0x00, 0xE2, 0x08, 0x22, 0x09, 0x22, 0x09, 0x42, 0x11, 0x83, 0x11,
    0x82, 0x11, 0x62, 0x11, 0xC3, 0x11, 0x25, 0x22, 0x43, 0x09, 0xE3, 0x08, 0x02, 0x09, 0xE2, 0x08,
    0xA4, 0x21, 0x44, 0x19, 0x65, 0x29, 0x47, 0x42, 0x85, 0x29, 0x24, 0x21, 0x20, 0x00, 0xC1, 0x08,
    0x63, 0x11, 0xE1, 0x08, 0x01, 0x09, 0x22, 0x09, 0xE2, 0x08, 0x03, 0x09, 0x03, 0x09, 0x23, 0x09,
    0x23, 0x09, 0xE2, 0x08, 0x81, 0x08, 0x61, 0x00, 0xA2, 0x08, 0xC2, 0x08, 0xA1, 0x00, 0x61, 0x00,
    0x61, 0x00, 0x61, 0x00, 0x82, 0x00, 0xC2, 0x08, 0xE3, 0x08, 0x81, 0x00, 0x61, 0x00, 0x81, 0x00,
    0x81, 0x00, 0x81, 0x00, 0xA1, 0x00, 0x81, 0x08, 0x61, 0x00, 0xE2, 0x08, 0xC4, 0x19, 0xC5, 0x19,
    0xA4, 0x19, 0x43, 0x09, 0x43, 0x11, 0x43, 0x11, 0x01, 0x09, 0x02, 0x09, 0x02, 0x09, 0x22, 0x09,
    0x22, 0x09, 0x62, 0x11, 0x42, 0x11, 0xE1, 0x08, 0xE1, 0x08, 0x81, 0x00, 0xA1, 0x08, 0xA1, 0x00,
    0x81, 0x00, 0x81, 0x00, 0xA1, 0x08, 0xA1, 0x08, 0xC1, 0x08, 0xC2, 0x08, 0xA1, 0x08, 0x41, 0x00,
    0x61, 0x00, 0x82, 0x11, 0x82, 0x11, 0x21, 0x09, 0xE1, 0x08, 0x62, 0x11, 0xC1, 0x00, 0x81, 0x00,
    0xC1, 0x08, 0xE2, 0x08, 0x22, 0x09, 0x22, 0x09, 0x22, 0x09, 0x42, 0x11, 0x83, 0x11, 0x83, 0x11,
    0x63, 0x11, 0x63, 0x11, 0x83, 0x11, 0x43, 0x11, 0x81, 0x00, 0x81, 0x00, 0xC1, 0x08, 0xE1, 0x08,
    0xE1, 0x08, 0x43, 0x09, 0x43, 0x09, 0x43, 0x09, 0x42, 0x11, 0x43, 0x11, 0x63, 0x11, 0x63, 0x09,
    0x63, 0x11, 0x43, 0x11, 0x22, 0x09, 0xE3, 0x10, 0x61, 0x08, 0x41, 0x00, 0x40, 0x00, 0x41, 0x00,
    0x41, 0x00, 0x61, 0x00, 0x02, 0x09, 0x43, 0x11, 0x40, 0x00, 0x20, 0x00, 0x21, 0x00, 0x20, 0x00,
    0x61, 0x00, 0x61, 0x00, 0x61, 0x00, 0x61, 0x00, 0x41, 0x00, 0x61, 0x00, 0x81, 0x00, 0x81, 0x00,
    0xE2, 0x08, 0xA1, 0x08, 0x81, 0x08, 0x44, 0x19, 0x24, 0x19, 0x65, 0x21, 0xA2, 0x08, 0xA1, 0x08,
    0xE2, 0x08, 0xE2, 0x10, 0x23, 0x19, 0xE1, 0x08, 0xC1, 0x08, 0xC2, 0x08, 0xC2, 0x08, 0xA2, 0x00,
    0xA1, 0x00, 0x84, 0x21, 0xC1, 0x08, 0x02, 0x09, 0xC1, 0x08, 0x61, 0x00, 0x81, 0x00, 0x61, 0x00,
    0xA1, 0x00, 0xC1, 0x08, 0xE2, 0x08, 0xE1, 0x08, 0xE1, 0x08, 0xE1, 0x08, 0x42, 0x11, 0x44, 0x2A,
    0x64, 0x3A, 0xC4, 0x21, 0x02, 0x09, 0x02, 0x09, 0x01, 0x09, 0xE3, 0x21, 0x21, 0x09, 0x21, 0x09,
    0xE2, 0x21, 0x03, 0x22, 0x83, 0x11, 0x83, 0x11, 0x83, 0x11, 0x63, 0x11, 0x63, 0x09, 0x63, 0x09,
    0x02, 0x09, 0xC1, 0x08, 0x42, 0x11, 0x22, 0x09, 0xE2, 0x08, 0xC1, 0x00, 0x22, 0x19, 0x46, 0x42,
    0x23, 0x19, 0x61, 0x00, 0x41, 0x00, 0x61, 0x00, 0x22, 0x09, 0xC1, 0x08, 0x40, 0x00, 0x63, 0x11,
    0x83, 0x11, 0x01, 0x09, 0xC1, 0x08, 0xC1, 0x08, 0xC1, 0x08, 0x84, 0x11, 0xC4, 0x11, 0x63, 0x11,
    0x42, 0x11, 0xE1, 0x08, 0xE1, 0x08, 0x02, 0x09, 0x22, 0x09, 0xA3, 0x19, 0x62, 0x11, 0x02, 0x09,
    0x22, 0x09, 0xA7, 0x4A, 0xE4, 0x31, 0xE1, 0x08, 0x21, 0x09, 0x41, 0x09, 0x81, 0x11, 0xE3, 0x19,
    0x65, 0x2A, 0x42, 0x11, 0xE2, 0x08, 0x81, 0x00, 0xA1, 0x08, 0xE2, 0x08, 0xA1, 0x00, 0xA1, 0x00,
    0x81, 0x00, 0xA1, 0x00, 0xE2, 0x08, 0x43, 0x11, 0x81, 0x00, 0x41, 0x00, 0x41, 0x00, 0x40, 0x00,
    0x20, 0x00, 0x41, 0x00, 0x41, 0x00, 0xA1, 0x00, 0x22, 0x11, 0x22, 0x11, 0xC1, 0x00, 0xE1, 0x08,
    0x42, 0x11, 0xC3, 0x19, 0x05, 0x1A, 0x05, 0x1A, 0x83, 0x11, 0xE2, 0x08, 0xE2, 0x08, 0xE2, 0x08,
    0x84, 0x19, 0x85, 0x29, 0xA2, 0x10, 0xE2, 0x10, 0x06, 0x32, 0x61, 0x08, 0x61, 0x00, 0x02, 0x09,
    0x62, 0x11, 0xC1, 0x00, 0x01, 0x09, 0x62, 0x11, 0x02, 0x09, 0x02, 0x09, 0x22, 0x09, 0x22, 0x09,
    0x23, 0x09, 0xE2, 0x08, 0xA1, 0x00, 0x81, 0x00, 0xA2, 0x08, 0xA1, 0x00, 0x81, 0x00, 0x61, 0x00,
    0x40, 0x00, 0x61, 0x00, 0xC2, 0x08, 0xC3, 0x08, 0xE3, 0x08, 0xA2, 0x08, 0x61, 0x00, 0x61, 0x00,
    0x81, 0x08, 0xA1, 0x00, 0xA1, 0x00, 0x81, 0x00, 0x61, 0x00, 0xE2, 0x08, 0xA4, 0x11, 0x83, 0x11,
    0x63, 0x11, 0x83, 0x11, 0xA4, 0x11, 0x22, 0x09, 0x02, 0x09, 0x01, 0x09, 0x22, 0x09, 0x42, 0x09,
    0x62, 0x11, 0x62, 0x11, 0x83, 0x11, 0x42, 0x09, 0xE1, 0x08, 0x81, 0x00, 0x81, 0x08, 0xA1, 0x00,
    0xC2, 0x08, 0x81, 0x00, 0xA1, 0x08, 0xA1, 0x08, 0xC1, 0x08, 0xE2, 0x08, 0xC1, 0x08, 0x61, 0x00,
    0x21, 0x11, 0x82, 0x11, 0x21, 0x09, 0x01, 0x09, 0x21, 0x11, 0x82, 0x11, 0xA1, 0x00, 0x81, 0x00,
    0x63, 0x19, 0x63, 0x11, 0x63, 0x11, 0x43, 0x11, 0x22, 0x09, 0x42, 0x09, 0x62, 0x11, 0x63, 0x11,
    0x83, 0x11, 0xA4, 0x11, 0x83, 0x09, 0x83, 0x11, 0x22, 0x11, 0x61, 0x00, 0xA1, 0x08, 0xE1, 0x08,
    0x02, 0x09, 0x43, 0x11, 0x43, 0x11, 0x63, 0x11, 0x02, 0x09, 0x63, 0x11, 0x63, 0x11, 0x83, 0x11,
    0x83, 0x11, 0xA4, 0x11, 0x63, 0x11, 0x81, 0x08, 0x41, 0x00, 0x41, 0x00, 0x41, 0x00, 0x41, 0x00,
    0x61, 0x00, 0xA2, 0x08, 0x81, 0x00, 0xA2, 0x08, 0x82, 0x00, 0x41, 0x00, 0xC2, 0x08, 0x02, 0x09,
    0x02, 0x09, 0x22, 0x09, 0x22, 0x09, 0xE2, 0x08, 0x81, 0x00, 0x61, 0x00, 0x61, 0x00, 0xE3, 0x10,
    0x22, 0x11, 0xE1, 0x08, 0xC2, 0x08, 0xE2, 0x10, 0xE2, 0x10, 0xC1, 0x08, 0xA1, 0x00, 0xC1, 0x08,
    0x42, 0x11, 0x23, 0x11, 0xC1, 0x08, 0x02, 0x11, 0x63, 0x21, 0xA1, 0x08, 0x81, 0x00, 0x61, 0x00,
    0x61, 0x00, 0xC2, 0x08, 0x21, 0x11, 0x22, 0x11, 0x61, 0x00, 0x61, 0x00, 0x61, 0x00, 0x81, 0x00,
    0xE2, 0x08, 0xE1, 0x08, 0xE1, 0x08, 0x02, 0x09, 0x02, 0x09, 0xC1, 0x08, 0xA1, 0x00, 0x62, 0x19,
    0x65, 0x3A, 0xE4, 0x29, 0x02, 0x09, 0xE2, 0x08, 0x02, 0x09, 0xC3, 0x19, 0x81, 0x19, 0x20, 0x09,
    0x61, 0x11, 0x43, 0x2A, 0xC2, 0x19, 0x64, 0x11, 0x83, 0x11, 0x63, 0x11, 0x83, 0x11, 0xA4, 0x11,
    0xC4, 0x11, 0x43, 0x11, 0xE2, 0x08, 0xC2, 0x08, 0xE2, 0x08, 0x63, 0x19, 0x05, 0x32, 0x84, 0x29,
    0x40, 0x00, 0x61, 0x00, 0x41, 0x00, 0x81, 0x00, 0x22, 0x09, 0xC1, 0x08, 0x40, 0x00, 0x43, 0x11,
    0x42, 0x11, 0x01, 0x09, 0x02, 0x09, 0x02, 0x09, 0x02, 0x09, 0xC4, 0x19, 0xC4, 0x11, 0x83, 0x11,
    0x42, 0x09, 0x01, 0x09, 0x22, 0x09, 0x42, 0x11, 0x62, 0x11, 0xE3, 0x21, 0xA2, 0x19, 0xE2, 0x08,
    0xE2, 0x08, 0x46, 0x3A, 0x25, 0x32, 0x41, 0x11, 0x21, 0x09, 0x41, 0x09, 0x41, 0x09, 0x82, 0x11,
    0x23, 0x22, 0x04, 0x22, 0x02, 0x09, 0xC2, 0x00, 0x40, 0x00, 0xC2, 0x08, 0xE2, 0x08, 0xC1, 0x08,
    0x81, 0x00, 0xA1, 0x08, 0xE2, 0x08, 0xA1, 0x00, 0xC2, 0x08, 0x61, 0x00, 0x41, 0x00, 0x41, 0x00,
    0x21, 0x00, 0x41, 0x00, 0x61, 0x00, 0x40, 0x00, 0x02, 0x09, 0xC3, 0x19, 0x21, 0x09, 0xA1, 0x00,
    0xA1, 0x08, 0xE1, 0x08, 0x63, 0x11, 0x25, 0x2A, 0xA4, 0x19, 0xA1, 0x00, 0x81, 0x08, 0xE2, 0x08,
    0xA4, 0x21, 0xC2, 0x10, 0x61, 0x00, 0x00, 0x00, 0xC5, 0x29, 0x84, 0x21, 0x81, 0x00, 0x63, 0x11,
    0x42, 0x11, 0xC1, 0x08, 0x01, 0x09, 0x82, 0x11, 0x42, 0x11, 0x02, 0x09, 0x22, 0x09, 0x22, 0x09,
    0x02, 0x09, 0x02, 0x09, 0xC2, 0x08, 0xA1, 0x08, 0xA1, 0x08, 0xC2, 0x08, 0xE2, 0x08, 0xA2, 0x08,
    0x40, 0x00, 0x61, 0x00, 0xC2, 0x08, 0xC2, 0x08, 0xC2, 0x08, 0xE3, 0x08, 0xC2, 0x08, 0x61, 0x00,
    0xA2, 0x08, 0xA2, 0x00, 0x81, 0x00, 0x81, 0x00, 0x81, 0x00, 0x02, 0x09, 0xA3, 0x11, 0xA4, 0x11,
    0x83, 0x11, 0xA4, 0x11, 0x83, 0x11, 0x01, 0x09, 0x02, 0x09, 0x22, 0x11, 0x22, 0x09, 0x83, 0x11,
    0x63, 0x11, 0x83, 0x11, 0xC4, 0x19, 0x83, 0x11, 0x22, 0x09, 0xC1, 0x08, 0xA1, 0x00, 0xC1, 0x08,
    0xC1, 0x08, 0x81, 0x00, 0xA1, 0x00, 0xA1, 0x00, 0xC1, 0x00, 0xC1, 0x08, 0xC1, 0x08, 0xA3, 0x19,
    0xC2, 0x19, 0x41, 0x09, 0x01, 0x09, 0x01, 0x09, 0x82, 0x11, 0x82, 0x11, 0x81, 0x00, 0xA1, 0x08,
    0x83, 0x21, 0xA4, 0x19, 0x83, 0x11, 0x63, 0x11, 0x83, 0x11, 0xA3, 0x11, 0x63, 0x11, 0x83, 0x11,
    0x63, 0x11, 0x63, 0x11, 0x83, 0x19, 0xE4, 0x19, 0xA4, 0x11, 0xA1, 0x00, 0x81, 0x00, 0xE2, 0x08,
    0x63, 0x11, 0x22, 0x09, 0x84, 0x11, 0x22, 0x09, 0x22, 0x11, 0x43, 0x09, 0x63, 0x11, 0x83, 0x11,
    0x63, 0x09, 0x63, 0x11, 0x02, 0x09, 0x20, 0x00, 0x41, 0x00, 0x20, 0x00, 0x20, 0x00, 0x20, 0x00,
    0x61, 0x00, 0xA1, 0x00, 0xA2, 0x08, 0x61, 0x00, 0x41, 0x00, 0x40, 0x00, 0xC1, 0x08, 0x42, 0x11,
    0x02, 0x09, 0xE1, 0x08, 0xC1, 0x00, 0xA1, 0x00, 0xA1, 0x00, 0xA1, 0x08, 0x61, 0x00, 0x61, 0x00,
    0x22, 0x09, 0x21, 0x11, 0x63, 0x19, 0x63, 0x19, 0xE2, 0x08, 0x02, 0x11, 0xE1, 0x08, 0x41, 0x11,
    0x01, 0x09, 0x81, 0x00, 0xC1, 0x08, 0x22, 0x11, 0x87, 0x4A, 0xE2, 0x18, 0x61, 0x00, 0x61, 0x00,
    0x61, 0x00, 0xC1, 0x00, 0x42, 0x11, 0x80, 0x00, 0x41, 0x00, 0x61, 0x00, 0x61, 0x00, 0xE2, 0x08,
    0x22, 0x09, 0x01, 0x09, 0x22, 0x09, 0x01, 0x09, 0x02, 0x09, 0xC1, 0x08, 0x43, 0x19, 0xA3, 0x21,
    0x65, 0x3A, 0xC4, 0x21, 0x43, 0x11, 0xE1, 0x08, 0x63, 0x11, 0x62, 0x11, 0xE2, 0x21, 0x41, 0x11,
    0x21, 0x09, 0x80, 0x19, 0x63, 0x32, 0x83, 0x11, 0x83, 0x11, 0xA3, 0x11, 0xA4, 0x11, 0xA4, 0x11,
    0xA3, 0x11, 0x22, 0x09, 0x61, 0x00, 0x61, 0x00, 0xA1, 0x08, 0x26, 0x32, 0x68, 0x42, 0xC2, 0x10,
    0x61, 0x00, 0x61, 0x00, 0x41, 0x00, 0x81, 0x00, 0x42, 0x11, 0xE2, 0x08, 0x40, 0x00, 0x63, 0x11,
    0x42, 0x09, 0x63, 0x11, 0x83, 0x11, 0x43, 0x11, 0xE2, 0x08, 0xA4, 0x11, 0xE5, 0x19, 0xC4, 0x19,
    0x62, 0x11, 0x42, 0x09, 0x62, 0x11, 0xA3, 0x11, 0xA3, 0x11, 0x03, 0x22, 0xC2, 0x19, 0xE2, 0x10,
    0x81, 0x00, 0x88, 0x42, 0x45, 0x32, 0x82, 0x19, 0x21, 0x09, 0x41, 0x11, 0x62, 0x11, 0x61, 0x11,
    0x81, 0x11, 0xC3, 0x19, 0x42, 0x09, 0x23, 0x11, 0x41, 0x00, 0x40, 0x00, 0xE2, 0x08, 0xE2, 0x08,
    0xA1, 0x00, 0xC2, 0x08, 0xE2, 0x08, 0xE2, 0x08, 0xC2, 0x08, 0xA1, 0x08, 0x60, 0x00, 0x41, 0x00,
    0x41, 0x00, 0x41, 0x00, 0x81, 0x08, 0x81, 0x00, 0xC1, 0x08, 0x82, 0x11, 0xC2, 0x19, 0x01, 0x09,
    0xE1, 0x08, 0xC1, 0x08, 0xA1, 0x00, 0x84, 0x19, 0xE5, 0x21, 0xE2, 0x08, 0x61, 0x00, 0x02, 0x09,
    0x03, 0x11, 0x00, 0x00, 0x41, 0x00, 0x21, 0x00, 0x41, 0x00, 0x26, 0x32, 0x42, 0x11, 0x63, 0x11,
    0x22, 0x09, 0xC1, 0x08, 0x01, 0x09, 0x82, 0x11, 0xA3, 0x11, 0x02, 0x09, 0x02, 0x09, 0x23, 0x09,
    0x23, 0x09, 0x02, 0x09, 0xE2, 0x08, 0xC1, 0x08, 0xC2, 0x08, 0xC1, 0x08, 0xC1, 0x08, 0xE2, 0x08,
    0x81, 0x00, 0x81, 0x00, 0xA2, 0x08, 0xE3, 0x08, 0x03, 0x09, 0x24, 0x11, 0xC2, 0x08, 0x61, 0x00,
    0x81, 0x08, 0xA2, 0x08, 0xA2, 0x08, 0xA1, 0x00, 0x81, 0x00, 0x02, 0x09, 0x83, 0x11, 0xC4, 0x19,
    0xC4, 0x19, 0xA4, 0x11, 0x42, 0x11, 0x01, 0x09, 0x42, 0x11, 0x22, 0x09, 0x83, 0x11, 0x63, 0x09,
    0xE2, 0x08, 0x22, 0x09, 0x83, 0x11, 0xA3, 0x11, 0x83, 0x11, 0x63, 0x11, 0xA1, 0x00, 0xC1, 0x08,
    0xE2, 0x08, 0xC1, 0x08, 0xA1, 0x00, 0xE2, 0x08, 0xE2, 0x08, 0xE2, 0x08, 0x42, 0x11, 0xC2, 0x19,
    0x21, 0x09, 0x01, 0x09, 0x01, 0x09, 0x21, 0x09, 0xC3, 0x19, 0x22, 0x09, 0x61, 0x00, 0x03, 0x19,
    0xC8, 0x4A, 0x63, 0x19, 0x83, 0x19, 0x63, 0x11, 0xA4, 0x19, 0x62, 0x09, 0x42, 0x09, 0x63, 0x11,
    0x83, 0x11, 0xA3, 0x11, 0x63, 0x11, 0x62, 0x09, 0xC4, 0x11, 0x84, 0x11, 0x81, 0x00, 0xE2, 0x08,
    0x43, 0x11, 0x83, 0x11, 0x63, 0x09, 0x43, 0x09, 0x22, 0x09, 0x43, 0x11, 0x83, 0x11, 0x83, 0x11,
    0xA4, 0x11, 0x63, 0x11, 0x61, 0x00, 0x21, 0x00, 0x41, 0x00, 0x21, 0x00, 0x20, 0x00, 0x41, 0x00,
    0x61, 0x00, 0xC1, 0x08, 0xE2, 0x08, 0xC2, 0x08, 0xC1, 0x08, 0xA1, 0x08, 0xA1, 0x00, 0xE2, 0x08,
    0x43, 0x11, 0x02, 0x09, 0xE1, 0x08, 0x81, 0x00, 0xA1, 0x08, 0xA1, 0x08, 0x81, 0x08, 0x61, 0x00,
    0x22, 0x11, 0x42, 0x11, 0x42, 0x11, 0x02, 0x09, 0x81, 0x00, 0x61, 0x00, 0x01, 0x09, 0x21, 0x11,
    0x80, 0x00, 0xA1, 0x08, 0x43, 0x11, 0x22, 0x11, 0xE5, 0x39, 0xC1, 0x10, 0x61, 0x00, 0x61, 0x00,
    0xA1, 0x00, 0x42, 0x11, 0xE1, 0x08, 0x21, 0x00, 0x61, 0x00, 0x61, 0x00, 0xA1, 0x00, 0x22, 0x09,
    0x42, 0x09, 0x42, 0x11, 0x21, 0x09, 0x22, 0x09, 0x01, 0x09, 0x22, 0x11, 0xE5, 0x29, 0xA3, 0x21,
    0xC6, 0x42, 0x62, 0x11, 0x22, 0x09, 0xC1, 0x08, 0xC5, 0x19, 0x02, 0x09, 0xE2, 0x21, 0xA1, 0x19,
    0x41, 0x09, 0x61, 0x11, 0x22, 0x2A, 0xA2, 0x19, 0x63, 0x11, 0xC4, 0x11, 0xA4, 0x11, 0xA4, 0x11,
    0xC4, 0x19, 0x63, 0x11, 0x81, 0x00, 0x61, 0x00, 0xE2, 0x10, 0xC8, 0x42, 0xE6, 0x31, 0x40, 0x00,
    0x61, 0x00, 0x61, 0x00, 0x40, 0x00, 0x81, 0x00, 0x62, 0x11, 0xE2, 0x08, 0x41, 0x00, 0x43, 0x11,
    0x83, 0x11, 0xC4, 0x19, 0xA4, 0x11, 0x23, 0x11, 0x81, 0x00, 0x63, 0x11, 0x25, 0x22, 0xA3, 0x11,
    0x62, 0x11, 0x62, 0x11, 0x83, 0x11, 0xA4, 0x11, 0x22, 0x09, 0xC2, 0x19, 0xA2, 0x19, 0xC1, 0x08,
    0xA1, 0x08, 0xC9, 0x52, 0x46, 0x3A, 0xE4, 0x29, 0x82, 0x19, 0x82, 0x11, 0xA3, 0x19, 0xC3, 0x19,
    0xA2, 0x11, 0x03, 0x22, 0x83, 0x19, 0x81, 0x00, 0x41, 0x00, 0x21, 0x00, 0x41, 0x00, 0xC2, 0x08,
    0x23, 0x11, 0xE2, 0x08, 0x23, 0x09, 0x23, 0x09, 0xC2, 0x08, 0xE2, 0x08, 0x81, 0x00, 0x20, 0x00,
    0x41, 0x00, 0x61, 0x08, 0x61, 0x00, 0x81, 0x00, 0x81, 0x00, 0xC1, 0x00, 0xA3, 0x19, 0x61, 0x11,
    0x21, 0x09, 0x02, 0x09, 0xE2, 0x08, 0x03, 0x09, 0x43, 0x11, 0x43, 0x11, 0x02, 0x09, 0x43, 0x11,
    0x81, 0x00, 0x41, 0x00, 0x41, 0x00, 0x40, 0x00, 0x00, 0x00, 0x42, 0x19, 0x04, 0x2A, 0x63, 0x11,
    0x22, 0x09, 0xE1, 0x08, 0x21, 0x09, 0x62, 0x11, 0xE3, 0x19, 0x42, 0x09, 0x02, 0x09, 0x22, 0x09,
    0x23, 0x09, 0x02, 0x09, 0x02, 0x09, 0xE2, 0x08, 0xE2, 0x08, 0xE2, 0x08, 0x02, 0x09, 0xC1, 0x00,
    0x81, 0x00, 0xA2, 0x08, 0xC2, 0x08, 0xE2, 0x08, 0x23, 0x09, 0xE3, 0x08, 0x81, 0x00, 0x61, 0x00,
    0xA2, 0x08, 0xA2, 0x08, 0x81, 0x00, 0xA2, 0x08, 0x81, 0x00, 0xA1, 0x08, 0x83, 0x11, 0x05, 0x22,
    0xC5, 0x19, 0xE5, 0x21, 0x42, 0x11, 0x42, 0x09, 0x62, 0x11, 0x63, 0x09, 0xE5, 0x19, 0x05, 0x1A,
    0xA1, 0x00, 0xA1, 0x00, 0xC1, 0x08, 0xE1, 0x08, 0x22, 0x09, 0x42, 0x09, 0xE1, 0x08, 0xC1, 0x00,
    0x02, 0x09, 0x02, 0x09, 0xC1, 0x08, 0xE2, 0x08, 0x02, 0x09, 0x23, 0x09, 0xC3, 0x21, 0xA2, 0x19,
    0x41, 0x11, 0x21, 0x09, 0x01, 0x09, 0x82, 0x11, 0xE4, 0x19, 0xC1, 0x08, 0x61, 0x00, 0xC5, 0x31,
    0x46, 0x3A, 0xA4, 0x21, 0xA5, 0x21, 0x83, 0x11, 0xA3, 0x11, 0x63, 0x11, 0x83, 0x11, 0x63, 0x11,
    0x83, 0x11, 0x63, 0x09, 0x63, 0x11, 0xA4, 0x11, 0xA3, 0x11, 0x83, 0x11, 0xC2, 0x08, 0x60, 0x00,
    0xE2, 0x08, 0xA4, 0x19, 0x83, 0x11, 0x83, 0x11, 0x22, 0x09, 0x22, 0x09, 0x83, 0x11, 0x63, 0x09,
    0x63, 0x11, 0x02, 0x09, 0x20, 0x00, 0x41, 0x00, 0x21, 0x00, 0x20, 0x00, 0x61, 0x00, 0xC2, 0x08,
    0xC1, 0x08, 0xC1, 0x08, 0xA1, 0x08, 0xA1, 0x00, 0x81, 0x00, 0x81, 0x00, 0x81, 0x00, 0x81, 0x00,
    0xC2, 0x08, 0x02, 0x09, 0xE2, 0x08, 0x64, 0x19, 0xE2, 0x08, 0xC2, 0x08, 0x81, 0x08, 0x81, 0x00,
    0x02, 0x11, 0x42, 0x19, 0x62, 0x19, 0x83, 0x21, 0x84, 0x29, 0x80, 0x00, 0x42, 0x11, 0xE1, 0x08,
    0x64, 0x21, 0xE6, 0x29, 0x63, 0x19, 0x43, 0x19, 0x43, 0x21, 0x40, 0x00, 0x61, 0x00, 0x61, 0x00,
    0x02, 0x09, 0x43, 0x11, 0x60, 0x00, 0x41, 0x00, 0x40, 0x00, 0x61, 0x00, 0xC1, 0x08, 0x83, 0x11,
    0x83, 0x11, 0x42, 0x09, 0x42, 0x11, 0x42, 0x09, 0x22, 0x09, 0x22, 0x11, 0x22, 0x09, 0xE3, 0x29,
    0xA6, 0x42, 0x42, 0x09, 0x22, 0x11, 0x81, 0x00, 0x84, 0x11, 0xE2, 0x08, 0xC3, 0x19, 0x02, 0x22,
    0x60, 0x11, 0x40, 0x11, 0xC1, 0x21, 0x23, 0x2A, 0x02, 0x09, 0x83, 0x11, 0xC4, 0x11, 0xC4, 0x19,
    0xC4, 0x19, 0x83, 0x11, 0x81, 0x00, 0x40, 0x00, 0xE5, 0x29, 0x66, 0x32, 0xA1, 0x00, 0x81, 0x00,
    0x81, 0x08, 0x61, 0x00, 0x40, 0x00, 0x81, 0x00, 0xA3, 0x19, 0x02, 0x11, 0x81, 0x00, 0xA4, 0x11,
    0x83, 0x11, 0x23, 0x09, 0x02, 0x09, 0xA1, 0x00, 0x61, 0x00, 0xE2, 0x08, 0x04, 0x1A, 0xA3, 0x11,
    0xA3, 0x11, 0xC3, 0x11, 0xC3, 0x19, 0xE2, 0x08, 0xC1, 0x08, 0xC2, 0x19, 0xA2, 0x19, 0x80, 0x00,
    0xE2, 0x10, 0xAD, 0x6B, 0x46, 0x3A, 0x46, 0x3A, 0x42, 0x11, 0x42, 0x11, 0x42, 0x11, 0x82, 0x11,
    0x62, 0x11, 0xA3, 0x19, 0x43, 0x19, 0x40, 0x00, 0x41, 0x00, 0x41, 0x00, 0x21, 0x00, 0x61, 0x00,
    0xE2, 0x08, 0x23, 0x09, 0x02, 0x09, 0xE2, 0x08, 0xE2, 0x08, 0x02, 0x09, 0xA1, 0x00, 0x20, 0x00,
    0x21, 0x00, 0xE3, 0x18, 0x81, 0x08, 0x41, 0x00, 0xC2, 0x08, 0xC2, 0x08, 0xE1, 0x08, 0xA2, 0x19,
    0x41, 0x11, 0x42, 0x11, 0xE1, 0x08, 0xC2, 0x08, 0x43, 0x11, 0x43, 0x09, 0x63, 0x11, 0x43, 0x11,
    0x81, 0x00, 0x82, 0x08, 0x61, 0x00, 0x40, 0x00, 0x61, 0x00, 0xE2, 0x08, 0xC4, 0x19, 0xC4, 0x19,
    0x42, 0x11, 0xE1, 0x08, 0x21, 0x11, 0x62, 0x11, 0xC3, 0x19, 0xA3, 0x19, 0x02, 0x09, 0x22, 0x09,
    0x42, 0x09, 0x02, 0x09, 0x02, 0x09, 0xE2, 0x08, 0xE2, 0x08, 0xE1, 0x08, 0xE2, 0x08, 0xC1, 0x08,
    0xA1, 0x00, 0xC2, 0x08, 0x23, 0x09, 0x03, 0x09, 0x03, 0x09, 0x81, 0x00, 0x41, 0x00, 0x41, 0x00,
    0x61, 0x00, 0x61, 0x00, 0x81, 0x00, 0xA2, 0x08, 0x81, 0x00, 0x81, 0x00, 0x83, 0x19, 0xE5, 0x19,
    0x06, 0x22, 0xE5, 0x19, 0x42, 0x09, 0x62, 0x11, 0x62, 0x11, 0xC4, 0x19, 0xE5, 0x19, 0xE5, 0x19,
    0x81, 0x00, 0xA1, 0x00, 0xE2, 0x08, 0xC1, 0x08, 0xC1, 0x08, 0xE2, 0x08, 0xE2, 0x08, 0xE1, 0x08,
    0x22, 0x09, 0x02, 0x09, 0xE1, 0x08, 0xE1, 0x08, 0x02, 0x09, 0x42, 0x09, 0x23, 0x2A, 0xA1, 0x19,
    0x41, 0x11, 0x21, 0x11, 0x21, 0x09, 0xE3, 0x19, 0xA3, 0x19, 0xA1, 0x00, 0x61, 0x00, 0xC6, 0x31,
    0xE5, 0x29, 0x05, 0x2A, 0x27, 0x32, 0xA4, 0x11, 0x63, 0x09, 0xC4, 0x19, 0x62, 0x09, 0x42, 0x09,
    0x63, 0x09, 0x83, 0x11, 0x83, 0x11, 0x63, 0x11, 0x83, 0x11, 0xE5, 0x19, 0x43, 0x11, 0x60, 0x00,
    0x61, 0x00, 0xC1, 0x00, 0x64, 0x11, 0x63, 0x11, 0x63, 0x11, 0x63, 0x09, 0xA4, 0x11, 0xA4, 0x11,
    0x63, 0x11, 0x81, 0x00, 0x20, 0x00, 0x21, 0x00, 0x20, 0x00, 0x81, 0x00, 0xC1, 0x08, 0xC1, 0x08,
    0xA1, 0x08, 0xA1, 0x08, 0xA1, 0x08, 0xA1, 0x00, 0xA1, 0x00, 0xA1, 0x08, 0xA1, 0x08, 0x81, 0x00,
    0x40, 0x00, 0x20, 0x00, 0xA2, 0x08, 0xA5, 0x29, 0xA1, 0x00, 0xE2, 0x08, 0x81, 0x00, 0x61, 0x00,
    0xC1, 0x08, 0x83, 0x19, 0x22, 0x11, 0x62, 0x19, 0xC4, 0x31, 0x42, 0x11, 0x41, 0x11, 0xE1, 0x08,
    0x88, 0x42, 0x27, 0x3A, 0xE1, 0x08, 0xC4, 0x29, 0x02, 0x11, 0x81, 0x00, 0x41, 0x00, 0xC1, 0x08,
    0x83, 0x19, 0xE1, 0x08, 0x40, 0x00, 0x41, 0x00, 0x40, 0x00, 0x61, 0x00, 0x02, 0x09, 0xA3, 0x19,
    0xA3, 0x11, 0x83, 0x11, 0x62, 0x11, 0x82, 0x11, 0x21, 0x09, 0x21, 0x09, 0x42, 0x09, 0x04, 0x2A,
    0xE4, 0x21, 0x83, 0x11, 0x43, 0x11, 0x61, 0x00, 0xA1, 0x00, 0xE2, 0x08, 0xA3, 0x19, 0x03, 0x2A,
    0xA1, 0x19, 0x40, 0x11, 0xA1, 0x19, 0xC2, 0x21, 0xE1, 0x08, 0x22, 0x09, 0xC4, 0x19, 0xE5, 0x19,
    0xE5, 0x19, 0xC4, 0x19, 0xA1, 0x08, 0xA1, 0x08, 0x45, 0x32, 0x43, 0x19, 0x40, 0x00, 0x81, 0x08,
    0x61, 0x00, 0x41, 0x00, 0x41, 0x00, 0x80, 0x00, 0xC4, 0x21, 0xC2, 0x08, 0xA1, 0x00, 0xE2, 0x08,
    0x81, 0x00, 0x61, 0x00, 0x61, 0x00, 0x81, 0x08, 0x81, 0x00, 0xC2, 0x08, 0xC3, 0x19, 0xE4, 0x19,
    0xE3, 0x19, 0xA3, 0x11, 0x22, 0x09, 0x81, 0x00, 0xE1, 0x08, 0xE2, 0x21, 0x82, 0x19, 0x60, 0x00,
    0x03, 0x19, 0xAD, 0x73, 0xE9, 0x52, 0xA3, 0x29, 0xC1, 0x00, 0xC1, 0x08, 0x40, 0x00, 0xC1, 0x08,
    0xA1, 0x08, 0x41, 0x00, 0x41, 0x00, 0x41, 0x00, 0x41, 0x00, 0x41, 0x00, 0x20, 0x00, 0x20, 0x00,
    0x61, 0x00, 0x64, 0x11, 0x23, 0x09, 0xE1, 0x00, 0xE2, 0x08, 0x02, 0x09, 0xC1, 0x08, 0x40, 0x00,
    0x41, 0x00, 0x41, 0x00, 0x41, 0x00, 0x41, 0x00, 0x61, 0x00, 0xC2, 0x08, 0xA1, 0x08, 0x42, 0x11,
    0xC3, 0x19, 0x61, 0x11, 0x62, 0x11, 0xA1, 0x00, 0xE2, 0x08, 0x43, 0x11, 0x63, 0x11, 0x43, 0x09,
    0xE2, 0x08, 0x81, 0x00, 0x61, 0x00, 0x61, 0x00, 0xA1, 0x08, 0x43, 0x11, 0xA3, 0x11, 0xC4, 0x19,
    0x42, 0x11, 0xE1, 0x08, 0x41, 0x11, 0x62, 0x11, 0xC3, 0x19, 0x04, 0x22, 0x22, 0x09, 0x22, 0x09,
    0x42, 0x09, 0x02, 0x09, 0x02, 0x09, 0x02, 0x09, 0x02, 0x09, 0x02, 0x09, 0xE1, 0x08, 0xE1, 0x08,
    0xC1, 0x08, 0xE2, 0x08, 0x44, 0x11, 0x84, 0x19, 0xC5, 0x19, 0x64, 0x11, 0xC2, 0x08, 0x41, 0x00,
    0x41, 0x00, 0x41, 0x00, 0x81, 0x00, 0xC2, 0x08, 0xA1, 0x08, 0x60, 0x00, 0x22, 0x09, 0x26, 0x22,
    0xE5, 0x19, 0xE4, 0x19, 0x83, 0x11, 0xC3, 0x11, 0xA3, 0x11, 0x05, 0x1A, 0xA4, 0x19, 0xA1, 0x00,
    0x81, 0x00, 0x81, 0x00, 0xA1, 0x08, 0xC1, 0x08, 0x02, 0x09, 0xE2, 0x08, 0xE2, 0x08, 0x02, 0x09,
    0x02, 0x09, 0x42, 0x11, 0x22, 0x09, 0x22, 0x09, 0x22, 0x09, 0x83, 0x19, 0x03, 0x22, 0x61, 0x11,
    0x21, 0x09, 0x01, 0x09, 0x82, 0x11, 0x24, 0x22, 0x42, 0x09, 0xA1, 0x08, 0xA1, 0x00, 0x85, 0x29,
    0x83, 0x19, 0x45, 0x2A, 0x46, 0x32, 0xA4, 0x11, 0x63, 0x11, 0xA3, 0x11, 0x83, 0x09, 0x63, 0x11,
    0x63, 0x11, 0x63, 0x11, 0x63, 0x11, 0xA3, 0x11, 0x83, 0x11, 0x83, 0x11, 0x63, 0x11, 0xA1, 0x00,
    0x81, 0x00, 0x81, 0x00, 0x81, 0x00, 0xE2, 0x08, 0xC4, 0x19, 0x83, 0x11, 0x63, 0x11, 0x63, 0x11,
    0x02, 0x09, 0x41, 0x00, 0x21, 0x00, 0x20, 0x00, 0x81, 0x08, 0xE2, 0x08, 0xE1, 0x08, 0xE1, 0x08,
    0xE2, 0x08, 0xE2, 0x08, 0xE2, 0x08, 0xE2, 0x08, 0xC2, 0x08, 0x81, 0x08, 0x41, 0x00, 0x20, 0x00,
    0x21, 0x00, 0x00, 0x00, 0xE3, 0x10, 0x64, 0x21, 0xA1, 0x00, 0xE1, 0x08, 0x81, 0x00, 0x40, 0x00,
    0x02, 0x11, 0x83, 0x19, 0x42, 0x11, 0xC4, 0x21, 0x02, 0x19, 0x42, 0x19, 0x21, 0x11, 0x22, 0x11,
    0x05, 0x2A, 0xE1, 0x08, 0x63, 0x19, 0xA4, 0x21, 0xE1, 0x08, 0xE1, 0x08, 0xC1, 0x08, 0x83, 0x19,
    0xE1, 0x08, 0x41, 0x00, 0x41, 0x00, 0x41, 0x00, 0x40, 0x00, 0x61, 0x00, 0xE2, 0x08, 0xC3, 0x19,
    0xE4, 0x21, 0xC3, 0x19, 0xC3, 0x11, 0x82, 0x11, 0x42, 0x11, 0x42, 0x09, 0x62, 0x11, 0xC3, 0x19,
    0x82, 0x11, 0xC4, 0x19, 0x02, 0x09, 0x41, 0x00, 0x61, 0x00, 0x61, 0x00, 0xC2, 0x08, 0xA3, 0x21,
    0x22, 0x2A, 0x61, 0x19, 0xA1, 0x21, 0xC2, 0x19, 0x22, 0x09, 0xE1, 0x08, 0x63, 0x09, 0xE5, 0x19,
    0x26, 0x22, 0xE5, 0x19, 0xA1, 0x00, 0x03, 0x11, 0xE2, 0x08, 0x81, 0x00, 0x81, 0x00, 0x81, 0x00,
    0x41, 0x00, 0x61, 0x00, 0x41, 0x00, 0xC1, 0x08, 0xA3, 0x19, 0x61, 0x00, 0x41, 0x00, 0x40, 0x00,
    0x61, 0x00, 0x61, 0x00, 0x61, 0x00, 0xC2, 0x08, 0xC2, 0x08, 0xC2, 0x08, 0xC3, 0x19, 0xE4, 0x19,
    0x83, 0x11, 0xE1, 0x08, 0xA1, 0x00, 0xA1, 0x00, 0x02, 0x09, 0x02, 0x22, 0x41, 0x11, 0x40, 0x00,
    0x85, 0x31, 0x6D, 0x73, 0xEA, 0x5A, 0x25, 0x3A, 0xE1, 0x08, 0xE2, 0x08, 0x61, 0x00, 0x61, 0x00,
    0x61, 0x00, 0x41, 0x00, 0x41, 0x00, 0x41, 0x00, 0x41, 0x00, 0x21, 0x00, 0x20, 0x00, 0x21, 0x00,
    0x41, 0x00, 0xC2, 0x08, 0x02, 0x09, 0x22, 0x11, 0x22, 0x09, 0x22, 0x09, 0xC1, 0x08, 0x40, 0x00,
    0x41, 0x00, 0x41, 0x00, 0x41, 0x00, 0x41, 0x00, 0x41, 0x00, 0x41, 0x00, 0xC2, 0x08, 0xE1, 0x08,
    0xA3, 0x19, 0x82, 0x11, 0xA3, 0x11, 0x22, 0x09, 0xA1, 0x00, 0xE1, 0x08, 0x43, 0x11, 0x83, 0x11,
    0x02, 0x09, 0x81, 0x00, 0x61, 0x00, 0x61, 0x00, 0x02, 0x09, 0xA4, 0x19, 0xC4, 0x19, 0xC4, 0x19,
    0x42, 0x11, 0x01, 0x09, 0x41, 0x11, 0x62, 0x11, 0xC2, 0x11, 0x24, 0x22, 0x42, 0x11, 0x22, 0x09,
    0x42, 0x09, 0x22, 0x09, 0x02, 0x09, 0x02, 0x09, 0x02, 0x09, 0x02, 0x09, 0x02, 0x09, 0x22, 0x09,
    0xC1, 0x08, 0xC2, 0x00, 0x64, 0x11, 0x03, 0x09, 0x03, 0x09, 0x23, 0x09, 0x23, 0x11, 0xC2, 0x08,
    0x61, 0x00, 0x61, 0x00, 0x81, 0x00, 0x81, 0x00, 0xA1, 0x08, 0xA1, 0x08, 0xE1, 0x08, 0xA4, 0x19,
    0xE4, 0x19, 0xC4, 0x19, 0xA4, 0x19, 0xE4, 0x19, 0xE4, 0x19, 0x43, 0x11, 0x61, 0x00, 0x41, 0x00,
    0xA1, 0x00, 0x81, 0x00, 0x61, 0x00, 0xA1, 0x00, 0xE2, 0x08, 0x02, 0x09, 0x02, 0x09, 0x22, 0x09,
    0x22, 0x09, 0x63, 0x11, 0x02, 0x09, 0x22, 0x09, 0x42, 0x09, 0xC4, 0x19, 0xE3, 0x21, 0x41, 0x09,
    0x21, 0x09, 0x41, 0x11, 0xE3, 0x19, 0x04, 0x22, 0xE1, 0x08, 0xA2, 0x08, 0xA2, 0x08, 0x82, 0x08,
    0x63, 0x19, 0x65, 0x2A, 0x25, 0x2A, 0x63, 0x11, 0xA4, 0x11, 0x63, 0x11, 0xC4, 0x11, 0x42, 0x11,
    0x22, 0x09, 0x62, 0x11, 0x63, 0x11, 0x63, 0x09, 0x83, 0x11, 0xC4, 0x19, 0x83, 0x11, 0x81, 0x00,
    0x81, 0x00, 0xA1, 0x00, 0x81, 0x00, 0x81, 0x00, 0xC1, 0x08, 0x43, 0x11, 0x63, 0x11, 0x63, 0x11,
    0xE1, 0x08, 0x81, 0x08, 0x21, 0x00, 0x20, 0x00, 0x40, 0x00, 0x61, 0x00, 0x81, 0x00, 0xA1, 0x00,
    0xA1, 0x08, 0xA1, 0x08, 0x81, 0x00, 0x61, 0x00, 0x41, 0x00, 0x20, 0x00, 0x20, 0x00, 0x20, 0x00,
    0x21, 0x00, 0x41, 0x00, 0x44, 0x19, 0x48, 0x3A, 0xA1, 0x00, 0xE2, 0x08, 0xA1, 0x08, 0x41, 0x00,
    0x62, 0x19, 0x42, 0x11, 0xC4, 0x21, 0x05, 0x2A, 0x43, 0x21, 0x23, 0x19, 0x63, 0x19, 0xE5, 0x21,
    0xE6, 0x29, 0xC1, 0x08, 0xA3, 0x19, 0xC1, 0x00, 0xC1, 0x00, 0x22, 0x11, 0x63, 0x19, 0xC1, 0x08,
    0x61, 0x00, 0x41, 0x00, 0x41, 0x00, 0x41, 0x00, 0x41, 0x00, 0x61, 0x00, 0x81, 0x00, 0x83, 0x19,
    0x04, 0x22, 0xE4, 0x19, 0xC3, 0x19, 0xC3, 0x19, 0x61, 0x09, 0x61, 0x11, 0x82, 0x11, 0xA3, 0x11,
    0xE4, 0x19, 0x63, 0x11, 0xC1, 0x08, 0x61, 0x00, 0x61, 0x00, 0x61, 0x00, 0x41, 0x00, 0xE1, 0x08,
    0x64, 0x32, 0xA1, 0x21, 0xA2, 0x21, 0xA2, 0x19, 0x42, 0x11, 0x83, 0x11, 0x62, 0x09, 0xC4, 0x19,
    0xC4, 0x19, 0xC5, 0x19, 0x81, 0x08, 0x81, 0x00, 0xA1, 0x00, 0xC2, 0x08, 0x81, 0x08, 0x61, 0x00,
    0x61, 0x00, 0x61, 0x00, 0x41, 0x00, 0xC2, 0x08, 0x02, 0x11, 0x40, 0x00, 0x61, 0x00, 0x41, 0x00,
    0x61, 0x00, 0x61, 0x00, 0x61, 0x00, 0xE2, 0x08, 0xE2, 0x08, 0x22, 0x09, 0x25, 0x22, 0x62, 0x11,
    0xC1, 0x00, 0xC1, 0x08, 0xC2, 0x08, 0xC2, 0x00, 0x02, 0x09, 0x23, 0x2A, 0x82, 0x19, 0x40, 0x00,
    0xA6, 0x31, 0xEB, 0x62, 0xA8, 0x4A, 0x65, 0x3A, 0x01, 0x09, 0xC1, 0x08, 0x61, 0x00, 0x81, 0x00,
    0xA1, 0x08, 0x61, 0x00, 0x40, 0x00, 0x40, 0x00, 0x21, 0x00, 0x21, 0x00, 0x41, 0x00, 0x61, 0x00,
    0x61, 0x00, 0x61, 0x00, 0x81, 0x00, 0xC1, 0x08, 0x02, 0x09, 0x42, 0x11, 0x02, 0x09, 0x61, 0x00,
    0x61, 0x00, 0x41, 0x00, 0x41, 0x00, 0x41, 0x00, 0x41, 0x00, 0x41, 0x00, 0x61, 0x00, 0x61, 0x00,
    0x83, 0x19, 0xA2, 0x19, 0xA3, 0x11, 0xC4, 0x19, 0xC1, 0x00, 0xC1, 0x08, 0xE1, 0x08, 0x43, 0x11,
    0x43, 0x11, 0xC2, 0x08, 0x61, 0x00, 0x81, 0x00, 0x63, 0x11, 0xC4, 0x19, 0xC4, 0x19, 0xE5, 0x21,
    0x42, 0x11, 0x21, 0x09, 0x41, 0x11, 0x62, 0x11, 0xC2, 0x19, 0x44, 0x22, 0x62, 0x11, 0x22, 0x09,
    0x22, 0x09, 0x22, 0x09, 0x22, 0x09, 0x22, 0x09, 0x22, 0x09, 0x22, 0x09, 0x22, 0x09, 0x22, 0x09,
    0xE1, 0x08, 0xA1, 0x08, 0x64, 0x19, 0x03, 0x09, 0xA1, 0x00, 0x81, 0x00, 0x81, 0x00, 0xA2, 0x08,
    0x61, 0x00, 0x81, 0x08, 0x61, 0x00, 0x41, 0x00, 0x81, 0x00, 0xE2, 0x08, 0xC1, 0x00, 0x02, 0x09,
    0x83, 0x11, 0xA4, 0x19, 0xC4, 0x19, 0x25, 0x22, 0x23, 0x11, 0x61, 0x00, 0x61, 0x00, 0x81, 0x08,
    0xA2, 0x08, 0xA1, 0x00, 0xA2, 0x08, 0x81, 0x00, 0x81, 0x00, 0xE2, 0x08, 0x02, 0x09, 0x22, 0x11,
    0x63, 0x11, 0x62, 0x09, 0x22, 0x09, 0x42, 0x09, 0x63, 0x11, 0x63, 0x11, 0xA2, 0x19, 0x41, 0x09,
    0x21, 0x09, 0x82, 0x11, 0x24, 0x22, 0xC4, 0x19, 0xA1, 0x00, 0xC2, 0x08, 0xA2, 0x08, 0x61, 0x00,
    0x63, 0x19, 0x65, 0x32, 0x25, 0x22, 0x63, 0x09, 0xA4, 0x11, 0x83, 0x11, 0xA4, 0x11, 0x62, 0x09,
    0x62, 0x09, 0x63, 0x11, 0x62, 0x09, 0x63, 0x11, 0x63, 0x11, 0x63, 0x09, 0x63, 0x11, 0x61, 0x00,
    0x81, 0x00, 0xA1, 0x08, 0xA1, 0x08, 0xA1, 0x08, 0x81, 0x00, 0xA1, 0x00, 0x43, 0x11, 0x63, 0x11,
    0xC1, 0x00, 0xC1, 0x08, 0x40, 0x00, 0x20, 0x00, 0x41, 0x00, 0x82, 0x08, 0x81, 0x08, 0x41, 0x00,
    0x41, 0x00, 0x20, 0x00, 0x20, 0x00, 0x20, 0x00, 0x20, 0x00, 0x20, 0x00, 0x20, 0x00, 0x20, 0x00,
    0x00, 0x00, 0x61, 0x08, 0xC6, 0x31, 0xC6, 0x31, 0x80, 0x00, 0x02, 0x09, 0xA1, 0x00, 0xA2, 0x08,
    0xE4, 0x29, 0x62, 0x11, 0x46, 0x32, 0xC4, 0x21, 0x47, 0x42, 0x43, 0x21, 0xA4, 0x21, 0x06, 0x2A,
    0xA4, 0x21, 0x42, 0x11, 0x82, 0x19, 0x80, 0x00, 0xE1, 0x08, 0x22, 0x11, 0x81, 0x00, 0x41, 0x00,
    0x41, 0x00, 0x61, 0x00, 0x61, 0x00, 0x61, 0x00, 0x61, 0x00, 0x61, 0x00, 0x81, 0x00, 0x02, 0x09,
    0xE4, 0x21, 0x04, 0x1A, 0xE3, 0x19, 0xE3, 0x19, 0xA2, 0x11, 0x82, 0x11, 0xA2, 0x11, 0xE3, 0x19,
    0x24, 0x22, 0x22, 0x09, 0xC2, 0x08, 0x81, 0x00, 0x41, 0x00, 0x61, 0x00, 0x61, 0x00, 0x20, 0x00,
    0x22, 0x19, 0x03, 0x2A, 0xE2, 0x21, 0x61, 0x00, 0x81, 0x00, 0x43, 0x11, 0xA4, 0x19, 0xA4, 0x11,
    0xC4, 0x19, 0x02, 0x09, 0x61, 0x00, 0x81, 0x00, 0xC1, 0x08, 0xA1, 0x08, 0x20, 0x00, 0x41, 0x00,
    0x81, 0x00, 0x61, 0x00, 0x61, 0x00, 0x61, 0x00, 0x81, 0x00, 0x61, 0x00, 0x81, 0x00, 0x61, 0x00,
    0x61, 0x00, 0x81, 0x08, 0x81, 0x00, 0xC2, 0x00, 0x63, 0x11, 0x22, 0x09, 0x42, 0x09, 0x02, 0x09,
    0x02, 0x09, 0xE2, 0x08, 0xE2, 0x08, 0x02, 0x09, 0xE2, 0x08, 0xC3, 0x21, 0x01, 0x11, 0x60, 0x00,
    0x48, 0x42, 0x0A, 0x5B, 0x87, 0x42, 0x86, 0x42, 0x62, 0x19, 0xC1, 0x08, 0x81, 0x00, 0x81, 0x00,
    0xA1, 0x08, 0xC2, 0x08, 0xC2, 0x08, 0x81, 0x00, 0x40, 0x00, 0x61, 0x00, 0x82, 0x08, 0xA2, 0x08,
    0x81, 0x00, 0x81, 0x00, 0x81, 0x00, 0x81, 0x00, 0x61, 0x00, 0xA1, 0x00, 0x03, 0x11, 0x61, 0x00,
    0x61, 0x00, 0x61, 0x00, 0x61, 0x00, 0x61, 0x00, 0x61, 0x00, 0x61, 0x00, 0x61, 0x00, 0x41, 0x00,
    0xA1, 0x00, 0xE4, 0x21, 0x82, 0x11, 0x45, 0x2A, 0x62, 0x11, 0x02, 0x09, 0x02, 0x09, 0xE1, 0x08,
    0x22, 0x09, 0xE2, 0x08, 0x61, 0x00, 0xA1, 0x00, 0x84, 0x11, 0xC4, 0x19, 0xE5, 0x19, 0xE4, 0x19,
    0x21, 0x09, 0x21, 0x09, 0x41, 0x11, 0x82, 0x11, 0x82, 0x11, 0x24, 0x2A, 0x82, 0x11, 0x22, 0x09,
    0x21, 0x09, 0x22, 0x09, 0x42, 0x11, 0x22, 0x09, 0x22, 0x09, 0x22, 0x09, 0x22, 0x09, 0x63, 0x11,
    0xC1, 0x08, 0x81, 0x08, 0x23, 0x11, 0x44, 0x11, 0xA2, 0x00, 0x61, 0x00, 0x61, 0x00, 0x61, 0x00,
    0xA1, 0x08, 0x81, 0x00, 0x61, 0x00, 0x61, 0x00, 0x61, 0x00, 0x02, 0x09, 0x23, 0x09, 0x22, 0x09,
    0x22, 0x09, 0x63, 0x11, 0xC4, 0x19, 0x83, 0x11, 0x81, 0x00, 0x61, 0x00, 0x81, 0x00, 0x81, 0x00,
    0xA1, 0x00, 0xC2, 0x08, 0xA1, 0x00, 0xC2, 0x08, 0xA2, 0x00, 0x81, 0x00, 0xC1, 0x08, 0xA1, 0x00,
    0xE2, 0x08, 0x43, 0x11, 0x63, 0x11, 0x63, 0x09, 0x63, 0x11, 0x22, 0x09, 0x82, 0x19, 0x41, 0x09,
    0x41, 0x09, 0xE3, 0x19, 0x45, 0x2A, 0x42, 0x11, 0xA1, 0x00, 0xA1, 0x00, 0xA2, 0x08, 0x61, 0x00,
    0x43, 0x19, 0x85, 0x32, 0xE4, 0x21, 0x84, 0x11, 0x83, 0x11, 0xA4, 0x11, 0x83, 0x11, 0xC4, 0x11,
    0x42, 0x09, 0x42, 0x09, 0x63, 0x11, 0x62, 0x11, 0x62, 0x11, 0xA4, 0x19, 0x43, 0x11, 0x61, 0x00,
    0x61, 0x00, 0x61, 0x00, 0x61, 0x00, 0x81, 0x08, 0xA1, 0x08, 0xA2, 0x08, 0x02, 0x09, 0x43, 0x11,
    0x02, 0x09, 0x22, 0x11, 0xC1, 0x08, 0x20, 0x00, 0x41, 0x00, 0x81, 0x00, 0x41, 0x00, 0x21, 0x00,
    0x21, 0x00, 0x21, 0x00, 0x21, 0x00, 0x21, 0x00, 0x20, 0x00, 0x20, 0x00, 0x20, 0x00, 0x20, 0x00,
    0x21, 0x00, 0x20, 0x00, 0xA6, 0x29, 0x03, 0x19, 0x81, 0x00, 0x02, 0x09, 0x60, 0x00, 0x63, 0x21,
    0xE4, 0x21, 0xA4, 0x21, 0x46, 0x3A, 0xC4, 0x29, 0xA4, 0x29, 0x84, 0x21, 0xC4, 0x29, 0x47, 0x3A,
    0xC4, 0x21, 0xC3, 0x21, 0x62, 0x19, 0x80, 0x00, 0xE1, 0x08, 0x02, 0x11, 0x41, 0x00, 0x41, 0x00,
    0x41, 0x00, 0x81, 0x00, 0x81, 0x00, 0x81, 0x00, 0x81, 0x00, 0x61, 0x00, 0x61, 0x00, 0xA1, 0x00,
    0x83, 0x19, 0x44, 0x22, 0x03, 0x1A, 0xE3, 0x19, 0x81, 0x11, 0xA2, 0x11, 0xC3, 0x19, 0x24, 0x22,
    0x05, 0x22, 0xE1, 0x08, 0x22, 0x09, 0x81, 0x00, 0x61, 0x00, 0x61, 0x00, 0x61, 0x00, 0x21, 0x00,
    0x21, 0x00, 0xA1, 0x08, 0xC4, 0x21, 0x81, 0x08, 0x00, 0x00, 0x20, 0x00, 0x02, 0x09, 0xC4, 0x11,
    0x43, 0x11, 0x61, 0x00, 0x61, 0x00, 0x81, 0x00, 0xA1, 0x08, 0x61, 0x00, 0x41, 0x00, 0x41, 0x00,
    0x81, 0x08, 0x81, 0x00, 0x61, 0x00, 0x61, 0x00, 0x81, 0x00, 0xA2, 0x08, 0x81, 0x00, 0x81, 0x00,
    0x81, 0x00, 0x81, 0x08, 0x61, 0x00, 0xC2, 0x08, 0x63, 0x11, 0x63, 0x11, 0x22, 0x09, 0x43, 0x11,
    0x22, 0x09, 0x02, 0x09, 0x22, 0x09, 0x22, 0x09, 0x43, 0x09, 0x43, 0x11, 0xC1, 0x00, 0xA1, 0x08,
    0x68, 0x42, 0x68, 0x42, 0xA3, 0x21, 0x66, 0x42, 0x21, 0x11, 0x01, 0x09, 0x81, 0x00, 0xA1, 0x08,
    0xA1, 0x00, 0xC1, 0x00, 0xE2, 0x08, 0xE2, 0x08, 0xC2, 0x08, 0xA1, 0x08, 0xA1, 0x08, 0xA2, 0x08,
    0xA2, 0x00, 0xA2, 0x00, 0x81, 0x00, 0x81, 0x08, 0x82, 0x08, 0x61, 0x00, 0x61, 0x00, 0x61, 0x00,
    0x61, 0x00, 0x41, 0x00, 0x41, 0x00, 0x61, 0x00, 0x61, 0x00, 0x81, 0x00, 0x81, 0x08, 0x61, 0x00,
    0x61, 0x00, 0xA4, 0x19, 0xE4, 0x19, 0x24, 0x22, 0x05, 0x22, 0xE1, 0x08, 0x43, 0x11, 0x22, 0x11,
    0x22, 0x09, 0x02, 0x09, 0x81, 0x00, 0xE2, 0x08, 0xC4, 0x19, 0xE4, 0x19, 0xE5, 0x19, 0xE5, 0x21,
    0x42, 0x09, 0x62, 0x11, 0x41, 0x11, 0x82, 0x11, 0xC2, 0x19, 0xA3, 0x19, 0x62, 0x11, 0x42, 0x09,
    0x01, 0x09, 0x22, 0x09, 0x22, 0x09, 0x42, 0x11, 0x42, 0x11, 0x42, 0x09, 0x63, 0x11, 0x02, 0x09,
    0xA1, 0x08, 0xC1, 0x00, 0x43, 0x09, 0x22, 0x09, 0xE2, 0x08, 0x81, 0x00, 0x61, 0x00, 0x81, 0x00,
    0xC2, 0x08, 0xE2, 0x08, 0x03, 0x09, 0xC2, 0x08, 0x81, 0x00, 0xE2, 0x08, 0x23, 0x09, 0x23, 0x09,
    0x02, 0x09, 0xE2, 0x08, 0x22, 0x09, 0x02, 0x09, 0x02, 0x09, 0x81, 0x00, 0x81, 0x00, 0x61, 0x00,
    0xE2, 0x08, 0xC2, 0x08, 0xA1, 0x00, 0xA1, 0x00, 0xC2, 0x08, 0xA1, 0x08, 0xA2, 0x08, 0xA2, 0x08,
    0x61, 0x00, 0x61, 0x00, 0xA1, 0x08, 0x63, 0x11, 0x83, 0x11, 0x22, 0x09, 0xA2, 0x19, 0x41, 0x09,
    0x61, 0x11, 0x24, 0x2A, 0xE4, 0x21, 0xA1, 0x00, 0xC2, 0x08, 0xA1, 0x00, 0x81, 0x00, 0x41, 0x00,
    0x43, 0x19, 0x64, 0x32, 0xE4, 0x21, 0xA4, 0x19, 0x63, 0x11, 0xC4, 0x19, 0x83, 0x11, 0xA3, 0x11,
    0x22, 0x09, 0x63, 0x11, 0x62, 0x11, 0x42, 0x09, 0x83, 0x11, 0x62, 0x11, 0x22, 0x11, 0x41, 0x00,
    0x41, 0x00, 0x20, 0x00, 0x20, 0x00, 0x20, 0x00, 0x40, 0x00, 0x61, 0x00, 0x61, 0x00, 0x61, 0x00,
    0x81, 0x00, 0xA1, 0x08, 0x03, 0x11, 0x41, 0x00, 0x20, 0x00, 0x20, 0x00, 0x20, 0x00, 0x41, 0x00,
    0x41, 0x00, 0x20, 0x00, 0x20, 0x00, 0x20, 0x00, 0x20, 0x00, 0x20, 0x00, 0x20, 0x00, 0x21, 0x00,
    0x00, 0x00, 0x81, 0x08, 0x64, 0x21, 0xA1, 0x08, 0xC1, 0x00, 0x02, 0x09, 0x81, 0x00, 0x05, 0x32,
    0xC3, 0x21, 0x26, 0x3A, 0x67, 0x4A, 0x25, 0x32, 0x22, 0x11, 0x83, 0x19, 0x25, 0x32, 0x46, 0x3A,
    0xA3, 0x21, 0xE3, 0x21, 0xE1, 0x08, 0xA1, 0x00, 0x42, 0x11, 0x01, 0x09, 0x61, 0x00, 0x60, 0x00,
    0x61, 0x00, 0x81, 0x08, 0x81, 0x00, 0x81, 0x00, 0xA1, 0x08, 0x81, 0x00, 0x81, 0x00, 0x61, 0x00,
    0x02, 0x09, 0x25, 0x22, 0x23, 0x22, 0xE3, 0x19, 0xA2, 0x11, 0xA2, 0x11, 0xC3, 0x19, 0x24, 0x22,
    0x42, 0x11, 0xA1, 0x00, 0x22, 0x09, 0x81, 0x00, 0x41, 0x00, 0x82, 0x00, 0x61, 0x00, 0x21, 0x00,
    0x21, 0x00, 0x00, 0x00, 0x61, 0x08, 0x81, 0x08, 0x20, 0x00, 0x20, 0x00, 0x81, 0x00, 0xC4, 0x19,
    0x63, 0x11, 0x41, 0x00, 0xA2, 0x08, 0xA1, 0x08, 0x61, 0x00, 0x61, 0x00, 0x61, 0x00, 0x41, 0x00,
    0x61, 0x00, 0xA1, 0x08, 0xA1, 0x08, 0x81, 0x00, 0x81, 0x00, 0xC2, 0x08, 0xA2, 0x00, 0xA1, 0x00,
    0xA1, 0x00, 0x81, 0x00, 0x81, 0x08, 0x81, 0x00, 0x63, 0x11, 0xA4, 0x11, 0x63, 0x11, 0x63, 0x11,
    0x42, 0x09, 0x22, 0x09, 0x43, 0x11, 0x43, 0x11, 0x63, 0x11, 0x03, 0x09, 0xC1, 0x08, 0xA1, 0x08,
    0x23, 0x11, 0xE2, 0x10, 0x01, 0x11, 0xA3, 0x29, 0x80, 0x00, 0xE1, 0x08, 0xC1, 0x08, 0xC1, 0x08,
    0xC1, 0x08, 0xC1, 0x08, 0xC1, 0x08, 0xE2, 0x08, 0x02, 0x09, 0x02, 0x09, 0xC1, 0x08, 0xC2, 0x08,
    0xC2, 0x08, 0xA2, 0x00, 0xA2, 0x08, 0xA2, 0x08, 0x81, 0x00, 0x81, 0x00, 0x81, 0x00, 0x61, 0x00,
    0x41, 0x00, 0x41, 0x00, 0x61, 0x00, 0x61, 0x00, 0xA2, 0x08, 0xA2, 0x00, 0x61, 0x00, 0x61, 0x00,
    0x61, 0x00, 0x43, 0x11, 0x46, 0x2A, 0xE3, 0x19, 0x46, 0x2A, 0x23, 0x11, 0xC1, 0x08, 0xC2, 0x08,
    0x02, 0x09, 0x02, 0x09, 0xA1, 0x08, 0x02, 0x09, 0xE4, 0x19, 0xE4, 0x19, 0x05, 0x22, 0xE4, 0x21,
    0x21, 0x09, 0x82, 0x11, 0x62, 0x11, 0x62, 0x11, 0xC3, 0x19, 0x82, 0x11, 0x62, 0x11, 0x42, 0x09,
    0x01, 0x09, 0x21, 0x09, 0x42, 0x09, 0x62, 0x11, 0x83, 0x11, 0xA3, 0x11, 0x63, 0x11, 0xA1, 0x00,
    0x22, 0x09, 0xC4, 0x19, 0x82, 0x11, 0x01, 0x09, 0xE1, 0x08, 0xE2, 0x08, 0x02, 0x11, 0xC2, 0x08,
    0x02, 0x11, 0x02, 0x09, 0x23, 0x09, 0x02, 0x09, 0xE2, 0x08, 0xE2, 0x08, 0xE2, 0x08, 0xC2, 0x08,
    0xA1, 0x08, 0xA1, 0x08, 0xC1, 0x00, 0xC1, 0x08, 0x42, 0x11, 0x23, 0x11, 0x81, 0x00, 0x61, 0x00,
    0xE2, 0x08, 0xE2, 0x08, 0xE2, 0x08, 0xC2, 0x08, 0xC2, 0x08, 0xE2, 0x08, 0xA1, 0x00, 0xC2, 0x08,
    0xC2, 0x08, 0x41, 0x00, 0x20, 0x00, 0x81, 0x00, 0x02, 0x09, 0x02, 0x09, 0xA2, 0x19, 0x41, 0x11,
    0xC3, 0x19, 0x24, 0x22, 0x02, 0x09, 0xA1, 0x08, 0xA2, 0x08, 0x81, 0x00, 0x61, 0x00, 0x61, 0x00,
    0x63, 0x19, 0x64, 0x3A, 0xA3, 0x19, 0x63, 0x11, 0x84, 0x19, 0xA4, 0x19, 0xA4, 0x11, 0x63, 0x11,
    0x63, 0x11, 0x42, 0x09, 0x63, 0x11, 0x83, 0x11, 0x42, 0x09, 0x62, 0x11, 0xE1, 0x08, 0x20, 0x00,
    0x21, 0x00, 0x20, 0x00, 0x21, 0x00, 0x21, 0x00, 0x41, 0x00, 0x41, 0x00, 0x41, 0x00, 0x41, 0x00,
    0x41, 0x00, 0x40, 0x00, 0x41, 0x00, 0x41, 0x00, 0x41, 0x00, 0x41, 0x00, 0x21, 0x00, 0x41, 0x00,
    0x41, 0x00, 0x20, 0x00, 0x20, 0x00, 0x20, 0x00, 0x20, 0x00, 0x20, 0x00, 0x20, 0x00, 0x20, 0x00,
    0x00, 0x00, 0xA2, 0x08, 0x44, 0x19, 0xC2, 0x08, 0xC1, 0x08, 0x23, 0x11, 0x81, 0x00, 0xA4, 0x29,
    0x83, 0x21, 0x46, 0x42, 0x09, 0x63, 0x87, 0x4A, 0x83, 0x21, 0x62, 0x19, 0xC4, 0x29, 0xA6, 0x42,
    0xA3, 0x21, 0x01, 0x09, 0x41, 0x11, 0x21, 0x09, 0x21, 0x11, 0xA1, 0x00, 0x61, 0x00, 0x81, 0x00,
    0x81, 0x08, 0xA1, 0x08, 0xA1, 0x00, 0x81, 0x00, 0xA1, 0x08, 0xA1, 0x08, 0xA1, 0x08, 0xA1, 0x08,
    0x61, 0x00, 0xA3, 0x19, 0x44, 0x22, 0x03, 0x22, 0xA2, 0x11, 0xC2, 0x19, 0x03, 0x1A, 0x82, 0x19,
    0x80, 0x00, 0x02, 0x09, 0x02, 0x09, 0x81, 0x00, 0x81, 0x00, 0x61, 0x00, 0x41, 0x00, 0x20, 0x00,
    0x21, 0x00, 0x21, 0x00, 0x20, 0x00, 0x20, 0x00, 0x41, 0x00, 0x61, 0x00, 0x61, 0x00, 0x43, 0x11,
    0x22, 0x09, 0xA1, 0x08, 0xA2, 0x08, 0x81, 0x00, 0x81, 0x00, 0x61, 0x00, 0x61, 0x00, 0x61, 0x00,
    0x41, 0x00, 0x81, 0x00, 0xE2, 0x08, 0xC1, 0x00, 0xA1, 0x00, 0xE2, 0x08, 0xE2, 0x08, 0xE2, 0x08,
    0xC2, 0x08, 0xA1, 0x00, 0x81, 0x08, 0xA1, 0x00, 0xE2, 0x08, 0x83, 0x11, 0xA4, 0x19, 0x83, 0x11,
    0x62, 0x11, 0x42, 0x09, 0x83, 0x11, 0x63, 0x11, 0x83, 0x11, 0xC1, 0x00, 0x40, 0x00, 0x81, 0x00,
    0xE1, 0x08, 0xC1, 0x08, 0xE1, 0x08, 0x02, 0x11, 0xC1, 0x08, 0xC1, 0x08, 0xE1, 0x08, 0xE1, 0x08,
    0xE1, 0x08, 0xC1, 0x08, 0xC1, 0x08, 0xE1, 0x08, 0x02, 0x09, 0x22, 0x09, 0x02, 0x09, 0xE2, 0x08,
    0xC2, 0x08, 0xC2, 0x08, 0xC2, 0x08, 0xA2, 0x08, 0x81, 0x00, 0x81, 0x00, 0x81, 0x00, 0xA2, 0x00,
    0x61, 0x00, 0x41, 0x00, 0x82, 0x00, 0xA2, 0x08, 0xC2, 0x08, 0x81, 0x00, 0x41, 0x00, 0x61, 0x08,
    0x61, 0x00, 0xA1, 0x00, 0x05, 0x22, 0x25, 0x22, 0x25, 0x22, 0x63, 0x11, 0x61, 0x00, 0x81, 0x00,
    0x61, 0x00, 0xA1, 0x00, 0xC1, 0x08, 0xE2, 0x08, 0xC4, 0x19, 0xC4, 0x19, 0x25, 0x22, 0xC3, 0x19,
    0x62, 0x11, 0x61, 0x09, 0x82, 0x11, 0x82, 0x11, 0xC3, 0x19, 0xC1, 0x08, 0x43, 0x11, 0x83, 0x11,
    0xA3, 0x11, 0x63, 0x11, 0x62, 0x11, 0x62, 0x11, 0x83, 0x11, 0x42, 0x09, 0xC2, 0x08, 0xA1, 0x00,
    0xC3, 0x19, 0x82, 0x11, 0x01, 0x09, 0xC1, 0x08, 0xC1, 0x08, 0x22, 0x09, 0x02, 0x11, 0xE1, 0x08,
    0xE1, 0x10, 0xE2, 0x08, 0x02, 0x09, 0x23, 0x09, 0x23, 0x09, 0x23, 0x09, 0x23, 0x09, 0x23, 0x11,
    0xC2, 0x08, 0x81, 0x00, 0xC1, 0x08, 0xC1, 0x08, 0xE1, 0x08, 0x43, 0x11, 0xE2, 0x08, 0x61, 0x00,
    0x02, 0x09, 0x02, 0x09, 0xE2, 0x08, 0xE2, 0x08, 0xE2, 0x08, 0xC2, 0x08, 0xE2, 0x08, 0xA1, 0x00,
    0xA2, 0x08, 0x41, 0x00, 0x41, 0x00, 0x41, 0x00, 0xA1, 0x00, 0x02, 0x09, 0xA2, 0x19, 0xC2, 0x19,
    0xC3, 0x19, 0x02, 0x09, 0xA1, 0x08, 0x81, 0x00, 0x81, 0x00, 0x61, 0x00, 0xA1, 0x08, 0x81, 0x00,
    0x02, 0x11, 0x64, 0x32, 0x42, 0x11, 0xE2, 0x08, 0xA4, 0x19, 0x84, 0x11, 0xC4, 0x19, 0x83, 0x11,
    0x62, 0x11, 0x63, 0x11, 0x62, 0x11, 0x42, 0x09, 0x83, 0x11, 0x62, 0x11, 0xA1, 0x00, 0x40, 0x00,
    0x41, 0x00, 0x41, 0x00, 0x41, 0x00, 0x41, 0x00, 0x41, 0x00, 0x41, 0x00, 0x41, 0x00, 0x41, 0x00,
    0x41, 0x00, 0x41, 0x00, 0x41, 0x00, 0x41, 0x00, 0x41, 0x00, 0x41, 0x00, 0x41, 0x00, 0x41, 0x00,
    0x41, 0x00, 0x20, 0x00, 0x20, 0x00, 0x20, 0x00, 0x20, 0x00, 0x20, 0x00, 0x20, 0x00, 0x20, 0x00,
    0x00, 0x00, 0xA2, 0x08, 0x64, 0x19, 0xE2, 0x08, 0xA1, 0x00, 0xC1, 0x08, 0x81, 0x00, 0x22, 0x11,
    0x83, 0x19, 0x84, 0x31, 0x88, 0x5A, 0x26, 0x42, 0x21, 0x11, 0x63, 0x19, 0x06, 0x3A, 0x05, 0x32,
    0x01, 0x11, 0x81, 0x00, 0x22, 0x11, 0x82, 0x19, 0x62, 0x11, 0xA1, 0x00, 0x81, 0x00, 0xA1, 0x08,
    0xA1, 0x08, 0xA1, 0x08, 0xA1, 0x00, 0xA1, 0x00, 0xA1, 0x08, 0xA1, 0x08, 0xA1, 0x08, 0xC2, 0x08,
    0xA1, 0x00, 0xE1, 0x08, 0x24, 0x22, 0x24, 0x22, 0xE3, 0x19, 0x03, 0x22, 0x03, 0x22, 0xC1, 0x08,
    0x81, 0x00, 0x02, 0x09, 0xE2, 0x08, 0x81, 0x00, 0x82, 0x08, 0x41, 0x00, 0x41, 0x00, 0x21, 0x00,
    0x21, 0x00, 0x20, 0x00, 0x20, 0x00, 0x41, 0x00, 0x61, 0x00, 0x61, 0x00, 0x61, 0x00, 0xA1, 0x00,
    0xC1, 0x08, 0xA1, 0x08, 0x81, 0x00, 0xA2, 0x08, 0xA2, 0x08, 0x81, 0x00, 0x81, 0x00, 0x61, 0x00,
    0x41, 0x00, 0x41, 0x00, 0x81, 0x00, 0xC2, 0x08, 0xE2, 0x08, 0x02, 0x09, 0x23, 0x09, 0x02, 0x09,
    0xE2, 0x08, 0xC1, 0x08, 0xC1, 0x08, 0xC2, 0x08, 0xC1, 0x08, 0x84, 0x19, 0xC4, 0x19, 0xA4, 0x11,
    0x83, 0x11, 0x83, 0x11, 0xA3, 0x11, 0xC4, 0x11, 0x43, 0x11, 0x60, 0x00, 0x40, 0x00, 0x40, 0x00,
    0x81, 0x00, 0xC2, 0x08, 0x42, 0x11, 0x01, 0x09, 0x01, 0x09, 0xE1, 0x08, 0xE1, 0x08, 0x01, 0x09,
    0x01, 0x09, 0x01, 0x09, 0x01, 0x09, 0xE1, 0x08, 0xE1, 0x08, 0x02, 0x09, 0x22, 0x09, 0x02, 0x09,
    0xC2, 0x08, 0xC2, 0x08, 0xC2, 0x08, 0xA2, 0x08, 0xA1, 0x00, 0x81, 0x00, 0x81, 0x00, 0xE2, 0x08,
    0xA2, 0x08, 0x61, 0x00, 0xA2, 0x08, 0xA2, 0x08, 0x61, 0x00, 0x41, 0x00, 0x61, 0x00, 0x61, 0x00,
    0x61, 0x00, 0x81, 0x00, 0x22, 0x09, 0x05, 0x22, 0x05, 0x22, 0xE1, 0x08, 0xA1, 0x08, 0xA1, 0x00,
    0x81, 0x00, 0x81, 0x00, 0x61, 0x00, 0xC1, 0x08, 0x63, 0x11, 0xE4, 0x19, 0x04, 0x22, 0xA3, 0x19,
    0x41, 0x09, 0x82, 0x11, 0x82, 0x11, 0xC2, 0x19, 0xC3, 0x19, 0x60, 0x00, 0x63, 0x11, 0xE4, 0x19,
    0x22, 0x11, 0xE2, 0x08, 0xE2, 0x08, 0xA1, 0x08, 0x81, 0x00, 0xA1, 0x00, 0x81, 0x00, 0x02, 0x09,
    0xE3, 0x21, 0x21, 0x09, 0xE1, 0x08, 0xE1, 0x08, 0xE1, 0x08, 0x22, 0x09, 0xE2, 0x08, 0x02, 0x09,
    0x02, 0x11, 0x44, 0x21, 0xA1, 0x08, 0x02, 0x09, 0x02, 0x09, 0x23, 0x09, 0x23, 0x09, 0x43, 0x11,
    0x43, 0x11, 0x02, 0x09, 0x60, 0x00, 0x61, 0x00, 0xA1, 0x08, 0x22, 0x09, 0x22, 0x09, 0x60, 0x00,
    0x23, 0x09, 0x02, 0x09, 0x02, 0x09, 0xE2, 0x08, 0xE2, 0x08, 0xE2, 0x08, 0xE1, 0x08, 0x02, 0x09,
    0x81, 0x00, 0x41, 0x00, 0x41, 0x00, 0x41, 0x00, 0xA2, 0x08, 0x02, 0x11, 0x85, 0x3A, 0xC3, 0x19,
    0xA1, 0x08, 0x81, 0x00, 0x61, 0x00, 0x81, 0x00, 0xA1, 0x08, 0xA1, 0x08, 0xC2, 0x08, 0xA1, 0x08,
    0xC1, 0x08, 0x62, 0x11, 0x22, 0x11, 0xA1, 0x00, 0x22, 0x09, 0xA4, 0x19, 0xC4, 0x19, 0xC4, 0x11,
    0x62, 0x11, 0x62, 0x11, 0x83, 0x11, 0x83, 0x11, 0x42, 0x09, 0x42, 0x11, 0x61, 0x00, 0x41, 0x00,
    0x41, 0x00, 0x41, 0x00, 0x41, 0x00, 0x41, 0x00, 0x61, 0x00, 0x41, 0x00, 0x41, 0x00, 0x41, 0x00,
    0x41, 0x00, 0x41, 0x00, 0x41, 0x00, 0x41, 0x00, 0x41, 0x00, 0x41, 0x00, 0x41, 0x00, 0x41, 0x00,
    0x41, 0x00, 0x21, 0x00, 0x20, 0x00, 0x20, 0x00, 0x20, 0x00, 0x20, 0x00, 0x20, 0x00, 0x20, 0x00,
    0x00, 0x00, 0xA2, 0x08, 0x23, 0x11, 0xA1, 0x00, 0xC2, 0x08, 0xA1, 0x00, 0xA1, 0x00, 0x42, 0x11,
    0xA3, 0x19, 0xA4, 0x31, 0x48, 0x4A, 0x27, 0x42, 0x80, 0x00, 0x06, 0x32, 0x89, 0x4A, 0x63, 0x29,
    0xC1, 0x08, 0xE2, 0x08, 0x02, 0x11, 0xA1, 0x00, 0xC1, 0x08, 0xE2, 0x08, 0xA1, 0x00, 0xA1, 0x08,
    0xC1, 0x08, 0xC1, 0x08, 0xA1, 0x08, 0xA1, 0x08, 0xA1, 0x08, 0xA1, 0x08, 0xA1, 0x08, 0xA1, 0x08,
    0xC2, 0x08, 0xC1, 0x00, 0x62, 0x11, 0x24, 0x22, 0x03, 0x22, 0x44, 0x2A, 0x42, 0x11, 0xA1, 0x00,
    0xC1, 0x08, 0x42, 0x09, 0xC1, 0x08, 0x81, 0x08, 0x61, 0x00, 0x61, 0x00, 0x61, 0x00, 0x41, 0x00,
    0x41, 0x00, 0x20, 0x00, 0x40, 0x00, 0x61, 0x00, 0x81, 0x00, 0x61, 0x00, 0x61, 0x00, 0xA1, 0x00,
    0xC1, 0x08, 0xC1, 0x08, 0xC2, 0x08, 0xA2, 0x00, 0xA2, 0x00, 0xA2, 0x08, 0xA1, 0x08, 0x81, 0x00,
    0x41, 0x00, 0x61, 0x00, 0x61, 0x00, 0x61, 0x00, 0xA2, 0x08, 0xE2, 0x08, 0x63, 0x11, 0x43, 0x09,
    0x23, 0x09, 0xE2, 0x08, 0xC2, 0x08, 0xE2, 0x08, 0x02, 0x09, 0x22, 0x11, 0xC4, 0x19, 0xC4, 0x19,
    0xA3, 0x19, 0x62, 0x11, 0xC4, 0x11, 0xC4, 0x19, 0xE2, 0x08, 0x40, 0x00, 0x61, 0x00, 0x61, 0x00,
    0x41, 0x00, 0x41, 0x00, 0x81, 0x00, 0xC1, 0x08, 0xE1, 0x08, 0x02, 0x09, 0x01, 0x09, 0x01, 0x09,
    0x41, 0x09, 0x62, 0x11, 0x42, 0x11, 0xE1, 0x08, 0xE1, 0x08, 0x02, 0x09, 0x02, 0x09, 0x22, 0x09,
    0x02, 0x09, 0xC2, 0x08, 0xA1, 0x08, 0xC2, 0x08, 0xC2, 0x08, 0xA1, 0x00, 0xA1, 0x08, 0xE2, 0x08,
    0xA1, 0x08, 0x61, 0x00, 0x81, 0x00, 0x61, 0x00, 0x61, 0x00, 0x61, 0x00, 0x41, 0x00, 0x41, 0x00,
    0x61, 0x00, 0x81, 0x08, 0xC1, 0x00, 0xE4, 0x21, 0xE4, 0x21, 0xC1, 0x00, 0xC1, 0x08, 0xC1, 0x08,
    0xA1, 0x08, 0xA1, 0x08, 0x81, 0x00, 0x81, 0x00, 0x02, 0x09, 0x83, 0x11, 0xA3, 0x11, 0xC3, 0x19,
    0x62, 0x11, 0xA2, 0x11, 0xA2, 0x19, 0xC3, 0x19, 0x22, 0x11, 0x81, 0x00, 0xA1, 0x00, 0x61, 0x00,
    0x20, 0x00, 0x20, 0x00, 0x41, 0x00, 0x41, 0x00, 0x41, 0x00, 0xA1, 0x08, 0x61, 0x00, 0x22, 0x11,
    0x82, 0x11, 0x01, 0x09, 0xE1, 0x08, 0xE1, 0x08, 0x83, 0x19, 0xE5, 0x29, 0xA1, 0x00, 0x02, 0x09,
    0x01, 0x09, 0xE5, 0x29, 0x02, 0x11, 0xA1, 0x00, 0xE2, 0x08, 0x23, 0x11, 0x43, 0x11, 0x43, 0x11,
    0x63, 0x11, 0x83, 0x11, 0x43, 0x09, 0xC2, 0x08, 0x40, 0x00, 0x81, 0x00, 0x03, 0x11, 0x81, 0x00,
    0x02, 0x09, 0x43, 0x11, 0x23, 0x09, 0x02, 0x09, 0x02, 0x09, 0x02, 0x09, 0xE2, 0x08, 0xE2, 0x08,
    0xA1, 0x08, 0x41, 0x00, 0x41, 0x00, 0x41, 0x00, 0xA1, 0x00, 0x63, 0x19, 0x05, 0x2A, 0x80, 0x00,
    0x41, 0x00, 0x41, 0x00, 0x20, 0x00, 0x81, 0x00, 0xA1, 0x08, 0xE2, 0x08, 0xC2, 0x08, 0xC2, 0x08,
    0xE2, 0x08, 0xE2, 0x08, 0xE2, 0x08, 0xC2, 0x08, 0xE2, 0x08, 0xA4, 0x19, 0xE5, 0x19, 0xC4, 0x19,
    0x63, 0x11, 0x42, 0x11, 0xA3, 0x11, 0x63, 0x11, 0xA3, 0x11, 0x01, 0x09, 0x41, 0x00, 0x41, 0x00,
    0x41, 0x00, 0x41, 0x00, 0x41, 0x00, 0x41, 0x00, 0x41, 0x00, 0x41, 0x00, 0x41, 0x00, 0x41, 0x00,
    0x41, 0x00, 0x41, 0x00, 0x41, 0x00, 0x41, 0x00, 0x41, 0x00, 0x41, 0x00, 0x41, 0x00, 0x41, 0x00,
    0x41, 0x00, 0x41, 0x00, 0x21, 0x00, 0x20, 0x00, 0x20, 0x00, 0x20, 0x00, 0x20, 0x00, 0x21, 0x00,
    0x20, 0x00, 0x61, 0x00, 0xE2, 0x08, 0xE2, 0x08, 0xC2, 0x08, 0xC1, 0x08, 0xE1, 0x08, 0x42, 0x11,
    0x42, 0x11, 0x26, 0x3A, 0xEB, 0x5A, 0x28, 0x42, 0xC1, 0x08, 0x47, 0x3A, 0x0A, 0x5B, 0x84, 0x29,
    0xC1, 0x00, 0x02, 0x09, 0x03, 0x11, 0x41, 0x00, 0x61, 0x00, 0xA1, 0x00, 0xE1, 0x08, 0xC1, 0x08,
    0xC1, 0x08, 0xC1, 0x08, 0xC1, 0x08, 0xA1, 0x08, 0xC1, 0x08, 0xC1, 0x08, 0xC1, 0x08, 0xC1, 0x08,
    0xE2, 0x08, 0xC1, 0x08, 0xE1, 0x08, 0x04, 0x22, 0x65, 0x2A, 0xC3, 0x21, 0xA1, 0x00, 0xA1, 0x08,
    0x02, 0x09, 0x63, 0x11, 0xC1, 0x00, 0x61, 0x00, 0x61, 0x00, 0xE2, 0x08, 0xE2, 0x08, 0x81, 0x08,
    0x61, 0x00, 0x41, 0x00, 0x61, 0x00, 0x81, 0x08, 0xA2, 0x08, 0xA1, 0x08, 0x81, 0x00, 0xA1, 0x08,
    0xE2, 0x08, 0xE1, 0x08, 0xE1, 0x08, 0xA2, 0x08, 0xC2, 0x08, 0xC2, 0x08, 0xC2, 0x08, 0xA2, 0x00,
    0x61, 0x00, 0xA2, 0x00, 0x81, 0x00, 0x61, 0x00, 0x61, 0x00, 0x81, 0x00, 0x43, 0x11, 0x84, 0x11,
    0x43, 0x09, 0xE2, 0x08, 0xA1, 0x08, 0xE2, 0x08, 0xE2, 0x08, 0x81, 0x00, 0x22, 0x11, 0xC4, 0x19,
    0xC4, 0x19, 0x83, 0x19, 0xA3, 0x11, 0xA4, 0x19, 0xA1, 0x00, 0x61, 0x00, 0x61, 0x00, 0x61, 0x00,
    0x61, 0x00, 0x61, 0x00, 0x41, 0x00, 0x41, 0x00, 0x60, 0x00, 0x81, 0x00, 0xE1, 0x08, 0x21, 0x09,
    0x21, 0x09, 0xA3, 0x11, 0x82, 0x11, 0xC1, 0x08, 0xE1, 0x08, 0x01, 0x09, 0x22, 0x09, 0x42, 0x09,
    0x22, 0x09, 0xC1, 0x00, 0xC2, 0x08, 0xE2, 0x08, 0xE2, 0x08, 0xC2, 0x08, 0xE2, 0x08, 0x23, 0x09,
    0x81, 0x00, 0xA1, 0x00, 0xE2, 0x08, 0x81, 0x08, 0x81, 0x00, 0x81, 0x00, 0x81, 0x00, 0x81, 0x00,
    0x61, 0x00, 0x61, 0x00, 0x81, 0x00, 0x63, 0x11, 0x22, 0x09, 0xC1, 0x08, 0xC2, 0x08, 0xC1, 0x08,
    0xC1, 0x08, 0xC1, 0x08, 0xA1, 0x08, 0xA1, 0x00, 0x81, 0x00, 0xE1, 0x08, 0xC3, 0x11, 0x83, 0x11,
    0x82, 0x11, 0x82, 0x11, 0xE4, 0x19, 0xA3, 0x19, 0x80, 0x00, 0x61, 0x00, 0xE2, 0x08, 0xC1, 0x08,
    0x41, 0x00, 0x61, 0x00, 0x61, 0x00, 0x41, 0x00, 0x40, 0x00, 0xC1, 0x08, 0x81, 0x00, 0x22, 0x11,
    0x62, 0x11, 0x01, 0x09, 0xE1, 0x08, 0x21, 0x09, 0x05, 0x2A, 0x05, 0x2A, 0x81, 0x00, 0xC2, 0x08,
    0x41, 0x09, 0x41, 0x11, 0x62, 0x11, 0xA1, 0x00, 0xE1, 0x08, 0xE1, 0x00, 0x43, 0x11, 0x83, 0x11,
    0xA4, 0x11, 0xA4, 0x11, 0xC5, 0x19, 0x23, 0x11, 0xA2, 0x08, 0x61, 0x00, 0x61, 0x00, 0x81, 0x08,
    0x43, 0x11, 0x43, 0x09, 0x23, 0x09, 0x02, 0x09, 0x02, 0x09, 0x02, 0x09, 0x23, 0x09, 0xE2, 0x08,
    0x60, 0x00, 0x61, 0x08, 0x61, 0x00, 0x60, 0x00, 0xC1, 0x08, 0xA1, 0x08, 0x61, 0x00, 0x40, 0x00,
    0x40, 0x00, 0x41, 0x00, 0x41, 0x00, 0x41, 0x00, 0xC2, 0x08, 0x03, 0x11, 0xE2, 0x08, 0x03, 0x09,
    0xE2, 0x08, 0x02, 0x09, 0xC2, 0x00, 0xE2, 0x08, 0xE2, 0x08, 0xE2, 0x00, 0xC5, 0x19, 0xC4, 0x19,
    0x83, 0x11, 0x62, 0x11, 0xA4, 0x19, 0x62, 0x11, 0x22, 0x09, 0xC1, 0x08, 0x40, 0x00, 0x41, 0x00,
    0x41, 0x00, 0x41, 0x00, 0x41, 0x00, 0x41, 0x00, 0x41, 0x00, 0x41, 0x00, 0x41, 0x00, 0x41, 0x00,
    0x41, 0x00, 0x41, 0x00, 0x41, 0x00, 0x41, 0x00, 0x41, 0x00, 0x41, 0x00, 0x41, 0x00, 0x41, 0x00,
    0x41, 0x00, 0x41, 0x00, 0x41, 0x00, 0x21, 0x00, 0x20, 0x00, 0x20, 0x00, 0x20, 0x00, 0x21, 0x00,
    0x20, 0x00, 0x40, 0x00, 0xA2, 0x08, 0xE2, 0x08, 0xE2, 0x08, 0xC1, 0x08, 0x02, 0x09, 0x63, 0x11,
    0x01, 0x09, 0xE5, 0x29, 0x0A, 0x5B, 0x64, 0x21, 0x02, 0x11, 0xC5, 0x29, 0xA8, 0x4A, 0x63, 0x21,
    0x01, 0x09, 0x22, 0x11, 0x81, 0x00, 0x61, 0x00, 0x61, 0x00, 0xE2, 0x08, 0x02, 0x09, 0x02, 0x09,
    0xE2, 0x08, 0xC1, 0x08, 0xE1, 0x08, 0xC1, 0x00, 0xC1, 0x08, 0xC1, 0x08, 0xC1, 0x08, 0xE1, 0x08,
    0x02, 0x09, 0xE2, 0x08, 0xE1, 0x00, 0xE4, 0x21, 0xA6, 0x3A, 0x01, 0x09, 0x81, 0x00, 0xE1, 0x08,
    0x43, 0x11, 0x03, 0x11, 0x81, 0x00, 0x41, 0x00, 0xC2, 0x08, 0xC2, 0x08, 0x81, 0x00, 0x81, 0x00,
    0x81, 0x00, 0x81, 0x00, 0x81, 0x00, 0x81, 0x00, 0xA1, 0x08, 0xA2, 0x08, 0x81, 0x00, 0x81, 0x00,
    0xC2, 0x08, 0x01, 0x09, 0x02, 0x09, 0xC2, 0x08, 0xE2, 0x08, 0xE2, 0x08, 0xE2, 0x08, 0x81, 0x00,
    0x41, 0x00, 0xA2, 0x08, 0xC2, 0x08, 0x81, 0x00, 0x81, 0x00, 0x61, 0x00, 0xA2, 0x00, 0x43, 0x09,
    0x63, 0x11, 0x02, 0x09, 0xE2, 0x08, 0xA1, 0x00, 0x60, 0x00, 0x41, 0x00, 0x61, 0x00, 0x22, 0x09,
    0xA4, 0x19, 0x83, 0x11, 0xA4, 0x19, 0x02, 0x09, 0x81, 0x08, 0x81, 0x08, 0x81, 0x08, 0x81, 0x00,
    0x81, 0x00, 0x61, 0x00, 0x81, 0x00, 0x61, 0x00, 0x61, 0x00, 0x40, 0x00, 0x40, 0x00, 0xE2, 0x08,
    0x62, 0x11, 0xC3, 0x19, 0x83, 0x11, 0xC1, 0x08, 0xE1, 0x08, 0x01, 0x09, 0x22, 0x09, 0x42, 0x09,
    0x22, 0x11, 0xE2, 0x08, 0x02, 0x09, 0x02, 0x09, 0xE2, 0x08, 0x03, 0x09, 0x02, 0x09, 0x23, 0x11,
    0x61, 0x00, 0xE2, 0x08, 0xE2, 0x08, 0xA1, 0x08, 0xA1, 0x00, 0xA2, 0x00, 0xA2, 0x00, 0xA1, 0x00,
    0xA2, 0x08, 0x41, 0x00, 0x20, 0x00, 0xC2, 0x08, 0x02, 0x09, 0x02, 0x09, 0xE2, 0x08, 0xE2, 0x08,
    0xC1, 0x08, 0xC1, 0x08, 0xC1, 0x08, 0xC1, 0x00, 0x81, 0x00, 0x22, 0x09, 0x04, 0x22, 0xC3, 0x19,
    0xA2, 0x11, 0xC3, 0x19, 0x82, 0x11, 0xC2, 0x08, 0x41, 0x00, 0x61, 0x00, 0x02, 0x09, 0x23, 0x09,
    0xC1, 0x08, 0x61, 0x00, 0x40, 0x00, 0x40, 0x00, 0x40, 0x00, 0x81, 0x00, 0x81, 0x00, 0x42, 0x11,
    0x82, 0x11, 0x01, 0x09, 0xE1, 0x08, 0x63, 0x11, 0xE4, 0x21, 0x05, 0x2A, 0x81, 0x08, 0x81, 0x00,
    0x42, 0x11, 0x01, 0x09, 0x83, 0x19, 0x22, 0x09, 0xE1, 0x08, 0x02, 0x09, 0x02, 0x09, 0x42, 0x09,
    0xC4, 0x11, 0xA4, 0x11, 0xC5, 0x19, 0x84, 0x19, 0xE2, 0x08, 0x61, 0x00, 0x41, 0x00, 0x41, 0x00,
    0x43, 0x09, 0x63, 0x11, 0x23, 0x11, 0x02, 0x09, 0x23, 0x11, 0x02, 0x09, 0x22, 0x09, 0xC1, 0x08,
    0x61, 0x00, 0x61, 0x00, 0x81, 0x00, 0x81, 0x00, 0x81, 0x00, 0x41, 0x00, 0x61, 0x00, 0x61, 0x00,
    0x61, 0x00, 0x41, 0x00, 0x41, 0x00, 0x20, 0x00, 0xE2, 0x08, 0x02, 0x09, 0xE2, 0x08, 0x03, 0x09,
    0xE2, 0x08, 0x02, 0x09, 0xE2, 0x08, 0xE2, 0x08, 0xE2, 0x08, 0x02, 0x09, 0x02, 0x09, 0xA4, 0x19,
    0xC3, 0x19, 0x42, 0x09, 0x83, 0x11, 0x62, 0x11, 0xE2, 0x08, 0x20, 0x00, 0x21, 0x00, 0x41, 0x00,
    0x41, 0x00, 0x41, 0x00, 0x41, 0x00, 0x41, 0x00, 0x41, 0x00, 0x41, 0x00, 0x41, 0x00, 0x41, 0x00,
    0x41, 0x00, 0x41, 0x00, 0x41, 0x00, 0x41, 0x00, 0x41, 0x00, 0x41, 0x00, 0x41, 0x00, 0x41, 0x00,
    0x41, 0x00, 0x41, 0x00, 0x41, 0x00, 0x41, 0x00, 0x20, 0x00, 0x20, 0x00, 0x20, 0x00, 0x20, 0x00,
    0x21, 0x00, 0x20, 0x00, 0x61, 0x00, 0xA1, 0x08, 0xE2, 0x08, 0xE2, 0x08, 0x22, 0x09, 0x42, 0x11,
    0x22, 0x09, 0x83, 0x21, 0x46, 0x42, 0xC1, 0x08, 0x43, 0x11, 0x05, 0x2A, 0xA3, 0x21, 0x01, 0x09,
    0x22, 0x09, 0xE2, 0x08, 0x61, 0x00, 0x61, 0x00, 0x61, 0x00, 0xE2, 0x08, 0x22, 0x09, 0x22, 0x09,
    0x02, 0x09, 0x02, 0x09, 0xE2, 0x08, 0xC1, 0x08, 0xC1, 0x08, 0xE1, 0x08, 0xE2, 0x08, 0x02, 0x09,
    0x42, 0x09, 0xE2, 0x08, 0xE2, 0x08, 0x42, 0x11, 0x83, 0x19, 0xC1, 0x00, 0xC1, 0x08, 0x22, 0x09,
    0xE2, 0x08, 0x40, 0x00, 0x40, 0x00, 0x61, 0x00, 0xC2, 0x08, 0xC1, 0x00, 0xA1, 0x08, 0xA1, 0x08,
    0x81, 0x00, 0x81, 0x00, 0x81, 0x00, 0x81, 0x00, 0x81, 0x00, 0xC2, 0x08, 0xC2, 0x08, 0xA1, 0x00,
    0xC1, 0x00, 0x22, 0x11, 0x41, 0x11, 0x02, 0x09, 0xE2, 0x08, 0x03, 0x09, 0xC2, 0x08, 0x61, 0x00,
    0x41, 0x00, 0xA2, 0x08, 0x82, 0x00, 0xA2, 0x08, 0xA2, 0x08, 0x81, 0x00, 0x61, 0x00, 0xA1, 0x00,
    0x43, 0x11, 0x43, 0x09, 0xC1, 0x00, 0x61, 0x00, 0x61, 0x00, 0x81, 0x00, 0x61, 0x00, 0x61, 0x00,
    0xE2, 0x08, 0x83, 0x11, 0x63, 0x11, 0x40, 0x00, 0x20, 0x00, 0x61, 0x00, 0x81, 0x00, 0xA1, 0x00,
    0xA2, 0x08, 0xA1, 0x00, 0x81, 0x00, 0x81, 0x08, 0x81, 0x08, 0x61, 0x00, 0x21, 0x00, 0x20, 0x00,
    0xE1, 0x08, 0x04, 0x22, 0x83, 0x19, 0xE1, 0x08, 0x01, 0x09, 0x01, 0x09, 0x22, 0x09, 0x42, 0x09,
    0x42, 0x09, 0x02, 0x09, 0x23, 0x09, 0x23, 0x09, 0x23, 0x09, 0x44, 0x11, 0x43, 0x11, 0xE2, 0x08,
    0x20, 0x00, 0x23, 0x11, 0x23, 0x09, 0xC2, 0x08, 0xC2, 0x08, 0xC2, 0x08, 0xC2, 0x08, 0xC2, 0x08,
    0xA1, 0x08, 0x61, 0x00, 0x21, 0x00, 0x61, 0x00, 0xC2, 0x08, 0x02, 0x11, 0x22, 0x09, 0xE2, 0x08,
    0xE2, 0x08, 0xC1, 0x08, 0xC2, 0x08, 0xC1, 0x00, 0x81, 0x00, 0xE1, 0x08, 0xE4, 0x21, 0xC3, 0x19,
    0xE4, 0x21, 0x62, 0x11, 0x02, 0x09, 0x61, 0x00, 0x41, 0x00, 0xA1, 0x08, 0xA1, 0x08, 0x81, 0x00,
    0xE2, 0x08, 0xC1, 0x08, 0xE2, 0x08, 0xE2, 0x08, 0x61, 0x00, 0x81, 0x00, 0x81, 0x00, 0x22, 0x11,
    0x82, 0x11, 0x01, 0x09, 0x62, 0x11, 0x62, 0x11, 0xE4, 0x21, 0x67, 0x3A, 0x23, 0x19, 0x40, 0x00,
    0x02, 0x09, 0x42, 0x09, 0x62, 0x11, 0xC4, 0x19, 0x22, 0x09, 0x22, 0x09, 0x22, 0x09, 0x63, 0x11,
    0x83, 0x11, 0xE5, 0x19, 0xE5, 0x19, 0xC5, 0x19, 0xA1, 0x00, 0x41, 0x00, 0x61, 0x00, 0x41, 0x00,
    0xA4, 0x11, 0x63, 0x11, 0x22, 0x09, 0x22, 0x09, 0x43, 0x11, 0x63, 0x11, 0xE2, 0x08, 0x61, 0x00,
    0x61, 0x00, 0x61, 0x00, 0x81, 0x00, 0x61, 0x00, 0x61, 0x00, 0x81, 0x00, 0x81, 0x00, 0x61, 0x00,
    0x61, 0x00, 0x61, 0x00, 0x41, 0x00, 0x20, 0x00, 0x81, 0x00, 0xC2, 0x08, 0x23, 0x11, 0xE2, 0x08,
    0x23, 0x09, 0x02, 0x09, 0x03, 0x09, 0xE2, 0x08, 0x02, 0x09, 0x23, 0x09, 0xE1, 0x08, 0xC1, 0x08,
    0x63, 0x11, 0xA4, 0x19, 0x83, 0x11, 0x02, 0x09, 0x61, 0x00, 0x20, 0x00, 0x20, 0x00, 0x41, 0x00,
    0x41, 0x00, 0x41, 0x00, 0x41, 0x00, 0x41, 0x00, 0x41, 0x00, 0x41, 0x00, 0x41, 0x00, 0x41, 0x00,
    0x41, 0x00, 0x41, 0x00, 0x41, 0x00, 0x41, 0x00, 0x41, 0x00, 0x41, 0x00, 0x41, 0x00, 0x41, 0x00,
    0x41, 0x00, 0x41, 0x00, 0x41, 0x00, 0x41, 0x00, 0x21, 0x00, 0x20, 0x00, 0x20, 0x00, 0x20, 0x00,
    0x21, 0x00, 0x20, 0x00, 0x21, 0x00, 0x81, 0x00, 0xC1, 0x08, 0x22, 0x09, 0x42, 0x09, 0x43, 0x11,
    0x22, 0x09, 0x22, 0x11, 0xA4, 0x21, 0xE2, 0x08, 0x63, 0x19, 0x84, 0x21, 0x42, 0x11, 0x21, 0x09,
    0x42, 0x11, 0xA1, 0x00, 0x61, 0x08, 0x61, 0x00, 0x61, 0x00, 0x81, 0x00, 0x43, 0x11, 0x42, 0x11,
    0x22, 0x09, 0x02, 0x09, 0x02, 0x09, 0xE1, 0x08, 0xE1, 0x08, 0xE1, 0x08, 0x02, 0x09, 0x42, 0x11,
    0x83, 0x11, 0xE1, 0x08, 0x22, 0x09, 0x22, 0x09, 0xA1, 0x00, 0xC1, 0x08, 0x43, 0x11, 0x22, 0x09,
    0x61, 0x00, 0x41, 0x00, 0x41, 0x00, 0xA2, 0x00, 0x43, 0x11, 0x43, 0x11, 0xC1, 0x08, 0xA1, 0x00,
    0xA1, 0x00, 0xA1, 0x08, 0xA1, 0x08, 0xA1, 0x08, 0xA1, 0x08, 0xA1, 0x00, 0xA1, 0x00, 0xC2, 0x08,
    0xC2, 0x08, 0xE1, 0x08, 0x82, 0x19, 0x42, 0x11, 0xE2, 0x08, 0xC2, 0x08, 0x61, 0x00, 0x41, 0x00,
    0x41, 0x00, 0xA2, 0x00, 0xC2, 0x08, 0xC2, 0x08, 0xA2, 0x08, 0xA2, 0x08, 0x61, 0x00, 0x61, 0x00,
    0xA1, 0x00, 0x02, 0x09, 0xE2, 0x08, 0x61, 0x00, 0x61, 0x00, 0x81, 0x00, 0x81, 0x00, 0x81, 0x00,
    0x81, 0x00, 0x42, 0x11, 0xE2, 0x08, 0x21, 0x00, 0x21, 0x00, 0x20, 0x00, 0x20, 0x00, 0x41, 0x00,
    0x61, 0x00, 0xE2, 0x08, 0xE2, 0x08, 0xA1, 0x00, 0xC1, 0x08, 0xC1, 0x08, 0x61, 0x00, 0x20, 0x00,
    0x20, 0x00, 0xE2, 0x08, 0x62, 0x11, 0x22, 0x11, 0x22, 0x09, 0x21, 0x09, 0x21, 0x09, 0x62, 0x11,
    0x42, 0x09, 0x23, 0x09, 0x43, 0x09, 0x64, 0x11, 0x43, 0x09, 0x85, 0x11, 0x23, 0x09, 0x61, 0x00,
    0x41, 0x00, 0x43, 0x11, 0x23, 0x09, 0x03, 0x09, 0xE2, 0x08, 0xE2, 0x08, 0xE2, 0x08, 0xE2, 0x08,
    0xE2, 0x08, 0x61, 0x00, 0x40, 0x00, 0x41, 0x00, 0x40, 0x00, 0x81, 0x00, 0x02, 0x11, 0x02, 0x09,
    0xE2, 0x08, 0xE2, 0x08, 0xC1, 0x08, 0xE1, 0x08, 0xC2, 0x08, 0xE1, 0x08, 0xA2, 0x19, 0x04, 0x22,
    0xA3, 0x19, 0xC1, 0x00, 0x81, 0x00, 0x61, 0x00, 0x41, 0x00, 0x02, 0x11, 0x02, 0x11, 0x02, 0x09,
    0x63, 0x11, 0x02, 0x09, 0x63, 0x11, 0x22, 0x09, 0x02, 0x09, 0xE2, 0x08, 0xA1, 0x00, 0x62, 0x11,
    0x82, 0x11, 0x41, 0x09, 0xA3, 0x19, 0x62, 0x09, 0xC4, 0x21, 0x66, 0x3A, 0x89, 0x4A, 0x40, 0x00,
    0xA1, 0x08, 0x63, 0x11, 0x21, 0x09, 0xC3, 0x19, 0x23, 0x09, 0x63, 0x11, 0x63, 0x11, 0x63, 0x11,
    0x63, 0x09, 0x83, 0x11, 0xC4, 0x19, 0x05, 0x22, 0x03, 0x09, 0x61, 0x00, 0x61, 0x00, 0x61, 0x00,
    0x84, 0x11, 0x84, 0x11, 0x43, 0x11, 0x43, 0x11, 0x63, 0x09, 0x63, 0x11, 0xC2, 0x08, 0x41, 0x00,
    0x61, 0x00, 0x61, 0x00, 0x82, 0x08, 0x81, 0x00, 0x61, 0x00, 0x81, 0x00, 0x81, 0x00, 0x81, 0x00,
    0x61, 0x00, 0x61, 0x00, 0x41, 0x00, 0x21, 0x00, 0x20, 0x00, 0xA1, 0x00, 0x03, 0x09, 0xE2, 0x08,
    0x23, 0x11, 0xE2, 0x08, 0x23, 0x09, 0xE2, 0x08, 0x23, 0x09, 0x02, 0x09, 0x23, 0x09, 0xE2, 0x08,
    0x23, 0x11, 0xC4, 0x19, 0x62, 0x09, 0x81, 0x00, 0x21, 0x00, 0x20, 0x00, 0x20, 0x00, 0x21, 0x00,
    0x41, 0x00, 0x41, 0x00, 0x41, 0x00, 0x41, 0x00, 0x41, 0x00, 0x41, 0x00, 0x41, 0x00, 0x41, 0x00,
    0x41, 0x00, 0x41, 0x00, 0x41, 0x00, 0x41, 0x00, 0x41, 0x00, 0x41, 0x00, 0x41, 0x00, 0x41, 0x00,
    0x41, 0x00, 0x41, 0x00, 0x41, 0x00, 0x41, 0x00, 0x21, 0x00, 0x20, 0x00, 0x20, 0x00, 0x20, 0x00,
    0x20, 0x00, 0x20, 0x00, 0x61, 0x00, 0x81, 0x08, 0xA1, 0x00, 0xE1, 0x08, 0x63, 0x11, 0x23, 0x11,
    0xC1, 0x08, 0xE1, 0x08, 0xE1, 0x08, 0x02, 0x09, 0x02, 0x09, 0x02, 0x09, 0x62, 0x11, 0x83, 0x11,
    0xE2, 0x08, 0x81, 0x00, 0x81, 0x08, 0x81, 0x00, 0x81, 0x00, 0x61, 0x00, 0xC2, 0x08, 0x63, 0x11,
    0x63, 0x11, 0x22, 0x09, 0x01, 0x09, 0x22, 0x11, 0xE1, 0x08, 0x01, 0x09, 0x22, 0x09, 0xA3, 0x11,
    0x22, 0x09, 0xA1, 0x00, 0x43, 0x11, 0x43, 0x11, 0xC1, 0x08, 0x22, 0x09, 0x42, 0x11, 0x81, 0x00,
    0x61, 0x00, 0x41, 0x00, 0x41, 0x00, 0xE2, 0x08, 0x02, 0x09, 0xA1, 0x00, 0xC2, 0x08, 0xC2, 0x08,
    0xA1, 0x00, 0xC1, 0x08, 0xC2, 0x08, 0xA1, 0x00, 0xC1, 0x08, 0xE2, 0x08, 0x23, 0x09, 0x03, 0x09,
    0xC2, 0x08, 0xA1, 0x00, 0x63, 0x11, 0x02, 0x11, 0x81, 0x00, 0x61, 0x00, 0x61, 0x00, 0x41, 0x00,
    0x41, 0x00, 0xC2, 0x08, 0xC2, 0x08, 0xC2, 0x08, 0x03, 0x09, 0xC2, 0x08, 0x81, 0x00, 0x81, 0x08,
    0x81, 0x00, 0xC2, 0x08, 0xA1, 0x00, 0x81, 0x08, 0x81, 0x00, 0xA1, 0x08, 0xA1, 0x08, 0xA2, 0x08,
    0xA1, 0x08, 0xC1, 0x08, 0xC1, 0x08, 0x81, 0x00, 0x20, 0x00, 0x20, 0x00, 0x20, 0x00, 0x20, 0x00,
    0x20, 0x00, 0x41, 0x00, 0x81, 0x00, 0xE2, 0x08, 0xE2, 0x08, 0x42, 0x09, 0xC2, 0x08, 0x20, 0x00,
    0x41, 0x00, 0x81, 0x00, 0xA1, 0x00, 0xA1, 0x08, 0x22, 0x09, 0x42, 0x11, 0x62, 0x11, 0x83, 0x11,
    0x83, 0x11, 0x63, 0x11, 0x63, 0x09, 0x84, 0x11, 0x64, 0x11, 0xE2, 0x08, 0x41, 0x00, 0x41, 0x00,
    0x21, 0x00, 0x03, 0x09, 0x64, 0x11, 0x23, 0x11, 0x23, 0x09, 0x03, 0x09, 0x03, 0x09, 0x23, 0x11,
    0xE2, 0x08, 0x40, 0x00, 0x41, 0x00, 0x41, 0x00, 0x41, 0x00, 0x40, 0x00, 0x61, 0x00, 0xA1, 0x00,
    0xC2, 0x08, 0xE2, 0x08, 0x43, 0x11, 0x43, 0x11, 0xE2, 0x08, 0xC1, 0x08, 0xA3, 0x19, 0x04, 0x22,
    0xE1, 0x08, 0x61, 0x00, 0x61, 0x00, 0x61, 0x00, 0x41, 0x00, 0xC2, 0x08, 0x43, 0x11, 0x42, 0x09,
    0x22, 0x09, 0x63, 0x11, 0x22, 0x09, 0x43, 0x11, 0x23, 0x09, 0xE2, 0x08, 0x02, 0x11, 0x42, 0x19,
    0x83, 0x19, 0xC3, 0x19, 0x04, 0x22, 0x02, 0x09, 0x23, 0x11, 0x66, 0x3A, 0x2C, 0x63, 0xC3, 0x10,
    0x60, 0x00, 0x22, 0x11, 0x22, 0x09, 0xA3, 0x19, 0xA1, 0x00, 0xE2, 0x08, 0x23, 0x09, 0x63, 0x11,
    0xC4, 0x19, 0xE5, 0x19, 0xA4, 0x11, 0xC4, 0x11, 0x23, 0x11, 0xA2, 0x00, 0x81, 0x08, 0x81, 0x00,
    0xA4, 0x11, 0x84, 0x11, 0x63, 0x11, 0x63, 0x11, 0x84, 0x11, 0x02, 0x09, 0x61, 0x00, 0x61, 0x00,
    0x61, 0x00, 0x61, 0x00, 0x61, 0x00, 0xA2, 0x08, 0xA1, 0x08, 0x61, 0x00, 0x81, 0x00, 0xA1, 0x00,
    0x81, 0x00, 0x41, 0x00, 0x20, 0x00, 0x21, 0x00, 0x20, 0x00, 0x41, 0x00, 0xC2, 0x08, 0x02, 0x09,
    0x23, 0x11, 0x02, 0x09, 0x43, 0x09, 0x02, 0x09, 0x23, 0x09, 0x02, 0x09, 0x43, 0x11, 0x23, 0x09,
    0xE1, 0x08, 0x63, 0x11, 0x42, 0x11, 0x40, 0x00, 0x41, 0x00, 0x20, 0x00, 0x20, 0x00, 0x20, 0x00,
    0x41, 0x00, 0x41, 0x00, 0x41, 0x00, 0x41, 0x00, 0x41, 0x00, 0x41, 0x00, 0x41, 0x00, 0x41, 0x00,
    0x41, 0x00, 0x41, 0x00, 0x41, 0x00, 0x41, 0x00, 0x41, 0x00, 0x41, 0x00, 0x41, 0x00, 0x41, 0x00,
    0x41, 0x00, 0x41, 0x00, 0x41, 0x00, 0x41, 0x00, 0x21, 0x00, 0x21, 0x00, 0x20, 0x00, 0x20, 0x00,
    0x41, 0x00, 0x81, 0x00, 0x81, 0x00, 0xA2, 0x00, 0x81, 0x00, 0x81, 0x00, 0xC2, 0x08, 0xA1, 0x08,
    0x61, 0x00, 0xE2, 0x08, 0x02, 0x09, 0x01, 0x09, 0xE1, 0x08, 0x22, 0x09, 0xA4, 0x19, 0x43, 0x11,
    0xA2, 0x00, 0xA2, 0x08, 0x81, 0x00, 0x81, 0x08, 0x81, 0x00, 0x81, 0x00, 0x81, 0x00, 0xC1, 0x08,
    0x83, 0x11, 0x63, 0x11, 0x42, 0x11, 0x42, 0x09, 0x01, 0x09, 0x01, 0x09, 0x42, 0x11, 0xA3, 0x11,
    0x81, 0x08, 0x61, 0x00, 0x63, 0x11, 0x63, 0x11, 0x22, 0x09, 0x62, 0x11, 0x81, 0x00, 0x61, 0x00,
    0x61, 0x00, 0x61, 0x00, 0x41, 0x00, 0xC2, 0x08, 0x02, 0x09, 0x43, 0x11, 0x22, 0x09, 0xA1, 0x00,
    0xA1, 0x08, 0xC1, 0x08, 0xC2, 0x08, 0xE2, 0x08, 0x02, 0x09, 0xC1, 0x00, 0xE2, 0x08, 0x43, 0x09,
    0xE2, 0x08, 0xA1, 0x08, 0x81, 0x00, 0x61, 0x00, 0x41, 0x00, 0x61, 0x00, 0x61, 0x00, 0x41, 0x00,
    0x61, 0x00, 0xA2, 0x00, 0xE2, 0x08, 0x02, 0x09, 0x43, 0x11, 0xC2, 0x08, 0xA1, 0x00, 0xC2, 0x08,
    0xC2, 0x08, 0xA1, 0x00, 0x81, 0x00, 0xA1, 0x08, 0xC2, 0x00, 0xA1, 0x00, 0xC1, 0x08, 0xE2, 0x08,
    0xE2, 0x08, 0xC1, 0x08, 0xC1, 0x08, 0xC2, 0x08, 0x81, 0x00, 0x20, 0x00, 0x20, 0x00, 0x20, 0x00,
    0x21, 0x00, 0x20, 0x00, 0x00, 0x00, 0x41, 0x00, 0xA2, 0x08, 0x43, 0x09, 0x43, 0x11, 0x41, 0x00,
    0x41, 0x00, 0xC2, 0x08, 0x23, 0x11, 0xC1, 0x08, 0xC1, 0x08, 0xC1, 0x08, 0xE1, 0x08, 0x42, 0x09,
    0xC4, 0x19, 0xA4, 0x11, 0x64, 0x09, 0x44, 0x11, 0xA1, 0x00, 0x40, 0x00, 0x41, 0x00, 0x41, 0x00,
    0x41, 0x00, 0xA2, 0x08, 0x85, 0x11, 0x64, 0x11, 0x43, 0x09, 0x43, 0x09, 0x64, 0x11, 0x44, 0x11,
    0x61, 0x00, 0x41, 0x00, 0x41, 0x00, 0x61, 0x00, 0x41, 0x00, 0x41, 0x00, 0x41, 0x00, 0x41, 0x00,
    0x61, 0x00, 0x81, 0x00, 0x02, 0x09, 0x02, 0x09, 0xE1, 0x08, 0xA1, 0x00, 0x83, 0x19, 0x62, 0x11,
    0x80, 0x00, 0x41, 0x00, 0x61, 0x00, 0x82, 0x08, 0x81, 0x00, 0x03, 0x11, 0x63, 0x19, 0x42, 0x09,
    0x63, 0x11, 0x43, 0x11, 0x23, 0x09, 0xE2, 0x08, 0xE2, 0x08, 0x23, 0x11, 0x02, 0x11, 0x43, 0x19,
    0xE5, 0x39, 0x67, 0x42, 0x63, 0x11, 0xC1, 0x00, 0x22, 0x11, 0x05, 0x32, 0xAD, 0x6B, 0xA6, 0x29,
    0x20, 0x00, 0xE2, 0x08, 0x42, 0x09, 0xA2, 0x19, 0xC2, 0x08, 0x40, 0x00, 0x40, 0x00, 0x81, 0x00,
    0x43, 0x11, 0xC5, 0x19, 0xE5, 0x19, 0xE5, 0x19, 0x23, 0x09, 0xA2, 0x08, 0xA2, 0x00, 0xA2, 0x00,
    0xC4, 0x19, 0xA4, 0x11, 0x63, 0x11, 0xA4, 0x19, 0x63, 0x11, 0xA1, 0x00, 0x81, 0x00, 0x81, 0x00,
    0x81, 0x00, 0x81, 0x08, 0x61, 0x00, 0x81, 0x00, 0xA1, 0x08, 0xA1, 0x08, 0x81, 0x00, 0xA1, 0x00,
    0xA1, 0x00, 0x61, 0x00, 0x20, 0x00, 0x20, 0x00, 0x20, 0x00, 0x20, 0x00, 0x41, 0x00, 0x02, 0x09,
    0x02, 0x09, 0x22, 0x09, 0x43, 0x09, 0x22, 0x11, 0x23, 0x09, 0x23, 0x09, 0x23, 0x09, 0x63, 0x11,
    0xE2, 0x08, 0x63, 0x11, 0x22, 0x09, 0x60, 0x00, 0x81, 0x08, 0x41, 0x00, 0x20, 0x00, 0x21, 0x00,
    0x41, 0x00, 0x41, 0x00, 0x41, 0x00, 0x41, 0x00, 0x41, 0x00, 0x41, 0x00, 0x41, 0x00, 0x41, 0x00,
    0x41, 0x00, 0x41, 0x00, 0x41, 0x00, 0x41, 0x00, 0x41, 0x00, 0x41, 0x00, 0x41, 0x00, 0x41, 0x00,
    0x41, 0x00, 0x41, 0x00, 0x41, 0x00, 0x21, 0x00, 0x21, 0x00, 0x21, 0x00, 0x20, 0x00, 0x20, 0x00,
    0x82, 0x08, 0xA2, 0x08, 0x81, 0x00, 0xA2, 0x00, 0x81, 0x00, 0x82, 0x00, 0x81, 0x00, 0x82, 0x08,
    0x41, 0x00, 0x81, 0x00, 0xC1, 0x08, 0xE2, 0x08, 0xE1, 0x08, 0xE1, 0x08, 0x63, 0x11, 0x02, 0x09,
    0x81, 0x00, 0xA2, 0x08, 0x81, 0x00, 0x82, 0x08, 0x81, 0x00, 0x61, 0x00, 0x61, 0x00, 0x61, 0x00,
    0xA1, 0x00, 0x23, 0x11, 0x83, 0x11, 0xA3, 0x11, 0x62, 0x11, 0x01, 0x09, 0xA4, 0x19, 0x43, 0x11,
    0x41, 0x00, 0x61, 0x00, 0x02, 0x09, 0x83, 0x11, 0x62, 0x11, 0x02, 0x11, 0x81, 0x00, 0xA2, 0x00,
    0xA2, 0x08, 0x61, 0x00, 0x41, 0x00, 0x81, 0x00, 0x64, 0x11, 0x23, 0x09, 0xA1, 0x00, 0xE2, 0x08,
    0xC1, 0x08, 0xA1, 0x00, 0x02, 0x09, 0x23, 0x09, 0x23, 0x09, 0x44, 0x11, 0xE2, 0x08, 0xE2, 0x08,
    0xE2, 0x08, 0x41, 0x00, 0x41, 0x00, 0x21, 0x00, 0x41, 0x00, 0x61, 0x00, 0x61, 0x00, 0x61, 0x00,
    0x61, 0x00, 0x82, 0x00, 0x03, 0x09, 0x64, 0x11, 0x64, 0x11, 0xC2, 0x08, 0xE2, 0x08, 0xE2, 0x08,
    0xC2, 0x08, 0x81, 0x00, 0xE2, 0x08, 0xC1, 0x08, 0xC1, 0x08, 0xC1, 0x08, 0xC1, 0x08, 0xE1, 0x08,
    0xE2, 0x08, 0xE2, 0x08, 0xE2, 0x08, 0xE2, 0x08, 0xC2, 0x08, 0x40, 0x00, 0x20, 0x00, 0x41, 0x00,
    0x61, 0x00, 0x41, 0x00, 0x20, 0x00, 0x20, 0x00, 0x00, 0x00, 0x61, 0x00, 0xA1, 0x08, 0x61, 0x00,
    0x61, 0x00, 0xE2, 0x08, 0x02, 0x09, 0x23, 0x09, 0x43, 0x11, 0x23, 0x11, 0xE2, 0x08, 0x02, 0x09,
    0x22, 0x09, 0x03, 0x09, 0xA1, 0x00, 0x41, 0x00, 0x20, 0x00, 0x41, 0x00, 0x41, 0x00, 0x61, 0x00,
    0x41, 0x00, 0x41, 0x00, 0x44, 0x11, 0x64, 0x11, 0x84, 0x11, 0xA5, 0x11, 0x44, 0x11, 0xC2, 0x08,
    0x81, 0x00, 0x61, 0x00, 0x61, 0x00, 0x61, 0x00, 0x61, 0x00, 0x61, 0x00, 0x61, 0x00, 0x61, 0x00,
    0x61, 0x00, 0x40, 0x00, 0xC2, 0x08, 0x63, 0x11, 0x64, 0x11, 0x63, 0x11, 0x63, 0x11, 0x22, 0x09,
    0xC1, 0x08, 0x61, 0x00, 0x61, 0x00, 0x81, 0x00, 0xA2, 0x08, 0xE2, 0x08, 0xE2, 0x08, 0x23, 0x11,
    0x23, 0x11, 0xE1, 0x08, 0xE2, 0x08, 0x23, 0x11, 0x22, 0x11, 0x02, 0x09, 0x02, 0x09, 0x83, 0x21,
    0x84, 0x29, 0x84, 0x29, 0xA4, 0x19, 0x83, 0x11, 0x63, 0x11, 0x05, 0x2A, 0x47, 0x3A, 0x48, 0x3A,
    0x40, 0x00, 0xA1, 0x00, 0x22, 0x09, 0xC3, 0x19, 0x02, 0x11, 0x61, 0x00, 0x41, 0x00, 0x81, 0x08,
    0xA1, 0x00, 0xE1, 0x08, 0x02, 0x09, 0x63, 0x11, 0x02, 0x09, 0xC2, 0x08, 0xC2, 0x08, 0x81, 0x00,
    0x43, 0x11, 0x83, 0x11, 0x83, 0x11, 0x83, 0x11, 0x02, 0x09, 0xA1, 0x00, 0x81, 0x00, 0xA1, 0x00,
    0x81, 0x00, 0x81, 0x08, 0x81, 0x00, 0x81, 0x00, 0x81, 0x00, 0xC1, 0x08, 0xC1, 0x08, 0xA1, 0x00,
    0xC2, 0x08, 0xA2, 0x08, 0x61, 0x00, 0x20, 0x00, 0x20, 0x00, 0x20, 0x00, 0x20, 0x00, 0x61, 0x00,
    0xC2, 0x08, 0x43, 0x11, 0x43, 0x09, 0x23, 0x11, 0x43, 0x09, 0x43, 0x11, 0x23, 0x11, 0x02, 0x09,
    0xE2, 0x08, 0x22, 0x11, 0xC1, 0x08, 0x61, 0x00, 0x81, 0x08, 0x61, 0x00, 0x40, 0x00, 0x20, 0x00,
    0x41, 0x00, 0x41, 0x00, 0x41, 0x00, 0x41, 0x00, 0x41, 0x00, 0x41, 0x00, 0x41, 0x00, 0x41, 0x00,
    0x41, 0x00, 0x41, 0x00, 0x20, 0x00, 0x41, 0x00, 0x41, 0x00, 0x41, 0x00, 0x41, 0x00, 0x41, 0x00,
    0x41, 0x00, 0x41, 0x00, 0x21, 0x00, 0x21, 0x00, 0x21, 0x00, 0x21, 0x00, 0x20, 0x00, 0x41, 0x00,
    0x82, 0x08, 0xA2, 0x00, 0x61, 0x00, 0xA2, 0x08, 0x82, 0x00, 0x82, 0x00, 0x81, 0x00, 0x82, 0x08,
    0x61, 0x00, 0x61, 0x00, 0x61, 0x00, 0x81, 0x00, 0xA1, 0x00, 0x81, 0x00, 0xA1, 0x08, 0xA1, 0x08,
    0x81, 0x00, 0x81, 0x00, 0x41, 0x00, 0x41, 0x00, 0x20, 0x00, 0x21, 0x00, 0x61, 0x00, 0x61, 0x00,
    0x61, 0x00, 0x81, 0x00, 0xE2, 0x08, 0x83, 0x11, 0xC4, 0x19, 0x62, 0x11, 0xA4, 0x19, 0xA1, 0x00,
    0x81, 0x00, 0x81, 0x08, 0x61, 0x00, 0x83, 0x11, 0xC4, 0x19, 0xA1, 0x00, 0x81, 0x00, 0x81, 0x00,
    0x81, 0x08, 0x61, 0x00, 0x41, 0x00, 0x61, 0x00, 0x23, 0x09, 0xE2, 0x08, 0x43, 0x11, 0xE2, 0x08,
    0xC1, 0x08, 0xE1, 0x08, 0xE2, 0x08, 0x43, 0x11, 0x63, 0x11, 0x23, 0x09, 0x84, 0x11, 0x63, 0x11,
    0xC2, 0x08, 0x20, 0x00, 0x41, 0x00, 0x21, 0x00, 0x41, 0x00, 0x61, 0x00, 0x61, 0x00, 0x61, 0x00,
    0x61, 0x00, 0x61, 0x00, 0x23, 0x11, 0xA5, 0x11, 0x64, 0x09, 0xE2, 0x08, 0x43, 0x11, 0xE2, 0x08,
    0x81, 0x00, 0xC2, 0x08, 0x02, 0x09, 0xE2, 0x08, 0xE2, 0x08, 0xE1, 0x08, 0xE1, 0x08, 0xE1, 0x08,
    0x02, 0x09, 0x02, 0x09, 0x02, 0x09, 0x02, 0x09, 0x02, 0x09, 0x81, 0x00, 0x20, 0x00, 0x41, 0x00,
    0x41, 0x00, 0x40, 0x00, 0x20, 0x00, 0x20, 0x00, 0x20, 0x00, 0x20, 0x00, 0x61, 0x00, 0x81, 0x00,
    0x81, 0x00, 0xA2, 0x08, 0xA1, 0x00, 0xE2, 0x08, 0x23, 0x09, 0x23, 0x09, 0x03, 0x09, 0xE2, 0x08,
    0xE2, 0x10, 0x61, 0x00, 0x20, 0x00, 0x20, 0x00, 0x41, 0x00, 0x61, 0x00, 0x61, 0x00, 0x61, 0x00,
    0x61, 0x00, 0x61, 0x00, 0xC2, 0x08, 0x85, 0x11, 0x84, 0x11, 0x03, 0x09, 0x61, 0x00, 0x61, 0x00,
    0x81, 0x00, 0xA1, 0x08, 0xA1, 0x00, 0x81, 0x00, 0x61, 0x00, 0x61, 0x00, 0x61, 0x00, 0x61, 0x00,
    0x61, 0x00, 0x61, 0x00, 0x81, 0x00, 0x43, 0x11, 0xA4, 0x11, 0x84, 0x11, 0x64, 0x11, 0x23, 0x09,
    0xE2, 0x08, 0x81, 0x08, 0x61, 0x00, 0xA2, 0x08, 0xA1, 0x00, 0xC2, 0x08, 0xE2, 0x08, 0x22, 0x11,
    0x63, 0x11, 0x22, 0x09, 0x43, 0x11, 0x22, 0x09, 0x02, 0x09, 0x23, 0x11, 0x02, 0x09, 0x02, 0x09,
    0x43, 0x29, 0x84, 0x31, 0x05, 0x32, 0x46, 0x32, 0xE4, 0x21, 0x25, 0x2A, 0xA3, 0x19, 0x07, 0x3A,
    0xA3, 0x10, 0x60, 0x00, 0x42, 0x11, 0x83, 0x19, 0xA1, 0x08, 0x61, 0x00, 0x61, 0x00, 0x81, 0x08,
    0x61, 0x00, 0xA2, 0x08, 0x23, 0x11, 0x01, 0x09, 0x02, 0x09, 0x02, 0x09, 0x22, 0x09, 0x02, 0x09,
    0x81, 0x00, 0x02, 0x09, 0xA3, 0x11, 0x83, 0x11, 0xC2, 0x08, 0xA1, 0x00, 0xC2, 0x08, 0xA1, 0x00,
    0xA2, 0x08, 0xA1, 0x00, 0xA1, 0x00, 0xA1, 0x00, 0xC1, 0x08, 0x81, 0x00, 0xC2, 0x08, 0xC2, 0x08,
    0x61, 0x00, 0x41, 0x00, 0x41, 0x00, 0x20, 0x00, 0x20, 0x00, 0x20, 0x00, 0x20, 0x00, 0x20, 0x00,
    0x61, 0x00, 0xE2, 0x08, 0x22, 0x09, 0x43, 0x11, 0x43, 0x09, 0x43, 0x11, 0x22, 0x09, 0xE2, 0x08,
    0xC1, 0x08, 0xC1, 0x08, 0x81, 0x00, 0x61, 0x00, 0x81, 0x00, 0x61, 0x00, 0x61, 0x00, 0x41, 0x00,
    0x41, 0x00, 0x41, 0x00, 0x41, 0x00, 0x41, 0x00, 0x41, 0x00, 0x41, 0x00, 0x41, 0x00, 0x41, 0x00,
    0x41, 0x00, 0x41, 0x00, 0x40, 0x00, 0x40, 0x00, 0x41, 0x00, 0x41, 0x00, 0x41, 0x00, 0x41, 0x00,
    0x41, 0x00, 0x21, 0x00, 0x21, 0x00, 0x21, 0x00, 0x21, 0x00, 0x20, 0x00, 0x61, 0x00, 0x82, 0x00,
    0x81, 0x00, 0xC2, 0x08, 0x82, 0x00, 0xA2, 0x08, 0x82, 0x00, 0x82, 0x08, 0x81, 0x00, 0x81, 0x00,
    0x81, 0x00, 0x61, 0x00, 0x61, 0x00, 0x61, 0x00, 0x61, 0x00, 0x41, 0x00, 0x40, 0x00, 0x61, 0x00,
    0x82, 0x00, 0x20, 0x00, 0x20, 0x00, 0x20, 0x00, 0x20, 0x00, 0x20, 0x00, 0x41, 0x00, 0x61, 0x00,
    0x61, 0x00, 0x61, 0x00, 0x81, 0x00, 0xE2, 0x08, 0x43, 0x11, 0x83, 0x19, 0x43, 0x11, 0x81, 0x00,
    0xC2, 0x08, 0x81, 0x00, 0x81, 0x00, 0xE2, 0x08, 0x83, 0x11, 0xA1, 0x08, 0xA2, 0x08, 0xA1, 0x08,
    0x81, 0x00, 0x61, 0x00, 0x41, 0x00, 0x41, 0x00, 0xC2, 0x08, 0xC5, 0x19, 0x22, 0x09, 0xE1, 0x08,
    0x02, 0x11, 0xA1, 0x08, 0x02, 0x09, 0xA4, 0x11, 0x84, 0x11, 0xA4, 0x19, 0x43, 0x09, 0xA5, 0x11,
    0x23, 0x09, 0x41, 0x00, 0x61, 0x00, 0x41, 0x00, 0x41, 0x00, 0x41, 0x00, 0x41, 0x00, 0x61, 0x00,
    0x61, 0x00, 0x61, 0x00, 0xC2, 0x00, 0x64, 0x11, 0x43, 0x09, 0x84, 0x11, 0x43, 0x11, 0xA1, 0x00,
    0xC1, 0x08, 0x02, 0x09, 0xC1, 0x08, 0x43, 0x11, 0x22, 0x09, 0x02, 0x09, 0x02, 0x09, 0xE1, 0x08,
    0x02, 0x09, 0x22, 0x09, 0x22, 0x09, 0x02, 0x09, 0x02, 0x09, 0xA1, 0x00, 0x41, 0x00, 0x41, 0x00,
    0x20, 0x00, 0x20, 0x00, 0x20, 0x00, 0x20, 0x00, 0x20, 0x00, 0x61, 0x00, 0x82, 0x08, 0x61, 0x00,
    0x61, 0x00, 0x81, 0x00, 0x81, 0x00, 0x81, 0x00, 0x41, 0x00, 0x20, 0x00, 0x20, 0x00, 0x41, 0x00,
    0x82, 0x08, 0x41, 0x00, 0x41, 0x00, 0x41, 0x00, 0x41, 0x00, 0x61, 0x00, 0x61, 0x00, 0x61, 0x00,
    0x61, 0x00, 0x61, 0x00, 0x81, 0x00, 0xC2, 0x08, 0x81, 0x00, 0x40, 0x00, 0x41, 0x00, 0x41, 0x00,
    0x61, 0x00, 0x81, 0x00, 0xA1, 0x08, 0xC1, 0x08, 0x81, 0x00, 0x61, 0x00, 0x81, 0x08, 0x81, 0x00,
    0x81, 0x00, 0x81, 0x00, 0x61, 0x00, 0xA2, 0x08, 0x64, 0x11, 0xA5, 0x19, 0x63, 0x11, 0x43, 0x09,
    0x03, 0x09, 0xC2, 0x08, 0x61, 0x00, 0xC2, 0x08, 0x22, 0x11, 0x22, 0x09, 0x82, 0x11, 0x82, 0x11,
    0xA3, 0x19, 0x42, 0x09, 0x22, 0x09, 0x22, 0x11, 0x02, 0x09, 0x22, 0x09, 0x02, 0x09, 0x02, 0x09,
    0x23, 0x19, 0x69, 0x52, 0xA5, 0x31, 0x46, 0x3A, 0x25, 0x32, 0x25, 0x2A, 0x46, 0x32, 0x23, 0x11,
    0x82, 0x08, 0x61, 0x00, 0x63, 0x19, 0x22, 0x11, 0x41, 0x00, 0x61, 0x00, 0x61, 0x00, 0x41, 0x00,
    0x41, 0x00, 0x61, 0x00, 0xA1, 0x00, 0x22, 0x11, 0x22, 0x09, 0xE1, 0x08, 0x43, 0x11, 0x63, 0x11,
    0x61, 0x00, 0x61, 0x00, 0x43, 0x11, 0x02, 0x09, 0x81, 0x00, 0x81, 0x00, 0xA1, 0x00, 0xE2, 0x08,
    0xC2, 0x08, 0xE2, 0x08, 0xC2, 0x08, 0xE2, 0x08, 0xC2, 0x08, 0xA1, 0x08, 0x61, 0x00, 0x81, 0x08,
    0x20, 0x00, 0x20, 0x00, 0x20, 0x00, 0x21, 0x00, 0x21, 0x00, 0x21, 0x00, 0x21, 0x00, 0x21, 0x00,
    0x21, 0x00, 0x41, 0x00, 0xA1, 0x00, 0xE2, 0x08, 0x02, 0x09, 0x23, 0x11, 0x22, 0x09, 0x02, 0x09,
    0xC1, 0x08, 0x61, 0x00, 0x61, 0x00, 0xA1, 0x00, 0x81, 0x00, 0xA1, 0x08, 0x81, 0x00, 0x61, 0x00,
    0x41, 0x00, 0x41, 0x00, 0x41, 0x00, 0x41, 0x00, 0x41, 0x00, 0x41, 0x00, 0x41, 0x00, 0x41, 0x00,
    0x61, 0x00, 0x41, 0x00, 0x41, 0x00, 0x41, 0x00, 0x41, 0x00, 0x41, 0x00, 0x61, 0x00, 0x41, 0x00,
    0x41, 0x00, 0x21, 0x00, 0x20, 0x00, 0x20, 0x00, 0x21, 0x00, 0x20, 0x00, 0x61, 0x00, 0xC3, 0x08,
    0x81, 0x00, 0xE3, 0x08, 0xA2, 0x00, 0xA2, 0x08, 0xA2, 0x00, 0xA2, 0x08, 0x81, 0x00, 0x81, 0x00,
    0x82, 0x08, 0x81, 0x00, 0x61, 0x00, 0x61, 0x00, 0x61, 0x00, 0x41, 0x00, 0xC2, 0x08, 0x03, 0x09,
    0x61, 0x00, 0x20, 0x00, 0x41, 0x00, 0x41, 0x00, 0x61, 0x00, 0x61, 0x00, 0x41, 0x00, 0x41, 0x00,
    0x41, 0x00, 0x41, 0x00, 0x81, 0x00, 0xA2, 0x08, 0x81, 0x00, 0xE2, 0x08, 0x02, 0x09, 0xE2, 0x08,
    0xA1, 0x00, 0xA2, 0x08, 0x81, 0x00, 0xA1, 0x00, 0xC2, 0x08, 0xA2, 0x08, 0xA1, 0x00, 0xC2, 0x08,
    0xE2, 0x08, 0xA1, 0x08, 0x41, 0x00, 0x41, 0x00, 0x81, 0x00, 0x63, 0x11, 0x22, 0x11, 0x83, 0x11,
    0xE1, 0x08, 0xE1, 0x08, 0xE1, 0x08, 0x84, 0x11, 0xC4, 0x11, 0xA4, 0x11, 0xC5, 0x19, 0x43, 0x09,
    0x43, 0x09, 0x81, 0x00, 0x81, 0x00, 0x61, 0x00, 0x61, 0x00, 0x41, 0x00, 0x41, 0x00, 0x40, 0x00,
    0x41, 0x00, 0x61, 0x00, 0xA1, 0x08, 0x23, 0x09, 0x43, 0x11, 0x43, 0x11, 0xC2, 0x08, 0xE1, 0x08,
    0x02, 0x09, 0xE2, 0x08, 0x60, 0x00, 0x03, 0x11, 0x42, 0x09, 0x22, 0x09, 0x22, 0x09, 0x02, 0x09,
    0x01, 0x09, 0x22, 0x09, 0x22, 0x11, 0x22, 0x09, 0x43, 0x11, 0xE2, 0x08, 0x40, 0x00, 0x40, 0x00,
    0x41, 0x00, 0x41, 0x00, 0x41, 0x00, 0x41, 0x00, 0x41, 0x00, 0x61, 0x00, 0x41, 0x00, 0x21, 0x00,
    0x41, 0x00, 0x03, 0x19, 0xA2, 0x08, 0x61, 0x00, 0x61, 0x00, 0x21, 0x00, 0x41, 0x00, 0x41, 0x00,
    0x41, 0x00, 0x41, 0x00, 0x41, 0x00, 0x41, 0x00, 0x41, 0x00, 0x61, 0x00, 0x82, 0x08, 0x82, 0x08,
    0x61, 0x00, 0x61, 0x00, 0x81, 0x00, 0x61, 0x00, 0x81, 0x08, 0x81, 0x08, 0x81, 0x08, 0x81, 0x00,
    0x61, 0x00, 0x81, 0x00, 0x81, 0x00, 0xA1, 0x08, 0xC1, 0x08, 0x81, 0x00, 0xA1, 0x08, 0xA1, 0x08,
    0xA1, 0x00, 0x81, 0x00, 0x61, 0x00, 0x20, 0x00, 0xE2, 0x08, 0x64, 0x11, 0xA4, 0x11, 0x63, 0x11,
    0x23, 0x09, 0x02, 0x09, 0x81, 0x00, 0x61, 0x00, 0xE1, 0x08, 0x62, 0x11, 0xA2, 0x11, 0x82, 0x11,
    0xC3, 0x19, 0xE4, 0x21, 0x42, 0x09, 0x22, 0x09, 0x22, 0x09, 0x22, 0x09, 0x22, 0x09, 0x42, 0x11,
    0x02, 0x09, 0xE7, 0x31, 0xE5, 0x29, 0x63, 0x19, 0x67, 0x3A, 0x45, 0x32, 0x65, 0x32, 0x83, 0x19,
    0x61, 0x00, 0x61, 0x00, 0xC1, 0x08, 0x02, 0x11, 0x41, 0x00, 0x41, 0x00, 0x61, 0x00, 0x61, 0x00,
    0x61, 0x00, 0x61, 0x00, 0x41, 0x00, 0xA1, 0x08, 0x02, 0x09, 0x02, 0x09, 0xE1, 0x08, 0x22, 0x09,
    0x82, 0x08, 0x81, 0x00, 0xA1, 0x00, 0xA1, 0x00, 0xA1, 0x08, 0x81, 0x00, 0x81, 0x00, 0xA1, 0x00,
    0x81, 0x00, 0x81, 0x00, 0xA2, 0x08, 0x81, 0x00, 0x61, 0x00, 0x40, 0x00, 0x20, 0x00, 0x41, 0x00,
    0x21, 0x00, 0x21, 0x00, 0x41, 0x00, 0x41, 0x00, 0x21, 0x00, 0x21, 0x00, 0x21, 0x00, 0x21, 0x00,
    0x40, 0x00, 0x41, 0x00, 0x41, 0x00, 0x61, 0x00, 0x61, 0x00, 0x81, 0x00, 0xA1, 0x00, 0xA1, 0x08,
    0xA1, 0x00, 0xA1, 0x00, 0xC2, 0x08, 0xA1, 0x00, 0xC2, 0x08, 0xC2, 0x08, 0xE2, 0x08, 0xC2, 0x08,
    0xC2, 0x08, 0x61, 0x00, 0x41, 0x00, 0x41, 0x00, 0x41, 0x00, 0x40, 0x00, 0x40, 0x00, 0x41, 0x00,
    0x41, 0x00, 0x41, 0x00, 0x61, 0x00, 0x61, 0x00, 0x61, 0x00, 0x61, 0x00, 0x61, 0x00, 0x20, 0x00,
    0x20, 0x00, 0x20, 0x00, 0x20, 0x00, 0x41, 0x00, 0x21, 0x00, 0x21, 0x00, 0x61, 0x00, 0xE3, 0x08,
    0x82, 0x00, 0xC2, 0x08, 0xA2, 0x08, 0xC2, 0x08, 0xA2, 0x08, 0xA2, 0x08, 0x82, 0x00, 0x81, 0x00,
    0x61, 0x00, 0x61, 0x00, 0x61, 0x00, 0x61, 0x00, 0x61, 0x00, 0x81, 0x00, 0xE3, 0x08, 0x61, 0x00,
    0x41, 0x00, 0x81, 0x00, 0x81, 0x00, 0x81, 0x00, 0x61, 0x00, 0x61, 0x00, 0x61, 0x00, 0x41, 0x00,
    0x41, 0x00, 0x21, 0x00, 0x61, 0x00, 0x81, 0x00, 0xE2, 0x08, 0xE2, 0x08, 0xA2, 0x00, 0xE2, 0x08,
    0xC1, 0x00, 0xC2, 0x08, 0xA1, 0x00, 0xC2, 0x08, 0xC2, 0x08, 0xC2, 0x08, 0xE2, 0x08, 0xC2, 0x08,
    0xA1, 0x00, 0xA1, 0x00, 0x61, 0x00, 0x41, 0x00, 0x61, 0x00, 0xA1, 0x08, 0xE5, 0x19, 0x63, 0x11,
    0x02, 0x09, 0x22, 0x09, 0xE1, 0x08, 0x43, 0x11, 0xC5, 0x19, 0xC5, 0x19, 0xC5, 0x19, 0xE6, 0x21,
    0x02, 0x09, 0xA2, 0x08, 0xE2, 0x08, 0xE2, 0x08, 0xC2, 0x08, 0xC2, 0x08, 0x85, 0x29, 0x03, 0x11,
    0x41, 0x00, 0x41, 0x00, 0xA1, 0x08, 0xE2, 0x08, 0x02, 0x09, 0xC2, 0x08, 0xA1, 0x00, 0x22, 0x11,
    0xC1, 0x08, 0x61, 0x00, 0x41, 0x00, 0x81, 0x00, 0xA4, 0x19, 0x42, 0x09, 0x42, 0x09, 0x22, 0x09,
    0x02, 0x09, 0x22, 0x09, 0x42, 0x11, 0x22, 0x11, 0x43, 0x11, 0x02, 0x11, 0x40, 0x00, 0x40, 0x00,
    0x41, 0x00, 0x41, 0x00, 0x41, 0x00, 0x41, 0x00, 0x41, 0x00, 0x41, 0x00, 0x41, 0x00, 0x41, 0x00,
    0x40, 0x00, 0x85, 0x31, 0x85, 0x31, 0x81, 0x08, 0x61, 0x00, 0x40, 0x00, 0x41, 0x00, 0x41, 0x00,
    0x41, 0x00, 0x41, 0x00, 0x41, 0x00, 0x41, 0x00, 0x41, 0x00, 0x61, 0x00, 0xA2, 0x08, 0x81, 0x00,
    0x81, 0x00, 0xA1, 0x08, 0xA1, 0x08, 0xA1, 0x08, 0xA1, 0x08, 0xC1, 0x08, 0xA1, 0x00, 0xE2, 0x10,
    0xA5, 0x21, 0x03, 0x11, 0xA2, 0x08, 0x61, 0x00, 0xC2, 0x08, 0xC1, 0x08, 0xE2, 0x08, 0xE2, 0x08,
    0xC2, 0x08, 0xA2, 0x08, 0x61, 0x00, 0x41, 0x00, 0x40, 0x00, 0xE2, 0x08, 0x43, 0x11, 0x43, 0x09,
    0x23, 0x09, 0xE2, 0x08, 0x81, 0x08, 0x41, 0x00, 0x81, 0x00, 0x83, 0x11, 0x82, 0x11, 0x41, 0x09,
    0x42, 0x09, 0xC4, 0x19, 0xC4, 0x19, 0x42, 0x09, 0x22, 0x09, 0x22, 0x09, 0x22, 0x09, 0x43, 0x11,
    0x22, 0x09, 0xC3, 0x21, 0x04, 0x2A, 0x22, 0x09, 0x63, 0x19, 0xE9, 0x4A, 0xE4, 0x29, 0x04, 0x32,
    0x43, 0x19, 0x81, 0x00, 0xA1, 0x00, 0xA1, 0x00, 0x41, 0x00, 0x61, 0x00, 0x61, 0x00, 0x61, 0x00,
    0x61, 0x00, 0x61, 0x00, 0x61, 0x00, 0x41, 0x00, 0x81, 0x00, 0x63, 0x19, 0x02, 0x09, 0xE1, 0x08,
    0xC2, 0x08, 0xC2, 0x08, 0xC2, 0x08, 0xC2, 0x08, 0xE2, 0x08, 0xC2, 0x08, 0xA1, 0x00, 0xA1, 0x00,
    0xA1, 0x00, 0xA1, 0x00, 0x81, 0x00, 0xA1, 0x08, 0x61, 0x00, 0x20, 0x00, 0x41, 0x00, 0x41, 0x00,
    0x41, 0x00, 0x41, 0x00, 0x21, 0x00, 0x20, 0x00, 0x20, 0x00, 0x21, 0x00, 0x21, 0x00, 0x20, 0x00,
    0x20, 0x00, 0x41, 0x00, 0x61, 0x00, 0x61, 0x00, 0x61, 0x00, 0x61, 0x00, 0x81, 0x00, 0xA1, 0x08,
    0xA1, 0x08, 0xC2, 0x08, 0xA1, 0x08, 0xC2, 0x08, 0xC1, 0x08, 0xE2, 0x08, 0xC1, 0x08, 0xE2, 0x08,
    0xE2, 0x08, 0xE2, 0x08, 0x61, 0x00, 0x20, 0x00, 0x20, 0x00, 0x40, 0x00, 0x41, 0x00, 0x61, 0x00,
    0x61, 0x00, 0x61, 0x00, 0x61, 0x00, 0x61, 0x00, 0x61, 0x00, 0x61, 0x00, 0x41, 0x00, 0x21, 0x00,
    0x41, 0x00, 0x21, 0x00, 0x20, 0x00, 0x20, 0x00, 0x41, 0x00, 0x41, 0x00, 0x81, 0x00, 0xE3, 0x08,
    0xC2, 0x08, 0xC2, 0x08, 0xC2, 0x08, 0xC2, 0x08, 0xC2, 0x08, 0xA2, 0x08, 0xA2, 0x08, 0x82, 0x00,
    0x82, 0x08, 0x82, 0x08, 0x81, 0x00, 0x61, 0x00, 0x81, 0x00, 0xA2, 0x08, 0x61, 0x00, 0x61, 0x00,
    0x82, 0x08, 0x81, 0x00, 0x81, 0x00, 0x81, 0x00, 0x81, 0x00, 0x81, 0x00, 0x61, 0x00, 0x41, 0x00,
    0x61, 0x00, 0x41, 0x00, 0x20, 0x00, 0xA1, 0x08, 0x23, 0x11, 0xC1, 0x00, 0x23, 0x09, 0xE2, 0x08,
    0x02, 0x09, 0xE2, 0x00, 0x03, 0x09, 0xE2, 0x08, 0xC2, 0x08, 0xE2, 0x08, 0xE2, 0x08, 0xE2, 0x08,
    0x03, 0x09, 0x81, 0x00, 0x61, 0x00, 0x61, 0x00, 0x61, 0x00, 0x61, 0x00, 0x43, 0x11, 0x43, 0x09,
    0x42, 0x11, 0x22, 0x09, 0xE1, 0x08, 0x63, 0x11, 0xC5, 0x19, 0xC5, 0x19, 0xE5, 0x19, 0xC5, 0x19,
    0x43, 0x11, 0xE2, 0x08, 0xE3, 0x08, 0xE3, 0x08, 0xE2, 0x08, 0xC2, 0x08, 0xE3, 0x08, 0x84, 0x21,
    0x43, 0x11, 0x81, 0x00, 0x20, 0x00, 0xE2, 0x08, 0x22, 0x09, 0x22, 0x09, 0xE2, 0x08, 0xC2, 0x08,
    0x61, 0x00, 0x41, 0x00, 0x41, 0x00, 0x40, 0x00, 0xE2, 0x08, 0x63, 0x11, 0x63, 0x11, 0x42, 0x09,
    0x42, 0x09, 0x22, 0x09, 0x22, 0x09, 0x22, 0x11, 0x42, 0x11, 0x23, 0x11, 0x41, 0x00, 0x41, 0x00,
    0x41, 0x00, 0x41, 0x00, 0x41, 0x00, 0x41, 0x00, 0x41, 0x00, 0x41, 0x00, 0x41, 0x00, 0x41, 0x00,
    0x41, 0x00, 0x85, 0x31, 0x27, 0x42, 0xA2, 0x08, 0x20, 0x00, 0x41, 0x00, 0x41, 0x00, 0x41, 0x00,
    0x41, 0x00, 0x41, 0x00, 0x41, 0x00, 0x41, 0x00, 0x41, 0x00, 0x41, 0x00, 0x61, 0x00, 0xA1, 0x08,
    0xC1, 0x08, 0xC1, 0x08, 0xC2, 0x08, 0xC2, 0x08, 0xC2, 0x08, 0xC1, 0x00, 0xE2, 0x08, 0xA5, 0x21,
    0x43, 0x11, 0x81, 0x00, 0xA1, 0x08, 0xC1, 0x08, 0xC2, 0x08, 0xE1, 0x08, 0x02, 0x09, 0x02, 0x09,
    0xE2, 0x08, 0x81, 0x00, 0x41, 0x00, 0x61, 0x00, 0x61, 0x00, 0x61, 0x00, 0xA2, 0x08, 0xC2, 0x08,
    0xC2, 0x08, 0x81, 0x00, 0x40, 0x00, 0x21, 0x00, 0x81, 0x00, 0xC3, 0x19, 0x62, 0x11, 0x42, 0x09,
    0x21, 0x09, 0x62, 0x11, 0xE4, 0x19, 0x83, 0x11, 0x42, 0x09, 0x42, 0x09, 0x42, 0x11, 0x42, 0x11,
    0x63, 0x11, 0xC4, 0x19, 0x64, 0x32, 0xA3, 0x19, 0x02, 0x09, 0xC4, 0x21, 0x87, 0x3A, 0x62, 0x19,
    0xC4, 0x29, 0x43, 0x19, 0xA1, 0x00, 0xA1, 0x08, 0x41, 0x00, 0x81, 0x08, 0x81, 0x08, 0x81, 0x00,
    0x81, 0x08, 0x61, 0x00, 0x61, 0x00, 0x61, 0x00, 0x61, 0x00, 0x81, 0x00, 0x42, 0x11, 0x42, 0x11,
    0xE2, 0x08, 0xE2, 0x08, 0xE2, 0x08, 0xE2, 0x08, 0xE2, 0x08, 0xE2, 0x08, 0xE2, 0x08, 0xC2, 0x08,
    0xE2, 0x08, 0xC2, 0x08, 0xC2, 0x08, 0xC1, 0x08, 0xA2, 0x08, 0x41, 0x00, 0x41, 0x00, 0x41, 0x00,
    0x21, 0x00, 0x20, 0x00, 0x20, 0x00, 0x20, 0x00, 0x21, 0x00, 0x21, 0x00, 0x21, 0x00, 0x20, 0x00,
    0x20, 0x00, 0x41, 0x00, 0x61, 0x00, 0x61, 0x00, 0x82, 0x08, 0x81, 0x08, 0xA1, 0x08, 0xA1, 0x08,
    0xA1, 0x08, 0xA1, 0x08, 0xC2, 0x08, 0xA1, 0x08, 0xE2, 0x08, 0xC2, 0x08, 0xC2, 0x08, 0xC2, 0x08,
    0xE2, 0x08, 0x02, 0x09, 0xC2, 0x08, 0x60, 0x00, 0x40, 0x00, 0x41, 0x00, 0x61, 0x00, 0x61, 0x00,
    0x61, 0x00, 0x61, 0x00, 0x61, 0x00, 0x61, 0x00, 0x61, 0x00, 0x61, 0x00, 0x41, 0x00, 0x41, 0x00,
    0x82, 0x08, 0xA2, 0x08, 0x20, 0x00, 0x21, 0x00, 0x20, 0x00, 0x61, 0x00, 0xC3, 0x08, 0xE3, 0x08,
    0x03, 0x09, 0xC2, 0x08, 0xC2, 0x08, 0xC2, 0x08, 0xC2, 0x08, 0xA2, 0x08, 0x81, 0x00, 0x81, 0x00,
    0x81, 0x00, 0x81, 0x00, 0x61, 0x00, 0x61, 0x00, 0xC2, 0x08, 0x81, 0x00, 0x81, 0x00, 0xA2, 0x08,
    0xA2, 0x08, 0xA2, 0x08, 0x81, 0x00, 0x81, 0x08, 0x81, 0x08, 0x61, 0x00, 0x61, 0x00, 0x61, 0x00,
    0x61, 0x00, 0x61, 0x00, 0x40, 0x00, 0x81, 0x00, 0xE2, 0x08, 0x23, 0x09, 0x64, 0x11, 0xE2, 0x08,
    0x23, 0x11, 0x23, 0x09, 0x03, 0x09, 0xC1, 0x00, 0xC1, 0x00, 0xE2, 0x08, 0x02, 0x09, 0x02, 0x09,
    0xE2, 0x08, 0x81, 0x00, 0x61, 0x00, 0x61, 0x00, 0x61, 0x00, 0x41, 0x00, 0x61, 0x00, 0x43, 0x11,
    0x83, 0x11, 0x22, 0x09, 0x02, 0x09, 0x22, 0x09, 0xC5, 0x19, 0xE5, 0x19, 0x06, 0x22, 0x43, 0x09,
    0x02, 0x09, 0x22, 0x09, 0x02, 0x09, 0x02, 0x09, 0x03, 0x09, 0xE2, 0x08, 0xC2, 0x00, 0x42, 0x11,
    0xA3, 0x19, 0x63, 0x11, 0xA1, 0x00, 0x61, 0x00, 0x02, 0x09, 0x02, 0x09, 0xE2, 0x08, 0x81, 0x00,
    0x41, 0x00, 0x61, 0x00, 0x61, 0x00, 0x41, 0x00, 0x20, 0x00, 0xE2, 0x08, 0x43, 0x11, 0x63, 0x11,
    0x42, 0x09, 0x43, 0x11, 0x22, 0x09, 0x42, 0x09, 0x63, 0x11, 0x02, 0x09, 0x40, 0x00, 0x41, 0x00,
    0x41, 0x00, 0x41, 0x00, 0x61, 0x00, 0x61, 0x00, 0x41, 0x00, 0x41, 0x00, 0x41, 0x00, 0x21, 0x00,
    0x81, 0x08, 0xA5, 0x39, 0x64, 0x31, 0x20, 0x00, 0x41, 0x00, 0x41, 0x00, 0x41, 0x00, 0x41, 0x00,
    0x41, 0x00, 0x41, 0x00, 0x41, 0x00, 0x41, 0x00, 0x41, 0x00, 0x81, 0x00, 0xC1, 0x08, 0xE2, 0x08,
    0xE2, 0x08, 0xE2, 0x08, 0xE2, 0x08, 0xE2, 0x08, 0x03, 0x09, 0xC2, 0x00, 0x03, 0x09, 0xE2, 0x08,
    0xA1, 0x00, 0xC1, 0x08, 0x22, 0x09, 0x01, 0x09, 0xC1, 0x08, 0x42, 0x09, 0x22, 0x09, 0xA1, 0x08,
    0x81, 0x00, 0x41, 0x00, 0x41, 0x00, 0x61, 0x00, 0x61, 0x00, 0x61, 0x00, 0x81, 0x00, 0xA1, 0x08,
    0x81, 0x00, 0x40, 0x00, 0x41, 0x00, 0x21, 0x00, 0xE2, 0x08, 0xC3, 0x19, 0x62, 0x11, 0x42, 0x09,
    0x41, 0x09, 0x42, 0x11, 0xA3, 0x11, 0xE4, 0x19, 0x63, 0x11, 0x63, 0x11, 0x42, 0x09, 0x62, 0x11,
    0x63, 0x11, 0x63, 0x11, 0x65, 0x32, 0x45, 0x32, 0x62, 0x09, 0x22, 0x09, 0xE9, 0x52, 0xA7, 0x4A,
    0x63, 0x21, 0x66, 0x3A, 0x83, 0x19, 0xA1, 0x08, 0x61, 0x00, 0xA2, 0x08, 0xA2, 0x08, 0xA2, 0x08,
    0x81, 0x08, 0x81, 0x00, 0x61, 0x00, 0x61, 0x00, 0x61, 0x00, 0x61, 0x00, 0xE2, 0x08, 0x63, 0x11,
    0xE2, 0x08, 0xE2, 0x08, 0x03, 0x09, 0x02, 0x09, 0x03, 0x09, 0xE2, 0x08, 0xE2, 0x08, 0xE2, 0x08,
    0xE2, 0x08, 0x02, 0x09, 0xE2, 0x08, 0xC2, 0x08, 0xC2, 0x08, 0x61, 0x00, 0x41, 0x00, 0x41, 0x00,
    0x41, 0x00, 0x41, 0x00, 0x41, 0x00, 0x21, 0x00, 0x20, 0x00, 0x21, 0x00, 0x20, 0x00, 0x20, 0x00,
    0x20, 0x00, 0x21, 0x00, 0x61, 0x00, 0x81, 0x00, 0xA1, 0x08, 0x81, 0x00, 0x81, 0x00, 0xA1, 0x08,
    0xA1, 0x08, 0xA1, 0x08, 0xA1, 0x00, 0xC2, 0x08, 0xC1, 0x08, 0xC2, 0x08, 0xE2, 0x08, 0xC2, 0x08,
    0xC2, 0x08, 0xC1, 0x08, 0xE1, 0x08, 0x02, 0x09, 0xC2, 0x08, 0x81, 0x00, 0x61, 0x00, 0x61, 0x00,
    0x61, 0x00, 0x61, 0x00, 0x61, 0x00, 0x61, 0x00, 0x41, 0x00, 0x41, 0x00, 0x41, 0x00, 0x41, 0x00,
    0x61, 0x08, 0x61, 0x00, 0x41, 0x00, 0x41, 0x00, 0x21, 0x00, 0x41, 0x00, 0xC2, 0x08, 0xE3, 0x08,
    0x03, 0x09, 0xE2, 0x08, 0xE2, 0x08, 0xE2, 0x08, 0xC2, 0x08, 0xC2, 0x08, 0xA2, 0x08, 0xA2, 0x08,
    0xA2, 0x08, 0xA2, 0x00, 0x81, 0x00, 0xA2, 0x08, 0x81, 0x00, 0xA1, 0x00, 0xC2, 0x08, 0xC2, 0x08,
    0xA2, 0x00, 0xA2, 0x00, 0xC2, 0x08, 0xA2, 0x08, 0x61, 0x00, 0x61, 0x00, 0x61, 0x00, 0x61, 0x00,
    0x81, 0x00, 0x41, 0x00, 0x41, 0x00, 0x41, 0x00, 0x81, 0x00, 0x23, 0x11, 0x23, 0x09, 0x23, 0x09,
    0x43, 0x09, 0x43, 0x11, 0x03, 0x09, 0x03, 0x11, 0xE2, 0x08, 0x02, 0x09, 0xE2, 0x08, 0x23, 0x09,
    0x03, 0x09, 0x40, 0x00, 0x41, 0x00, 0x61, 0x00, 0x61, 0x00, 0x61, 0x00, 0x40, 0x00, 0x81, 0x00,
    0x63, 0x11, 0x83, 0x11, 0x22, 0x09, 0x42, 0x09, 0xE5, 0x19, 0xE5, 0x19, 0x06, 0x22, 0x22, 0x09,
    0xC1, 0x00, 0x22, 0x09, 0x63, 0x11, 0x02, 0x09, 0x02, 0x09, 0x03, 0x09, 0xE2, 0x08, 0x23, 0x09,
    0x63, 0x11, 0x83, 0x11, 0xA4, 0x19, 0x02, 0x09, 0x61, 0x00, 0xE2, 0x08, 0xC1, 0x08, 0x61, 0x00,
    0x61, 0x00, 0x61, 0x00, 0x41, 0x00, 0x20, 0x00, 0x20, 0x00, 0x00, 0x00, 0xC2, 0x08, 0x83, 0x11,
    0x62, 0x11, 0x63, 0x11, 0x42, 0x09, 0x42, 0x09, 0x83, 0x11, 0x43, 0x11, 0x40, 0x00, 0x41, 0x00,
    0x61, 0x00, 0x61, 0x00, 0x61, 0x00, 0x61, 0x00, 0x41, 0x00, 0x41, 0x00, 0x41, 0x00, 0x21, 0x00,
    0xE2, 0x10, 0xA4, 0x31, 0x81, 0x08, 0x21, 0x00, 0x40, 0x00, 0x41, 0x00, 0x41, 0x00, 0x41, 0x00,
    0x41, 0x00, 0x41, 0x00, 0x41, 0x00, 0x41, 0x00, 0x81, 0x00, 0xC1, 0x08, 0xE2, 0x08, 0xE2, 0x08,
    0xE2, 0x08, 0x02, 0x09, 0x02, 0x09, 0x63, 0x11, 0x63, 0x11, 0x02, 0x09, 0xE2, 0x08, 0xE2, 0x08,
    0xE2, 0x08, 0x63, 0x11, 0x42, 0x11, 0x21, 0x09, 0xE1, 0x08, 0x22, 0x09, 0xA1, 0x00, 0x61, 0x00,
    0x41, 0x00, 0x61, 0x00, 0x81, 0x08, 0x81, 0x00, 0x61, 0x00, 0xA2, 0x08, 0x81, 0x00, 0x81, 0x00,
    0xA2, 0x08, 0x61, 0x00, 0x41, 0x00, 0x41, 0x00, 0x02, 0x09, 0xC3, 0x19, 0x62, 0x11, 0x62, 0x11,
    0x41, 0x09, 0x41, 0x09, 0x62, 0x11, 0xC3, 0x19, 0xE4, 0x19, 0x22, 0x09, 0x83, 0x11, 0x42, 0x09,
    0x63, 0x11, 0x42, 0x09, 0xA3, 0x21, 0x65, 0x3A, 0x83, 0x19, 0x81, 0x00, 0x88, 0x4A, 0xE9, 0x5A,
    0x46, 0x42, 0x04, 0x32, 0xC4, 0x29, 0xC1, 0x08, 0x81, 0x00, 0xC2, 0x08, 0xE2, 0x08, 0xE2, 0x08,
    0xA1, 0x08, 0x81, 0x00, 0x81, 0x00, 0x81, 0x00, 0xA1, 0x08, 0x81, 0x00, 0x60, 0x00, 0xC1, 0x00,
    0xE2, 0x08, 0x03, 0x09, 0x02, 0x09, 0x23, 0x09, 0x03, 0x09, 0x03, 0x09, 0x02, 0x09, 0x23, 0x09,
    0x23, 0x09, 0x02, 0x09, 0xE2, 0x08, 0xC2, 0x08, 0xA1, 0x08, 0x61, 0x00, 0x61, 0x00, 0x82, 0x08,
    0x61, 0x00, 0x81, 0x00, 0x82, 0x00, 0x61, 0x00, 0x61, 0x00, 0x21, 0x00, 0x20, 0x00, 0x20, 0x00,
    0x21, 0x00, 0x41, 0x00, 0x81, 0x08, 0x81, 0x08, 0xA1, 0x08, 0x81, 0x00, 0xA1, 0x00, 0xA1, 0x00,
    0xA1, 0x08, 0x81, 0x00, 0xA1, 0x08, 0xA1, 0x08, 0xC2, 0x08, 0xC1, 0x08, 0xC1, 0x08, 0xC1, 0x08,
    0xC1, 0x08, 0xC1, 0x08, 0xE2, 0x08, 0x22, 0x09, 0x63, 0x11, 0xE2, 0x08, 0x61, 0x00, 0x61, 0x00,
    0x61, 0x00, 0x41, 0x00, 0x61, 0x00, 0x61, 0x00, 0x41, 0x00, 0x61, 0x00, 0x61, 0x00, 0x61, 0x00,
    0x61, 0x00, 0x41, 0x00, 0x41, 0x00, 0x61, 0x00, 0x41, 0x00, 0x41, 0x00, 0x82, 0x00, 0xC2, 0x08,
    0x03, 0x09, 0xE3, 0x08, 0x03, 0x09, 0xE2, 0x08, 0xC2, 0x08, 0xC2, 0x08, 0xA2, 0x00, 0xA2, 0x00,
    0x81, 0x00, 0x81, 0x00, 0xA2, 0x08, 0x61, 0x00, 0xA2, 0x00, 0xE2, 0x08, 0xE2, 0x08, 0xC2, 0x08,
    0xC2, 0x08, 0xC2, 0x08, 0x81, 0x00, 0x61, 0x00, 0x81, 0x00, 0x81, 0x00, 0x82, 0x08, 0x81, 0x00,
    0x81, 0x00, 0x20, 0x00, 0x20, 0x00, 0x41, 0x00, 0x20, 0x00, 0x81, 0x00, 0x03, 0x09, 0x23, 0x09,
    0x43, 0x09, 0x43, 0x11, 0x23, 0x09, 0x43, 0x11, 0x23, 0x09, 0x02, 0x09, 0x23, 0x09, 0x22, 0x09,
    0xC2, 0x08, 0x61, 0x00, 0x61, 0x00, 0x61, 0x00, 0x61, 0x00, 0x81, 0x00, 0x61, 0x00, 0x20, 0x00,
    0x81, 0x00, 0x63, 0x11, 0x22, 0x09, 0x22, 0x09, 0xC5, 0x19, 0x26, 0x22, 0x06, 0x22, 0xE2, 0x08,
    0x02, 0x09, 0xE1, 0x08, 0x42, 0x11, 0x83, 0x11, 0xE1, 0x00, 0xE2, 0x08, 0xE2, 0x08, 0x64, 0x19,
    0x85, 0x19, 0x02, 0x09, 0xA4, 0x19, 0xC4, 0x19, 0x43, 0x11, 0x81, 0x00, 0x81, 0x00, 0x61, 0x00,
    0x41, 0x00, 0x20, 0x00, 0x00, 0x00, 0x20, 0x00, 0x20, 0x00, 0x21, 0x00, 0x20, 0x00, 0xC2, 0x08,
    0x22, 0x11, 0x83, 0x11, 0xA3, 0x11, 0x62, 0x09, 0x83, 0x11, 0x02, 0x09, 0x41, 0x00, 0x61, 0x00,
    0x61, 0x00, 0x61, 0x00, 0x61, 0x00, 0x61, 0x00, 0x61, 0x00, 0x61, 0x00, 0x41, 0x00, 0x41, 0x00,
    0xE2, 0x10, 0x02, 0x19, 0x20, 0x00, 0x41, 0x00, 0x41, 0x00, 0x41, 0x00, 0x41, 0x00, 0x41, 0x00,
    0x41, 0x00, 0x41, 0x00, 0x41, 0x00, 0x61, 0x00, 0xC2, 0x08, 0xE2, 0x08, 0x02, 0x09, 0x02, 0x09,
    0x02, 0x09, 0x22, 0x09, 0x43, 0x11, 0x63, 0x11, 0x22, 0x09, 0x43, 0x09, 0x23, 0x09, 0xE2, 0x08,
    0x42, 0x09, 0xC4, 0x19, 0x01, 0x09, 0x42, 0x11, 0xC1, 0x00, 0x61, 0x00, 0x61, 0x00, 0x61, 0x00,
    0x81, 0x08, 0x81, 0x00, 0x81, 0x00, 0x81, 0x08, 0x81, 0x00, 0x81, 0x00, 0xC2, 0x08, 0xA1, 0x00,
    0xA1, 0x00, 0x81, 0x08, 0x41, 0x00, 0x20, 0x00, 0x22, 0x11, 0xE3, 0x19, 0x62, 0x11, 0x62, 0x11,
    0x41, 0x09, 0x21, 0x09, 0x62, 0x11, 0x82, 0x11, 0xE4, 0x19, 0x63, 0x11, 0x02, 0x09, 0x64, 0x11,
    0x02, 0x09, 0x02, 0x09, 0xC1, 0x08, 0x25, 0x32, 0xA3, 0x21, 0x00, 0x00, 0xE3, 0x18, 0x0B, 0x63,
    0xC9, 0x5A, 0x67, 0x42, 0x42, 0x11, 0x63, 0x19, 0xE2, 0x08, 0x02, 0x09, 0x23, 0x09, 0x03, 0x09,
    0x81, 0x00, 0xA1, 0x08, 0xA1, 0x00, 0xC1, 0x08, 0xC1, 0x08, 0xA1, 0x08, 0x81, 0x00, 0xA1, 0x00,
    0xC2, 0x08, 0x03, 0x09, 0xE2, 0x08, 0x23, 0x09, 0x02, 0x09, 0x23, 0x09, 0x23, 0x09, 0x43, 0x09,
    0x23, 0x09, 0x02, 0x09, 0xE2, 0x08, 0xE2, 0x08, 0xA1, 0x08, 0x82, 0x00, 0x81, 0x00, 0x61, 0x00,
    0x82, 0x00, 0x61, 0x00, 0x61, 0x00, 0x61, 0x00, 0x61, 0x00, 0x61, 0x00, 0x20, 0x00, 0x20, 0x00,
    0x61, 0x00, 0x61, 0x00, 0x81, 0x00, 0x81, 0x00, 0x81, 0x00, 0x81, 0x00, 0x81, 0x00, 0x81, 0x00,
    0x81, 0x00, 0x81, 0x00, 0x81, 0x00, 0xA1, 0x08, 0x81, 0x08, 0xA1, 0x00, 0xA1, 0x00, 0xC1, 0x08,
    0xC1, 0x08, 0x02, 0x09, 0x02, 0x09, 0x22, 0x09, 0xE2, 0x08, 0x81, 0x00, 0x61, 0x00, 0x41, 0x00,
    0x41, 0x00, 0x41, 0x00, 0x61, 0x00, 0x41, 0x00, 0x41, 0x00, 0x61, 0x00, 0x61, 0x00, 0x61, 0x00,
    0x61, 0x00, 0x41, 0x00, 0x61, 0x00, 0x61, 0x00, 0x41, 0x00, 0x41, 0x00, 0xA2, 0x08, 0xC2, 0x08,
    0xE3, 0x08, 0x03, 0x09, 0xE2, 0x08, 0xA2, 0x00, 0xC2, 0x08, 0xE2, 0x08, 0xC2, 0x08, 0xC2, 0x08,
    0xA2, 0x08, 0x82, 0x08, 0x61, 0x00, 0x81, 0x00, 0xE3, 0x08, 0xE2, 0x08, 0xE2, 0x08, 0xE2, 0x08,
    0xE2, 0x08, 0xC2, 0x08, 0x81, 0x00, 0x81, 0x00, 0x81, 0x00, 0x81, 0x00, 0xA2, 0x08, 0xA2, 0x08,
    0x81, 0x08, 0x20, 0x00, 0x20, 0x00, 0x21, 0x00, 0x21, 0x00, 0x20, 0x00, 0x61, 0x00, 0x03, 0x09,
    0x43, 0x11, 0x43, 0x11, 0x43, 0x09, 0x43, 0x11, 0x63, 0x11, 0xE2, 0x08, 0x22, 0x09, 0x63, 0x11,
    0x81, 0x00, 0x61, 0x00, 0x61, 0x00, 0x81, 0x00, 0x81, 0x00, 0x61, 0x00, 0x61, 0x00, 0x41, 0x00,
    0x41, 0x00, 0xA1, 0x00, 0xC5, 0x21, 0x84, 0x11, 0xE5, 0x19, 0xE5, 0x19, 0xC5, 0x19, 0xC1, 0x08,
    0x42, 0x11, 0x01, 0x09, 0xE1, 0x08, 0xA3, 0x11, 0x83, 0x11, 0xE2, 0x00, 0xC2, 0x08, 0x65, 0x19,
    0x69, 0x42, 0x81, 0x00, 0x23, 0x09, 0xC4, 0x19, 0xC4, 0x19, 0x63, 0x11, 0x81, 0x00, 0x82, 0x08,
    0x62, 0x00, 0x61, 0x00, 0x61, 0x00, 0x41, 0x00, 0x20, 0x00, 0x21, 0x00, 0x20, 0x00, 0x20, 0x00,
    0x40, 0x00, 0xE2, 0x08, 0xC4, 0x19, 0xC3, 0x19, 0x83, 0x19, 0xA1, 0x00, 0x41, 0x00, 0x61, 0x00,
    0x61, 0x00, 0x61, 0x00, 0x61, 0x00, 0x61, 0x00, 0x61, 0x00, 0x61, 0x00, 0x41, 0x00, 0x41, 0x00,
    0x40, 0x00, 0x40, 0x00, 0x41, 0x00, 0x41, 0x00, 0x41, 0x00, 0x41, 0x00, 0x41, 0x00, 0x41, 0x00,
    0x41, 0x00, 0x41, 0x00, 0x61, 0x00, 0xC1, 0x08, 0x02, 0x09, 0x02, 0x09, 0x02, 0x09, 0x22, 0x09,
    0x23, 0x09, 0x43, 0x11, 0x43, 0x11, 0x43, 0x09, 0x63, 0x11, 0x64, 0x11, 0x43, 0x09, 0x02, 0x09,
    0xA3, 0x19, 0x83, 0x11, 0xE1, 0x08, 0x82, 0x19, 0xE1, 0x08, 0x61, 0x00, 0xA1, 0x08, 0xA2, 0x08,
    0x81, 0x00, 0x81, 0x00, 0xA2, 0x08, 0xA1, 0x08, 0xA1, 0x08, 0xA1, 0x08, 0xA1, 0x00, 0xE2, 0x08,
    0xC2, 0x08, 0xA1, 0x00, 0x61, 0x00, 0x41, 0x00, 0x63, 0x11, 0xA3, 0x11, 0x82, 0x11, 0x62, 0x11,
    0x41, 0x09, 0x21, 0x09, 0x42, 0x11, 0x62, 0x11, 0xA3, 0x11, 0xC4, 0x19, 0xE2, 0x08, 0x81, 0x00,
    0x81, 0x00, 0x61, 0x00, 0x40, 0x00, 0x22, 0x11, 0x45, 0x32, 0xC1, 0x08, 0x40, 0x00, 0x28, 0x42,
    0xEB, 0x62, 0xA8, 0x52, 0x42, 0x19, 0x42, 0x11, 0x63, 0x11, 0x03, 0x09, 0x64, 0x11, 0xE2, 0x08,
    0xC1, 0x08, 0xC1, 0x08, 0xC1, 0x08, 0x22, 0x09, 0x23, 0x09, 0x81, 0x00, 0xA1, 0x08, 0x02, 0x09,
    0xC2, 0x00, 0x02, 0x09, 0xE2, 0x08, 0x23, 0x09, 0x02, 0x09, 0x23, 0x09, 0x02, 0x09, 0x03, 0x09,
    0x02, 0x09, 0x23, 0x09, 0x23, 0x09, 0xE2, 0x08, 0xA1, 0x08, 0x61, 0x00, 0x61, 0x00, 0x61, 0x00,
    0x61, 0x00, 0x61, 0x00, 0x61, 0x00, 0x61, 0x00, 0x61, 0x00, 0x41, 0x00, 0x41, 0x00, 0x41, 0x00,
    0x61, 0x00, 0x61, 0x00, 0x81, 0x00, 0x81, 0x00, 0x81, 0x00, 0x81, 0x00, 0x81, 0x00, 0x81, 0x00,
    0xA1, 0x08, 0x81, 0x00, 0xA1, 0x00, 0x81, 0x00, 0xA1, 0x08, 0xA1, 0x08, 0xE2, 0x08, 0xE2, 0x08,
    0x02, 0x09, 0x23, 0x09, 0x23, 0x09, 0xA1, 0x00, 0x40, 0x00, 0x41, 0x00, 0x41, 0x00, 0x61, 0x00,
    0x61, 0x00, 0x61, 0x00, 0x41, 0x00, 0x40, 0x00, 0x41, 0x00, 0x61, 0x00, 0x61, 0x00, 0x61, 0x00,
    0x61, 0x00, 0x41, 0x00, 0x61, 0x00, 0x41, 0x00, 0x41, 0x00, 0x41, 0x00, 0xA2, 0x08, 0xE3, 0x08,
    0xE3, 0x08, 0xE3, 0x08, 0xC2, 0x08, 0x23, 0x11, 0x23, 0x11, 0xC2, 0x00, 0xA2, 0x00, 0x81, 0x00,
    0x81, 0x00, 0x81, 0x00, 0x61, 0x00, 0x81, 0x00, 0xC2, 0x08, 0xE2, 0x08, 0xE2, 0x08, 0xE2, 0x08,
    0xA2, 0x08, 0xA1, 0x00, 0xA2, 0x08, 0xA1, 0x00, 0xA1, 0x00, 0xA1, 0x00, 0xE2, 0x08, 0xA2, 0x08,
    0x61, 0x00, 0x20, 0x00, 0x20, 0x00, 0x21, 0x00, 0x21, 0x00, 0x41, 0x00, 0x21, 0x00, 0x61, 0x00,
    0xC2, 0x08, 0x23, 0x09, 0x43, 0x09, 0x43, 0x11, 0x64, 0x11, 0x23, 0x09, 0x23, 0x09, 0x02, 0x09,
    0x81, 0x00, 0x81, 0x00, 0x81, 0x00, 0x81, 0x00, 0x81, 0x00, 0xA2, 0x08, 0x81, 0x00, 0x61, 0x00,
    0x41, 0x00, 0x61, 0x00, 0x64, 0x19, 0xE5, 0x19, 0xE5, 0x19, 0x63, 0x11, 0xC1, 0x00, 0x81, 0x00,
    0x43, 0x11, 0x42, 0x11, 0xE1, 0x08, 0x21, 0x09, 0xE4, 0x19, 0x63, 0x11, 0xA1, 0x00, 0x85, 0x19,
    0x8D, 0x6B, 0x04, 0x19, 0x40, 0x00, 0x02, 0x09, 0xA4, 0x19, 0xE5, 0x19, 0x43, 0x11, 0x40, 0x00,
    0x82, 0x00, 0x44, 0x11, 0x65, 0x19, 0x03, 0x11, 0x61, 0x00, 0x61, 0x00, 0x41, 0x00, 0x20, 0x00,
    0x20, 0x00, 0x20, 0x00, 0xC1, 0x08, 0x63, 0x11, 0x63, 0x11, 0xA1, 0x00, 0x61, 0x00, 0x61, 0x00,
    0x61, 0x00, 0x61, 0x00, 0x61, 0x00, 0x61, 0x00, 0x61, 0x00, 0x41, 0x00, 0x21, 0x00, 0x41, 0x00,
    0x20, 0x00, 0x20, 0x00, 0x20, 0x00, 0x20, 0x00, 0x21, 0x00, 0x20, 0x00, 0x21, 0x00, 0x20, 0x00,
    0x20, 0x00, 0x20, 0x00, 0x60, 0x00, 0xE2, 0x08, 0x02, 0x09, 0x02, 0x09, 0x22, 0x09, 0x43, 0x11,
    0x63, 0x11, 0x43, 0x11, 0x43, 0x09, 0x63, 0x11, 0x64, 0x11, 0x64, 0x11, 0x43, 0x09, 0x63, 0x11,
    0xE4, 0x21, 0x42, 0x11, 0x01, 0x09, 0xA2, 0x19, 0x42, 0x11, 0xA1, 0x08, 0xC2, 0x08, 0xA1, 0x00,
    0xC2, 0x08, 0xC2, 0x08, 0xA1, 0x08, 0xC2, 0x08, 0xA1, 0x08, 0xC2, 0x08, 0xC2, 0x08, 0xA1, 0x00,
    0xE2, 0x08, 0xE2, 0x08, 0x61, 0x00, 0x61, 0x00, 0x02, 0x09, 0xC3, 0x19, 0x82, 0x11, 0x62, 0x11,
    0x62, 0x11, 0x41, 0x09, 0x42, 0x09, 0x42, 0x11, 0x62, 0x11, 0xC3, 0x11, 0x83, 0x11, 0x61, 0x08,
    0x61, 0x08, 0x61, 0x00, 0x41, 0x00, 0x40, 0x00, 0x63, 0x19, 0x05, 0x32, 0x60, 0x00, 0xC2, 0x10,
    0x8A, 0x52, 0x85, 0x29, 0xA5, 0x29, 0xA1, 0x08, 0x02, 0x09, 0x64, 0x11, 0x64, 0x11, 0xC1, 0x00,
    0xE2, 0x08, 0xE2, 0x08, 0x22, 0x09, 0x63, 0x11, 0x23, 0x11, 0x40, 0x00, 0xC1, 0x08, 0x22, 0x11,
    0x81, 0x08, 0xC2, 0x08, 0xE2, 0x08, 0xE2, 0x08, 0xE2, 0x08, 0xE2, 0x08, 0xE2, 0x08, 0xE2, 0x08,
    0x02, 0x09, 0x23, 0x09, 0x43, 0x09, 0x43, 0x11, 0xC2, 0x08, 0x61, 0x00, 0x61, 0x00, 0x61, 0x00,
    0x61, 0x00, 0x61, 0x00, 0x61, 0x00, 0x61, 0x00, 0x61, 0x00, 0x41, 0x00, 0x61, 0x00, 0x81, 0x00,
    0x81, 0x00, 0x61, 0x00, 0x81, 0x00, 0xA2, 0x08, 0x81, 0x00, 0x81, 0x00, 0x81, 0x00, 0x81, 0x00,
    0xA1, 0x08, 0xA1, 0x08, 0xA1, 0x00, 0xA1, 0x00, 0xA1, 0x00, 0xC2, 0x08, 0xE2, 0x08, 0x43, 0x11,
    0x63, 0x11, 0x23, 0x09, 0x81, 0x00, 0x61, 0x00, 0x81, 0x08, 0x81, 0x00, 0x61, 0x00, 0xA1, 0x08,
    0xC2, 0x08, 0x81, 0x00, 0x81, 0x00, 0x81, 0x00, 0x41, 0x00, 0x41, 0x00, 0x61, 0x00, 0x61, 0x00,
    0x61, 0x00, 0x82, 0x00, 0x82, 0x00, 0x61, 0x00, 0x41, 0x00, 0x41, 0x00, 0x41, 0x00, 0x61, 0x00,
    0x81, 0x00, 0xA2, 0x00, 0xA2, 0x00, 0xC2, 0x08, 0x03, 0x11, 0xE3, 0x08, 0x03, 0x09, 0x03, 0x09,
    0xA2, 0x08, 0x41, 0x00, 0x40, 0x00, 0x81, 0x00, 0xE2, 0x08, 0x02, 0x09, 0x03, 0x09, 0xA1, 0x00,
    0xA1, 0x08, 0xC2, 0x08, 0xC2, 0x08, 0xA1, 0x08, 0xC2, 0x08, 0xC2, 0x08, 0x03, 0x09, 0xA1, 0x00,
    0x40, 0x00, 0x21, 0x00, 0x21, 0x00, 0x41, 0x00, 0x82, 0x08, 0x61, 0x00, 0x41, 0x00, 0x20, 0x00,
    0x20, 0x00, 0xA1, 0x00, 0x02, 0x09, 0xE2, 0x08, 0x02, 0x09, 0x43, 0x11, 0x03, 0x09, 0xA1, 0x00,
    0x81, 0x00, 0x81, 0x00, 0x81, 0x00, 0xA1, 0x08, 0xA1, 0x00, 0x81, 0x00, 0xA1, 0x08, 0x81, 0x00,
    0x61, 0x00, 0x61, 0x00, 0x81, 0x00, 0xC5, 0x19, 0xA4, 0x19, 0xA1, 0x00, 0x61, 0x00, 0x61, 0x00,
    0xA1, 0x08, 0x62, 0x11, 0x21, 0x09, 0x01, 0x09, 0x62, 0x11, 0xE4, 0x19, 0xE2, 0x08, 0x03, 0x11,
    0xAA, 0x4A, 0x49, 0x42, 0x61, 0x00, 0x41, 0x00, 0xC2, 0x08, 0x84, 0x19, 0xE4, 0x21, 0x02, 0x11,
    0x40, 0x00, 0x61, 0x00, 0xE3, 0x08, 0x24, 0x11, 0x81, 0x08, 0x20, 0x00, 0x20, 0x00, 0x21, 0x00,
    0x21, 0x00, 0x41, 0x00, 0x61, 0x00, 0x61, 0x00, 0xA1, 0x08, 0x81, 0x00, 0x81, 0x00, 0x61, 0x00,
    0x61, 0x00, 0x61, 0x00, 0x61, 0x00, 0x61, 0x00, 0x61, 0x00, 0x41, 0x00, 0x20, 0x00, 0x40, 0x00,
    0x20, 0x00, 0x41, 0x00, 0x41, 0x00, 0x20, 0x00, 0x20, 0x00, 0x21, 0x00, 0x20, 0x00, 0x20, 0x00,
    0x20, 0x00, 0x20, 0x00, 0xA1, 0x08, 0x02, 0x09, 0x22, 0x09, 0x02, 0x09, 0x23, 0x11, 0x63, 0x11,
    0x43, 0x09, 0x63, 0x11, 0x63, 0x11, 0x64, 0x11, 0x63, 0x11, 0x63, 0x11, 0x23, 0x09, 0xC4, 0x19,
    0xC3, 0x19, 0x01, 0x09, 0x01, 0x09, 0xA2, 0x19, 0x63, 0x11, 0xC1, 0x08, 0xC1, 0x08, 0x02, 0x09,
    0xC2, 0x08, 0xA1, 0x00, 0xC2, 0x08, 0xC2, 0x08, 0xC2, 0x08, 0xC1, 0x08, 0xE2, 0x08, 0xE2, 0x08,
    0xA1, 0x00, 0xE2, 0x08, 0x81, 0x00, 0x61, 0x00, 0xA1, 0x00, 0xC3, 0x19, 0xA3, 0x11, 0x82, 0x11,
    0x62, 0x11, 0x41, 0x09, 0x42, 0x11, 0x62, 0x11, 0x62, 0x09, 0xA3, 0x11, 0x83, 0x11, 0x81, 0x00,
    0x61, 0x00, 0x41, 0x00, 0x61, 0x00, 0x61, 0x00, 0x40, 0x00, 0x42, 0x19, 0x02, 0x11, 0x00, 0x00,
    0xE4, 0x18, 0xE2, 0x10, 0x44, 0x21, 0x64, 0x21, 0x22, 0x09, 0xA4, 0x19, 0x22, 0x09, 0x02, 0x09,
    0x22, 0x09, 0x84, 0x19, 0x63, 0x11, 0x63, 0x11, 0xA1, 0x00, 0x20, 0x00, 0x02, 0x09, 0x42, 0x11,
    0x61, 0x00, 0x61, 0x00, 0x81, 0x00, 0x81, 0x00, 0xA1, 0x08, 0xA1, 0x00, 0xA1, 0x08, 0xA1, 0x00,
    0xC1, 0x00, 0xC2, 0x00, 0xC2, 0x00, 0xC1, 0x08, 0x81, 0x00, 0x61, 0x00, 0x61, 0x00, 0x61, 0x00,
    0x61, 0x00, 0x61, 0x00, 0x61, 0x00, 0x61, 0x00, 0x61, 0x00, 0x41, 0x00, 0x41, 0x00, 0x81, 0x00,
    0xA1, 0x08, 0x81, 0x00, 0x61, 0x00, 0xC2, 0x08, 0x03, 0x11, 0xA1, 0x00, 0x81, 0x00, 0xA1, 0x08,
    0xA1, 0x00, 0xC1, 0x08, 0xC2, 0x08, 0xA1, 0x00, 0xC1, 0x08, 0xE2, 0x08, 0x23, 0x09, 0x03, 0x09,
    0xE2, 0x08, 0x81, 0x00, 0x61, 0x00, 0x81, 0x00, 0xC2, 0x08, 0x03, 0x09, 0x03, 0x09, 0xC2, 0x00,
    0xC2, 0x08, 0x03, 0x09, 0xC2, 0x08, 0xC2, 0x08, 0x81, 0x00, 0x61, 0x00, 0x61, 0x00, 0x81, 0x00,
    0x82, 0x08, 0xA2, 0x00, 0xC2, 0x08, 0x23, 0x09, 0x24, 0x11, 0xC3, 0x08, 0x61, 0x00, 0xC2, 0x08,
    0x82, 0x00, 0x61, 0x00, 0xA2, 0x08, 0xC2, 0x08, 0x81, 0x00, 0x81, 0x00, 0xC2, 0x08, 0xE3, 0x08,
    0xA2, 0x08, 0x61, 0x00, 0x61, 0x00, 0xA1, 0x00, 0xE2, 0x08, 0xE2, 0x08, 0xE2, 0x08, 0xC2, 0x08,
    0xC2, 0x08, 0xE2, 0x08, 0xE2, 0x08, 0xC1, 0x08, 0xE2, 0x08, 0xE2, 0x08, 0x81, 0x00, 0x61, 0x00,
    0x41, 0x00, 0x61, 0x00, 0x61, 0x00, 0x61, 0x00, 0x61, 0x00, 0x41, 0x00, 0x61, 0x08, 0x41, 0x00,
    0x20, 0x00, 0x40, 0x00, 0x81, 0x00, 0xA1, 0x08, 0xA1, 0x00, 0x02, 0x09, 0x23, 0x09, 0xC1, 0x08,
    0xA1, 0x08, 0x81, 0x00, 0xA1, 0x08, 0xA1, 0x00, 0xC2, 0x08, 0xE2, 0x08, 0xE2, 0x08, 0x81, 0x00,
    0x61, 0x00, 0x61, 0x00, 0x41, 0x00, 0x43, 0x11, 0x84, 0x19, 0x61, 0x00, 0x81, 0x00, 0x61, 0x00,
    0x61, 0x00, 0x22, 0x11, 0x83, 0x11, 0x01, 0x09, 0x01, 0x09, 0xA3, 0x11, 0x83, 0x11, 0x61, 0x00,
    0x65, 0x21, 0x2C, 0x63, 0xC6, 0x31, 0x61, 0x00, 0x81, 0x00, 0xE2, 0x08, 0xC4, 0x19, 0xC4, 0x19,
    0xA1, 0x00, 0x61, 0x00, 0x40, 0x00, 0x61, 0x00, 0xC2, 0x08, 0xA2, 0x08, 0x41, 0x00, 0x20, 0x00,
    0x21, 0x00, 0x41, 0x00, 0x61, 0x00, 0x61, 0x00, 0x81, 0x00, 0x81, 0x00, 0xA2, 0x00, 0x81, 0x00,
    0x81, 0x00, 0x81, 0x00, 0x61, 0x00, 0x61, 0x00, 0x41, 0x00, 0x41, 0x00, 0x41, 0x00, 0x61, 0x00,
    0x82, 0x00, 0xA2, 0x08, 0xC2, 0x08, 0xC2, 0x08, 0x82, 0x00, 0x61, 0x00, 0x41, 0x00, 0x41, 0x00,
    0x21, 0x00, 0x40, 0x00, 0xE1, 0x08, 0x02, 0x09, 0x02, 0x09, 0x43, 0x11, 0x43, 0x11, 0x43, 0x11,
    0x63, 0x11, 0x64, 0x11, 0x63, 0x11, 0x63, 0x11, 0x63, 0x11, 0x43, 0x09, 0x63, 0x11, 0x04, 0x22,
    0xA3, 0x11, 0x01, 0x09, 0x21, 0x09, 0xC3, 0x19, 0x22, 0x09, 0xA1, 0x00, 0x03, 0x09, 0xC2, 0x08,
    0xC2, 0x08, 0x03, 0x09, 0xE2, 0x08, 0x02, 0x09, 0xE2, 0x08, 0xE2, 0x08, 0xC2, 0x08, 0xE2, 0x08,
    0x02, 0x09, 0xC2, 0x08, 0x81, 0x00, 0x61, 0x00, 0x60, 0x00, 0x02, 0x09, 0xC3, 0x19, 0xA3, 0x11,
    0x62, 0x11, 0x42, 0x11, 0x21, 0x09, 0x62, 0x11, 0x62, 0x09, 0x82, 0x11, 0x63, 0x11, 0x61, 0x00,
    0x61, 0x00, 0x61, 0x00, 0xA1, 0x08, 0xA1, 0x08, 0xA1, 0x08, 0xA1, 0x08, 0xE2, 0x10, 0x40, 0x00,
    0x20, 0x00, 0x20, 0x00, 0x61, 0x00, 0x02, 0x11, 0x43, 0x09, 0xA4, 0x19, 0x43, 0x09, 0x63, 0x11,
    0x63, 0x11, 0xC5, 0x19, 0x63, 0x11, 0x63, 0x11, 0xA1, 0x00, 0x41, 0x00, 0x02, 0x09, 0x62, 0x11,
    0x41, 0x00, 0x61, 0x00, 0x41, 0x00, 0x41, 0x00, 0x61, 0x00, 0x41, 0x00, 0x41, 0x00, 0x61, 0x00,
    0x61, 0x00, 0x61, 0x00, 0x61, 0x00, 0x61, 0x00, 0x61, 0x00, 0x61, 0x00, 0x61, 0x00, 0x61, 0x00,
    0x61, 0x00, 0x61, 0x00, 0x61, 0x00, 0x41, 0x00, 0x41, 0x00, 0x41, 0x00, 0x41, 0x00, 0x81, 0x00,
    0xA1, 0x08, 0xC1, 0x08, 0x81, 0x00, 0x61, 0x00, 0x02, 0x11, 0x02, 0x09, 0xA1, 0x00, 0x81, 0x00,
    0xA1, 0x08, 0xA1, 0x08, 0xC1, 0x08, 0x02, 0x09, 0x02, 0x09, 0x43, 0x11, 0x03, 0x09, 0xA1, 0x00,
    0x40, 0x00, 0xC2, 0x08, 0x03, 0x09, 0x03, 0x09, 0xE2, 0x08, 0xE2, 0x08, 0x02, 0x09, 0x23, 0x11,
    0xE2, 0x08, 0xE2, 0x08, 0x02, 0x09, 0xE2, 0x08, 0xE2, 0x08, 0xC2, 0x08, 0x81, 0x08, 0x82, 0x00,
    0x82, 0x00, 0xE3, 0x08, 0x44, 0x11, 0x85, 0x19, 0x03, 0x09, 0xE3, 0x00, 0x65, 0x11, 0x64, 0x11,
    0xC2, 0x00, 0x81, 0x00, 0xA2, 0x08, 0xC3, 0x08, 0xA2, 0x08, 0xA1, 0x08, 0x61, 0x00, 0x20, 0x00,
    0x40, 0x00, 0x41, 0x00, 0x61, 0x00, 0xA2, 0x08, 0xE2, 0x08, 0xE2, 0x08, 0xE2, 0x08, 0x03, 0x09,
    0xE2, 0x08, 0x03, 0x09, 0x03, 0x09, 0xE2, 0x08, 0xE2, 0x08, 0xA1, 0x00, 0x20, 0x00, 0x41, 0x00,
    0x41, 0x00, 0x41, 0x00, 0x41, 0x00, 0x41, 0x00, 0x41, 0x00, 0x41, 0x00, 0x41, 0x00, 0x41, 0x00,
    0x41, 0x00, 0x41, 0x00, 0x81, 0x00, 0xC2, 0x00, 0xC2, 0x08, 0xC2, 0x08, 0x02, 0x09, 0xC2, 0x08,
    0xC1, 0x00, 0xA1, 0x00, 0xA2, 0x08, 0xC2, 0x08, 0xC1, 0x08, 0xC1, 0x00, 0x23, 0x09, 0xC2, 0x08,
    0x81, 0x00, 0x81, 0x00, 0x81, 0x00, 0xA1, 0x00, 0xE2, 0x08, 0x81, 0x00, 0x81, 0x00, 0x61, 0x00,
    0x61, 0x00, 0xE1, 0x08, 0xA3, 0x19, 0x62, 0x11, 0x01, 0x09, 0x21, 0x09, 0xE4, 0x19, 0x23, 0x11,
    0xA1, 0x08, 0x06, 0x3A, 0x48, 0x42, 0xA1, 0x08, 0xC2, 0x08, 0xE2, 0x08, 0x42, 0x09, 0x83, 0x19,
    0x43, 0x11, 0xA1, 0x08, 0x41, 0x00, 0x40, 0x00, 0x41, 0x00, 0x81, 0x00, 0xA2, 0x08, 0x81, 0x08,
    0x41, 0x00, 0x41, 0x00, 0x61, 0x00, 0xA2, 0x08, 0xC2, 0x08, 0xA2, 0x00, 0x81, 0x00, 0x81, 0x08,
    0x81, 0x00, 0x81, 0x00, 0x61, 0x00, 0x61, 0x00, 0x61, 0x00, 0x81, 0x00, 0x82, 0x08, 0x61, 0x00,
    0x61, 0x00, 0x41, 0x00, 0x61, 0x00, 0x82, 0x00, 0x82, 0x08, 0x81, 0x00, 0x81, 0x00, 0x61, 0x00,
    0x41, 0x00, 0x81, 0x00, 0xE2, 0x08, 0x02, 0x09, 0x43, 0x09, 0x83, 0x11, 0x43, 0x09, 0x64, 0x11,
    0x63, 0x11, 0x84, 0x11, 0x63, 0x11, 0x43, 0x11, 0x63, 0x11, 0x22, 0x09, 0xC4, 0x19, 0x04, 0x22,
    0x42, 0x11, 0x21, 0x09, 0x61, 0x11, 0xE3, 0x19, 0x02, 0x09, 0x02, 0x09, 0xC1, 0x00, 0x02, 0x09,
    0x03, 0x09, 0xC1, 0x00, 0xE2, 0x08, 0xE2, 0x08, 0x02, 0x09, 0xE2, 0x08, 0x23, 0x09, 0xE2, 0x08,
    0x03, 0x11, 0x23, 0x09, 0x81, 0x00, 0x61, 0x00, 0x81, 0x00, 0x61, 0x00, 0x63, 0x19, 0xC3, 0x19,
    0x62, 0x11, 0x62, 0x11, 0x41, 0x09, 0x62, 0x11, 0x83, 0x11, 0x83, 0x11, 0x43, 0x11, 0x61, 0x00,
    0xC2, 0x10, 0xA1, 0x08, 0xA1, 0x08, 0xA1, 0x08, 0xA1, 0x08, 0xA1, 0x08, 0xC2, 0x08, 0x81, 0x00,
    0x40, 0x00, 0x41, 0x00, 0x40, 0x00, 0xC1, 0x08, 0x84, 0x11, 0xA4, 0x11, 0x43, 0x09, 0x63, 0x11,
    0x83, 0x11, 0x43, 0x11, 0x02, 0x09, 0x63, 0x11, 0xA1, 0x00, 0x61, 0x00, 0x02, 0x09, 0x63, 0x11,
    0x61, 0x00, 0x61, 0x00, 0x41, 0x00, 0x41, 0x00, 0x41, 0x00, 0x41, 0x00, 0x41, 0x00, 0x61, 0x00,
    0x61, 0x00, 0x61, 0x00, 0x61, 0x00, 0x61, 0x00, 0x81, 0x00, 0x81, 0x00, 0x81, 0x00, 0x61, 0x00,
    0x61, 0x00, 0x61, 0x00, 0x61, 0x00, 0x41, 0x00, 0x41, 0x00, 0x61, 0x00, 0x61, 0x00, 0xA1, 0x08,
    0xA1, 0x00, 0xC1, 0x08, 0xC1, 0x08, 0x81, 0x00, 0x81, 0x00, 0x43, 0x11, 0xE2, 0x08, 0xA1, 0x00,
    0xA1, 0x00, 0xC2, 0x08, 0xE2, 0x08, 0x02, 0x09, 0x43, 0x11, 0xC2, 0x00, 0xA1, 0x08, 0xC2, 0x08,
    0xE2, 0x08, 0xC2, 0x08, 0xC2, 0x08, 0x02, 0x09, 0x23, 0x09, 0x23, 0x11, 0x03, 0x09, 0xE2, 0x08,
    0x02, 0x09, 0x02, 0x09, 0xE2, 0x08, 0xE2, 0x08, 0x03, 0x09, 0x03, 0x09, 0x81, 0x00, 0x61, 0x00,
    0x61, 0x00, 0xE3, 0x08, 0xE3, 0x08, 0xA2, 0x00, 0xC2, 0x00, 0x85, 0x19, 0x44, 0x11, 0xC2, 0x08,
    0x44, 0x11, 0x65, 0x11, 0xE3, 0x08, 0xA2, 0x00, 0xA2, 0x08, 0xA1, 0x08, 0xC2, 0x08, 0xA1, 0x08,
    0x41, 0x00, 0x20, 0x00, 0x41, 0x00, 0xC2, 0x08, 0x02, 0x09, 0x23, 0x09, 0x03, 0x09, 0x03, 0x09,
    0x02, 0x09, 0x03, 0x09, 0x03, 0x09, 0xC2, 0x08, 0x81, 0x00, 0x41, 0x00, 0x41, 0x00, 0x41, 0x00,
    0x41, 0x00, 0x40, 0x00, 0x20, 0x00, 0x20, 0x00, 0x41, 0x00, 0x61, 0x00, 0x41, 0x00, 0x41, 0x00,
    0x41, 0x00, 0x61, 0x00, 0x81, 0x00, 0x03, 0x09, 0xE2, 0x08, 0xE2, 0x08, 0xE2, 0x08, 0xE2, 0x08,
    0x03, 0x09, 0xC2, 0x08, 0xC2, 0x08, 0xC2, 0x08, 0x02, 0x09, 0x02, 0x09, 0xE2, 0x08, 0x81, 0x08,
    0x81, 0x08, 0x81, 0x00, 0xA2, 0x08, 0xA2, 0x08, 0x81, 0x00, 0xA1, 0x08, 0x81, 0x08, 0x61, 0x00,
    0x81, 0x00, 0x61, 0x00, 0xA1, 0x00, 0x63, 0x11, 0x62, 0x11, 0x01, 0x09, 0x62, 0x09, 0x04, 0x22,
    0x02, 0x09, 0x63, 0x21, 0x23, 0x19, 0xC2, 0x08, 0xC2, 0x08, 0xE2, 0x08, 0x02, 0x09, 0x63, 0x11,
    0x64, 0x11, 0x03, 0x09, 0x81, 0x00, 0x61, 0x00, 0x61, 0x00, 0x61, 0x00, 0x60, 0x00, 0x61, 0x00,
    0x81, 0x00, 0x61, 0x00, 0x61, 0x00, 0xA2, 0x08, 0x82, 0x00, 0xA2, 0x08, 0xA2, 0x00, 0x82, 0x08,
    0x61, 0x00, 0x81, 0x00, 0x81, 0x08, 0xA2, 0x08, 0xA2, 0x08, 0xA2, 0x08, 0x61, 0x00, 0x41, 0x00,
    0x41, 0x00, 0x41, 0x00, 0x41, 0x00, 0x20, 0x00, 0x41, 0x00, 0x41, 0x00, 0x61, 0x00, 0x61, 0x00,
    0x61, 0x00, 0xA1, 0x08, 0x02, 0x09, 0x22, 0x09, 0x63, 0x11, 0x63, 0x09, 0x63, 0x11, 0x84, 0x11,
    0x64, 0x11, 0x84, 0x11, 0x43, 0x09, 0x22, 0x09, 0x22, 0x11, 0x22, 0x09, 0xE4, 0x19, 0xC3, 0x19,
    0x21, 0x09, 0x21, 0x09, 0x62, 0x11, 0x82, 0x11, 0xE2, 0x08, 0xC1, 0x00, 0x43, 0x11, 0x02, 0x09,
    0xE2, 0x00, 0x23, 0x11, 0x02, 0x09, 0x23, 0x11, 0x02, 0x09, 0x22, 0x09, 0x02, 0x09, 0x43, 0x11,
    0xE2, 0x08, 0x23, 0x11, 0xA1, 0x08, 0x61, 0x00, 0xA1, 0x08, 0x61, 0x00, 0xA1, 0x00, 0xA3, 0x19,
    0xC3, 0x19, 0x82, 0x11, 0x62, 0x11, 0x62, 0x11, 0x82, 0x11, 0xA3, 0x19, 0xE2, 0x08, 0x40, 0x00,
    0x22, 0x11, 0xE2, 0x10, 0xA1, 0x08, 0xE2, 0x08, 0xC1, 0x08, 0xC1, 0x08, 0xC1, 0x08, 0xC1, 0x08,
    0x81, 0x00, 0x61, 0x00, 0x41, 0x00, 0xC2, 0x08, 0xA4, 0x19, 0x84, 0x11, 0x22, 0x09, 0x22, 0x09,
    0x02, 0x09, 0xA1, 0x00, 0xE2, 0x08, 0x63, 0x11, 0xA1, 0x00, 0x81, 0x00, 0x22, 0x09, 0x63, 0x11,
    0x61, 0x00, 0x41, 0x00, 0x41, 0x00, 0x41, 0x00, 0x41, 0x00, 0x41, 0x00, 0x41, 0x00, 0x61, 0x00,
    0x61, 0x00, 0x61, 0x00, 0x81, 0x00, 0x61, 0x00, 0x61, 0x00, 0x81, 0x00, 0x61, 0x00, 0x61, 0x00,
    0x61, 0x00, 0x81, 0x00, 0x41, 0x00, 0x61, 0x00, 0x81, 0x08, 0x61, 0x00, 0x61, 0x00, 0xC1, 0x08,
    0xA1, 0x00, 0xA1, 0x00, 0xE1, 0x08, 0xA1, 0x00, 0x81, 0x00, 0xE2, 0x08, 0x63, 0x11, 0xA1, 0x00,
    0xA1, 0x08, 0xA1, 0x00, 0xE2, 0x08, 0xE2, 0x08, 0x81, 0x00, 0xA1, 0x08, 0xA1, 0x00, 0xE2, 0x08,
    0x03, 0x09, 0x02, 0x09, 0x02, 0x09, 0x02, 0x09, 0x02, 0x09, 0x02, 0x09, 0x03, 0x09, 0x03, 0x09,
    0x03, 0x09, 0x02, 0x09, 0x02, 0x09, 0xE2, 0x08, 0x03, 0x09, 0xE2, 0x08, 0x61, 0x00, 0x41, 0x00,
    0x61, 0x00, 0xE3, 0x08, 0xA2, 0x00, 0xA2, 0x08, 0x44, 0x11, 0xE3, 0x08, 0x24, 0x11, 0x44, 0x11,
    0x24, 0x09, 0x03, 0x09, 0x24, 0x11, 0x23, 0x11, 0xC2, 0x08, 0xA1, 0x00, 0x80, 0x00, 0xC2, 0x08,
    0xC2, 0x08, 0x61, 0x00, 0x41, 0x00, 0xC2, 0x08, 0x64, 0x11, 0x43, 0x09, 0x23, 0x09, 0x03, 0x09,
    0xE2, 0x08, 0xE2, 0x08, 0x81, 0x00, 0x41, 0x00, 0x20, 0x00, 0x41, 0x00, 0x41, 0x00, 0x41, 0x00,
    0x41, 0x00, 0x41, 0x00, 0x20, 0x00, 0x20, 0x00, 0x61, 0x00, 0x61, 0x00, 0x41, 0x00, 0x41, 0x00,
    0x41, 0x00, 0x41, 0x00, 0x61, 0x00, 0xC2, 0x08, 0x03, 0x09, 0x02, 0x09, 0x23, 0x09, 0x23, 0x09,
    0x23, 0x09, 0xC1, 0x08, 0xE2, 0x08, 0x02, 0x09, 0xE2, 0x08, 0x22, 0x09, 0x43, 0x11, 0xA1, 0x00,
    0x81, 0x00, 0xA1, 0x08, 0xA1, 0x00, 0xA2, 0x08, 0xC2, 0x08, 0xA1, 0x08, 0x81, 0x08, 0x81, 0x00,
    0x81, 0x00, 0x41, 0x00, 0x41, 0x00, 0xA1, 0x00, 0x83, 0x19, 0x82, 0x11, 0x41, 0x09, 0xC2, 0x11,
    0xA3, 0x19, 0x43, 0x11, 0x63, 0x19, 0xC2, 0x08, 0xC1, 0x08, 0xC2, 0x08, 0x23, 0x11, 0x43, 0x09,
    0x64, 0x11, 0x64, 0x11, 0xC2, 0x08, 0xA2, 0x08, 0x81, 0x00, 0x81, 0x08, 0x81, 0x00, 0x61, 0x00,
    0x40, 0x00, 0x40, 0x00, 0xC3, 0x08, 0xC3, 0x08, 0x61, 0x00, 0xA2, 0x08, 0xA2, 0x00, 0x82, 0x00,
    0x61, 0x08, 0x61, 0x00, 0xA2, 0x08, 0xE3, 0x10, 0xE3, 0x10, 0x61, 0x00, 0x82, 0x00, 0x61, 0x00,
    0x41, 0x00, 0x41, 0x00, 0x41, 0x00, 0x41, 0x00, 0x41, 0x00, 0x41, 0x00, 0x41, 0x00, 0x41, 0x00,
    0x61, 0x00, 0xE1, 0x08, 0x43, 0x11, 0x63, 0x11, 0x63, 0x11, 0xA4, 0x19, 0x84, 0x11, 0xA4, 0x19,
    0x84, 0x11, 0x63, 0x11, 0x22, 0x09, 0xE2, 0x08, 0xA1, 0x08, 0x22, 0x09, 0x04, 0x22, 0x82, 0x11,
    0x21, 0x09, 0x41, 0x09, 0x62, 0x11, 0xA0, 0x00, 0xE2, 0x08, 0x64, 0x11, 0x23, 0x09, 0x22, 0x09,
    0x63, 0x11, 0x02, 0x09, 0xC1, 0x00, 0x02, 0x09, 0x23, 0x11, 0x02, 0x09, 0x22, 0x09, 0x22, 0x09,
    0x43, 0x11, 0xE2, 0x08, 0x81, 0x00, 0x61, 0x00, 0xA1, 0x00, 0x81, 0x08, 0x02, 0x09, 0x62, 0x11,
    0xA3, 0x19, 0xA3, 0x19, 0x62, 0x11, 0x62, 0x11, 0xA2, 0x11, 0x83, 0x11, 0x80, 0x00, 0xA1, 0x08,
    0x63, 0x19, 0xE2, 0x10, 0xA1, 0x08, 0xC1, 0x00, 0xE1, 0x08, 0xE1, 0x08, 0xE1, 0x08, 0xE1, 0x08,
    0xC1, 0x08, 0xA1, 0x08, 0x61, 0x00, 0x61, 0x00, 0x22, 0x09, 0x22, 0x09, 0xE2, 0x08, 0xA2, 0x08,
    0x61, 0x00, 0x41, 0x00, 0xC2, 0x08, 0x23, 0x09, 0xC2, 0x08, 0x81, 0x00, 0xE2, 0x08, 0x63, 0x11,
    0x81, 0x08, 0x41, 0x00, 0x41, 0x00, 0x41, 0x00, 0x41, 0x00, 0x20, 0x00, 0x21, 0x00, 0x61, 0x08,
    0x61, 0x00, 0x61, 0x00, 0x61, 0x00, 0x61, 0x00, 0x61, 0x00, 0x61, 0x00, 0x81, 0x00, 0x61, 0x00,
    0x82, 0x00, 0x82, 0x00, 0x61, 0x00, 0x61, 0x00, 0x81, 0x00, 0x61, 0x00, 0x41, 0x00, 0xC1, 0x08,
    0xC1, 0x08, 0xA1, 0x00, 0xE1, 0x08, 0xC1, 0x08, 0x41, 0x00, 0x61, 0x00, 0x42, 0x11, 0xE2, 0x08,
    0x61, 0x00, 0x61, 0x00, 0x41, 0x00, 0x41, 0x00, 0x61, 0x00, 0xE2, 0x08, 0x23, 0x09, 0x23, 0x09,
    0x23, 0x09, 0x03, 0x09, 0x02, 0x09, 0x03, 0x09, 0x03, 0x09, 0x03, 0x09, 0x23, 0x11, 0x43, 0x09,
    0x03, 0x09, 0x03, 0x09, 0x03, 0x09, 0xE2, 0x08, 0xA1, 0x00, 0x81, 0x00, 0x61, 0x00, 0x41, 0x00,
    0x81, 0x00, 0xC2, 0x08, 0x81, 0x00, 0xE3, 0x08, 0xE3, 0x08, 0x24, 0x11, 0x03, 0x09, 0xE3, 0x08,
    0x03, 0x09, 0x44, 0x11, 0x44, 0x11, 0x03, 0x09, 0xC2, 0x08, 0xC1, 0x08, 0xA1, 0x00, 0x81, 0x00,
    0xC1, 0x08, 0xC2, 0x08, 0x60, 0x00, 0xA1, 0x08, 0xC2, 0x08, 0x81, 0x00, 0xA1, 0x00, 0x81, 0x00,
    0x61, 0x00, 0x41, 0x00, 0x20, 0x00, 0x20, 0x00, 0x41, 0x00, 0x41, 0x00, 0x41, 0x00, 0x41, 0x00,
    0x41, 0x00, 0x41, 0x00, 0x20, 0x00, 0x41, 0x00, 0x61, 0x00, 0x61, 0x00, 0x61, 0x00, 0x61, 0x00,
    0x41, 0x00, 0x41, 0x00, 0x20, 0x00, 0x81, 0x08, 0x23, 0x11, 0x23, 0x09, 0x43, 0x11, 0x23, 0x09,
    0x23, 0x09, 0x43, 0x11, 0x02, 0x09, 0x22, 0x09, 0x02, 0x09, 0x22, 0x09, 0xE2, 0x08, 0xC2, 0x08,
    0xE2, 0x08, 0xC2, 0x08, 0xC2, 0x08, 0xC2, 0x08, 0xC2, 0x08, 0xC2, 0x08, 0xA1, 0x00, 0xA2, 0x08,
    0x81, 0x00, 0x41, 0x00, 0x61, 0x00, 0x61, 0x00, 0xA1, 0x08, 0x22, 0x11, 0x62, 0x11, 0xA2, 0x19,
    0x83, 0x19, 0xC1, 0x00, 0xC4, 0x21, 0x63, 0x19, 0xC1, 0x00, 0xE2, 0x08, 0x23, 0x09, 0x43, 0x09,
    0x23, 0x09, 0xE2, 0x08, 0xC2, 0x08, 0xC2, 0x08, 0xA2, 0x08, 0xC2, 0x08, 0xC2, 0x08, 0xA2, 0x08,
    0x61, 0x00, 0xA2, 0x08, 0x65, 0x19, 0x82, 0x00, 0x82, 0x08, 0x81, 0x00, 0x61, 0x00, 0x61, 0x00,
    0x41, 0x00, 0x20, 0x00, 0x20, 0x00, 0x20, 0x00, 0x41, 0x00, 0x41, 0x00, 0x82, 0x00, 0xA2, 0x08,
    0x81, 0x00, 0x61, 0x00, 0x61, 0x00, 0x61, 0x00, 0x61, 0x00, 0x61, 0x00, 0x61, 0x00, 0x41, 0x00,
    0x61, 0x00, 0x02, 0x09, 0x62, 0x09, 0x83, 0x11, 0xA4, 0x19, 0xC4, 0x19, 0xA4, 0x11, 0xA4, 0x11,
    0x22, 0x09, 0xE2, 0x08, 0xA1, 0x08, 0x60, 0x00, 0x40, 0x00, 0x63, 0x11, 0x03, 0x1A, 0x62, 0x11,
    0x21, 0x09, 0x82, 0x11, 0xC1, 0x08, 0xC2, 0x00, 0xA4, 0x19, 0xE2, 0x08, 0x43, 0x09, 0x84, 0x11,
    0x22, 0x09, 0x63, 0x11, 0x43, 0x11, 0x43, 0x11, 0x43, 0x09, 0x43, 0x11, 0x43, 0x11, 0x23, 0x09,
    0x23, 0x11, 0x02, 0x09, 0x61, 0x00, 0x81, 0x00, 0x81, 0x00, 0x02, 0x09, 0x83, 0x11, 0x62, 0x11,
    0x22, 0x09, 0xA3, 0x19, 0xA2, 0x11, 0x82, 0x11, 0xE3, 0x19, 0x22, 0x09, 0x40, 0x00, 0x26, 0x3A,
    0xA4, 0x21, 0xE2, 0x10, 0xA1, 0x00, 0x22, 0x11, 0x02, 0x09, 0x02, 0x09, 0x02, 0x09, 0x02, 0x09,
    0xE2, 0x08, 0xC1, 0x08, 0xA1, 0x08, 0x81, 0x00, 0xC1, 0x08, 0x81, 0x00, 0x61, 0x00, 0x41, 0x00,
    0x61, 0x00, 0x41, 0x00, 0x81, 0x00, 0x02, 0x09, 0xE2, 0x08, 0xC2, 0x00, 0xA1, 0x00, 0x23, 0x11,
    0x81, 0x00, 0x61, 0x00, 0x41, 0x00, 0x41, 0x00, 0x41, 0x00, 0x21, 0x00, 0x41, 0x00, 0x61, 0x00,
    0x61, 0x00, 0x61, 0x00, 0x81, 0x08, 0x82, 0x00, 0x61, 0x00, 0x82, 0x00, 0x81, 0x00, 0x81, 0x00,
    0xC2, 0x08, 0x61, 0x00, 0x61, 0x00, 0x61, 0x00, 0x61, 0x00, 0x61, 0x00, 0x61, 0x00, 0xC1, 0x08,
    0x02, 0x09, 0xA1, 0x00, 0xC1, 0x08, 0xE2, 0x08, 0x81, 0x00, 0x61, 0x00, 0x81, 0x00, 0xC1, 0x08,
    0x61, 0x00, 0x41, 0x00, 0x20, 0x00, 0xA1, 0x00, 0x43, 0x09, 0x23, 0x09, 0x02, 0x09, 0x02, 0x09,
    0x02, 0x09, 0x02, 0x09, 0x03, 0x09, 0x03, 0x09, 0x03, 0x09, 0x23, 0x09, 0x23, 0x09, 0x23, 0x09,
    0x02, 0x09, 0xA1, 0x00, 0xC2, 0x08, 0xA1, 0x08, 0x81, 0x00, 0x61, 0x00, 0x61, 0x00, 0xA2, 0x08,
    0x02, 0x09, 0x23, 0x11, 0xE2, 0x08, 0xC2, 0x08, 0xE2, 0x08, 0xE3, 0x08, 0x24, 0x11, 0x24, 0x09,
    0x24, 0x09, 0x03, 0x09, 0x24, 0x09, 0x03, 0x09, 0xC2, 0x08, 0xE2, 0x08, 0xC1, 0x08, 0xA1, 0x00,
    0xA1, 0x00, 0xC1, 0x08, 0x22, 0x09, 0xE2, 0x08, 0x60, 0x00, 0x20, 0x00, 0x20, 0x00, 0x20, 0x00,
    0x21, 0x00, 0x21, 0x00, 0x41, 0x00, 0x41, 0x00, 0x41, 0x00, 0x41, 0x00, 0x61, 0x00, 0x61, 0x00,
    0x41, 0x00, 0x41, 0x00, 0x41, 0x00, 0x61, 0x00, 0x81, 0x00, 0x61, 0x00, 0x61, 0x00, 0x61, 0x00,
    0x41, 0x00, 0x41, 0x00, 0x41, 0x00, 0x61, 0x00, 0xE2, 0x08, 0x64, 0x11, 0x43, 0x09, 0x63, 0x11,
    0x63, 0x11, 0x23, 0x09, 0xE1, 0x00, 0x22, 0x09, 0x22, 0x09, 0x43, 0x11, 0x03, 0x09, 0xE2, 0x08,
    0xE2, 0x08, 0x03, 0x09, 0xE2, 0x08, 0xE3, 0x08, 0xE2, 0x08, 0xC2, 0x08, 0xA2, 0x08, 0x81, 0x00,
    0x82, 0x00, 0x61, 0x00, 0x61, 0x00, 0x81, 0x00, 0x61, 0x00, 0x81, 0x00, 0xA1, 0x00, 0x63, 0x11,
    0xC4, 0x21, 0x02, 0x09, 0x83, 0x19, 0x83, 0x19, 0x23, 0x09, 0x23, 0x09, 0x85, 0x11, 0x85, 0x19,
    0x03, 0x09, 0xC2, 0x08, 0xE2, 0x08, 0xC2, 0x08, 0xC2, 0x08, 0xC2, 0x08, 0xC2, 0x08, 0xE2, 0x08,
    0xA2, 0x08, 0xE3, 0x08, 0x82, 0x00, 0x41, 0x00, 0x41, 0x00, 0x41, 0x00, 0x41, 0x00, 0x41, 0x00,
    0x41, 0x00, 0x41, 0x00, 0x41, 0x00, 0x41, 0x00, 0x41, 0x00, 0x41, 0x00, 0x61, 0x00, 0x81, 0x00,
    0xA1, 0x08, 0xA1, 0x08, 0xA1, 0x00, 0x81, 0x00, 0x81, 0x00, 0x81, 0x00, 0x81, 0x00, 0x61, 0x00,
    0xA1, 0x00, 0x43, 0x11, 0x83, 0x11, 0x84, 0x19, 0x63, 0x11, 0x43, 0x11, 0x22, 0x09, 0xE2, 0x08,
    0xA1, 0x00, 0x61, 0x00, 0x81, 0x00, 0xC2, 0x08, 0xE2, 0x08, 0xA3, 0x19, 0xE3, 0x19, 0x41, 0x11,
    0x61, 0x11, 0x42, 0x11, 0x61, 0x00, 0x61, 0x00, 0xE2, 0x00, 0x84, 0x11, 0x84, 0x11, 0x22, 0x09,
    0xA4, 0x11, 0x43, 0x09, 0x02, 0x09, 0x63, 0x11, 0x43, 0x09, 0x63, 0x11, 0x43, 0x09, 0x63, 0x11,
    0xE2, 0x08, 0xA1, 0x00, 0x61, 0x00, 0x81, 0x08, 0xA1, 0x00, 0x42, 0x09, 0x82, 0x11, 0x62, 0x11,
    0x01, 0x09, 0x41, 0x09, 0xC3, 0x19, 0xA2, 0x19, 0xC3, 0x19, 0x02, 0x11, 0x24, 0x21, 0x06, 0x3A,
    0x42, 0x11, 0x02, 0x11, 0xE1, 0x08, 0x42, 0x11, 0xE1, 0x08, 0x02, 0x09, 0x22, 0x09, 0x22, 0x09,
    0x02, 0x09, 0x02, 0x09, 0xE1, 0x08, 0x81, 0x00, 0x61, 0x00, 0x61, 0x00, 0x61, 0x00, 0x61, 0x00,
    0x61, 0x00, 0x41, 0x00, 0x61, 0x00, 0xE2, 0x08, 0x03, 0x09, 0x03, 0x09, 0xE2, 0x08, 0xE2, 0x08,
    0x40, 0x00, 0x41, 0x00, 0x41, 0x00, 0x20, 0x00, 0x20, 0x00, 0x41, 0x00, 0x61, 0x00, 0x61, 0x00,
    0x41, 0x00, 0x41, 0x00, 0x61, 0x00, 0x61, 0x00, 0x82, 0x08, 0x82, 0x08, 0x82, 0x00, 0xA2, 0x00,
    0xA2, 0x00, 0x81, 0x00, 0x61, 0x00, 0x61, 0x00, 0x81, 0x00, 0x61, 0x00, 0x61, 0x00, 0x81, 0x00,
    0x01, 0x09, 0xC1, 0x08, 0xA1, 0x00, 0x02, 0x09, 0xE1, 0x08, 0x61, 0x00, 0x81, 0x00, 0x81, 0x00,
    0x82, 0x08, 0x61, 0x00, 0x20, 0x00, 0xA1, 0x00, 0x23, 0x09, 0x23, 0x09, 0x23, 0x09, 0x23, 0x09,
    0x43, 0x09, 0x43, 0x09, 0x43, 0x09, 0x23, 0x09, 0x22, 0x09, 0x63, 0x11, 0x83, 0x11, 0x02, 0x09,
    0xE1, 0x08, 0xC1, 0x08, 0xE2, 0x08, 0xA2, 0x08, 0x81, 0x00, 0xA1, 0x08, 0xA1, 0x00, 0xC1, 0x08,
    0xC1, 0x08, 0xC1, 0x00, 0xE1, 0x08, 0xE1, 0x08, 0xC1, 0x08, 0xE2, 0x08, 0xC2, 0x00, 0xE3, 0x08,
    0xE3, 0x08, 0x24, 0x11, 0x24, 0x09, 0xE3, 0x08, 0xC2, 0x08, 0xA1, 0x00, 0xE2, 0x08, 0xC1, 0x08,
    0xA1, 0x08, 0xA1, 0x08, 0xE1, 0x08, 0x43, 0x11, 0x02, 0x09, 0xA1, 0x08, 0x40, 0x00, 0x20, 0x00,
    0x21, 0x00, 0x21, 0x00, 0x21, 0x00, 0x41, 0x00, 0x61, 0x00, 0x61, 0x00, 0x61, 0x00, 0x61, 0x00,
    0x41, 0x00, 0x41, 0x00, 0x20, 0x00, 0x41, 0x00, 0x81, 0x00, 0x61, 0x00, 0x61, 0x00, 0x61, 0x00,
    0x41, 0x00, 0x41, 0x00, 0x40, 0x00, 0x20, 0x00, 0x82, 0x08, 0x03, 0x09, 0x64, 0x11, 0x64, 0x11,
    0x63, 0x11, 0x63, 0x09, 0x23, 0x09, 0x43, 0x11, 0x63, 0x11, 0x63, 0x11, 0xE2, 0x08, 0xE2, 0x08,
    0x03, 0x09, 0x03, 0x09, 0x23, 0x09, 0x03, 0x09, 0xC2, 0x08, 0xC2, 0x08, 0x81, 0x00, 0x61, 0x00,
    0x61, 0x00, 0x61, 0x00, 0xE2, 0x08, 0x22, 0x09, 0xE2, 0x08, 0xC2, 0x08, 0x81, 0x00, 0xA1, 0x00,
    0x02, 0x09, 0xC2, 0x08, 0xA1, 0x00, 0xC2, 0x08, 0xC2, 0x08, 0xE2, 0x08, 0x03, 0x09, 0xC2, 0x08,
    0xC2, 0x00, 0x03, 0x09, 0xE2, 0x08, 0x03, 0x09, 0x03, 0x09, 0xE2, 0x08, 0x03, 0x09, 0x03, 0x09,
    0xE2, 0x08, 0xA2, 0x00, 0x61, 0x00, 0x82, 0x00, 0x81, 0x00, 0x61, 0x00, 0x41, 0x00, 0x21, 0x00,
    0x41, 0x00, 0x41, 0x00, 0x41, 0x00, 0x41, 0x00, 0x21, 0x00, 0x20, 0x00, 0x81, 0x00, 0xC1, 0x08,
    0xC1, 0x08, 0xA1, 0x00, 0xA1, 0x00, 0x81, 0x00, 0x81, 0x00, 0x81, 0x00, 0x61, 0x00, 0x60, 0x00,
    0xE2, 0x08, 0x22, 0x09, 0x23, 0x09, 0xE2, 0x08, 0xC2, 0x08, 0xC2, 0x08, 0xC2, 0x08, 0x81, 0x00,
    0xC1, 0x00, 0x23, 0x09, 0x23, 0x11, 0xE2, 0x08, 0xE1, 0x08, 0xA3, 0x19, 0xA2, 0x19, 0x21, 0x09,
    0x83, 0x19, 0x81, 0x00, 0x41, 0x00, 0x40, 0x00, 0x64, 0x11, 0xA4, 0x11, 0x43, 0x09, 0xA4, 0x19,
    0x43, 0x09, 0x63, 0x11, 0x63, 0x11, 0x43, 0x09, 0x83, 0x11, 0x63, 0x09, 0x63, 0x11, 0x22, 0x09,
    0x43, 0x11, 0x81, 0x00, 0x81, 0x00, 0xA1, 0x08, 0xC1, 0x08, 0x42, 0x11, 0x82, 0x11, 0x42, 0x11,
    0x21, 0x09, 0x01, 0x09, 0x82, 0x11, 0x24, 0x22, 0xA3, 0x19, 0x64, 0x19, 0x82, 0x08, 0x81, 0x00,
    0x63, 0x11, 0x84, 0x19, 0xC1, 0x08, 0x22, 0x09, 0x43, 0x11, 0x02, 0x09, 0x22, 0x11, 0x22, 0x09,
    0x42, 0x11, 0x42, 0x11, 0x42, 0x11, 0x02, 0x09, 0x81, 0x00, 0x61, 0x00, 0x61, 0x00, 0x61, 0x00,
    0x61, 0x00, 0x41, 0x00, 0x41, 0x00, 0xA2, 0x08, 0xE3, 0x08, 0xE3, 0x08, 0xA2, 0x08, 0xE2, 0x08,
    0x41, 0x00, 0x21, 0x00, 0x21, 0x00, 0x20, 0x00, 0x20, 0x00, 0x21, 0x00, 0x41, 0x00, 0x61, 0x00,
    0x61, 0x00, 0x41, 0x00, 0x41, 0x00, 0x41, 0x00, 0x41, 0x00, 0x61, 0x00, 0x81, 0x00, 0x61, 0x00,
    0x61, 0x00, 0x41, 0x00, 0x41, 0x00, 0x82, 0x08, 0x61, 0x00, 0x61, 0x00, 0x61, 0x00, 0x61, 0x00,
    0xC1, 0x08, 0x22, 0x11, 0xC1, 0x00, 0x02, 0x09, 0x42, 0x11, 0x81, 0x00, 0x81, 0x00, 0x81, 0x00,
    0x81, 0x00, 0x61, 0x00, 0x81, 0x00, 0x02, 0x09, 0x03, 0x09, 0x23, 0x09, 0x03, 0x09, 0x03, 0x09,
    0x23, 0x09, 0x23, 0x09, 0x23, 0x09, 0x42, 0x09, 0x63, 0x11, 0x42, 0x11, 0x02, 0x09, 0x01, 0x09,
    0x01, 0x09, 0x02, 0x11, 0xE2, 0x08, 0xC1, 0x08, 0xE1, 0x08, 0x02, 0x09, 0x02, 0x09, 0xC1, 0x08,
    0xC1, 0x08, 0xC1, 0x08, 0xE1, 0x08, 0xE1, 0x08, 0x01, 0x09, 0xE2, 0x08, 0x81, 0x00, 0x61, 0x00,
    0xA2, 0x08, 0x03, 0x11, 0x03, 0x09, 0xE3, 0x08, 0xE3, 0x08, 0xC2, 0x08, 0xE2, 0x08, 0xE1, 0x08,
    0xC1, 0x08, 0xA1, 0x08, 0xA1, 0x08, 0xC1, 0x00, 0x23, 0x11, 0x23, 0x09, 0xC1, 0x08, 0x60, 0x00,
    0x20, 0x00, 0x21, 0x00, 0x20, 0x00, 0x61, 0x00, 0x61, 0x00, 0x61, 0x00, 0x41, 0x00, 0x61, 0x00,
    0x82, 0x08, 0xA1, 0x00, 0xA2, 0x08, 0xC2, 0x08, 0x03, 0x09, 0xE2, 0x08, 0xC2, 0x08, 0x81, 0x00,
    0x81, 0x08, 0x41, 0x00, 0x20, 0x00, 0x41, 0x00, 0x20, 0x00, 0xA2, 0x00, 0x84, 0x19, 0x84, 0x11,
    0x84, 0x11, 0xA4, 0x11, 0x63, 0x11, 0x22, 0x09, 0x63, 0x11, 0x23, 0x11, 0x61, 0x00, 0xC2, 0x08,
    0xE2, 0x08, 0x03, 0x09, 0xE2, 0x08, 0xE2, 0x08, 0x02, 0x09, 0xA1, 0x00, 0xA1, 0x00, 0x61, 0x00,
    0x81, 0x00, 0xC2, 0x08, 0xE1, 0x08, 0x22, 0x09, 0x43, 0x09, 0x43, 0x11, 0x02, 0x09, 0x61, 0x00,
    0x40, 0x00, 0x41, 0x00, 0x00, 0x00, 0xA2, 0x08, 0x61, 0x00, 0x40, 0x00, 0x20, 0x00, 0xC2, 0x08,
    0x03, 0x09, 0xE2, 0x08, 0x03, 0x09, 0x03, 0x09, 0x03, 0x09, 0xE2, 0x08, 0xE2, 0x08, 0x23, 0x09,
    0x03, 0x09, 0xC2, 0x08, 0xC2, 0x08, 0xA2, 0x00, 0xA2, 0x00, 0xC2, 0x08, 0xC2, 0x08, 0x61, 0x00,
    0x41, 0x00, 0x41, 0x00, 0x41, 0x00, 0x21, 0x00, 0x40, 0x00, 0x81, 0x00, 0xC1, 0x08, 0xC1, 0x08,
    0xC1, 0x08, 0xA1, 0x08, 0xA1, 0x00, 0xA1, 0x08, 0x81, 0x00, 0x81, 0x00, 0x81, 0x00, 0x81, 0x00,
    0xE2, 0x08, 0xE2, 0x08, 0xA2, 0x00, 0xA1, 0x00, 0x61, 0x00, 0x61, 0x00, 0xC2, 0x08, 0x63, 0x11,
    0x63, 0x11, 0x23, 0x09, 0x02, 0x09, 0x23, 0x11, 0x23, 0x11, 0x83, 0x19, 0xA2, 0x19, 0x62, 0x11,
    0xE2, 0x08, 0x40, 0x00, 0x41, 0x00, 0x40, 0x00, 0xA1, 0x00, 0x43, 0x11, 0xC5, 0x19, 0x63, 0x09,
    0xA4, 0x19, 0x83, 0x11, 0x63, 0x09, 0x83, 0x11, 0x63, 0x09, 0x83, 0x11, 0x63, 0x11, 0x63, 0x09,
    0xC1, 0x08, 0x81, 0x00, 0xA1, 0x00, 0xC1, 0x08, 0xE1, 0x08, 0x82, 0x11, 0x82, 0x11, 0x42, 0x11,
    0x21, 0x09, 0xE1, 0x08, 0x62, 0x11, 0x45, 0x2A, 0x83, 0x11, 0xC2, 0x08, 0x41, 0x00, 0xC2, 0x08,
    0x83, 0x11, 0x63, 0x19, 0xC1, 0x00, 0x63, 0x11, 0x43, 0x09, 0xE1, 0x08, 0x22, 0x11, 0x42, 0x11,
    0x42, 0x09, 0x63, 0x11, 0x83, 0x11, 0x63, 0x11, 0x63, 0x11, 0xA1, 0x00, 0x61, 0x00, 0x81, 0x00,
    0x61, 0x00, 0x20, 0x00, 0x41, 0x00, 0x81, 0x00, 0xA1, 0x00, 0x81, 0x00, 0x81, 0x00, 0xA1, 0x00,
    0x41, 0x00, 0x21, 0x00, 0x21, 0x00, 0x21, 0x00, 0x41, 0x00, 0x21, 0x00, 0x41, 0x00, 0x81, 0x00,
    0x81, 0x08, 0x41, 0x00, 0x21, 0x00, 0x41, 0x00, 0x41, 0x00, 0x41, 0x00, 0x21, 0x00, 0x20, 0x00,
    0x20, 0x00, 0x20, 0x00, 0x41, 0x00, 0x61, 0x00, 0x81, 0x00, 0x61, 0x00, 0x61, 0x00, 0x81, 0x00,
    0x61, 0x00, 0xC1, 0x00, 0xE1, 0x08, 0xE1, 0x08, 0x83, 0x11, 0xE2, 0x08, 0x81, 0x00, 0xA1, 0x08,
    0xA2, 0x08, 0xA2, 0x08, 0xE2, 0x08, 0xE2, 0x08, 0x02, 0x09, 0x02, 0x09, 0x02, 0x09, 0x02, 0x09,
    0x23, 0x09, 0x63, 0x11, 0x83, 0x11, 0x62, 0x11, 0x22, 0x09, 0x01, 0x09, 0xE1, 0x08, 0x42, 0x11,
    0xE1, 0x08, 0x01, 0x09, 0x42, 0x11, 0x22, 0x11, 0x02, 0x09, 0x02, 0x09, 0xE1, 0x08, 0xC1, 0x08,
    0xC1, 0x08, 0xC1, 0x08, 0xE1, 0x08, 0xE1, 0x08, 0x22, 0x09, 0x42, 0x09, 0xC2, 0x08, 0x81, 0x00,
    0x81, 0x00, 0x81, 0x00, 0xC2, 0x08, 0x03, 0x09, 0x03, 0x09, 0xC2, 0x08, 0x81, 0x00, 0xE1, 0x08,
    0xE1, 0x08, 0xA1, 0x08, 0xA1, 0x08, 0xA1, 0x00, 0xC1, 0x00, 0x23, 0x09, 0x23, 0x09, 0xC2, 0x08,
    0x41, 0x00, 0x21, 0x00, 0x41, 0x00, 0x61, 0x00, 0x81, 0x00, 0xA1, 0x00, 0xE2, 0x08, 0x03, 0x09,
    0x43, 0x11, 0x43, 0x11, 0x43, 0x11, 0x02, 0x09, 0x03, 0x11, 0xE2, 0x08, 0xC1, 0x00, 0x81, 0x08,
    0x61, 0x00, 0x61, 0x00, 0x41, 0x00, 0x41, 0x00, 0x41, 0x00, 0x81, 0x00, 0xE2, 0x08, 0xA5, 0x11,
    0xA4, 0x11, 0xA4, 0x11, 0x43, 0x09, 0x43, 0x11, 0x63, 0x11, 0xA1, 0x00, 0x20, 0x00, 0x61, 0x00,
    0xA1, 0x00, 0xA1, 0x08, 0xA2, 0x00, 0xE2, 0x08, 0x22, 0x09, 0x02, 0x09, 0xA2, 0x00, 0x21, 0x00,
    0xC2, 0x08, 0xE2, 0x08, 0xC1, 0x08, 0xE1, 0x08, 0x22, 0x09, 0x43, 0x09, 0x84, 0x11, 0x84, 0x11,
    0xC2, 0x08, 0x40, 0x00, 0x61, 0x08, 0x82, 0x08, 0x81, 0x08, 0x41, 0x00, 0x20, 0x00, 0xA2, 0x00,
    0x64, 0x11, 0x23, 0x09, 0x03, 0x09, 0x03, 0x09, 0x23, 0x11, 0x23, 0x11, 0x02, 0x09, 0x23, 0x09,
    0xE2, 0x08, 0xC2, 0x08, 0xA2, 0x00, 0xA2, 0x08, 0xE3, 0x08, 0x03, 0x09, 0xE3, 0x08, 0xA2, 0x08,
    0x81, 0x00, 0x61, 0x00, 0x41, 0x00, 0x41, 0x00, 0x61, 0x00, 0xC1, 0x08, 0xC1, 0x08, 0xC1, 0x08,
    0xC1, 0x08, 0xC1, 0x08, 0xC1, 0x08, 0xE2, 0x08, 0xE2, 0x08, 0xE2, 0x08, 0xC2, 0x08, 0xC2, 0x08,
    0xC2, 0x08, 0xA2, 0x08, 0x81, 0x00, 0x81, 0x00, 0x61, 0x00, 0x81, 0x00, 0x23, 0x11, 0x63, 0x11,
    0x22, 0x09, 0x22, 0x09, 0xE5, 0x21, 0x64, 0x19, 0x85, 0x21, 0xE4, 0x29, 0xA2, 0x19, 0x22, 0x11,
    0x81, 0x00, 0x81, 0x00, 0x61, 0x00, 0x40, 0x00, 0x61, 0x00, 0x63, 0x11, 0x63, 0x11, 0xC4, 0x19,
    0x83, 0x11, 0x63, 0x09, 0x42, 0x11, 0xA4, 0x11, 0x83, 0x11, 0xA4, 0x11, 0x63, 0x11, 0xA4, 0x11,
    0xC1, 0x08, 0x81, 0x00, 0xC1, 0x08, 0xC1, 0x08, 0x01, 0x09, 0x62, 0x11, 0x82, 0x11, 0x42, 0x11,
    0x21, 0x09, 0x01, 0x09, 0x41, 0x11, 0x82, 0x11, 0x63, 0x11, 0xA1, 0x00, 0x41, 0x00, 0xE2, 0x08,
    0x83, 0x11, 0x22, 0x11, 0xE2, 0x08, 0x42, 0x09, 0x83, 0x11, 0x02, 0x09, 0x22, 0x09, 0x42, 0x09,
    0x63, 0x11, 0x42, 0x09, 0x83, 0x11, 0xA3, 0x11, 0x63, 0x11, 0xA1, 0x00, 0x61, 0x00, 0x81, 0x00,
    0x81, 0x00, 0x20, 0x00, 0x20, 0x00, 0x61, 0x00, 0x61, 0x00, 0x81, 0x00, 0x81, 0x00, 0x81, 0x00,
};

const lv_img_dsc_t bg_image = {
    { LV_IMG_CF_TRUE_COLOR, 0, 0, 240, 240 },  // header: cf, always_zero, reserved, w, h
    115200,                                   // data_size
    bg_image_map,                                // data
};

#endif // BG_IMAGE_H
