// Auto-generated 240x240 RGB565 — design 2 (weather: cloud + sun + 30°)
// Source: 30°/2.jpg

#ifndef BG_IMAGE2_H
#define BG_IMAGE2_H

#include "lvgl.h"

#ifndef LV_ATTRIBUTE_MEM_ALIGN
#define LV_ATTRIBUTE_MEM_ALIGN
#endif

static const LV_ATTRIBUTE_MEM_ALIGN uint8_t bg_image2_map[] = {
    0x41, 0x00, 0x41, 0x00, 0x41, 0x00, 0x21, 0x00, 0x21, 0x00, 0x21, 0x00, 0x41, 0x00, 0x41, 0x00,
    0x61, 0x00, 0x82, 0x00, 0x82, 0x08, 0x82, 0x08, 0x82, 0x00, 0x82, 0x00, 0x82, 0x08, 0x82, 0x00,
    0x82, 0x00, 0x45, 0x11, 0xA5, 0x11, 0x65, 0x09, 0x24, 0x11, 0x24, 0x09, 0x24, 0x09, 0x44, 0x09,
    0x65, 0x11, 0x04, 0x09, 0xE3, 0x08, 0x04, 0x09, 0xE3, 0x08, 0x24, 0x09, 0xE3, 0x00, 0x04, 0x09,
    0x04, 0x09, 0xE3, 0x08, 0x24, 0x11, 0xC3, 0x00, 0xE3, 0x08, 0xA3, 0x08, 0xA4, 0x11, 0xE3, 0x19,
    0x62, 0x11, 0x43, 0x11, 0x22, 0x09, 0xC4, 0x11, 0xC4, 0x11, 0xA4, 0x19, 0xA4, 0x11, 0xA4, 0x11,
    0x64, 0x11, 0x21, 0x00, 0x41, 0x00, 0x41, 0x00, 0x61, 0x00, 0x61, 0x00, 0x82, 0x08, 0x82, 0x00,
    0xC2, 0x08, 0x84, 0x11, 0x84, 0x11, 0x23, 0x09, 0x23, 0x09, 0x43, 0x09, 0x44, 0x09, 0x44, 0x09,
    0x44, 0x11, 0x23, 0x09, 0x03, 0x09, 0xA2, 0x08, 0x61, 0x00, 0x61, 0x00, 0x41, 0x00, 0x41, 0x00,
    0x41, 0x00, 0x41, 0x00, 0x41, 0x00, 0x61, 0x00, 0x61, 0x00, 0x62, 0x00, 0x62, 0x00, 0x62, 0x00,
    0x82, 0x00, 0x82, 0x00, 0x82, 0x00, 0x82, 0x00, 0x61, 0x00, 0x61, 0x00, 0x61, 0x00, 0x41, 0x00,
    0x61, 0x00, 0xC3, 0x08, 0xA2, 0x08, 0xA2, 0x08, 0x03, 0x09, 0x65, 0x1A, 0x64, 0x11, 0xA2, 0x00,
    0xC2, 0x08, 0xC2, 0x00, 0xC2, 0x00, 0xA3, 0x08, 0xA3, 0x08, 0xA2, 0x08, 0x41, 0x00, 0x41, 0x00,
    0x61, 0x00, 0x24, 0x11, 0x43, 0x09, 0x84, 0x11, 0x06, 0x22, 0xA4, 0x11, 0x43, 0x11, 0xA2, 0x00,
    0xA2, 0x08, 0xA2, 0x08, 0x62, 0x00, 0xC3, 0x19, 0xE3, 0x2A, 0xE4, 0x19, 0x61, 0x00, 0x82, 0x00,
    0x82, 0x00, 0xA2, 0x08, 0x62, 0x00, 0xE2, 0x08, 0xC4, 0x19, 0x63, 0x11, 0xE2, 0x08, 0xE3, 0x08,
    0xA2, 0x00, 0x02, 0x09, 0x43, 0x11, 0x82, 0x00, 0x62, 0x00, 0x81, 0x00, 0xC2, 0x00, 0xA2, 0x08,
    0x21, 0x00, 0x41, 0x00, 0x41, 0x00, 0x41, 0x00, 0x62, 0x00, 0x82, 0x08, 0xE2, 0x08, 0x02, 0x09,
    0xE2, 0x08, 0xE3, 0x08, 0xE2, 0x08, 0xE2, 0x08, 0xC1, 0x08, 0xC2, 0x08, 0xC2, 0x00, 0xE3, 0x08,
    0xC2, 0x08, 0x82, 0x00, 0x82, 0x08, 0x82, 0x08, 0xA2, 0x08, 0xE2, 0x08, 0xA1, 0x08, 0x81, 0x00,
    0x82, 0x00, 0x82, 0x00, 0x82, 0x00, 0x81, 0x00, 0x81, 0x00, 0x61, 0x00, 0x61, 0x00, 0x61, 0x00,
    0x61, 0x00, 0x61, 0x00, 0x61, 0x00, 0x82, 0x00, 0xC3, 0x08, 0x03, 0x09, 0xC2, 0x08, 0xA2, 0x00,
    0xC3, 0x08, 0x82, 0x00, 0x41, 0x00, 0x41, 0x00, 0x41, 0x00, 0x61, 0x00, 0x82, 0x00, 0xC3, 0x08,
    0xC2, 0x08, 0x61, 0x00, 0x61, 0x00, 0x82, 0x00, 0x23, 0x09, 0x23, 0x11, 0x61, 0x00, 0x41, 0x00,
    0x41, 0x00, 0x41, 0x00, 0x61, 0x00, 0x61, 0x00, 0x82, 0x00, 0xA2, 0x08, 0x82, 0x00, 0x82, 0x00,
    0xA2, 0x08, 0x82, 0x00, 0x82, 0x00, 0x82, 0x00, 0x82, 0x00, 0x62, 0x00, 0x82, 0x00, 0xE3, 0x08,
    0x24, 0x11, 0x03, 0x09, 0x03, 0x09, 0x03, 0x09, 0x23, 0x11, 0x43, 0x09, 0x43, 0x09, 0x63, 0x09,
    0x84, 0x09, 0x64, 0x11, 0x84, 0x11, 0xC5, 0x11, 0x47, 0x22, 0x27, 0x1A, 0xC3, 0x08, 0x62, 0x00,
    0x82, 0x00, 0x82, 0x00, 0x62, 0x00, 0xC2, 0x08, 0x02, 0x09, 0x41, 0x00, 0x42, 0x00, 0x82, 0x00,
    0xC2, 0x08, 0xC2, 0x08, 0x03, 0x09, 0xE3, 0x08, 0x82, 0x00, 0x61, 0x00, 0x61, 0x00, 0x82, 0x00,
    0x41, 0x00, 0x41, 0x00, 0x41, 0x00, 0x41, 0x00, 0x41, 0x00, 0x41, 0x00, 0x41, 0x00, 0x41, 0x00,
    0x41, 0x00, 0x82, 0x08, 0x82, 0x00, 0x82, 0x00, 0x82, 0x00, 0x82, 0x00, 0x82, 0x00, 0x82, 0x00,
    0xA2, 0x08, 0x24, 0x09, 0x44, 0x09, 0x85, 0x11, 0xA6, 0x19, 0xA6, 0x19, 0x85, 0x11, 0x65, 0x09,
    0x65, 0x11, 0x24, 0x09, 0x04, 0x09, 0x44, 0x09, 0x24, 0x11, 0x44, 0x11, 0x24, 0x09, 0x24, 0x09,
    0x65, 0x11, 0xE3, 0x08, 0x04, 0x11, 0xC3, 0x08, 0xA2, 0x00, 0x61, 0x00, 0x02, 0x09, 0xC4, 0x19,
    0x83, 0x11, 0x62, 0x11, 0x63, 0x11, 0xE4, 0x19, 0xE4, 0x19, 0xE4, 0x19, 0xC4, 0x11, 0xA4, 0x11,
    0xC2, 0x00, 0x41, 0x00, 0x41, 0x00, 0x41, 0x00, 0x41, 0x00, 0x21, 0x00, 0x41, 0x00, 0x41, 0x00,
    0x82, 0x00, 0x84, 0x11, 0xA4, 0x11, 0x64, 0x11, 0x84, 0x11, 0xA5, 0x11, 0x64, 0x11, 0x44, 0x09,
    0x44, 0x11, 0xC2, 0x08, 0x82, 0x00, 0x41, 0x00, 0x41, 0x00, 0x61, 0x00, 0x61, 0x00, 0x61, 0x00,
    0x61, 0x00, 0x82, 0x00, 0xC2, 0x08, 0xA2, 0x08, 0x82, 0x00, 0x82, 0x00, 0x82, 0x00, 0x82, 0x00,
    0x82, 0x00, 0x82, 0x00, 0x82, 0x00, 0x82, 0x00, 0x61, 0x00, 0x61, 0x00, 0x61, 0x00, 0x41, 0x00,
    0x41, 0x00, 0xA2, 0x08, 0xC2, 0x08, 0xA3, 0x08, 0x82, 0x00, 0xE4, 0x19, 0x05, 0x1A, 0x82, 0x00,
    0xA2, 0x00, 0xC2, 0x00, 0xC2, 0x00, 0xC3, 0x08, 0xA2, 0x08, 0x61, 0x00, 0x82, 0x08, 0x62, 0x08,
    0x61, 0x00, 0xE2, 0x08, 0x85, 0x11, 0xA5, 0x19, 0xE6, 0x21, 0x64, 0x11, 0xC2, 0x00, 0x82, 0x00,
    0xA2, 0x08, 0xA2, 0x08, 0x82, 0x08, 0x42, 0x11, 0xC5, 0x32, 0xA3, 0x11, 0xA2, 0x00, 0xA2, 0x00,
    0xA2, 0x08, 0xA2, 0x08, 0xA2, 0x08, 0xA2, 0x08, 0x03, 0x11, 0xC4, 0x19, 0x62, 0x09, 0xA3, 0x19,
    0xC4, 0x19, 0xA4, 0x19, 0x23, 0x11, 0x61, 0x00, 0x62, 0x00, 0xA2, 0x08, 0xC3, 0x08, 0x61, 0x00,
    0x21, 0x00, 0x41, 0x00, 0x41, 0x00, 0x41, 0x00, 0x62, 0x00, 0xC2, 0x00, 0xA4, 0x19, 0x63, 0x09,
    0x22, 0x09, 0xE2, 0x08, 0xC2, 0x00, 0xC2, 0x08, 0x03, 0x11, 0xC2, 0x08, 0xA1, 0x00, 0xC2, 0x08,
    0xC3, 0x08, 0xA2, 0x08, 0xA2, 0x00, 0x42, 0x09, 0xE4, 0x19, 0x63, 0x11, 0xC2, 0x08, 0x82, 0x00,
    0xA2, 0x08, 0xA2, 0x08, 0xA2, 0x08, 0x82, 0x08, 0x82, 0x00, 0x82, 0x00, 0x82, 0x00, 0x61, 0x00,
    0x81, 0x00, 0x82, 0x00, 0x82, 0x00, 0x82, 0x00, 0xC3, 0x08, 0xE3, 0x08, 0x03, 0x11, 0xE3, 0x08,
    0xE3, 0x08, 0xE3, 0x08, 0x03, 0x09, 0x03, 0x09, 0x23, 0x09, 0x24, 0x11, 0xE3, 0x08, 0xE3, 0x08,
    0x24, 0x11, 0xE2, 0x08, 0x23, 0x09, 0x43, 0x09, 0x42, 0x11, 0xA1, 0x00, 0x42, 0x00, 0x41, 0x00,
    0x41, 0x00, 0x41, 0x00, 0x62, 0x00, 0x61, 0x00, 0x82, 0x00, 0xA2, 0x08, 0x82, 0x00, 0x82, 0x00,
    0x82, 0x00, 0x82, 0x00, 0x62, 0x00, 0x82, 0x00, 0x82, 0x00, 0x62, 0x00, 0x82, 0x00, 0x82, 0x00,
    0xA2, 0x00, 0xA2, 0x08, 0x82, 0x08, 0x82, 0x00, 0xE3, 0x08, 0x03, 0x09, 0x03, 0x09, 0x64, 0x11,
    0x84, 0x11, 0x43, 0x09, 0x43, 0x09, 0x84, 0x11, 0x06, 0x1A, 0xA9, 0x22, 0xC6, 0x11, 0x61, 0x00,
    0x82, 0x00, 0x82, 0x00, 0x82, 0x00, 0x23, 0x11, 0xE4, 0x19, 0x02, 0x09, 0x61, 0x00, 0xA2, 0x08,
    0xA2, 0x00, 0xA2, 0x00, 0x03, 0x09, 0x82, 0x00, 0x41, 0x00, 0x82, 0x00, 0x82, 0x00, 0x81, 0x00,
    0x41, 0x00, 0x41, 0x00, 0x42, 0x00, 0x61, 0x00, 0x41, 0x00, 0x41, 0x00, 0x41, 0x00, 0x41, 0x00,
    0x62, 0x00, 0x62, 0x00, 0x82, 0x08, 0x82, 0x00, 0xA2, 0x00, 0x82, 0x00, 0x82, 0x08, 0x82, 0x08,
    0xA2, 0x08, 0x44, 0x11, 0x44, 0x11, 0x65, 0x11, 0x85, 0x11, 0x85, 0x11, 0x65, 0x11, 0x44, 0x09,
    0x44, 0x09, 0x85, 0x11, 0x65, 0x09, 0x85, 0x11, 0x65, 0x11, 0x85, 0x11, 0x85, 0x11, 0x85, 0x11,
    0x85, 0x11, 0xE3, 0x00, 0xE3, 0x08, 0xC3, 0x08, 0x61, 0x00, 0x41, 0x00, 0xA2, 0x08, 0xA4, 0x19,
    0xE3, 0x11, 0x82, 0x11, 0xA2, 0x11, 0x25, 0x1A, 0x25, 0x1A, 0x05, 0x1A, 0xC4, 0x19, 0x02, 0x09,
    0x61, 0x00, 0x41, 0x00, 0x41, 0x00, 0x41, 0x00, 0x41, 0x00, 0x41, 0x00, 0x41, 0x00, 0x62, 0x00,
    0xA2, 0x00, 0xC5, 0x19, 0xC5, 0x19, 0x44, 0x11, 0x23, 0x11, 0xE2, 0x08, 0xE2, 0x08, 0xC2, 0x08,
    0x82, 0x00, 0x61, 0x00, 0x61, 0x00, 0x81, 0x00, 0xC2, 0x08, 0xA2, 0x00, 0xA2, 0x00, 0xE3, 0x08,
    0xC3, 0x08, 0xC2, 0x08, 0xE3, 0x08, 0x03, 0x09, 0xE2, 0x08, 0xE3, 0x08, 0xA2, 0x00, 0x82, 0x00,
    0x82, 0x00, 0x82, 0x00, 0xA2, 0x08, 0xA2, 0x08, 0x82, 0x00, 0x61, 0x00, 0x41, 0x00, 0x61, 0x00,
    0x61, 0x00, 0x61, 0x00, 0x82, 0x00, 0xA2, 0x00, 0x62, 0x08, 0xE2, 0x08, 0xC5, 0x19, 0xA2, 0x00,
    0xA2, 0x00, 0xC2, 0x00, 0xE3, 0x08, 0xC2, 0x08, 0x82, 0x00, 0xA2, 0x08, 0xC3, 0x08, 0xA2, 0x08,
    0x44, 0x19, 0x43, 0x11, 0x64, 0x19, 0xE6, 0x21, 0xA5, 0x21, 0x64, 0x19, 0x44, 0x11, 0x23, 0x11,
    0x03, 0x11, 0x02, 0x09, 0xE3, 0x08, 0x22, 0x09, 0x04, 0x22, 0x22, 0x09, 0x02, 0x09, 0x02, 0x09,
    0xE2, 0x08, 0xE2, 0x08, 0xC2, 0x08, 0xC2, 0x08, 0x61, 0x00, 0x63, 0x11, 0xE4, 0x19, 0x62, 0x09,
    0x82, 0x11, 0x42, 0x09, 0xC2, 0x00, 0x81, 0x00, 0x81, 0x00, 0x62, 0x00, 0x82, 0x08, 0x41, 0x00,
    0x41, 0x00, 0x41, 0x00, 0x41, 0x00, 0x41, 0x00, 0x61, 0x00, 0xA2, 0x00, 0xA3, 0x11, 0x66, 0x22,
    0xE4, 0x11, 0x01, 0x01, 0xC1, 0x00, 0xA1, 0x00, 0xC2, 0x08, 0xE3, 0x08, 0xE2, 0x08, 0xE2, 0x08,
    0xC2, 0x00, 0x22, 0x09, 0x04, 0x1A, 0xC6, 0x2A, 0xC6, 0x2A, 0x63, 0x11, 0x03, 0x09, 0xC2, 0x08,
    0x82, 0x00, 0x82, 0x00, 0x82, 0x00, 0x82, 0x00, 0x82, 0x00, 0xA2, 0x00, 0x81, 0x00, 0x81, 0x00,
    0xA1, 0x00, 0xA2, 0x00, 0x82, 0x00, 0x82, 0x00, 0xA2, 0x08, 0xC2, 0x08, 0x23, 0x11, 0x23, 0x11,
    0x24, 0x11, 0x23, 0x11, 0x64, 0x11, 0x63, 0x09, 0x63, 0x09, 0x63, 0x09, 0x43, 0x09, 0x03, 0x09,
    0x03, 0x09, 0x43, 0x11, 0x83, 0x11, 0xC3, 0x11, 0x83, 0x11, 0x40, 0x00, 0x41, 0x00, 0x41, 0x00,
    0x41, 0x00, 0x41, 0x00, 0x41, 0x00, 0x61, 0x00, 0x82, 0x00, 0xA2, 0x08, 0xA2, 0x08, 0x82, 0x00,
    0x81, 0x00, 0x61, 0x00, 0x62, 0x00, 0x62, 0x00, 0x82, 0x00, 0x82, 0x00, 0x82, 0x08, 0x82, 0x00,
    0x61, 0x00, 0x41, 0x00, 0x41, 0x00, 0x41, 0x00, 0x82, 0x00, 0xA2, 0x08, 0x61, 0x00, 0xC3, 0x08,
    0x03, 0x09, 0xC2, 0x08, 0xA2, 0x00, 0xC2, 0x00, 0x03, 0x09, 0x64, 0x09, 0x44, 0x09, 0x82, 0x00,
    0x82, 0x00, 0x82, 0x00, 0xA2, 0x08, 0xE2, 0x08, 0x04, 0x1A, 0x62, 0x09, 0x43, 0x11, 0xE2, 0x08,
    0x40, 0x00, 0x23, 0x11, 0xC3, 0x08, 0x61, 0x00, 0xA2, 0x08, 0x82, 0x08, 0xA2, 0x08, 0x03, 0x09,
    0x82, 0x00, 0x62, 0x00, 0x82, 0x00, 0x82, 0x00, 0x82, 0x00, 0x62, 0x00, 0x61, 0x00, 0x61, 0x00,
    0x62, 0x00, 0x41, 0x00, 0x62, 0x00, 0x82, 0x08, 0x82, 0x00, 0x82, 0x00, 0x62, 0x00, 0x82, 0x00,
    0xA2, 0x08, 0x44, 0x11, 0x65, 0x11, 0x85, 0x11, 0x65, 0x11, 0x65, 0x11, 0x85, 0x11, 0x65, 0x11,
    0x85, 0x11, 0xA6, 0x11, 0xA5, 0x11, 0xC6, 0x11, 0xC6, 0x11, 0xA6, 0x11, 0xA5, 0x11, 0xA6, 0x11,
    0xA6, 0x11, 0xA2, 0x00, 0xC3, 0x08, 0x61, 0x00, 0x41, 0x00, 0x62, 0x00, 0x82, 0x00, 0x43, 0x11,
    0x04, 0x1A, 0xA3, 0x11, 0xA3, 0x11, 0x45, 0x1A, 0x45, 0x1A, 0xC4, 0x19, 0x02, 0x09, 0x81, 0x00,
    0x62, 0x08, 0x62, 0x00, 0x62, 0x00, 0x61, 0x00, 0x61, 0x00, 0x61, 0x00, 0x41, 0x00, 0x82, 0x00,
    0xC2, 0x00, 0x23, 0x09, 0xE2, 0x08, 0x81, 0x00, 0x81, 0x00, 0x81, 0x08, 0x61, 0x00, 0x61, 0x00,
    0x41, 0x00, 0xC2, 0x08, 0x44, 0x11, 0xE3, 0x08, 0x03, 0x09, 0x24, 0x09, 0x03, 0x09, 0xE3, 0x08,
    0x03, 0x09, 0x03, 0x09, 0xE3, 0x08, 0xE3, 0x08, 0x03, 0x09, 0xE3, 0x08, 0x03, 0x09, 0xA2, 0x00,
    0x61, 0x00, 0x82, 0x08, 0x82, 0x08, 0x82, 0x08, 0x81, 0x00, 0x61, 0x00, 0x82, 0x08, 0x82, 0x08,
    0xA2, 0x08, 0xA2, 0x08, 0xC2, 0x08, 0xA1, 0x00, 0x82, 0x00, 0xA1, 0x00, 0xE2, 0x08, 0xA2, 0x08,
    0xC2, 0x08, 0xC2, 0x08, 0xE3, 0x08, 0x03, 0x09, 0xE3, 0x08, 0xE2, 0x08, 0xC2, 0x00, 0xC2, 0x08,
    0xE2, 0x08, 0x02, 0x09, 0x43, 0x11, 0x43, 0x11, 0xC5, 0x29, 0x47, 0x32, 0x63, 0x11, 0x63, 0x11,
    0x43, 0x11, 0x43, 0x09, 0x23, 0x09, 0x63, 0x11, 0x62, 0x11, 0x22, 0x11, 0x42, 0x09, 0x42, 0x09,
    0x22, 0x09, 0x22, 0x09, 0x02, 0x09, 0xE2, 0x08, 0xA2, 0x08, 0x43, 0x11, 0x83, 0x11, 0x22, 0x09,
    0x83, 0x11, 0x42, 0x09, 0x43, 0x11, 0xE4, 0x19, 0x24, 0x22, 0x43, 0x11, 0x20, 0x00, 0x41, 0x00,
    0x41, 0x00, 0x41, 0x00, 0x41, 0x00, 0x41, 0x00, 0x41, 0x00, 0x82, 0x08, 0xA1, 0x00, 0xC4, 0x11,
    0x45, 0x22, 0xC4, 0x11, 0x42, 0x09, 0xC2, 0x00, 0xA2, 0x00, 0xC2, 0x08, 0x02, 0x09, 0x22, 0x11,
    0x43, 0x11, 0x42, 0x09, 0xE4, 0x19, 0x04, 0x1A, 0xC3, 0x11, 0x63, 0x11, 0xE2, 0x08, 0x02, 0x09,
    0x23, 0x11, 0x02, 0x09, 0x23, 0x11, 0x42, 0x11, 0x63, 0x11, 0x43, 0x11, 0xC5, 0x19, 0xE2, 0x08,
    0xA2, 0x00, 0xC2, 0x00, 0x82, 0x00, 0xA2, 0x00, 0x82, 0x00, 0xC2, 0x00, 0x03, 0x09, 0x03, 0x09,
    0x23, 0x09, 0x63, 0x09, 0xA3, 0x11, 0xE4, 0x19, 0xC3, 0x19, 0x82, 0x11, 0x83, 0x11, 0x63, 0x11,
    0x03, 0x09, 0x02, 0x09, 0xC3, 0x11, 0x65, 0x22, 0x62, 0x11, 0xA1, 0x00, 0x41, 0x00, 0x21, 0x00,
    0x61, 0x00, 0xA2, 0x08, 0xC2, 0x08, 0xA2, 0x08, 0x82, 0x00, 0x82, 0x00, 0x82, 0x00, 0xA2, 0x08,
    0xC2, 0x08, 0xE3, 0x10, 0x23, 0x11, 0xA2, 0x00, 0x82, 0x00, 0x82, 0x08, 0x82, 0x00, 0x82, 0x00,
    0x82, 0x00, 0x82, 0x00, 0x82, 0x00, 0x61, 0x00, 0x62, 0x00, 0x82, 0x08, 0x61, 0x00, 0x82, 0x00,
    0x62, 0x00, 0x82, 0x00, 0x82, 0x00, 0x82, 0x00, 0x61, 0x00, 0x61, 0x00, 0x41, 0x00, 0x61, 0x00,
    0x62, 0x00, 0x82, 0x08, 0xC3, 0x08, 0xC2, 0x00, 0xC4, 0x11, 0x82, 0x11, 0x01, 0x09, 0x23, 0x11,
    0x81, 0x00, 0x23, 0x11, 0x62, 0x00, 0xA2, 0x08, 0xC2, 0x08, 0x83, 0x09, 0x45, 0x22, 0x85, 0x22,
    0x82, 0x00, 0x82, 0x00, 0x82, 0x00, 0xA2, 0x08, 0xA2, 0x08, 0xA2, 0x08, 0xA2, 0x00, 0x82, 0x00,
    0x41, 0x00, 0x21, 0x00, 0x21, 0x00, 0x62, 0x00, 0xC3, 0x08, 0xE3, 0x08, 0xC3, 0x08, 0xA2, 0x08,
    0x82, 0x00, 0x03, 0x09, 0x64, 0x09, 0xA5, 0x11, 0xA6, 0x19, 0x65, 0x11, 0x64, 0x09, 0xC6, 0x11,
    0xC6, 0x11, 0xE6, 0x19, 0x07, 0x12, 0xE7, 0x19, 0x07, 0x12, 0xE7, 0x19, 0xC6, 0x11, 0xA6, 0x11,
    0x85, 0x11, 0xA2, 0x08, 0xA2, 0x00, 0x82, 0x00, 0x61, 0x00, 0x82, 0x00, 0xA3, 0x08, 0xC2, 0x00,
    0xC5, 0x19, 0x04, 0x1A, 0x04, 0x1A, 0x45, 0x1A, 0x83, 0x09, 0xE2, 0x08, 0xA1, 0x00, 0x82, 0x00,
    0x62, 0x00, 0x61, 0x00, 0x82, 0x00, 0x82, 0x00, 0x82, 0x08, 0x62, 0x00, 0x61, 0x00, 0xA2, 0x08,
    0xC2, 0x08, 0xA2, 0x00, 0x82, 0x00, 0xA2, 0x00, 0xA2, 0x08, 0x82, 0x08, 0xA2, 0x00, 0x23, 0x09,
    0x65, 0x11, 0x23, 0x09, 0x84, 0x11, 0xE4, 0x21, 0xC4, 0x19, 0x43, 0x09, 0x64, 0x11, 0x44, 0x11,
    0x23, 0x09, 0x23, 0x09, 0x44, 0x11, 0x44, 0x11, 0x03, 0x09, 0x03, 0x09, 0x03, 0x09, 0xC2, 0x00,
    0xA2, 0x08, 0x82, 0x00, 0xA2, 0x00, 0xA2, 0x08, 0x02, 0x11, 0xE2, 0x08, 0xC1, 0x08, 0xC2, 0x08,
    0xC2, 0x08, 0xC3, 0x08, 0xC3, 0x08, 0xC2, 0x08, 0xA2, 0x08, 0xC2, 0x08, 0xC2, 0x00, 0xA2, 0x08,
    0xA2, 0x08, 0xC2, 0x08, 0xC2, 0x08, 0xE2, 0x08, 0x64, 0x11, 0x63, 0x11, 0xE2, 0x08, 0x02, 0x11,
    0x02, 0x09, 0xC2, 0x08, 0xE2, 0x00, 0x43, 0x09, 0x02, 0x09, 0x63, 0x11, 0x63, 0x11, 0x22, 0x09,
    0x02, 0x09, 0x03, 0x09, 0x22, 0x09, 0x42, 0x11, 0x42, 0x11, 0x62, 0x11, 0x62, 0x11, 0x83, 0x11,
    0xA3, 0x11, 0xE3, 0x19, 0xC3, 0x19, 0x83, 0x11, 0x22, 0x09, 0x02, 0x09, 0x43, 0x11, 0x63, 0x11,
    0x84, 0x11, 0x43, 0x11, 0x23, 0x11, 0x42, 0x11, 0x83, 0x11, 0x43, 0x11, 0x41, 0x00, 0x21, 0x00,
    0x41, 0x00, 0x21, 0x00, 0x41, 0x00, 0x41, 0x00, 0x21, 0x00, 0x82, 0x08, 0xC3, 0x08, 0xC2, 0x00,
    0x02, 0x09, 0x83, 0x11, 0x63, 0x11, 0x03, 0x11, 0xE2, 0x08, 0xC2, 0x08, 0x23, 0x11, 0x02, 0x09,
    0x23, 0x11, 0x42, 0x09, 0xA1, 0x00, 0xA1, 0x00, 0x02, 0x09, 0x02, 0x09, 0x22, 0x09, 0x83, 0x11,
    0x83, 0x11, 0xA3, 0x11, 0xA3, 0x19, 0xE3, 0x19, 0xC3, 0x11, 0xE3, 0x11, 0x86, 0x2A, 0x22, 0x09,
    0xA2, 0x08, 0xA2, 0x00, 0x82, 0x00, 0xA2, 0x00, 0x03, 0x09, 0x44, 0x11, 0xC2, 0x08, 0xE2, 0x00,
    0xA3, 0x11, 0x23, 0x1A, 0x44, 0x22, 0x43, 0x1A, 0x23, 0x1A, 0x23, 0x12, 0x23, 0x1A, 0x03, 0x12,
    0xA3, 0x11, 0x42, 0x09, 0x24, 0x1A, 0xE3, 0x11, 0x83, 0x11, 0x83, 0x11, 0x42, 0x11, 0x02, 0x09,
    0x22, 0x09, 0x63, 0x11, 0x62, 0x11, 0xA3, 0x11, 0x02, 0x09, 0xA1, 0x00, 0xE3, 0x08, 0x23, 0x11,
    0x43, 0x11, 0x63, 0x11, 0xE4, 0x19, 0xA4, 0x11, 0xE2, 0x08, 0x81, 0x00, 0xA2, 0x08, 0x82, 0x00,
    0x82, 0x00, 0xA2, 0x00, 0xA2, 0x08, 0x82, 0x08, 0x41, 0x00, 0x61, 0x00, 0x41, 0x00, 0x62, 0x00,
    0xA2, 0x08, 0x82, 0x00, 0x82, 0x00, 0x82, 0x00, 0x82, 0x00, 0x41, 0x00, 0x41, 0x00, 0xA2, 0x08,
    0xA2, 0x08, 0x82, 0x00, 0xE3, 0x08, 0x84, 0x11, 0x65, 0x22, 0x86, 0x22, 0xA3, 0x11, 0x42, 0x09,
    0x63, 0x11, 0x02, 0x09, 0x61, 0x00, 0xC1, 0x08, 0xA3, 0x11, 0xC6, 0x2A, 0x24, 0x1A, 0xE2, 0x11,
    0xA2, 0x00, 0xA2, 0x00, 0xA2, 0x00, 0xA2, 0x08, 0xA2, 0x08, 0xA2, 0x00, 0xA2, 0x08, 0xA2, 0x00,
    0x41, 0x00, 0x41, 0x00, 0x41, 0x00, 0x82, 0x08, 0xC3, 0x08, 0xC3, 0x00, 0xC3, 0x00, 0xA3, 0x08,
    0xA2, 0x00, 0xE3, 0x08, 0x44, 0x09, 0x44, 0x09, 0x44, 0x09, 0x24, 0x09, 0x65, 0x11, 0x07, 0x1A,
    0x27, 0x1A, 0x07, 0x1A, 0x27, 0x12, 0x27, 0x1A, 0x07, 0x1A, 0x07, 0x1A, 0xC6, 0x11, 0x86, 0x11,
    0x65, 0x11, 0xA2, 0x08, 0xA2, 0x00, 0xE3, 0x08, 0xA2, 0x00, 0xA2, 0x00, 0xA2, 0x00, 0xA2, 0x00,
    0xC4, 0x19, 0x65, 0x1A, 0x04, 0x1A, 0x22, 0x09, 0x61, 0x00, 0x81, 0x00, 0xA2, 0x00, 0xA2, 0x08,
    0xA2, 0x08, 0x82, 0x00, 0x61, 0x00, 0x61, 0x00, 0x62, 0x00, 0x61, 0x00, 0x61, 0x00, 0x82, 0x08,
    0xE3, 0x08, 0xC2, 0x08, 0xA2, 0x00, 0xA2, 0x08, 0x82, 0x08, 0xA2, 0x00, 0x64, 0x11, 0xC5, 0x11,
    0xA5, 0x11, 0x26, 0x22, 0x85, 0x2A, 0xA5, 0x32, 0x28, 0x4B, 0xE4, 0x19, 0x63, 0x09, 0x64, 0x09,
    0x64, 0x11, 0x63, 0x11, 0x63, 0x11, 0x63, 0x11, 0x43, 0x11, 0x43, 0x11, 0x23, 0x09, 0xE3, 0x08,
    0xC2, 0x08, 0x63, 0x11, 0xA4, 0x19, 0x83, 0x11, 0xC4, 0x19, 0xA3, 0x11, 0xA3, 0x11, 0xC4, 0x19,
    0xA3, 0x11, 0x43, 0x11, 0xE2, 0x08, 0xC2, 0x08, 0x03, 0x09, 0xE2, 0x08, 0xE2, 0x08, 0xC2, 0x08,
    0xC2, 0x08, 0xC2, 0x00, 0x63, 0x11, 0x25, 0x22, 0x22, 0x09, 0x43, 0x11, 0xE2, 0x08, 0xC1, 0x08,
    0xE2, 0x08, 0x23, 0x11, 0x02, 0x09, 0x23, 0x09, 0x63, 0x11, 0x42, 0x09, 0x62, 0x11, 0xA3, 0x11,
    0x63, 0x09, 0x02, 0x09, 0x43, 0x11, 0x62, 0x11, 0x83, 0x11, 0x82, 0x09, 0x83, 0x11, 0xA3, 0x11,
    0xE3, 0x19, 0x23, 0x1A, 0x44, 0x1A, 0xC6, 0x2A, 0x65, 0x22, 0x01, 0x09, 0xE2, 0x08, 0x43, 0x09,
    0x23, 0x11, 0x61, 0x00, 0x21, 0x00, 0x20, 0x00, 0x20, 0x00, 0x01, 0x00, 0x21, 0x00, 0x21, 0x00,
    0x21, 0x00, 0x41, 0x00, 0x41, 0x00, 0x41, 0x00, 0x21, 0x00, 0xA2, 0x08, 0xC3, 0x08, 0x62, 0x00,
    0x21, 0x00, 0x41, 0x00, 0x61, 0x00, 0x81, 0x00, 0x81, 0x00, 0x40, 0x00, 0xA2, 0x08, 0x81, 0x00,
    0xC2, 0x08, 0x63, 0x19, 0xE2, 0x08, 0xA2, 0x08, 0x82, 0x00, 0xA2, 0x00, 0x63, 0x11, 0x83, 0x11,
    0xA3, 0x19, 0x83, 0x11, 0x62, 0x11, 0xC3, 0x19, 0xC3, 0x11, 0xC3, 0x11, 0xE4, 0x19, 0x02, 0x01,
    0xC2, 0x08, 0xA2, 0x00, 0xA2, 0x00, 0x64, 0x11, 0xC5, 0x11, 0x84, 0x11, 0xA4, 0x11, 0x65, 0x22,
    0x26, 0x33, 0xE8, 0x4B, 0xE8, 0x4B, 0x65, 0x33, 0x45, 0x33, 0x66, 0x3B, 0x66, 0x3B, 0x29, 0x54,
    0xC9, 0x53, 0xE4, 0x19, 0xE3, 0x19, 0x22, 0x09, 0x42, 0x09, 0x82, 0x11, 0xE3, 0x19, 0x03, 0x1A,
    0x82, 0x09, 0x82, 0x11, 0xA3, 0x11, 0x02, 0x12, 0x03, 0x1A, 0x63, 0x11, 0x63, 0x11, 0x63, 0x11,
    0x62, 0x09, 0x83, 0x11, 0xA3, 0x11, 0x04, 0x1A, 0xE4, 0x19, 0x01, 0x01, 0xA2, 0x00, 0xA2, 0x08,
    0xA2, 0x00, 0xA2, 0x00, 0xA2, 0x08, 0xA2, 0x08, 0x61, 0x00, 0x61, 0x00, 0x61, 0x00, 0x61, 0x00,
    0x82, 0x00, 0xA2, 0x08, 0xA2, 0x08, 0xA2, 0x00, 0xA2, 0x00, 0x62, 0x00, 0x61, 0x00, 0x03, 0x09,
    0x03, 0x09, 0xE3, 0x08, 0xC2, 0x00, 0x63, 0x11, 0xA7, 0x2A, 0xE4, 0x11, 0xA3, 0x11, 0xA3, 0x11,
    0x62, 0x09, 0x63, 0x11, 0xE2, 0x08, 0x63, 0x11, 0x24, 0x1A, 0xE3, 0x11, 0x23, 0x1A, 0xE5, 0x2A,
    0x82, 0x00, 0xA2, 0x08, 0xC3, 0x08, 0xC3, 0x08, 0xC2, 0x08, 0xC2, 0x00, 0xC3, 0x00, 0x82, 0x00,
    0x41, 0x00, 0x41, 0x00, 0x41, 0x00, 0x62, 0x00, 0xA2, 0x08, 0xE3, 0x08, 0x04, 0x09, 0xC3, 0x08,
    0xA2, 0x00, 0x04, 0x09, 0x44, 0x11, 0x65, 0x11, 0x03, 0x09, 0x24, 0x09, 0xA5, 0x11, 0xE6, 0x19,
    0xE6, 0x11, 0x07, 0x1A, 0x47, 0x1A, 0x48, 0x1A, 0x47, 0x1A, 0x47, 0x1A, 0x27, 0x1A, 0x65, 0x11,
    0x24, 0x09, 0x61, 0x00, 0xA2, 0x00, 0xE3, 0x08, 0x64, 0x11, 0x03, 0x09, 0xA2, 0x00, 0x82, 0x00,
    0xC5, 0x19, 0x07, 0x2B, 0x43, 0x09, 0x21, 0x00, 0x41, 0x00, 0x41, 0x00, 0x62, 0x00, 0x82, 0x00,
    0x82, 0x00, 0x61, 0x00, 0x41, 0x00, 0x41, 0x00, 0x41, 0x00, 0x41, 0x00, 0x61, 0x00, 0x82, 0x00,
    0xE3, 0x08, 0xC3, 0x08, 0xC3, 0x08, 0xA2, 0x00, 0xA2, 0x00, 0x03, 0x09, 0x44, 0x09, 0x85, 0x11,
    0xE5, 0x19, 0xE9, 0x53, 0xA4, 0x2A, 0x03, 0x1A, 0xE6, 0x42, 0xC4, 0x19, 0x84, 0x11, 0x85, 0x11,
    0x63, 0x09, 0xE3, 0x19, 0x63, 0x1A, 0x24, 0x1A, 0x63, 0x09, 0x03, 0x09, 0xA1, 0x00, 0xE2, 0x08,
    0x63, 0x11, 0xC4, 0x19, 0x83, 0x11, 0xA3, 0x11, 0xC3, 0x11, 0xE4, 0x11, 0x04, 0x1A, 0x04, 0x1A,
    0x24, 0x1A, 0x64, 0x22, 0x04, 0x1A, 0x63, 0x09, 0x02, 0x09, 0xE2, 0x08, 0xE2, 0x08, 0xE2, 0x08,
    0x02, 0x09, 0x02, 0x09, 0xC6, 0x3A, 0xC5, 0x32, 0x24, 0x22, 0x02, 0x01, 0x64, 0x11, 0x02, 0x09,
    0xA1, 0x00, 0xC2, 0x08, 0xE3, 0x08, 0xE2, 0x08, 0xE2, 0x08, 0xA4, 0x19, 0xC3, 0x19, 0xA2, 0x11,
    0x65, 0x22, 0x44, 0x1A, 0x44, 0x1A, 0x65, 0x22, 0x65, 0x22, 0x04, 0x1A, 0x04, 0x1A, 0xC4, 0x19,
    0xE3, 0x11, 0x65, 0x22, 0xC3, 0x11, 0x04, 0x12, 0xA6, 0x2A, 0xC3, 0x19, 0x23, 0x09, 0x03, 0x09,
    0x81, 0x00, 0x41, 0x00, 0x21, 0x00, 0x61, 0x00, 0x41, 0x00, 0x21, 0x00, 0x21, 0x00, 0x21, 0x00,
    0x21, 0x00, 0x41, 0x00, 0x41, 0x00, 0x21, 0x00, 0x41, 0x00, 0x41, 0x00, 0x41, 0x00, 0x41, 0x00,
    0x62, 0x00, 0x41, 0x00, 0x21, 0x00, 0x21, 0x00, 0x21, 0x00, 0x21, 0x00, 0x41, 0x00, 0xA2, 0x08,
    0xA2, 0x08, 0xA1, 0x00, 0x61, 0x00, 0x82, 0x00, 0x61, 0x00, 0x61, 0x00, 0xC4, 0x19, 0xE4, 0x19,
    0xA3, 0x11, 0x62, 0x09, 0x62, 0x09, 0x62, 0x11, 0xA3, 0x11, 0xC3, 0x11, 0xC3, 0x11, 0x83, 0x11,
    0xC2, 0x08, 0x81, 0x00, 0x44, 0x11, 0x47, 0x22, 0xE5, 0x11, 0xA4, 0x11, 0xA4, 0x11, 0xA4, 0x11,
    0xA3, 0x19, 0x65, 0x22, 0xA6, 0x2A, 0xA5, 0x22, 0x64, 0x22, 0x23, 0x1A, 0x03, 0x22, 0x89, 0x53,
    0x45, 0x2A, 0x23, 0x09, 0x42, 0x09, 0x23, 0x11, 0x03, 0x09, 0x02, 0x09, 0x01, 0x09, 0x83, 0x11,
    0xC3, 0x11, 0xE2, 0x11, 0x23, 0x1A, 0x63, 0x22, 0x84, 0x22, 0xA3, 0x11, 0x43, 0x11, 0x63, 0x11,
    0x83, 0x11, 0x83, 0x11, 0xA4, 0x11, 0xC4, 0x11, 0xE4, 0x19, 0xC4, 0x19, 0xC2, 0x08, 0xA2, 0x08,
    0xC2, 0x00, 0xA2, 0x00, 0xC2, 0x08, 0xC2, 0x08, 0x82, 0x00, 0x62, 0x00, 0x61, 0x00, 0x61, 0x00,
    0x82, 0x00, 0xA2, 0x08, 0xA2, 0x08, 0x82, 0x00, 0x82, 0x00, 0x82, 0x00, 0x21, 0x00, 0x41, 0x00,
    0xC3, 0x08, 0xE3, 0x08, 0xC3, 0x08, 0xC2, 0x00, 0x02, 0x09, 0x81, 0x00, 0xA1, 0x00, 0x22, 0x09,
    0x43, 0x11, 0x42, 0x09, 0x83, 0x11, 0xC4, 0x11, 0x62, 0x09, 0x44, 0x1A, 0x26, 0x2B, 0xA5, 0x22,
    0xC3, 0x00, 0xE3, 0x08, 0xC3, 0x00, 0xC2, 0x00, 0xE3, 0x08, 0xC3, 0x08, 0xC3, 0x08, 0xA2, 0x08,
    0x41, 0x00, 0x21, 0x00, 0x41, 0x00, 0x21, 0x00, 0x82, 0x00, 0x04, 0x09, 0x04, 0x09, 0xE3, 0x08,
    0xC3, 0x08, 0xE3, 0x08, 0x24, 0x11, 0xE3, 0x08, 0xE3, 0x08, 0x44, 0x09, 0x85, 0x11, 0x06, 0x1A,
    0xE6, 0x19, 0x48, 0x1A, 0x48, 0x1A, 0x27, 0x12, 0x88, 0x22, 0xE7, 0x19, 0x24, 0x09, 0xA3, 0x08,
    0x82, 0x00, 0xA2, 0x08, 0x03, 0x09, 0x44, 0x11, 0x44, 0x11, 0xE3, 0x08, 0xA2, 0x08, 0x81, 0x00,
    0x64, 0x11, 0xE5, 0x19, 0x21, 0x00, 0x41, 0x00, 0x41, 0x00, 0x41, 0x00, 0x41, 0x00, 0x41, 0x00,
    0x41, 0x00, 0x41, 0x00, 0x41, 0x00, 0x41, 0x00, 0x41, 0x00, 0x41, 0x00, 0x41, 0x00, 0x82, 0x00,
    0x24, 0x09, 0xE3, 0x08, 0x81, 0x00, 0x02, 0x09, 0x84, 0x11, 0x84, 0x11, 0xA4, 0x11, 0x85, 0x11,
    0x25, 0x1A, 0xE4, 0x2A, 0x03, 0x12, 0x04, 0x1A, 0x45, 0x2A, 0x05, 0x1A, 0xA5, 0x11, 0xA4, 0x19,
    0xA4, 0x11, 0xA4, 0x22, 0x63, 0x1A, 0xA4, 0x2A, 0x84, 0x22, 0xE3, 0x08, 0xC2, 0x08, 0x63, 0x11,
    0xC4, 0x11, 0x83, 0x11, 0x83, 0x11, 0xC3, 0x11, 0x24, 0x1A, 0x24, 0x1A, 0x44, 0x1A, 0x65, 0x1A,
    0x85, 0x1A, 0x85, 0x1A, 0xC6, 0x22, 0xE7, 0x2A, 0xC3, 0x11, 0xE2, 0x08, 0x02, 0x09, 0xE1, 0x00,
    0x03, 0x09, 0xE1, 0x00, 0xE6, 0x3A, 0xA4, 0x2A, 0x85, 0x22, 0x24, 0x22, 0x63, 0x09, 0x43, 0x09,
    0x82, 0x08, 0x81, 0x00, 0x61, 0x00, 0x81, 0x00, 0x61, 0x00, 0xC2, 0x08, 0xE4, 0x19, 0x24, 0x1A,
    0x03, 0x12, 0xC5, 0x22, 0x24, 0x1A, 0x01, 0x01, 0x02, 0x09, 0xE2, 0x08, 0xE2, 0x00, 0x82, 0x11,
    0x84, 0x22, 0xC3, 0x19, 0xA1, 0x00, 0xE2, 0x08, 0x22, 0x09, 0xA3, 0x11, 0x85, 0x22, 0x83, 0x11,
    0xA1, 0x00, 0x40, 0x00, 0x02, 0x09, 0xA4, 0x19, 0xA2, 0x00, 0xA2, 0x08, 0x82, 0x08, 0x21, 0x00,
    0x41, 0x00, 0x41, 0x00, 0x21, 0x00, 0x41, 0x00, 0x41, 0x00, 0x41, 0x00, 0x41, 0x00, 0x41, 0x00,
    0x41, 0x00, 0xA2, 0x00, 0x85, 0x11, 0x85, 0x11, 0x03, 0x09, 0x82, 0x08, 0x21, 0x00, 0x82, 0x08,
    0x82, 0x08, 0x20, 0x00, 0x21, 0x00, 0x41, 0x00, 0x41, 0x00, 0x20, 0x00, 0xA1, 0x08, 0xA4, 0x11,
    0xE3, 0x19, 0x82, 0x11, 0x62, 0x09, 0xA2, 0x11, 0xA2, 0x11, 0xA2, 0x11, 0xC2, 0x11, 0x04, 0x22,
    0xC2, 0x08, 0x02, 0x09, 0xE5, 0x19, 0xC5, 0x11, 0x64, 0x11, 0x43, 0x11, 0x43, 0x09, 0x23, 0x09,
    0x03, 0x09, 0x02, 0x09, 0x02, 0x01, 0x22, 0x09, 0x22, 0x09, 0x22, 0x09, 0x03, 0x11, 0xE2, 0x08,
    0x02, 0x01, 0x23, 0x09, 0x23, 0x09, 0xE2, 0x08, 0xA2, 0x08, 0xA2, 0x08, 0x61, 0x00, 0xA1, 0x00,
    0xA3, 0x19, 0x02, 0x12, 0x22, 0x1A, 0x63, 0x1A, 0x84, 0x22, 0xC3, 0x11, 0x83, 0x11, 0xA3, 0x11,
    0xA3, 0x11, 0xA3, 0x11, 0xC4, 0x11, 0xC4, 0x11, 0xC4, 0x11, 0x04, 0x1A, 0x63, 0x11, 0xA2, 0x08,
    0xC2, 0x08, 0xC2, 0x00, 0xC2, 0x08, 0x82, 0x08, 0x61, 0x00, 0x82, 0x00, 0x62, 0x00, 0x61, 0x00,
    0x61, 0x00, 0xA3, 0x08, 0xC2, 0x08, 0x62, 0x00, 0x82, 0x08, 0x82, 0x00, 0x81, 0x00, 0xA2, 0x00,
    0xC2, 0x08, 0xA2, 0x00, 0x82, 0x00, 0x41, 0x00, 0x21, 0x00, 0xA2, 0x08, 0xC1, 0x08, 0x43, 0x11,
    0xE3, 0x19, 0xC3, 0x11, 0x63, 0x11, 0x62, 0x09, 0xA3, 0x11, 0x04, 0x1A, 0xE3, 0x11, 0x42, 0x09,
    0xE3, 0x08, 0xC3, 0x08, 0xC3, 0x08, 0xE3, 0x08, 0xE3, 0x08, 0xE3, 0x08, 0xE3, 0x08, 0xA3, 0x08,
    0x41, 0x00, 0x41, 0x00, 0x21, 0x00, 0x21, 0x00, 0x82, 0x08, 0x82, 0x00, 0xA2, 0x00, 0xA3, 0x08,
    0xA2, 0x00, 0xA2, 0x00, 0xA2, 0x00, 0xA2, 0x00, 0x03, 0x09, 0x23, 0x09, 0x64, 0x11, 0xE6, 0x11,
    0xC6, 0x11, 0xE6, 0x19, 0xC6, 0x19, 0x03, 0x01, 0x03, 0x09, 0xA2, 0x00, 0x41, 0x00, 0x62, 0x00,
    0xA2, 0x00, 0xE3, 0x08, 0xE3, 0x08, 0xE3, 0x08, 0x44, 0x09, 0x85, 0x11, 0xC2, 0x08, 0x81, 0x00,
    0xA2, 0x00, 0x61, 0x00, 0x21, 0x00, 0x41, 0x00, 0x41, 0x00, 0x41, 0x00, 0x41, 0x00, 0x41, 0x00,
    0x41, 0x00, 0x41, 0x00, 0x41, 0x00, 0x41, 0x00, 0x41, 0x00, 0x41, 0x00, 0x41, 0x00, 0x82, 0x00,
    0x23, 0x09, 0xA1, 0x00, 0x02, 0x09, 0x64, 0x11, 0xC5, 0x11, 0xA5, 0x11, 0xA4, 0x11, 0xC5, 0x11,
    0x06, 0x33, 0x83, 0x1A, 0x24, 0x1A, 0xC4, 0x11, 0xC4, 0x11, 0xE5, 0x19, 0xC4, 0x11, 0x44, 0x12,
    0x65, 0x1A, 0xA3, 0x22, 0x83, 0x22, 0x02, 0x12, 0x45, 0x33, 0xA4, 0x22, 0x02, 0x01, 0x84, 0x19,
    0x82, 0x11, 0xC3, 0x11, 0xE4, 0x19, 0xE4, 0x19, 0x04, 0x12, 0x44, 0x1A, 0x44, 0x1A, 0x65, 0x1A,
    0xA5, 0x22, 0xA6, 0x22, 0xA6, 0x22, 0xC6, 0x22, 0xC6, 0x22, 0x05, 0x12, 0xE2, 0x08, 0xE2, 0x08,
    0x03, 0x09, 0x02, 0x09, 0xE3, 0x19, 0x29, 0x5C, 0xA3, 0x22, 0xC4, 0x2A, 0xC5, 0x32, 0xA3, 0x11,
    0x81, 0x00, 0x61, 0x00, 0x61, 0x00, 0x61, 0x00, 0x61, 0x00, 0x61, 0x00, 0xA1, 0x00, 0x22, 0x09,
    0x43, 0x11, 0xC3, 0x19, 0xE6, 0x2A, 0x22, 0x09, 0x61, 0x00, 0x22, 0x11, 0xA3, 0x19, 0xC4, 0x2A,
    0xE5, 0x32, 0x22, 0x09, 0xC3, 0x08, 0xE3, 0x08, 0x02, 0x09, 0x85, 0x2A, 0x05, 0x2B, 0x05, 0x2B,
    0x04, 0x1A, 0x84, 0x11, 0xE5, 0x19, 0xC1, 0x00, 0xA2, 0x00, 0x03, 0x11, 0x64, 0x19, 0xC3, 0x08,
    0x21, 0x00, 0x21, 0x00, 0x21, 0x00, 0x41, 0x00, 0x41, 0x00, 0x62, 0x00, 0x62, 0x00, 0x61, 0x00,
    0x24, 0x09, 0xA8, 0x22, 0xE9, 0x22, 0xC8, 0x22, 0x26, 0x1A, 0x84, 0x11, 0xC2, 0x08, 0x61, 0x00,
    0xA2, 0x08, 0x41, 0x00, 0x41, 0x00, 0x41, 0x00, 0x41, 0x00, 0x61, 0x00, 0x40, 0x00, 0xC1, 0x00,
    0x42, 0x11, 0x42, 0x11, 0x62, 0x11, 0x62, 0x11, 0x62, 0x11, 0x82, 0x11, 0xC3, 0x19, 0x83, 0x11,
    0x81, 0x00, 0x24, 0x11, 0x64, 0x11, 0x03, 0x09, 0xC2, 0x00, 0xA2, 0x08, 0xC2, 0x08, 0x03, 0x09,
    0x23, 0x09, 0x23, 0x09, 0x43, 0x11, 0x43, 0x11, 0x43, 0x11, 0x23, 0x11, 0xC2, 0x08, 0xE3, 0x08,
    0x03, 0x09, 0xC2, 0x08, 0xC2, 0x08, 0x82, 0x00, 0x61, 0x00, 0x81, 0x00, 0x82, 0x00, 0x62, 0x00,
    0x62, 0x11, 0x43, 0x1A, 0x22, 0x1A, 0x43, 0x1A, 0xC2, 0x11, 0x23, 0x11, 0x83, 0x11, 0xA3, 0x11,
    0xE4, 0x19, 0x04, 0x1A, 0x24, 0x1A, 0x04, 0x1A, 0xE3, 0x11, 0xE3, 0x11, 0x42, 0x09, 0xC2, 0x08,
    0xC3, 0x08, 0xC3, 0x08, 0xA2, 0x08, 0x41, 0x00, 0x41, 0x00, 0x61, 0x00, 0x82, 0x00, 0x62, 0x00,
    0x61, 0x00, 0xA2, 0x08, 0xC2, 0x08, 0x82, 0x00, 0x81, 0x00, 0x83, 0x11, 0x65, 0x22, 0xC6, 0x22,
    0x07, 0x2B, 0x85, 0x22, 0xA3, 0x11, 0xA1, 0x00, 0x81, 0x00, 0xA2, 0x00, 0x82, 0x00, 0x02, 0x09,
    0x83, 0x2A, 0x84, 0x2A, 0xE1, 0x00, 0x63, 0x11, 0x63, 0x11, 0x22, 0x09, 0xE2, 0x08, 0xE2, 0x08,
    0xC3, 0x00, 0xC3, 0x00, 0xC3, 0x08, 0xE3, 0x08, 0x03, 0x09, 0x03, 0x09, 0x04, 0x09, 0x82, 0x00,
    0x41, 0x00, 0x41, 0x00, 0x21, 0x00, 0x62, 0x00, 0x82, 0x08, 0x21, 0x00, 0x21, 0x00, 0x82, 0x00,
    0xE3, 0x10, 0xA2, 0x08, 0xA2, 0x00, 0xC2, 0x08, 0xC2, 0x00, 0xE3, 0x08, 0xE3, 0x08, 0x85, 0x11,
    0x65, 0x11, 0x82, 0x00, 0x82, 0x00, 0x61, 0x00, 0x41, 0x00, 0x61, 0x00, 0x82, 0x08, 0xC3, 0x08,
    0x03, 0x09, 0x03, 0x09, 0x23, 0x09, 0x64, 0x11, 0xC5, 0x11, 0xE6, 0x19, 0x44, 0x11, 0x82, 0x00,
    0x21, 0x00, 0x21, 0x00, 0x41, 0x00, 0x41, 0x00, 0x41, 0x00, 0x41, 0x00, 0x41, 0x00, 0x41, 0x00,
    0x41, 0x00, 0x41, 0x00, 0x41, 0x00, 0x41, 0x00, 0x41, 0x00, 0x41, 0x00, 0x82, 0x00, 0xC3, 0x08,
    0xC2, 0x00, 0x43, 0x09, 0xE5, 0x19, 0xC5, 0x11, 0xE5, 0x11, 0xE5, 0x11, 0xC5, 0x11, 0x66, 0x22,
    0x86, 0x43, 0xA4, 0x22, 0x65, 0x22, 0xC5, 0x11, 0xE5, 0x11, 0xA4, 0x09, 0x65, 0x1A, 0x26, 0x2B,
    0x64, 0x12, 0xA3, 0x22, 0xC3, 0x22, 0x22, 0x12, 0xA3, 0x22, 0xE5, 0x3B, 0x64, 0x22, 0x43, 0x09,
    0x83, 0x11, 0xC3, 0x11, 0xE3, 0x11, 0xE3, 0x11, 0xE3, 0x11, 0x85, 0x22, 0x65, 0x1A, 0xA5, 0x22,
    0xA6, 0x22, 0xE7, 0x22, 0x07, 0x2B, 0x27, 0x2B, 0x26, 0x23, 0x47, 0x2B, 0xE5, 0x19, 0x02, 0x09,
    0x22, 0x09, 0x63, 0x11, 0x22, 0x09, 0xE6, 0x32, 0x66, 0x3B, 0xA3, 0x22, 0xA4, 0x2A, 0xE3, 0x11,
    0x81, 0x00, 0x62, 0x00, 0x61, 0x00, 0x81, 0x00, 0x61, 0x00, 0x62, 0x00, 0x62, 0x08, 0x61, 0x00,
    0x81, 0x00, 0x61, 0x00, 0x45, 0x22, 0x04, 0x22, 0xE1, 0x08, 0x24, 0x2A, 0x64, 0x2A, 0xA3, 0x2A,
    0x46, 0x43, 0x83, 0x11, 0x23, 0x09, 0x03, 0x09, 0xC6, 0x3A, 0x8A, 0x6C, 0xAB, 0x64, 0x09, 0x54,
    0xE3, 0x19, 0x42, 0x09, 0x62, 0x11, 0x43, 0x11, 0xC3, 0x08, 0x82, 0x08, 0xC2, 0x08, 0xA6, 0x29,
    0xE3, 0x10, 0x01, 0x00, 0x21, 0x00, 0x62, 0x00, 0xC3, 0x08, 0x24, 0x11, 0xC6, 0x19, 0xE6, 0x19,
    0xE9, 0x2A, 0x09, 0x2B, 0x09, 0x23, 0xC8, 0x2A, 0xE5, 0x11, 0xC4, 0x11, 0x22, 0x09, 0xE2, 0x08,
    0xC2, 0x08, 0xA2, 0x00, 0x62, 0x00, 0x42, 0x00, 0x61, 0x00, 0x61, 0x00, 0x62, 0x00, 0x20, 0x00,
    0xC2, 0x08, 0x03, 0x11, 0x81, 0x00, 0xC3, 0x08, 0x81, 0x00, 0x81, 0x00, 0x81, 0x00, 0x02, 0x09,
    0xC2, 0x08, 0x41, 0x00, 0xC2, 0x08, 0xC3, 0x08, 0x41, 0x00, 0x41, 0x00, 0x61, 0x00, 0x61, 0x00,
    0x81, 0x00, 0xA2, 0x00, 0xC3, 0x08, 0xE3, 0x08, 0xE2, 0x08, 0xC2, 0x08, 0x61, 0x00, 0xA2, 0x08,
    0xA2, 0x00, 0xA2, 0x00, 0x82, 0x08, 0x61, 0x00, 0x82, 0x00, 0x82, 0x00, 0x82, 0x00, 0x62, 0x00,
    0x63, 0x11, 0x44, 0x22, 0x04, 0x1A, 0xE4, 0x19, 0xC1, 0x00, 0xA2, 0x00, 0xE2, 0x08, 0x02, 0x09,
    0x42, 0x09, 0x83, 0x11, 0xE4, 0x19, 0x24, 0x1A, 0x24, 0x1A, 0x44, 0x1A, 0x42, 0x09, 0xC2, 0x08,
    0xC3, 0x08, 0xC3, 0x08, 0xA2, 0x08, 0x62, 0x00, 0x62, 0x00, 0x61, 0x00, 0x62, 0x00, 0x82, 0x00,
    0x82, 0x00, 0x82, 0x00, 0xA2, 0x00, 0x03, 0x09, 0x23, 0x09, 0xC3, 0x11, 0x84, 0x22, 0x24, 0x1A,
    0x65, 0x22, 0xA6, 0x22, 0xC6, 0x22, 0x85, 0x1A, 0xC3, 0x11, 0x81, 0x08, 0x61, 0x00, 0x21, 0x01,
    0xC3, 0x2A, 0x23, 0x22, 0x02, 0x09, 0x22, 0x11, 0xC1, 0x00, 0x03, 0x11, 0x02, 0x09, 0xE2, 0x08,
    0xE3, 0x08, 0xE4, 0x08, 0x04, 0x11, 0x04, 0x09, 0x24, 0x09, 0x24, 0x09, 0x04, 0x11, 0x62, 0x00,
    0x21, 0x00, 0x41, 0x00, 0x41, 0x00, 0xA2, 0x08, 0x41, 0x00, 0x21, 0x00, 0x21, 0x00, 0x41, 0x00,
    0x62, 0x00, 0x61, 0x00, 0x82, 0x00, 0x82, 0x00, 0xE3, 0x00, 0xC3, 0x00, 0xA2, 0x08, 0x82, 0x00,
    0x82, 0x00, 0x62, 0x00, 0x62, 0x00, 0x82, 0x00, 0xA2, 0x08, 0xC2, 0x08, 0xE3, 0x08, 0x03, 0x09,
    0x03, 0x09, 0x03, 0x09, 0x23, 0x09, 0x03, 0x09, 0x03, 0x09, 0x03, 0x09, 0x23, 0x09, 0x82, 0x00,
    0x21, 0x00, 0x41, 0x00, 0x41, 0x00, 0x41, 0x00, 0x41, 0x00, 0x41, 0x00, 0x41, 0x00, 0x41, 0x00,
    0x41, 0x00, 0x41, 0x00, 0x41, 0x00, 0x41, 0x00, 0x41, 0x00, 0x82, 0x00, 0xE3, 0x08, 0xC2, 0x00,
    0x43, 0x09, 0x47, 0x22, 0x26, 0x1A, 0x05, 0x12, 0xE5, 0x11, 0xC5, 0x19, 0x85, 0x11, 0x68, 0x3B,
    0x85, 0x3B, 0x46, 0x3B, 0x25, 0x1A, 0x06, 0x1A, 0x05, 0x12, 0xA6, 0x22, 0x68, 0x33, 0x44, 0x1A,
    0x44, 0x1A, 0x05, 0x23, 0xE4, 0x22, 0xA3, 0x22, 0x22, 0x12, 0x64, 0x33, 0xC7, 0x43, 0xE3, 0x11,
    0x83, 0x11, 0xC3, 0x19, 0xE3, 0x19, 0x04, 0x1A, 0x24, 0x1A, 0x85, 0x22, 0xA6, 0x22, 0xA6, 0x22,
    0xA6, 0x22, 0xC6, 0x22, 0x07, 0x23, 0x28, 0x2B, 0x68, 0x2B, 0xA9, 0x33, 0x28, 0x2B, 0x42, 0x09,
    0x23, 0x11, 0x23, 0x09, 0x43, 0x09, 0x62, 0x09, 0xE3, 0x11, 0x44, 0x22, 0x43, 0x1A, 0x03, 0x1A,
    0x02, 0x11, 0x61, 0x00, 0x04, 0x11, 0xC2, 0x08, 0x81, 0x00, 0xA2, 0x00, 0x82, 0x00, 0x82, 0x08,
    0x81, 0x00, 0xC1, 0x00, 0x43, 0x11, 0xE3, 0x19, 0x03, 0x1A, 0x63, 0x2A, 0x43, 0x22, 0x64, 0x2A,
    0x84, 0x2A, 0xA2, 0x11, 0xC4, 0x11, 0xE4, 0x11, 0x06, 0x33, 0x29, 0x5C, 0xA7, 0x43, 0x24, 0x22,
    0xE1, 0x00, 0x64, 0x11, 0xA4, 0x19, 0xC2, 0x08, 0x20, 0x00, 0x41, 0x00, 0x61, 0x00, 0x24, 0x19,
    0x69, 0x42, 0x20, 0x00, 0x82, 0x00, 0x03, 0x09, 0x65, 0x11, 0xE7, 0x11, 0x88, 0x1A, 0x4A, 0x33,
    0x08, 0x2B, 0x09, 0x23, 0x09, 0x2B, 0x05, 0x12, 0xE4, 0x11, 0x43, 0x09, 0xA1, 0x00, 0x43, 0x11,
    0x02, 0x09, 0x43, 0x09, 0xA2, 0x00, 0x21, 0x00, 0x41, 0x00, 0x41, 0x00, 0x41, 0x00, 0x41, 0x00,
    0x61, 0x00, 0x85, 0x19, 0x23, 0x11, 0x82, 0x00, 0xC2, 0x08, 0x82, 0x08, 0x41, 0x00, 0x41, 0x00,
    0xA2, 0x08, 0x61, 0x00, 0x64, 0x19, 0xA1, 0x00, 0xC2, 0x08, 0x82, 0x00, 0x61, 0x00, 0x41, 0x00,
    0x62, 0x00, 0xA2, 0x00, 0xC2, 0x08, 0xA2, 0x00, 0xA2, 0x00, 0x82, 0x00, 0x61, 0x00, 0xA2, 0x08,
    0xA2, 0x00, 0xA2, 0x00, 0x81, 0x00, 0x81, 0x00, 0x82, 0x00, 0x82, 0x00, 0x82, 0x00, 0x62, 0x00,
    0xA2, 0x08, 0xA1, 0x08, 0xA1, 0x00, 0xC2, 0x00, 0xA2, 0x08, 0xC2, 0x08, 0xC2, 0x08, 0xC2, 0x08,
    0xC2, 0x00, 0xA2, 0x00, 0xE2, 0x08, 0x83, 0x11, 0x04, 0x12, 0xC6, 0x22, 0xC4, 0x11, 0xE2, 0x08,
    0x03, 0x09, 0xE3, 0x08, 0xC3, 0x08, 0x03, 0x09, 0xE3, 0x08, 0xC2, 0x08, 0xA2, 0x00, 0xA2, 0x00,
    0x82, 0x08, 0x82, 0x08, 0xA2, 0x08, 0x23, 0x11, 0x83, 0x11, 0xA6, 0x2A, 0x67, 0x33, 0x27, 0x33,
    0xE6, 0x2A, 0x24, 0x1A, 0xA2, 0x11, 0xE4, 0x11, 0x25, 0x1A, 0xA4, 0x11, 0xA3, 0x11, 0xA5, 0x2A,
    0x06, 0x3B, 0x62, 0x11, 0xE2, 0x08, 0x81, 0x00, 0x81, 0x08, 0x64, 0x11, 0x22, 0x09, 0x22, 0x11,
    0xE3, 0x08, 0xE3, 0x08, 0xE3, 0x08, 0xE3, 0x08, 0xE3, 0x08, 0xE3, 0x08, 0xA2, 0x00, 0x41, 0x00,
    0x21, 0x00, 0x41, 0x00, 0xA2, 0x08, 0x62, 0x00, 0x41, 0x00, 0x41, 0x00, 0x41, 0x00, 0x82, 0x08,
    0x82, 0x00, 0x82, 0x00, 0xA2, 0x08, 0x82, 0x08, 0xE6, 0x19, 0x65, 0x11, 0xA2, 0x00, 0xC3, 0x08,
    0xA2, 0x00, 0xA2, 0x08, 0xC3, 0x08, 0xE3, 0x08, 0x44, 0x09, 0x44, 0x11, 0x43, 0x11, 0x23, 0x11,
    0x23, 0x11, 0x23, 0x09, 0x23, 0x09, 0x23, 0x09, 0x43, 0x11, 0x43, 0x11, 0x23, 0x09, 0xA2, 0x00,
    0x21, 0x00, 0x41, 0x00, 0x41, 0x00, 0x41, 0x00, 0x41, 0x00, 0x42, 0x00, 0x42, 0x00, 0x42, 0x00,
    0x42, 0x00, 0x41, 0x00, 0x41, 0x00, 0x41, 0x00, 0x61, 0x00, 0xC3, 0x08, 0xC3, 0x08, 0xC3, 0x00,
    0xC5, 0x19, 0xE5, 0x19, 0x05, 0x1A, 0x06, 0x1A, 0xE5, 0x19, 0xC5, 0x11, 0x05, 0x1A, 0xC7, 0x43,
    0x65, 0x3B, 0x06, 0x33, 0x05, 0x1A, 0x87, 0x1A, 0xE7, 0x22, 0x89, 0x33, 0x85, 0x1A, 0x03, 0x1A,
    0x84, 0x22, 0x45, 0x2B, 0x25, 0x2B, 0x04, 0x2B, 0x42, 0x1A, 0xA3, 0x22, 0xE6, 0x43, 0xA6, 0x3B,
    0x03, 0x1A, 0xE3, 0x11, 0x24, 0x1A, 0x03, 0x12, 0x65, 0x1A, 0x04, 0x12, 0xA6, 0x22, 0xC6, 0x22,
    0xE6, 0x22, 0xE6, 0x22, 0x07, 0x23, 0x27, 0x2B, 0x68, 0x2B, 0xC9, 0x33, 0xEA, 0x43, 0xE5, 0x19,
    0x23, 0x11, 0x02, 0x09, 0x83, 0x11, 0x83, 0x11, 0x63, 0x09, 0x21, 0x09, 0xE3, 0x19, 0x23, 0x1A,
    0x21, 0x09, 0xE2, 0x08, 0xA5, 0x21, 0xE7, 0x29, 0x04, 0x11, 0xA2, 0x00, 0xC3, 0x08, 0xA2, 0x00,
    0x43, 0x11, 0x24, 0x2A, 0xC3, 0x19, 0x82, 0x11, 0x24, 0x22, 0x63, 0x2A, 0x63, 0x2A, 0x43, 0x22,
    0xE3, 0x11, 0x24, 0x22, 0x24, 0x1A, 0x25, 0x1A, 0x63, 0x09, 0xA3, 0x11, 0x83, 0x11, 0xE2, 0x08,
    0xA2, 0x08, 0x81, 0x00, 0x41, 0x00, 0x21, 0x00, 0x61, 0x00, 0xA2, 0x08, 0xA2, 0x08, 0xA2, 0x08,
    0xE3, 0x10, 0xC2, 0x08, 0x04, 0x09, 0x65, 0x11, 0xE6, 0x11, 0x47, 0x1A, 0xAB, 0x33, 0x69, 0x2B,
    0x85, 0x1A, 0xE7, 0x22, 0x46, 0x1A, 0xE4, 0x11, 0x05, 0x1A, 0xC2, 0x08, 0xE2, 0x10, 0x83, 0x11,
    0x83, 0x11, 0x03, 0x1A, 0x22, 0x09, 0x21, 0x00, 0x41, 0x00, 0x21, 0x00, 0x41, 0x00, 0x62, 0x00,
    0x62, 0x00, 0x02, 0x09, 0x22, 0x09, 0x63, 0x11, 0x22, 0x11, 0xC2, 0x08, 0x41, 0x00, 0x41, 0x00,
    0x41, 0x00, 0x44, 0x11, 0x66, 0x2A, 0x46, 0x2A, 0xC5, 0x21, 0x61, 0x00, 0x61, 0x00, 0x82, 0x00,
    0x82, 0x08, 0xA2, 0x08, 0xC3, 0x08, 0xA2, 0x00, 0xC2, 0x00, 0xA2, 0x00, 0x81, 0x00, 0x82, 0x08,
    0x82, 0x08, 0x82, 0x00, 0x62, 0x00, 0x62, 0x00, 0x82, 0x00, 0x82, 0x00, 0x82, 0x00, 0x82, 0x00,
    0x62, 0x00, 0x82, 0x00, 0xA2, 0x08, 0xC2, 0x00, 0xC2, 0x08, 0xC2, 0x08, 0xC2, 0x08, 0xC2, 0x08,
    0xC3, 0x08, 0xA2, 0x08, 0xA2, 0x08, 0xA1, 0x00, 0xE2, 0x00, 0xC4, 0x11, 0x63, 0x11, 0x43, 0x11,
    0xA5, 0x11, 0xE3, 0x08, 0xA2, 0x00, 0xC3, 0x08, 0x23, 0x11, 0xE3, 0x08, 0xE2, 0x08, 0x23, 0x11,
    0x23, 0x09, 0xE2, 0x00, 0xE3, 0x08, 0xE2, 0x08, 0x22, 0x09, 0xE7, 0x32, 0xC9, 0x43, 0xA8, 0x3B,
    0x46, 0x33, 0x06, 0x2B, 0x64, 0x22, 0xC3, 0x11, 0x22, 0x09, 0x83, 0x11, 0xC3, 0x11, 0x24, 0x22,
    0x62, 0x11, 0x81, 0x00, 0x81, 0x00, 0x61, 0x00, 0xA2, 0x00, 0x64, 0x11, 0xE2, 0x08, 0x81, 0x00,
    0x04, 0x09, 0x04, 0x09, 0x24, 0x11, 0x44, 0x11, 0x44, 0x11, 0x44, 0x11, 0xA2, 0x00, 0x41, 0x00,
    0x21, 0x00, 0x62, 0x00, 0x82, 0x08, 0x21, 0x00, 0x41, 0x00, 0x41, 0x00, 0x41, 0x00, 0x41, 0x00,
    0x82, 0x00, 0x24, 0x11, 0x04, 0x09, 0xE3, 0x08, 0xA5, 0x11, 0xC5, 0x11, 0xC6, 0x19, 0x85, 0x11,
    0x24, 0x09, 0x44, 0x11, 0x44, 0x09, 0x44, 0x09, 0x64, 0x11, 0x64, 0x11, 0x23, 0x09, 0x23, 0x09,
    0x23, 0x09, 0x23, 0x09, 0x23, 0x09, 0x43, 0x09, 0x43, 0x09, 0x23, 0x09, 0x23, 0x09, 0xC2, 0x08,
    0x41, 0x00, 0x41, 0x00, 0x41, 0x00, 0x41, 0x00, 0x41, 0x00, 0x41, 0x00, 0x42, 0x00, 0x42, 0x00,
    0x42, 0x00, 0x41, 0x00, 0x41, 0x00, 0x41, 0x00, 0x41, 0x00, 0x41, 0x00, 0x41, 0x00, 0x03, 0x09,
    0x06, 0x1A, 0xC4, 0x11, 0xA4, 0x09, 0xE5, 0x11, 0x06, 0x1A, 0x06, 0x12, 0x07, 0x2B, 0xC6, 0x43,
    0x86, 0x43, 0x24, 0x1A, 0x66, 0x1A, 0x08, 0x23, 0x89, 0x33, 0x27, 0x2B, 0x23, 0x12, 0x24, 0x1A,
    0x44, 0x1A, 0x66, 0x33, 0x85, 0x33, 0x03, 0x2B, 0xA3, 0x22, 0x42, 0x12, 0x04, 0x2B, 0x08, 0x44,
    0xE5, 0x2A, 0x45, 0x1A, 0x03, 0x12, 0x65, 0x22, 0x24, 0x1A, 0x65, 0x22, 0x44, 0x1A, 0xC6, 0x22,
    0xE7, 0x2A, 0x07, 0x23, 0x06, 0x23, 0x27, 0x2B, 0x68, 0x2B, 0xA9, 0x33, 0xEA, 0x43, 0xC4, 0x11,
    0x43, 0x09, 0x43, 0x11, 0x43, 0x09, 0x63, 0x11, 0x63, 0x11, 0x45, 0x2A, 0xA5, 0x2A, 0x43, 0x1A,
    0xA1, 0x11, 0xE4, 0x21, 0x26, 0x2A, 0x4B, 0x53, 0x48, 0x32, 0x03, 0x09, 0xE2, 0x08, 0x42, 0x09,
    0x85, 0x32, 0x03, 0x1A, 0x62, 0x09, 0xC3, 0x19, 0x23, 0x22, 0xC5, 0x32, 0x47, 0x43, 0xC5, 0x32,
    0xC5, 0x2A, 0x64, 0x22, 0x24, 0x1A, 0x45, 0x1A, 0x65, 0x1A, 0xE8, 0x2A, 0x85, 0x11, 0x82, 0x00,
    0xE3, 0x10, 0xA3, 0x08, 0x41, 0x00, 0x41, 0x00, 0xA3, 0x08, 0xC2, 0x08, 0x82, 0x00, 0xA2, 0x00,
    0xE3, 0x08, 0x65, 0x11, 0xA5, 0x11, 0xC6, 0x11, 0x85, 0x09, 0x09, 0x2B, 0x0C, 0x44, 0x28, 0x2B,
    0xA5, 0x22, 0xA4, 0x22, 0x03, 0x12, 0x45, 0x22, 0x63, 0x11, 0xC2, 0x08, 0xA4, 0x19, 0xC3, 0x11,
    0x85, 0x22, 0x85, 0x22, 0x22, 0x09, 0x41, 0x00, 0x41, 0x00, 0x41, 0x00, 0x41, 0x00, 0x61, 0x00,
    0x41, 0x00, 0xE5, 0x21, 0xE3, 0x19, 0xA2, 0x11, 0xC4, 0x19, 0xE2, 0x08, 0xA2, 0x08, 0x41, 0x00,
    0xE2, 0x08, 0x45, 0x2A, 0x65, 0x22, 0x83, 0x19, 0x81, 0x00, 0x61, 0x00, 0x41, 0x00, 0x82, 0x08,
    0x82, 0x00, 0x82, 0x00, 0xC3, 0x08, 0xA2, 0x00, 0xA2, 0x00, 0xA2, 0x00, 0x82, 0x00, 0x82, 0x00,
    0x82, 0x00, 0x62, 0x00, 0x61, 0x00, 0x82, 0x00, 0x82, 0x00, 0x82, 0x00, 0x82, 0x00, 0x82, 0x00,
    0x82, 0x00, 0xA2, 0x08, 0xE3, 0x08, 0xC2, 0x00, 0xC2, 0x08, 0xC2, 0x08, 0xC2, 0x08, 0xC2, 0x08,
    0xC2, 0x08, 0xC2, 0x08, 0xC2, 0x08, 0xA2, 0x08, 0xA2, 0x00, 0x81, 0x00, 0xA2, 0x00, 0x03, 0x09,
    0xC5, 0x19, 0x23, 0x09, 0xE2, 0x08, 0xA1, 0x00, 0xA2, 0x00, 0x03, 0x09, 0x03, 0x09, 0x23, 0x11,
    0x24, 0x11, 0xC2, 0x00, 0xE3, 0x08, 0xC2, 0x08, 0xA1, 0x00, 0x22, 0x09, 0x45, 0x22, 0x07, 0x33,
    0x07, 0x33, 0x27, 0x2B, 0xE6, 0x22, 0x24, 0x1A, 0xA3, 0x11, 0x42, 0x11, 0xE2, 0x00, 0xC2, 0x08,
    0xC2, 0x08, 0x81, 0x00, 0x81, 0x00, 0x82, 0x08, 0x81, 0x00, 0x82, 0x00, 0x41, 0x00, 0x41, 0x00,
    0x03, 0x09, 0x03, 0x09, 0xE3, 0x00, 0x03, 0x09, 0xE3, 0x08, 0xA2, 0x08, 0x41, 0x00, 0x21, 0x00,
    0x41, 0x00, 0xA2, 0x08, 0x41, 0x00, 0x21, 0x00, 0x21, 0x00, 0x21, 0x00, 0x21, 0x00, 0x21, 0x00,
    0xA2, 0x08, 0x44, 0x09, 0x24, 0x09, 0x04, 0x09, 0xE6, 0x11, 0x67, 0x22, 0x06, 0x1A, 0x64, 0x11,
    0x64, 0x11, 0x44, 0x11, 0x44, 0x11, 0x64, 0x11, 0x64, 0x11, 0x63, 0x11, 0x63, 0x11, 0x43, 0x09,
    0x63, 0x11, 0x64, 0x11, 0x63, 0x11, 0x83, 0x11, 0x84, 0x11, 0x43, 0x09, 0x43, 0x09, 0x81, 0x00,
    0x41, 0x00, 0x41, 0x00, 0x41, 0x00, 0x41, 0x00, 0x41, 0x00, 0x41, 0x00, 0x42, 0x00, 0x42, 0x00,
    0x42, 0x00, 0x41, 0x00, 0x41, 0x00, 0x41, 0x00, 0x41, 0x00, 0x41, 0x00, 0x81, 0x00, 0x64, 0x11,
    0xA4, 0x11, 0xE5, 0x11, 0x05, 0x1A, 0x26, 0x1A, 0x26, 0x1A, 0x47, 0x1A, 0xE6, 0x32, 0xA6, 0x43,
    0xC5, 0x2A, 0x25, 0x1A, 0xE7, 0x22, 0x69, 0x2B, 0x28, 0x2B, 0x44, 0x1A, 0x03, 0x1A, 0x24, 0x1A,
    0x23, 0x12, 0xC5, 0x2A, 0x26, 0x2B, 0x66, 0x33, 0x04, 0x2B, 0x42, 0x1A, 0x43, 0x1A, 0x05, 0x2B,
    0x06, 0x2B, 0x85, 0x1A, 0x24, 0x1A, 0x85, 0x22, 0x24, 0x12, 0xA5, 0x22, 0x03, 0x1A, 0x64, 0x1A,
    0xA5, 0x1A, 0x07, 0x23, 0x07, 0x23, 0x27, 0x2B, 0x48, 0x2B, 0xCA, 0x3B, 0xEA, 0x43, 0xA4, 0x11,
    0x84, 0x11, 0x63, 0x11, 0x02, 0x09, 0x02, 0x01, 0xC6, 0x3A, 0xAE, 0x95, 0x4C, 0x85, 0xA5, 0x4B,
    0x69, 0x64, 0x84, 0x2A, 0x62, 0x11, 0x05, 0x2A, 0x63, 0x19, 0x63, 0x11, 0x22, 0x09, 0xE4, 0x19,
    0x44, 0x22, 0xC2, 0x11, 0x82, 0x11, 0xE3, 0x19, 0xC4, 0x32, 0x67, 0x53, 0x87, 0x53, 0xE9, 0x63,
    0x06, 0x33, 0xE5, 0x22, 0x65, 0x1A, 0x86, 0x22, 0x68, 0x2B, 0x8A, 0x33, 0x64, 0x09, 0xA2, 0x00,
    0xA2, 0x00, 0xA2, 0x08, 0x82, 0x08, 0x61, 0x00, 0xC3, 0x08, 0xA2, 0x08, 0x03, 0x09, 0x03, 0x09,
    0x03, 0x01, 0x85, 0x11, 0xC5, 0x11, 0xA5, 0x11, 0x44, 0x09, 0xAC, 0x4B, 0x0D, 0x44, 0x8A, 0x33,
    0xE6, 0x22, 0x83, 0x22, 0x64, 0x1A, 0xC4, 0x19, 0x81, 0x00, 0x44, 0x11, 0xC3, 0x11, 0xA6, 0x2A,
    0x06, 0x2B, 0x45, 0x22, 0xC2, 0x08, 0x21, 0x00, 0x21, 0x00, 0x21, 0x00, 0x41, 0x00, 0x41, 0x00,
    0x01, 0x00, 0x43, 0x11, 0x07, 0x3B, 0x82, 0x09, 0xA3, 0x11, 0x81, 0x00, 0xA2, 0x00, 0x81, 0x00,
    0xE5, 0x29, 0x69, 0x53, 0x63, 0x19, 0x61, 0x00, 0x82, 0x08, 0x82, 0x00, 0x41, 0x00, 0x62, 0x00,
    0x61, 0x00, 0x61, 0x00, 0xC2, 0x08, 0xA2, 0x00, 0xA2, 0x00, 0x82, 0x00, 0x82, 0x08, 0x61, 0x00,
    0x61, 0x00, 0x61, 0x00, 0x62, 0x00, 0x82, 0x00, 0x82, 0x00, 0x82, 0x00, 0x82, 0x00, 0x82, 0x08,
    0x82, 0x00, 0xC2, 0x00, 0x03, 0x09, 0xC2, 0x08, 0xE2, 0x08, 0xC2, 0x08, 0xC2, 0x08, 0xC2, 0x08,
    0xC2, 0x08, 0xC2, 0x08, 0xC2, 0x08, 0xC2, 0x00, 0x02, 0x09, 0xE4, 0x11, 0x46, 0x22, 0xE2, 0x00,
    0xC2, 0x08, 0xE2, 0x08, 0x03, 0x09, 0xE2, 0x08, 0xA1, 0x00, 0xE2, 0x08, 0x03, 0x09, 0xE3, 0x08,
    0xA2, 0x08, 0xA2, 0x00, 0x65, 0x11, 0x65, 0x11, 0xE3, 0x08, 0xC2, 0x00, 0xA1, 0x00, 0xC2, 0x00,
    0xE2, 0x08, 0x22, 0x09, 0x42, 0x09, 0x63, 0x11, 0x43, 0x11, 0x63, 0x11, 0x23, 0x09, 0xE2, 0x08,
    0xA2, 0x08, 0xA2, 0x00, 0x82, 0x00, 0x82, 0x08, 0x82, 0x00, 0x61, 0x00, 0x61, 0x00, 0x41, 0x00,
    0x65, 0x11, 0xA5, 0x11, 0xA6, 0x11, 0xA6, 0x19, 0xC3, 0x08, 0x41, 0x00, 0x41, 0x00, 0x21, 0x00,
    0x82, 0x08, 0x82, 0x00, 0x21, 0x00, 0x21, 0x00, 0x21, 0x00, 0x62, 0x00, 0x82, 0x08, 0xC3, 0x08,
    0xE3, 0x08, 0x44, 0x11, 0xC3, 0x08, 0x03, 0x09, 0x68, 0x22, 0xE5, 0x11, 0x84, 0x09, 0x84, 0x11,
    0x84, 0x11, 0x84, 0x11, 0x64, 0x11, 0x64, 0x11, 0x64, 0x11, 0x63, 0x11, 0x43, 0x11, 0x63, 0x09,
    0x63, 0x11, 0x83, 0x11, 0x84, 0x11, 0x83, 0x09, 0xE5, 0x19, 0xA5, 0x19, 0xC2, 0x08, 0x41, 0x00,
    0x41, 0x00, 0x41, 0x00, 0x41, 0x00, 0x41, 0x00, 0x41, 0x00, 0x41, 0x00, 0x41, 0x00, 0x42, 0x00,
    0x42, 0x00, 0x41, 0x00, 0x41, 0x00, 0x61, 0x00, 0x82, 0x00, 0xA2, 0x08, 0x02, 0x09, 0x84, 0x11,
    0xA4, 0x11, 0x05, 0x1A, 0x05, 0x1A, 0x47, 0x1A, 0xA7, 0x22, 0x26, 0x12, 0xE6, 0x3A, 0x68, 0x43,
    0x62, 0x09, 0xC7, 0x22, 0x68, 0x23, 0x89, 0x2B, 0x85, 0x22, 0xE3, 0x11, 0x24, 0x1A, 0x65, 0x1A,
    0x24, 0x1A, 0x65, 0x22, 0xC3, 0x11, 0xC5, 0x2A, 0x46, 0x33, 0x45, 0x33, 0x83, 0x1A, 0x84, 0x1A,
    0xA5, 0x22, 0x04, 0x12, 0xC6, 0x2A, 0x24, 0x1A, 0xA6, 0x22, 0x44, 0x1A, 0x65, 0x22, 0x03, 0x1A,
    0x45, 0x1A, 0xC6, 0x22, 0x27, 0x2B, 0x28, 0x2B, 0x48, 0x2B, 0x68, 0x33, 0x89, 0x3B, 0xC4, 0x11,
    0x83, 0x09, 0x45, 0x1A, 0xA6, 0x22, 0x24, 0x1A, 0xA8, 0x4B, 0x8C, 0x8D, 0x0A, 0x7D, 0x68, 0x64,
    0x68, 0x64, 0x84, 0x2A, 0x42, 0x09, 0x22, 0x09, 0x22, 0x09, 0x62, 0x11, 0x83, 0x11, 0xE3, 0x19,
    0x23, 0x1A, 0xC2, 0x11, 0x24, 0x22, 0x26, 0x43, 0xA7, 0x5B, 0xE9, 0x6B, 0x8B, 0x7C, 0x47, 0x53,
    0x44, 0x1A, 0x07, 0x2B, 0xC6, 0x22, 0x65, 0x1A, 0x28, 0x2B, 0xE8, 0x2A, 0xA5, 0x11, 0xA5, 0x11,
    0x64, 0x09, 0x24, 0x09, 0xC3, 0x08, 0xC3, 0x08, 0xE3, 0x08, 0xC3, 0x08, 0x85, 0x11, 0x44, 0x09,
    0xE3, 0x00, 0x85, 0x11, 0x85, 0x11, 0x24, 0x09, 0x64, 0x09, 0x0C, 0x4C, 0x6D, 0x54, 0xAA, 0x3B,
    0xA5, 0x22, 0x62, 0x1A, 0x04, 0x23, 0xA2, 0x11, 0x42, 0x00, 0x23, 0x09, 0xE7, 0x32, 0x48, 0x3B,
    0x44, 0x1A, 0x43, 0x09, 0x61, 0x00, 0x82, 0x08, 0x40, 0x00, 0x41, 0x00, 0x41, 0x00, 0x61, 0x00,
    0x62, 0x00, 0xC1, 0x08, 0xC3, 0x19, 0xA3, 0x11, 0xA3, 0x11, 0x61, 0x00, 0x20, 0x00, 0x02, 0x09,
    0x25, 0x22, 0xA4, 0x19, 0x81, 0x00, 0x82, 0x00, 0x82, 0x08, 0x62, 0x00, 0x21, 0x00, 0x62, 0x00,
    0x41, 0x00, 0x21, 0x00, 0x82, 0x08, 0xA2, 0x08, 0x81, 0x00, 0xA2, 0x08, 0xE3, 0x08, 0x81, 0x00,
    0x61, 0x00, 0x61, 0x00, 0x61, 0x00, 0x61, 0x00, 0x62, 0x00, 0x82, 0x00, 0x82, 0x00, 0x82, 0x00,
    0x82, 0x00, 0x82, 0x00, 0xE3, 0x08, 0xE2, 0x08, 0xC3, 0x08, 0xE2, 0x08, 0xE2, 0x08, 0xE3, 0x08,
    0xE3, 0x08, 0xC3, 0x08, 0xC2, 0x08, 0xE2, 0x00, 0x42, 0x09, 0x45, 0x1A, 0x48, 0x33, 0xA4, 0x11,
    0xA1, 0x00, 0xE2, 0x08, 0x23, 0x11, 0x03, 0x09, 0x81, 0x00, 0x81, 0x00, 0xA2, 0x00, 0xC2, 0x08,
    0x82, 0x00, 0x84, 0x11, 0x67, 0x22, 0x05, 0x1A, 0xC4, 0x11, 0x84, 0x11, 0x63, 0x11, 0xE3, 0x08,
    0xA2, 0x00, 0xA2, 0x00, 0xA2, 0x00, 0xA1, 0x00, 0xA1, 0x00, 0xA2, 0x00, 0x81, 0x00, 0xC2, 0x08,
    0x43, 0x11, 0x03, 0x09, 0xA1, 0x00, 0xC2, 0x08, 0xC2, 0x08, 0x61, 0x00, 0x61, 0x00, 0x61, 0x00,
    0xE3, 0x08, 0xA2, 0x00, 0xE3, 0x08, 0xA3, 0x08, 0x82, 0x00, 0x62, 0x00, 0x41, 0x00, 0x61, 0x00,
    0xA2, 0x08, 0x61, 0x00, 0x82, 0x00, 0xC3, 0x08, 0xE3, 0x10, 0xE4, 0x10, 0xE3, 0x08, 0xC3, 0x08,
    0xE3, 0x08, 0xE3, 0x08, 0xA2, 0x08, 0xE3, 0x08, 0x84, 0x09, 0xE5, 0x11, 0xE6, 0x19, 0xA4, 0x11,
    0xC5, 0x19, 0xA5, 0x11, 0x84, 0x11, 0x84, 0x11, 0x83, 0x11, 0x63, 0x09, 0x64, 0x11, 0xC4, 0x11,
    0xC5, 0x11, 0x83, 0x09, 0xE5, 0x11, 0x87, 0x22, 0xA4, 0x11, 0xA2, 0x08, 0x41, 0x00, 0x41, 0x00,
    0x41, 0x00, 0x41, 0x00, 0x41, 0x00, 0x41, 0x00, 0x41, 0x00, 0x41, 0x00, 0x41, 0x00, 0x41, 0x00,
    0x41, 0x00, 0x62, 0x00, 0xA2, 0x00, 0xE2, 0x08, 0xE3, 0x08, 0xE3, 0x08, 0xE2, 0x08, 0x02, 0x09,
    0x02, 0x09, 0x02, 0x09, 0x02, 0x09, 0xC2, 0x00, 0xE2, 0x08, 0xC2, 0x00, 0xC4, 0x21, 0x02, 0x11,
    0xA4, 0x09, 0x69, 0x2B, 0x68, 0x2B, 0x07, 0x23, 0x45, 0x1A, 0x04, 0x1A, 0x24, 0x1A, 0x65, 0x1A,
    0x86, 0x22, 0x25, 0x1A, 0xE2, 0x08, 0xC1, 0x00, 0x62, 0x11, 0x85, 0x2A, 0xA8, 0x43, 0x67, 0x3B,
    0x45, 0x1A, 0x86, 0x1A, 0xE7, 0x22, 0x65, 0x1A, 0x07, 0x2B, 0x45, 0x1A, 0xA6, 0x22, 0x44, 0x1A,
    0x04, 0x1A, 0x65, 0x22, 0x27, 0x2B, 0x47, 0x23, 0x48, 0x2B, 0xCA, 0x3B, 0xEA, 0x43, 0x24, 0x12,
    0x85, 0x22, 0x06, 0x2B, 0x87, 0x33, 0x67, 0x33, 0x43, 0x1A, 0x46, 0x3B, 0x28, 0x5C, 0xE9, 0x6C,
    0x65, 0x4B, 0x62, 0x11, 0x02, 0x09, 0x03, 0x09, 0x43, 0x09, 0xC4, 0x11, 0xA2, 0x09, 0x84, 0x2A,
    0x63, 0x2A, 0x84, 0x32, 0x66, 0x4B, 0x26, 0x4B, 0x66, 0x53, 0xA7, 0x5B, 0x65, 0x3A, 0xA1, 0x00,
    0x03, 0x09, 0xA4, 0x11, 0x08, 0x2B, 0xC6, 0x22, 0xE7, 0x22, 0x05, 0x1A, 0x85, 0x09, 0x27, 0x1A,
    0x68, 0x22, 0x48, 0x22, 0x85, 0x11, 0x03, 0x09, 0xE3, 0x08, 0xE3, 0x08, 0x65, 0x11, 0x07, 0x22,
    0x68, 0x2A, 0x84, 0x11, 0x44, 0x09, 0x24, 0x09, 0xC5, 0x11, 0x8B, 0x3B, 0xEF, 0x64, 0x68, 0x33,
    0x23, 0x1A, 0xC3, 0x11, 0xA3, 0x22, 0xE3, 0x2A, 0x03, 0x1A, 0x21, 0x01, 0x84, 0x19, 0x02, 0x09,
    0x21, 0x00, 0x22, 0x00, 0x41, 0x00, 0x62, 0x00, 0x61, 0x00, 0x41, 0x00, 0xA1, 0x08, 0x23, 0x09,
    0x02, 0x09, 0x22, 0x09, 0x83, 0x11, 0xA3, 0x11, 0xA3, 0x11, 0x22, 0x09, 0x62, 0x11, 0x44, 0x1A,
    0xA2, 0x11, 0x81, 0x00, 0x41, 0x00, 0xA2, 0x08, 0xA2, 0x00, 0x61, 0x00, 0x21, 0x00, 0x41, 0x00,
    0x21, 0x00, 0x21, 0x00, 0x41, 0x00, 0x81, 0x00, 0x81, 0x00, 0x82, 0x00, 0xE3, 0x10, 0xA2, 0x08,
    0x42, 0x00, 0x62, 0x00, 0x62, 0x00, 0x62, 0x00, 0x82, 0x08, 0xA2, 0x08, 0x82, 0x00, 0x82, 0x00,
    0x82, 0x00, 0x82, 0x00, 0xC2, 0x08, 0xE3, 0x08, 0xE3, 0x08, 0xE2, 0x08, 0xE2, 0x08, 0xE2, 0x08,
    0x23, 0x09, 0x03, 0x09, 0xE2, 0x08, 0x22, 0x09, 0x63, 0x11, 0x65, 0x1A, 0x69, 0x33, 0x28, 0x2B,
    0xA7, 0x22, 0x22, 0x09, 0x22, 0x11, 0x22, 0x09, 0x46, 0x22, 0x05, 0x1A, 0x83, 0x11, 0x42, 0x11,
    0x02, 0x09, 0xC4, 0x11, 0x44, 0x1A, 0x64, 0x1A, 0x25, 0x1A, 0xC5, 0x11, 0xA4, 0x11, 0x64, 0x11,
    0x23, 0x09, 0x23, 0x11, 0x23, 0x11, 0x02, 0x09, 0x02, 0x09, 0x23, 0x11, 0xC2, 0x08, 0xE2, 0x08,
    0x22, 0x09, 0x63, 0x09, 0xC4, 0x11, 0x63, 0x09, 0xA1, 0x00, 0x61, 0x00, 0x61, 0x00, 0x41, 0x00,
    0x85, 0x11, 0x44, 0x11, 0xA2, 0x00, 0x82, 0x00, 0xA3, 0x08, 0x82, 0x00, 0x61, 0x00, 0xC3, 0x08,
    0xE3, 0x08, 0xE3, 0x08, 0xE3, 0x08, 0xC3, 0x08, 0xA2, 0x00, 0x82, 0x00, 0x61, 0x00, 0xA1, 0x00,
    0xE3, 0x08, 0xE3, 0x08, 0x03, 0x09, 0xE3, 0x08, 0xA5, 0x11, 0x46, 0x22, 0xC4, 0x11, 0xE5, 0x19,
    0xA4, 0x11, 0x84, 0x11, 0x64, 0x11, 0xC4, 0x11, 0x06, 0x1A, 0x63, 0x11, 0x43, 0x11, 0x63, 0x11,
    0xA4, 0x11, 0xC8, 0x2A, 0x87, 0x1A, 0xA7, 0x22, 0xC5, 0x19, 0x21, 0x00, 0x21, 0x00, 0x41, 0x00,
    0x41, 0x00, 0x41, 0x00, 0x41, 0x00, 0x41, 0x00, 0x41, 0x00, 0x42, 0x00, 0x41, 0x00, 0x61, 0x00,
    0xA2, 0x00, 0xE3, 0x08, 0x03, 0x09, 0x03, 0x09, 0xE3, 0x08, 0xC3, 0x08, 0xC2, 0x08, 0xA2, 0x00,
    0xA1, 0x08, 0xA2, 0x08, 0x61, 0x00, 0x41, 0x00, 0x20, 0x00, 0x42, 0x00, 0x41, 0x00, 0x23, 0x11,
    0x29, 0x2B, 0x69, 0x2B, 0x49, 0x2B, 0x45, 0x1A, 0x04, 0x1A, 0x24, 0x1A, 0x45, 0x1A, 0x45, 0x12,
    0xC7, 0x2A, 0x43, 0x09, 0x81, 0x00, 0x82, 0x08, 0x82, 0x00, 0x81, 0x00, 0xA3, 0x19, 0x24, 0x22,
    0x43, 0x11, 0x87, 0x22, 0x86, 0x1A, 0x28, 0x2B, 0xE7, 0x2A, 0x66, 0x1A, 0xA6, 0x1A, 0x65, 0x1A,
    0x44, 0x1A, 0x03, 0x1A, 0x07, 0x2B, 0xA9, 0x33, 0x89, 0x33, 0xCA, 0x3B, 0xC9, 0x43, 0xA4, 0x1A,
    0x05, 0x23, 0xE5, 0x22, 0xE4, 0x22, 0x26, 0x2B, 0x84, 0x1A, 0x03, 0x1A, 0xA7, 0x43, 0x45, 0x3B,
    0xC1, 0x00, 0x82, 0x00, 0x81, 0x00, 0x82, 0x00, 0xE2, 0x08, 0x83, 0x11, 0x02, 0x1A, 0xC4, 0x3A,
    0x67, 0x53, 0x29, 0x6C, 0x07, 0x64, 0xA6, 0x5B, 0x26, 0x43, 0xA3, 0x19, 0x40, 0x00, 0x62, 0x00,
    0x62, 0x00, 0x61, 0x00, 0xE5, 0x19, 0x28, 0x2B, 0xC7, 0x22, 0x23, 0x09, 0xE6, 0x21, 0x07, 0x1A,
    0x27, 0x1A, 0x88, 0x22, 0x68, 0x22, 0x06, 0x1A, 0x64, 0x11, 0xC2, 0x00, 0x24, 0x09, 0x85, 0x11,
    0xE9, 0x32, 0x26, 0x1A, 0x23, 0x01, 0x85, 0x11, 0xE5, 0x19, 0xC7, 0x2A, 0x6D, 0x54, 0xA6, 0x22,
    0x83, 0x11, 0xA1, 0x00, 0x82, 0x11, 0xE3, 0x2A, 0x43, 0x2B, 0x43, 0x22, 0x40, 0x00, 0x41, 0x00,
    0xA2, 0x08, 0x04, 0x11, 0x04, 0x11, 0x82, 0x00, 0x03, 0x11, 0xC2, 0x08, 0x43, 0x09, 0xE4, 0x19,
    0xA3, 0x11, 0x22, 0x09, 0x22, 0x09, 0x63, 0x11, 0x02, 0x09, 0x03, 0x12, 0x05, 0x2B, 0xA6, 0x3B,
    0x44, 0x22, 0x82, 0x00, 0x41, 0x00, 0x81, 0x00, 0xA2, 0x00, 0x61, 0x00, 0x21, 0x00, 0x41, 0x00,
    0x41, 0x00, 0x41, 0x00, 0x41, 0x00, 0x41, 0x00, 0x61, 0x00, 0x62, 0x00, 0x41, 0x00, 0x61, 0x00,
    0x62, 0x00, 0x61, 0x00, 0x62, 0x00, 0xA2, 0x08, 0xC2, 0x08, 0xA2, 0x08, 0x82, 0x00, 0x82, 0x00,
    0x82, 0x00, 0x82, 0x00, 0x82, 0x00, 0xE2, 0x08, 0xE2, 0x08, 0xE3, 0x08, 0xE2, 0x08, 0x02, 0x09,
    0x83, 0x11, 0x63, 0x09, 0x63, 0x11, 0xC4, 0x19, 0xE3, 0x19, 0x44, 0x1A, 0x69, 0x33, 0x0B, 0x3C,
    0x69, 0x2B, 0x62, 0x09, 0x25, 0x22, 0x07, 0x2B, 0x88, 0x33, 0x09, 0x3C, 0x88, 0x33, 0x05, 0x2B,
    0xC4, 0x22, 0x43, 0x1A, 0x24, 0x1A, 0x24, 0x1A, 0x25, 0x1A, 0x26, 0x1A, 0x05, 0x1A, 0xC4, 0x11,
    0x84, 0x11, 0x83, 0x11, 0x63, 0x09, 0x83, 0x11, 0x83, 0x11, 0x02, 0x09, 0xE2, 0x08, 0x04, 0x1A,
    0x24, 0x1A, 0x82, 0x09, 0x24, 0x1A, 0x65, 0x1A, 0x63, 0x11, 0x61, 0x00, 0x61, 0x00, 0x41, 0x00,
    0x85, 0x11, 0x44, 0x11, 0x04, 0x09, 0x04, 0x09, 0x04, 0x09, 0xE3, 0x08, 0xC3, 0x08, 0xC3, 0x08,
    0xC3, 0x08, 0xC3, 0x08, 0xA2, 0x08, 0xA2, 0x08, 0xA2, 0x08, 0xC3, 0x08, 0xC2, 0x08, 0xA2, 0x00,
    0xC2, 0x08, 0x03, 0x09, 0x44, 0x11, 0x44, 0x09, 0xA4, 0x11, 0xA4, 0x11, 0x05, 0x1A, 0xC5, 0x11,
    0x84, 0x11, 0x63, 0x11, 0x84, 0x11, 0x06, 0x1A, 0x26, 0x1A, 0xE5, 0x19, 0x84, 0x11, 0x43, 0x11,
    0xC5, 0x11, 0x67, 0x22, 0x26, 0x1A, 0x66, 0x22, 0x43, 0x09, 0x41, 0x00, 0x41, 0x00, 0x41, 0x00,
    0x41, 0x00, 0x41, 0x00, 0x41, 0x00, 0x42, 0x00, 0x42, 0x00, 0x41, 0x00, 0x61, 0x00, 0xE2, 0x08,
    0x03, 0x09, 0x24, 0x11, 0x23, 0x11, 0x02, 0x09, 0xC2, 0x08, 0xC2, 0x08, 0xC2, 0x08, 0xC2, 0x08,
    0xC2, 0x08, 0xC2, 0x08, 0x62, 0x00, 0x61, 0x00, 0x61, 0x00, 0x41, 0x00, 0xC2, 0x00, 0xE8, 0x22,
    0x48, 0x2B, 0x48, 0x2B, 0xE7, 0x22, 0x04, 0x12, 0x04, 0x1A, 0x24, 0x1A, 0x86, 0x22, 0xA6, 0x22,
    0xE4, 0x19, 0xA1, 0x00, 0x81, 0x00, 0x82, 0x08, 0xA2, 0x00, 0xA1, 0x00, 0x61, 0x00, 0x82, 0x00,
    0xA1, 0x00, 0xE2, 0x08, 0xE5, 0x19, 0x87, 0x22, 0x25, 0x1A, 0x25, 0x1A, 0x25, 0x12, 0x45, 0x22,
    0xE7, 0x2A, 0x64, 0x1A, 0x84, 0x1A, 0x89, 0x33, 0xCA, 0x3B, 0x2B, 0x4C, 0x88, 0x33, 0xA4, 0x1A,
    0xC5, 0x22, 0x05, 0x23, 0x25, 0x23, 0x04, 0x23, 0xC5, 0x22, 0x24, 0x1A, 0x03, 0x12, 0xE3, 0x19,
    0xE5, 0x21, 0xA5, 0x32, 0x63, 0x11, 0x60, 0x00, 0x61, 0x00, 0x62, 0x00, 0x62, 0x19, 0xE6, 0x4A,
    0x82, 0x21, 0xC3, 0x19, 0x64, 0x32, 0xA5, 0x3A, 0x63, 0x11, 0x61, 0x00, 0x42, 0x00, 0x41, 0x00,
    0x82, 0x00, 0x61, 0x00, 0x40, 0x00, 0xC5, 0x19, 0x2A, 0x3B, 0xE3, 0x08, 0x03, 0x09, 0x65, 0x11,
    0xC6, 0x11, 0xE6, 0x11, 0x06, 0x1A, 0x26, 0x1A, 0x84, 0x11, 0x44, 0x11, 0xA6, 0x21, 0xE2, 0x00,
    0x43, 0x09, 0x06, 0x1A, 0x43, 0x09, 0x64, 0x09, 0x06, 0x1A, 0x46, 0x1A, 0xC8, 0x32, 0x63, 0x09,
    0xA2, 0x00, 0xA2, 0x00, 0x81, 0x00, 0x03, 0x1A, 0xE3, 0x22, 0xE3, 0x2A, 0x82, 0x11, 0x04, 0x11,
    0x25, 0x11, 0x23, 0x11, 0xC4, 0x21, 0xE3, 0x19, 0x84, 0x22, 0x23, 0x12, 0xA4, 0x22, 0x86, 0x33,
    0x86, 0x2B, 0xC5, 0x22, 0x44, 0x1A, 0x83, 0x11, 0x01, 0x09, 0x43, 0x1A, 0x07, 0x4C, 0x0B, 0x6D,
    0x64, 0x2A, 0x82, 0x00, 0xC3, 0x08, 0x61, 0x00, 0xA2, 0x08, 0x62, 0x08, 0x41, 0x00, 0x41, 0x00,
    0x41, 0x00, 0x41, 0x00, 0x41, 0x00, 0x41, 0x00, 0x61, 0x00, 0x82, 0x00, 0x41, 0x00, 0x41, 0x00,
    0x81, 0x00, 0xC2, 0x08, 0x02, 0x11, 0x03, 0x09, 0xE3, 0x08, 0xC2, 0x08, 0xA2, 0x08, 0xA2, 0x08,
    0x82, 0x08, 0x82, 0x00, 0x41, 0x00, 0xC2, 0x08, 0x63, 0x11, 0x02, 0x09, 0xE2, 0x08, 0x02, 0x09,
    0x05, 0x1A, 0x25, 0x1A, 0xE4, 0x19, 0xE3, 0x19, 0xE3, 0x11, 0xA5, 0x22, 0xEB, 0x43, 0x0B, 0x44,
    0xAA, 0x3B, 0x25, 0x1A, 0xC7, 0x2A, 0x88, 0x2B, 0x47, 0x2B, 0xE9, 0x3B, 0xA8, 0x3B, 0x05, 0x2B,
    0x43, 0x1A, 0xE3, 0x11, 0x04, 0x1A, 0x05, 0x1A, 0x26, 0x1A, 0x05, 0x1A, 0x05, 0x1A, 0x05, 0x1A,
    0xC4, 0x11, 0xE4, 0x19, 0xC4, 0x19, 0xC4, 0x19, 0x43, 0x11, 0x41, 0x00, 0xC2, 0x08, 0xE6, 0x32,
    0xA8, 0x43, 0x45, 0x22, 0xE3, 0x19, 0x48, 0x33, 0x48, 0x33, 0x23, 0x11, 0x41, 0x00, 0x41, 0x00,
    0x03, 0x09, 0xE3, 0x08, 0x04, 0x09, 0xC3, 0x08, 0xA2, 0x00, 0xA2, 0x00, 0xC3, 0x08, 0xC3, 0x08,
    0xC3, 0x08, 0xC3, 0x08, 0xC3, 0x08, 0xA2, 0x08, 0xC2, 0x00, 0xE3, 0x08, 0xE3, 0x08, 0xC3, 0x08,
    0xC3, 0x08, 0xE3, 0x08, 0xE3, 0x08, 0x44, 0x11, 0x44, 0x09, 0xA4, 0x11, 0xA4, 0x11, 0xA5, 0x11,
    0x84, 0x11, 0x84, 0x11, 0xC4, 0x11, 0x05, 0x1A, 0x25, 0x1A, 0x47, 0x1A, 0x26, 0x1A, 0xE5, 0x19,
    0x67, 0x22, 0xA4, 0x11, 0xC2, 0x00, 0xC1, 0x00, 0x81, 0x00, 0x82, 0x08, 0x62, 0x00, 0x62, 0x00,
    0x62, 0x00, 0x41, 0x00, 0x42, 0x00, 0x42, 0x00, 0x62, 0x00, 0x41, 0x00, 0xC2, 0x08, 0x43, 0x09,
    0x43, 0x09, 0x43, 0x09, 0x23, 0x09, 0x03, 0x09, 0xE2, 0x08, 0xC2, 0x00, 0xE2, 0x08, 0xE2, 0x08,
    0xE2, 0x08, 0xA2, 0x08, 0x61, 0x00, 0x61, 0x00, 0x61, 0x00, 0x61, 0x00, 0x05, 0x1A, 0x28, 0x2B,
    0x69, 0x2B, 0x48, 0x2B, 0x44, 0x1A, 0x04, 0x1A, 0x04, 0x1A, 0x45, 0x1A, 0xA6, 0x22, 0x86, 0x22,
    0x42, 0x09, 0x22, 0x09, 0xC2, 0x00, 0xA2, 0x00, 0xA2, 0x00, 0xA2, 0x00, 0xA2, 0x00, 0xA2, 0x00,
    0xA2, 0x00, 0x81, 0x00, 0xC2, 0x08, 0xA1, 0x00, 0x03, 0x09, 0x02, 0x09, 0xC2, 0x08, 0x81, 0x00,
    0xE2, 0x08, 0x24, 0x1A, 0x64, 0x1A, 0x07, 0x2B, 0x0A, 0x44, 0x2B, 0x4C, 0x65, 0x1A, 0x63, 0x09,
    0x83, 0x11, 0xC3, 0x11, 0x44, 0x1A, 0xC5, 0x22, 0x04, 0x2B, 0xC4, 0x2A, 0x43, 0x1A, 0x25, 0x3B,
    0xC6, 0x53, 0xE7, 0x53, 0x86, 0x43, 0x44, 0x2A, 0x22, 0x11, 0xA1, 0x00, 0xA3, 0x19, 0xC3, 0x21,
    0x02, 0x09, 0x03, 0x09, 0x23, 0x09, 0x23, 0x09, 0x63, 0x09, 0x63, 0x11, 0x03, 0x09, 0x82, 0x00,
    0x41, 0x00, 0x82, 0x00, 0x61, 0x00, 0x61, 0x00, 0x03, 0x09, 0xC2, 0x08, 0xC2, 0x08, 0x82, 0x08,
    0x24, 0x09, 0xC6, 0x19, 0x84, 0x11, 0x84, 0x11, 0x23, 0x09, 0x24, 0x11, 0x43, 0x19, 0xE3, 0x08,
    0xA2, 0x00, 0x23, 0x09, 0x63, 0x11, 0x64, 0x11, 0x84, 0x11, 0x05, 0x1A, 0x47, 0x22, 0xE3, 0x00,
    0x04, 0x09, 0x23, 0x09, 0xC2, 0x08, 0xE2, 0x08, 0x63, 0x22, 0x04, 0x33, 0xA4, 0x2A, 0xA2, 0x08,
    0x43, 0x11, 0xA3, 0x19, 0xE3, 0x21, 0x43, 0x1A, 0x24, 0x2B, 0x45, 0x2B, 0x65, 0x2B, 0x86, 0x33,
    0x85, 0x33, 0x65, 0x2B, 0x66, 0x2B, 0x87, 0x33, 0xE6, 0x2A, 0x47, 0x33, 0x8E, 0x85, 0x47, 0x43,
    0x02, 0x09, 0x82, 0x00, 0xA2, 0x08, 0xC3, 0x08, 0x62, 0x00, 0x62, 0x00, 0x61, 0x00, 0x41, 0x00,
    0x41, 0x00, 0x41, 0x00, 0x41, 0x00, 0x41, 0x00, 0x61, 0x00, 0x62, 0x00, 0x21, 0x00, 0x41, 0x00,
    0xA2, 0x08, 0x22, 0x11, 0x43, 0x11, 0x23, 0x09, 0xE2, 0x08, 0xE2, 0x08, 0xC2, 0x08, 0xA2, 0x08,
    0xA2, 0x08, 0x61, 0x00, 0x41, 0x00, 0x02, 0x09, 0x44, 0x1A, 0x82, 0x11, 0x02, 0x09, 0x63, 0x11,
    0x24, 0x1A, 0x86, 0x1A, 0x04, 0x12, 0x82, 0x11, 0xC3, 0x11, 0xC6, 0x2A, 0xE7, 0x2A, 0x89, 0x33,
    0xEB, 0x43, 0x86, 0x1A, 0x27, 0x2B, 0x88, 0x2B, 0x88, 0x2B, 0xA8, 0x33, 0xE6, 0x2A, 0x43, 0x1A,
    0xE2, 0x11, 0x04, 0x1A, 0x24, 0x22, 0xA3, 0x11, 0x83, 0x11, 0xE4, 0x11, 0x25, 0x1A, 0x04, 0x12,
    0x05, 0x1A, 0x63, 0x11, 0x61, 0x00, 0x82, 0x00, 0x61, 0x00, 0x41, 0x00, 0xC2, 0x00, 0x85, 0x22,
    0xA8, 0x3B, 0xEA, 0x53, 0x65, 0x22, 0x04, 0x12, 0x06, 0x2B, 0xE4, 0x19, 0x40, 0x00, 0x41, 0x00,
    0x24, 0x09, 0x24, 0x09, 0xE3, 0x08, 0x24, 0x11, 0x86, 0x19, 0x45, 0x19, 0xE3, 0x08, 0xC3, 0x08,
    0xC2, 0x08, 0xC2, 0x00, 0x03, 0x09, 0x24, 0x09, 0x03, 0x09, 0xC3, 0x08, 0xC3, 0x08, 0xA2, 0x00,
    0xA2, 0x08, 0x82, 0x00, 0x61, 0x00, 0x82, 0x08, 0xC2, 0x08, 0x64, 0x11, 0xA4, 0x11, 0xA4, 0x11,
    0x83, 0x11, 0xA4, 0x11, 0xE4, 0x11, 0x25, 0x1A, 0x25, 0x12, 0x87, 0x22, 0xE9, 0x32, 0x26, 0x1A,
    0xC5, 0x11, 0xA2, 0x00, 0x81, 0x08, 0x81, 0x00, 0x82, 0x08, 0x62, 0x00, 0x41, 0x00, 0x61, 0x00,
    0x82, 0x00, 0x82, 0x00, 0x61, 0x00, 0x61, 0x00, 0x61, 0x00, 0x82, 0x00, 0x23, 0x11, 0x63, 0x11,
    0x43, 0x11, 0x43, 0x11, 0x03, 0x09, 0xE2, 0x08, 0xE2, 0x08, 0xE2, 0x08, 0x03, 0x09, 0xE2, 0x08,
    0xC2, 0x08, 0x61, 0x00, 0x41, 0x00, 0x41, 0x00, 0x41, 0x00, 0x03, 0x09, 0xE7, 0x22, 0x08, 0x23,
    0x49, 0x2B, 0xA6, 0x22, 0xE3, 0x11, 0x44, 0x1A, 0x45, 0x1A, 0x86, 0x22, 0x66, 0x1A, 0xA3, 0x11,
    0x22, 0x11, 0xC4, 0x19, 0x23, 0x09, 0x81, 0x00, 0xA2, 0x00, 0xA2, 0x00, 0xA2, 0x00, 0xA2, 0x00,
    0xA2, 0x08, 0x82, 0x00, 0x82, 0x00, 0x81, 0x00, 0x81, 0x00, 0x82, 0x00, 0x62, 0x00, 0x62, 0x00,
    0xA2, 0x08, 0x63, 0x11, 0x82, 0x11, 0xA5, 0x22, 0x4A, 0x4C, 0x89, 0x43, 0x01, 0x01, 0x02, 0x09,
    0x03, 0x09, 0x23, 0x09, 0x43, 0x09, 0x43, 0x09, 0xA2, 0x11, 0xC3, 0x11, 0x44, 0x22, 0x28, 0x64,
    0x67, 0x6C, 0x06, 0x5C, 0xA5, 0x43, 0x85, 0x43, 0x65, 0x3B, 0xC4, 0x32, 0x44, 0x2A, 0x02, 0x09,
    0x03, 0x09, 0x63, 0x11, 0xC3, 0x11, 0x64, 0x1A, 0x64, 0x1A, 0x45, 0x1A, 0x04, 0x1A, 0xC4, 0x11,
    0xC2, 0x08, 0x62, 0x00, 0x62, 0x00, 0x61, 0x00, 0x61, 0x00, 0x81, 0x00, 0xA2, 0x08, 0x61, 0x00,
    0xA2, 0x00, 0x23, 0x09, 0x23, 0x09, 0x64, 0x11, 0x23, 0x09, 0x23, 0x09, 0x63, 0x11, 0x63, 0x11,
    0x64, 0x11, 0x23, 0x11, 0x67, 0x3A, 0xC5, 0x21, 0xE2, 0x00, 0xC5, 0x19, 0xA5, 0x11, 0x44, 0x11,
    0x64, 0x11, 0x23, 0x09, 0xE3, 0x08, 0xC2, 0x08, 0x83, 0x19, 0x42, 0x11, 0x82, 0x11, 0xE5, 0x2A,
    0xA4, 0x2A, 0xA1, 0x19, 0x23, 0x22, 0x25, 0x2B, 0x65, 0x2B, 0xE3, 0x22, 0xE4, 0x22, 0x24, 0x2B,
    0x25, 0x2B, 0x04, 0x2B, 0x04, 0x2B, 0x05, 0x2B, 0x89, 0x3B, 0x4A, 0x4C, 0x2A, 0x54, 0x42, 0x09,
    0x03, 0x11, 0xA1, 0x08, 0x41, 0x00, 0xC3, 0x08, 0xC3, 0x08, 0x61, 0x00, 0x61, 0x00, 0x61, 0x00,
    0x41, 0x00, 0x41, 0x00, 0x41, 0x00, 0x41, 0x00, 0x61, 0x00, 0x62, 0x00, 0x21, 0x00, 0x41, 0x00,
    0x41, 0x00, 0x81, 0x00, 0xE2, 0x08, 0x23, 0x11, 0x02, 0x09, 0xE2, 0x08, 0xC2, 0x08, 0xA2, 0x00,
    0xA2, 0x08, 0xA2, 0x08, 0x41, 0x00, 0xC2, 0x00, 0x44, 0x1A, 0xE2, 0x11, 0xC3, 0x11, 0x03, 0x1A,
    0x85, 0x22, 0x64, 0x1A, 0x86, 0x1A, 0xC3, 0x11, 0xC4, 0x11, 0x63, 0x09, 0x42, 0x09, 0xC7, 0x2A,
    0x89, 0x33, 0xC6, 0x1A, 0x67, 0x2B, 0x88, 0x2B, 0x27, 0x2B, 0xC5, 0x22, 0x23, 0x1A, 0x23, 0x1A,
    0x03, 0x12, 0x82, 0x11, 0xC3, 0x11, 0x04, 0x1A, 0x25, 0x1A, 0x25, 0x1A, 0xE4, 0x11, 0x24, 0x1A,
    0x02, 0x09, 0x41, 0x00, 0x61, 0x00, 0xA2, 0x08, 0x61, 0x00, 0x62, 0x00, 0xC2, 0x08, 0xA4, 0x11,
    0x27, 0x33, 0x0A, 0x4C, 0xA9, 0x43, 0xE3, 0x11, 0xE4, 0x19, 0x63, 0x11, 0x61, 0x00, 0x41, 0x00,
    0x24, 0x09, 0xE3, 0x08, 0xC3, 0x08, 0x24, 0x11, 0x45, 0x11, 0xE3, 0x08, 0xC2, 0x08, 0xC2, 0x08,
    0xE2, 0x08, 0x03, 0x09, 0xE2, 0x08, 0x44, 0x11, 0x03, 0x11, 0x61, 0x00, 0x61, 0x00, 0x61, 0x00,
    0x61, 0x00, 0x82, 0x00, 0x82, 0x00, 0x62, 0x00, 0x62, 0x00, 0x03, 0x09, 0xA4, 0x11, 0x83, 0x11,
    0xA4, 0x11, 0xC4, 0x19, 0x25, 0x1A, 0x46, 0x1A, 0xE9, 0x2A, 0x87, 0x1A, 0x4E, 0x5C, 0x2A, 0x33,
    0xC5, 0x19, 0xA2, 0x08, 0xA2, 0x00, 0xA2, 0x08, 0xA2, 0x08, 0xC2, 0x08, 0xC3, 0x08, 0xA2, 0x08,
    0x03, 0x11, 0x45, 0x19, 0xE3, 0x08, 0xC3, 0x08, 0x82, 0x00, 0x81, 0x00, 0x43, 0x11, 0x84, 0x11,
    0x43, 0x11, 0x02, 0x09, 0x02, 0x09, 0x02, 0x09, 0x02, 0x09, 0x02, 0x09, 0x03, 0x09, 0x02, 0x09,
    0xE3, 0x08, 0x61, 0x00, 0x41, 0x00, 0x42, 0x00, 0x61, 0x00, 0xC4, 0x19, 0xC7, 0x22, 0x28, 0x2B,
    0xE8, 0x2A, 0x04, 0x12, 0x44, 0x1A, 0x44, 0x1A, 0x86, 0x22, 0xE7, 0x22, 0xE4, 0x11, 0xA4, 0x11,
    0x22, 0x09, 0x22, 0x09, 0xC4, 0x19, 0xC2, 0x08, 0xA2, 0x00, 0xA2, 0x00, 0xC2, 0x08, 0xA2, 0x00,
    0xA2, 0x08, 0xA2, 0x08, 0x82, 0x00, 0x61, 0x00, 0x41, 0x00, 0x41, 0x00, 0x41, 0x00, 0x21, 0x00,
    0x61, 0x00, 0x43, 0x11, 0x42, 0x09, 0x44, 0x1A, 0x09, 0x4C, 0x04, 0x1A, 0xA2, 0x00, 0xE2, 0x08,
    0xC2, 0x08, 0xC2, 0x08, 0x03, 0x09, 0x03, 0x09, 0x03, 0x09, 0x03, 0x09, 0xA2, 0x00, 0x84, 0x3A,
    0xA8, 0x74, 0x66, 0x64, 0xC5, 0x4B, 0xC5, 0x4B, 0x07, 0x5C, 0x06, 0x5C, 0xC6, 0x5B, 0x63, 0x2A,
    0x03, 0x12, 0x64, 0x22, 0xA4, 0x22, 0xE4, 0x22, 0x04, 0x23, 0xE4, 0x22, 0xC4, 0x22, 0x04, 0x2B,
    0x67, 0x3B, 0xE1, 0x08, 0x62, 0x00, 0x61, 0x00, 0x61, 0x00, 0x82, 0x00, 0xC3, 0x08, 0xC2, 0x08,
    0xA2, 0x08, 0xA2, 0x00, 0x85, 0x11, 0x84, 0x11, 0x06, 0x12, 0xE9, 0x2A, 0xE8, 0x2A, 0x86, 0x22,
    0x25, 0x22, 0x43, 0x11, 0x03, 0x11, 0x03, 0x11, 0x44, 0x11, 0x64, 0x11, 0x84, 0x19, 0x84, 0x11,
    0xA4, 0x11, 0xE4, 0x11, 0x04, 0x12, 0xA4, 0x19, 0x23, 0x19, 0x02, 0x09, 0x84, 0x22, 0x86, 0x3B,
    0x02, 0x22, 0xE2, 0x19, 0xA3, 0x2A, 0xE3, 0x22, 0xA3, 0x1A, 0x82, 0x1A, 0x83, 0x1A, 0xA3, 0x22,
    0x84, 0x1A, 0x43, 0x12, 0xE4, 0x2A, 0x23, 0x1A, 0x21, 0x09, 0xC4, 0x19, 0x24, 0x1A, 0x42, 0x09,
    0x23, 0x11, 0x61, 0x00, 0x61, 0x00, 0x82, 0x00, 0xC3, 0x08, 0xC3, 0x08, 0x61, 0x00, 0x61, 0x00,
    0x62, 0x08, 0x61, 0x00, 0x61, 0x00, 0x41, 0x00, 0x62, 0x00, 0x61, 0x00, 0x21, 0x00, 0x21, 0x00,
    0x41, 0x00, 0x62, 0x00, 0x81, 0x00, 0x22, 0x09, 0x42, 0x11, 0x02, 0x09, 0xC2, 0x00, 0xC2, 0x00,
    0xA2, 0x00, 0xA2, 0x00, 0x41, 0x00, 0xE2, 0x08, 0x84, 0x22, 0x43, 0x1A, 0xA2, 0x11, 0x03, 0x12,
    0x46, 0x33, 0x46, 0x2B, 0x44, 0x1A, 0x62, 0x09, 0x63, 0x11, 0x24, 0x11, 0xA2, 0x00, 0xC4, 0x19,
    0xA6, 0x22, 0x48, 0x33, 0x26, 0x2B, 0x06, 0x23, 0xC6, 0x22, 0x85, 0x1A, 0x64, 0x1A, 0x24, 0x1A,
    0xE4, 0x19, 0x62, 0x09, 0x63, 0x11, 0xA4, 0x11, 0x83, 0x11, 0x63, 0x11, 0x43, 0x11, 0x42, 0x09,
    0x02, 0x09, 0x03, 0x09, 0x82, 0x00, 0x82, 0x08, 0x62, 0x00, 0x82, 0x00, 0xA2, 0x08, 0x61, 0x00,
    0x83, 0x19, 0x04, 0x1A, 0x24, 0x1A, 0x83, 0x09, 0x83, 0x11, 0x02, 0x09, 0x61, 0x00, 0x41, 0x00,
    0x65, 0x09, 0x44, 0x09, 0xE3, 0x08, 0xA2, 0x00, 0xA2, 0x00, 0xA2, 0x00, 0xA2, 0x00, 0xA2, 0x00,
    0xC2, 0x08, 0xE2, 0x08, 0x23, 0x09, 0x03, 0x09, 0x41, 0x00, 0x21, 0x00, 0x41, 0x00, 0xC2, 0x08,
    0xC3, 0x08, 0xC2, 0x08, 0xC2, 0x08, 0xA2, 0x08, 0x82, 0x00, 0xA2, 0x00, 0x64, 0x11, 0x83, 0x11,
    0xE4, 0x19, 0xC4, 0x11, 0x86, 0x22, 0x25, 0x12, 0x0D, 0x4C, 0xE9, 0x2A, 0xC9, 0x2A, 0x8C, 0x3B,
    0x06, 0x22, 0x69, 0x3A, 0x85, 0x21, 0x82, 0x00, 0xC2, 0x08, 0xC2, 0x08, 0xA2, 0x08, 0xA2, 0x08,
    0xC2, 0x08, 0x23, 0x11, 0x23, 0x09, 0x43, 0x11, 0x03, 0x11, 0xA2, 0x08, 0x43, 0x11, 0x43, 0x09,
    0x22, 0x09, 0x02, 0x09, 0x02, 0x09, 0x02, 0x09, 0x22, 0x09, 0x43, 0x11, 0x03, 0x09, 0xA2, 0x00,
    0x82, 0x08, 0x41, 0x00, 0x41, 0x00, 0x42, 0x00, 0x61, 0x00, 0xE5, 0x19, 0x28, 0x2B, 0x69, 0x2B,
    0x66, 0x22, 0x24, 0x1A, 0xA5, 0x22, 0x44, 0x1A, 0x85, 0x22, 0x04, 0x1A, 0x62, 0x09, 0xC3, 0x11,
    0x42, 0x09, 0x61, 0x00, 0xE2, 0x08, 0xC2, 0x08, 0xA2, 0x00, 0xC2, 0x00, 0xC2, 0x00, 0xC2, 0x08,
    0xA2, 0x00, 0x82, 0x00, 0x61, 0x00, 0x21, 0x00, 0x41, 0x00, 0x41, 0x00, 0x41, 0x00, 0xE2, 0x08,
    0x61, 0x00, 0xC1, 0x08, 0x43, 0x11, 0xA3, 0x11, 0xC5, 0x32, 0x42, 0x09, 0x82, 0x00, 0x82, 0x00,
    0x62, 0x00, 0x41, 0x00, 0x61, 0x00, 0xA2, 0x00, 0x03, 0x09, 0x23, 0x09, 0xE4, 0x08, 0x02, 0x09,
    0xE6, 0x5B, 0x66, 0x64, 0x05, 0x5C, 0x67, 0x6C, 0x67, 0x6C, 0x66, 0x6C, 0xC8, 0x7C, 0xC6, 0x53,
    0xC4, 0x22, 0x04, 0x23, 0x04, 0x2B, 0x03, 0x2B, 0x44, 0x2B, 0x24, 0x2B, 0x03, 0x23, 0x44, 0x2B,
    0xA6, 0x3B, 0xA4, 0x22, 0xC1, 0x00, 0x42, 0x00, 0x41, 0x00, 0xA3, 0x08, 0xE3, 0x08, 0xE3, 0x08,
    0xE3, 0x00, 0xE2, 0x08, 0x85, 0x11, 0x88, 0x22, 0xED, 0x43, 0xAB, 0x33, 0xC7, 0x22, 0x25, 0x1A,
    0x84, 0x11, 0xE2, 0x08, 0x81, 0x00, 0xE3, 0x08, 0xE2, 0x08, 0x23, 0x09, 0xC4, 0x19, 0xE4, 0x19,
    0x25, 0x22, 0x65, 0x22, 0xA5, 0x22, 0x65, 0x22, 0xC4, 0x21, 0xA4, 0x21, 0xC3, 0x19, 0x23, 0x2A,
    0x23, 0x32, 0x42, 0x22, 0x23, 0x1A, 0xE3, 0x11, 0x43, 0x1A, 0x23, 0x1A, 0x03, 0x1A, 0xE3, 0x19,
    0xC3, 0x11, 0x43, 0x1A, 0xE4, 0x2A, 0x2A, 0x5C, 0xA2, 0x11, 0x22, 0x09, 0x83, 0x11, 0x63, 0x11,
    0xA1, 0x08, 0x61, 0x00, 0x82, 0x08, 0x82, 0x00, 0x61, 0x00, 0xA2, 0x08, 0xA2, 0x08, 0x41, 0x00,
    0x61, 0x00, 0x61, 0x00, 0x82, 0x08, 0x61, 0x00, 0x82, 0x08, 0x41, 0x00, 0x41, 0x00, 0x41, 0x00,
    0x82, 0x00, 0xA2, 0x00, 0xA2, 0x00, 0xE2, 0x08, 0x63, 0x11, 0x22, 0x09, 0x02, 0x09, 0x02, 0x09,
    0xE2, 0x08, 0xC2, 0x08, 0x62, 0x00, 0x02, 0x09, 0xE6, 0x22, 0x26, 0x2B, 0xA5, 0x22, 0xE2, 0x11,
    0xC5, 0x22, 0xA7, 0x33, 0xC6, 0x22, 0xC1, 0x00, 0xA2, 0x08, 0xC2, 0x00, 0xC2, 0x08, 0xE2, 0x08,
    0x83, 0x09, 0x24, 0x1A, 0xA5, 0x22, 0x06, 0x23, 0x47, 0x2B, 0x06, 0x2B, 0xC5, 0x22, 0x44, 0x1A,
    0x83, 0x11, 0x22, 0x09, 0xC1, 0x00, 0xA1, 0x00, 0xA1, 0x00, 0xC1, 0x00, 0xE2, 0x08, 0x02, 0x11,
    0x63, 0x11, 0xA4, 0x19, 0x84, 0x19, 0xC2, 0x08, 0x82, 0x00, 0xA2, 0x08, 0x82, 0x08, 0x61, 0x00,
    0x81, 0x00, 0x43, 0x09, 0x63, 0x09, 0x43, 0x09, 0x02, 0x09, 0xA2, 0x00, 0x61, 0x00, 0x61, 0x00,
    0xC6, 0x11, 0x85, 0x11, 0xC2, 0x00, 0xA2, 0x00, 0xE3, 0x08, 0xE3, 0x08, 0xC2, 0x08, 0xE3, 0x08,
    0x03, 0x09, 0x23, 0x11, 0x84, 0x11, 0xE6, 0x19, 0x03, 0x09, 0x21, 0x00, 0xC3, 0x08, 0x44, 0x11,
    0x23, 0x09, 0x03, 0x09, 0x23, 0x11, 0x03, 0x09, 0xE3, 0x08, 0xE3, 0x08, 0x03, 0x09, 0x63, 0x11,
    0x83, 0x11, 0xA4, 0x19, 0x25, 0x1A, 0x46, 0x1A, 0x87, 0x22, 0xC8, 0x2A, 0x84, 0x09, 0xC5, 0x11,
    0x44, 0x11, 0xC2, 0x08, 0xA2, 0x08, 0xA2, 0x08, 0xA2, 0x08, 0xA2, 0x08, 0xA2, 0x00, 0x02, 0x01,
    0x83, 0x11, 0xC4, 0x19, 0x82, 0x11, 0x82, 0x11, 0xE2, 0x08, 0xC2, 0x08, 0x43, 0x09, 0x43, 0x09,
    0x23, 0x09, 0x43, 0x09, 0x43, 0x11, 0x23, 0x11, 0x03, 0x09, 0xC2, 0x08, 0x41, 0x00, 0xA3, 0x08,
    0x86, 0x21, 0x41, 0x00, 0x42, 0x00, 0x42, 0x00, 0x61, 0x00, 0x46, 0x22, 0x49, 0x2B, 0xC7, 0x22,
    0x25, 0x1A, 0x65, 0x1A, 0xA6, 0x22, 0xC3, 0x19, 0x22, 0x09, 0x03, 0x09, 0xE2, 0x08, 0x63, 0x11,
    0x83, 0x19, 0xA2, 0x08, 0x61, 0x00, 0xA2, 0x00, 0xA2, 0x00, 0xC3, 0x08, 0xC2, 0x08, 0xC2, 0x08,
    0x82, 0x00, 0x62, 0x00, 0x41, 0x00, 0x41, 0x00, 0x41, 0x00, 0x41, 0x00, 0x41, 0x00, 0x84, 0x19,
    0x83, 0x19, 0x22, 0x09, 0x42, 0x09, 0x62, 0x09, 0x61, 0x09, 0x22, 0x09, 0x82, 0x00, 0x82, 0x08,
    0x82, 0x00, 0x61, 0x00, 0xA2, 0x00, 0xC2, 0x00, 0xE3, 0x08, 0x23, 0x11, 0x43, 0x11, 0x03, 0x09,
    0x66, 0x4B, 0xE8, 0x7C, 0xA7, 0x74, 0x87, 0x74, 0xC7, 0x7C, 0xC7, 0x74, 0x27, 0x64, 0x43, 0x22,
    0x02, 0x12, 0xA4, 0x22, 0xC3, 0x22, 0x23, 0x2B, 0x64, 0x33, 0x64, 0x33, 0x64, 0x33, 0x64, 0x33,
    0x43, 0x2B, 0x23, 0x2B, 0x43, 0x22, 0xC2, 0x08, 0x61, 0x00, 0xC2, 0x00, 0xC3, 0x08, 0xE3, 0x08,
    0xE3, 0x08, 0xC3, 0x08, 0x22, 0x01, 0xAC, 0x43, 0x0D, 0x3C, 0x09, 0x2B, 0x05, 0x1A, 0x22, 0x09,
    0xA2, 0x00, 0x82, 0x08, 0x82, 0x08, 0xE1, 0x00, 0xE3, 0x11, 0x85, 0x1A, 0xC5, 0x22, 0x84, 0x1A,
    0x65, 0x22, 0x64, 0x1A, 0x06, 0x23, 0x27, 0x2B, 0x48, 0x2B, 0xA6, 0x22, 0x43, 0x11, 0xC2, 0x10,
    0x61, 0x00, 0xE2, 0x08, 0x22, 0x09, 0x22, 0x09, 0x63, 0x11, 0xE5, 0x19, 0xC5, 0x19, 0x43, 0x11,
    0x22, 0x09, 0x45, 0x22, 0x64, 0x22, 0x64, 0x22, 0xE3, 0x19, 0x63, 0x11, 0x84, 0x11, 0xC2, 0x08,
    0x61, 0x00, 0x82, 0x08, 0x62, 0x00, 0x62, 0x00, 0x61, 0x00, 0x41, 0x00, 0xA2, 0x08, 0xA2, 0x08,
    0x61, 0x00, 0xA2, 0x08, 0x82, 0x08, 0x61, 0x00, 0x62, 0x00, 0x61, 0x00, 0x61, 0x00, 0xA2, 0x00,
    0xA2, 0x00, 0xC2, 0x00, 0xC2, 0x08, 0xC2, 0x08, 0xE2, 0x08, 0x02, 0x09, 0x02, 0x09, 0xE2, 0x08,
    0xA2, 0x00, 0x82, 0x00, 0x62, 0x00, 0xE2, 0x00, 0xC5, 0x22, 0xE5, 0x1A, 0xE5, 0x22, 0xA5, 0x22,
    0xC4, 0x22, 0x25, 0x23, 0x87, 0x33, 0x42, 0x09, 0x82, 0x00, 0xC2, 0x00, 0xA2, 0x00, 0x81, 0x00,
    0x23, 0x09, 0x04, 0x1A, 0x44, 0x1A, 0x69, 0x3B, 0x89, 0x33, 0x85, 0x1A, 0x05, 0x1A, 0x43, 0x09,
    0xC2, 0x00, 0xE2, 0x08, 0xC2, 0x08, 0xC2, 0x08, 0xA1, 0x00, 0xC2, 0x00, 0xC2, 0x00, 0xC2, 0x08,
    0xA1, 0x00, 0x81, 0x00, 0xE2, 0x08, 0xC2, 0x08, 0xA2, 0x00, 0xA2, 0x08, 0x62, 0x00, 0x82, 0x00,
    0x81, 0x00, 0xC2, 0x08, 0x64, 0x11, 0xE2, 0x08, 0xE3, 0x08, 0xC3, 0x08, 0x61, 0x00, 0x61, 0x00,
    0x62, 0x00, 0xA3, 0x08, 0xC3, 0x08, 0x65, 0x11, 0x64, 0x09, 0x03, 0x09, 0xE3, 0x08, 0xE3, 0x08,
    0x03, 0x09, 0x23, 0x09, 0x23, 0x09, 0x84, 0x11, 0x43, 0x09, 0x82, 0x00, 0x65, 0x11, 0xA4, 0x11,
    0x63, 0x11, 0xE5, 0x19, 0xC5, 0x11, 0xA4, 0x11, 0xA5, 0x11, 0x23, 0x11, 0x23, 0x09, 0x23, 0x09,
    0xC3, 0x08, 0xC2, 0x08, 0x63, 0x09, 0xC4, 0x19, 0xA0, 0x00, 0x22, 0x09, 0xE2, 0x10, 0x61, 0x00,
    0xC2, 0x08, 0xC2, 0x08, 0xA2, 0x00, 0xA2, 0x00, 0xA2, 0x00, 0xE2, 0x08, 0x83, 0x11, 0x45, 0x1A,
    0x44, 0x22, 0xC2, 0x11, 0xA1, 0x11, 0xC2, 0x11, 0x42, 0x09, 0x02, 0x09, 0x43, 0x11, 0x23, 0x11,
    0x03, 0x09, 0xE2, 0x08, 0xC2, 0x08, 0x82, 0x00, 0x62, 0x00, 0x41, 0x00, 0x41, 0x00, 0x62, 0x08,
    0xA3, 0x08, 0x41, 0x00, 0x62, 0x00, 0x41, 0x00, 0xE2, 0x08, 0x05, 0x1A, 0x45, 0x1A, 0x66, 0x1A,
    0x44, 0x1A, 0xE6, 0x22, 0x25, 0x1A, 0xC2, 0x08, 0x61, 0x08, 0xA2, 0x00, 0x82, 0x00, 0x81, 0x00,
    0xC2, 0x08, 0xA1, 0x00, 0xA2, 0x08, 0xA2, 0x00, 0xC3, 0x08, 0xE3, 0x10, 0x82, 0x00, 0x41, 0x00,
    0x61, 0x00, 0x61, 0x00, 0x41, 0x00, 0x41, 0x00, 0x41, 0x00, 0x41, 0x00, 0x41, 0x00, 0x61, 0x00,
    0xC2, 0x00, 0xC3, 0x08, 0xE2, 0x08, 0x83, 0x11, 0xE3, 0x19, 0x22, 0x09, 0x61, 0x00, 0x61, 0x00,
    0x61, 0x00, 0xA2, 0x08, 0xC2, 0x08, 0xC2, 0x08, 0x03, 0x09, 0x23, 0x11, 0x44, 0x11, 0x23, 0x09,
    0x48, 0x6C, 0x88, 0x6C, 0xE2, 0x21, 0x03, 0x2A, 0x26, 0x4B, 0x64, 0x32, 0x42, 0x09, 0x23, 0x09,
    0xE2, 0x00, 0x22, 0x09, 0x62, 0x09, 0xE3, 0x11, 0x83, 0x1A, 0xE3, 0x22, 0x23, 0x2B, 0x64, 0x33,
    0xC5, 0x43, 0x05, 0x4C, 0x06, 0x4C, 0x22, 0x22, 0x22, 0x00, 0x62, 0x00, 0x03, 0x19, 0x82, 0x00,
    0xC1, 0x00, 0xE3, 0x10, 0x04, 0x09, 0x09, 0x33, 0x09, 0x2B, 0xE5, 0x19, 0x43, 0x11, 0xE2, 0x08,
    0xE3, 0x08, 0xA2, 0x08, 0xE2, 0x08, 0xA6, 0x2A, 0x46, 0x2B, 0x25, 0x2B, 0xE5, 0x22, 0x43, 0x1A,
    0x23, 0x1A, 0x44, 0x22, 0x86, 0x22, 0xE7, 0x22, 0xE7, 0x22, 0xE6, 0x2A, 0x05, 0x33, 0xC4, 0x32,
    0x63, 0x2A, 0xA2, 0x19, 0x02, 0x09, 0x43, 0x09, 0x46, 0x1A, 0x66, 0x1A, 0x25, 0x1A, 0x64, 0x11,
    0x02, 0x01, 0x02, 0x09, 0x43, 0x11, 0x63, 0x09, 0xC4, 0x11, 0x64, 0x11, 0x82, 0x00, 0x41, 0x00,
    0x62, 0x00, 0x41, 0x00, 0x41, 0x00, 0x41, 0x00, 0x61, 0x00, 0x61, 0x00, 0x82, 0x00, 0xE3, 0x08,
    0xA2, 0x00, 0xA2, 0x08, 0xA2, 0x08, 0xA2, 0x08, 0xA2, 0x08, 0x82, 0x00, 0xC2, 0x08, 0xE2, 0x08,
    0xC2, 0x08, 0xE2, 0x08, 0xE2, 0x08, 0xC2, 0x08, 0xC2, 0x08, 0xA2, 0x08, 0xA2, 0x00, 0x81, 0x00,
    0x81, 0x00, 0x82, 0x00, 0xA2, 0x08, 0xA1, 0x00, 0x65, 0x22, 0x06, 0x2B, 0x06, 0x23, 0xC8, 0x3B,
    0x87, 0x33, 0xE4, 0x22, 0x25, 0x2B, 0x85, 0x2A, 0xA1, 0x00, 0xC2, 0x00, 0x83, 0x19, 0xE4, 0x21,
    0xA3, 0x21, 0xA3, 0x21, 0x02, 0x09, 0xC1, 0x00, 0x02, 0x09, 0xC1, 0x00, 0x81, 0x00, 0xA2, 0x08,
    0xC2, 0x08, 0xC2, 0x08, 0xE2, 0x08, 0x03, 0x11, 0xC2, 0x08, 0x81, 0x00, 0xA2, 0x00, 0xA2, 0x08,
    0x82, 0x08, 0x62, 0x00, 0x61, 0x00, 0x82, 0x00, 0xA2, 0x08, 0x82, 0x08, 0x82, 0x00, 0x82, 0x00,
    0x82, 0x00, 0x82, 0x00, 0xC2, 0x00, 0xC5, 0x21, 0xA5, 0x21, 0x24, 0x11, 0x61, 0x00, 0x61, 0x00,
    0x82, 0x00, 0x44, 0x09, 0xA5, 0x11, 0x85, 0x09, 0xA4, 0x11, 0x23, 0x09, 0xE2, 0x08, 0x03, 0x09,
    0x02, 0x09, 0x43, 0x11, 0x64, 0x11, 0x84, 0x11, 0x23, 0x11, 0xE2, 0x08, 0x43, 0x11, 0x23, 0x09,
    0x22, 0x09, 0x43, 0x11, 0x23, 0x09, 0x22, 0x09, 0x23, 0x09, 0x23, 0x09, 0x02, 0x09, 0x03, 0x09,
    0xC2, 0x08, 0x42, 0x11, 0x47, 0x43, 0x43, 0x1A, 0x45, 0x22, 0x22, 0x09, 0xA2, 0x00, 0xC2, 0x08,
    0xC2, 0x00, 0xE3, 0x08, 0xA2, 0x08, 0xE2, 0x08, 0x83, 0x11, 0x45, 0x1A, 0x85, 0x22, 0x85, 0x22,
    0xE3, 0x11, 0x82, 0x11, 0xC3, 0x11, 0x03, 0x1A, 0x82, 0x11, 0x43, 0x09, 0x23, 0x09, 0x81, 0x00,
    0x61, 0x00, 0x41, 0x00, 0x41, 0x00, 0x41, 0x00, 0x41, 0x00, 0x41, 0x00, 0x41, 0x00, 0x41, 0x00,
    0x41, 0x00, 0x62, 0x00, 0x62, 0x00, 0x62, 0x00, 0x64, 0x11, 0x86, 0x22, 0xE7, 0x2A, 0x86, 0x1A,
    0xE6, 0x22, 0xC6, 0x22, 0x02, 0x09, 0x82, 0x08, 0xA2, 0x00, 0x82, 0x00, 0x82, 0x00, 0x62, 0x00,
    0x61, 0x00, 0x61, 0x00, 0xC2, 0x08, 0xE3, 0x08, 0xC3, 0x08, 0x82, 0x08, 0x41, 0x00, 0x41, 0x00,
    0x41, 0x00, 0x41, 0x00, 0x41, 0x00, 0x41, 0x00, 0x41, 0x00, 0x41, 0x00, 0x41, 0x00, 0x61, 0x00,
    0x41, 0x00, 0x41, 0x00, 0xA1, 0x00, 0xC3, 0x19, 0x84, 0x22, 0x64, 0x22, 0x02, 0x09, 0x61, 0x00,
    0x82, 0x00, 0xE3, 0x08, 0xC2, 0x08, 0xC2, 0x08, 0xC2, 0x08, 0xE2, 0x08, 0xE3, 0x08, 0x22, 0x09,
    0xC5, 0x3A, 0xA3, 0x19, 0x22, 0x09, 0xC2, 0x00, 0x81, 0x00, 0x41, 0x00, 0x81, 0x00, 0x02, 0x09,
    0xA2, 0x08, 0x82, 0x00, 0xC2, 0x08, 0xC1, 0x00, 0xE2, 0x08, 0x02, 0x09, 0x22, 0x09, 0x21, 0x09,
    0x02, 0x09, 0x82, 0x11, 0x25, 0x3B, 0x89, 0x43, 0x21, 0x19, 0xA2, 0xBC, 0x21, 0xEE, 0xE2, 0x93,
    0xA3, 0x08, 0x23, 0x09, 0x02, 0x09, 0x02, 0x09, 0x02, 0x09, 0x02, 0x09, 0x02, 0x09, 0x02, 0x09,
    0x03, 0x09, 0xE2, 0x00, 0x85, 0x22, 0x46, 0x2B, 0xE4, 0x22, 0xA4, 0x1A, 0x84, 0x1A, 0x44, 0x1A,
    0x44, 0x1A, 0x24, 0x1A, 0xC4, 0x11, 0x65, 0x1A, 0x45, 0x1A, 0xA4, 0x2A, 0x47, 0x5C, 0xA4, 0x43,
    0xE6, 0x4B, 0x26, 0x5C, 0xE4, 0x32, 0x45, 0x1A, 0xE5, 0x11, 0x06, 0x1A, 0xE5, 0x19, 0xE5, 0x19,
    0x64, 0x11, 0x23, 0x09, 0x03, 0x09, 0x22, 0x09, 0x83, 0x11, 0x64, 0x11, 0xA2, 0x00, 0x41, 0x00,
    0x41, 0x00, 0x61, 0x00, 0x41, 0x00, 0x41, 0x00, 0x41, 0x00, 0xC2, 0x08, 0xE3, 0x08, 0xC2, 0x08,
    0xC2, 0x08, 0xC2, 0x00, 0xC2, 0x08, 0xC2, 0x00, 0xA2, 0x00, 0xA2, 0x08, 0xA2, 0x00, 0x03, 0x09,
    0x23, 0x11, 0x23, 0x09, 0x02, 0x09, 0x02, 0x09, 0x03, 0x09, 0xE3, 0x08, 0x81, 0x00, 0x82, 0x00,
    0x82, 0x00, 0xA2, 0x08, 0xA2, 0x08, 0x81, 0x00, 0x83, 0x11, 0x88, 0x33, 0x2A, 0x44, 0x09, 0x44,
    0xA7, 0x33, 0x66, 0x33, 0x83, 0x1A, 0x43, 0x22, 0x62, 0x11, 0xE2, 0x08, 0x43, 0x11, 0x63, 0x19,
    0x63, 0x19, 0x42, 0x11, 0xA1, 0x00, 0x61, 0x00, 0x61, 0x00, 0x82, 0x00, 0xA2, 0x08, 0xC2, 0x08,
    0xE2, 0x08, 0x23, 0x11, 0x43, 0x11, 0x23, 0x11, 0xC2, 0x08, 0xA2, 0x00, 0xA2, 0x08, 0xA2, 0x00,
    0xA2, 0x00, 0x82, 0x08, 0x61, 0x00, 0x62, 0x00, 0xA2, 0x08, 0xA2, 0x08, 0xA2, 0x08, 0xA2, 0x08,
    0x82, 0x00, 0x82, 0x00, 0x82, 0x00, 0x43, 0x19, 0x03, 0x11, 0x82, 0x00, 0x61, 0x00, 0x62, 0x00,
    0x44, 0x11, 0x85, 0x11, 0xA5, 0x11, 0x06, 0x1A, 0xC5, 0x11, 0x23, 0x09, 0xE3, 0x08, 0x03, 0x09,
    0x43, 0x09, 0x23, 0x09, 0x43, 0x09, 0x83, 0x09, 0xA4, 0x19, 0x02, 0x09, 0x02, 0x09, 0x22, 0x09,
    0x22, 0x11, 0x02, 0x09, 0x22, 0x11, 0x42, 0x11, 0x02, 0x09, 0x23, 0x09, 0x02, 0x09, 0xC2, 0x08,
    0xE2, 0x08, 0x05, 0x3B, 0x65, 0x3B, 0x67, 0x3B, 0x04, 0x1A, 0x81, 0x00, 0xC2, 0x08, 0xC2, 0x00,
    0xA2, 0x08, 0xA2, 0x00, 0x22, 0x09, 0x25, 0x1A, 0xA6, 0x22, 0xA5, 0x22, 0x85, 0x1A, 0x24, 0x1A,
    0x82, 0x11, 0x82, 0x11, 0xC3, 0x11, 0x23, 0x1A, 0xA2, 0x11, 0x43, 0x09, 0x63, 0x11, 0xE3, 0x08,
    0x82, 0x08, 0x82, 0x08, 0x61, 0x00, 0x41, 0x00, 0x41, 0x00, 0x41, 0x00, 0x41, 0x00, 0x41, 0x00,
    0x62, 0x00, 0x62, 0x00, 0x62, 0x00, 0x61, 0x00, 0xA4, 0x11, 0x07, 0x2B, 0xE7, 0x22, 0x06, 0x23,
    0xE6, 0x2A, 0x63, 0x09, 0xA2, 0x00, 0xA2, 0x08, 0xA2, 0x08, 0x82, 0x00, 0x82, 0x00, 0x81, 0x00,
    0x82, 0x00, 0x82, 0x00, 0xC2, 0x08, 0x24, 0x11, 0xC2, 0x00, 0x61, 0x00, 0x41, 0x00, 0x41, 0x00,
    0x41, 0x00, 0x41, 0x00, 0x41, 0x00, 0x41, 0x00, 0x41, 0x00, 0x41, 0x00, 0x61, 0x00, 0x61, 0x00,
    0x81, 0x00, 0x62, 0x00, 0x61, 0x00, 0x22, 0x09, 0x64, 0x1A, 0xC4, 0x22, 0xA3, 0x11, 0x81, 0x00,
    0x81, 0x00, 0x82, 0x00, 0x82, 0x00, 0x82, 0x00, 0x82, 0x00, 0xA1, 0x08, 0xA2, 0x00, 0xC2, 0x00,
    0x42, 0x09, 0x83, 0x11, 0xA3, 0x19, 0x63, 0x11, 0x42, 0x11, 0x23, 0x09, 0xC2, 0x08, 0xA2, 0x08,
    0x82, 0x08, 0x61, 0x00, 0xC2, 0x08, 0x23, 0x11, 0x02, 0x09, 0xE2, 0x08, 0xE3, 0x08, 0xA2, 0x00,
    0x61, 0x00, 0x82, 0x00, 0xC1, 0x00, 0x84, 0x11, 0x23, 0x9C, 0x00, 0xFF, 0x40, 0xFE, 0xE1, 0xFE,
    0x03, 0x63, 0x03, 0x01, 0x23, 0x11, 0x23, 0x09, 0x23, 0x11, 0x03, 0x09, 0xE2, 0x08, 0xE2, 0x08,
    0x03, 0x09, 0x44, 0x11, 0xE6, 0x22, 0xA4, 0x12, 0x23, 0x12, 0xA4, 0x22, 0xA5, 0x22, 0x64, 0x1A,
    0x64, 0x1A, 0x62, 0x09, 0x22, 0x09, 0x62, 0x11, 0xA4, 0x11, 0x85, 0x2A, 0x47, 0x5C, 0x26, 0x5C,
    0xE5, 0x53, 0xA8, 0x6C, 0xA8, 0x6C, 0xA6, 0x4B, 0x43, 0x09, 0x03, 0x09, 0x84, 0x11, 0xA5, 0x11,
    0x64, 0x09, 0x63, 0x09, 0xC5, 0x19, 0x43, 0x09, 0x43, 0x11, 0xC5, 0x19, 0xE2, 0x08, 0x61, 0x00,
    0x82, 0x08, 0x82, 0x08, 0x82, 0x08, 0x82, 0x00, 0xC3, 0x08, 0x03, 0x09, 0xE3, 0x08, 0xE3, 0x08,
    0xE3, 0x08, 0x03, 0x09, 0xE2, 0x08, 0xC2, 0x00, 0xC2, 0x08, 0xA2, 0x08, 0x61, 0x00, 0xA2, 0x00,
    0x03, 0x09, 0x03, 0x09, 0x23, 0x09, 0x43, 0x11, 0x64, 0x11, 0x23, 0x09, 0xA1, 0x00, 0xA2, 0x08,
    0xA2, 0x08, 0xC3, 0x08, 0x81, 0x00, 0x81, 0x08, 0xE1, 0x08, 0x04, 0x1A, 0x2B, 0x4C, 0x8C, 0x5C,
    0x09, 0x44, 0xC7, 0x3B, 0xA3, 0x22, 0xE2, 0x19, 0xE2, 0x19, 0x64, 0x3A, 0xE4, 0x29, 0x63, 0x11,
    0x63, 0x11, 0xC2, 0x00, 0xC2, 0x08, 0x81, 0x00, 0x82, 0x00, 0xA2, 0x08, 0xA2, 0x08, 0x82, 0x00,
    0xA2, 0x08, 0xC2, 0x00, 0xA1, 0x00, 0x81, 0x00, 0x61, 0x00, 0xA2, 0x08, 0xA2, 0x00, 0xA2, 0x00,
    0xA2, 0x00, 0x82, 0x08, 0x82, 0x00, 0x81, 0x00, 0x81, 0x00, 0xC2, 0x08, 0xC2, 0x08, 0xA2, 0x00,
    0x82, 0x08, 0x82, 0x00, 0x82, 0x00, 0x61, 0x00, 0x61, 0x00, 0x82, 0x00, 0x82, 0x00, 0x82, 0x00,
    0xC6, 0x19, 0xA5, 0x11, 0x47, 0x22, 0x27, 0x1A, 0x84, 0x11, 0x43, 0x11, 0xE3, 0x08, 0x03, 0x09,
    0x23, 0x09, 0x43, 0x09, 0x84, 0x11, 0xC4, 0x11, 0x43, 0x09, 0x03, 0x09, 0x23, 0x09, 0x42, 0x09,
    0x63, 0x11, 0x82, 0x11, 0xA3, 0x11, 0xC3, 0x19, 0xA3, 0x11, 0x43, 0x09, 0x43, 0x11, 0x23, 0x09,
    0x62, 0x11, 0xC5, 0x32, 0xA5, 0x2A, 0x62, 0x09, 0xC1, 0x00, 0xC3, 0x08, 0xC2, 0x08, 0xC2, 0x08,
    0xC2, 0x00, 0x83, 0x11, 0x65, 0x22, 0xC6, 0x22, 0xC6, 0x22, 0xA5, 0x22, 0x64, 0x1A, 0xC2, 0x11,
    0xA2, 0x11, 0xA2, 0x11, 0xE3, 0x11, 0x23, 0x1A, 0xE3, 0x19, 0xE2, 0x08, 0x23, 0x11, 0x63, 0x11,
    0x02, 0x09, 0xA1, 0x00, 0x82, 0x00, 0x61, 0x00, 0x61, 0x00, 0x61, 0x00, 0x41, 0x00, 0x41, 0x00,
    0x61, 0x00, 0x61, 0x00, 0x62, 0x00, 0x61, 0x00, 0xC4, 0x19, 0x06, 0x23, 0x07, 0x23, 0xC6, 0x22,
    0x63, 0x11, 0xA2, 0x08, 0xC3, 0x08, 0xA2, 0x00, 0xA2, 0x00, 0xC2, 0x08, 0xC2, 0x08, 0xA2, 0x08,
    0xA2, 0x00, 0xC2, 0x08, 0xC2, 0x08, 0xC2, 0x00, 0xA2, 0x00, 0x82, 0x08, 0x41, 0x00, 0x41, 0x00,
    0x41, 0x00, 0x41, 0x00, 0x41, 0x00, 0x41, 0x00, 0x41, 0x00, 0x41, 0x00, 0x61, 0x00, 0x61, 0x00,
    0x82, 0x00, 0x62, 0x00, 0xC2, 0x08, 0x42, 0x11, 0x83, 0x11, 0x63, 0x09, 0x62, 0x11, 0x43, 0x11,
    0xA1, 0x00, 0x61, 0x00, 0x82, 0x00, 0xC2, 0x08, 0xA1, 0x00, 0xA1, 0x00, 0xA2, 0x00, 0x81, 0x00,
    0x22, 0x09, 0xA3, 0x11, 0xA2, 0x11, 0xA3, 0x11, 0xC3, 0x11, 0xE3, 0x19, 0xA3, 0x11, 0x02, 0x09,
    0x82, 0x00, 0x82, 0x00, 0x81, 0x00, 0xC2, 0x08, 0x23, 0x09, 0x23, 0x09, 0x03, 0x09, 0xA1, 0x00,
    0xA1, 0x00, 0xE2, 0x08, 0xC2, 0x08, 0x81, 0x00, 0x23, 0xCD, 0x80, 0xFE, 0x40, 0xF6, 0x80, 0xFE,
    0x61, 0x94, 0x64, 0x09, 0x83, 0x11, 0x43, 0x09, 0x43, 0x09, 0x23, 0x09, 0x02, 0x09, 0xE2, 0x00,
    0xC2, 0x00, 0x42, 0x11, 0x06, 0x33, 0x89, 0x4B, 0xAF, 0x84, 0xAF, 0x84, 0x2B, 0x54, 0xE6, 0x22,
    0xA2, 0x11, 0xE1, 0x00, 0xE2, 0x08, 0x02, 0x09, 0x43, 0x09, 0xC4, 0x11, 0xA5, 0x2A, 0xE6, 0x53,
    0xE5, 0x53, 0x06, 0x5C, 0xE8, 0x74, 0x46, 0x5C, 0xA4, 0x2A, 0xA3, 0x11, 0xC3, 0x11, 0xC3, 0x11,
    0x83, 0x09, 0x43, 0x09, 0x44, 0x09, 0x84, 0x19, 0x84, 0x11, 0x84, 0x11, 0x44, 0x11, 0x61, 0x00,
    0x82, 0x00, 0x82, 0x00, 0x82, 0x00, 0xC2, 0x00, 0xE3, 0x08, 0xC2, 0x08, 0xA2, 0x08, 0xA2, 0x08,
    0xC2, 0x08, 0xC2, 0x08, 0xC2, 0x08, 0xC2, 0x08, 0xE3, 0x08, 0x82, 0x00, 0x41, 0x00, 0x61, 0x00,
    0x82, 0x00, 0xA2, 0x00, 0xC2, 0x00, 0xC2, 0x08, 0x23, 0x11, 0x84, 0x11, 0x02, 0x09, 0xC2, 0x08,
    0x24, 0x11, 0x65, 0x19, 0xC2, 0x08, 0xE2, 0x08, 0x23, 0x11, 0x02, 0x09, 0xC3, 0x11, 0x48, 0x3B,
    0x09, 0x44, 0xC8, 0x3B, 0xA3, 0x22, 0x02, 0x1A, 0xE2, 0x19, 0x03, 0x2A, 0x05, 0x33, 0xE5, 0x22,
    0xA3, 0x11, 0xC1, 0x00, 0xA3, 0x08, 0x62, 0x00, 0xA2, 0x08, 0xA2, 0x08, 0x82, 0x00, 0x82, 0x00,
    0x82, 0x00, 0x61, 0x00, 0x41, 0x00, 0x41, 0x00, 0x61, 0x00, 0xA2, 0x08, 0xC2, 0x08, 0xC2, 0x08,
    0xA2, 0x00, 0xA2, 0x08, 0x82, 0x08, 0x81, 0x00, 0xA2, 0x08, 0xA2, 0x00, 0x82, 0x00, 0x61, 0x00,
    0x61, 0x00, 0x82, 0x00, 0x81, 0x00, 0xA2, 0x08, 0x81, 0x08, 0x82, 0x00, 0x82, 0x00, 0x61, 0x00,
    0x65, 0x09, 0x27, 0x1A, 0x48, 0x22, 0xA5, 0x11, 0xC5, 0x19, 0x23, 0x09, 0xE3, 0x08, 0x03, 0x09,
    0x23, 0x09, 0x43, 0x09, 0x63, 0x11, 0xC4, 0x19, 0x84, 0x11, 0x81, 0x00, 0x42, 0x11, 0xC3, 0x19,
    0xE3, 0x19, 0xE3, 0x19, 0xC3, 0x11, 0xA2, 0x11, 0x82, 0x09, 0x83, 0x11, 0x42, 0x09, 0x84, 0x11,
    0x05, 0x1A, 0x02, 0x01, 0xE2, 0x08, 0xE3, 0x08, 0xE2, 0x08, 0xE3, 0x08, 0xE3, 0x08, 0xE2, 0x00,
    0x25, 0x1A, 0x07, 0x2B, 0xE6, 0x22, 0xE6, 0x22, 0xE6, 0x22, 0xA5, 0x22, 0x03, 0x12, 0xA2, 0x11,
    0xC2, 0x19, 0xE2, 0x19, 0x23, 0x1A, 0x43, 0x1A, 0xE3, 0x19, 0xA1, 0x00, 0xA2, 0x00, 0x02, 0x09,
    0x63, 0x11, 0xE2, 0x08, 0xC2, 0x00, 0xC3, 0x08, 0xA2, 0x08, 0x82, 0x00, 0x82, 0x00, 0x61, 0x00,
    0x61, 0x00, 0x61, 0x00, 0x61, 0x00, 0x41, 0x00, 0x63, 0x11, 0xE6, 0x22, 0x46, 0x22, 0xE2, 0x08,
    0xC2, 0x00, 0xE3, 0x08, 0xC3, 0x08, 0xC3, 0x08, 0xC3, 0x08, 0xE3, 0x08, 0x03, 0x09, 0x03, 0x09,
    0xE3, 0x08, 0xA2, 0x00, 0xA2, 0x08, 0x23, 0x09, 0xC2, 0x08, 0x41, 0x00, 0x41, 0x00, 0x41, 0x00,
    0x41, 0x00, 0x41, 0x00, 0x41, 0x00, 0x41, 0x00, 0x41, 0x00, 0x41, 0x00, 0x61, 0x00, 0x61, 0x00,
    0x62, 0x00, 0x61, 0x00, 0x23, 0x11, 0xA3, 0x19, 0xC3, 0x11, 0xC4, 0x19, 0xE2, 0x08, 0x02, 0x09,
    0x63, 0x11, 0xE2, 0x08, 0x02, 0x09, 0x83, 0x19, 0x63, 0x11, 0x63, 0x11, 0x43, 0x11, 0xA2, 0x08,
    0x02, 0x09, 0xA3, 0x11, 0x82, 0x11, 0x82, 0x11, 0x82, 0x11, 0xC3, 0x11, 0xE4, 0x11, 0xA4, 0x11,
    0xE2, 0x08, 0x61, 0x00, 0x81, 0x00, 0x61, 0x00, 0xA1, 0x00, 0x23, 0x11, 0x03, 0x11, 0xA2, 0x00,
    0xC2, 0x00, 0xC2, 0x08, 0xE2, 0x08, 0xC3, 0x08, 0x21, 0xCD, 0xA0, 0xFE, 0x40, 0xFE, 0xA0, 0xFE,
    0x82, 0xA4, 0xE5, 0x09, 0xE4, 0x19, 0x83, 0x11, 0x63, 0x11, 0x63, 0x11, 0x63, 0x11, 0x02, 0x09,
    0x46, 0x32, 0x0A, 0x6C, 0x2E, 0x9D, 0x0E, 0x95, 0x52, 0xA5, 0x0D, 0x74, 0x68, 0x43, 0x65, 0x22,
    0x63, 0x11, 0x63, 0x11, 0x03, 0x09, 0xE3, 0x08, 0x23, 0x11, 0x64, 0x11, 0xC4, 0x11, 0x23, 0x1A,
    0x23, 0x22, 0x83, 0x2A, 0x27, 0x5C, 0xA7, 0x6C, 0xC5, 0x4B, 0x02, 0x12, 0x03, 0x1A, 0x64, 0x22,
    0x24, 0x1A, 0x83, 0x11, 0x23, 0x09, 0x64, 0x11, 0xE5, 0x19, 0x64, 0x11, 0x23, 0x09, 0x81, 0x00,
    0x61, 0x00, 0x82, 0x00, 0x24, 0x09, 0x24, 0x09, 0x03, 0x09, 0x03, 0x09, 0x03, 0x09, 0x03, 0x09,
    0x23, 0x09, 0x24, 0x09, 0x44, 0x11, 0x65, 0x11, 0x85, 0x11, 0xE3, 0x08, 0x61, 0x00, 0x61, 0x00,
    0x61, 0x00, 0x23, 0x11, 0x23, 0x09, 0x23, 0x09, 0x02, 0x01, 0x64, 0x11, 0x85, 0x19, 0xC6, 0x19,
    0x68, 0x2A, 0xE6, 0x11, 0x64, 0x11, 0x44, 0x11, 0x43, 0x09, 0x84, 0x11, 0x42, 0x09, 0x45, 0x12,
    0x06, 0x23, 0xE5, 0x22, 0x84, 0x1A, 0x22, 0x1A, 0xC2, 0x11, 0x64, 0x2A, 0x05, 0x33, 0x22, 0x12,
    0x03, 0x1A, 0x83, 0x11, 0xC2, 0x08, 0xC2, 0x08, 0x43, 0x11, 0x22, 0x09, 0x23, 0x09, 0x02, 0x09,
    0xC2, 0x08, 0x61, 0x00, 0x62, 0x00, 0x61, 0x00, 0x61, 0x00, 0xA2, 0x08, 0xC2, 0x08, 0xC2, 0x00,
    0xC2, 0x00, 0xA2, 0x00, 0xA2, 0x00, 0x82, 0x08, 0xA2, 0x08, 0xA2, 0x00, 0x41, 0x00, 0x21, 0x00,
    0x41, 0x00, 0x41, 0x00, 0x41, 0x00, 0x41, 0x00, 0x62, 0x00, 0x82, 0x00, 0x61, 0x00, 0x82, 0x00,
    0xC6, 0x19, 0x47, 0x22, 0xA5, 0x09, 0xC6, 0x11, 0x84, 0x11, 0x43, 0x11, 0x02, 0x09, 0x03, 0x09,
    0x02, 0x01, 0x83, 0x11, 0xA3, 0x19, 0xC3, 0x11, 0xE3, 0x19, 0x62, 0x11, 0xC3, 0x19, 0x02, 0x1A,
    0xC2, 0x11, 0xC3, 0x19, 0xA2, 0x11, 0x82, 0x11, 0xC4, 0x19, 0xE4, 0x19, 0xA3, 0x11, 0xA4, 0x11,
    0x05, 0x1A, 0x64, 0x11, 0x43, 0x11, 0x43, 0x11, 0x22, 0x09, 0x03, 0x09, 0x03, 0x09, 0xE4, 0x19,
    0x68, 0x3B, 0x68, 0x2B, 0x27, 0x2B, 0x05, 0x23, 0xE6, 0x22, 0x44, 0x1A, 0xC3, 0x11, 0xC2, 0x11,
    0xE2, 0x19, 0x03, 0x1A, 0x03, 0x12, 0xA4, 0x22, 0xA3, 0x11, 0xA1, 0x00, 0xC2, 0x00, 0xC2, 0x00,
    0x23, 0x11, 0x64, 0x11, 0xC1, 0x00, 0xC2, 0x08, 0xE3, 0x08, 0xA3, 0x08, 0xA3, 0x08, 0x62, 0x00,
    0x41, 0x00, 0x42, 0x00, 0x62, 0x00, 0x21, 0x00, 0x43, 0x09, 0x25, 0x1A, 0x81, 0x00, 0xC3, 0x08,
    0x03, 0x09, 0x03, 0x09, 0x03, 0x09, 0x03, 0x09, 0x03, 0x09, 0x03, 0x09, 0x03, 0x09, 0x03, 0x09,
    0x23, 0x09, 0x44, 0x11, 0x03, 0x09, 0xE2, 0x00, 0xC2, 0x08, 0x41, 0x00, 0x41, 0x00, 0x41, 0x00,
    0x41, 0x00, 0x41, 0x00, 0x41, 0x00, 0x41, 0x00, 0x41, 0x00, 0x61, 0x00, 0x62, 0x00, 0x62, 0x00,
    0x62, 0x00, 0x61, 0x00, 0xA3, 0x11, 0x03, 0x12, 0x24, 0x1A, 0x83, 0x11, 0x81, 0x00, 0x82, 0x00,
    0xA2, 0x00, 0x43, 0x11, 0x63, 0x11, 0x83, 0x11, 0x42, 0x09, 0x02, 0x01, 0xE2, 0x00, 0x81, 0x00,
    0x22, 0x09, 0xA3, 0x11, 0x83, 0x11, 0xA2, 0x11, 0xC3, 0x19, 0xC4, 0x19, 0xC4, 0x11, 0xE5, 0x11,
    0x23, 0x09, 0x81, 0x00, 0x82, 0x08, 0x82, 0x08, 0x81, 0x00, 0xA2, 0x08, 0xC2, 0x08, 0xA2, 0x08,
    0xA2, 0x08, 0xC2, 0x08, 0xC2, 0x08, 0xA2, 0x00, 0x42, 0xCD, 0xA0, 0xFE, 0x40, 0xFE, 0xA0, 0xFE,
    0xC3, 0x9C, 0x45, 0x12, 0x04, 0x1A, 0xC4, 0x11, 0xC3, 0x11, 0xA3, 0x11, 0xA4, 0x11, 0x05, 0x22,
    0x28, 0x43, 0x07, 0x43, 0x48, 0x4B, 0x03, 0x22, 0x45, 0x1A, 0xE7, 0x2A, 0x65, 0x1A, 0xA3, 0x11,
    0xA4, 0x11, 0xA4, 0x19, 0x43, 0x11, 0xC2, 0x08, 0xE2, 0x08, 0x23, 0x09, 0xE5, 0x19, 0xA4, 0x11,
    0xE2, 0x00, 0x62, 0x09, 0xC3, 0x2A, 0x87, 0x64, 0x46, 0x5C, 0x04, 0x33, 0xE2, 0x11, 0xA3, 0x11,
    0x84, 0x11, 0x84, 0x11, 0x23, 0x11, 0x03, 0x09, 0x84, 0x11, 0xC5, 0x11, 0x85, 0x11, 0xA2, 0x08,
    0x82, 0x00, 0x04, 0x09, 0xA5, 0x11, 0x65, 0x11, 0x65, 0x11, 0x85, 0x11, 0x85, 0x11, 0xC6, 0x11,
    0x07, 0x1A, 0x27, 0x22, 0x27, 0x1A, 0x47, 0x1A, 0xE6, 0x19, 0x44, 0x11, 0xA2, 0x00, 0x82, 0x08,
    0x61, 0x00, 0x43, 0x11, 0xA4, 0x19, 0x84, 0x11, 0x84, 0x11, 0x23, 0x09, 0xA1, 0x00, 0xC2, 0x08,
    0x44, 0x11, 0x44, 0x09, 0x43, 0x09, 0xA3, 0x11, 0x22, 0x09, 0xA1, 0x00, 0xC4, 0x11, 0xAA, 0x3B,
    0x69, 0x33, 0x49, 0x33, 0x27, 0x2B, 0x84, 0x22, 0x84, 0x32, 0xA7, 0x4B, 0x26, 0x3B, 0x43, 0x22,
    0x23, 0x1A, 0xE3, 0x11, 0x42, 0x11, 0xE2, 0x08, 0x43, 0x09, 0x04, 0x22, 0x04, 0x22, 0xA3, 0x11,
    0xE4, 0x19, 0x02, 0x09, 0x61, 0x00, 0x82, 0x00, 0x81, 0x00, 0xC2, 0x08, 0xC3, 0x08, 0xA2, 0x08,
    0xC2, 0x08, 0xA2, 0x00, 0xA2, 0x00, 0x82, 0x00, 0xA2, 0x00, 0xC3, 0x08, 0x82, 0x00, 0x41, 0x00,
    0x41, 0x00, 0x41, 0x00, 0x41, 0x00, 0x41, 0x00, 0x82, 0x08, 0x82, 0x08, 0x62, 0x00, 0x62, 0x00,
    0xA4, 0x11, 0xC5, 0x11, 0xA5, 0x11, 0xA4, 0x11, 0xA4, 0x11, 0x83, 0x11, 0x83, 0x11, 0xA4, 0x11,
    0xA3, 0x11, 0xE3, 0x19, 0xE3, 0x11, 0xC3, 0x11, 0xE3, 0x11, 0xE3, 0x11, 0xC2, 0x11, 0x03, 0x1A,
    0xE3, 0x11, 0xC3, 0x19, 0xC2, 0x19, 0x82, 0x11, 0x42, 0x09, 0x63, 0x11, 0x63, 0x11, 0x84, 0x11,
    0xC5, 0x11, 0xC5, 0x19, 0xE5, 0x19, 0xA4, 0x11, 0x43, 0x09, 0x43, 0x09, 0x84, 0x11, 0x48, 0x33,
    0x88, 0x33, 0x26, 0x23, 0x06, 0x23, 0x26, 0x2B, 0xA5, 0x22, 0xC3, 0x11, 0xC3, 0x11, 0xC2, 0x11,
    0xE2, 0x11, 0x23, 0x1A, 0x23, 0x12, 0xC5, 0x2A, 0x42, 0x11, 0x81, 0x00, 0xE2, 0x08, 0xC2, 0x08,
    0x81, 0x00, 0xC2, 0x08, 0x81, 0x00, 0x41, 0x00, 0x62, 0x00, 0xE3, 0x08, 0xA2, 0x08, 0x62, 0x00,
    0x62, 0x00, 0x62, 0x00, 0x62, 0x00, 0x21, 0x00, 0x64, 0x19, 0x22, 0x09, 0x41, 0x00, 0x04, 0x11,
    0x23, 0x09, 0x24, 0x09, 0x23, 0x09, 0x23, 0x09, 0x23, 0x09, 0x44, 0x11, 0x23, 0x09, 0xC6, 0x19,
    0x44, 0x09, 0x23, 0x09, 0x85, 0x11, 0x64, 0x11, 0xA2, 0x08, 0x21, 0x00, 0x41, 0x00, 0x41, 0x00,
    0x41, 0x00, 0x41, 0x00, 0x41, 0x00, 0x41, 0x00, 0x62, 0x00, 0x61, 0x00, 0x62, 0x00, 0x82, 0x00,
    0x62, 0x00, 0x82, 0x00, 0xE5, 0x21, 0x03, 0x1A, 0xC4, 0x19, 0xC2, 0x00, 0xA2, 0x08, 0x82, 0x08,
    0xA2, 0x00, 0x81, 0x00, 0xC2, 0x00, 0x02, 0x09, 0x22, 0x09, 0x02, 0x09, 0xE2, 0x08, 0x02, 0x09,
    0x63, 0x11, 0xC3, 0x11, 0xC3, 0x11, 0x03, 0x1A, 0xC4, 0x19, 0x63, 0x11, 0xC5, 0x11, 0xE5, 0x11,
    0x03, 0x09, 0x82, 0x08, 0xC2, 0x08, 0xC2, 0x00, 0xC2, 0x08, 0xA2, 0x08, 0xC2, 0x08, 0xA2, 0x08,
    0x81, 0x00, 0xA1, 0x00, 0xE2, 0x08, 0xE2, 0x08, 0x41, 0xCD, 0xA0, 0xFE, 0x40, 0xFE, 0xA0, 0xFE,
    0xE3, 0xA4, 0x25, 0x12, 0xE4, 0x19, 0xA3, 0x11, 0x83, 0x11, 0x63, 0x09, 0x43, 0x11, 0xE3, 0x08,
    0x62, 0x00, 0xC2, 0x00, 0x63, 0x09, 0x63, 0x09, 0x84, 0x09, 0x86, 0x1A, 0x04, 0x1A, 0x43, 0x09,
    0x43, 0x09, 0x23, 0x11, 0xC2, 0x00, 0x81, 0x00, 0xA2, 0x00, 0xE2, 0x08, 0x23, 0x11, 0x02, 0x09,
    0xA2, 0x08, 0xE2, 0x08, 0xA2, 0x11, 0x45, 0x3B, 0x87, 0x5C, 0x47, 0x54, 0x86, 0x43, 0x23, 0x1A,
    0x43, 0x11, 0x63, 0x11, 0xE2, 0x08, 0xC2, 0x08, 0x64, 0x11, 0x26, 0x1A, 0x45, 0x22, 0xE2, 0x00,
    0x04, 0x09, 0xA5, 0x11, 0xE6, 0x11, 0xE6, 0x11, 0xE6, 0x19, 0xE6, 0x19, 0xE6, 0x11, 0x27, 0x1A,
    0x47, 0x1A, 0x27, 0x1A, 0xE6, 0x11, 0x85, 0x11, 0x03, 0x09, 0xC2, 0x00, 0xC2, 0x00, 0xC3, 0x08,
    0xA2, 0x00, 0x43, 0x11, 0x63, 0x11, 0xE2, 0x08, 0xC2, 0x08, 0x81, 0x00, 0x81, 0x00, 0x62, 0x00,
    0x41, 0x00, 0xA2, 0x00, 0x84, 0x19, 0x05, 0x22, 0x23, 0x11, 0x61, 0x00, 0x67, 0x22, 0xCB, 0x3B,
    0x0C, 0x44, 0xEC, 0x43, 0x49, 0x33, 0xC5, 0x2A, 0x26, 0x43, 0x66, 0x3B, 0xA5, 0x3B, 0x07, 0x4C,
    0x49, 0x64, 0xA8, 0x53, 0x63, 0x09, 0xC2, 0x00, 0xE2, 0x08, 0x43, 0x11, 0xA3, 0x11, 0xE3, 0x11,
    0x04, 0x12, 0x63, 0x11, 0x62, 0x00, 0x82, 0x00, 0x82, 0x00, 0x82, 0x00, 0xC3, 0x08, 0xC2, 0x08,
    0xC2, 0x08, 0xE3, 0x08, 0xC2, 0x00, 0xA2, 0x08, 0xA2, 0x00, 0xA2, 0x00, 0xC2, 0x08, 0x61, 0x00,
    0x41, 0x00, 0x61, 0x00, 0x42, 0x08, 0x81, 0x00, 0x81, 0x00, 0xE2, 0x08, 0x63, 0x11, 0x04, 0x22,
    0xA4, 0x11, 0xC5, 0x19, 0xC4, 0x19, 0xC4, 0x19, 0xC4, 0x19, 0xC3, 0x11, 0xE3, 0x19, 0xE3, 0x19,
    0xC2, 0x11, 0xC3, 0x11, 0xE3, 0x19, 0xA2, 0x11, 0xC2, 0x11, 0x23, 0x1A, 0xC2, 0x11, 0xE3, 0x11,
    0xE3, 0x19, 0xA2, 0x11, 0xC3, 0x11, 0x63, 0x11, 0xA1, 0x00, 0xA2, 0x08, 0xA2, 0x00, 0xC2, 0x00,
    0xE2, 0x08, 0xE2, 0x08, 0x43, 0x11, 0x43, 0x11, 0xC2, 0x08, 0xC1, 0x00, 0x84, 0x11, 0x28, 0x33,
    0x67, 0x2B, 0x26, 0x23, 0x68, 0x33, 0xE6, 0x22, 0xA1, 0x09, 0xA2, 0x11, 0xE3, 0x19, 0xE3, 0x19,
    0x23, 0x1A, 0x64, 0x22, 0x44, 0x1A, 0xC3, 0x19, 0x61, 0x00, 0x41, 0x00, 0x61, 0x00, 0x61, 0x00,
    0x61, 0x00, 0x41, 0x00, 0x41, 0x00, 0x42, 0x00, 0x61, 0x00, 0x82, 0x00, 0x82, 0x00, 0x61, 0x00,
    0x61, 0x00, 0x62, 0x00, 0x62, 0x00, 0x61, 0x00, 0xC2, 0x08, 0x61, 0x00, 0x61, 0x00, 0xC2, 0x08,
    0x03, 0x09, 0x03, 0x09, 0x23, 0x11, 0x23, 0x09, 0x43, 0x09, 0x85, 0x11, 0x43, 0x09, 0x84, 0x11,
    0xC5, 0x19, 0x64, 0x11, 0x03, 0x01, 0x23, 0x09, 0x82, 0x00, 0x21, 0x00, 0x41, 0x00, 0x41, 0x00,
    0x41, 0x00, 0x41, 0x00, 0x41, 0x00, 0x61, 0x00, 0x61, 0x00, 0x61, 0x00, 0x61, 0x00, 0x82, 0x00,
    0x82, 0x00, 0xA2, 0x00, 0x43, 0x11, 0x02, 0x09, 0xC2, 0x00, 0xA2, 0x00, 0xE3, 0x08, 0x81, 0x00,
    0xA2, 0x00, 0x82, 0x08, 0x82, 0x00, 0xA1, 0x00, 0xE2, 0x08, 0xA1, 0x08, 0xA2, 0x00, 0x81, 0x08,
    0x63, 0x11, 0x44, 0x1A, 0x65, 0x1A, 0xE5, 0x19, 0xE2, 0x00, 0xC2, 0x00, 0xC5, 0x11, 0x26, 0x1A,
    0x23, 0x09, 0x03, 0x09, 0x23, 0x11, 0xE3, 0x08, 0xC2, 0x08, 0x82, 0x00, 0xC2, 0x08, 0xE3, 0x08,
    0xC2, 0x00, 0x23, 0x11, 0x43, 0x11, 0x23, 0x11, 0x41, 0xCD, 0xA0, 0xFE, 0x40, 0xFE, 0xA0, 0xFE,
    0xA3, 0xA4, 0x43, 0x09, 0xC2, 0x00, 0xE2, 0x08, 0x24, 0x2A, 0xE4, 0x3A, 0xA2, 0x19, 0xE2, 0x00,
    0xA2, 0x00, 0xC2, 0x08, 0x23, 0x09, 0x44, 0x09, 0x23, 0x11, 0x64, 0x11, 0x84, 0x11, 0x23, 0x09,
    0x23, 0x09, 0xE2, 0x08, 0xC2, 0x00, 0x82, 0x00, 0x61, 0x00, 0x82, 0x08, 0xA2, 0x08, 0xC2, 0x08,
    0xC2, 0x08, 0xC2, 0x08, 0xA2, 0x00, 0x42, 0x09, 0xC7, 0x43, 0x26, 0x4C, 0xA8, 0x5C, 0x47, 0x3B,
    0x42, 0x09, 0x84, 0x11, 0x03, 0x09, 0xC2, 0x00, 0x44, 0x09, 0x84, 0x11, 0x84, 0x22, 0x83, 0x09,
    0x65, 0x11, 0xC5, 0x11, 0x07, 0x1A, 0xE6, 0x11, 0x27, 0x1A, 0x07, 0x1A, 0xE6, 0x19, 0xC6, 0x11,
    0x85, 0x11, 0x65, 0x09, 0x44, 0x09, 0xC3, 0x08, 0x82, 0x00, 0xC2, 0x08, 0xE2, 0x08, 0x43, 0x11,
    0xE2, 0x08, 0x63, 0x11, 0x83, 0x11, 0xE2, 0x08, 0x61, 0x00, 0x81, 0x00, 0x82, 0x08, 0x82, 0x08,
    0x82, 0x08, 0x61, 0x00, 0x41, 0x00, 0x41, 0x00, 0x41, 0x00, 0xE2, 0x08, 0x08, 0x2B, 0x69, 0x2B,
    0x49, 0x2B, 0x8A, 0x33, 0x69, 0x33, 0xE6, 0x32, 0x43, 0x1A, 0x63, 0x1A, 0x25, 0x2B, 0x86, 0x3B,
    0x28, 0x5C, 0x52, 0xAE, 0x87, 0x32, 0xC2, 0x00, 0x03, 0x11, 0xA2, 0x00, 0x83, 0x11, 0xA6, 0x22,
    0xC3, 0x11, 0x02, 0x09, 0x61, 0x00, 0x61, 0x00, 0xC2, 0x08, 0x82, 0x00, 0xA2, 0x00, 0xC2, 0x08,
    0xE3, 0x08, 0x03, 0x09, 0xC2, 0x08, 0xC2, 0x08, 0xA2, 0x08, 0x82, 0x00, 0xC2, 0x08, 0x62, 0x00,
    0x41, 0x00, 0x61, 0x00, 0x23, 0x11, 0x45, 0x22, 0x64, 0x22, 0x46, 0x3B, 0xC8, 0x4B, 0xAB, 0x6C,
    0x83, 0x11, 0x83, 0x11, 0x83, 0x11, 0x83, 0x11, 0xA3, 0x11, 0xC3, 0x11, 0x82, 0x09, 0xE3, 0x19,
    0x04, 0x1A, 0xA2, 0x09, 0xE3, 0x19, 0x24, 0x1A, 0xA2, 0x09, 0xE3, 0x19, 0x03, 0x1A, 0xA2, 0x11,
    0xE3, 0x19, 0xA2, 0x11, 0xC3, 0x11, 0x02, 0x09, 0x61, 0x00, 0xC2, 0x08, 0x03, 0x11, 0xC2, 0x08,
    0xA1, 0x00, 0x81, 0x00, 0xC2, 0x08, 0x03, 0x09, 0xE2, 0x08, 0x64, 0x19, 0xC4, 0x19, 0x45, 0x22,
    0xA5, 0x22, 0xC5, 0x22, 0x06, 0x2B, 0xA9, 0x53, 0x0A, 0x74, 0xA6, 0x42, 0x24, 0x2A, 0xA5, 0x32,
    0xE6, 0x32, 0x64, 0x22, 0x02, 0x09, 0x61, 0x00, 0x62, 0x00, 0x61, 0x00, 0x81, 0x00, 0x82, 0x00,
    0x61, 0x00, 0x61, 0x00, 0x61, 0x00, 0x41, 0x00, 0x41, 0x00, 0x81, 0x00, 0xA2, 0x08, 0xA2, 0x00,
    0xA2, 0x00, 0x82, 0x00, 0x82, 0x00, 0xA2, 0x00, 0xA2, 0x00, 0x82, 0x08, 0x82, 0x00, 0xC2, 0x08,
    0xC2, 0x08, 0xE3, 0x08, 0xE3, 0x08, 0x23, 0x09, 0x43, 0x09, 0xA5, 0x11, 0x64, 0x09, 0x43, 0x09,
    0x64, 0x11, 0x64, 0x11, 0x64, 0x11, 0xE2, 0x00, 0x41, 0x00, 0x21, 0x00, 0x41, 0x00, 0x41, 0x00,
    0x41, 0x00, 0x41, 0x00, 0x41, 0x00, 0x61, 0x00, 0x61, 0x00, 0x61, 0x00, 0x61, 0x00, 0x82, 0x00,
    0x82, 0x00, 0xA2, 0x00, 0x23, 0x11, 0xC2, 0x08, 0x61, 0x00, 0xE2, 0x08, 0x23, 0x11, 0x81, 0x00,
    0x81, 0x08, 0x82, 0x00, 0xA2, 0x08, 0xE2, 0x08, 0xE2, 0x08, 0x81, 0x00, 0x62, 0x00, 0x81, 0x08,
    0x43, 0x09, 0x06, 0x23, 0x65, 0x22, 0xE2, 0x08, 0x82, 0x08, 0x82, 0x08, 0xE2, 0x00, 0xA5, 0x19,
    0x23, 0x09, 0xC5, 0x11, 0x43, 0x09, 0xA1, 0x08, 0x81, 0x00, 0xA2, 0x08, 0xC2, 0x08, 0xE3, 0x08,
    0xE2, 0x08, 0x63, 0x11, 0x42, 0x09, 0x22, 0x09, 0x41, 0xCD, 0x80, 0xFE, 0x40, 0xFE, 0xA0, 0xFE,
    0x21, 0x94, 0x82, 0x00, 0x62, 0x00, 0x24, 0x19, 0x83, 0x19, 0x44, 0x2A, 0x24, 0x3B, 0x23, 0x33,
    0xA4, 0x2A, 0x83, 0x11, 0xE3, 0x08, 0x03, 0x01, 0x04, 0x09, 0x04, 0x09, 0x03, 0x09, 0xE3, 0x08,
    0xE3, 0x08, 0xC3, 0x08, 0xE3, 0x08, 0xA2, 0x08, 0x61, 0x00, 0x81, 0x00, 0x62, 0x00, 0xA2, 0x00,
    0xC2, 0x08, 0xC2, 0x08, 0xA2, 0x08, 0x61, 0x00, 0xE3, 0x19, 0xE6, 0x43, 0xE6, 0x43, 0x03, 0x1A,
    0xE2, 0x08, 0x43, 0x09, 0x23, 0x11, 0xC2, 0x00, 0x24, 0x09, 0x44, 0x09, 0xC3, 0x11, 0x25, 0x1A,
    0x85, 0x11, 0xA6, 0x11, 0x27, 0x1A, 0xE6, 0x19, 0xE6, 0x19, 0x85, 0x11, 0x44, 0x09, 0x24, 0x09,
    0x44, 0x11, 0x04, 0x09, 0xA2, 0x00, 0x61, 0x00, 0xA2, 0x08, 0xE3, 0x08, 0x02, 0x09, 0x43, 0x11,
    0xC2, 0x00, 0x63, 0x11, 0x63, 0x11, 0xC2, 0x08, 0x82, 0x00, 0x82, 0x00, 0x82, 0x00, 0x81, 0x00,
    0x81, 0x00, 0x82, 0x00, 0x61, 0x00, 0xA2, 0x00, 0x82, 0x08, 0x23, 0x11, 0x66, 0x22, 0x66, 0x1A,
    0x85, 0x1A, 0x02, 0x12, 0xEA, 0x6B, 0x2B, 0x74, 0xC2, 0x11, 0x03, 0x1A, 0xE5, 0x2A, 0x65, 0x33,
    0x45, 0x33, 0x0E, 0x85, 0xCE, 0x84, 0x03, 0x11, 0x04, 0x11, 0x62, 0x00, 0xC2, 0x08, 0xE4, 0x19,
    0x63, 0x11, 0x81, 0x00, 0x41, 0x00, 0x61, 0x00, 0xA2, 0x08, 0x82, 0x00, 0x61, 0x00, 0xA2, 0x00,
    0x03, 0x09, 0x03, 0x09, 0xE3, 0x08, 0xC2, 0x08, 0xA2, 0x08, 0x82, 0x00, 0xC3, 0x08, 0x82, 0x08,
    0x41, 0x00, 0x62, 0x00, 0x82, 0x00, 0x62, 0x09, 0xC4, 0x2A, 0x08, 0x54, 0xE8, 0x53, 0x29, 0x54,
    0x66, 0x22, 0xC4, 0x11, 0xA4, 0x11, 0xA4, 0x11, 0x83, 0x09, 0xE4, 0x19, 0x05, 0x1A, 0x82, 0x09,
    0x04, 0x1A, 0x44, 0x22, 0x82, 0x11, 0xE3, 0x11, 0x04, 0x1A, 0x82, 0x11, 0x04, 0x1A, 0xC3, 0x11,
    0xA2, 0x11, 0xC3, 0x11, 0xA3, 0x11, 0xC1, 0x08, 0x61, 0x00, 0x81, 0x00, 0xE3, 0x08, 0x23, 0x09,
    0x63, 0x11, 0x63, 0x11, 0xE2, 0x08, 0xE3, 0x08, 0xE3, 0x08, 0x43, 0x11, 0x84, 0x19, 0x24, 0x22,
    0x25, 0x33, 0x86, 0x33, 0xC4, 0x22, 0x06, 0x43, 0xED, 0x9C, 0x2B, 0x74, 0xE5, 0x32, 0xA5, 0x32,
    0x24, 0x22, 0x22, 0x09, 0x61, 0x00, 0x41, 0x00, 0x21, 0x00, 0x41, 0x00, 0x62, 0x00, 0x82, 0x08,
    0x82, 0x08, 0x82, 0x08, 0x62, 0x00, 0x61, 0x00, 0xE3, 0x08, 0x23, 0x11, 0x03, 0x09, 0xE2, 0x08,
    0xE2, 0x08, 0xE2, 0x08, 0xE2, 0x08, 0xC2, 0x08, 0xC2, 0x08, 0xC2, 0x08, 0xC2, 0x08, 0xE2, 0x08,
    0xE2, 0x08, 0xE2, 0x08, 0xE2, 0x08, 0xE2, 0x08, 0x64, 0x11, 0xA5, 0x11, 0xC5, 0x19, 0x43, 0x09,
    0x84, 0x11, 0x84, 0x11, 0x23, 0x09, 0xA2, 0x08, 0x41, 0x00, 0x41, 0x00, 0x41, 0x00, 0x41, 0x00,
    0x21, 0x00, 0x21, 0x00, 0x61, 0x00, 0x61, 0x00, 0x61, 0x00, 0x62, 0x00, 0x62, 0x00, 0x82, 0x00,
    0x62, 0x00, 0xE3, 0x10, 0x23, 0x19, 0xA1, 0x00, 0xC2, 0x08, 0x64, 0x19, 0x23, 0x11, 0x81, 0x00,
    0x81, 0x00, 0xC2, 0x08, 0xE2, 0x08, 0x02, 0x09, 0x02, 0x09, 0x81, 0x00, 0x41, 0x00, 0x20, 0x00,
    0xE2, 0x10, 0xC6, 0x11, 0x02, 0x01, 0xA2, 0x08, 0xA2, 0x00, 0xA2, 0x08, 0xA2, 0x00, 0x81, 0x00,
    0xC2, 0x00, 0x44, 0x11, 0x81, 0x00, 0x41, 0x00, 0xC2, 0x08, 0xC2, 0x08, 0xE2, 0x08, 0xE3, 0x08,
    0xA2, 0x00, 0x22, 0x11, 0x63, 0x11, 0x23, 0x09, 0x62, 0xC5, 0x80, 0xFE, 0x40, 0xF6, 0xA0, 0xFE,
    0x22, 0x94, 0x82, 0x00, 0x02, 0x11, 0x03, 0x09, 0xA2, 0x00, 0xC2, 0x00, 0xA2, 0x11, 0xA3, 0x22,
    0xA4, 0x43, 0x25, 0x5C, 0x24, 0x3B, 0x03, 0x1A, 0x04, 0x1A, 0xE3, 0x11, 0xC4, 0x19, 0x02, 0x09,
    0xC2, 0x00, 0x03, 0x09, 0x82, 0x00, 0xA3, 0x08, 0x61, 0x08, 0x02, 0x00, 0x61, 0x00, 0x82, 0x00,
    0x82, 0x00, 0x82, 0x00, 0xA2, 0x00, 0x82, 0x00, 0x02, 0x09, 0x86, 0x3B, 0xC6, 0x4B, 0x63, 0x11,
    0xE3, 0x08, 0x03, 0x09, 0xC2, 0x08, 0xA2, 0x08, 0xE3, 0x08, 0xE3, 0x08, 0x23, 0x09, 0x45, 0x22,
    0xA5, 0x11, 0xC6, 0x19, 0xE6, 0x11, 0x85, 0x09, 0x44, 0x09, 0x24, 0x09, 0x04, 0x09, 0x03, 0x09,
    0xC2, 0x08, 0x62, 0x00, 0x61, 0x00, 0x82, 0x00, 0x03, 0x09, 0x24, 0x11, 0xE2, 0x08, 0x22, 0x11,
    0xA1, 0x00, 0x63, 0x11, 0x83, 0x11, 0xC2, 0x08, 0xC3, 0x08, 0x81, 0x00, 0xC2, 0x08, 0x23, 0x19,
    0x82, 0x00, 0x82, 0x00, 0x82, 0x08, 0xC3, 0x08, 0xA2, 0x08, 0xE2, 0x08, 0xA3, 0x11, 0xA3, 0x11,
    0xE4, 0x19, 0xE2, 0x29, 0x4F, 0xC5, 0x0B, 0x84, 0x44, 0x1A, 0x24, 0x1A, 0xA4, 0x1A, 0x25, 0x2B,
    0x45, 0x2B, 0xA7, 0x4B, 0xB0, 0xA5, 0x25, 0x32, 0xA1, 0x00, 0x41, 0x00, 0x82, 0x00, 0x22, 0x09,
    0xC2, 0x08, 0x82, 0x00, 0x82, 0x08, 0x82, 0x00, 0xA2, 0x00, 0xA2, 0x08, 0x81, 0x00, 0xA2, 0x00,
    0xE3, 0x08, 0xE3, 0x08, 0xC2, 0x08, 0x81, 0x00, 0xA2, 0x00, 0x81, 0x00, 0xA2, 0x08, 0xA3, 0x08,
    0x42, 0x00, 0x61, 0x00, 0x82, 0x08, 0xC2, 0x00, 0x02, 0x09, 0x62, 0x11, 0xE5, 0x32, 0x86, 0x3B,
    0x29, 0x3B, 0x08, 0x2B, 0x08, 0x2B, 0x66, 0x1A, 0x45, 0x1A, 0xC3, 0x09, 0x04, 0x12, 0x45, 0x1A,
    0x82, 0x09, 0x44, 0x1A, 0x44, 0x1A, 0x62, 0x11, 0xE3, 0x19, 0x03, 0x1A, 0x82, 0x11, 0xE3, 0x19,
    0xA2, 0x11, 0x82, 0x11, 0xE4, 0x19, 0x43, 0x11, 0x61, 0x00, 0x82, 0x08, 0x81, 0x00, 0xE3, 0x08,
    0xA3, 0x11, 0x65, 0x2A, 0x42, 0x09, 0xE3, 0x08, 0xA2, 0x00, 0x23, 0x11, 0x44, 0x19, 0x65, 0x32,
    0xC3, 0x2A, 0x24, 0x33, 0x01, 0x12, 0xE1, 0x11, 0x63, 0x22, 0x23, 0x22, 0xC3, 0x19, 0x83, 0x11,
    0x62, 0x09, 0xE4, 0x19, 0x45, 0x22, 0xE4, 0x19, 0x23, 0x09, 0xC2, 0x08, 0x61, 0x00, 0x41, 0x00,
    0x62, 0x00, 0x82, 0x08, 0x82, 0x00, 0xA3, 0x08, 0x03, 0x11, 0x23, 0x09, 0x03, 0x09, 0xE2, 0x08,
    0x02, 0x09, 0x23, 0x09, 0x03, 0x09, 0x02, 0x09, 0xE2, 0x08, 0xE2, 0x08, 0xC2, 0x08, 0xC2, 0x08,
    0xE2, 0x08, 0x23, 0x11, 0x23, 0x11, 0x23, 0x09, 0x64, 0x09, 0xA5, 0x11, 0xE5, 0x19, 0x64, 0x11,
    0x64, 0x09, 0xA5, 0x11, 0x64, 0x11, 0x61, 0x00, 0x41, 0x00, 0x41, 0x00, 0x41, 0x00, 0x41, 0x00,
    0x21, 0x00, 0x21, 0x00, 0x41, 0x00, 0x61, 0x00, 0x61, 0x00, 0x61, 0x00, 0x62, 0x00, 0x82, 0x00,
    0x82, 0x00, 0xE3, 0x10, 0xC2, 0x08, 0xA1, 0x00, 0xA2, 0x08, 0xC2, 0x08, 0xC1, 0x08, 0x81, 0x00,
    0xE2, 0x08, 0x02, 0x09, 0x02, 0x09, 0x22, 0x09, 0x02, 0x09, 0x82, 0x00, 0xA1, 0x08, 0x02, 0x9C,
    0xC2, 0xE5, 0xC1, 0xB4, 0x82, 0x29, 0x62, 0x00, 0xC2, 0x08, 0xC2, 0x00, 0xA2, 0x08, 0xC2, 0x08,
    0xA2, 0x00, 0xA2, 0x00, 0x81, 0x00, 0x81, 0x00, 0x23, 0x09, 0xC2, 0x00, 0xC2, 0x00, 0xC2, 0x08,
    0xA2, 0x00, 0xA1, 0x00, 0x63, 0x11, 0x43, 0x09, 0x22, 0x94, 0xE1, 0xFE, 0x60, 0xFE, 0xC1, 0xFE,
    0xE2, 0x5A, 0x03, 0x01, 0x43, 0x11, 0xA3, 0x11, 0x43, 0x22, 0xE2, 0x19, 0x03, 0x1A, 0x22, 0x1A,
    0x42, 0x1A, 0xA3, 0x2A, 0xA3, 0x2A, 0xA4, 0x2A, 0x44, 0x33, 0x02, 0x23, 0x64, 0x33, 0x45, 0x3B,
    0x63, 0x11, 0xA3, 0x00, 0x82, 0x52, 0x41, 0xCD, 0xA3, 0xDD, 0x02, 0x73, 0x41, 0x00, 0x82, 0x08,
    0x82, 0x08, 0x82, 0x00, 0x61, 0x00, 0xA2, 0x08, 0x03, 0x09, 0x05, 0x33, 0x48, 0x5C, 0x42, 0x09,
    0x23, 0x09, 0x23, 0x11, 0xE3, 0x08, 0xA2, 0x08, 0xC3, 0x08, 0xE3, 0x08, 0x03, 0x09, 0x04, 0x1A,
    0xC4, 0x11, 0x64, 0x11, 0x23, 0x09, 0x03, 0x09, 0x23, 0x09, 0x23, 0x09, 0x03, 0x09, 0xA2, 0x08,
    0x41, 0x00, 0x21, 0x00, 0x41, 0x00, 0x41, 0x00, 0xA2, 0x00, 0x62, 0x00, 0x21, 0x00, 0xE2, 0x08,
    0x02, 0x09, 0x83, 0x11, 0x63, 0x11, 0x82, 0x08, 0x82, 0x00, 0xA1, 0x00, 0x43, 0x11, 0x23, 0x11,
    0x81, 0x00, 0x82, 0x00, 0x81, 0x00, 0x41, 0x00, 0x82, 0x00, 0xE2, 0x08, 0x63, 0x11, 0x83, 0x09,
    0xA2, 0x11, 0xEA, 0x7B, 0xCD, 0xAC, 0xC6, 0x4A, 0xA6, 0x22, 0x03, 0x12, 0xA6, 0x22, 0x03, 0x12,
    0xC5, 0x22, 0x65, 0x33, 0x28, 0x5C, 0x6A, 0x64, 0xE6, 0x3A, 0x01, 0x09, 0x62, 0x00, 0x82, 0x00,
    0xA2, 0x00, 0xA2, 0x08, 0x81, 0x00, 0xA2, 0x08, 0x03, 0x09, 0x03, 0x11, 0x82, 0x00, 0x82, 0x08,
    0xA2, 0x00, 0x22, 0x09, 0xA4, 0x11, 0xC5, 0x19, 0x02, 0x09, 0xC2, 0x00, 0x03, 0x09, 0x82, 0x00,
    0xA2, 0x00, 0xE2, 0x08, 0x23, 0x09, 0x02, 0x01, 0xA2, 0x08, 0xA2, 0x00, 0x04, 0x22, 0xE5, 0x32,
    0xC3, 0x11, 0x45, 0x1A, 0x08, 0x33, 0x08, 0x2B, 0x08, 0x2B, 0xAB, 0x43, 0xA6, 0x22, 0xA6, 0x22,
    0xC6, 0x2A, 0xE3, 0x09, 0x44, 0x1A, 0x65, 0x22, 0xC3, 0x11, 0x24, 0x1A, 0xE3, 0x11, 0xE3, 0x11,
    0x03, 0x1A, 0x24, 0x1A, 0x25, 0x22, 0xE2, 0x08, 0x62, 0x00, 0x81, 0x00, 0x82, 0x08, 0x82, 0x00,
    0x02, 0x09, 0x85, 0x2A, 0x44, 0x22, 0xA1, 0x00, 0x61, 0x00, 0x61, 0x00, 0xA2, 0x08, 0xE4, 0x29,
    0xE3, 0x32, 0x44, 0x33, 0x42, 0x22, 0x43, 0x22, 0x04, 0x1A, 0x02, 0x09, 0xE2, 0x08, 0x22, 0x09,
    0xA3, 0x11, 0x24, 0x1A, 0x84, 0x1A, 0xE6, 0x22, 0x47, 0x33, 0xA8, 0x3B, 0x68, 0x3B, 0xC5, 0x21,
    0xA2, 0x08, 0x61, 0x00, 0xA2, 0x00, 0xE3, 0x08, 0xE2, 0x08, 0x02, 0x09, 0x23, 0x09, 0x23, 0x09,
    0x02, 0x09, 0x02, 0x09, 0x23, 0x09, 0x22, 0x09, 0x02, 0x09, 0x02, 0x09, 0xE2, 0x08, 0x02, 0x09,
    0xE2, 0x08, 0xE2, 0x08, 0x23, 0x09, 0x84, 0x11, 0x64, 0x09, 0xC5, 0x11, 0x06, 0x1A, 0xA5, 0x11,
    0x64, 0x11, 0x84, 0x11, 0x43, 0x11, 0x81, 0x00, 0x41, 0x00, 0x41, 0x00, 0x21, 0x00, 0x21, 0x00,
    0x21, 0x00, 0x61, 0x00, 0xC2, 0x08, 0xE2, 0x08, 0xA2, 0x00, 0x82, 0x00, 0x82, 0x00, 0x82, 0x00,
    0x82, 0x08, 0x82, 0x00, 0x82, 0x00, 0xC2, 0x08, 0xA2, 0x00, 0xA2, 0x08, 0x81, 0x00, 0xC2, 0x00,
    0x23, 0x09, 0x22, 0x09, 0x22, 0x09, 0x22, 0x09, 0x22, 0x09, 0x42, 0x00, 0xA2, 0x62, 0x00, 0xFF,
    0x60, 0xFE, 0xC0, 0xFE, 0x21, 0xE6, 0xC2, 0x31, 0x42, 0x00, 0xC3, 0x08, 0xC2, 0x00, 0xC2, 0x00,
    0xE2, 0x08, 0xE3, 0x08, 0x61, 0x00, 0x81, 0x00, 0x23, 0x09, 0x03, 0x09, 0xC2, 0x00, 0xC2, 0x00,
    0x03, 0x09, 0xA2, 0x08, 0xA1, 0x00, 0x63, 0x11, 0x83, 0x21, 0xE2, 0xAC, 0x22, 0xE6, 0x03, 0x8C,
    0x43, 0x11, 0x83, 0x11, 0x44, 0x11, 0xA3, 0x11, 0x23, 0x1A, 0x02, 0x1A, 0xC1, 0x11, 0xA2, 0x11,
    0xA2, 0x11, 0xC2, 0x11, 0xC2, 0x11, 0xE2, 0x11, 0x62, 0x1A, 0x82, 0x1A, 0xC2, 0x22, 0xE5, 0x43,
    0xE4, 0x19, 0xE2, 0x62, 0x81, 0xFE, 0x80, 0xFE, 0xA0, 0xFE, 0xA1, 0xFE, 0x63, 0x29, 0x43, 0x00,
    0x81, 0x08, 0x61, 0x00, 0x41, 0x00, 0xE2, 0x08, 0x23, 0x09, 0x03, 0x1A, 0x88, 0x4B, 0x43, 0x09,
    0x64, 0x11, 0x23, 0x09, 0x23, 0x09, 0xE2, 0x08, 0xC2, 0x08, 0xC3, 0x08, 0xC2, 0x08, 0x84, 0x11,
    0xC3, 0x11, 0xE2, 0x08, 0x03, 0x09, 0xC2, 0x08, 0xA2, 0x08, 0x82, 0x08, 0x61, 0x00, 0x00, 0x00,
    0x21, 0x00, 0xC2, 0x08, 0x84, 0x11, 0xC6, 0x19, 0x27, 0x22, 0xC6, 0x11, 0xE3, 0x08, 0x61, 0x00,
    0x02, 0x11, 0x62, 0x11, 0xE2, 0x08, 0xA2, 0x08, 0x63, 0x11, 0xA4, 0x19, 0x02, 0x09, 0x22, 0x09,
    0x81, 0x00, 0x82, 0x08, 0x82, 0x00, 0x41, 0x00, 0x41, 0x00, 0xC2, 0x08, 0x83, 0x11, 0xA3, 0x11,
    0x48, 0x53, 0xA9, 0x6B, 0x64, 0x42, 0x85, 0x32, 0x65, 0x1A, 0x24, 0x1A, 0xC4, 0x11, 0x81, 0x00,
    0xE1, 0x00, 0xA6, 0x2A, 0xA7, 0x43, 0xE7, 0x43, 0x07, 0x4C, 0xE6, 0x32, 0x81, 0x00, 0x82, 0x00,
    0xA2, 0x00, 0xA2, 0x08, 0x82, 0x08, 0xA2, 0x08, 0x82, 0x00, 0xC2, 0x08, 0x82, 0x00, 0x81, 0x00,
    0x42, 0x09, 0x24, 0x22, 0xC4, 0x19, 0x63, 0x11, 0x63, 0x09, 0xA4, 0x19, 0xA3, 0x11, 0x62, 0x09,
    0x04, 0x1A, 0x44, 0x1A, 0xE6, 0x2A, 0xA5, 0x22, 0x83, 0x11, 0xE3, 0x08, 0xE2, 0x08, 0x62, 0x11,
    0xE7, 0x2A, 0x65, 0x1A, 0x04, 0x12, 0x25, 0x1A, 0x86, 0x2A, 0xC7, 0x32, 0xC7, 0x2A, 0x86, 0x1A,
    0x69, 0x33, 0x8A, 0x3B, 0x86, 0x22, 0xE6, 0x2A, 0xC6, 0x2A, 0x44, 0x1A, 0xA5, 0x22, 0x44, 0x1A,
    0x64, 0x1A, 0x44, 0x22, 0x62, 0x09, 0x61, 0x00, 0x62, 0x00, 0x81, 0x00, 0x82, 0x00, 0x82, 0x00,
    0x81, 0x00, 0xC3, 0x19, 0x85, 0x2A, 0x43, 0x11, 0x61, 0x00, 0x61, 0x00, 0x41, 0x00, 0x81, 0x00,
    0xE4, 0x32, 0x02, 0x2B, 0xA6, 0x4B, 0x81, 0x11, 0xE1, 0x00, 0x02, 0x09, 0x02, 0x09, 0x42, 0x11,
    0xA3, 0x11, 0x03, 0x1A, 0x24, 0x1A, 0x63, 0x1A, 0xA4, 0x22, 0x26, 0x2B, 0xA8, 0x3B, 0x4A, 0x4C,
    0x27, 0x33, 0xC1, 0x00, 0x82, 0x00, 0xE3, 0x08, 0x03, 0x09, 0x23, 0x09, 0x23, 0x11, 0x23, 0x09,
    0x43, 0x09, 0x43, 0x09, 0x43, 0x09, 0x43, 0x11, 0x23, 0x09, 0x23, 0x09, 0x02, 0x09, 0x03, 0x09,
    0x23, 0x09, 0x23, 0x09, 0x02, 0x09, 0x43, 0x11, 0x64, 0x11, 0xC5, 0x11, 0x06, 0x1A, 0xC5, 0x11,
    0x63, 0x09, 0xC5, 0x19, 0xE2, 0x08, 0x81, 0x00, 0x61, 0x00, 0x21, 0x00, 0x41, 0x00, 0x62, 0x00,
    0xE2, 0x08, 0x63, 0x11, 0x23, 0x09, 0x43, 0x11, 0xE2, 0x08, 0xA2, 0x08, 0xA2, 0x08, 0xA2, 0x08,
    0x82, 0x08, 0x82, 0x00, 0xA2, 0x00, 0xA2, 0x08, 0xC3, 0x08, 0xA2, 0x00, 0x81, 0x00, 0x02, 0x09,
    0x43, 0x11, 0x42, 0x09, 0x22, 0x09, 0x02, 0x09, 0xE2, 0x08, 0x42, 0x00, 0xE2, 0x6A, 0xC0, 0xFE,
    0x40, 0xF6, 0x40, 0xFE, 0x80, 0xFE, 0x02, 0xEE, 0xC2, 0x31, 0xA2, 0x00, 0x02, 0x11, 0x02, 0x09,
    0x43, 0x11, 0x03, 0x09, 0x81, 0x00, 0x81, 0x00, 0x23, 0x11, 0x64, 0x11, 0xA5, 0x11, 0x84, 0x11,
    0x64, 0x11, 0x82, 0x00, 0x61, 0x00, 0x81, 0x00, 0x82, 0x00, 0x82, 0x00, 0xC2, 0x10, 0xA2, 0x00,
    0x23, 0x09, 0x03, 0x11, 0x23, 0x11, 0x23, 0x11, 0xC2, 0x00, 0xC3, 0x19, 0x03, 0x1A, 0x82, 0x11,
    0x82, 0x11, 0xA2, 0x11, 0xA2, 0x11, 0xC2, 0x11, 0xE2, 0x11, 0x02, 0x12, 0x22, 0x1A, 0x82, 0x1A,
    0x22, 0x7C, 0x81, 0xFE, 0x60, 0xFE, 0x20, 0xFE, 0x40, 0xFE, 0x61, 0xFE, 0x81, 0x31, 0x42, 0x00,
    0x41, 0x00, 0x41, 0x00, 0x61, 0x00, 0x03, 0x11, 0x43, 0x11, 0x43, 0x09, 0xA4, 0x11, 0x64, 0x11,
    0x84, 0x11, 0x43, 0x11, 0x23, 0x09, 0x03, 0x09, 0xC2, 0x08, 0xA2, 0x08, 0xC2, 0x08, 0xC2, 0x00,
    0x83, 0x11, 0x22, 0x09, 0x21, 0x00, 0x41, 0x00, 0x40, 0x00, 0x21, 0x00, 0x41, 0x00, 0xC2, 0x08,
    0x22, 0x09, 0xE5, 0x19, 0x66, 0x1A, 0xC8, 0x22, 0x6B, 0x3B, 0x8B, 0x33, 0xE9, 0x2A, 0x84, 0x11,
    0x81, 0x00, 0x02, 0x09, 0xA1, 0x00, 0xE3, 0x08, 0x25, 0x22, 0xE3, 0x11, 0x63, 0x11, 0x83, 0x11,
    0xA1, 0x00, 0x62, 0x08, 0x81, 0x00, 0x61, 0x00, 0x41, 0x00, 0x81, 0x00, 0x83, 0x11, 0x24, 0x22,
    0x47, 0x4B, 0x03, 0x22, 0xC3, 0x19, 0x44, 0x1A, 0x65, 0x1A, 0x83, 0x19, 0x81, 0x00, 0x42, 0x08,
    0x41, 0x00, 0xA2, 0x00, 0x83, 0x11, 0xE5, 0x2A, 0x28, 0x4C, 0x49, 0x54, 0x83, 0x11, 0x41, 0x00,
    0xA2, 0x08, 0xA2, 0x00, 0xA2, 0x08, 0xE3, 0x08, 0xA2, 0x00, 0x61, 0x00, 0x81, 0x00, 0xC2, 0x08,
    0x04, 0x22, 0x81, 0x09, 0x22, 0x09, 0xE1, 0x00, 0xC4, 0x19, 0x03, 0x1A, 0x82, 0x09, 0x42, 0x09,
    0xC4, 0x19, 0x64, 0x1A, 0x26, 0x2B, 0x06, 0x33, 0x85, 0x22, 0x62, 0x09, 0x03, 0x09, 0x03, 0x09,
    0x68, 0x3B, 0xCA, 0x43, 0x0B, 0x4C, 0x28, 0x2B, 0x45, 0x12, 0x45, 0x12, 0x86, 0x22, 0xC7, 0x2A,
    0x65, 0x1A, 0x45, 0x12, 0xE7, 0x2A, 0xC7, 0x2A, 0x44, 0x1A, 0xC6, 0x22, 0x45, 0x1A, 0x24, 0x1A,
    0x24, 0x1A, 0xC3, 0x19, 0xA1, 0x00, 0x82, 0x00, 0x82, 0x00, 0x82, 0x00, 0x82, 0x00, 0x82, 0x00,
    0x81, 0x00, 0x02, 0x09, 0x04, 0x1A, 0x83, 0x09, 0x81, 0x00, 0x41, 0x00, 0x62, 0x00, 0x01, 0x00,
    0x04, 0x22, 0x64, 0x3B, 0x44, 0x3B, 0xE4, 0x3A, 0xE1, 0x00, 0x63, 0x11, 0x82, 0x11, 0xA2, 0x11,
    0xC2, 0x11, 0x23, 0x1A, 0x24, 0x1A, 0x23, 0x1A, 0x63, 0x22, 0x84, 0x22, 0x84, 0x1A, 0xE5, 0x22,
    0x67, 0x33, 0x07, 0x33, 0x02, 0x09, 0xC2, 0x08, 0x03, 0x09, 0x43, 0x11, 0x43, 0x11, 0x43, 0x11,
    0x43, 0x11, 0x63, 0x11, 0x63, 0x11, 0x23, 0x09, 0x22, 0x09, 0x02, 0x09, 0x23, 0x09, 0x02, 0x09,
    0x23, 0x09, 0x23, 0x11, 0x23, 0x11, 0x22, 0x09, 0x02, 0x09, 0x23, 0x09, 0xC5, 0x11, 0xA4, 0x11,
    0x84, 0x11, 0x84, 0x11, 0x81, 0x00, 0x82, 0x00, 0x62, 0x00, 0x41, 0x00, 0x41, 0x00, 0x23, 0x11,
    0x62, 0x09, 0x63, 0x11, 0xA2, 0x08, 0x61, 0x00, 0x61, 0x00, 0x61, 0x00, 0x82, 0x08, 0xA2, 0x08,
    0xA2, 0x08, 0xC2, 0x08, 0xE2, 0x08, 0xC2, 0x00, 0xC2, 0x08, 0xA1, 0x00, 0xC2, 0x08, 0x43, 0x11,
    0x63, 0x11, 0x62, 0x11, 0x42, 0x11, 0xE2, 0x08, 0xC2, 0x00, 0xA3, 0x00, 0x02, 0x19, 0xC1, 0xDD,
    0x80, 0xFE, 0x20, 0xFE, 0x60, 0xFE, 0x80, 0xFE, 0x03, 0xEE, 0x02, 0x42, 0xE3, 0x00, 0x63, 0x11,
    0x84, 0x11, 0xE2, 0x08, 0x41, 0x00, 0x82, 0x00, 0x43, 0x11, 0x06, 0x1A, 0x47, 0x1A, 0xC5, 0x11,
    0x24, 0x09, 0x03, 0x09, 0x43, 0x11, 0xC2, 0x08, 0x82, 0x00, 0x61, 0x00, 0x41, 0x00, 0x41, 0x00,
    0xA2, 0x08, 0xC2, 0x08, 0x61, 0x00, 0x41, 0x00, 0x41, 0x00, 0xA1, 0x00, 0xC3, 0x11, 0xE3, 0x19,
    0xE3, 0x11, 0xC2, 0x11, 0xC2, 0x11, 0xE2, 0x11, 0x23, 0x1A, 0x43, 0x22, 0x02, 0x12, 0xE2, 0x73,
    0x81, 0xFE, 0x60, 0xFE, 0x60, 0xFE, 0x40, 0xFE, 0xC0, 0xFE, 0xC2, 0xAC, 0xC2, 0x08, 0x23, 0x09,
    0xC2, 0x08, 0xA2, 0x00, 0x81, 0x00, 0xE3, 0x08, 0x43, 0x11, 0x43, 0x11, 0x64, 0x11, 0x64, 0x11,
    0x63, 0x11, 0x84, 0x11, 0x43, 0x09, 0x43, 0x11, 0x03, 0x09, 0x81, 0x00, 0xC2, 0x08, 0xA3, 0x08,
    0x81, 0x00, 0x83, 0x19, 0x02, 0x09, 0xA1, 0x00, 0x82, 0x00, 0xA2, 0x00, 0xA4, 0x19, 0x66, 0x22,
    0x04, 0x1A, 0xE5, 0x11, 0x26, 0x12, 0x4A, 0x33, 0x0D, 0x4C, 0xED, 0x43, 0xE9, 0x2A, 0x46, 0x1A,
    0xA4, 0x19, 0x03, 0x09, 0xC2, 0x08, 0xE2, 0x08, 0x82, 0x09, 0x03, 0x1A, 0x65, 0x22, 0x63, 0x11,
    0x61, 0x00, 0x62, 0x00, 0x61, 0x00, 0x41, 0x00, 0x61, 0x00, 0x42, 0x11, 0x24, 0x1A, 0x03, 0x1A,
    0xA5, 0x32, 0x23, 0x22, 0xC2, 0x11, 0x24, 0x1A, 0x83, 0x11, 0x61, 0x00, 0x62, 0x00, 0x61, 0x00,
    0x82, 0x00, 0xC3, 0x08, 0x81, 0x00, 0xA1, 0x00, 0xA3, 0x11, 0x87, 0x43, 0x86, 0x2A, 0x41, 0x00,
    0xA2, 0x08, 0x82, 0x00, 0x41, 0x00, 0x82, 0x00, 0x81, 0x00, 0x61, 0x00, 0x82, 0x00, 0x42, 0x09,
    0x26, 0x33, 0xE5, 0x2A, 0x65, 0x2A, 0xC3, 0x11, 0xE3, 0x19, 0x65, 0x2A, 0x04, 0x22, 0x21, 0x09,
    0xE4, 0x19, 0xA6, 0x22, 0x44, 0x1A, 0x62, 0x09, 0x63, 0x11, 0x43, 0x09, 0xC2, 0x08, 0xA3, 0x08,
    0x0F, 0x75, 0x2B, 0x54, 0xE6, 0x2A, 0xC6, 0x22, 0xAA, 0x43, 0x2C, 0x54, 0x69, 0x3B, 0x65, 0x1A,
    0x08, 0x33, 0xAB, 0x43, 0x49, 0x33, 0xE8, 0x2A, 0xAB, 0x43, 0x08, 0x2B, 0xE7, 0x2A, 0xA6, 0x22,
    0x45, 0x22, 0x22, 0x09, 0x81, 0x00, 0x82, 0x08, 0xA2, 0x08, 0xA2, 0x08, 0xA2, 0x08, 0x82, 0x08,
    0x82, 0x08, 0xA2, 0x00, 0xA4, 0x19, 0x23, 0x09, 0xA2, 0x08, 0x82, 0x08, 0x82, 0x08, 0x21, 0x00,
    0x23, 0x11, 0xA5, 0x4B, 0x23, 0x3B, 0xE6, 0x53, 0x84, 0x32, 0x42, 0x09, 0xE2, 0x19, 0xE2, 0x19,
    0x03, 0x1A, 0xE2, 0x19, 0xE3, 0x19, 0x24, 0x1A, 0x43, 0x1A, 0x24, 0x1A, 0x23, 0x1A, 0x63, 0x22,
    0x83, 0x22, 0xE4, 0x2A, 0xC5, 0x2A, 0x62, 0x09, 0x43, 0x09, 0x63, 0x11, 0x22, 0x09, 0x02, 0x09,
    0x02, 0x09, 0x43, 0x11, 0x63, 0x11, 0x43, 0x11, 0x43, 0x09, 0x43, 0x09, 0x22, 0x09, 0x63, 0x11,
    0x43, 0x09, 0x43, 0x11, 0x43, 0x11, 0x43, 0x09, 0x02, 0x09, 0xA2, 0x00, 0x43, 0x09, 0xA5, 0x19,
    0xA5, 0x11, 0x23, 0x09, 0x82, 0x00, 0xA2, 0x08, 0x82, 0x00, 0x40, 0x00, 0x02, 0x11, 0x62, 0x11,
    0x62, 0x11, 0xE2, 0x08, 0x41, 0x00, 0x41, 0x00, 0x61, 0x00, 0x82, 0x00, 0xA2, 0x08, 0x82, 0x00,
    0xC2, 0x08, 0x23, 0x11, 0x43, 0x11, 0x02, 0x09, 0xC1, 0x00, 0xE2, 0x08, 0xE2, 0x08, 0x43, 0x11,
    0x83, 0x11, 0x83, 0x11, 0x22, 0x09, 0xC2, 0x00, 0xE2, 0x08, 0x03, 0x09, 0xA2, 0x00, 0xA1, 0x31,
    0x01, 0xE6, 0x80, 0xFE, 0x40, 0xFE, 0x40, 0xFE, 0x80, 0xFE, 0x21, 0xEE, 0x03, 0x3A, 0x23, 0x09,
    0xC4, 0x11, 0xE3, 0x08, 0x41, 0x00, 0x82, 0x00, 0x64, 0x09, 0x88, 0x22, 0x67, 0x22, 0x44, 0x09,
    0x23, 0x09, 0x06, 0x1A, 0x26, 0x1A, 0x84, 0x09, 0xE2, 0x08, 0x81, 0x00, 0xA2, 0x00, 0xE2, 0x08,
    0x03, 0x09, 0xE3, 0x08, 0xC2, 0x08, 0x61, 0x00, 0x42, 0x00, 0x62, 0x08, 0x61, 0x00, 0x22, 0x09,
    0xE4, 0x19, 0x23, 0x1A, 0x23, 0x1A, 0xC3, 0x19, 0x42, 0x11, 0x81, 0x00, 0x01, 0x63, 0xA1, 0xFE,
    0x60, 0xFE, 0x60, 0xFE, 0x40, 0xFE, 0xA0, 0xFE, 0x22, 0xC5, 0x42, 0x11, 0x43, 0x09, 0x84, 0x19,
    0x64, 0x11, 0x44, 0x11, 0xE2, 0x08, 0x03, 0x09, 0x43, 0x11, 0x43, 0x11, 0x43, 0x11, 0x43, 0x09,
    0x23, 0x09, 0x64, 0x11, 0x64, 0x11, 0x64, 0x11, 0x64, 0x11, 0x03, 0x09, 0x81, 0x00, 0x62, 0x00,
    0xA2, 0x08, 0xE2, 0x00, 0x23, 0x1A, 0x64, 0x22, 0x43, 0x1A, 0x64, 0x22, 0xA4, 0x22, 0x84, 0x1A,
    0x24, 0x1A, 0x45, 0x1A, 0xC7, 0x22, 0x09, 0x2B, 0xAC, 0x43, 0xCC, 0x43, 0x87, 0x1A, 0x05, 0x1A,
    0x25, 0x1A, 0x63, 0x09, 0xE2, 0x00, 0x22, 0x11, 0x04, 0x22, 0x24, 0x22, 0x82, 0x11, 0xA1, 0x00,
    0x82, 0x00, 0xA2, 0x00, 0x82, 0x00, 0xA2, 0x00, 0xA3, 0x19, 0x06, 0x3B, 0xC6, 0x32, 0x48, 0x43,
    0xE7, 0x3A, 0x23, 0x22, 0x86, 0x2A, 0x83, 0x11, 0x81, 0x00, 0x61, 0x00, 0x61, 0x00, 0x61, 0x00,
    0x61, 0x00, 0xA2, 0x08, 0xC3, 0x08, 0xC2, 0x08, 0x82, 0x08, 0xE1, 0x00, 0x24, 0x22, 0x64, 0x11,
    0x61, 0x00, 0x82, 0x08, 0x41, 0x00, 0x41, 0x00, 0x41, 0x00, 0x41, 0x00, 0xA2, 0x08, 0x42, 0x11,
    0x84, 0x22, 0x23, 0x1A, 0x44, 0x1A, 0x24, 0x1A, 0x42, 0x09, 0x22, 0x09, 0x22, 0x09, 0xA3, 0x11,
    0x05, 0x1A, 0x83, 0x09, 0x42, 0x09, 0x83, 0x11, 0x22, 0x09, 0x02, 0x09, 0xE2, 0x08, 0xE2, 0x08,
    0xE7, 0x2A, 0x6D, 0x5C, 0xEE, 0x64, 0x2F, 0x6D, 0x2C, 0x54, 0xA6, 0x22, 0x86, 0x22, 0xEC, 0x53,
    0x4D, 0x5C, 0xC7, 0x22, 0x49, 0x33, 0x6E, 0x5C, 0x29, 0x33, 0x08, 0x2B, 0x08, 0x2B, 0x66, 0x22,
    0xE4, 0x19, 0x81, 0x00, 0x82, 0x08, 0xA2, 0x08, 0xA2, 0x00, 0xA2, 0x08, 0x82, 0x00, 0x82, 0x00,
    0x81, 0x00, 0x82, 0x00, 0xA2, 0x08, 0xA1, 0x00, 0x61, 0x00, 0x81, 0x08, 0xA2, 0x00, 0xA2, 0x08,
    0x81, 0x00, 0xE2, 0x08, 0xE6, 0x53, 0x44, 0x43, 0xC6, 0x53, 0x63, 0x2A, 0xC2, 0x11, 0xE2, 0x19,
    0x03, 0x1A, 0x03, 0x1A, 0x03, 0x1A, 0xE2, 0x11, 0x03, 0x1A, 0x23, 0x1A, 0x23, 0x1A, 0x43, 0x1A,
    0x64, 0x22, 0x63, 0x22, 0x45, 0x33, 0x85, 0x22, 0x42, 0x09, 0x43, 0x11, 0x63, 0x11, 0x83, 0x11,
    0x83, 0x11, 0xC4, 0x19, 0x83, 0x11, 0x63, 0x11, 0x22, 0x09, 0x63, 0x11, 0x83, 0x11, 0x42, 0x09,
    0x83, 0x11, 0x83, 0x11, 0x62, 0x09, 0x83, 0x11, 0x03, 0x09, 0x82, 0x00, 0xA2, 0x08, 0x23, 0x09,
    0x85, 0x11, 0x03, 0x09, 0x82, 0x00, 0x82, 0x08, 0x61, 0x00, 0x63, 0x11, 0xC2, 0x11, 0xA3, 0x11,
    0x42, 0x11, 0x61, 0x00, 0x41, 0x00, 0x61, 0x00, 0x61, 0x00, 0x61, 0x00, 0xC1, 0x00, 0x43, 0x11,
    0x83, 0x11, 0x42, 0x09, 0x82, 0x11, 0x62, 0x11, 0x22, 0x09, 0xE3, 0x08, 0xC1, 0x00, 0x62, 0x09,
    0xC2, 0x11, 0x83, 0x11, 0x02, 0x09, 0x02, 0x09, 0x23, 0x09, 0x23, 0x09, 0x02, 0x09, 0xA2, 0x00,
    0xC1, 0x31, 0x01, 0xEE, 0x80, 0xFE, 0x40, 0xFE, 0x40, 0xFE, 0x80, 0xFE, 0xC1, 0xE5, 0x02, 0x19,
    0x03, 0x09, 0xA1, 0x08, 0x62, 0x00, 0x82, 0x00, 0xE6, 0x11, 0x0A, 0x2B, 0xA5, 0x11, 0x81, 0x00,
    0x84, 0x19, 0xE5, 0x11, 0x45, 0x1A, 0x25, 0x1A, 0x84, 0x11, 0xC2, 0x08, 0xC3, 0x08, 0x43, 0x11,
    0x43, 0x11, 0x44, 0x11, 0xA2, 0x08, 0x41, 0x00, 0x61, 0x00, 0x82, 0x00, 0x62, 0x00, 0xA2, 0x00,
    0xA2, 0x00, 0xE2, 0x08, 0x02, 0x09, 0xE2, 0x08, 0x42, 0x00, 0xC2, 0x39, 0x81, 0xFE, 0x60, 0xFE,
    0x60, 0xFE, 0x40, 0xFE, 0xA0, 0xFE, 0x04, 0xC5, 0x22, 0x11, 0xE3, 0x08, 0x83, 0x11, 0x63, 0x09,
    0x43, 0x09, 0x63, 0x09, 0x84, 0x11, 0x63, 0x11, 0x43, 0x11, 0x43, 0x11, 0x23, 0x09, 0x23, 0x09,
    0x23, 0x09, 0x23, 0x09, 0x43, 0x11, 0x84, 0x11, 0x84, 0x11, 0xA4, 0x11, 0x03, 0x09, 0xA1, 0x00,
    0xC2, 0x08, 0xE3, 0x08, 0x83, 0x11, 0xA3, 0x22, 0x03, 0x23, 0x43, 0x2B, 0x63, 0x2B, 0x24, 0x2B,
    0x44, 0x1A, 0xA6, 0x22, 0xA6, 0x22, 0x05, 0x1A, 0x26, 0x22, 0x66, 0x22, 0x85, 0x22, 0x04, 0x12,
    0xC4, 0x11, 0xA4, 0x11, 0x42, 0x09, 0xA1, 0x00, 0x41, 0x00, 0x61, 0x00, 0x41, 0x00, 0x82, 0x00,
    0x62, 0x00, 0x62, 0x00, 0x81, 0x00, 0x04, 0x1A, 0xE5, 0x2A, 0x88, 0x43, 0xA9, 0x53, 0xAA, 0x53,
    0x64, 0x22, 0x04, 0x22, 0x02, 0x11, 0x81, 0x00, 0x82, 0x08, 0x82, 0x00, 0x62, 0x00, 0xA2, 0x08,
    0x82, 0x00, 0x61, 0x00, 0xE3, 0x08, 0xC2, 0x08, 0x03, 0x11, 0xC3, 0x08, 0xC2, 0x00, 0x03, 0x11,
    0xA2, 0x00, 0x82, 0x00, 0x41, 0x00, 0x41, 0x00, 0x41, 0x00, 0x41, 0x00, 0x62, 0x00, 0x63, 0x11,
    0x85, 0x22, 0x25, 0x1A, 0x44, 0x1A, 0x25, 0x22, 0xE2, 0x08, 0x43, 0x11, 0x63, 0x11, 0x83, 0x11,
    0x83, 0x11, 0x22, 0x09, 0x03, 0x1A, 0x84, 0x22, 0xE3, 0x11, 0xE3, 0x11, 0x44, 0x1A, 0xC3, 0x11,
    0x82, 0x09, 0x48, 0x3B, 0x8D, 0x5C, 0x47, 0x33, 0xA5, 0x22, 0xEB, 0x4B, 0xCE, 0x6C, 0x69, 0x3B,
    0x65, 0x1A, 0xEB, 0x43, 0xAF, 0x64, 0xC7, 0x22, 0x29, 0x33, 0x4A, 0x3B, 0x65, 0x1A, 0x86, 0x22,
    0x02, 0x09, 0x81, 0x00, 0x81, 0x00, 0x81, 0x00, 0x81, 0x00, 0x61, 0x00, 0x41, 0x00, 0x61, 0x00,
    0x61, 0x00, 0x62, 0x00, 0x62, 0x08, 0x82, 0x08, 0x82, 0x08, 0xA2, 0x08, 0xA2, 0x08, 0xA2, 0x08,
    0xC2, 0x08, 0x41, 0x00, 0x62, 0x19, 0x66, 0x4B, 0x03, 0x3B, 0xE6, 0x53, 0x42, 0x22, 0x03, 0x1A,
    0x03, 0x1A, 0x03, 0x1A, 0x23, 0x1A, 0x23, 0x1A, 0x03, 0x12, 0x02, 0x12, 0x22, 0x1A, 0x43, 0x1A,
    0x43, 0x1A, 0x63, 0x1A, 0xC4, 0x22, 0x05, 0x33, 0xA2, 0x11, 0x63, 0x11, 0xA3, 0x11, 0xE4, 0x19,
    0xA3, 0x11, 0x62, 0x09, 0x42, 0x09, 0x63, 0x11, 0xA3, 0x11, 0x42, 0x09, 0x83, 0x19, 0xA4, 0x19,
    0x62, 0x09, 0xA4, 0x11, 0xA3, 0x11, 0x43, 0x09, 0xA2, 0x08, 0x62, 0x00, 0x81, 0x00, 0xA2, 0x00,
    0x24, 0x11, 0x03, 0x09, 0x82, 0x00, 0x62, 0x00, 0x83, 0x11, 0x03, 0x12, 0xC3, 0x11, 0x43, 0x11,
    0x61, 0x00, 0x62, 0x00, 0x81, 0x00, 0x62, 0x00, 0x42, 0x00, 0x81, 0x00, 0x42, 0x11, 0xC3, 0x11,
    0x62, 0x11, 0x42, 0x09, 0xA2, 0x11, 0xC2, 0x11, 0x22, 0x09, 0x81, 0x00, 0xC2, 0x08, 0x43, 0x11,
    0xA3, 0x11, 0xA3, 0x11, 0x22, 0x09, 0x43, 0x09, 0x43, 0x09, 0x23, 0x09, 0x03, 0x09, 0x42, 0x11,
    0xC2, 0x00, 0x01, 0x3A, 0x01, 0xEE, 0x80, 0xFE, 0x40, 0xF6, 0x40, 0xF6, 0xA1, 0xFE, 0xE2, 0x62,
    0x01, 0x00, 0xA1, 0x08, 0x82, 0x00, 0x82, 0x00, 0x06, 0x1A, 0xE6, 0x19, 0x81, 0x00, 0xA2, 0x00,
    0x64, 0x11, 0x23, 0x09, 0xE3, 0x00, 0x44, 0x01, 0x63, 0x09, 0x03, 0x11, 0x63, 0x11, 0x43, 0x09,
    0xA2, 0x00, 0x21, 0x00, 0x01, 0x00, 0x21, 0x00, 0x61, 0x00, 0x61, 0x08, 0x42, 0x00, 0x61, 0x00,
    0x62, 0x00, 0x82, 0x00, 0x82, 0x00, 0xA2, 0x08, 0x22, 0x00, 0x41, 0xA4, 0xC0, 0xFE, 0x40, 0xF6,
    0x20, 0xFE, 0xA0, 0xFE, 0x22, 0xC5, 0xC1, 0x10, 0xE3, 0x08, 0x23, 0x11, 0x63, 0x09, 0x43, 0x09,
    0x43, 0x11, 0x03, 0x09, 0x03, 0x09, 0x23, 0x09, 0x03, 0x09, 0xE3, 0x08, 0x03, 0x09, 0x03, 0x09,
    0x03, 0x09, 0xE3, 0x08, 0x03, 0x09, 0x43, 0x09, 0x43, 0x09, 0x63, 0x11, 0xC4, 0x11, 0x02, 0x09,
    0xE2, 0x08, 0x64, 0x11, 0x83, 0x11, 0xE3, 0x11, 0x84, 0x22, 0xA3, 0x22, 0xE3, 0x22, 0xA4, 0x22,
    0xA3, 0x11, 0xC3, 0x11, 0xE4, 0x11, 0xC4, 0x19, 0x21, 0x09, 0xA3, 0x11, 0x04, 0x1A, 0xE3, 0x11,
    0xC3, 0x11, 0xC3, 0x19, 0xE3, 0x19, 0x83, 0x11, 0xE2, 0x08, 0x61, 0x00, 0xA2, 0x08, 0xE2, 0x08,
    0x62, 0x00, 0x41, 0x00, 0x45, 0x2A, 0x87, 0x3B, 0x47, 0x43, 0x48, 0x43, 0x65, 0x32, 0xC3, 0x19,
    0x03, 0x1A, 0x02, 0x09, 0x61, 0x00, 0x82, 0x00, 0x82, 0x00, 0x82, 0x00, 0x82, 0x00, 0xC3, 0x08,
    0x82, 0x08, 0x82, 0x00, 0xC3, 0x08, 0xE3, 0x08, 0x44, 0x11, 0x24, 0x11, 0xE3, 0x08, 0xC2, 0x08,
    0xA2, 0x08, 0x61, 0x00, 0x61, 0x00, 0x61, 0x00, 0x42, 0x00, 0x41, 0x00, 0x61, 0x00, 0x22, 0x09,
    0xE3, 0x11, 0x24, 0x1A, 0xA3, 0x11, 0x42, 0x09, 0x22, 0x09, 0x43, 0x11, 0x63, 0x11, 0x63, 0x11,
    0x43, 0x09, 0xA4, 0x11, 0x27, 0x33, 0x25, 0x2B, 0x44, 0x1A, 0x03, 0x12, 0xC4, 0x22, 0xC5, 0x2A,
    0x05, 0x1A, 0x21, 0x01, 0xC6, 0x2A, 0x2B, 0x4C, 0xCD, 0x64, 0x8C, 0x5C, 0xA6, 0x22, 0xA6, 0x22,
    0x8E, 0x5C, 0x4D, 0x5C, 0x65, 0x1A, 0x6A, 0x3B, 0xEB, 0x4B, 0x66, 0x1A, 0xE7, 0x2A, 0xC4, 0x11,
    0xA1, 0x00, 0xA2, 0x00, 0xA2, 0x00, 0xA2, 0x08, 0xA2, 0x00, 0x81, 0x00, 0x41, 0x00, 0x61, 0x00,
    0x41, 0x00, 0x41, 0x00, 0x41, 0x00, 0x61, 0x00, 0x81, 0x00, 0x82, 0x00, 0x61, 0x00, 0x81, 0x00,
    0x82, 0x00, 0xA2, 0x08, 0x41, 0x00, 0xA2, 0x00, 0xA2, 0x11, 0x05, 0x3B, 0x25, 0x3B, 0x02, 0x12,
    0x03, 0x1A, 0x03, 0x1A, 0x02, 0x12, 0x23, 0x1A, 0x23, 0x1A, 0x23, 0x1A, 0x22, 0x1A, 0x63, 0x22,
    0x83, 0x22, 0xA4, 0x22, 0xA3, 0x22, 0x05, 0x2B, 0x04, 0x1A, 0x83, 0x11, 0xE4, 0x19, 0xE4, 0x19,
    0xA3, 0x11, 0x83, 0x11, 0xC4, 0x19, 0x43, 0x11, 0x83, 0x11, 0xE4, 0x19, 0x82, 0x09, 0xC3, 0x11,
    0xC3, 0x11, 0x62, 0x09, 0x83, 0x11, 0xA1, 0x00, 0x61, 0x00, 0x62, 0x00, 0x82, 0x08, 0x82, 0x00,
    0xC2, 0x08, 0xC3, 0x08, 0x61, 0x00, 0xC2, 0x11, 0x43, 0x1A, 0xE2, 0x19, 0x62, 0x11, 0x81, 0x00,
    0x62, 0x00, 0x82, 0x00, 0x81, 0x00, 0x61, 0x00, 0x81, 0x00, 0x23, 0x11, 0xC3, 0x11, 0xC3, 0x11,
    0x62, 0x11, 0x82, 0x11, 0xA2, 0x11, 0x03, 0x1A, 0x62, 0x11, 0xA2, 0x08, 0xC2, 0x08, 0x42, 0x09,
    0xA3, 0x11, 0xA3, 0x11, 0x22, 0x09, 0x83, 0x11, 0x83, 0x11, 0x43, 0x11, 0x42, 0x09, 0x42, 0x11,
    0x62, 0x11, 0x02, 0x01, 0x22, 0x3A, 0x21, 0xE6, 0xC0, 0xFE, 0x60, 0xFE, 0xE1, 0xFE, 0x42, 0x5A,
    0x42, 0x00, 0xC2, 0x08, 0x82, 0x00, 0x81, 0x00, 0x81, 0x08, 0x62, 0x08, 0x81, 0x00, 0x41, 0x00,
    0xA2, 0x00, 0xE3, 0x31, 0x62, 0x73, 0x81, 0xA4, 0x02, 0xC5, 0x62, 0xCD, 0xA1, 0xD5, 0x41, 0xCD,
    0xA1, 0xB4, 0xC2, 0x93, 0x82, 0x5A, 0xE1, 0x20, 0x01, 0x00, 0x01, 0x00, 0x41, 0x00, 0x42, 0x08,
    0x41, 0x00, 0x61, 0x00, 0xA2, 0x08, 0xC2, 0x08, 0x22, 0x00, 0xE2, 0x9B, 0x20, 0xFF, 0x61, 0xFE,
    0xE0, 0xFE, 0x22, 0xC5, 0xC1, 0x10, 0x82, 0x00, 0x03, 0x09, 0x23, 0x09, 0x63, 0x11, 0x43, 0x11,
    0xE3, 0x08, 0x81, 0x00, 0x61, 0x00, 0x61, 0x00, 0x61, 0x00, 0x61, 0x00, 0x82, 0x00, 0xA2, 0x00,
    0x82, 0x00, 0xA2, 0x00, 0xA2, 0x08, 0xC2, 0x08, 0x03, 0x09, 0x23, 0x09, 0x43, 0x09, 0x02, 0x09,
    0x23, 0x11, 0x22, 0x09, 0x22, 0x09, 0xE5, 0x21, 0x22, 0x09, 0x43, 0x11, 0x63, 0x11, 0x42, 0x09,
    0x42, 0x11, 0x63, 0x11, 0x63, 0x11, 0x42, 0x11, 0x22, 0x09, 0xE2, 0x08, 0x22, 0x09, 0x63, 0x11,
    0x02, 0x09, 0x02, 0x09, 0x43, 0x11, 0x83, 0x11, 0xE3, 0x11, 0xA4, 0x19, 0x42, 0x11, 0xE1, 0x08,
    0x62, 0x00, 0xC2, 0x08, 0x46, 0x2A, 0xE4, 0x21, 0x43, 0x11, 0x61, 0x00, 0x60, 0x00, 0x23, 0x09,
    0x82, 0x11, 0xA2, 0x00, 0x82, 0x00, 0x82, 0x00, 0x82, 0x00, 0x82, 0x08, 0x82, 0x00, 0x82, 0x08,
    0x82, 0x00, 0x82, 0x00, 0xE3, 0x08, 0x03, 0x09, 0x65, 0x11, 0x85, 0x11, 0x24, 0x11, 0xC2, 0x08,
    0x82, 0x00, 0x61, 0x00, 0x61, 0x00, 0x62, 0x00, 0x61, 0x00, 0xA1, 0x00, 0x43, 0x11, 0x43, 0x11,
    0x22, 0x09, 0x63, 0x11, 0x42, 0x09, 0x02, 0x09, 0xE2, 0x08, 0x82, 0x00, 0xC2, 0x08, 0xE2, 0x08,
    0xE2, 0x08, 0xE5, 0x19, 0xC9, 0x4B, 0xA8, 0x3B, 0xC5, 0x2A, 0x03, 0x1A, 0xCA, 0x4B, 0xC9, 0x43,
    0xC4, 0x11, 0xE4, 0x19, 0xC4, 0x11, 0xE4, 0x11, 0x07, 0x33, 0x06, 0x2B, 0x89, 0x3B, 0x30, 0x75,
    0x2C, 0x54, 0x24, 0x12, 0x8A, 0x43, 0x8E, 0x64, 0xA7, 0x22, 0x48, 0x33, 0x66, 0x22, 0xE2, 0x08,
    0xA2, 0x00, 0xA2, 0x00, 0xA2, 0x00, 0xA2, 0x00, 0xC2, 0x08, 0x82, 0x00, 0x41, 0x00, 0x41, 0x00,
    0x41, 0x00, 0x41, 0x00, 0x41, 0x00, 0x41, 0x00, 0x41, 0x00, 0x41, 0x00, 0x41, 0x00, 0x41, 0x00,
    0x41, 0x00, 0x61, 0x00, 0x62, 0x00, 0x62, 0x00, 0x60, 0x00, 0x04, 0x22, 0xE9, 0x53, 0x85, 0x2A,
    0x03, 0x1A, 0x02, 0x1A, 0xE2, 0x19, 0xE2, 0x11, 0x03, 0x1A, 0x23, 0x1A, 0x23, 0x1A, 0x02, 0x1A,
    0x43, 0x1A, 0x84, 0x22, 0xA3, 0x22, 0xC4, 0x22, 0x64, 0x22, 0xE4, 0x11, 0x25, 0x1A, 0xE4, 0x19,
    0x83, 0x11, 0x62, 0x09, 0xA3, 0x11, 0x04, 0x1A, 0x82, 0x09, 0xE3, 0x19, 0x04, 0x1A, 0x62, 0x09,
    0x03, 0x1A, 0xE3, 0x19, 0xE2, 0x08, 0x61, 0x00, 0x41, 0x00, 0x61, 0x00, 0x61, 0x00, 0x62, 0x00,
    0x62, 0x00, 0x61, 0x00, 0x23, 0x11, 0x64, 0x22, 0xC2, 0x19, 0x22, 0x11, 0x60, 0x00, 0x81, 0x00,
    0x82, 0x00, 0x82, 0x00, 0x62, 0x00, 0x81, 0x00, 0x22, 0x09, 0xE3, 0x19, 0x24, 0x1A, 0xA2, 0x11,
    0x62, 0x11, 0xA2, 0x11, 0xC2, 0x11, 0x23, 0x1A, 0xE3, 0x19, 0xC2, 0x08, 0xC2, 0x08, 0x42, 0x09,
    0x83, 0x11, 0x83, 0x11, 0x42, 0x11, 0xC3, 0x11, 0xE3, 0x19, 0x63, 0x11, 0x42, 0x09, 0x62, 0x11,
    0x62, 0x11, 0x62, 0x11, 0x03, 0x09, 0x81, 0x29, 0xA2, 0xB4, 0xC2, 0xDD, 0xC2, 0x8B, 0x61, 0x08,
    0xA2, 0x00, 0xA2, 0x08, 0x81, 0x00, 0x81, 0x00, 0x82, 0x00, 0x41, 0x00, 0xA2, 0x10, 0x02, 0x6B,
    0x41, 0xC5, 0x81, 0xF6, 0xC0, 0xFE, 0xA0, 0xFE, 0xA0, 0xFE, 0x80, 0xFE, 0x80, 0xFE, 0xA0, 0xFE,
    0xC0, 0xFE, 0xC0, 0xFE, 0xA1, 0xFE, 0x02, 0xF6, 0xA1, 0xB4, 0x01, 0x52, 0x41, 0x00, 0x21, 0x00,
    0x80, 0x00, 0x42, 0x00, 0x61, 0x00, 0xA2, 0x08, 0x82, 0x00, 0x02, 0x19, 0xA2, 0xAC, 0xC1, 0xDD,
    0x22, 0x94, 0xE1, 0x10, 0x42, 0x00, 0xC2, 0x10, 0x02, 0x09, 0x23, 0x09, 0x43, 0x11, 0xC3, 0x08,
    0xA2, 0x08, 0xC3, 0x08, 0xC3, 0x08, 0xA2, 0x08, 0x82, 0x00, 0x82, 0x00, 0xA2, 0x08, 0x82, 0x00,
    0xA2, 0x08, 0xA2, 0x08, 0xA2, 0x08, 0xA2, 0x00, 0xC2, 0x08, 0xE3, 0x08, 0x23, 0x09, 0x02, 0x09,
    0x02, 0x09, 0x23, 0x09, 0x83, 0x11, 0xC3, 0x11, 0xC3, 0x11, 0xC6, 0x22, 0x07, 0x2B, 0x83, 0x09,
    0xC2, 0x00, 0xE2, 0x08, 0xE2, 0x08, 0x81, 0x00, 0x61, 0x00, 0xA2, 0x08, 0xE3, 0x08, 0xC2, 0x08,
    0xA2, 0x08, 0xA2, 0x08, 0x82, 0x00, 0x62, 0x00, 0xC2, 0x08, 0x42, 0x09, 0xE3, 0x19, 0x83, 0x11,
    0xC2, 0x08, 0x82, 0x00, 0x20, 0x00, 0x61, 0x00, 0x41, 0x00, 0x22, 0x00, 0x82, 0x00, 0xE3, 0x08,
    0x22, 0x11, 0xA2, 0x08, 0xA2, 0x08, 0x82, 0x00, 0xA2, 0x08, 0xA2, 0x08, 0x62, 0x00, 0x61, 0x00,
    0x82, 0x08, 0xA2, 0x08, 0xE3, 0x08, 0x24, 0x09, 0x44, 0x09, 0x44, 0x09, 0x24, 0x11, 0x81, 0x00,
    0x61, 0x00, 0x62, 0x00, 0x61, 0x00, 0x62, 0x00, 0x61, 0x00, 0x43, 0x11, 0xA3, 0x11, 0x83, 0x11,
    0x63, 0x11, 0x43, 0x11, 0x42, 0x09, 0x43, 0x11, 0x81, 0x00, 0x62, 0x00, 0x61, 0x00, 0xA2, 0x08,
    0xC2, 0x00, 0xA6, 0x2A, 0x09, 0x4C, 0x0A, 0x4C, 0x47, 0x3B, 0xA6, 0x2A, 0xA5, 0x2A, 0x27, 0x2B,
    0xA4, 0x11, 0x86, 0x22, 0xE5, 0x19, 0x43, 0x09, 0x83, 0x09, 0x69, 0x3B, 0xCE, 0x64, 0xCA, 0x43,
    0x24, 0x12, 0xCB, 0x4B, 0xF0, 0x6C, 0xC7, 0x2A, 0x49, 0x33, 0x48, 0x33, 0xA3, 0x11, 0xA1, 0x08,
    0xC2, 0x08, 0xC2, 0x08, 0xC2, 0x00, 0xC2, 0x08, 0xC2, 0x08, 0x61, 0x00, 0x41, 0x00, 0x41, 0x00,
    0x42, 0x00, 0x42, 0x00, 0x42, 0x00, 0x41, 0x00, 0x41, 0x00, 0x41, 0x00, 0x41, 0x00, 0x41, 0x00,
    0x41, 0x00, 0x41, 0x00, 0x61, 0x00, 0x61, 0x00, 0x62, 0x00, 0x81, 0x00, 0x42, 0x09, 0xC7, 0x32,
    0x44, 0x22, 0x23, 0x1A, 0x02, 0x1A, 0xE2, 0x19, 0xE2, 0x19, 0xE2, 0x19, 0x23, 0x1A, 0x63, 0x22,
    0x43, 0x1A, 0x22, 0x1A, 0x63, 0x1A, 0xC4, 0x22, 0xE5, 0x2A, 0x24, 0x1A, 0x04, 0x1A, 0xA3, 0x11,
    0x63, 0x11, 0xC3, 0x19, 0xA2, 0x11, 0x04, 0x12, 0x44, 0x1A, 0x82, 0x09, 0x25, 0x1A, 0x05, 0x1A,
    0xA3, 0x11, 0x63, 0x11, 0x61, 0x00, 0x61, 0x00, 0x41, 0x00, 0x61, 0x00, 0x61, 0x00, 0x61, 0x00,
    0x62, 0x00, 0x81, 0x00, 0xA4, 0x19, 0xC1, 0x08, 0x61, 0x00, 0x61, 0x00, 0x82, 0x00, 0x82, 0x00,
    0x82, 0x00, 0x82, 0x00, 0x61, 0x00, 0xE2, 0x08, 0xE3, 0x19, 0x44, 0x1A, 0x23, 0x1A, 0x62, 0x11,
    0x82, 0x11, 0xA2, 0x11, 0x03, 0x1A, 0x83, 0x1A, 0x03, 0x1A, 0xA1, 0x00, 0xC2, 0x08, 0x42, 0x11,
    0x83, 0x09, 0x62, 0x09, 0x83, 0x11, 0xE3, 0x19, 0xC3, 0x11, 0x82, 0x11, 0x62, 0x09, 0x62, 0x11,
    0x82, 0x11, 0x82, 0x11, 0x62, 0x11, 0x41, 0x00, 0x01, 0x00, 0x82, 0x08, 0x02, 0x00, 0xA1, 0x00,
    0x82, 0x08, 0x81, 0x00, 0xA2, 0x00, 0x61, 0x00, 0x42, 0x00, 0xA2, 0x5A, 0xA1, 0xDD, 0xC0, 0xFE,
    0xA0, 0xFE, 0x60, 0xFE, 0x40, 0xFE, 0x40, 0xFE, 0x40, 0xFE, 0x40, 0xFE, 0x40, 0xFE, 0x40, 0xFE,
    0x40, 0xFE, 0x40, 0xFE, 0x40, 0xFE, 0x60, 0xFE, 0xA0, 0xFE, 0xA1, 0xFE, 0x02, 0xC5, 0xE2, 0x41,
    0x63, 0x00, 0xC2, 0x08, 0xC2, 0x08, 0xC2, 0x08, 0xA3, 0x08, 0x62, 0x00, 0x61, 0x00, 0xA2, 0x08,
    0x21, 0x00, 0x62, 0x00, 0xA2, 0x00, 0xE2, 0x00, 0x02, 0x11, 0x43, 0x11, 0xC2, 0x00, 0xA2, 0x00,
    0xE3, 0x08, 0xC3, 0x08, 0xC3, 0x08, 0xC3, 0x08, 0xC3, 0x08, 0xA2, 0x08, 0xA2, 0x00, 0xA2, 0x00,
    0xA2, 0x00, 0xA2, 0x08, 0xA2, 0x08, 0xA2, 0x08, 0xA2, 0x00, 0xE3, 0x08, 0xE3, 0x08, 0x23, 0x11,
    0x23, 0x09, 0x23, 0x09, 0x03, 0x09, 0x22, 0x09, 0x03, 0x1A, 0x64, 0x1A, 0xA5, 0x22, 0xA5, 0x22,
    0x03, 0x12, 0x22, 0x09, 0x81, 0x00, 0x62, 0x00, 0x82, 0x08, 0xC2, 0x08, 0xC2, 0x08, 0xC2, 0x08,
    0xA2, 0x08, 0xA2, 0x08, 0x62, 0x00, 0x21, 0x00, 0x61, 0x00, 0xA2, 0x00, 0xC2, 0x08, 0x43, 0x11,
    0x02, 0x09, 0xA2, 0x08, 0x41, 0x00, 0x42, 0x00, 0x41, 0x00, 0x41, 0x00, 0x62, 0x00, 0xC2, 0x08,
    0xC1, 0x08, 0x82, 0x00, 0x81, 0x00, 0xC2, 0x08, 0xE3, 0x08, 0x82, 0x00, 0x41, 0x00, 0x21, 0x00,
    0xA2, 0x08, 0xC2, 0x08, 0xE3, 0x08, 0x64, 0x11, 0x85, 0x11, 0x03, 0x09, 0x24, 0x11, 0x61, 0x00,
    0x61, 0x00, 0x82, 0x00, 0x82, 0x00, 0x81, 0x00, 0x02, 0x09, 0xA4, 0x19, 0xE3, 0x11, 0x03, 0x12,
    0xA3, 0x11, 0x83, 0x11, 0xA3, 0x11, 0xA3, 0x11, 0x02, 0x09, 0x61, 0x00, 0x81, 0x00, 0xC3, 0x08,
    0xE2, 0x00, 0x85, 0x22, 0xE9, 0x4B, 0xE9, 0x4B, 0xE5, 0x2A, 0xC9, 0x4B, 0x47, 0x3B, 0x84, 0x22,
    0xC4, 0x11, 0x25, 0x1A, 0xA3, 0x11, 0x46, 0x22, 0xC4, 0x11, 0x62, 0x09, 0x24, 0x12, 0xC6, 0x2A,
    0xEA, 0x4B, 0x0F, 0x6D, 0x07, 0x33, 0xC7, 0x22, 0xAA, 0x43, 0x65, 0x1A, 0x22, 0x09, 0xA2, 0x08,
    0xE3, 0x08, 0xE2, 0x08, 0xE2, 0x08, 0x03, 0x09, 0xC2, 0x08, 0x41, 0x00, 0x41, 0x00, 0x42, 0x00,
    0x42, 0x00, 0x42, 0x00, 0x42, 0x00, 0x41, 0x00, 0x41, 0x00, 0x41, 0x00, 0x41, 0x00, 0x41, 0x00,
    0x41, 0x00, 0x41, 0x00, 0x61, 0x00, 0x61, 0x00, 0x61, 0x00, 0xA2, 0x00, 0xA1, 0x00, 0x22, 0x09,
    0xC3, 0x11, 0x24, 0x1A, 0x04, 0x1A, 0x23, 0x1A, 0x02, 0x1A, 0x02, 0x1A, 0x22, 0x1A, 0x62, 0x1A,
    0x83, 0x22, 0x84, 0x22, 0x63, 0x1A, 0x63, 0x1A, 0xE5, 0x2A, 0x84, 0x22, 0xC4, 0x11, 0x63, 0x11,
    0x83, 0x11, 0xA2, 0x11, 0x04, 0x1A, 0xE3, 0x11, 0x65, 0x22, 0x85, 0x22, 0x03, 0x12, 0xC4, 0x11,
    0x22, 0x09, 0xC3, 0x08, 0xC3, 0x08, 0xA2, 0x08, 0xA2, 0x08, 0x82, 0x00, 0x81, 0x00, 0x61, 0x00,
    0x62, 0x00, 0x82, 0x08, 0x82, 0x08, 0x61, 0x00, 0x41, 0x00, 0x62, 0x00, 0x82, 0x00, 0x82, 0x08,
    0x82, 0x00, 0x62, 0x00, 0xA1, 0x08, 0xE4, 0x19, 0x64, 0x1A, 0xA5, 0x22, 0xE3, 0x19, 0x82, 0x11,
    0xA2, 0x11, 0xE2, 0x11, 0xA4, 0x22, 0x84, 0x22, 0x22, 0x09, 0x61, 0x00, 0x82, 0x00, 0x22, 0x09,
    0xA3, 0x11, 0x83, 0x11, 0xC4, 0x19, 0xE3, 0x19, 0xE3, 0x19, 0x82, 0x09, 0x82, 0x11, 0xA2, 0x11,
    0xA2, 0x11, 0xC3, 0x19, 0xE2, 0x08, 0x61, 0x00, 0x61, 0x00, 0x41, 0x00, 0x62, 0x00, 0xA2, 0x08,
    0x82, 0x08, 0xA1, 0x08, 0x61, 0x00, 0x82, 0x10, 0x43, 0xA4, 0xC1, 0xFE, 0x60, 0xFE, 0x40, 0xFE,
    0x40, 0xFE, 0x60, 0xFE, 0x60, 0xFE, 0x60, 0xFE, 0x60, 0xFE, 0x60, 0xFE, 0x60, 0xFE, 0x60, 0xFE,
    0x60, 0xFE, 0x60, 0xFE, 0x60, 0xFE, 0x40, 0xFE, 0x40, 0xFE, 0x40, 0xFE, 0xA0, 0xFE, 0x81, 0xFE,
    0x62, 0x83, 0x82, 0x00, 0x23, 0x09, 0x44, 0x11, 0xE2, 0x08, 0xA2, 0x08, 0xA2, 0x08, 0xA2, 0x00,
    0xE3, 0x10, 0xA2, 0x08, 0x81, 0x00, 0xE2, 0x08, 0x23, 0x11, 0xE2, 0x08, 0xA2, 0x00, 0xC3, 0x08,
    0xE3, 0x08, 0xC3, 0x08, 0xA2, 0x08, 0xC3, 0x08, 0xC3, 0x08, 0xC3, 0x08, 0xA2, 0x08, 0x62, 0x00,
    0x82, 0x00, 0x82, 0x00, 0x82, 0x00, 0x61, 0x00, 0x61, 0x00, 0xC3, 0x08, 0xA2, 0x00, 0xA2, 0x00,
    0x03, 0x09, 0x02, 0x09, 0x02, 0x09, 0xE2, 0x08, 0xA3, 0x11, 0x23, 0x1A, 0x03, 0x1A, 0x44, 0x1A,
    0xA4, 0x22, 0x64, 0x22, 0xE4, 0x19, 0xA2, 0x00, 0x82, 0x00, 0xC2, 0x08, 0xC2, 0x08, 0xC2, 0x08,
    0xA2, 0x08, 0x61, 0x00, 0x41, 0x00, 0x41, 0x00, 0x41, 0x00, 0x61, 0x00, 0xC3, 0x08, 0xE2, 0x08,
    0x03, 0x09, 0xC2, 0x08, 0x41, 0x00, 0x41, 0x00, 0x62, 0x00, 0x62, 0x08, 0x62, 0x08, 0x81, 0x00,
    0xE2, 0x08, 0xA1, 0x08, 0x81, 0x00, 0xC2, 0x08, 0xA2, 0x08, 0x61, 0x00, 0x41, 0x00, 0x41, 0x00,
    0x61, 0x00, 0x81, 0x00, 0x03, 0x09, 0xA5, 0x19, 0x24, 0x09, 0xA2, 0x08, 0x03, 0x11, 0xA2, 0x00,
    0xE2, 0x08, 0x03, 0x09, 0x23, 0x09, 0x23, 0x09, 0xE4, 0x11, 0x04, 0x1A, 0x45, 0x22, 0x24, 0x1A,
    0xE4, 0x19, 0xE4, 0x19, 0xE3, 0x11, 0xE3, 0x11, 0x83, 0x11, 0x82, 0x00, 0xA2, 0x00, 0xC3, 0x08,
    0xA1, 0x00, 0x25, 0x22, 0xA5, 0x22, 0xE5, 0x2A, 0x07, 0x33, 0x48, 0x3B, 0xC9, 0x4B, 0xA6, 0x2A,
    0xA4, 0x11, 0x05, 0x12, 0xA3, 0x11, 0x66, 0x1A, 0xC4, 0x11, 0xC4, 0x19, 0x43, 0x09, 0x83, 0x11,
    0xE7, 0x32, 0x07, 0x2B, 0xA5, 0x1A, 0xA9, 0x3B, 0x07, 0x2B, 0x04, 0x1A, 0xC1, 0x00, 0xE2, 0x08,
    0x02, 0x09, 0xE2, 0x08, 0xC2, 0x00, 0xE2, 0x08, 0xA2, 0x08, 0x41, 0x00, 0x41, 0x00, 0x41, 0x00,
    0x41, 0x00, 0x41, 0x00, 0x42, 0x00, 0x41, 0x00, 0x41, 0x00, 0x41, 0x00, 0x41, 0x00, 0x61, 0x00,
    0x61, 0x00, 0x41, 0x00, 0x61, 0x00, 0x61, 0x00, 0x61, 0x00, 0xA2, 0x00, 0xA2, 0x08, 0x82, 0x00,
    0x81, 0x00, 0xC2, 0x00, 0x22, 0x09, 0xA3, 0x19, 0x23, 0x1A, 0x43, 0x1A, 0x43, 0x1A, 0x63, 0x22,
    0xA4, 0x22, 0xE4, 0x22, 0x04, 0x2B, 0xC3, 0x22, 0xE4, 0x2A, 0x05, 0x2B, 0x82, 0x09, 0x43, 0x09,
    0x04, 0x1A, 0x04, 0x1A, 0x24, 0x1A, 0x04, 0x22, 0xC3, 0x11, 0x85, 0x1A, 0x83, 0x11, 0xE2, 0x08,
    0xA2, 0x00, 0x82, 0x00, 0xA1, 0x00, 0x23, 0x11, 0x84, 0x19, 0xA4, 0x21, 0xC4, 0x21, 0x03, 0x11,
    0x82, 0x00, 0x62, 0x00, 0x82, 0x00, 0x62, 0x00, 0x41, 0x00, 0x82, 0x00, 0x82, 0x00, 0x82, 0x00,
    0x82, 0x00, 0x81, 0x00, 0xA4, 0x11, 0xA5, 0x22, 0xE5, 0x22, 0xA5, 0x22, 0xC2, 0x11, 0xA2, 0x19,
    0xE3, 0x19, 0x83, 0x1A, 0x44, 0x22, 0xE2, 0x08, 0xA2, 0x08, 0x82, 0x08, 0x81, 0x00, 0xA1, 0x00,
    0x23, 0x11, 0xA3, 0x11, 0x24, 0x1A, 0x44, 0x1A, 0x03, 0x1A, 0x83, 0x11, 0xA3, 0x11, 0xC3, 0x11,
    0x24, 0x1A, 0x82, 0x11, 0x81, 0x00, 0x82, 0x00, 0x82, 0x08, 0x62, 0x00, 0x62, 0x00, 0x82, 0x08,
    0x81, 0x08, 0x42, 0x00, 0xE2, 0x18, 0x42, 0xC5, 0xC0, 0xFE, 0x40, 0xFE, 0x60, 0xFE, 0x60, 0xFE,
    0x40, 0xFE, 0x60, 0xFE, 0x60, 0xFE, 0x60, 0xFE, 0x60, 0xFE, 0x60, 0xFE, 0x60, 0xFE, 0x60, 0xFE,
    0x60, 0xFE, 0x60, 0xFE, 0x60, 0xFE, 0x60, 0xFE, 0x60, 0xFE, 0x60, 0xFE, 0x40, 0xFE, 0x40, 0xFE,
    0xC1, 0xFE, 0x42, 0xA4, 0xE2, 0x08, 0x42, 0x01, 0x04, 0x11, 0xE2, 0x08, 0xA2, 0x00, 0x81, 0x00,
    0x82, 0x00, 0x81, 0x00, 0xA1, 0x00, 0x22, 0x09, 0x23, 0x11, 0xC2, 0x08, 0xE3, 0x08, 0xC2, 0x08,
    0xC2, 0x08, 0xC2, 0x08, 0xC2, 0x08, 0xE2, 0x08, 0xC3, 0x08, 0xC3, 0x08, 0xC3, 0x08, 0x62, 0x00,
    0x61, 0x00, 0x62, 0x00, 0x61, 0x00, 0x41, 0x00, 0x61, 0x00, 0x82, 0x00, 0x82, 0x00, 0x81, 0x00,
    0xC2, 0x08, 0x03, 0x09, 0x02, 0x09, 0xE2, 0x08, 0x42, 0x09, 0xE4, 0x19, 0x03, 0x1A, 0x03, 0x12,
    0x43, 0x1A, 0x43, 0x1A, 0x44, 0x1A, 0x24, 0x1A, 0x83, 0x11, 0xA2, 0x08, 0xC2, 0x08, 0xC2, 0x08,
    0x82, 0x00, 0x41, 0x00, 0x61, 0x00, 0x41, 0x00, 0x41, 0x00, 0x61, 0x00, 0x82, 0x08, 0xE2, 0x08,
    0xE2, 0x08, 0x41, 0x00, 0x21, 0x00, 0x61, 0x00, 0x82, 0x08, 0x82, 0x00, 0xA2, 0x00, 0x02, 0x09,
    0x44, 0x11, 0x02, 0x09, 0xA1, 0x00, 0x61, 0x00, 0x41, 0x00, 0xA2, 0x08, 0xA2, 0x08, 0xA2, 0x08,
    0xA2, 0x08, 0xA2, 0x00, 0x23, 0x11, 0x23, 0x09, 0x81, 0x00, 0x81, 0x00, 0x03, 0x11, 0x03, 0x09,
    0x23, 0x09, 0x43, 0x11, 0x23, 0x09, 0x22, 0x09, 0x44, 0x1A, 0x44, 0x1A, 0x64, 0x22, 0x44, 0x1A,
    0x24, 0x1A, 0x23, 0x1A, 0x03, 0x1A, 0xA3, 0x11, 0xA1, 0x00, 0x61, 0x00, 0xC3, 0x08, 0xA2, 0x08,
    0xC2, 0x00, 0xA4, 0x19, 0x04, 0x1A, 0xE7, 0x3A, 0x24, 0x1A, 0x45, 0x22, 0xE4, 0x19, 0x23, 0x11,
    0xA4, 0x11, 0x05, 0x1A, 0xC4, 0x11, 0x25, 0x1A, 0xC4, 0x11, 0x26, 0x1A, 0xC4, 0x11, 0x64, 0x11,
    0xC1, 0x00, 0x01, 0x01, 0xA7, 0x2A, 0x48, 0x33, 0xA5, 0x22, 0x63, 0x11, 0xC2, 0x00, 0x23, 0x11,
    0x23, 0x11, 0x23, 0x09, 0x03, 0x09, 0xE2, 0x08, 0xA2, 0x08, 0x41, 0x00, 0x41, 0x00, 0x41, 0x00,
    0x41, 0x00, 0x41, 0x00, 0x41, 0x00, 0x41, 0x00, 0x41, 0x00, 0x41, 0x00, 0x41, 0x00, 0x61, 0x00,
    0x61, 0x00, 0x41, 0x00, 0x61, 0x00, 0x61, 0x00, 0x61, 0x00, 0xC2, 0x08, 0xA2, 0x08, 0x62, 0x00,
    0x41, 0x00, 0x41, 0x00, 0x41, 0x00, 0x81, 0x00, 0xE2, 0x08, 0x22, 0x09, 0xE2, 0x00, 0x23, 0x09,
    0xC4, 0x19, 0x44, 0x22, 0xE4, 0x2A, 0x05, 0x2B, 0x46, 0x33, 0xC9, 0x43, 0x27, 0x3B, 0x83, 0x11,
    0x83, 0x11, 0x03, 0x09, 0x02, 0x09, 0x02, 0x09, 0x03, 0x09, 0xE2, 0x08, 0xC2, 0x00, 0xA1, 0x00,
    0xC2, 0x08, 0x23, 0x09, 0xA4, 0x19, 0x25, 0x2A, 0x26, 0x2A, 0xC4, 0x21, 0x43, 0x11, 0x23, 0x09,
    0x02, 0x09, 0xE3, 0x08, 0xE3, 0x08, 0xC2, 0x08, 0xC2, 0x08, 0x02, 0x09, 0x02, 0x09, 0xE2, 0x08,
    0xE2, 0x08, 0x23, 0x11, 0xA6, 0x22, 0x06, 0x23, 0x46, 0x2B, 0x63, 0x1A, 0xC2, 0x11, 0x02, 0x12,
    0x84, 0x22, 0x45, 0x22, 0xC1, 0x00, 0xA2, 0x08, 0xC3, 0x08, 0xA2, 0x08, 0x82, 0x00, 0xA2, 0x00,
    0xA2, 0x08, 0x02, 0x09, 0x45, 0x1A, 0xA6, 0x22, 0x65, 0x22, 0xA3, 0x11, 0xE3, 0x19, 0x45, 0x1A,
    0x83, 0x11, 0x81, 0x08, 0x82, 0x00, 0xA2, 0x00, 0xA3, 0x08, 0x62, 0x00, 0x62, 0x00, 0x81, 0x08,
    0x42, 0x00, 0xC2, 0x18, 0x81, 0xD5, 0xC0, 0xFE, 0x40, 0xF6, 0x60, 0xFE, 0x60, 0xFE, 0x40, 0xFE,
    0x60, 0xFE, 0x60, 0xFE, 0x60, 0xFE, 0x60, 0xFE, 0x60, 0xFE, 0x60, 0xFE, 0x60, 0xFE, 0x60, 0xFE,
    0x60, 0xFE, 0x60, 0xFE, 0x60, 0xFE, 0x60, 0xFE, 0x60, 0xFE, 0x60, 0xFE, 0x40, 0xFE, 0x60, 0xFE,
    0x40, 0xFE, 0xC0, 0xFE, 0x82, 0xAC, 0xE3, 0x08, 0x23, 0x09, 0x03, 0x11, 0xC3, 0x08, 0xA2, 0x00,
    0xA2, 0x00, 0xA1, 0x00, 0xE2, 0x08, 0x43, 0x11, 0x23, 0x09, 0xC2, 0x00, 0xC2, 0x00, 0xC2, 0x00,
    0x02, 0x09, 0x43, 0x09, 0x62, 0x09, 0xA3, 0x11, 0xC3, 0x11, 0x63, 0x09, 0x02, 0x09, 0x82, 0x00,
    0x61, 0x00, 0x62, 0x00, 0x62, 0x00, 0x41, 0x00, 0x41, 0x00, 0x82, 0x00, 0x82, 0x00, 0x82, 0x00,
    0x82, 0x00, 0xC2, 0x08, 0xE2, 0x08, 0xE2, 0x08, 0xE2, 0x08, 0x43, 0x11, 0x04, 0x1A, 0x43, 0x1A,
    0x23, 0x12, 0x23, 0x1A, 0x43, 0x1A, 0x64, 0x1A, 0xA4, 0x22, 0xC3, 0x19, 0xA2, 0x00, 0xA2, 0x00,
    0x61, 0x00, 0x41, 0x00, 0x41, 0x00, 0x61, 0x00, 0xC2, 0x08, 0xA2, 0x08, 0x81, 0x00, 0xC2, 0x08,
    0xE3, 0x08, 0xC2, 0x08, 0x82, 0x00, 0xA3, 0x00, 0xC2, 0x00, 0x02, 0x09, 0xA4, 0x19, 0x04, 0x1A,
    0xC4, 0x11, 0xC4, 0x11, 0x83, 0x11, 0x61, 0x00, 0xA2, 0x08, 0xE3, 0x08, 0xC3, 0x08, 0xC3, 0x08,
    0xC3, 0x08, 0xC2, 0x08, 0xC2, 0x00, 0xE2, 0x08, 0xE2, 0x08, 0x81, 0x00, 0xE2, 0x08, 0x02, 0x09,
    0x23, 0x11, 0x23, 0x11, 0xC2, 0x08, 0x81, 0x00, 0x44, 0x1A, 0xA4, 0x22, 0x24, 0x1A, 0x23, 0x1A,
    0x44, 0x1A, 0xE3, 0x19, 0x23, 0x11, 0x81, 0x00, 0x41, 0x00, 0xC2, 0x08, 0xA2, 0x00, 0xA2, 0x00,
    0xA2, 0x00, 0xE2, 0x08, 0x43, 0x11, 0x26, 0x2A, 0x26, 0x2A, 0x84, 0x11, 0xA2, 0x00, 0x81, 0x00,
    0xA4, 0x11, 0x25, 0x1A, 0xA4, 0x11, 0x26, 0x1A, 0xC4, 0x11, 0x05, 0x1A, 0xA4, 0x11, 0x26, 0x1A,
    0x43, 0x11, 0x02, 0x09, 0xE2, 0x00, 0x04, 0x12, 0xC6, 0x22, 0x42, 0x11, 0x02, 0x09, 0x02, 0x09,
    0x02, 0x09, 0x02, 0x09, 0xC2, 0x00, 0xC2, 0x08, 0xC3, 0x08, 0xA2, 0x08, 0x61, 0x00, 0x41, 0x00,
    0x41, 0x00, 0x41, 0x00, 0x41, 0x00, 0x41, 0x00, 0x41, 0x00, 0x41, 0x00, 0x41, 0x00, 0x61, 0x00,
    0x61, 0x00, 0x61, 0x00, 0x61, 0x00, 0x41, 0x00, 0x61, 0x00, 0xE3, 0x10, 0xA2, 0x08, 0x41, 0x00,
    0x62, 0x00, 0x62, 0x00, 0x62, 0x00, 0x61, 0x00, 0x41, 0x00, 0x41, 0x00, 0x41, 0x00, 0x41, 0x00,
    0x82, 0x00, 0xC2, 0x00, 0x22, 0x09, 0xE4, 0x19, 0xE4, 0x11, 0xC6, 0x2A, 0x28, 0x3B, 0xC4, 0x19,
    0x81, 0x00, 0x82, 0x00, 0xC3, 0x08, 0xC3, 0x08, 0xA3, 0x08, 0xA1, 0x00, 0xE2, 0x00, 0x43, 0x09,
    0xA4, 0x19, 0x84, 0x11, 0x22, 0x09, 0x02, 0x09, 0xE2, 0x08, 0xC2, 0x08, 0xC2, 0x08, 0xE2, 0x08,
    0x02, 0x09, 0x22, 0x09, 0x23, 0x11, 0x63, 0x11, 0x43, 0x11, 0xE2, 0x08, 0x84, 0x11, 0x05, 0x1A,
    0x83, 0x09, 0xA4, 0x11, 0x27, 0x33, 0x86, 0x2B, 0x66, 0x33, 0x22, 0x12, 0x43, 0x1A, 0xA3, 0x22,
    0x03, 0x1A, 0xA2, 0x00, 0x62, 0x00, 0xA2, 0x08, 0xE2, 0x08, 0xC2, 0x00, 0xA2, 0x00, 0xA2, 0x00,
    0xA2, 0x00, 0x81, 0x00, 0x22, 0x09, 0xE4, 0x19, 0xE3, 0x11, 0x04, 0x12, 0x65, 0x22, 0x63, 0x11,
    0x61, 0x00, 0x62, 0x00, 0xA2, 0x08, 0xA2, 0x08, 0x82, 0x00, 0x81, 0x00, 0x62, 0x00, 0x81, 0x00,
    0x61, 0x08, 0xC3, 0xB4, 0xC0, 0xFE, 0x20, 0xFE, 0x60, 0xFE, 0x40, 0xFE, 0x40, 0xFE, 0x60, 0xFE,
    0x60, 0xFE, 0x60, 0xFE, 0x60, 0xFE, 0x60, 0xFE, 0x60, 0xFE, 0x60, 0xFE, 0x60, 0xFE, 0x60, 0xFE,
    0x60, 0xFE, 0x60, 0xFE, 0x60, 0xFE, 0x60, 0xFE, 0x60, 0xFE, 0x60, 0xFE, 0x60, 0xFE, 0x60, 0xFE,
    0x60, 0xFE, 0x40, 0xFE, 0xC0, 0xFE, 0xC2, 0x83, 0x82, 0x00, 0x03, 0x11, 0xE2, 0x08, 0xA2, 0x00,
    0xA2, 0x08, 0xE2, 0x08, 0x63, 0x11, 0x43, 0x11, 0xC2, 0x08, 0xA2, 0x08, 0xC2, 0x00, 0x22, 0x11,
    0x63, 0x11, 0x63, 0x11, 0x82, 0x11, 0xE3, 0x11, 0x04, 0x1A, 0xC3, 0x11, 0xC3, 0x11, 0x43, 0x09,
    0x61, 0x00, 0x62, 0x00, 0x61, 0x00, 0x41, 0x00, 0x41, 0x00, 0x82, 0x00, 0x82, 0x08, 0x82, 0x00,
    0x82, 0x00, 0x82, 0x00, 0xA2, 0x00, 0xA2, 0x08, 0xC2, 0x08, 0xC2, 0x08, 0x63, 0x11, 0x44, 0x1A,
    0x63, 0x1A, 0x84, 0x22, 0xA5, 0x22, 0xA5, 0x22, 0xA4, 0x22, 0xC4, 0x22, 0xC3, 0x11, 0x82, 0x00,
    0x62, 0x00, 0x41, 0x00, 0x41, 0x00, 0x24, 0x11, 0x63, 0x11, 0x43, 0x11, 0xC2, 0x08, 0x81, 0x08,
    0xA2, 0x08, 0xC3, 0x08, 0xE3, 0x08, 0x23, 0x09, 0x84, 0x11, 0xE5, 0x19, 0xC4, 0x19, 0xC4, 0x11,
    0xE4, 0x11, 0xC4, 0x11, 0xC4, 0x19, 0x83, 0x11, 0x03, 0x09, 0xC2, 0x00, 0xC2, 0x08, 0xC2, 0x08,
    0xC2, 0x08, 0xC2, 0x08, 0xC2, 0x08, 0xC2, 0x08, 0xC2, 0x08, 0xC2, 0x08, 0x03, 0x09, 0x23, 0x09,
    0x23, 0x11, 0xC3, 0x08, 0x81, 0x00, 0x02, 0x09, 0x07, 0x2B, 0xA4, 0x22, 0x04, 0x1A, 0xC4, 0x19,
    0x63, 0x11, 0x02, 0x09, 0x41, 0x00, 0x62, 0x00, 0xA3, 0x08, 0x82, 0x00, 0x61, 0x00, 0x62, 0x00,
    0xA2, 0x00, 0xE3, 0x08, 0x23, 0x11, 0x44, 0x11, 0x03, 0x09, 0xA2, 0x00, 0x82, 0x00, 0x81, 0x00,
    0xC4, 0x11, 0x26, 0x22, 0xA4, 0x11, 0x26, 0x1A, 0xC4, 0x11, 0x05, 0x1A, 0x84, 0x11, 0xE5, 0x11,
    0xA4, 0x11, 0xA4, 0x11, 0x02, 0x09, 0x22, 0x09, 0xE3, 0x19, 0x22, 0x11, 0xE2, 0x08, 0x02, 0x09,
    0x23, 0x09, 0xE2, 0x08, 0xE2, 0x08, 0xE2, 0x08, 0xC2, 0x08, 0xC2, 0x08, 0xA2, 0x08, 0xA2, 0x08,
    0x62, 0x00, 0x41, 0x00, 0x41, 0x00, 0x41, 0x00, 0x41, 0x00, 0x41, 0x00, 0x61, 0x00, 0x62, 0x00,
    0x61, 0x00, 0x61, 0x00, 0x61, 0x00, 0x61, 0x00, 0x61, 0x00, 0xC3, 0x08, 0x62, 0x00, 0x41, 0x00,
    0x61, 0x00, 0x61, 0x00, 0x62, 0x00, 0x82, 0x00, 0x82, 0x00, 0x82, 0x00, 0x82, 0x00, 0x82, 0x00,
    0x82, 0x00, 0xC2, 0x00, 0xA2, 0x00, 0x23, 0x09, 0xC4, 0x19, 0xC3, 0x11, 0xE4, 0x11, 0x23, 0x09,
    0x82, 0x00, 0xA2, 0x08, 0xA2, 0x00, 0x81, 0x00, 0xC2, 0x00, 0x43, 0x11, 0xA4, 0x19, 0x63, 0x11,
    0x02, 0x09, 0xC1, 0x00, 0xA1, 0x00, 0xC2, 0x08, 0xC2, 0x08, 0xC2, 0x08, 0xE2, 0x08, 0xE2, 0x08,
    0x23, 0x09, 0x23, 0x11, 0x43, 0x11, 0x43, 0x09, 0x22, 0x09, 0xC2, 0x08, 0x02, 0x09, 0xE5, 0x19,
    0xE5, 0x11, 0xC4, 0x11, 0xE6, 0x22, 0x08, 0x44, 0xE4, 0x22, 0x63, 0x1A, 0xA5, 0x2A, 0xA3, 0x11,
    0x81, 0x00, 0x82, 0x00, 0x62, 0x00, 0xA2, 0x00, 0xE3, 0x08, 0xE3, 0x08, 0xE2, 0x08, 0xC2, 0x08,
    0xC2, 0x08, 0xC2, 0x08, 0xA2, 0x00, 0xA1, 0x00, 0x86, 0x22, 0x66, 0x22, 0x22, 0x09, 0x82, 0x00,
    0x82, 0x08, 0xA2, 0x00, 0xA2, 0x08, 0x82, 0x00, 0xA2, 0x00, 0xC2, 0x00, 0x02, 0x11, 0xC2, 0x00,
    0xA2, 0x83, 0xC1, 0xFE, 0x40, 0xFE, 0x40, 0xFE, 0x60, 0xFE, 0x60, 0xFE, 0x60, 0xFE, 0x60, 0xFE,
    0x60, 0xFE, 0x60, 0xFE, 0x60, 0xFE, 0x60, 0xFE, 0x60, 0xFE, 0x60, 0xFE, 0x60, 0xFE, 0x60, 0xFE,
    0x60, 0xFE, 0x60, 0xFE, 0x60, 0xFE, 0x60, 0xFE, 0x60, 0xFE, 0x60, 0xFE, 0x60, 0xFE, 0x60, 0xFE,
    0x60, 0xFE, 0x60, 0xFE, 0x40, 0xFE, 0x81, 0xFE, 0x42, 0x4A, 0xA2, 0x00, 0xE3, 0x08, 0x82, 0x00,
    0x61, 0x00, 0x82, 0x08, 0x03, 0x11, 0xA2, 0x00, 0x82, 0x00, 0xA2, 0x00, 0x03, 0x09, 0x63, 0x11,
    0x83, 0x11, 0x83, 0x11, 0x83, 0x11, 0xE3, 0x19, 0x24, 0x1A, 0xC3, 0x11, 0xE3, 0x11, 0x04, 0x1A,
    0x02, 0x09, 0x42, 0x00, 0x62, 0x00, 0x41, 0x00, 0x41, 0x00, 0x62, 0x00, 0x82, 0x00, 0x82, 0x00,
    0xA2, 0x08, 0xA2, 0x08, 0x82, 0x00, 0x82, 0x00, 0x82, 0x00, 0x82, 0x00, 0x81, 0x00, 0x42, 0x09,
    0x24, 0x1A, 0x84, 0x22, 0xA4, 0x1A, 0x43, 0x1A, 0x23, 0x1A, 0x64, 0x1A, 0xC5, 0x2A, 0x63, 0x11,
    0x21, 0x00, 0x21, 0x00, 0x81, 0x00, 0x05, 0x1A, 0x04, 0x1A, 0x62, 0x09, 0x43, 0x11, 0x22, 0x11,
    0xA1, 0x00, 0xC2, 0x00, 0xE2, 0x00, 0xA4, 0x19, 0xC4, 0x19, 0xA4, 0x11, 0xC3, 0x11, 0xC3, 0x11,
    0xC3, 0x11, 0xC4, 0x19, 0xC3, 0x11, 0x83, 0x11, 0x63, 0x11, 0x02, 0x09, 0xE2, 0x08, 0xC2, 0x00,
    0xC2, 0x00, 0xC2, 0x08, 0xC2, 0x08, 0xA2, 0x08, 0xA2, 0x08, 0xC3, 0x08, 0xE3, 0x08, 0xE2, 0x08,
    0xA2, 0x08, 0xA2, 0x08, 0xC2, 0x00, 0x66, 0x22, 0xC6, 0x2A, 0x62, 0x09, 0xA2, 0x08, 0x61, 0x00,
    0x81, 0x00, 0x23, 0x11, 0x03, 0x09, 0xC3, 0x08, 0xE3, 0x10, 0x82, 0x00, 0x62, 0x00, 0x61, 0x00,
    0x61, 0x00, 0xA2, 0x00, 0xE2, 0x08, 0xA2, 0x00, 0xA2, 0x08, 0xA2, 0x08, 0x82, 0x00, 0x82, 0x00,
    0xC4, 0x11, 0x46, 0x22, 0xA4, 0x11, 0x26, 0x22, 0xC4, 0x11, 0x05, 0x1A, 0xA4, 0x11, 0x05, 0x1A,
    0xA4, 0x11, 0xA4, 0x11, 0x43, 0x11, 0x22, 0x11, 0x42, 0x09, 0x43, 0x11, 0xC2, 0x08, 0x81, 0x00,
    0x02, 0x09, 0x43, 0x09, 0x43, 0x11, 0xE2, 0x08, 0x81, 0x00, 0xA2, 0x00, 0xA2, 0x08, 0x82, 0x08,
    0xA2, 0x08, 0x82, 0x08, 0x61, 0x00, 0x41, 0x00, 0x41, 0x00, 0x41, 0x00, 0x62, 0x00, 0x82, 0x08,
    0x62, 0x00, 0x61, 0x00, 0x61, 0x00, 0x61, 0x00, 0x62, 0x00, 0x61, 0x00, 0x41, 0x00, 0x41, 0x00,
    0x41, 0x00, 0x41, 0x00, 0x41, 0x00, 0x41, 0x00, 0x62, 0x00, 0x82, 0x08, 0x82, 0x00, 0x82, 0x00,
    0xC2, 0x08, 0xC2, 0x08, 0xA2, 0x08, 0xC2, 0x08, 0x84, 0x11, 0x04, 0x1A, 0x63, 0x11, 0xA2, 0x08,
    0x82, 0x08, 0xA2, 0x00, 0xC2, 0x00, 0x23, 0x09, 0x84, 0x19, 0x63, 0x11, 0x02, 0x09, 0xC1, 0x00,
    0xC2, 0x08, 0xC2, 0x08, 0xC2, 0x08, 0xC2, 0x00, 0xC2, 0x08, 0xE2, 0x08, 0x03, 0x09, 0x23, 0x11,
    0x63, 0x11, 0x43, 0x09, 0x43, 0x11, 0x43, 0x09, 0x23, 0x09, 0x64, 0x19, 0xC2, 0x08, 0xA2, 0x00,
    0x64, 0x11, 0xC5, 0x19, 0xE3, 0x11, 0x87, 0x3B, 0x05, 0x2B, 0x65, 0x2A, 0xC1, 0x08, 0xA2, 0x08,
    0xA3, 0x08, 0x82, 0x08, 0x82, 0x00, 0xA2, 0x00, 0xE3, 0x08, 0x23, 0x09, 0x23, 0x09, 0xE3, 0x08,
    0xC2, 0x08, 0xC2, 0x08, 0xC2, 0x08, 0xA2, 0x00, 0x26, 0x1A, 0x84, 0x11, 0x61, 0x00, 0x82, 0x08,
    0x61, 0x00, 0x81, 0x00, 0xA2, 0x00, 0xC2, 0x08, 0x03, 0x09, 0x22, 0x09, 0x01, 0x09, 0x02, 0x32,
    0x61, 0xF6, 0x40, 0xFE, 0x40, 0xFE, 0x60, 0xFE, 0x60, 0xFE, 0x60, 0xFE, 0x60, 0xFE, 0x60, 0xFE,
    0x60, 0xFE, 0x60, 0xFE, 0x60, 0xFE, 0x60, 0xFE, 0x60, 0xFE, 0x60, 0xFE, 0x60, 0xFE, 0x60, 0xFE,
    0x60, 0xFE, 0x60, 0xFE, 0x60, 0xFE, 0x60, 0xFE, 0x60, 0xFE, 0x60, 0xFE, 0x60, 0xFE, 0x60, 0xFE,
    0x60, 0xFE, 0x60, 0xFE, 0x40, 0xFE, 0x80, 0xFE, 0x82, 0xD5, 0xC1, 0x08, 0xA2, 0x00, 0x82, 0x00,
    0x61, 0x00, 0xA2, 0x08, 0xE3, 0x08, 0xA2, 0x00, 0xC2, 0x08, 0x22, 0x09, 0x62, 0x11, 0xA3, 0x11,
    0xC3, 0x19, 0xC3, 0x11, 0xC3, 0x11, 0x44, 0x1A, 0x03, 0x1A, 0x03, 0x12, 0x24, 0x1A, 0x44, 0x1A,
    0xC4, 0x19, 0x61, 0x00, 0x42, 0x00, 0x41, 0x00, 0x41, 0x00, 0x62, 0x00, 0x82, 0x00, 0xA2, 0x08,
    0xA2, 0x08, 0xA2, 0x08, 0x82, 0x08, 0x82, 0x00, 0x82, 0x00, 0x82, 0x00, 0x82, 0x00, 0x81, 0x00,
    0x02, 0x09, 0x04, 0x1A, 0x84, 0x22, 0x84, 0x22, 0x64, 0x22, 0x03, 0x12, 0x84, 0x22, 0x64, 0x22,
    0xC2, 0x08, 0xE3, 0x10, 0x63, 0x11, 0x25, 0x1A, 0xE4, 0x19, 0xA3, 0x11, 0x02, 0x09, 0x02, 0x09,
    0x02, 0x09, 0x23, 0x11, 0xE2, 0x08, 0xE2, 0x08, 0xE2, 0x08, 0x02, 0x09, 0x43, 0x11, 0x83, 0x11,
    0xA3, 0x11, 0xA3, 0x11, 0xA3, 0x11, 0x62, 0x11, 0x62, 0x11, 0xA3, 0x19, 0x64, 0x11, 0x44, 0x11,
    0x43, 0x09, 0xE2, 0x00, 0xC2, 0x00, 0xC3, 0x08, 0xA2, 0x08, 0xA2, 0x08, 0xA2, 0x00, 0xC2, 0x00,
    0xC2, 0x08, 0xE3, 0x10, 0xE2, 0x08, 0x05, 0x22, 0xC1, 0x00, 0x41, 0x00, 0x42, 0x08, 0x82, 0x00,
    0xE3, 0x08, 0xC2, 0x08, 0x43, 0x11, 0xC2, 0x08, 0xA2, 0x08, 0x82, 0x00, 0xA2, 0x08, 0x82, 0x08,
    0x61, 0x00, 0xC2, 0x08, 0xA1, 0x00, 0x82, 0x00, 0xA2, 0x08, 0x82, 0x00, 0x82, 0x00, 0xA2, 0x08,
    0x05, 0x1A, 0x66, 0x22, 0xC4, 0x11, 0x66, 0x22, 0xC4, 0x11, 0x26, 0x1A, 0xE5, 0x11, 0x05, 0x12,
    0xA4, 0x11, 0xA4, 0x11, 0x43, 0x09, 0x02, 0x09, 0xE3, 0x08, 0xC2, 0x08, 0x82, 0x00, 0x81, 0x00,
    0x62, 0x11, 0x45, 0x22, 0x43, 0x09, 0xA2, 0x08, 0x82, 0x00, 0xA2, 0x00, 0x82, 0x08, 0x82, 0x08,
    0x82, 0x08, 0xA2, 0x08, 0xC2, 0x08, 0x82, 0x00, 0x41, 0x00, 0x41, 0x00, 0x61, 0x00, 0x61, 0x00,
    0x62, 0x00, 0x61, 0x00, 0x41, 0x00, 0x61, 0x00, 0x61, 0x00, 0x61, 0x00, 0x41, 0x00, 0x41, 0x00,
    0x41, 0x00, 0x41, 0x00, 0x41, 0x00, 0x41, 0x00, 0x41, 0x00, 0x62, 0x00, 0x62, 0x00, 0x82, 0x08,
    0xC2, 0x08, 0xC2, 0x08, 0xA2, 0x08, 0xA2, 0x08, 0xE2, 0x08, 0xE4, 0x19, 0x43, 0x11, 0x82, 0x00,
    0xA2, 0x08, 0xC2, 0x08, 0x64, 0x11, 0x43, 0x11, 0xC2, 0x00, 0xC2, 0x00, 0xC2, 0x08, 0xC2, 0x08,
    0xE2, 0x08, 0xC2, 0x08, 0xE2, 0x08, 0xE2, 0x08, 0x02, 0x09, 0x23, 0x11, 0x23, 0x11, 0x23, 0x11,
    0x23, 0x09, 0x43, 0x09, 0x63, 0x11, 0xA4, 0x19, 0x23, 0x09, 0x23, 0x09, 0xC2, 0x08, 0x82, 0x08,
    0x61, 0x00, 0x61, 0x00, 0x20, 0x00, 0xC6, 0x2A, 0x87, 0x43, 0xA0, 0x00, 0x00, 0x00, 0x20, 0x00,
    0x40, 0x00, 0x60, 0x00, 0xA1, 0x00, 0xC2, 0x08, 0x03, 0x09, 0x85, 0x19, 0x64, 0x11, 0x23, 0x09,
    0x03, 0x09, 0x03, 0x09, 0xE2, 0x08, 0xE2, 0x08, 0xC2, 0x00, 0xC3, 0x00, 0xA2, 0x08, 0x82, 0x00,
    0x81, 0x00, 0xC2, 0x08, 0xE2, 0x08, 0x22, 0x09, 0x62, 0x11, 0x82, 0x11, 0x22, 0x01, 0x82, 0xAC,
    0xA0, 0xFE, 0x40, 0xFE, 0x60, 0xFE, 0x60, 0xFE, 0x60, 0xFE, 0x60, 0xFE, 0x60, 0xFE, 0x60, 0xFE,
    0x60, 0xFE, 0x60, 0xFE, 0x60, 0xFE, 0x60, 0xFE, 0x60, 0xFE, 0x60, 0xFE, 0x60, 0xFE, 0x60, 0xFE,
    0x60, 0xFE, 0x60, 0xFE, 0x60, 0xFE, 0x60, 0xFE, 0x60, 0xFE, 0x60, 0xFE, 0x60, 0xFE, 0x60, 0xFE,
    0x60, 0xFE, 0x60, 0xFE, 0x60, 0xFE, 0x40, 0xFE, 0xC0, 0xFE, 0x01, 0x6B, 0x21, 0x00, 0xC2, 0x08,
    0x22, 0x09, 0x22, 0x09, 0x42, 0x09, 0x83, 0x11, 0x42, 0x11, 0xA3, 0x19, 0xA2, 0x11, 0xC2, 0x11,
    0xE2, 0x19, 0xE3, 0x11, 0x03, 0x1A, 0x24, 0x1A, 0x24, 0x1A, 0x24, 0x1A, 0x44, 0x1A, 0x85, 0x22,
    0x86, 0x22, 0xC2, 0x00, 0x41, 0x00, 0x41, 0x00, 0x61, 0x00, 0x62, 0x00, 0x82, 0x00, 0xA2, 0x00,
    0xA2, 0x08, 0x82, 0x00, 0x82, 0x00, 0x82, 0x08, 0x82, 0x08, 0x82, 0x00, 0x82, 0x00, 0x82, 0x08,
    0x61, 0x00, 0xC2, 0x08, 0xE3, 0x19, 0xA4, 0x22, 0xC5, 0x22, 0x84, 0x22, 0x84, 0x22, 0x64, 0x22,
    0x22, 0x09, 0xE2, 0x08, 0x22, 0x09, 0x43, 0x09, 0x22, 0x09, 0x22, 0x11, 0x81, 0x00, 0xC2, 0x08,
    0xC2, 0x08, 0x82, 0x00, 0x41, 0x00, 0x41, 0x00, 0x41, 0x00, 0x41, 0x00, 0x62, 0x00, 0xA2, 0x08,
    0x02, 0x09, 0xA4, 0x11, 0xC4, 0x11, 0x43, 0x11, 0x22, 0x09, 0x63, 0x11, 0x84, 0x11, 0x64, 0x09,
    0xE4, 0x19, 0x45, 0x22, 0xE4, 0x19, 0x83, 0x11, 0x22, 0x09, 0x02, 0x09, 0xE2, 0x00, 0x02, 0x09,
    0xE2, 0x08, 0x82, 0x00, 0x82, 0x00, 0x81, 0x00, 0x62, 0x00, 0x42, 0x00, 0xA2, 0x00, 0xC2, 0x00,
    0xC2, 0x08, 0x40, 0x00, 0xA2, 0x08, 0xA2, 0x00, 0xA2, 0x08, 0xA2, 0x08, 0xC3, 0x08, 0xA2, 0x00,
    0xE3, 0x08, 0x03, 0x09, 0x03, 0x09, 0xE3, 0x08, 0xC3, 0x08, 0xC3, 0x08, 0x82, 0x00, 0x82, 0x00,
    0xA4, 0x11, 0xE5, 0x19, 0xC4, 0x11, 0x46, 0x22, 0xE4, 0x11, 0x25, 0x1A, 0x05, 0x1A, 0xA4, 0x11,
    0xC5, 0x19, 0x43, 0x09, 0x02, 0x09, 0xA1, 0x00, 0x62, 0x00, 0x61, 0x00, 0xA2, 0x08, 0x22, 0x09,
    0xE3, 0x19, 0xE3, 0x19, 0xE2, 0x08, 0x81, 0x00, 0x81, 0x00, 0x82, 0x00, 0x82, 0x00, 0xA2, 0x08,
    0xA2, 0x08, 0xA2, 0x08, 0xC2, 0x08, 0xA2, 0x08, 0x61, 0x00, 0x41, 0x00, 0x41, 0x00, 0x61, 0x00,
    0x61, 0x00, 0x61, 0x00, 0x41, 0x00, 0x41, 0x00, 0x61, 0x00, 0x61, 0x00, 0x41, 0x00, 0x41, 0x00,
    0x61, 0x00, 0x41, 0x00, 0x41, 0x00, 0x41, 0x00, 0x41, 0x00, 0x41, 0x00, 0x41, 0x00, 0x61, 0x00,
    0xC2, 0x08, 0xC2, 0x08, 0xA2, 0x08, 0xA2, 0x08, 0xC2, 0x00, 0x23, 0x09, 0x03, 0x09, 0xC2, 0x00,
    0xA2, 0x00, 0x03, 0x09, 0xE2, 0x08, 0x61, 0x00, 0xA2, 0x08, 0xE2, 0x08, 0xE2, 0x08, 0xE2, 0x08,
    0xE2, 0x08, 0x02, 0x09, 0x02, 0x09, 0x43, 0x09, 0x63, 0x11, 0x63, 0x11, 0x23, 0x11, 0x23, 0x09,
    0x43, 0x09, 0x63, 0x11, 0xC4, 0x19, 0x23, 0x11, 0x62, 0x00, 0x21, 0x00, 0x20, 0x00, 0xC3, 0x08,
    0xA7, 0x29, 0xCC, 0x4A, 0x8F, 0x63, 0x95, 0x8D, 0xB6, 0x95, 0x52, 0x74, 0x11, 0x6C, 0x4E, 0x5B,
    0x29, 0x3A, 0x24, 0x11, 0x61, 0x00, 0x61, 0x00, 0x44, 0x11, 0x06, 0x22, 0xE6, 0x19, 0x84, 0x11,
    0x64, 0x11, 0x64, 0x11, 0x43, 0x11, 0x23, 0x09, 0xE3, 0x08, 0xC3, 0x08, 0x82, 0x00, 0x82, 0x00,
    0xC2, 0x08, 0x84, 0x11, 0xA4, 0x19, 0xC3, 0x19, 0xE3, 0x19, 0xA3, 0x09, 0x83, 0x3A, 0x41, 0xF6,
    0x40, 0xFE, 0x60, 0xFE, 0x60, 0xFE, 0x60, 0xFE, 0x60, 0xFE, 0x60, 0xFE, 0x60, 0xFE, 0x60, 0xFE,
    0x60, 0xFE, 0x60, 0xFE, 0x60, 0xFE, 0x60, 0xFE, 0x60, 0xFE, 0x60, 0xFE, 0x60, 0xFE, 0x60, 0xFE,
    0x60, 0xFE, 0x60, 0xFE, 0x60, 0xFE, 0x60, 0xFE, 0x60, 0xFE, 0x60, 0xFE, 0x60, 0xFE, 0x60, 0xFE,
    0x60, 0xFE, 0x60, 0xFE, 0x60, 0xFE, 0x40, 0xFE, 0x80, 0xFE, 0x62, 0xD5, 0xE1, 0x08, 0xA2, 0x19,
    0xE2, 0x11, 0x82, 0x11, 0xA2, 0x11, 0x03, 0x1A, 0xA2, 0x11, 0x62, 0x11, 0x04, 0x1A, 0x43, 0x1A,
    0x23, 0x1A, 0x03, 0x12, 0x24, 0x1A, 0x24, 0x1A, 0x24, 0x1A, 0x24, 0x1A, 0x04, 0x1A, 0xA6, 0x22,
    0x07, 0x23, 0x64, 0x09, 0x21, 0x00, 0x62, 0x00, 0x82, 0x00, 0xA2, 0x08, 0xC2, 0x08, 0x03, 0x09,
    0xE3, 0x08, 0xA2, 0x00, 0xA2, 0x08, 0xA2, 0x00, 0xA2, 0x00, 0xA2, 0x08, 0xA2, 0x08, 0xA2, 0x08,
    0x82, 0x00, 0x62, 0x00, 0xA1, 0x00, 0xC3, 0x11, 0xA5, 0x22, 0xC5, 0x22, 0xA5, 0x1A, 0x85, 0x22,
    0xC2, 0x08, 0xC2, 0x00, 0xC2, 0x00, 0xA2, 0x08, 0x03, 0x09, 0x02, 0x09, 0xA2, 0x08, 0xC2, 0x08,
    0x61, 0x00, 0x21, 0x00, 0x41, 0x00, 0x41, 0x00, 0x42, 0x00, 0x42, 0x00, 0x61, 0x00, 0x41, 0x00,
    0x41, 0x00, 0xE2, 0x08, 0x02, 0x09, 0x03, 0x09, 0x23, 0x09, 0x22, 0x09, 0xA4, 0x11, 0x04, 0x12,
    0x64, 0x22, 0x84, 0x22, 0x63, 0x1A, 0x63, 0x1A, 0x84, 0x22, 0x84, 0x22, 0x03, 0x1A, 0x42, 0x09,
    0x43, 0x09, 0xC2, 0x00, 0x82, 0x00, 0x82, 0x00, 0xA2, 0x00, 0x24, 0x11, 0x44, 0x11, 0xE2, 0x08,
    0x61, 0x00, 0x41, 0x00, 0xC3, 0x08, 0xC3, 0x08, 0xA2, 0x08, 0xA2, 0x00, 0xA2, 0x00, 0xE3, 0x08,
    0x03, 0x09, 0x03, 0x09, 0xE3, 0x08, 0xE3, 0x08, 0xE3, 0x08, 0xE2, 0x08, 0xA2, 0x00, 0x82, 0x00,
    0xA1, 0x00, 0xE2, 0x08, 0x02, 0x09, 0x22, 0x09, 0x63, 0x11, 0x43, 0x11, 0x43, 0x11, 0x03, 0x09,
    0x23, 0x11, 0xE2, 0x08, 0xC2, 0x08, 0xC2, 0x08, 0x61, 0x00, 0xA1, 0x00, 0x63, 0x11, 0xC4, 0x11,
    0xA3, 0x11, 0x42, 0x09, 0x23, 0x09, 0xA2, 0x00, 0xA2, 0x00, 0xC2, 0x08, 0xC2, 0x08, 0xC2, 0x08,
    0xE3, 0x08, 0xA2, 0x00, 0xA2, 0x00, 0xC2, 0x08, 0xA2, 0x08, 0x61, 0x00, 0x41, 0x00, 0x61, 0x00,
    0x61, 0x00, 0x61, 0x00, 0x61, 0x00, 0x61, 0x00, 0x62, 0x00, 0x62, 0x00, 0x62, 0x00, 0x62, 0x00,
    0x62, 0x00, 0x61, 0x00, 0x61, 0x00, 0x61, 0x00, 0x41, 0x00, 0x41, 0x00, 0x21, 0x00, 0x41, 0x00,
    0xA2, 0x08, 0xC3, 0x08, 0xC3, 0x08, 0xC3, 0x08, 0xC2, 0x08, 0xC2, 0x00, 0xA2, 0x08, 0xA2, 0x00,
    0x82, 0x00, 0x81, 0x00, 0x81, 0x00, 0xC2, 0x08, 0xE2, 0x08, 0xE2, 0x08, 0xE2, 0x08, 0x03, 0x09,
    0x23, 0x09, 0x43, 0x11, 0x64, 0x11, 0x84, 0x11, 0x63, 0x11, 0x43, 0x09, 0x43, 0x09, 0x63, 0x11,
    0x43, 0x11, 0x43, 0x09, 0x23, 0x11, 0x20, 0x00, 0x00, 0x00, 0x87, 0x29, 0x12, 0x74, 0x1A, 0xAE,
    0xFE, 0xC6, 0x7F, 0xD7, 0x7F, 0xD7, 0x3F, 0xD7, 0x5F, 0xCF, 0x7F, 0xD7, 0x7F, 0xD7, 0x7F, 0xD7,
    0x3F, 0xCF, 0xBD, 0xBE, 0x77, 0x95, 0x2D, 0x53, 0xA6, 0x19, 0x43, 0x09, 0xA4, 0x19, 0xA5, 0x11,
    0x43, 0x09, 0x64, 0x11, 0x84, 0x11, 0x63, 0x09, 0x22, 0x09, 0x41, 0x00, 0x41, 0x00, 0xA2, 0x08,
    0x02, 0x09, 0x42, 0x09, 0x83, 0x11, 0xE3, 0x11, 0x44, 0x1A, 0xC3, 0x09, 0x02, 0x8C, 0xA0, 0xFE,
    0x60, 0xF6, 0x60, 0xFE, 0x60, 0xFE, 0x60, 0xFE, 0x60, 0xFE, 0x60, 0xFE, 0x60, 0xFE, 0x60, 0xFE,
    0x60, 0xFE, 0x60, 0xFE, 0x60, 0xFE, 0x60, 0xFE, 0x60, 0xFE, 0x60, 0xFE, 0x60, 0xFE, 0x60, 0xFE,
    0x60, 0xFE, 0x60, 0xFE, 0x60, 0xFE, 0x60, 0xFE, 0x60, 0xFE, 0x60, 0xFE, 0x60, 0xFE, 0x60, 0xFE,
    0x60, 0xFE, 0x60, 0xFE, 0x60, 0xFE, 0x60, 0xFE, 0x40, 0xFE, 0x80, 0xFE, 0x22, 0x5B, 0xE3, 0x09,
    0xE2, 0x19, 0xC3, 0x11, 0xE3, 0x19, 0x03, 0x1A, 0xA2, 0x11, 0x42, 0x09, 0xC3, 0x11, 0x67, 0x33,
    0xA8, 0x33, 0x06, 0x23, 0x84, 0x22, 0x64, 0x1A, 0x85, 0x22, 0x85, 0x22, 0x65, 0x1A, 0xC7, 0x22,
    0x49, 0x33, 0x05, 0x1A, 0x61, 0x00, 0x61, 0x00, 0xC2, 0x08, 0x03, 0x11, 0x03, 0x09, 0x23, 0x09,
    0x44, 0x11, 0x23, 0x11, 0x03, 0x09, 0xE3, 0x08, 0xC2, 0x00, 0xA2, 0x00, 0x82, 0x00, 0x82, 0x00,
    0x81, 0x00, 0x82, 0x00, 0x82, 0x00, 0x81, 0x00, 0xA4, 0x11, 0xE6, 0x22, 0xE5, 0x22, 0xE3, 0x11,
    0xA2, 0x00, 0xA3, 0x08, 0x61, 0x00, 0x81, 0x00, 0xE2, 0x08, 0x03, 0x11, 0x81, 0x00, 0xA2, 0x08,
    0x81, 0x00, 0x21, 0x00, 0x42, 0x00, 0x42, 0x00, 0x42, 0x00, 0x42, 0x00, 0x41, 0x00, 0x61, 0x00,
    0xC2, 0x08, 0xC2, 0x00, 0xC2, 0x08, 0xC2, 0x08, 0x02, 0x09, 0xE3, 0x19, 0x64, 0x22, 0x84, 0x1A,
    0x63, 0x1A, 0x64, 0x1A, 0x63, 0x1A, 0x43, 0x1A, 0x63, 0x1A, 0xA4, 0x1A, 0x46, 0x2B, 0xC5, 0x22,
    0xC3, 0x11, 0x02, 0x09, 0x81, 0x00, 0x23, 0x11, 0x64, 0x11, 0x44, 0x11, 0xE2, 0x08, 0xC2, 0x08,
    0x61, 0x00, 0x41, 0x00, 0x82, 0x08, 0xC3, 0x08, 0xA2, 0x08, 0xC3, 0x08, 0xC3, 0x08, 0xC2, 0x08,
    0xC2, 0x08, 0x23, 0x09, 0xE3, 0x08, 0xC2, 0x08, 0xC3, 0x08, 0xC2, 0x08, 0xC2, 0x08, 0xA2, 0x00,
    0xA2, 0x08, 0xC2, 0x08, 0x02, 0x09, 0xE2, 0x08, 0xC2, 0x08, 0xC2, 0x00, 0xE2, 0x08, 0xE2, 0x08,
    0xE2, 0x08, 0xE2, 0x08, 0xE3, 0x08, 0xE2, 0x08, 0xE2, 0x08, 0x23, 0x11, 0x62, 0x09, 0xE4, 0x19,
    0x02, 0x09, 0xC2, 0x08, 0x02, 0x09, 0x03, 0x09, 0x03, 0x09, 0x03, 0x09, 0x03, 0x09, 0x03, 0x09,
    0xE2, 0x08, 0xC2, 0x00, 0xC2, 0x08, 0xC2, 0x08, 0xC3, 0x08, 0xA2, 0x00, 0x61, 0x00, 0x61, 0x00,
    0x61, 0x00, 0x61, 0x00, 0x61, 0x00, 0x62, 0x00, 0x61, 0x00, 0x62, 0x00, 0x62, 0x00, 0x62, 0x00,
    0x82, 0x00, 0x82, 0x00, 0x62, 0x00, 0x62, 0x00, 0x62, 0x00, 0x62, 0x00, 0x41, 0x00, 0x41, 0x00,
    0xA2, 0x08, 0xA3, 0x08, 0x82, 0x08, 0xA2, 0x08, 0x82, 0x00, 0x61, 0x00, 0x61, 0x00, 0x41, 0x00,
    0x41, 0x00, 0x41, 0x00, 0x82, 0x00, 0xE2, 0x08, 0x02, 0x09, 0x02, 0x09, 0x23, 0x09, 0x63, 0x11,
    0x84, 0x11, 0x84, 0x11, 0xA4, 0x11, 0xA4, 0x11, 0x63, 0x09, 0x63, 0x11, 0x43, 0x11, 0x23, 0x11,
    0xC2, 0x00, 0x61, 0x00, 0x00, 0x00, 0x09, 0x32, 0x36, 0x95, 0x1F, 0xCF, 0x7F, 0xD7, 0x3F, 0xCF,
    0x1F, 0xC7, 0xFE, 0xC6, 0xFE, 0xC6, 0xFE, 0xC6, 0xFE, 0xC6, 0xFE, 0xC6, 0xFE, 0xC6, 0xFE, 0xC6,
    0xFE, 0xC6, 0x3F, 0xCF, 0x5F, 0xCF, 0x7F, 0xD7, 0x7B, 0xB6, 0x72, 0x6C, 0xC6, 0x19, 0x02, 0x01,
    0x06, 0x22, 0xA4, 0x21, 0x02, 0x09, 0xE3, 0x19, 0x84, 0x22, 0x23, 0x22, 0x02, 0x09, 0xE2, 0x08,
    0x02, 0x09, 0x02, 0x09, 0x22, 0x09, 0x62, 0x09, 0x44, 0x1A, 0x43, 0x1A, 0x61, 0xCD, 0x80, 0xFE,
    0x60, 0xFE, 0x60, 0xFE, 0x60, 0xFE, 0x60, 0xFE, 0x60, 0xFE, 0x60, 0xFE, 0x60, 0xFE, 0x60, 0xFE,
    0x60, 0xFE, 0x60, 0xFE, 0x60, 0xFE, 0x60, 0xFE, 0x60, 0xFE, 0x60, 0xFE, 0x60, 0xFE, 0x60, 0xFE,
    0x60, 0xFE, 0x60, 0xFE, 0x60, 0xFE, 0x60, 0xFE, 0x60, 0xFE, 0x60, 0xFE, 0x60, 0xFE, 0x60, 0xFE,
    0x60, 0xFE, 0x60, 0xFE, 0x60, 0xFE, 0x60, 0xFE, 0x40, 0xFE, 0xA0, 0xFE, 0x62, 0x9C, 0x82, 0x09,
    0xC3, 0x19, 0xC2, 0x11, 0x03, 0x1A, 0x44, 0x22, 0x03, 0x1A, 0xE3, 0x11, 0xE3, 0x11, 0x06, 0x2B,
    0x09, 0x44, 0x26, 0x2B, 0xA4, 0x22, 0xE6, 0x2A, 0x27, 0x2B, 0x27, 0x2B, 0x07, 0x23, 0xE7, 0x2A,
    0x69, 0x3B, 0x46, 0x22, 0xC2, 0x08, 0x61, 0x00, 0x03, 0x11, 0x23, 0x09, 0x23, 0x09, 0x23, 0x09,
    0x43, 0x09, 0x64, 0x11, 0x64, 0x09, 0x84, 0x11, 0x23, 0x09, 0xE3, 0x08, 0xC2, 0x08, 0xA2, 0x08,
    0xA2, 0x00, 0xA2, 0x00, 0x82, 0x00, 0x82, 0x00, 0x61, 0x00, 0x04, 0x1A, 0x06, 0x2B, 0xE2, 0x08,
    0xA2, 0x08, 0x61, 0x00, 0x61, 0x00, 0xA2, 0x08, 0xC2, 0x08, 0x81, 0x00, 0x21, 0x00, 0xA2, 0x08,
    0x82, 0x08, 0x41, 0x00, 0x41, 0x00, 0x21, 0x00, 0x41, 0x00, 0x41, 0x00, 0x21, 0x00, 0x82, 0x00,
    0xE3, 0x08, 0xC3, 0x08, 0xC2, 0x08, 0xC2, 0x08, 0xC3, 0x11, 0x64, 0x22, 0x23, 0x1A, 0xC3, 0x11,
    0x22, 0x09, 0x63, 0x11, 0x63, 0x11, 0x42, 0x09, 0x42, 0x09, 0xA3, 0x11, 0x03, 0x12, 0x85, 0x22,
    0x04, 0x1A, 0x63, 0x11, 0x02, 0x09, 0x23, 0x11, 0xE3, 0x08, 0x82, 0x00, 0xA2, 0x08, 0xA2, 0x00,
    0x61, 0x00, 0x41, 0x00, 0x61, 0x00, 0x61, 0x00, 0x62, 0x00, 0xA2, 0x08, 0xC3, 0x08, 0xC3, 0x08,
    0x03, 0x11, 0x44, 0x11, 0x03, 0x09, 0xC3, 0x08, 0xC2, 0x08, 0xC2, 0x08, 0xC2, 0x08, 0x82, 0x00,
    0xA2, 0x00, 0xC2, 0x08, 0x03, 0x09, 0x02, 0x09, 0x02, 0x09, 0xE3, 0x08, 0xE2, 0x08, 0xE2, 0x08,
    0x02, 0x09, 0x02, 0x09, 0x03, 0x09, 0x43, 0x11, 0x43, 0x11, 0x23, 0x09, 0xE2, 0x08, 0xE2, 0x08,
    0x03, 0x09, 0x23, 0x11, 0x43, 0x09, 0x63, 0x11, 0x43, 0x11, 0x43, 0x11, 0x63, 0x11, 0x43, 0x11,
    0x03, 0x11, 0xE2, 0x08, 0x03, 0x09, 0xE2, 0x08, 0xC2, 0x08, 0xE2, 0x08, 0xA2, 0x00, 0x61, 0x00,
    0x61, 0x00, 0x61, 0x00, 0x62, 0x00, 0x62, 0x00, 0x61, 0x00, 0x62, 0x00, 0x82, 0x00, 0x61, 0x00,
    0x82, 0x00, 0x82, 0x00, 0x82, 0x00, 0x82, 0x00, 0x82, 0x00, 0x82, 0x00, 0x62, 0x00, 0x61, 0x00,
    0x62, 0x00, 0x61, 0x00, 0x41, 0x00, 0x41, 0x00, 0x41, 0x00, 0x41, 0x00, 0x41, 0x00, 0x41, 0x00,
    0x41, 0x00, 0x41, 0x00, 0xA2, 0x08, 0x03, 0x09, 0x03, 0x09, 0x43, 0x09, 0x64, 0x11, 0x64, 0x11,
    0x84, 0x11, 0x64, 0x11, 0x64, 0x11, 0x23, 0x09, 0x23, 0x11, 0xE2, 0x08, 0xA2, 0x00, 0xA2, 0x08,
    0x40, 0x00, 0xC3, 0x08, 0x73, 0x7C, 0x3F, 0xCF, 0x7F, 0xD7, 0x1F, 0xC7, 0xFE, 0xC6, 0xFE, 0xC6,
    0x1E, 0xC7, 0x1F, 0xC7, 0x1E, 0xC7, 0x1E, 0xC7, 0x1F, 0xC7, 0x1E, 0xC7, 0x1E, 0xC7, 0x1F, 0xC7,
    0x1E, 0xC7, 0x1E, 0xC7, 0xFE, 0xC6, 0xFE, 0xC6, 0x3F, 0xCF, 0x7F, 0xD7, 0x5B, 0xAE, 0x6C, 0x53,
    0x42, 0x2A, 0x06, 0x22, 0x63, 0x11, 0x02, 0x01, 0xA2, 0x01, 0x44, 0x12, 0xE5, 0x22, 0x82, 0x11,
    0xC2, 0x08, 0x02, 0x09, 0x23, 0x11, 0x02, 0x09, 0x63, 0x09, 0x05, 0x3B, 0x40, 0xEE, 0x60, 0xFE,
    0x60, 0xFE, 0x60, 0xFE, 0x60, 0xFE, 0x60, 0xFE, 0x60, 0xFE, 0x60, 0xFE, 0x60, 0xFE, 0x60, 0xFE,
    0x60, 0xFE, 0x60, 0xFE, 0x60, 0xFE, 0x60, 0xFE, 0x60, 0xFE, 0x60, 0xFE, 0x60, 0xFE, 0x60, 0xFE,
    0x60, 0xFE, 0x60, 0xFE, 0x60, 0xFE, 0x60, 0xFE, 0x60, 0xFE, 0x60, 0xFE, 0x60, 0xFE, 0x60, 0xFE,
    0x60, 0xFE, 0x60, 0xFE, 0x60, 0xFE, 0x60, 0xFE, 0x40, 0xFE, 0x80, 0xFE, 0x41, 0xC5, 0xA1, 0x11,
    0xE3, 0x11, 0x03, 0x1A, 0x02, 0x1A, 0x43, 0x1A, 0x43, 0x1A, 0x22, 0x1A, 0x45, 0x12, 0x64, 0x12,
    0x06, 0x23, 0xC6, 0x1A, 0x44, 0x0A, 0x64, 0x12, 0xC7, 0x1A, 0x08, 0x23, 0x66, 0x22, 0x84, 0x11,
    0x22, 0x09, 0xE2, 0x08, 0xA2, 0x00, 0xA2, 0x00, 0x03, 0x09, 0x03, 0x09, 0x23, 0x09, 0x43, 0x09,
    0x43, 0x09, 0x44, 0x09, 0x43, 0x09, 0x23, 0x09, 0x22, 0x09, 0x23, 0x09, 0x43, 0x09, 0x43, 0x11,
    0x64, 0x11, 0x84, 0x11, 0x03, 0x09, 0xE2, 0x00, 0xC2, 0x00, 0x42, 0x09, 0x66, 0x2A, 0x81, 0x00,
    0x21, 0x00, 0xA2, 0x08, 0x03, 0x11, 0xC2, 0x08, 0xE2, 0x08, 0x02, 0x09, 0x24, 0x11, 0xC2, 0x08,
    0xE3, 0x10, 0xA2, 0x08, 0xC2, 0x08, 0xE2, 0x08, 0x40, 0x00, 0x21, 0x00, 0x21, 0x00, 0x62, 0x00,
    0xC3, 0x08, 0xC3, 0x08, 0x03, 0x11, 0x23, 0x11, 0x43, 0x11, 0x24, 0x1A, 0x24, 0x22, 0x22, 0x09,
    0x42, 0x00, 0x82, 0x00, 0xA2, 0x00, 0x82, 0x00, 0x82, 0x00, 0x03, 0x09, 0x62, 0x09, 0x82, 0x09,
    0xA3, 0x11, 0xA4, 0x19, 0xC2, 0x08, 0xE3, 0x08, 0xC3, 0x08, 0x62, 0x00, 0x82, 0x08, 0xA3, 0x08,
    0x61, 0x00, 0x41, 0x00, 0x61, 0x00, 0x41, 0x00, 0x61, 0x00, 0xA2, 0x08, 0xA2, 0x00, 0xE3, 0x08,
    0xE3, 0x08, 0xE3, 0x08, 0xE3, 0x08, 0xC3, 0x08, 0xC2, 0x08, 0xC2, 0x08, 0xC2, 0x08, 0x82, 0x00,
    0xE3, 0x08, 0xE3, 0x08, 0x23, 0x11, 0x43, 0x09, 0x23, 0x09, 0x03, 0x09, 0x03, 0x09, 0x02, 0x09,
    0x03, 0x09, 0x03, 0x09, 0x02, 0x09, 0x23, 0x09, 0x23, 0x09, 0xA1, 0x00, 0x61, 0x00, 0x81, 0x08,
    0xC2, 0x08, 0xE2, 0x08, 0xE2, 0x08, 0xE2, 0x08, 0xE2, 0x08, 0xE2, 0x08, 0xE2, 0x08, 0xC2, 0x08,
    0xC2, 0x08, 0xC2, 0x08, 0xE2, 0x08, 0xC2, 0x08, 0xA1, 0x00, 0xE2, 0x08, 0xE2, 0x08, 0x82, 0x00,
    0x82, 0x00, 0x62, 0x00, 0x62, 0x00, 0x62, 0x00, 0x61, 0x00, 0x82, 0x00, 0x82, 0x00, 0x82, 0x00,
    0x82, 0x00, 0x82, 0x00, 0x82, 0x00, 0x82, 0x00, 0x82, 0x00, 0x82, 0x00, 0x82, 0x00, 0x82, 0x00,
    0x61, 0x00, 0x41, 0x00, 0x41, 0x00, 0x41, 0x00, 0x41, 0x00, 0x41, 0x00, 0x41, 0x00, 0x41, 0x00,
    0x41, 0x00, 0x41, 0x00, 0xA2, 0x00, 0xC2, 0x08, 0xE3, 0x10, 0x23, 0x11, 0x03, 0x09, 0xE2, 0x08,
    0xE2, 0x08, 0xC2, 0x00, 0xA2, 0x00, 0x81, 0x00, 0x82, 0x00, 0x81, 0x00, 0xC2, 0x08, 0x20, 0x00,
    0xE8, 0x29, 0x5B, 0xB6, 0x9F, 0xD7, 0xFE, 0xC6, 0xFE, 0xC6, 0x1E, 0xC7, 0x1E, 0xC7, 0x1E, 0xC7,
    0x1E, 0xC7, 0x1E, 0xC7, 0x1E, 0xC7, 0x1E, 0xC7, 0x1E, 0xC7, 0x1E, 0xC7, 0x1E, 0xC7, 0x1E, 0xC7,
    0x1E, 0xC7, 0x1E, 0xC7, 0x1E, 0xC7, 0x1E, 0xC7, 0xFE, 0xC6, 0xFE, 0xC6, 0x3F, 0xCF, 0x5F, 0xCF,
    0x12, 0x85, 0xA4, 0x6B, 0xC6, 0xAC, 0x22, 0x6B, 0xC2, 0x5A, 0x21, 0x63, 0xC2, 0x63, 0xC3, 0x32,
    0xE3, 0x00, 0xE2, 0x10, 0xE2, 0x08, 0x02, 0x09, 0x03, 0x01, 0x62, 0x42, 0x80, 0xFE, 0x40, 0xFE,
    0x60, 0xFE, 0x60, 0xFE, 0x60, 0xFE, 0x60, 0xFE, 0x60, 0xFE, 0x60, 0xFE, 0x60, 0xFE, 0x60, 0xFE,
    0x60, 0xFE, 0x60, 0xFE, 0x60, 0xFE, 0x60, 0xFE, 0x60, 0xFE, 0x60, 0xFE, 0x60, 0xFE, 0x60, 0xFE,
    0x60, 0xFE, 0x60, 0xFE, 0x60, 0xFE, 0x60, 0xFE, 0x60, 0xFE, 0x60, 0xFE, 0x60, 0xFE, 0x60, 0xFE,
    0x60, 0xFE, 0x60, 0xFE, 0x60, 0xFE, 0x60, 0xFE, 0x40, 0xFE, 0x80, 0xFE, 0xE2, 0xE5, 0x22, 0x22,
    0x02, 0x12, 0x22, 0x1A, 0x02, 0x1A, 0x43, 0x1A, 0x43, 0x12, 0x63, 0x2A, 0xC2, 0x63, 0x03, 0x6C,
    0xA3, 0x6B, 0x42, 0x63, 0x43, 0x63, 0x63, 0x63, 0x63, 0x63, 0x42, 0x42, 0x82, 0x00, 0x82, 0x00,
    0x82, 0x00, 0xA2, 0x08, 0xE3, 0x08, 0x24, 0x09, 0x23, 0x09, 0x23, 0x09, 0x23, 0x09, 0x23, 0x09,
    0x03, 0x09, 0xE3, 0x08, 0x02, 0x09, 0x22, 0x09, 0x43, 0x11, 0x84, 0x11, 0x63, 0x11, 0x63, 0x11,
    0x63, 0x11, 0x43, 0x11, 0x43, 0x09, 0x63, 0x09, 0x84, 0x11, 0xC4, 0x11, 0xE4, 0x19, 0x23, 0x11,
    0x82, 0x00, 0xA2, 0x08, 0xE3, 0x08, 0x82, 0x00, 0xC2, 0x08, 0xE3, 0x08, 0xE3, 0x10, 0xC2, 0x08,
    0x82, 0x08, 0xE2, 0x08, 0x22, 0x09, 0x63, 0x11, 0x02, 0x09, 0x21, 0x00, 0x41, 0x00, 0x61, 0x00,
    0x61, 0x00, 0xA2, 0x08, 0x02, 0x09, 0xE2, 0x08, 0xC2, 0x00, 0xE2, 0x08, 0x02, 0x09, 0xA2, 0x08,
    0x62, 0x00, 0xC2, 0x08, 0xC2, 0x08, 0xC2, 0x08, 0xC2, 0x08, 0xC2, 0x08, 0x22, 0x09, 0xA3, 0x11,
    0xC3, 0x11, 0xA3, 0x11, 0xA1, 0x08, 0xA2, 0x00, 0xC2, 0x08, 0x41, 0x00, 0xA3, 0x08, 0xA3, 0x08,
    0x41, 0x00, 0x62, 0x00, 0x62, 0x00, 0x61, 0x00, 0xC3, 0x08, 0x03, 0x09, 0xE2, 0x08, 0xC2, 0x08,
    0xE2, 0x08, 0xE2, 0x08, 0xC3, 0x08, 0xE3, 0x08, 0xC3, 0x08, 0xC2, 0x08, 0xC2, 0x08, 0x82, 0x00,
    0xE2, 0x08, 0xE2, 0x08, 0x03, 0x09, 0x63, 0x11, 0x43, 0x09, 0x22, 0x09, 0x23, 0x09, 0x22, 0x09,
    0x23, 0x09, 0x23, 0x09, 0x23, 0x09, 0x02, 0x09, 0x23, 0x09, 0xA2, 0x08, 0x21, 0x00, 0x21, 0x00,
    0x41, 0x00, 0x41, 0x00, 0x82, 0x08, 0xA2, 0x08, 0xA2, 0x08, 0xA2, 0x08, 0xC2, 0x08, 0xC2, 0x08,
    0xC2, 0x08, 0xC2, 0x08, 0xE2, 0x08, 0xE3, 0x08, 0xA2, 0x00, 0xC2, 0x08, 0x03, 0x09, 0xA2, 0x00,
    0x82, 0x00, 0x82, 0x00, 0x82, 0x00, 0x82, 0x00, 0x82, 0x00, 0x82, 0x00, 0x82, 0x00, 0x82, 0x00,
    0x82, 0x00, 0x82, 0x00, 0x82, 0x00, 0x82, 0x00, 0x82, 0x00, 0x82, 0x00, 0x82, 0x00, 0x82, 0x08,
    0x82, 0x08, 0x62, 0x00, 0x41, 0x00, 0x41, 0x00, 0x41, 0x00, 0x41, 0x00, 0x41, 0x00, 0x41, 0x00,
    0x41, 0x00, 0x41, 0x00, 0x41, 0x00, 0x41, 0x00, 0x61, 0x00, 0x81, 0x00, 0xA1, 0x08, 0x82, 0x08,
    0x81, 0x00, 0x81, 0x00, 0x82, 0x00, 0x82, 0x08, 0xA2, 0x08, 0xA2, 0x08, 0x40, 0x00, 0x8B, 0x42,
    0x1E, 0xC7, 0x5F, 0xCF, 0xFE, 0xC6, 0x1E, 0xC7, 0x1E, 0xC7, 0x1E, 0xC7, 0x1E, 0xC7, 0x1E, 0xC7,
    0x1E, 0xC7, 0x1E, 0xC7, 0x1E, 0xC7, 0x1E, 0xC7, 0x1E, 0xC7, 0x1E, 0xC7, 0x1E, 0xC7, 0x1E, 0xC7,
    0x1E, 0xC7, 0x1E, 0xC7, 0x1E, 0xC7, 0x1E, 0xC7, 0x1E, 0xC7, 0x1E, 0xC7, 0xFE, 0xC6, 0xFE, 0xC6,
    0x5F, 0xD7, 0x13, 0xE7, 0x81, 0xFE, 0xC0, 0xFE, 0xA1, 0xFE, 0xA0, 0xFE, 0x81, 0xFE, 0x43, 0xC5,
    0x41, 0x11, 0xA2, 0x00, 0x03, 0x09, 0x23, 0x11, 0xA2, 0x00, 0x61, 0x52, 0x80, 0xFE, 0x40, 0xFE,
    0x60, 0xFE, 0x60, 0xFE, 0x60, 0xFE, 0x60, 0xFE, 0x60, 0xFE, 0x60, 0xFE, 0x60, 0xFE, 0x60, 0xFE,
    0x60, 0xFE, 0x60, 0xFE, 0x60, 0xFE, 0x60, 0xFE, 0x60, 0xFE, 0x60, 0xFE, 0x60, 0xFE, 0x60, 0xFE,
    0x60, 0xFE, 0x60, 0xFE, 0x60, 0xFE, 0x60, 0xFE, 0x60, 0xFE, 0x60, 0xFE, 0x60, 0xFE, 0x60, 0xFE,
    0x60, 0xFE, 0x60, 0xFE, 0x60, 0xFE, 0x60, 0xFE, 0x40, 0xFE, 0x60, 0xFE, 0x20, 0xF6, 0x83, 0x3A,
    0x02, 0x12, 0x43, 0x22, 0x23, 0x1A, 0x02, 0x12, 0xE2, 0x4A, 0x02, 0xDE, 0xA0, 0xFE, 0x80, 0xFE,
    0xA0, 0xFE, 0xA0, 0xFE, 0xA0, 0xFE, 0xA0, 0xFE, 0x80, 0xFE, 0xA1, 0xFE, 0x23, 0x9C, 0xA1, 0x08,
    0xC3, 0x08, 0xA2, 0x00, 0xC2, 0x08, 0x03, 0x09, 0x23, 0x09, 0x64, 0x11, 0x43, 0x09, 0x23, 0x09,
    0x23, 0x11, 0x02, 0x09, 0x43, 0x11, 0x64, 0x19, 0x43, 0x11, 0x43, 0x09, 0x23, 0x09, 0x43, 0x09,
    0x43, 0x11, 0x64, 0x11, 0x43, 0x09, 0xA4, 0x11, 0xE5, 0x19, 0xE4, 0x11, 0xA4, 0x11, 0xA4, 0x11,
    0x84, 0x11, 0xC5, 0x21, 0x84, 0x19, 0x45, 0x32, 0x65, 0x3A, 0x84, 0x29, 0x82, 0x08, 0x21, 0x00,
    0x21, 0x00, 0x81, 0x00, 0x05, 0x22, 0xE4, 0x19, 0x43, 0x11, 0xC1, 0x08, 0x23, 0x11, 0xE2, 0x10,
    0xC2, 0x08, 0xC2, 0x08, 0x02, 0x09, 0x22, 0x11, 0x43, 0x11, 0xE3, 0x08, 0x41, 0x00, 0x21, 0x00,
    0x82, 0x08, 0xE3, 0x08, 0xC2, 0x08, 0xE3, 0x08, 0xC2, 0x08, 0xC2, 0x08, 0xE2, 0x08, 0x63, 0x11,
    0xE3, 0x11, 0xE4, 0x19, 0xC1, 0x08, 0x81, 0x00, 0x61, 0x00, 0x61, 0x00, 0xE3, 0x08, 0x82, 0x00,
    0x41, 0x00, 0x62, 0x00, 0x62, 0x00, 0x62, 0x00, 0x04, 0x11, 0x44, 0x09, 0x64, 0x11, 0x23, 0x09,
    0x03, 0x09, 0xE3, 0x08, 0xE3, 0x08, 0xE3, 0x08, 0xE3, 0x08, 0xC2, 0x08, 0xA2, 0x08, 0x82, 0x00,
    0xE2, 0x08, 0xE2, 0x08, 0xC2, 0x00, 0x02, 0x09, 0x63, 0x11, 0x63, 0x11, 0x43, 0x09, 0x43, 0x09,
    0x43, 0x09, 0x43, 0x09, 0x23, 0x09, 0x23, 0x09, 0x23, 0x11, 0xA2, 0x08, 0x21, 0x00, 0x41, 0x00,
    0x41, 0x00, 0x41, 0x00, 0x41, 0x00, 0x62, 0x00, 0xA2, 0x00, 0xC2, 0x08, 0xE2, 0x08, 0xE2, 0x08,
    0xE3, 0x08, 0xC2, 0x08, 0xC2, 0x08, 0xE2, 0x08, 0xE2, 0x08, 0xA2, 0x00, 0xC2, 0x08, 0xC3, 0x08,
    0xA2, 0x00, 0x82, 0x00, 0xA2, 0x00, 0xA2, 0x00, 0xA2, 0x00, 0x82, 0x00, 0x82, 0x00, 0x82, 0x00,
    0x82, 0x00, 0x82, 0x00, 0x82, 0x00, 0x82, 0x00, 0x82, 0x00, 0xA2, 0x08, 0x82, 0x00, 0xA2, 0x08,
    0xA2, 0x08, 0x82, 0x00, 0x61, 0x00, 0x41, 0x00, 0x41, 0x00, 0x41, 0x00, 0x41, 0x00, 0x41, 0x00,
    0x41, 0x00, 0x41, 0x00, 0x41, 0x00, 0x41, 0x00, 0x41, 0x00, 0x41, 0x00, 0x82, 0x00, 0xA2, 0x08,
    0xA2, 0x08, 0xA2, 0x08, 0xA2, 0x08, 0x82, 0x08, 0xA2, 0x08, 0x41, 0x00, 0x6B, 0x3A, 0x3F, 0xCF,
    0x3F, 0xCF, 0xFE, 0xC6, 0x1E, 0xC7, 0x1E, 0xC7, 0x1E, 0xC7, 0x1E, 0xC7, 0x1E, 0xC7, 0x1E, 0xC7,
    0x1E, 0xC7, 0x1E, 0xC7, 0x1E, 0xC7, 0x1E, 0xC7, 0x1E, 0xC7, 0x1E, 0xC7, 0x1E, 0xC7, 0x1E, 0xC7,
    0x1E, 0xC7, 0x1E, 0xC7, 0x1E, 0xC7, 0x1E, 0xC7, 0x1E, 0xC7, 0x1E, 0xC7, 0x1F, 0xC7, 0x1E, 0xC7,
    0x1E, 0xC7, 0x1F, 0xC7, 0xB4, 0xDE, 0x41, 0xFE, 0x40, 0xFE, 0x40, 0xFE, 0x20, 0xF6, 0xC1, 0xFE,
    0x42, 0x6B, 0x82, 0x00, 0x02, 0x11, 0xE3, 0x08, 0x82, 0x00, 0x02, 0x63, 0xA0, 0xFE, 0x40, 0xFE,
    0x60, 0xFE, 0x40, 0xFE, 0x40, 0xFE, 0x60, 0xFE, 0x60, 0xFE, 0x60, 0xFE, 0x60, 0xFE, 0x60, 0xFE,
    0x60, 0xFE, 0x60, 0xFE, 0x60, 0xFE, 0x60, 0xFE, 0x60, 0xFE, 0x60, 0xFE, 0x60, 0xFE, 0x60, 0xFE,
    0x60, 0xFE, 0x60, 0xFE, 0x60, 0xFE, 0x60, 0xFE, 0x60, 0xFE, 0x60, 0xFE, 0x60, 0xFE, 0x60, 0xFE,
    0x60, 0xFE, 0x60, 0xFE, 0x60, 0xFE, 0x60, 0xFE, 0x60, 0xFE, 0x60, 0xFE, 0x40, 0xFE, 0x02, 0x32,
    0x03, 0x1A, 0x42, 0x1A, 0x43, 0x1A, 0xC2, 0x11, 0xE1, 0xAC, 0xA0, 0xFE, 0x20, 0xF6, 0x40, 0xFE,
    0x40, 0xFE, 0x40, 0xFE, 0x40, 0xFE, 0x40, 0xFE, 0x60, 0xF6, 0x40, 0xFE, 0xC1, 0xFE, 0x22, 0x42,
    0x82, 0x00, 0xE3, 0x08, 0xC2, 0x08, 0xC2, 0x08, 0xC2, 0x08, 0xC2, 0x08, 0x02, 0x09, 0x23, 0x09,
    0x83, 0x11, 0x83, 0x11, 0x42, 0x11, 0x43, 0x11, 0x43, 0x11, 0x23, 0x11, 0x43, 0x11, 0x43, 0x11,
    0x43, 0x11, 0x63, 0x09, 0x63, 0x09, 0x63, 0x11, 0x63, 0x11, 0x83, 0x11, 0xA4, 0x11, 0xA4, 0x11,
    0xE5, 0x19, 0x66, 0x2A, 0x28, 0x3B, 0xE7, 0x3A, 0x44, 0x32, 0x07, 0x6C, 0x44, 0x32, 0xA1, 0x08,
    0x41, 0x00, 0x21, 0x00, 0x63, 0x11, 0x64, 0x22, 0x62, 0x09, 0x82, 0x19, 0x83, 0x19, 0x63, 0x21,
    0xC2, 0x10, 0x61, 0x00, 0x43, 0x11, 0x62, 0x11, 0x42, 0x09, 0x63, 0x11, 0xC2, 0x08, 0x21, 0x00,
    0xA2, 0x08, 0xE3, 0x08, 0xE3, 0x08, 0xE3, 0x08, 0xE2, 0x08, 0x03, 0x09, 0x03, 0x09, 0x22, 0x09,
    0x65, 0x22, 0x25, 0x1A, 0x81, 0x00, 0x82, 0x08, 0x61, 0x00, 0x61, 0x00, 0xE3, 0x08, 0x82, 0x00,
    0x41, 0x00, 0x41, 0x00, 0x61, 0x00, 0x62, 0x00, 0x44, 0x11, 0x23, 0x09, 0x64, 0x09, 0x84, 0x11,
    0x03, 0x09, 0xC2, 0x00, 0x03, 0x09, 0x03, 0x09, 0x03, 0x09, 0xC2, 0x08, 0x82, 0x08, 0x82, 0x08,
    0x03, 0x09, 0x23, 0x11, 0x23, 0x11, 0x02, 0x09, 0x02, 0x09, 0x43, 0x11, 0x63, 0x11, 0x63, 0x11,
    0x63, 0x11, 0x63, 0x11, 0x43, 0x11, 0x22, 0x09, 0x23, 0x09, 0xE2, 0x08, 0x41, 0x00, 0x41, 0x00,
    0x41, 0x00, 0x41, 0x00, 0x41, 0x00, 0x41, 0x00, 0x41, 0x00, 0x82, 0x00, 0xA2, 0x08, 0xA2, 0x08,
    0xC2, 0x08, 0xC2, 0x08, 0xC3, 0x08, 0xC2, 0x08, 0xE2, 0x08, 0xC2, 0x08, 0xA2, 0x00, 0x03, 0x09,
    0xC3, 0x08, 0xA2, 0x00, 0xA2, 0x00, 0xA2, 0x08, 0x82, 0x00, 0x82, 0x00, 0xA2, 0x00, 0xA2, 0x00,
    0xA2, 0x00, 0xA2, 0x00, 0xA2, 0x00, 0xA2, 0x00, 0xA2, 0x00, 0xA2, 0x08, 0x82, 0x00, 0xA2, 0x08,
    0x82, 0x08, 0x82, 0x08, 0x82, 0x00, 0x41, 0x00, 0x41, 0x00, 0x41, 0x00, 0x41, 0x00, 0x41, 0x00,
    0x41, 0x00, 0x41, 0x00, 0x41, 0x00, 0x41, 0x00, 0x41, 0x00, 0x41, 0x00, 0x61, 0x00, 0xE3, 0x08,
    0xC2, 0x08, 0xC2, 0x08, 0xC3, 0x08, 0xC3, 0x08, 0x61, 0x00, 0xA7, 0x21, 0xDD, 0xC6, 0x3F, 0xCF,
    0xFE, 0xC6, 0x1E, 0xC7, 0x1E, 0xC7, 0x1E, 0xC7, 0x1E, 0xC7, 0x1E, 0xC7, 0x1E, 0xC7, 0x1E, 0xC7,
    0x1E, 0xC7, 0x1E, 0xC7, 0x1E, 0xC7, 0x1E, 0xC7, 0x1E, 0xC7, 0x1E, 0xC7, 0x1E, 0xC7, 0x1E, 0xC7,
    0x1E, 0xC7, 0x1E, 0xC7, 0x1E, 0xC7, 0x1E, 0xC7, 0x1E, 0xC7, 0x1E, 0xC7, 0x1E, 0xC7, 0xFF, 0xC6,
    0x1E, 0xC7, 0xFE, 0xC6, 0x1F, 0xC7, 0xB1, 0xE6, 0x40, 0xFE, 0x60, 0xFE, 0x60, 0xFE, 0xE1, 0xFE,
    0x63, 0x63, 0xE3, 0x00, 0xC2, 0x00, 0xA1, 0x00, 0x62, 0x09, 0x43, 0x74, 0x80, 0xFE, 0x40, 0xFE,
    0x60, 0xFE, 0x60, 0xFE, 0x60, 0xFE, 0x60, 0xFE, 0x60, 0xFE, 0x60, 0xFE, 0x60, 0xFE, 0x60, 0xFE,
    0x60, 0xFE, 0x60, 0xFE, 0x60, 0xFE, 0x60, 0xFE, 0x60, 0xFE, 0x60, 0xFE, 0x60, 0xFE, 0x60, 0xFE,
    0x60, 0xFE, 0x60, 0xFE, 0x60, 0xFE, 0x60, 0xFE, 0x60, 0xFE, 0x60, 0xFE, 0x60, 0xFE, 0x60, 0xFE,
    0x60, 0xFE, 0x60, 0xFE, 0x60, 0xFE, 0x60, 0xFE, 0x40, 0xFE, 0x60, 0xFE, 0x41, 0xFE, 0x41, 0x21,
    0x02, 0x09, 0x23, 0x22, 0x42, 0x1A, 0xC1, 0x11, 0x42, 0x94, 0xE0, 0xFE, 0x60, 0xFE, 0x60, 0xFE,
    0x60, 0xFE, 0x60, 0xFE, 0x60, 0xFE, 0x80, 0xFE, 0x60, 0xFE, 0x80, 0xFE, 0x62, 0xFE, 0x81, 0x31,
    0x81, 0x00, 0xA2, 0x08, 0xA2, 0x00, 0x03, 0x09, 0x03, 0x09, 0xE2, 0x08, 0x02, 0x09, 0x02, 0x09,
    0x83, 0x11, 0xE3, 0x19, 0xC3, 0x11, 0xE3, 0x11, 0x83, 0x11, 0x23, 0x09, 0x43, 0x09, 0x42, 0x09,
    0x43, 0x09, 0x63, 0x11, 0x84, 0x11, 0x84, 0x11, 0x84, 0x11, 0xA4, 0x19, 0xC4, 0x19, 0xC4, 0x19,
    0xC4, 0x11, 0x83, 0x11, 0xA3, 0x11, 0x42, 0x09, 0xE4, 0x29, 0xA6, 0x5B, 0x45, 0x43, 0xA4, 0x2A,
    0xC3, 0x19, 0x22, 0x09, 0x23, 0x1A, 0xE4, 0x22, 0x22, 0x1A, 0xC2, 0x11, 0xA3, 0x19, 0x83, 0x21,
    0x63, 0x21, 0x81, 0x00, 0x22, 0x11, 0xE4, 0x19, 0x42, 0x09, 0x63, 0x11, 0x43, 0x11, 0x61, 0x00,
    0x82, 0x00, 0x03, 0x09, 0x02, 0x09, 0x03, 0x09, 0xE2, 0x08, 0x03, 0x09, 0x43, 0x09, 0x02, 0x09,
    0x66, 0x22, 0xE5, 0x19, 0x81, 0x00, 0xC2, 0x08, 0x82, 0x00, 0x61, 0x00, 0xC3, 0x08, 0xA2, 0x08,
    0x61, 0x00, 0x61, 0x00, 0x41, 0x00, 0x62, 0x00, 0x64, 0x11, 0xA4, 0x11, 0x44, 0x09, 0x03, 0x09,
    0xE2, 0x08, 0xE2, 0x08, 0x03, 0x09, 0x03, 0x09, 0x44, 0x11, 0x03, 0x11, 0x82, 0x08, 0x82, 0x08,
    0x02, 0x09, 0x02, 0x09, 0x23, 0x09, 0x64, 0x11, 0x03, 0x09, 0x62, 0x00, 0xA2, 0x08, 0xE2, 0x08,
    0x43, 0x11, 0x63, 0x11, 0x43, 0x11, 0x43, 0x11, 0x43, 0x09, 0x23, 0x09, 0x61, 0x00, 0x42, 0x00,
    0x41, 0x00, 0x41, 0x00, 0x41, 0x00, 0x41, 0x00, 0x41, 0x00, 0x21, 0x00, 0x21, 0x00, 0x21, 0x00,
    0x41, 0x00, 0x61, 0x00, 0x82, 0x00, 0xA2, 0x08, 0xA2, 0x08, 0xC2, 0x08, 0xA2, 0x08, 0xE3, 0x08,
    0x03, 0x09, 0xC2, 0x08, 0x82, 0x00, 0xA2, 0x08, 0xA2, 0x08, 0xA2, 0x08, 0xA2, 0x08, 0xA2, 0x00,
    0xA2, 0x00, 0x82, 0x00, 0xA2, 0x08, 0xA2, 0x00, 0xA2, 0x00, 0x82, 0x00, 0xA2, 0x08, 0xA2, 0x08,
    0xA2, 0x08, 0x82, 0x00, 0x82, 0x00, 0x62, 0x00, 0x41, 0x00, 0x41, 0x00, 0x41, 0x00, 0x41, 0x00,
    0x41, 0x00, 0x41, 0x00, 0x41, 0x00, 0x41, 0x00, 0x41, 0x00, 0x41, 0x00, 0x61, 0x00, 0xC3, 0x08,
    0xE3, 0x08, 0x03, 0x09, 0x23, 0x09, 0xE2, 0x08, 0xC3, 0x08, 0xF9, 0xA5, 0x5F, 0xD7, 0xFE, 0xC6,
    0x1E, 0xC7, 0x1E, 0xC7, 0x1E, 0xC7, 0x1E, 0xC7, 0x1E, 0xC7, 0x1E, 0xC7, 0x1E, 0xC7, 0x1E, 0xC7,
    0x1E, 0xC7, 0x1E, 0xC7, 0x1E, 0xC7, 0x1E, 0xC7, 0x1E, 0xC7, 0x1E, 0xC7, 0x1E, 0xC7, 0x1E, 0xC7,
    0x1E, 0xC7, 0x1E, 0xC7, 0x1E, 0xC7, 0x1E, 0xC7, 0x1E, 0xC7, 0x1E, 0xC7, 0x1E, 0xC7, 0x1E, 0xC7,
    0x1E, 0xC7, 0x1E, 0xC7, 0xFF, 0xC6, 0x1F, 0xCF, 0x8B, 0xE6, 0x00, 0xF6, 0xE1, 0xDD, 0x20, 0x7C,
    0xA2, 0x09, 0x03, 0x01, 0x45, 0x11, 0x06, 0x22, 0x88, 0x43, 0x05, 0x74, 0x83, 0xFE, 0x60, 0xFE,
    0x40, 0xFE, 0x40, 0xFE, 0x40, 0xFE, 0x60, 0xFE, 0x60, 0xFE, 0x60, 0xFE, 0x60, 0xFE, 0x60, 0xFE,
    0x60, 0xFE, 0x60, 0xFE, 0x60, 0xFE, 0x60, 0xFE, 0x60, 0xFE, 0x60, 0xFE, 0x60, 0xFE, 0x60, 0xFE,
    0x60, 0xFE, 0x60, 0xFE, 0x60, 0xFE, 0x60, 0xFE, 0x60, 0xFE, 0x60, 0xFE, 0x60, 0xFE, 0x60, 0xFE,
    0x60, 0xFE, 0x60, 0xFE, 0x60, 0xFE, 0x60, 0xFE, 0x40, 0xFE, 0x60, 0xFE, 0x01, 0xF6, 0x02, 0x19,
    0xA2, 0x00, 0x43, 0x09, 0x04, 0x1A, 0x42, 0x1A, 0x41, 0x2A, 0xE2, 0xAC, 0x21, 0xEE, 0x40, 0xF6,
    0x21, 0xF6, 0x21, 0xF6, 0x21, 0xF6, 0x21, 0xF6, 0x21, 0xF6, 0xA2, 0xD5, 0xC2, 0x5A, 0x82, 0x00,
    0xC2, 0x08, 0xA2, 0x08, 0x81, 0x00, 0xE2, 0x08, 0x44, 0x11, 0xE2, 0x08, 0xE2, 0x08, 0x02, 0x09,
    0xC3, 0x19, 0xE3, 0x19, 0xE2, 0x19, 0x02, 0x1A, 0x43, 0x1A, 0xA2, 0x11, 0xA4, 0x11, 0xA4, 0x11,
    0x84, 0x11, 0x84, 0x11, 0x83, 0x11, 0xA4, 0x11, 0x83, 0x11, 0x43, 0x09, 0x84, 0x11, 0xA4, 0x11,
    0xE5, 0x11, 0xE4, 0x19, 0xE4, 0x19, 0xE4, 0x19, 0x63, 0x09, 0x43, 0x22, 0x07, 0x5C, 0xE3, 0x2A,
    0xA4, 0x2A, 0x43, 0x1A, 0x83, 0x1A, 0xE4, 0x22, 0xC4, 0x2A, 0x83, 0x22, 0x83, 0x2A, 0xA3, 0x21,
    0x42, 0x11, 0xC3, 0x19, 0xE3, 0x19, 0x84, 0x22, 0xA2, 0x09, 0xC3, 0x11, 0xE3, 0x11, 0x83, 0x11,
    0xE2, 0x08, 0x23, 0x09, 0x23, 0x09, 0x03, 0x09, 0x02, 0x09, 0x23, 0x09, 0x44, 0x11, 0xC2, 0x08,
    0x23, 0x09, 0x23, 0x09, 0xA2, 0x08, 0xC2, 0x08, 0x82, 0x00, 0x41, 0x00, 0x62, 0x00, 0x82, 0x08,
    0x62, 0x00, 0x41, 0x00, 0x41, 0x00, 0x41, 0x00, 0x64, 0x11, 0x27, 0x1A, 0xA5, 0x11, 0x03, 0x09,
    0x03, 0x09, 0x23, 0x09, 0x44, 0x11, 0x44, 0x11, 0x23, 0x09, 0xC2, 0x08, 0x82, 0x08, 0x82, 0x08,
    0x84, 0x11, 0x43, 0x11, 0x02, 0x09, 0x23, 0x09, 0x03, 0x11, 0x61, 0x00, 0x41, 0x00, 0x41, 0x00,
    0x61, 0x00, 0x81, 0x00, 0x81, 0x00, 0xC2, 0x08, 0x23, 0x11, 0xA4, 0x19, 0xA2, 0x00, 0x42, 0x00,
    0x42, 0x00, 0x41, 0x00, 0x41, 0x00, 0x41, 0x00, 0x41, 0x00, 0x41, 0x00, 0x41, 0x00, 0x41, 0x00,
    0x21, 0x00, 0x41, 0x00, 0x41, 0x00, 0x41, 0x00, 0x41, 0x00, 0x41, 0x00, 0x82, 0x08, 0xC2, 0x08,
    0xA2, 0x00, 0xC3, 0x08, 0xA2, 0x08, 0xA2, 0x08, 0xA2, 0x08, 0x82, 0x00, 0xA2, 0x00, 0xA2, 0x00,
    0xA2, 0x08, 0xA2, 0x00, 0xA2, 0x00, 0x82, 0x00, 0xA2, 0x08, 0x82, 0x00, 0xC3, 0x08, 0xA2, 0x08,
    0xA2, 0x08, 0x82, 0x00, 0x82, 0x00, 0x82, 0x08, 0x41, 0x00, 0x41, 0x00, 0x41, 0x00, 0x41, 0x00,
    0x41, 0x00, 0x41, 0x00, 0x41, 0x00, 0x41, 0x00, 0x41, 0x00, 0x61, 0x00, 0x82, 0x00, 0xE3, 0x08,
    0x64, 0x09, 0x44, 0x09, 0x23, 0x11, 0x41, 0x00, 0xF1, 0x6B, 0x9F, 0xD7, 0xFE, 0xC6, 0x1E, 0xC7,
    0x1E, 0xC7, 0x1E, 0xC7, 0x1E, 0xC7, 0x1E, 0xC7, 0x1E, 0xC7, 0x1E, 0xC7, 0x1E, 0xC7, 0x1E, 0xC7,
    0x1E, 0xC7, 0x1E, 0xC7, 0x1E, 0xC7, 0x1E, 0xC7, 0x1E, 0xC7, 0x1E, 0xC7, 0x1E, 0xC7, 0x1E, 0xC7,
    0x1E, 0xC7, 0x1E, 0xC7, 0x1E, 0xC7, 0x1E, 0xC7, 0x1E, 0xC7, 0x1E, 0xC7, 0x1E, 0xC7, 0x1E, 0xC7,
    0x1E, 0xC7, 0x1E, 0xC7, 0x1E, 0xC7, 0x3E, 0xC7, 0xDD, 0xBE, 0x85, 0x3A, 0xA4, 0x32, 0xAE, 0x4B,
    0x14, 0x85, 0xF9, 0xA5, 0x9B, 0xB6, 0xFD, 0xC6, 0x1E, 0xC7, 0xFC, 0xBE, 0xFB, 0xCE, 0xD8, 0xD6,
    0xD1, 0xDE, 0x89, 0xEE, 0x61, 0xF6, 0x40, 0xFE, 0x60, 0xFE, 0x60, 0xFE, 0x60, 0xFE, 0x60, 0xFE,
    0x60, 0xFE, 0x60, 0xFE, 0x60, 0xFE, 0x60, 0xFE, 0x60, 0xFE, 0x60, 0xFE, 0x60, 0xFE, 0x60, 0xFE,
    0x60, 0xFE, 0x60, 0xFE, 0x60, 0xFE, 0x60, 0xFE, 0x60, 0xFE, 0x60, 0xFE, 0x60, 0xFE, 0x60, 0xFE,
    0x60, 0xFE, 0x60, 0xFE, 0x60, 0xFE, 0x60, 0xFE, 0x40, 0xFE, 0xA0, 0xFE, 0x82, 0xDD, 0xE2, 0x10,
    0xC3, 0x08, 0xC2, 0x08, 0x02, 0x09, 0xA3, 0x19, 0x03, 0x1A, 0x03, 0x1A, 0x04, 0x33, 0x83, 0x32,
    0x41, 0x21, 0x42, 0x21, 0x62, 0x29, 0x62, 0x21, 0x81, 0x21, 0xC2, 0x10, 0x82, 0x00, 0xE3, 0x08,
    0xC2, 0x08, 0xA2, 0x00, 0x82, 0x00, 0xA1, 0x00, 0x23, 0x11, 0x64, 0x11, 0xE2, 0x08, 0x42, 0x09,
    0x23, 0x1A, 0x23, 0x1A, 0x22, 0x1A, 0xE2, 0x11, 0xA3, 0x22, 0xC4, 0x2A, 0x04, 0x1A, 0xC4, 0x11,
    0xC4, 0x11, 0xC4, 0x11, 0x83, 0x11, 0x83, 0x11, 0x83, 0x11, 0xA4, 0x11, 0xC5, 0x19, 0xE5, 0x19,
    0x26, 0x1A, 0x46, 0x22, 0x25, 0x1A, 0xE4, 0x19, 0xA4, 0x11, 0x64, 0x22, 0x25, 0x3B, 0x43, 0x1A,
    0x84, 0x22, 0x63, 0x22, 0xE2, 0x11, 0xC2, 0x09, 0x23, 0x12, 0xC4, 0x2A, 0x05, 0x3B, 0xC3, 0x19,
    0x02, 0x09, 0xC2, 0x00, 0x42, 0x09, 0x43, 0x1A, 0xA3, 0x1A, 0x64, 0x1A, 0x64, 0x1A, 0x45, 0x22,
    0x03, 0x09, 0x03, 0x09, 0x43, 0x11, 0x64, 0x11, 0x43, 0x09, 0x43, 0x09, 0x44, 0x11, 0xC2, 0x08,
    0x61, 0x00, 0x82, 0x00, 0xA2, 0x08, 0xE3, 0x08, 0xC2, 0x08, 0x41, 0x00, 0x21, 0x00, 0x21, 0x00,
    0x41, 0x00, 0x41, 0x00, 0x61, 0x00, 0x21, 0x00, 0x44, 0x11, 0xA9, 0x2A, 0xC5, 0x19, 0x23, 0x09,
    0x64, 0x11, 0x85, 0x11, 0x64, 0x11, 0xE3, 0x08, 0x61, 0x00, 0x61, 0x00, 0x82, 0x00, 0x82, 0x00,
    0x43, 0x09, 0x63, 0x11, 0xA4, 0x19, 0x63, 0x11, 0xE2, 0x08, 0x61, 0x00, 0x41, 0x00, 0x41, 0x00,
    0x41, 0x00, 0x41, 0x00, 0x41, 0x00, 0x41, 0x00, 0x41, 0x00, 0x23, 0x11, 0xE3, 0x08, 0x41, 0x00,
    0x41, 0x00, 0x41, 0x00, 0x41, 0x00, 0x41, 0x00, 0x41, 0x00, 0x41, 0x00, 0x41, 0x00, 0x41, 0x00,
    0x21, 0x00, 0x41, 0x00, 0x41, 0x00, 0x41, 0x00, 0x41, 0x00, 0x21, 0x00, 0x41, 0x00, 0xC3, 0x08,
    0xA2, 0x08, 0xC3, 0x08, 0xE3, 0x08, 0xA2, 0x00, 0xA2, 0x08, 0xA2, 0x08, 0xC2, 0x08, 0xC2, 0x08,
    0xA2, 0x00, 0xA2, 0x00, 0xA2, 0x08, 0xA2, 0x00, 0xC2, 0x08, 0xA2, 0x00, 0xC3, 0x08, 0xA2, 0x08,
    0xC3, 0x08, 0x82, 0x00, 0xA2, 0x08, 0x82, 0x00, 0x41, 0x00, 0x41, 0x00, 0x41, 0x00, 0x41, 0x00,
    0x41, 0x00, 0x41, 0x00, 0x41, 0x00, 0x41, 0x00, 0x41, 0x00, 0x82, 0x00, 0x82, 0x08, 0x44, 0x11,
    0x85, 0x11, 0xC3, 0x08, 0x61, 0x00, 0xA7, 0x21, 0xFE, 0xC6, 0x1F, 0xC7, 0xFE, 0xC6, 0x1E, 0xC7,
    0x1E, 0xC7, 0x1E, 0xC7, 0x1E, 0xC7, 0x1E, 0xC7, 0x1E, 0xC7, 0x1E, 0xC7, 0x1E, 0xC7, 0x1E, 0xC7,
    0x1E, 0xC7, 0x1E, 0xC7, 0x1E, 0xC7, 0x1E, 0xC7, 0x1E, 0xC7, 0x1E, 0xC7, 0x1E, 0xC7, 0x1E, 0xC7,
    0x1E, 0xC7, 0x1E, 0xC7, 0x1E, 0xC7, 0x1E, 0xC7, 0x1E, 0xC7, 0x1E, 0xC7, 0x1E, 0xC7, 0x1E, 0xC7,
    0x1E, 0xC7, 0x1E, 0xC7, 0x1F, 0xC7, 0xFE, 0xCE, 0x3F, 0xCF, 0x1A, 0xA6, 0x9C, 0xB6, 0x7F, 0xD7,
    0x5F, 0xD7, 0x5F, 0xCF, 0x3F, 0xCF, 0x1F, 0xCF, 0xFF, 0xCE, 0x1F, 0xCF, 0x1F, 0xC7, 0x1F, 0xC7,
    0x1F, 0xC7, 0x1F, 0xC7, 0xF9, 0xD6, 0xAE, 0xE6, 0x62, 0xF6, 0x60, 0xFE, 0x60, 0xFE, 0x60, 0xFE,
    0x60, 0xFE, 0x60, 0xFE, 0x60, 0xFE, 0x60, 0xFE, 0x60, 0xFE, 0x60, 0xFE, 0x60, 0xFE, 0x60, 0xFE,
    0x60, 0xFE, 0x60, 0xFE, 0x60, 0xFE, 0x60, 0xFE, 0x60, 0xFE, 0x60, 0xFE, 0x60, 0xFE, 0x60, 0xFE,
    0x60, 0xFE, 0x60, 0xFE, 0x60, 0xFE, 0x60, 0xFE, 0x40, 0xFE, 0xA0, 0xFE, 0xE1, 0xB4, 0xE3, 0x08,
    0x02, 0x09, 0xC2, 0x08, 0xC2, 0x08, 0xC2, 0x08, 0x23, 0x11, 0x64, 0x22, 0x06, 0x23, 0x43, 0x09,
    0x82, 0x00, 0xA2, 0x00, 0xA3, 0x00, 0xA3, 0x00, 0xC3, 0x00, 0x02, 0x01, 0x02, 0x09, 0x02, 0x09,
    0x02, 0x09, 0xE2, 0x08, 0x82, 0x00, 0x82, 0x00, 0xA2, 0x00, 0x23, 0x11, 0xC4, 0x19, 0x83, 0x22,
    0x63, 0x1A, 0x83, 0x1A, 0x42, 0x1A, 0x62, 0x1A, 0x22, 0x12, 0xE4, 0x2A, 0xC4, 0x22, 0xC3, 0x11,
    0x83, 0x11, 0x25, 0x22, 0x66, 0x22, 0x05, 0x1A, 0xC4, 0x19, 0x83, 0x11, 0x83, 0x11, 0x83, 0x11,
    0x63, 0x11, 0x83, 0x11, 0x83, 0x11, 0x63, 0x11, 0xA3, 0x11, 0x23, 0x1A, 0x84, 0x22, 0x84, 0x22,
    0x02, 0x12, 0x83, 0x1A, 0xA4, 0x22, 0x43, 0x22, 0x02, 0x12, 0x83, 0x22, 0x08, 0x5C, 0xC4, 0x3A,
    0x21, 0x09, 0xE3, 0x08, 0x61, 0x00, 0x42, 0x09, 0x83, 0x1A, 0xE4, 0x22, 0xE5, 0x22, 0x24, 0x1A,
    0x81, 0x00, 0xE2, 0x08, 0x43, 0x11, 0x64, 0x11, 0x63, 0x11, 0x43, 0x11, 0x23, 0x09, 0x82, 0x00,
    0x62, 0x08, 0x41, 0x00, 0x41, 0x00, 0x82, 0x00, 0xA2, 0x08, 0x41, 0x00, 0x41, 0x00, 0x21, 0x00,
    0x41, 0x00, 0x41, 0x00, 0x61, 0x00, 0x20, 0x00, 0xE7, 0x21, 0x8D, 0x43, 0xE6, 0x19, 0x64, 0x09,
    0x44, 0x11, 0xE3, 0x08, 0x82, 0x00, 0x41, 0x00, 0x41, 0x00, 0x41, 0x00, 0x81, 0x00, 0x81, 0x00,
    0x83, 0x11, 0x63, 0x09, 0x63, 0x09, 0x63, 0x11, 0xA2, 0x00, 0xA2, 0x08, 0xA2, 0x08, 0x61, 0x00,
    0x41, 0x00, 0x61, 0x00, 0x41, 0x00, 0x21, 0x00, 0xE4, 0x10, 0xE3, 0x10, 0x61, 0x00, 0x41, 0x00,
    0x41, 0x00, 0x41, 0x00, 0x41, 0x00, 0x41, 0x00, 0x41, 0x00, 0x41, 0x00, 0x41, 0x00, 0x41, 0x00,
    0x41, 0x00, 0x41, 0x00, 0x41, 0x00, 0x41, 0x00, 0x41, 0x00, 0x41, 0x00, 0x41, 0x00, 0x82, 0x00,
    0xC3, 0x08, 0xA2, 0x08, 0xC3, 0x08, 0xC3, 0x08, 0xC3, 0x08, 0xA2, 0x00, 0xA2, 0x00, 0xC2, 0x08,
    0xC2, 0x08, 0xC2, 0x08, 0xA2, 0x08, 0xC2, 0x08, 0xA2, 0x08, 0xC2, 0x08, 0xC2, 0x08, 0xC2, 0x08,
    0xC3, 0x08, 0xA2, 0x08, 0xA2, 0x08, 0xA2, 0x08, 0x82, 0x08, 0x41, 0x00, 0x41, 0x00, 0x41, 0x00,
    0x41, 0x00, 0x41, 0x00, 0x41, 0x00, 0x41, 0x00, 0x82, 0x08, 0xA3, 0x08, 0xA2, 0x00, 0xE3, 0x08,
    0xE3, 0x08, 0xC3, 0x08, 0x41, 0x00, 0x93, 0x7C, 0x7F, 0xD7, 0xFE, 0xC6, 0x1E, 0xC7, 0x1E, 0xC7,
    0x1E, 0xC7, 0x1E, 0xC7, 0x1E, 0xC7, 0x1E, 0xC7, 0x1E, 0xC7, 0x1E, 0xC7, 0x1E, 0xC7, 0x1E, 0xC7,
    0x1E, 0xC7, 0x1E, 0xC7, 0x1E, 0xC7, 0x1E, 0xC7, 0x1E, 0xC7, 0x1E, 0xC7, 0x1E, 0xC7, 0x1E, 0xC7,
    0x1E, 0xC7, 0x1E, 0xC7, 0x1E, 0xC7, 0x1E, 0xC7, 0x1E, 0xC7, 0x1E, 0xC7, 0x1E, 0xC7, 0x1E, 0xC7,
    0x1E, 0xC7, 0x1E, 0xC7, 0x1E, 0xC7, 0x1E, 0xC7, 0xFE, 0xC6, 0x3F, 0xCF, 0x3F, 0xCF, 0xFE, 0xC6,
    0xFE, 0xC6, 0xFE, 0xC6, 0xFE, 0xC6, 0x1E, 0xC7, 0x1E, 0xC7, 0x1E, 0xC7, 0x1E, 0xC7, 0x1E, 0xC7,
    0xFE, 0xCE, 0xFE, 0xC6, 0x3F, 0xC7, 0x1F, 0xC7, 0x1A, 0xCF, 0x8A, 0xEE, 0x40, 0xFE, 0x60, 0xFE,
    0x60, 0xFE, 0x60, 0xFE, 0x60, 0xFE, 0x60, 0xFE, 0x60, 0xFE, 0x60, 0xFE, 0x60, 0xFE, 0x60, 0xFE,
    0x60, 0xFE, 0x60, 0xFE, 0x60, 0xFE, 0x60, 0xFE, 0x60, 0xFE, 0x60, 0xFE, 0x60, 0xFE, 0x60, 0xFE,
    0x60, 0xFE, 0x60, 0xFE, 0x60, 0xFE, 0x60, 0xFE, 0x40, 0xFE, 0xA0, 0xFE, 0xA2, 0x7B, 0xE2, 0x00,
    0x43, 0x11, 0xC2, 0x00, 0xC2, 0x08, 0xE2, 0x08, 0xA1, 0x00, 0x83, 0x11, 0x24, 0x1A, 0xE2, 0x08,
    0xE2, 0x08, 0xE2, 0x08, 0xE2, 0x08, 0xE2, 0x08, 0xE2, 0x08, 0x02, 0x09, 0x23, 0x09, 0x23, 0x09,
    0x44, 0x11, 0x44, 0x11, 0xA2, 0x08, 0x82, 0x00, 0x82, 0x08, 0x82, 0x00, 0xA3, 0x19, 0xA3, 0x1A,
    0xC4, 0x2A, 0xA3, 0x1A, 0xE3, 0x22, 0xA3, 0x22, 0x42, 0x1A, 0xC4, 0x22, 0x86, 0x33, 0x05, 0x2B,
    0x24, 0x1A, 0x62, 0x09, 0xA3, 0x11, 0x05, 0x1A, 0x66, 0x22, 0x66, 0x22, 0x05, 0x12, 0xE4, 0x11,
    0xE4, 0x19, 0xC4, 0x19, 0x83, 0x11, 0xA3, 0x11, 0xE4, 0x11, 0x24, 0x1A, 0x44, 0x1A, 0x64, 0x22,
    0x44, 0x1A, 0x44, 0x1A, 0x84, 0x22, 0xE4, 0x2A, 0x63, 0x22, 0x83, 0x2A, 0x45, 0x4B, 0xA4, 0x32,
    0x03, 0x22, 0x82, 0x11, 0xE2, 0x08, 0x43, 0x11, 0x63, 0x1A, 0x04, 0x23, 0x04, 0x23, 0xA5, 0x22,
    0x63, 0x11, 0xC2, 0x00, 0x23, 0x09, 0x64, 0x11, 0xA4, 0x11, 0x64, 0x11, 0xC2, 0x08, 0x61, 0x00,
    0x41, 0x00, 0x41, 0x00, 0x41, 0x00, 0x21, 0x00, 0x21, 0x00, 0x21, 0x00, 0x62, 0x08, 0x41, 0x00,
    0x41, 0x00, 0x41, 0x00, 0x61, 0x00, 0x00, 0x00, 0xC7, 0x21, 0xAA, 0x2A, 0x64, 0x11, 0xE2, 0x00,
    0x82, 0x00, 0x41, 0x00, 0x41, 0x00, 0x41, 0x00, 0x41, 0x00, 0x61, 0x00, 0x82, 0x00, 0x82, 0x00,
    0xA3, 0x11, 0xE4, 0x19, 0xC4, 0x11, 0xE2, 0x08, 0x61, 0x00, 0xC2, 0x08, 0x23, 0x11, 0x82, 0x00,
    0x41, 0x00, 0x41, 0x00, 0x41, 0x00, 0x41, 0x00, 0x82, 0x00, 0x62, 0x00, 0x41, 0x00, 0xA3, 0x08,
    0x61, 0x00, 0x41, 0x00, 0x41, 0x00, 0x41, 0x00, 0x41, 0x00, 0x42, 0x00, 0x42, 0x00, 0x41, 0x00,
    0x41, 0x00, 0x41, 0x00, 0x41, 0x00, 0x41, 0x00, 0x41, 0x00, 0x41, 0x00, 0x21, 0x00, 0x62, 0x00,
    0xA2, 0x08, 0xA2, 0x00, 0x82, 0x00, 0xA2, 0x08, 0xC3, 0x08, 0xE3, 0x08, 0xE3, 0x08, 0xC2, 0x08,
    0xA2, 0x00, 0xA2, 0x00, 0xA2, 0x00, 0xC2, 0x08, 0xA2, 0x00, 0xC3, 0x08, 0xA2, 0x00, 0xC3, 0x08,
    0xA2, 0x08, 0xC3, 0x08, 0xA2, 0x08, 0x82, 0x00, 0xA2, 0x00, 0x62, 0x00, 0x41, 0x00, 0x41, 0x00,
    0x41, 0x00, 0x41, 0x00, 0x41, 0x00, 0x62, 0x00, 0xA3, 0x08, 0xC3, 0x08, 0xE3, 0x08, 0xA2, 0x00,
    0xE3, 0x08, 0xC2, 0x00, 0x66, 0x19, 0xBD, 0xBE, 0x1F, 0xCF, 0x1E, 0xC7, 0x1E, 0xC7, 0x1E, 0xC7,
    0x1E, 0xC7, 0x1E, 0xC7, 0x1E, 0xC7, 0x1E, 0xC7, 0x1E, 0xC7, 0x1E, 0xC7, 0x1E, 0xC7, 0x1E, 0xC7,
    0x1E, 0xC7, 0x1E, 0xC7, 0x1E, 0xC7, 0x1E, 0xC7, 0x1E, 0xC7, 0x1E, 0xC7, 0x1E, 0xC7, 0x1E, 0xC7,
    0x1E, 0xC7, 0x1E, 0xC7, 0x1E, 0xC7, 0x1E, 0xC7, 0x1E, 0xC7, 0x1E, 0xC7, 0x1E, 0xC7, 0x1E, 0xC7,
    0x1E, 0xC7, 0x1E, 0xC7, 0x1E, 0xC7, 0x1E, 0xC7, 0x1E, 0xC7, 0xFE, 0xC6, 0xFE, 0xC6, 0x1E, 0xC7,
    0x1E, 0xC7, 0x1E, 0xC7, 0x1E, 0xC7, 0x1E, 0xC7, 0x1E, 0xC7, 0x1E, 0xC7, 0x1E, 0xC7, 0x1F, 0xC7,
    0x1E, 0xC7, 0x1E, 0xC7, 0xFF, 0xCE, 0xFE, 0xCE, 0x1F, 0xC7, 0xFF, 0xCE, 0xD0, 0xDE, 0x61, 0xFE,
    0x40, 0xFE, 0x60, 0xFE, 0x60, 0xFE, 0x60, 0xFE, 0x60, 0xFE, 0x60, 0xFE, 0x60, 0xFE, 0x60, 0xFE,
    0x60, 0xFE, 0x60, 0xFE, 0x60, 0xFE, 0x60, 0xFE, 0x60, 0xFE, 0x60, 0xFE, 0x60, 0xFE, 0x60, 0xFE,
    0x60, 0xFE, 0x60, 0xFE, 0x60, 0xFE, 0x60, 0xFE, 0x60, 0xFE, 0x61, 0xF6, 0x42, 0x32, 0x63, 0x01,
    0x84, 0x19, 0xE2, 0x08, 0xE2, 0x08, 0xC2, 0x08, 0xA2, 0x08, 0xE2, 0x08, 0xC2, 0x00, 0xA2, 0x08,
    0xC2, 0x08, 0xE2, 0x08, 0xE2, 0x08, 0x02, 0x09, 0x23, 0x09, 0x23, 0x09, 0x23, 0x09, 0x23, 0x09,
    0x64, 0x11, 0x84, 0x11, 0x03, 0x09, 0x82, 0x00, 0x82, 0x08, 0x82, 0x00, 0x02, 0x09, 0xC4, 0x22,
    0xC3, 0x22, 0x03, 0x23, 0xC2, 0x1A, 0xC3, 0x22, 0x83, 0x1A, 0x42, 0x1A, 0x24, 0x2B, 0xA6, 0x33,
    0x67, 0x2B, 0xA6, 0x22, 0x62, 0x09, 0x63, 0x09, 0xC4, 0x11, 0x04, 0x1A, 0x05, 0x1A, 0xE4, 0x11,
    0xE4, 0x11, 0x63, 0x09, 0x42, 0x09, 0xA3, 0x11, 0x45, 0x22, 0x24, 0x1A, 0x24, 0x1A, 0x24, 0x1A,
    0x24, 0x1A, 0xE4, 0x19, 0xA2, 0x09, 0x23, 0x1A, 0x02, 0x1A, 0xA8, 0x5B, 0x23, 0x22, 0xC2, 0x11,
    0x23, 0x1A, 0xC3, 0x19, 0xE1, 0x08, 0x22, 0x09, 0xC5, 0x22, 0x66, 0x2B, 0x25, 0x2B, 0xE5, 0x2A,
    0xC4, 0x11, 0xC3, 0x08, 0xC2, 0x08, 0x64, 0x11, 0x85, 0x11, 0xE3, 0x08, 0x82, 0x00, 0x41, 0x00,
    0x41, 0x00, 0x41, 0x00, 0x41, 0x00, 0x41, 0x00, 0x41, 0x00, 0x41, 0x00, 0x62, 0x08, 0x41, 0x00,
    0x41, 0x00, 0x41, 0x00, 0x41, 0x00, 0x21, 0x00, 0x82, 0x00, 0xE3, 0x00, 0x61, 0x00, 0x41, 0x00,
    0x41, 0x00, 0x42, 0x00, 0x61, 0x00, 0x41, 0x00, 0x41, 0x00, 0x61, 0x00, 0x82, 0x00, 0x61, 0x00,
    0x62, 0x09, 0x83, 0x11, 0xC4, 0x19, 0xA1, 0x00, 0x41, 0x00, 0xA2, 0x00, 0x24, 0x09, 0xA2, 0x00,
    0x41, 0x00, 0x41, 0x00, 0x41, 0x00, 0x41, 0x00, 0x62, 0x00, 0x62, 0x00, 0x21, 0x00, 0x82, 0x08,
    0x61, 0x00, 0x41, 0x00, 0x41, 0x00, 0x41, 0x00, 0x41, 0x00, 0x42, 0x00, 0x42, 0x00, 0x41, 0x00,
    0x41, 0x00, 0x21, 0x00, 0x21, 0x00, 0x21, 0x00, 0x41, 0x00, 0x41, 0x00, 0x41, 0x00, 0x41, 0x00,
    0x82, 0x08, 0xA2, 0x08, 0xC3, 0x08, 0xC2, 0x00, 0xC2, 0x08, 0xA2, 0x08, 0xA2, 0x08, 0xC2, 0x08,
    0xE3, 0x08, 0xE3, 0x08, 0xC2, 0x08, 0xC2, 0x08, 0xA2, 0x00, 0xE3, 0x08, 0xA2, 0x00, 0xE3, 0x08,
    0xA2, 0x00, 0xC3, 0x08, 0xA2, 0x00, 0xA2, 0x00, 0xC3, 0x08, 0x82, 0x00, 0x41, 0x00, 0x41, 0x00,
    0x41, 0x00, 0x41, 0x00, 0x41, 0x00, 0xA2, 0x00, 0xE3, 0x08, 0xE3, 0x08, 0x04, 0x09, 0x03, 0x09,
    0x04, 0x09, 0xA2, 0x00, 0x2D, 0x53, 0x7F, 0xD7, 0xFE, 0xC6, 0x1F, 0xC7, 0x1F, 0xC7, 0x1E, 0xC7,
    0x1E, 0xC7, 0x1E, 0xC7, 0x1E, 0xC7, 0x1E, 0xC7, 0x1E, 0xC7, 0x1E, 0xC7, 0x1E, 0xC7, 0x1E, 0xC7,
    0x1E, 0xC7, 0x1E, 0xC7, 0x1E, 0xC7, 0x1E, 0xC7, 0x1E, 0xC7, 0x1E, 0xC7, 0x1E, 0xC7, 0x1E, 0xC7,
    0x1E, 0xC7, 0x1E, 0xC7, 0x1E, 0xC7, 0x1E, 0xC7, 0x1E, 0xC7, 0x1E, 0xC7, 0x1E, 0xC7, 0x1E, 0xC7,
    0x1E, 0xC7, 0x1E, 0xC7, 0x1E, 0xC7, 0x1E, 0xC7, 0x1E, 0xC7, 0x1E, 0xC7, 0x1E, 0xC7, 0x1E, 0xC7,
    0x1E, 0xC7, 0x1E, 0xC7, 0x1E, 0xC7, 0x1E, 0xC7, 0x1E, 0xC7, 0x1E, 0xC7, 0x1E, 0xC7, 0x1E, 0xC7,
    0x1E, 0xC7, 0x1F, 0xC7, 0x1F, 0xC7, 0xFF, 0xC6, 0xFF, 0xC6, 0x1E, 0xC7, 0x1F, 0xC7, 0xD5, 0xDE,
    0x42, 0xFE, 0x40, 0xFE, 0x60, 0xFE, 0x60, 0xFE, 0x60, 0xFE, 0x60, 0xFE, 0x60, 0xFE, 0x60, 0xFE,
    0x60, 0xFE, 0x60, 0xFE, 0x60, 0xFE, 0x60, 0xFE, 0x60, 0xFE, 0x60, 0xFE, 0x60, 0xFE, 0x60, 0xFE,
    0x60, 0xFE, 0x60, 0xFE, 0x60, 0xFE, 0x40, 0xFE, 0xA0, 0xFE, 0x02, 0xBD, 0x63, 0x09, 0x84, 0x19,
    0xC4, 0x11, 0x43, 0x11, 0xC1, 0x00, 0xC2, 0x08, 0x03, 0x09, 0x03, 0x09, 0xE3, 0x08, 0x02, 0x09,
    0x02, 0x09, 0x02, 0x09, 0xE2, 0x08, 0x02, 0x09, 0x23, 0x11, 0x43, 0x11, 0x43, 0x09, 0x63, 0x11,
    0x63, 0x09, 0x63, 0x09, 0x84, 0x11, 0xE3, 0x08, 0x82, 0x00, 0x62, 0x00, 0x83, 0x11, 0x04, 0x2B,
    0x24, 0x2B, 0x85, 0x2B, 0xC2, 0x1A, 0x24, 0x2B, 0xA3, 0x22, 0xA3, 0x22, 0xC3, 0x22, 0xE7, 0x3B,
    0xC8, 0x3B, 0xC8, 0x33, 0x27, 0x2B, 0x83, 0x09, 0x63, 0x11, 0x83, 0x11, 0x83, 0x11, 0xE4, 0x11,
    0x87, 0x22, 0x66, 0x22, 0xC4, 0x19, 0xE4, 0x19, 0x44, 0x1A, 0x24, 0x1A, 0x04, 0x1A, 0x04, 0x1A,
    0xE3, 0x11, 0xA3, 0x11, 0x43, 0x09, 0xE1, 0x00, 0xA6, 0x32, 0xA5, 0x32, 0xE2, 0x11, 0x43, 0x22,
    0xE2, 0x19, 0xE3, 0x19, 0x82, 0x11, 0xE4, 0x19, 0x88, 0x33, 0xC6, 0x22, 0xC2, 0x11, 0x65, 0x2A,
    0x43, 0x09, 0x82, 0x00, 0x61, 0x00, 0x85, 0x19, 0xE3, 0x08, 0x41, 0x00, 0xC2, 0x08, 0x82, 0x00,
    0x62, 0x00, 0x62, 0x00, 0x41, 0x00, 0x41, 0x00, 0x41, 0x00, 0x41, 0x00, 0x41, 0x00, 0x41, 0x00,
    0x41, 0x00, 0x41, 0x00, 0x61, 0x00, 0x41, 0x00, 0x61, 0x00, 0x81, 0x00, 0x61, 0x00, 0x82, 0x08,
    0x82, 0x08, 0x41, 0x00, 0x41, 0x00, 0x41, 0x00, 0x62, 0x00, 0x81, 0x00, 0xE2, 0x08, 0x23, 0x11,
    0x24, 0x1A, 0xA3, 0x11, 0xC2, 0x08, 0x61, 0x00, 0x41, 0x00, 0xA2, 0x00, 0x24, 0x09, 0x82, 0x00,
    0x41, 0x00, 0x41, 0x00, 0x41, 0x00, 0x61, 0x00, 0x61, 0x00, 0x62, 0x08, 0x42, 0x00, 0x41, 0x00,
    0x41, 0x00, 0x41, 0x00, 0x41, 0x00, 0x41, 0x00, 0x41, 0x00, 0x41, 0x00, 0x41, 0x00, 0x41, 0x00,
    0x41, 0x00, 0x41, 0x00, 0x41, 0x00, 0x41, 0x00, 0x41, 0x00, 0x41, 0x00, 0x41, 0x00, 0x41, 0x00,
    0x82, 0x00, 0xA2, 0x08, 0xA2, 0x08, 0xC2, 0x00, 0xE3, 0x08, 0xE3, 0x10, 0xE3, 0x08, 0xE3, 0x08,
    0xC2, 0x08, 0xA2, 0x08, 0xC2, 0x08, 0xC2, 0x08, 0xA2, 0x00, 0xE3, 0x08, 0xC3, 0x00, 0xE3, 0x08,
    0xA2, 0x00, 0xE3, 0x08, 0xA2, 0x00, 0xE3, 0x08, 0xC3, 0x08, 0x82, 0x00, 0x41, 0x00, 0x41, 0x00,
    0x41, 0x00, 0x41, 0x00, 0x82, 0x00, 0xE3, 0x08, 0x03, 0x09, 0x24, 0x11, 0x04, 0x09, 0x44, 0x11,
    0x24, 0x11, 0xA2, 0x00, 0x36, 0x8D, 0x5F, 0xD7, 0xFE, 0xC6, 0x1E, 0xC7, 0x1E, 0xC7, 0x1E, 0xC7,
    0x1E, 0xC7, 0x1E, 0xC7, 0x1E, 0xC7, 0x1E, 0xC7, 0x1E, 0xC7, 0x1E, 0xC7, 0x1E, 0xC7, 0x1E, 0xC7,
    0x1E, 0xC7, 0x1E, 0xC7, 0x1E, 0xC7, 0x1E, 0xC7, 0x1E, 0xC7, 0x1E, 0xC7, 0x1E, 0xC7, 0x1E, 0xC7,
    0x1E, 0xC7, 0x1E, 0xC7, 0x1E, 0xC7, 0x1E, 0xC7, 0x1E, 0xC7, 0x1E, 0xC7, 0x1E, 0xC7, 0x1E, 0xC7,
    0x1E, 0xC7, 0x1E, 0xC7, 0x1E, 0xC7, 0x1E, 0xC7, 0x1E, 0xC7, 0x1E, 0xC7, 0x1E, 0xC7, 0x1E, 0xC7,
    0x1E, 0xC7, 0x1E, 0xC7, 0x1E, 0xC7, 0x1E, 0xC7, 0x1E, 0xC7, 0x1E, 0xC7, 0x1E, 0xC7, 0x1E, 0xC7,
    0x1E, 0xC7, 0x1E, 0xC7, 0x1E, 0xC7, 0x1E, 0xC7, 0x1E, 0xC7, 0x1E, 0xC7, 0xFE, 0xC6, 0x1F, 0xC7,
    0xD4, 0xDE, 0x60, 0xFE, 0x60, 0xFE, 0x60, 0xFE, 0x60, 0xFE, 0x60, 0xFE, 0x60, 0xFE, 0x60, 0xFE,
    0x60, 0xFE, 0x60, 0xFE, 0x60, 0xFE, 0x60, 0xFE, 0x60, 0xFE, 0x60, 0xFE, 0x60, 0xFE, 0x60, 0xFE,
    0x60, 0xFE, 0x60, 0xFE, 0x60, 0xFE, 0x40, 0xFE, 0xA1, 0xFE, 0xC2, 0x52, 0x63, 0x09, 0xA3, 0x19,
    0xE4, 0x19, 0x83, 0x11, 0xC1, 0x00, 0xE2, 0x08, 0x23, 0x09, 0xE2, 0x08, 0x23, 0x11, 0x64, 0x11,
    0x23, 0x09, 0x23, 0x11, 0x23, 0x11, 0x43, 0x11, 0x43, 0x09, 0x43, 0x11, 0x84, 0x11, 0xC5, 0x11,
    0xA4, 0x11, 0x84, 0x11, 0xC5, 0x11, 0x23, 0x09, 0xA2, 0x00, 0x82, 0x00, 0x43, 0x11, 0xC4, 0x22,
    0xC6, 0x3B, 0x24, 0x2B, 0xA6, 0x3B, 0x44, 0x2B, 0xE3, 0x22, 0xC3, 0x22, 0x82, 0x1A, 0x65, 0x33,
    0x28, 0x44, 0xE8, 0x3B, 0xE8, 0x3B, 0x47, 0x33, 0xA2, 0x09, 0xA3, 0x11, 0x63, 0x11, 0x83, 0x11,
    0xC4, 0x11, 0xE4, 0x11, 0x05, 0x1A, 0xE4, 0x19, 0xC3, 0x11, 0x04, 0x1A, 0xE4, 0x19, 0xA3, 0x11,
    0xC4, 0x19, 0xA4, 0x11, 0x83, 0x09, 0x45, 0x2A, 0xA6, 0x32, 0xA2, 0x11, 0x43, 0x22, 0xA3, 0x2A,
    0x84, 0x2A, 0x02, 0x12, 0x03, 0x1A, 0x04, 0x1A, 0xA3, 0x11, 0x02, 0x01, 0x02, 0x09, 0xA3, 0x19,
    0xA4, 0x19, 0x41, 0x00, 0x82, 0x00, 0x04, 0x11, 0x61, 0x00, 0x41, 0x00, 0x82, 0x00, 0x82, 0x00,
    0x41, 0x00, 0x41, 0x00, 0x41, 0x00, 0x41, 0x00, 0x41, 0x00, 0x41, 0x00, 0x41, 0x00, 0x41, 0x00,
    0x41, 0x00, 0x41, 0x00, 0x61, 0x00, 0x82, 0x08, 0x62, 0x00, 0x41, 0x00, 0x81, 0x00, 0x02, 0x09,
    0x23, 0x11, 0x61, 0x00, 0x41, 0x00, 0x61, 0x00, 0x82, 0x00, 0x82, 0x00, 0x83, 0x11, 0x65, 0x22,
    0xC3, 0x11, 0x63, 0x11, 0x41, 0x00, 0x41, 0x00, 0x41, 0x00, 0x61, 0x00, 0x04, 0x11, 0x82, 0x00,
    0x41, 0x00, 0x41, 0x00, 0x41, 0x00, 0x61, 0x00, 0x62, 0x00, 0x41, 0x00, 0x61, 0x00, 0x62, 0x00,
    0x62, 0x00, 0x61, 0x00, 0x41, 0x00, 0x41, 0x00, 0x61, 0x00, 0x41, 0x00, 0x62, 0x00, 0x82, 0x00,
    0x82, 0x00, 0xA2, 0x08, 0x82, 0x00, 0x61, 0x00, 0x61, 0x00, 0x41, 0x00, 0x41, 0x00, 0x21, 0x00,
    0x41, 0x00, 0xC3, 0x08, 0xE3, 0x08, 0xE3, 0x08, 0xC3, 0x08, 0xA2, 0x00, 0xC2, 0x08, 0xE3, 0x08,
    0xE3, 0x08, 0x03, 0x11, 0xE3, 0x08, 0xC2, 0x08, 0xC2, 0x08, 0xC2, 0x00, 0xE3, 0x08, 0xC2, 0x00,
    0xE3, 0x08, 0xE3, 0x08, 0xC2, 0x00, 0x03, 0x09, 0xC2, 0x08, 0xA2, 0x08, 0x41, 0x00, 0x42, 0x00,
    0x61, 0x00, 0x41, 0x00, 0xC3, 0x08, 0x24, 0x09, 0x24, 0x09, 0x24, 0x09, 0x85, 0x11, 0x24, 0x09,
    0x24, 0x11, 0x45, 0x11, 0x5B, 0xB6, 0x3F, 0xCF, 0xFE, 0xC6, 0x1E, 0xC7, 0x1E, 0xC7, 0x1E, 0xC7,
    0x1E, 0xC7, 0x1E, 0xC7, 0x1E, 0xC7, 0x1E, 0xC7, 0x1E, 0xC7, 0x1E, 0xC7, 0x1E, 0xC7, 0x1E, 0xC7,
    0x1E, 0xC7, 0x1E, 0xC7, 0x1E, 0xC7, 0x1E, 0xC7, 0x1E, 0xC7, 0x1E, 0xC7, 0x1E, 0xC7, 0x1E, 0xC7,
    0x1E, 0xC7, 0x1E, 0xC7, 0x1E, 0xC7, 0x1E, 0xC7, 0x1E, 0xC7, 0x1E, 0xC7, 0x1E, 0xC7, 0x1E, 0xC7,
    0x1E, 0xC7, 0x1E, 0xC7, 0x1E, 0xC7, 0x1E, 0xC7, 0x1E, 0xC7, 0x1E, 0xC7, 0x1E, 0xC7, 0x1E, 0xC7,
    0x1E, 0xC7, 0x1E, 0xC7, 0x1E, 0xC7, 0x1E, 0xC7, 0x1E, 0xC7, 0x1E, 0xC7, 0x1E, 0xC7, 0x1E, 0xC7,
    0x1E, 0xC7, 0x1E, 0xC7, 0x1E, 0xC7, 0x1E, 0xC7, 0x1E, 0xC7, 0x1E, 0xC7, 0x1E, 0xC7, 0x1E, 0xC7,
    0x1F, 0xC7, 0xCF, 0xDE, 0x60, 0xFE, 0x60, 0xFE, 0x60, 0xFE, 0x60, 0xFE, 0x60, 0xFE, 0x60, 0xFE,
    0x60, 0xFE, 0x60, 0xFE, 0x60, 0xFE, 0x60, 0xFE, 0x60, 0xFE, 0x60, 0xFE, 0x60, 0xFE, 0x60, 0xFE,
    0x60, 0xFE, 0x60, 0xFE, 0x40, 0xFE, 0xA0, 0xFE, 0xC2, 0xB4, 0x63, 0x09, 0xA3, 0x11, 0xA3, 0x11,
    0xE4, 0x19, 0x63, 0x11, 0xC1, 0x00, 0x03, 0x09, 0x02, 0x09, 0x03, 0x09, 0x64, 0x11, 0x43, 0x09,
    0x02, 0x09, 0x23, 0x09, 0x64, 0x11, 0xA4, 0x11, 0xA4, 0x11, 0x84, 0x11, 0x63, 0x09, 0x84, 0x11,
    0xE5, 0x11, 0x46, 0x1A, 0x66, 0x1A, 0x43, 0x09, 0x81, 0x00, 0x82, 0x00, 0xC1, 0x08, 0x47, 0x3B,
    0x64, 0x2B, 0x44, 0x33, 0x06, 0x44, 0x03, 0x23, 0x24, 0x2B, 0xE3, 0x22, 0xE3, 0x22, 0xE3, 0x22,
    0x08, 0x44, 0x28, 0x44, 0xE8, 0x3B, 0x08, 0x3C, 0x46, 0x2B, 0xA2, 0x09, 0xA3, 0x11, 0x62, 0x11,
    0xC4, 0x11, 0x63, 0x09, 0x83, 0x11, 0xA3, 0x11, 0xA3, 0x11, 0xC4, 0x11, 0xC3, 0x11, 0xA3, 0x11,
    0x83, 0x11, 0x83, 0x11, 0x83, 0x11, 0x24, 0x1A, 0xC2, 0x11, 0xC3, 0x11, 0x04, 0x1A, 0x64, 0x22,
    0xE4, 0x2A, 0x04, 0x2B, 0x43, 0x1A, 0xE3, 0x11, 0x42, 0x11, 0x83, 0x11, 0x83, 0x11, 0x22, 0x09,
    0xC1, 0x08, 0x41, 0x00, 0x41, 0x00, 0x41, 0x00, 0x82, 0x08, 0xC3, 0x08, 0xA2, 0x00, 0x62, 0x00,
    0x41, 0x00, 0x41, 0x00, 0x21, 0x00, 0x21, 0x00, 0x41, 0x00, 0x41, 0x00, 0x41, 0x00, 0x41, 0x00,
    0x41, 0x00, 0x41, 0x00, 0x41, 0x00, 0x61, 0x00, 0x41, 0x00, 0x41, 0x00, 0xC2, 0x08, 0x43, 0x11,
    0x03, 0x09, 0x82, 0x00, 0x41, 0x00, 0x61, 0x00, 0x82, 0x00, 0xA2, 0x00, 0x83, 0x11, 0x44, 0x1A,
    0x42, 0x09, 0xA2, 0x00, 0x82, 0x00, 0x41, 0x00, 0x41, 0x00, 0x41, 0x00, 0x61, 0x00, 0x82, 0x00,
    0x61, 0x00, 0x41, 0x00, 0x62, 0x00, 0x61, 0x00, 0x61, 0x00, 0x41, 0x00, 0x41, 0x00, 0x82, 0x08,
    0x82, 0x08, 0xA2, 0x08, 0xA2, 0x08, 0x82, 0x08, 0xC2, 0x08, 0xA2, 0x00, 0xA2, 0x00, 0xC3, 0x08,
    0xC2, 0x08, 0xC2, 0x08, 0xC3, 0x08, 0xC2, 0x08, 0xA2, 0x08, 0xA2, 0x00, 0x82, 0x00, 0x41, 0x00,
    0x21, 0x00, 0xA2, 0x00, 0xC3, 0x08, 0xE3, 0x08, 0xC3, 0x08, 0xA2, 0x00, 0xE3, 0x08, 0xE3, 0x08,
    0xE3, 0x08, 0xE3, 0x08, 0xE3, 0x08, 0xE3, 0x08, 0xE3, 0x08, 0xC3, 0x00, 0xE3, 0x08, 0xA2, 0x00,
    0x24, 0x11, 0xC2, 0x00, 0xE3, 0x08, 0xE3, 0x08, 0xA2, 0x00, 0xC3, 0x08, 0x61, 0x00, 0x41, 0x00,
    0x82, 0x08, 0xA3, 0x08, 0x04, 0x09, 0x44, 0x09, 0x44, 0x11, 0x44, 0x11, 0x24, 0x09, 0x64, 0x11,
    0xE3, 0x08, 0xE8, 0x29, 0xFE, 0xC6, 0x1F, 0xC7, 0x1E, 0xC7, 0x1E, 0xC7, 0x1E, 0xC7, 0x1E, 0xC7,
    0x1E, 0xC7, 0x1E, 0xC7, 0x1E, 0xC7, 0x1E, 0xC7, 0x1E, 0xC7, 0x1E, 0xC7, 0x1E, 0xC7, 0x1E, 0xC7,
    0x1E, 0xC7, 0x1E, 0xC7, 0x1E, 0xC7, 0x1E, 0xC7, 0x1E, 0xC7, 0x1E, 0xC7, 0x1E, 0xC7, 0x1E, 0xC7,
    0x1E, 0xC7, 0x1E, 0xC7, 0x1E, 0xC7, 0x1E, 0xC7, 0x1E, 0xC7, 0x1E, 0xC7, 0x1E, 0xC7, 0x1E, 0xC7,
    0x1E, 0xC7, 0x1E, 0xC7, 0x1E, 0xC7, 0x1E, 0xC7, 0x1E, 0xC7, 0x1E, 0xC7, 0x1E, 0xC7, 0x1E, 0xC7,
    0x1E, 0xC7, 0x1E, 0xC7, 0x1E, 0xC7, 0x1E, 0xC7, 0x1E, 0xC7, 0x1E, 0xC7, 0x1E, 0xC7, 0x1E, 0xC7,
    0x1E, 0xC7, 0x1E, 0xC7, 0x1E, 0xC7, 0x1E, 0xC7, 0x1E, 0xC7, 0x1E, 0xC7, 0x1E, 0xC7, 0x1E, 0xC7,
    0x1E, 0xC7, 0xFE, 0xCE, 0x88, 0xEE, 0x60, 0xFE, 0x60, 0xFE, 0x60, 0xFE, 0x60, 0xFE, 0x60, 0xFE,
    0x60, 0xFE, 0x60, 0xFE, 0x60, 0xFE, 0x60, 0xFE, 0x60, 0xFE, 0x60, 0xFE, 0x60, 0xFE, 0x60, 0xFE,
    0x60, 0xFE, 0x40, 0xFE, 0x80, 0xFE, 0x02, 0xEE, 0x02, 0x2A, 0xC4, 0x11, 0xE4, 0x19, 0xA3, 0x11,
    0xC4, 0x19, 0x02, 0x01, 0xC2, 0x00, 0x03, 0x09, 0x02, 0x09, 0x64, 0x11, 0x43, 0x11, 0x43, 0x09,
    0x63, 0x11, 0x63, 0x11, 0x43, 0x09, 0x43, 0x09, 0xA4, 0x11, 0xE5, 0x19, 0xA4, 0x19, 0xA4, 0x11,
    0x63, 0x09, 0x83, 0x09, 0x46, 0x1A, 0x64, 0x11, 0x61, 0x00, 0x61, 0x00, 0x61, 0x00, 0x85, 0x2A,
    0x65, 0x33, 0x47, 0x54, 0x84, 0x33, 0xC5, 0x3B, 0x64, 0x2B, 0x23, 0x23, 0x03, 0x23, 0x82, 0x1A,
    0x45, 0x2B, 0x6A, 0x54, 0x49, 0x4C, 0x49, 0x4C, 0x49, 0x44, 0xE5, 0x2A, 0xA2, 0x11, 0x83, 0x11,
    0x83, 0x09, 0xA4, 0x11, 0x42, 0x09, 0x84, 0x19, 0x63, 0x11, 0x83, 0x11, 0xA4, 0x19, 0xC4, 0x19,
    0xC4, 0x11, 0x83, 0x11, 0xA4, 0x11, 0x83, 0x11, 0x63, 0x11, 0xE2, 0x08, 0x23, 0x09, 0xC4, 0x19,
    0xC3, 0x11, 0x64, 0x22, 0x24, 0x33, 0x64, 0x22, 0x23, 0x11, 0xA2, 0x00, 0xC2, 0x08, 0x61, 0x00,
    0x41, 0x00, 0x41, 0x00, 0x41, 0x00, 0x21, 0x00, 0xA3, 0x08, 0xC2, 0x08, 0xC3, 0x08, 0x82, 0x08,
    0x41, 0x00, 0x41, 0x00, 0x41, 0x00, 0x41, 0x00, 0x41, 0x00, 0x41, 0x00, 0x41, 0x00, 0x41, 0x00,
    0x41, 0x00, 0x41, 0x00, 0x62, 0x00, 0x62, 0x00, 0x41, 0x00, 0x41, 0x00, 0xE3, 0x10, 0x43, 0x11,
    0xC1, 0x00, 0x82, 0x08, 0x21, 0x00, 0x61, 0x00, 0x82, 0x00, 0xE3, 0x08, 0x02, 0x09, 0x83, 0x11,
    0xE2, 0x08, 0xA2, 0x00, 0xE3, 0x08, 0xA2, 0x00, 0x61, 0x00, 0x41, 0x00, 0x41, 0x00, 0x62, 0x00,
    0x61, 0x00, 0x41, 0x00, 0x82, 0x00, 0x62, 0x00, 0x61, 0x00, 0x82, 0x00, 0xA2, 0x08, 0xA2, 0x08,
    0xA2, 0x08, 0xC2, 0x08, 0xC2, 0x08, 0xC2, 0x08, 0xC2, 0x08, 0xC2, 0x08, 0xC2, 0x08, 0xC2, 0x00,
    0xE3, 0x08, 0xE3, 0x08, 0xC2, 0x00, 0xE3, 0x08, 0x03, 0x11, 0xC2, 0x08, 0xE3, 0x08, 0xC3, 0x08,
    0x61, 0x00, 0x61, 0x00, 0xA2, 0x08, 0xC3, 0x08, 0x03, 0x09, 0xE3, 0x08, 0xA2, 0x00, 0xE3, 0x08,
    0x03, 0x09, 0x23, 0x09, 0x03, 0x09, 0x03, 0x09, 0xE3, 0x08, 0xE2, 0x08, 0xE2, 0x08, 0xC3, 0x08,
    0x04, 0x09, 0xC2, 0x00, 0xE3, 0x08, 0xA2, 0x00, 0x03, 0x09, 0xE3, 0x08, 0x62, 0x00, 0x41, 0x00,
    0x62, 0x08, 0xC3, 0x08, 0x44, 0x11, 0x85, 0x11, 0x65, 0x09, 0x65, 0x09, 0x64, 0x11, 0x24, 0x09,
    0xA2, 0x00, 0x8A, 0x3A, 0x3F, 0xCF, 0xFE, 0xC6, 0x1E, 0xC7, 0x1E, 0xC7, 0x1E, 0xC7, 0x1E, 0xC7,
    0x1E, 0xC7, 0x1E, 0xC7, 0x1E, 0xC7, 0x1E, 0xC7, 0x1E, 0xC7, 0x1E, 0xC7, 0x1E, 0xC7, 0x1E, 0xC7,
    0x1E, 0xC7, 0x1E, 0xC7, 0x1E, 0xC7, 0x1E, 0xC7, 0x1E, 0xC7, 0x1E, 0xC7, 0x1E, 0xC7, 0x1E, 0xC7,
    0x1E, 0xC7, 0x1E, 0xC7, 0x1E, 0xC7, 0x1E, 0xC7, 0x1E, 0xC7, 0x1E, 0xC7, 0x1E, 0xC7, 0x1E, 0xC7,
    0x1E, 0xC7, 0x1E, 0xC7, 0x1E, 0xC7, 0x1E, 0xC7, 0x1E, 0xC7, 0x1E, 0xC7, 0x1E, 0xC7, 0x1E, 0xC7,
    0x1E, 0xC7, 0x1E, 0xC7, 0x1E, 0xC7, 0x1E, 0xC7, 0x1E, 0xC7, 0x1E, 0xC7, 0x1E, 0xC7, 0x1E, 0xC7,
    0x1E, 0xC7, 0x1E, 0xC7, 0x1E, 0xC7, 0x1E, 0xC7, 0x1E, 0xC7, 0x1E, 0xC7, 0x1E, 0xC7, 0x1E, 0xC7,
    0x1E, 0xC7, 0x1F, 0xC7, 0xF7, 0xD6, 0x41, 0xFE, 0x60, 0xFE, 0x60, 0xFE, 0x60, 0xFE, 0x60, 0xFE,
    0x60, 0xFE, 0x60, 0xFE, 0x60, 0xFE, 0x60, 0xFE, 0x60, 0xFE, 0x60, 0xFE, 0x60, 0xFE, 0x60, 0xFE,
    0x40, 0xFE, 0x60, 0xFE, 0x81, 0xFE, 0x82, 0x4A, 0x43, 0x01, 0xE4, 0x19, 0x24, 0x1A, 0x04, 0x1A,
    0x42, 0x09, 0xC1, 0x00, 0xE3, 0x08, 0xE2, 0x08, 0x43, 0x09, 0xA4, 0x11, 0x43, 0x09, 0x05, 0x1A,
    0xE5, 0x19, 0x84, 0x11, 0x83, 0x09, 0xA4, 0x11, 0x84, 0x11, 0xA4, 0x11, 0xE5, 0x19, 0x26, 0x22,
    0x25, 0x1A, 0xA3, 0x09, 0x63, 0x09, 0x43, 0x11, 0x81, 0x00, 0x61, 0x00, 0x61, 0x00, 0xE1, 0x00,
    0xA7, 0x43, 0x26, 0x4C, 0xC5, 0x3B, 0x88, 0x5C, 0x44, 0x2B, 0x64, 0x2B, 0xE3, 0x22, 0x03, 0x2B,
    0xC3, 0x1A, 0xE7, 0x43, 0x8A, 0x5C, 0x6A, 0x54, 0x6A, 0x4C, 0x49, 0x4C, 0xA5, 0x22, 0x83, 0x09,
    0x63, 0x11, 0x83, 0x11, 0x63, 0x11, 0x43, 0x11, 0x84, 0x11, 0x22, 0x09, 0x63, 0x11, 0x83, 0x11,
    0xA3, 0x11, 0x83, 0x11, 0x83, 0x11, 0xA3, 0x11, 0xA3, 0x11, 0x01, 0x01, 0x80, 0x00, 0xC1, 0x00,
    0xC1, 0x08, 0xC1, 0x00, 0xE3, 0x19, 0x05, 0x33, 0x04, 0x22, 0x41, 0x00, 0x21, 0x00, 0x41, 0x00,
    0x41, 0x00, 0x41, 0x00, 0x61, 0x00, 0x21, 0x00, 0x82, 0x08, 0xC2, 0x00, 0xE3, 0x08, 0x81, 0x00,
    0x41, 0x00, 0x41, 0x00, 0x41, 0x00, 0x41, 0x00, 0x41, 0x00, 0x41, 0x00, 0x21, 0x00, 0x61, 0x00,
    0x82, 0x00, 0x61, 0x00, 0x62, 0x00, 0x82, 0x00, 0x61, 0x00, 0x41, 0x00, 0x82, 0x08, 0xC2, 0x08,
    0x81, 0x00, 0x82, 0x00, 0x41, 0x00, 0x82, 0x00, 0x82, 0x08, 0x82, 0x08, 0x61, 0x00, 0x81, 0x00,
    0xC2, 0x08, 0xC2, 0x08, 0xE2, 0x08, 0x03, 0x09, 0xA2, 0x08, 0x21, 0x00, 0x41, 0x00, 0x61, 0x00,
    0x62, 0x00, 0x61, 0x00, 0xA2, 0x08, 0xA2, 0x08, 0xC2, 0x08, 0xC2, 0x08, 0xC2, 0x08, 0xC2, 0x08,
    0xC2, 0x08, 0xC2, 0x08, 0xE2, 0x08, 0xC2, 0x08, 0xE2, 0x08, 0xE2, 0x08, 0xE2, 0x08, 0x03, 0x09,
    0xE2, 0x08, 0x03, 0x09, 0x03, 0x11, 0xE3, 0x08, 0x03, 0x09, 0x23, 0x11, 0xE2, 0x08, 0x03, 0x09,
    0x03, 0x09, 0xC2, 0x00, 0xA2, 0x08, 0xC2, 0x08, 0x23, 0x09, 0x44, 0x11, 0xE3, 0x08, 0xC2, 0x08,
    0x44, 0x11, 0x24, 0x09, 0x03, 0x09, 0xE3, 0x08, 0xC3, 0x00, 0xC3, 0x08, 0xC3, 0x08, 0xE3, 0x08,
    0xE3, 0x08, 0xE3, 0x08, 0xC3, 0x08, 0x04, 0x09, 0x24, 0x09, 0xC2, 0x08, 0x41, 0x00, 0x41, 0x00,
    0x61, 0x00, 0xE3, 0x08, 0x65, 0x09, 0x44, 0x09, 0xA6, 0x11, 0x65, 0x09, 0x44, 0x11, 0x65, 0x11,
    0xC3, 0x00, 0x0C, 0x4B, 0x5F, 0xD7, 0xFE, 0xC6, 0x1E, 0xC7, 0x1E, 0xC7, 0x1E, 0xC7, 0x1E, 0xC7,
    0x1E, 0xC7, 0x1E, 0xC7, 0x1E, 0xC7, 0x1E, 0xC7, 0x1E, 0xC7, 0x1E, 0xC7, 0x1E, 0xC7, 0x1E, 0xC7,
    0x1E, 0xC7, 0x1E, 0xC7, 0x1E, 0xC7, 0x1E, 0xC7, 0x1E, 0xC7, 0x1E, 0xC7, 0x1E, 0xC7, 0x1E, 0xC7,
    0x1E, 0xC7, 0x1E, 0xC7, 0x1E, 0xC7, 0x1E, 0xC7, 0x1E, 0xC7, 0x1E, 0xC7, 0x1E, 0xC7, 0x1E, 0xC7,
    0x1E, 0xC7, 0x1E, 0xC7, 0x1E, 0xC7, 0x1E, 0xC7, 0x1E, 0xC7, 0x1E, 0xC7, 0x1E, 0xC7, 0x1E, 0xC7,
    0x1E, 0xC7, 0x1E, 0xC7, 0x1E, 0xC7, 0x1E, 0xC7, 0x1E, 0xC7, 0x1E, 0xC7, 0x1E, 0xC7, 0x1E, 0xC7,
    0x1E, 0xC7, 0x1E, 0xC7, 0x1E, 0xC7, 0x1E, 0xC7, 0x1E, 0xC7, 0x1E, 0xC7, 0x1E, 0xC7, 0x1E, 0xC7,
    0x1E, 0xC7, 0x1E, 0xC7, 0xFF, 0xC6, 0x8A, 0xEE, 0x60, 0xFE, 0x60, 0xFE, 0x60, 0xFE, 0x60, 0xFE,
    0x60, 0xFE, 0x60, 0xFE, 0x60, 0xFE, 0x60, 0xFE, 0x60, 0xFE, 0x60, 0xFE, 0x40, 0xFE, 0x40, 0xFE,
    0x60, 0xFE, 0xA1, 0xFE, 0x62, 0x62, 0x21, 0x00, 0x62, 0x11, 0xC3, 0x11, 0x65, 0x1A, 0xE4, 0x11,
    0xC1, 0x08, 0xE2, 0x08, 0x03, 0x09, 0x02, 0x09, 0xA4, 0x19, 0x63, 0x09, 0xC4, 0x11, 0x66, 0x1A,
    0xC5, 0x11, 0x64, 0x11, 0xC5, 0x11, 0x46, 0x22, 0x25, 0x1A, 0xC4, 0x11, 0xA4, 0x11, 0xC4, 0x11,
    0x46, 0x1A, 0xC8, 0x22, 0xA8, 0x22, 0xA4, 0x11, 0xA2, 0x00, 0x82, 0x00, 0x82, 0x08, 0x61, 0x00,
    0x44, 0x22, 0x27, 0x4C, 0x67, 0x4C, 0xE6, 0x43, 0x44, 0x2B, 0x84, 0x33, 0x23, 0x2B, 0x03, 0x23,
    0x82, 0x1A, 0x24, 0x2B, 0x8A, 0x54, 0xAA, 0x54, 0x8A, 0x5C, 0xAA, 0x5C, 0x8A, 0x54, 0x85, 0x22,
    0x83, 0x09, 0x62, 0x11, 0xA3, 0x19, 0x63, 0x09, 0x63, 0x09, 0x63, 0x11, 0x22, 0x09, 0x83, 0x11,
    0x62, 0x09, 0x42, 0x09, 0x43, 0x11, 0x43, 0x11, 0x62, 0x09, 0x43, 0x11, 0xE2, 0x08, 0x81, 0x00,
    0xC2, 0x08, 0x43, 0x11, 0xE4, 0x19, 0x84, 0x22, 0xA6, 0x2A, 0xC2, 0x08, 0x21, 0x00, 0x41, 0x00,
    0x41, 0x00, 0x61, 0x00, 0x62, 0x00, 0x61, 0x00, 0x61, 0x00, 0xA2, 0x00, 0xC3, 0x08, 0x61, 0x00,
    0x41, 0x00, 0x41, 0x00, 0x41, 0x00, 0x41, 0x00, 0x41, 0x00, 0x41, 0x00, 0x21, 0x00, 0xE3, 0x08,
    0x23, 0x11, 0xA2, 0x08, 0x62, 0x00, 0x82, 0x00, 0xC3, 0x08, 0xC3, 0x08, 0xC2, 0x08, 0xA2, 0x08,
    0x82, 0x00, 0x82, 0x00, 0x82, 0x00, 0x82, 0x00, 0x82, 0x00, 0x41, 0x00, 0x61, 0x00, 0xA2, 0x00,
    0xC2, 0x08, 0xE3, 0x08, 0x03, 0x09, 0x23, 0x11, 0xE3, 0x08, 0xA2, 0x08, 0x41, 0x00, 0x61, 0x00,
    0xA2, 0x08, 0xA2, 0x08, 0xC2, 0x08, 0xE3, 0x08, 0xC2, 0x08, 0xE2, 0x08, 0xC2, 0x08, 0xE2, 0x08,
    0xE2, 0x08, 0xC2, 0x00, 0xE2, 0x08, 0x03, 0x09, 0xE2, 0x08, 0x02, 0x09, 0xE2, 0x08, 0x02, 0x09,
    0x23, 0x09, 0x02, 0x09, 0x03, 0x09, 0x23, 0x09, 0x03, 0x09, 0x03, 0x09, 0x23, 0x11, 0x03, 0x09,
    0x23, 0x09, 0x23, 0x09, 0x03, 0x09, 0xE3, 0x08, 0xC2, 0x08, 0xC2, 0x08, 0xE3, 0x08, 0xC2, 0x00,
    0x24, 0x09, 0x85, 0x11, 0x85, 0x11, 0x06, 0x22, 0x05, 0x22, 0x43, 0x11, 0xC2, 0x00, 0xC2, 0x00,
    0xE3, 0x08, 0xC3, 0x08, 0xE3, 0x08, 0x24, 0x11, 0xC3, 0x08, 0xA2, 0x08, 0x41, 0x00, 0x41, 0x00,
    0x41, 0x00, 0x24, 0x09, 0xE6, 0x19, 0x64, 0x09, 0x04, 0x09, 0x85, 0x19, 0x65, 0x11, 0x65, 0x11,
    0x04, 0x09, 0x2C, 0x4B, 0x5F, 0xCF, 0xFE, 0xC6, 0x1E, 0xC7, 0x1E, 0xC7, 0x1E, 0xC7, 0x1E, 0xC7,
    0x1E, 0xC7, 0x1E, 0xC7, 0x1E, 0xC7, 0x1E, 0xC7, 0x1E, 0xC7, 0x1E, 0xC7, 0x1E, 0xC7, 0x1E, 0xC7,
    0x1E, 0xC7, 0x1E, 0xC7, 0x1E, 0xC7, 0x1E, 0xC7, 0x1E, 0xC7, 0x1E, 0xC7, 0x1E, 0xC7, 0x1E, 0xC7,
    0x1E, 0xC7, 0x1E, 0xC7, 0x1E, 0xC7, 0x1E, 0xC7, 0x1E, 0xC7, 0x1E, 0xC7, 0x1E, 0xC7, 0x1E, 0xC7,
    0x1E, 0xC7, 0x1E, 0xC7, 0x1E, 0xC7, 0x1E, 0xC7, 0x1E, 0xC7, 0x1E, 0xC7, 0x1E, 0xC7, 0x1E, 0xC7,
    0x1E, 0xC7, 0x1E, 0xC7, 0x1E, 0xC7, 0x1E, 0xC7, 0x1E, 0xC7, 0x1E, 0xC7, 0x1E, 0xC7, 0x1E, 0xC7,
    0x1E, 0xC7, 0x1E, 0xC7, 0x1E, 0xC7, 0x1E, 0xC7, 0x1E, 0xC7, 0x1E, 0xC7, 0x1E, 0xC7, 0x1E, 0xC7,
    0x1F, 0xC7, 0xFE, 0xCE, 0x1F, 0xC7, 0xD5, 0xD6, 0x60, 0xFE, 0x40, 0xFE, 0x60, 0xFE, 0x60, 0xFE,
    0x60, 0xFE, 0x60, 0xFE, 0x60, 0xFE, 0x60, 0xFE, 0x60, 0xFE, 0x40, 0xFE, 0x40, 0xFE, 0x80, 0xFE,
    0x61, 0xF6, 0x41, 0x52, 0x01, 0x00, 0x61, 0x00, 0xA2, 0x08, 0xE4, 0x11, 0xE4, 0x11, 0x22, 0x09,
    0xE2, 0x08, 0x03, 0x09, 0x02, 0x09, 0x64, 0x11, 0x84, 0x19, 0x63, 0x09, 0x46, 0x1A, 0xE5, 0x11,
    0xA4, 0x11, 0x83, 0x11, 0x84, 0x11, 0xC4, 0x11, 0x46, 0x1A, 0x46, 0x1A, 0x05, 0x1A, 0xA4, 0x11,
    0x84, 0x11, 0x05, 0x1A, 0xE9, 0x2A, 0xE5, 0x11, 0xA1, 0x00, 0xA2, 0x08, 0xA2, 0x08, 0x82, 0x00,
    0xE1, 0x08, 0x84, 0x2A, 0x68, 0x54, 0x24, 0x2B, 0x07, 0x44, 0x84, 0x33, 0x65, 0x33, 0x03, 0x23,
    0x24, 0x2B, 0xC3, 0x22, 0x08, 0x4C, 0xCB, 0x5C, 0xAB, 0x64, 0xAB, 0x64, 0xCB, 0x5C, 0x6A, 0x54,
    0x64, 0x22, 0xA3, 0x11, 0x83, 0x11, 0xE4, 0x19, 0x63, 0x09, 0x83, 0x09, 0x83, 0x11, 0x42, 0x09,
    0x83, 0x11, 0x62, 0x09, 0x42, 0x09, 0x42, 0x09, 0x62, 0x09, 0x62, 0x11, 0x83, 0x11, 0x63, 0x11,
    0x83, 0x11, 0x24, 0x1A, 0x45, 0x22, 0x86, 0x22, 0x83, 0x09, 0xC2, 0x08, 0x41, 0x00, 0x61, 0x00,
    0x82, 0x00, 0xA2, 0x00, 0xC3, 0x08, 0x61, 0x00, 0x61, 0x00, 0x82, 0x00, 0x81, 0x00, 0x41, 0x00,
    0x41, 0x00, 0x41, 0x00, 0x41, 0x00, 0x41, 0x00, 0x41, 0x00, 0x41, 0x00, 0x41, 0x00, 0xC2, 0x00,
    0xE3, 0x08, 0xA2, 0x08, 0x62, 0x00, 0x82, 0x00, 0xC2, 0x08, 0x02, 0x09, 0xC1, 0x00, 0xC1, 0x00,
    0xA2, 0x00, 0xA2, 0x00, 0x82, 0x00, 0x82, 0x00, 0x82, 0x00, 0x61, 0x00, 0xA2, 0x00, 0x44, 0x11,
    0xC2, 0x08, 0xE3, 0x08, 0x03, 0x09, 0x43, 0x11, 0x23, 0x11, 0x44, 0x11, 0x82, 0x00, 0xA2, 0x00,
    0xC3, 0x08, 0xE3, 0x08, 0x03, 0x09, 0x03, 0x09, 0xE3, 0x08, 0x23, 0x11, 0x23, 0x09, 0x23, 0x09,
    0x43, 0x11, 0x23, 0x09, 0x03, 0x09, 0x23, 0x09, 0x23, 0x11, 0x23, 0x09, 0x23, 0x09, 0x23, 0x09,
    0x23, 0x09, 0x23, 0x11, 0x23, 0x09, 0x23, 0x09, 0x23, 0x09, 0x23, 0x09, 0x23, 0x09, 0x43, 0x11,
    0x64, 0x11, 0x43, 0x09, 0x84, 0x11, 0x43, 0x09, 0x23, 0x11, 0x03, 0x09, 0xE2, 0x00, 0xE3, 0x08,
    0xA2, 0x00, 0xC2, 0x08, 0x03, 0x09, 0x63, 0x11, 0xC6, 0x32, 0xC6, 0x3A, 0x45, 0x2A, 0x84, 0x19,
    0x03, 0x09, 0xA2, 0x08, 0x04, 0x09, 0xE3, 0x08, 0xE3, 0x08, 0x81, 0x00, 0x41, 0x00, 0x41, 0x00,
    0x41, 0x00, 0xC3, 0x00, 0x85, 0x11, 0x07, 0x1A, 0x85, 0x11, 0x24, 0x09, 0xA6, 0x19, 0x65, 0x11,
    0x82, 0x00, 0x6A, 0x32, 0x5F, 0xCF, 0xFE, 0xC6, 0x1E, 0xC7, 0x1E, 0xC7, 0x1E, 0xC7, 0x1E, 0xC7,
    0x1E, 0xC7, 0x1E, 0xC7, 0x1E, 0xC7, 0x1E, 0xC7, 0x1E, 0xC7, 0x1E, 0xC7, 0x1E, 0xC7, 0x1E, 0xC7,
    0x1E, 0xC7, 0x1E, 0xC7, 0x1E, 0xC7, 0x1E, 0xC7, 0x1E, 0xC7, 0x1E, 0xC7, 0x1E, 0xC7, 0x1E, 0xC7,
    0x1E, 0xC7, 0x1E, 0xC7, 0x1E, 0xC7, 0x1E, 0xC7, 0x1E, 0xC7, 0x1E, 0xC7, 0x1E, 0xC7, 0x1E, 0xC7,
    0x1E, 0xC7, 0x1E, 0xC7, 0x1E, 0xC7, 0x1E, 0xC7, 0x1E, 0xC7, 0x1E, 0xC7, 0x1E, 0xC7, 0x1E, 0xC7,
    0x1E, 0xC7, 0x1E, 0xC7, 0x1E, 0xC7, 0x1E, 0xC7, 0x1E, 0xC7, 0x1E, 0xC7, 0x1E, 0xC7, 0x1E, 0xC7,
    0x1E, 0xC7, 0x1E, 0xC7, 0x1E, 0xC7, 0x1E, 0xC7, 0x1E, 0xC7, 0x1E, 0xC7, 0x1E, 0xC7, 0x1E, 0xC7,
    0x1F, 0xC7, 0x1E, 0xC7, 0x1E, 0xC7, 0xFC, 0xCE, 0x85, 0xF6, 0x40, 0xFE, 0x60, 0xFE, 0x40, 0xFE,
    0x60, 0xFE, 0x60, 0xFE, 0x60, 0xFE, 0x40, 0xFE, 0x40, 0xFE, 0x80, 0xFE, 0xC1, 0xFE, 0x81, 0xCD,
    0x62, 0x31, 0x01, 0x00, 0x81, 0x00, 0x42, 0x00, 0x61, 0x00, 0xC4, 0x19, 0x22, 0x09, 0xA2, 0x00,
    0x43, 0x09, 0x23, 0x11, 0x23, 0x09, 0xE5, 0x19, 0x43, 0x09, 0x06, 0x1A, 0x46, 0x1A, 0x63, 0x11,
    0x86, 0x22, 0x05, 0x1A, 0x05, 0x1A, 0xA4, 0x11, 0xA4, 0x11, 0x05, 0x1A, 0x87, 0x22, 0xC7, 0x22,
    0x87, 0x22, 0xC5, 0x11, 0xA4, 0x11, 0x84, 0x11, 0xA1, 0x08, 0xA2, 0x08, 0xA2, 0x00, 0x82, 0x00,
    0x61, 0x00, 0xA2, 0x00, 0xC6, 0x3A, 0xC7, 0x43, 0x48, 0x4C, 0x44, 0x2B, 0xA6, 0x3B, 0x03, 0x23,
    0x44, 0x2B, 0x82, 0x1A, 0xE3, 0x22, 0x69, 0x54, 0xEB, 0x64, 0xCB, 0x64, 0xAB, 0x64, 0xEC, 0x64,
    0x09, 0x4C, 0x65, 0x22, 0xC4, 0x11, 0xE4, 0x19, 0x05, 0x1A, 0x83, 0x11, 0xC4, 0x19, 0x83, 0x11,
    0x63, 0x11, 0x83, 0x11, 0x63, 0x11, 0x83, 0x11, 0xC3, 0x11, 0xA4, 0x19, 0x22, 0x09, 0x43, 0x11,
    0x83, 0x11, 0x45, 0x22, 0x24, 0x1A, 0x63, 0x11, 0x23, 0x09, 0xC2, 0x08, 0x61, 0x00, 0x61, 0x00,
    0x82, 0x00, 0x03, 0x09, 0x24, 0x11, 0xA2, 0x08, 0x82, 0x08, 0x82, 0x00, 0x61, 0x00, 0x41, 0x00,
    0x41, 0x00, 0x41, 0x00, 0x41, 0x00, 0x41, 0x00, 0x41, 0x00, 0x21, 0x00, 0xE4, 0x18, 0xE3, 0x10,
    0xA2, 0x08, 0x62, 0x08, 0x42, 0x00, 0x62, 0x00, 0xC2, 0x00, 0x84, 0x11, 0xA4, 0x19, 0x64, 0x11,
    0xA1, 0x00, 0xC3, 0x08, 0xA2, 0x08, 0xA2, 0x08, 0x82, 0x00, 0x61, 0x00, 0xC3, 0x08, 0x24, 0x11,
    0x03, 0x09, 0xE3, 0x08, 0x43, 0x09, 0x43, 0x11, 0x84, 0x11, 0x84, 0x11, 0xE3, 0x08, 0x03, 0x09,
    0x24, 0x11, 0x03, 0x09, 0x24, 0x11, 0x23, 0x09, 0x23, 0x09, 0x23, 0x09, 0x23, 0x09, 0x43, 0x09,
    0x43, 0x11, 0x43, 0x09, 0x43, 0x11, 0x44, 0x11, 0x63, 0x11, 0x63, 0x11, 0x64, 0x11, 0x63, 0x11,
    0x64, 0x11, 0x84, 0x11, 0x43, 0x09, 0x84, 0x11, 0xA4, 0x11, 0x84, 0x11, 0xE6, 0x19, 0x84, 0x11,
    0xA5, 0x11, 0x06, 0x1A, 0xC5, 0x11, 0xE5, 0x19, 0xC5, 0x19, 0xC5, 0x19, 0x27, 0x22, 0xA5, 0x19,
    0xE3, 0x08, 0xC3, 0x08, 0x65, 0x11, 0x64, 0x11, 0xA4, 0x11, 0x04, 0x22, 0xA5, 0x32, 0xE6, 0x3A,
    0x05, 0x22, 0x03, 0x09, 0xE3, 0x00, 0xC3, 0x08, 0xE3, 0x08, 0x61, 0x00, 0x41, 0x00, 0x41, 0x00,
    0x41, 0x00, 0x82, 0x00, 0x64, 0x11, 0x24, 0x09, 0xC6, 0x19, 0xA5, 0x11, 0xE2, 0x00, 0x85, 0x11,
    0x49, 0x2A, 0x32, 0x6C, 0x3F, 0xCF, 0xFE, 0xC6, 0x1E, 0xC7, 0x1E, 0xC7, 0x1E, 0xC7, 0x1E, 0xC7,
    0x1E, 0xC7, 0x1E, 0xC7, 0x1E, 0xC7, 0x1E, 0xC7, 0x1E, 0xC7, 0x1E, 0xC7, 0x1E, 0xC7, 0x1E, 0xC7,
    0x1E, 0xC7, 0x1E, 0xC7, 0x1E, 0xC7, 0x1E, 0xC7, 0x1E, 0xC7, 0x1E, 0xC7, 0x1E, 0xC7, 0x1E, 0xC7,
    0x1E, 0xC7, 0x1E, 0xC7, 0x1E, 0xC7, 0x1E, 0xC7, 0x1E, 0xC7, 0x1E, 0xC7, 0x1E, 0xC7, 0x1E, 0xC7,
    0x1E, 0xC7, 0x1E, 0xC7, 0x1E, 0xC7, 0x1E, 0xC7, 0x1E, 0xC7, 0x1E, 0xC7, 0x1E, 0xC7, 0x1E, 0xC7,
    0x1E, 0xC7, 0x1E, 0xC7, 0x1E, 0xC7, 0x1E, 0xC7, 0x1E, 0xC7, 0x1E, 0xC7, 0x1E, 0xC7, 0x1E, 0xC7,
    0x1E, 0xC7, 0x1E, 0xC7, 0x1E, 0xC7, 0x1E, 0xC7, 0x1E, 0xC7, 0x1E, 0xC7, 0x1E, 0xC7, 0x1E, 0xC7,
    0x1E, 0xC7, 0x1F, 0xC7, 0xFE, 0xC6, 0x1F, 0xC7, 0xAB, 0xEE, 0x40, 0xFE, 0x61, 0xFE, 0x60, 0xFE,
    0x60, 0xFE, 0x40, 0xFE, 0x60, 0xFE, 0xA0, 0xFE, 0xC0, 0xFE, 0xE1, 0xDD, 0x61, 0x7B, 0x62, 0x08,
    0x21, 0x00, 0x61, 0x08, 0x41, 0x00, 0x61, 0x00, 0x61, 0x00, 0xC2, 0x00, 0x81, 0x21, 0x62, 0x42,
    0x83, 0x19, 0xE3, 0x00, 0xE5, 0x19, 0xC4, 0x11, 0x63, 0x11, 0xA7, 0x22, 0xA4, 0x11, 0xE5, 0x19,
    0x08, 0x2B, 0x25, 0x1A, 0x05, 0x1A, 0x46, 0x1A, 0x05, 0x1A, 0xC4, 0x11, 0xE5, 0x11, 0x66, 0x1A,
    0xE8, 0x22, 0x09, 0x2B, 0x66, 0x1A, 0x84, 0x11, 0xE3, 0x08, 0xA2, 0x08, 0xA2, 0x00, 0xA2, 0x00,
    0xA2, 0x08, 0x41, 0x00, 0xC2, 0x08, 0x68, 0x43, 0xE7, 0x43, 0x07, 0x44, 0xE6, 0x3B, 0x84, 0x2B,
    0x44, 0x2B, 0xA2, 0x1A, 0xE3, 0x22, 0x08, 0x44, 0xEC, 0x64, 0xCB, 0x64, 0xAB, 0x64, 0xAC, 0x64,
    0xCC, 0x64, 0x47, 0x33, 0x86, 0x22, 0x05, 0x1A, 0x66, 0x22, 0x25, 0x1A, 0xE4, 0x19, 0x04, 0x1A,
    0xE4, 0x11, 0x25, 0x1A, 0x45, 0x1A, 0x04, 0x1A, 0xC4, 0x11, 0x43, 0x09, 0x81, 0x00, 0x41, 0x00,
    0xA2, 0x08, 0x83, 0x11, 0x24, 0x22, 0xE2, 0x08, 0x24, 0x09, 0xC6, 0x21, 0x03, 0x09, 0x82, 0x00,
    0xA2, 0x08, 0xC2, 0x08, 0x03, 0x11, 0xE3, 0x08, 0xA2, 0x08, 0x82, 0x00, 0x62, 0x00, 0x42, 0x00,
    0x41, 0x00, 0x41, 0x00, 0x41, 0x00, 0x41, 0x00, 0x41, 0x00, 0x41, 0x00, 0x62, 0x08, 0x61, 0x00,
    0x41, 0x00, 0x41, 0x00, 0x42, 0x00, 0x62, 0x00, 0x43, 0x11, 0x65, 0x22, 0x46, 0x22, 0xC2, 0x08,
    0xC3, 0x08, 0x02, 0x09, 0xE3, 0x08, 0xC2, 0x08, 0xA2, 0x00, 0xA2, 0x00, 0xE3, 0x08, 0xC3, 0x08,
    0x23, 0x09, 0x04, 0x09, 0x44, 0x11, 0x43, 0x09, 0xC5, 0x19, 0x84, 0x09, 0xE3, 0x08, 0xA2, 0x08,
    0x03, 0x11, 0x44, 0x09, 0x65, 0x11, 0x64, 0x11, 0x44, 0x11, 0x44, 0x11, 0x64, 0x11, 0x63, 0x11,
    0x63, 0x09, 0x64, 0x11, 0x64, 0x11, 0x23, 0x09, 0x23, 0x09, 0x43, 0x11, 0x23, 0x09, 0x23, 0x09,
    0x43, 0x09, 0x43, 0x09, 0x43, 0x11, 0x23, 0x09, 0x23, 0x09, 0x23, 0x09, 0x23, 0x09, 0x63, 0x11,
    0x43, 0x09, 0x23, 0x09, 0x43, 0x09, 0x23, 0x09, 0x23, 0x09, 0xE3, 0x08, 0x23, 0x09, 0x84, 0x11,
    0xA4, 0x11, 0x63, 0x09, 0x43, 0x09, 0x64, 0x11, 0x43, 0x09, 0x64, 0x09, 0x23, 0x01, 0x22, 0x09,
    0x23, 0x09, 0x23, 0x11, 0x24, 0x11, 0xA2, 0x00, 0x42, 0x00, 0x42, 0x00, 0x41, 0x00, 0x41, 0x00,
    0x41, 0x00, 0x82, 0x00, 0xE6, 0x19, 0xC5, 0x11, 0xA2, 0x00, 0xE8, 0x21, 0x52, 0x6C, 0xFA, 0xA5,
    0x1F, 0xCF, 0x5F, 0xCF, 0xFF, 0xC6, 0x1E, 0xC7, 0x1E, 0xC7, 0x1E, 0xC7, 0x1E, 0xC7, 0x1E, 0xC7,
    0x1E, 0xC7, 0x1E, 0xC7, 0x1E, 0xC7, 0x1E, 0xC7, 0x1E, 0xC7, 0x1E, 0xC7, 0x1E, 0xC7, 0x1E, 0xC7,
    0x1E, 0xC7, 0x1E, 0xC7, 0x1E, 0xC7, 0x1E, 0xC7, 0x1E, 0xC7, 0x1E, 0xC7, 0x1E, 0xC7, 0x1E, 0xC7,
    0x1E, 0xC7, 0x1E, 0xC7, 0x1E, 0xC7, 0x1E, 0xC7, 0x1E, 0xC7, 0x1E, 0xC7, 0x1E, 0xC7, 0x1E, 0xC7,
    0x1E, 0xC7, 0x1E, 0xC7, 0x1E, 0xC7, 0x1E, 0xC7, 0x1E, 0xC7, 0x1E, 0xC7, 0x1E, 0xC7, 0x1E, 0xC7,
    0x1E, 0xC7, 0x1E, 0xC7, 0x1E, 0xC7, 0x1E, 0xC7, 0x1E, 0xC7, 0x1E, 0xC7, 0x1E, 0xC7, 0x1E, 0xC7,
    0x1E, 0xC7, 0x1E, 0xC7, 0x1E, 0xC7, 0x1E, 0xC7, 0x1E, 0xC7, 0x1E, 0xC7, 0x1E, 0xC7, 0x1E, 0xC7,
    0x1E, 0xC7, 0x1E, 0xC7, 0x1E, 0xC7, 0x1F, 0xC7, 0xB0, 0xE6, 0x60, 0xFE, 0x40, 0xFE, 0x40, 0xFE,
    0x60, 0xFE, 0x80, 0xFE, 0x41, 0xF6, 0xE2, 0xBC, 0xA1, 0x62, 0x62, 0x19, 0x83, 0x00, 0x42, 0x00,
    0x80, 0x00, 0x62, 0x00, 0x41, 0x00, 0x61, 0x00, 0x01, 0x00, 0x02, 0x42, 0x42, 0xE6, 0x81, 0xFE,
    0xA1, 0xD5, 0xC2, 0x4A, 0xC5, 0x11, 0x43, 0x11, 0x66, 0x22, 0x46, 0x1A, 0xA4, 0x11, 0x29, 0x2B,
    0x87, 0x22, 0xE4, 0x11, 0xC3, 0x11, 0x04, 0x12, 0x66, 0x22, 0x86, 0x22, 0xA7, 0x22, 0x46, 0x1A,
    0x46, 0x1A, 0xA8, 0x22, 0x29, 0x2B, 0xC5, 0x19, 0xA2, 0x00, 0xE2, 0x08, 0xC2, 0x08, 0xA2, 0x08,
    0x82, 0x00, 0x62, 0x00, 0x61, 0x00, 0x42, 0x11, 0xC6, 0x32, 0xE8, 0x4B, 0xA4, 0x33, 0x06, 0x44,
    0x23, 0x2B, 0x44, 0x2B, 0x23, 0x2B, 0x03, 0x23, 0xCB, 0x5C, 0xEB, 0x64, 0xCC, 0x64, 0xAB, 0x5C,
    0xCB, 0x64, 0x2A, 0x54, 0x83, 0x11, 0x84, 0x11, 0x86, 0x1A, 0x66, 0x1A, 0x25, 0x1A, 0xE7, 0x22,
    0x66, 0x1A, 0x45, 0x1A, 0x46, 0x22, 0x23, 0x09, 0xA1, 0x00, 0xC2, 0x08, 0x82, 0x00, 0x41, 0x00,
    0x61, 0x00, 0xE2, 0x00, 0x43, 0x09, 0x85, 0x19, 0xC2, 0x00, 0xA5, 0x19, 0x65, 0x11, 0x40, 0x00,
    0x85, 0x21, 0x28, 0x32, 0xA2, 0x00, 0x03, 0x11, 0xC3, 0x08, 0xA2, 0x08, 0x82, 0x00, 0x42, 0x00,
    0x41, 0x00, 0x41, 0x00, 0x41, 0x00, 0x41, 0x00, 0x41, 0x00, 0x41, 0x00, 0x41, 0x00, 0x41, 0x00,
    0x41, 0x00, 0x61, 0x00, 0xA2, 0x08, 0xE2, 0x08, 0x42, 0x09, 0x04, 0x1A, 0x22, 0x09, 0x81, 0x00,
    0x03, 0x09, 0x02, 0x09, 0xE3, 0x08, 0xE2, 0x08, 0xE2, 0x08, 0xC2, 0x08, 0x82, 0x08, 0x62, 0x00,
    0x23, 0x09, 0x23, 0x09, 0x64, 0x11, 0x84, 0x11, 0xC5, 0x19, 0xA4, 0x11, 0xE3, 0x08, 0x41, 0x00,
    0x41, 0x00, 0xA2, 0x00, 0xC2, 0x00, 0x03, 0x09, 0x23, 0x09, 0x64, 0x11, 0x64, 0x11, 0x84, 0x11,
    0x84, 0x11, 0x64, 0x11, 0x84, 0x11, 0x84, 0x11, 0x84, 0x11, 0x64, 0x11, 0x63, 0x11, 0x63, 0x11,
    0x43, 0x11, 0x43, 0x11, 0x43, 0x09, 0x43, 0x09, 0x23, 0x09, 0x43, 0x11, 0x23, 0x11, 0x22, 0x09,
    0x22, 0x09, 0x23, 0x09, 0x02, 0x09, 0xE2, 0x08, 0xE2, 0x00, 0x84, 0x11, 0x87, 0x22, 0x08, 0x2B,
    0xE7, 0x22, 0x08, 0x23, 0x08, 0x2B, 0xE8, 0x2A, 0xC8, 0x22, 0xA7, 0x22, 0x87, 0x22, 0x26, 0x1A,
    0xA4, 0x11, 0x03, 0x09, 0xC2, 0x08, 0x03, 0x11, 0x03, 0x09, 0x81, 0x00, 0x41, 0x00, 0x41, 0x00,
    0x61, 0x00, 0x62, 0x00, 0xA2, 0x00, 0xC6, 0x19, 0x72, 0x74, 0x9C, 0xBE, 0x7F, 0xD7, 0x5F, 0xCF,
    0x1E, 0xC7, 0xFE, 0xC6, 0x1E, 0xC7, 0x1E, 0xC7, 0x1E, 0xC7, 0x1E, 0xC7, 0x1E, 0xC7, 0x1E, 0xC7,
    0x1E, 0xC7, 0x1E, 0xC7, 0x1E, 0xC7, 0x1E, 0xC7, 0x1E, 0xC7, 0x1E, 0xC7, 0x1E, 0xC7, 0x1E, 0xC7,
    0x1E, 0xC7, 0x1E, 0xC7, 0x1E, 0xC7, 0x1E, 0xC7, 0x1E, 0xC7, 0x1E, 0xC7, 0x1E, 0xC7, 0x1E, 0xC7,
    0x1E, 0xC7, 0x1E, 0xC7, 0x1E, 0xC7, 0x1E, 0xC7, 0x1E, 0xC7, 0x1E, 0xC7, 0x1E, 0xC7, 0x1E, 0xC7,
    0x1E, 0xC7, 0x1E, 0xC7, 0x1E, 0xC7, 0x1E, 0xC7, 0x1E, 0xC7, 0x1E, 0xC7, 0x1E, 0xC7, 0x1E, 0xC7,
    0x1E, 0xC7, 0x1E, 0xC7, 0x1E, 0xC7, 0x1E, 0xC7, 0x1E, 0xC7, 0x1E, 0xC7, 0x1E, 0xC7, 0x1E, 0xC7,
    0x1E, 0xC7, 0x1E, 0xC7, 0x1E, 0xC7, 0x1E, 0xC7, 0x1E, 0xC7, 0x1E, 0xC7, 0x1E, 0xC7, 0x1E, 0xC7,
    0x1E, 0xC7, 0x1E, 0xC7, 0x1E, 0xC7, 0x1F, 0xC7, 0x1B, 0xCF, 0xB5, 0xDE, 0xD3, 0xDE, 0x6E, 0xD6,
    0x8A, 0xAD, 0x67, 0x74, 0x60, 0x19, 0x21, 0x00, 0x41, 0x00, 0xA2, 0x00, 0xE2, 0x08, 0x61, 0x00,
    0x42, 0x00, 0x61, 0x00, 0x41, 0x00, 0x61, 0x00, 0x02, 0x00, 0x62, 0xB4, 0xE0, 0xFE, 0x40, 0xF6,
    0x80, 0xFE, 0x62, 0xF6, 0xA3, 0x4A, 0x84, 0x01, 0xE8, 0x2A, 0xC4, 0x11, 0xA7, 0x22, 0x08, 0x23,
    0x05, 0x12, 0x46, 0x1A, 0xE4, 0x11, 0xE4, 0x11, 0xC3, 0x09, 0x45, 0x1A, 0xC8, 0x22, 0xE8, 0x22,
    0x87, 0x22, 0x05, 0x12, 0x87, 0x1A, 0xE5, 0x19, 0x41, 0x00, 0xE2, 0x08, 0xC2, 0x08, 0xC2, 0x08,
    0xA2, 0x00, 0x81, 0x00, 0xA2, 0x00, 0xA1, 0x00, 0xC1, 0x08, 0xA5, 0x32, 0xE7, 0x4B, 0x27, 0x4C,
    0x44, 0x2B, 0x26, 0x44, 0x23, 0x2B, 0xE3, 0x22, 0x28, 0x4C, 0x0B, 0x6D, 0xEC, 0x64, 0xCC, 0x64,
    0xAB, 0x5C, 0xCC, 0x64, 0xA4, 0x19, 0x40, 0x00, 0x43, 0x09, 0x23, 0x11, 0xA1, 0x00, 0xC5, 0x19,
    0x23, 0x09, 0x81, 0x00, 0xA2, 0x08, 0x82, 0x00, 0xA2, 0x08, 0xC3, 0x08, 0x82, 0x00, 0x41, 0x00,
    0x41, 0x00, 0x62, 0x00, 0x44, 0x11, 0x64, 0x19, 0x81, 0x00, 0xA2, 0x00, 0xA5, 0x19, 0x03, 0x09,
    0xA6, 0x21, 0xAA, 0x42, 0xE3, 0x08, 0xC2, 0x08, 0xE3, 0x08, 0xC3, 0x08, 0x62, 0x00, 0x41, 0x00,
    0x41, 0x00, 0x41, 0x00, 0x41, 0x00, 0x41, 0x00, 0x21, 0x00, 0x21, 0x00, 0x41, 0x00, 0x41, 0x00,
    0x41, 0x00, 0x61, 0x00, 0xA3, 0x08, 0xE3, 0x08, 0x23, 0x11, 0x43, 0x11, 0x81, 0x00, 0x82, 0x00,
    0x03, 0x09, 0x23, 0x09, 0xE3, 0x08, 0xE2, 0x08, 0xE3, 0x08, 0x81, 0x00, 0x21, 0x00, 0x41, 0x00,
    0x84, 0x11, 0x64, 0x11, 0x84, 0x11, 0xC4, 0x11, 0xA4, 0x11, 0xC4, 0x11, 0x44, 0x11, 0xA2, 0x00,
    0x41, 0x00, 0x41, 0x00, 0x41, 0x00, 0xE3, 0x08, 0x43, 0x09, 0x43, 0x09, 0x43, 0x09, 0x43, 0x09,
    0x84, 0x09, 0xC4, 0x11, 0xA4, 0x19, 0xC5, 0x19, 0xE5, 0x19, 0xC4, 0x11, 0xE5, 0x11, 0xE5, 0x19,
    0xA4, 0x11, 0x83, 0x11, 0xA4, 0x11, 0xC4, 0x19, 0xA4, 0x11, 0x83, 0x11, 0x63, 0x09, 0x83, 0x11,
    0x63, 0x11, 0x43, 0x11, 0x23, 0x11, 0x43, 0x09, 0xA6, 0x22, 0x89, 0x33, 0xAA, 0x3B, 0xAA, 0x3B,
    0x8A, 0x3B, 0x29, 0x2B, 0x28, 0x2B, 0x29, 0x2B, 0x6A, 0x33, 0x69, 0x33, 0x49, 0x33, 0x29, 0x2B,
    0xE7, 0x22, 0x45, 0x22, 0xC2, 0x11, 0xE3, 0x19, 0x04, 0x1A, 0x63, 0x11, 0xA2, 0x08, 0x42, 0x00,
    0x62, 0x00, 0x00, 0x00, 0x87, 0x29, 0x19, 0xA6, 0x7F, 0xD7, 0x1F, 0xCF, 0xFE, 0xC6, 0xFE, 0xC6,
    0x1E, 0xC7, 0x1F, 0xC7, 0x1F, 0xC7, 0x1E, 0xC7, 0x1E, 0xC7, 0x1E, 0xC7, 0x1E, 0xC7, 0x1E, 0xC7,
    0x1E, 0xC7, 0x1E, 0xC7, 0x1E, 0xC7, 0x1E, 0xC7, 0x1E, 0xC7, 0x1E, 0xC7, 0x1E, 0xC7, 0x1E, 0xC7,
    0x1E, 0xC7, 0x1E, 0xC7, 0x1E, 0xC7, 0x1E, 0xC7, 0x1E, 0xC7, 0x1E, 0xC7, 0x1E, 0xC7, 0x1E, 0xC7,
    0x1E, 0xC7, 0x1E, 0xC7, 0x1E, 0xC7, 0x1E, 0xC7, 0x1E, 0xC7, 0x1E, 0xC7, 0x1E, 0xC7, 0x1E, 0xC7,
    0x1E, 0xC7, 0x1E, 0xC7, 0x1E, 0xC7, 0x1E, 0xC7, 0x1E, 0xC7, 0x1E, 0xC7, 0x1E, 0xC7, 0x1E, 0xC7,
    0x1E, 0xC7, 0x1E, 0xC7, 0x1E, 0xC7, 0x1E, 0xC7, 0x1E, 0xC7, 0x1E, 0xC7, 0x1E, 0xC7, 0x1E, 0xC7,
    0x1E, 0xC7, 0x1E, 0xC7, 0x1E, 0xC7, 0x1E, 0xC7, 0x1E, 0xC7, 0x1E, 0xC7, 0x1E, 0xC7, 0x1E, 0xC7,
    0x1E, 0xC7, 0x1E, 0xC7, 0x1E, 0xC7, 0xFF, 0xC6, 0x1F, 0xC7, 0x1F, 0xC7, 0x1F, 0xC7, 0x1F, 0xC7,
    0xFF, 0xBE, 0x7C, 0xAE, 0x11, 0x6C, 0x45, 0x19, 0x41, 0x00, 0x81, 0x08, 0xA3, 0x08, 0x81, 0x00,
    0x61, 0x00, 0x41, 0x00, 0x61, 0x00, 0x82, 0x08, 0x02, 0x00, 0xC2, 0x8B, 0xE1, 0xFE, 0x40, 0xF6,
    0x40, 0xFE, 0x60, 0xFE, 0x21, 0xF6, 0x85, 0x5B, 0x05, 0x0A, 0x26, 0x1A, 0x6A, 0x33, 0x05, 0x12,
    0xA7, 0x22, 0x49, 0x33, 0x45, 0x1A, 0x66, 0x22, 0x66, 0x1A, 0x45, 0x1A, 0x46, 0x1A, 0xE8, 0x22,
    0xE8, 0x2A, 0xA8, 0x22, 0x87, 0x22, 0x44, 0x11, 0x41, 0x00, 0x81, 0x00, 0xC2, 0x08, 0xC2, 0x08,
    0xE3, 0x08, 0xC2, 0x08, 0x03, 0x09, 0x03, 0x09, 0xA2, 0x08, 0xE1, 0x08, 0x84, 0x2A, 0xC6, 0x43,
    0x84, 0x33, 0xC8, 0x5C, 0x23, 0x2B, 0x84, 0x33, 0x64, 0x33, 0xEB, 0x64, 0xCB, 0x64, 0xCC, 0x64,
    0xAB, 0x5C, 0xCC, 0x5C, 0x86, 0x2A, 0x81, 0x00, 0x82, 0x00, 0x82, 0x00, 0x61, 0x00, 0x81, 0x00,
    0x82, 0x00, 0x82, 0x00, 0x62, 0x00, 0x61, 0x00, 0x03, 0x11, 0x03, 0x11, 0xA2, 0x00, 0x41, 0x00,
    0x41, 0x00, 0xE3, 0x08, 0xAA, 0x3A, 0xA5, 0x21, 0x61, 0x00, 0x82, 0x08, 0x81, 0x00, 0x44, 0x19,
    0x65, 0x21, 0xE3, 0x08, 0x04, 0x11, 0xA2, 0x00, 0xC2, 0x08, 0xC3, 0x08, 0x82, 0x08, 0x41, 0x00,
    0x41, 0x00, 0x41, 0x00, 0x62, 0x00, 0x82, 0x08, 0x24, 0x11, 0xC3, 0x08, 0x41, 0x00, 0x41, 0x00,
    0x61, 0x00, 0x82, 0x00, 0x82, 0x00, 0x61, 0x00, 0xA2, 0x00, 0x81, 0x00, 0x41, 0x00, 0xA2, 0x00,
    0x03, 0x09, 0x23, 0x09, 0xE2, 0x08, 0xE2, 0x08, 0xC2, 0x08, 0xA2, 0x08, 0xA2, 0x08, 0xE2, 0x08,
    0x84, 0x09, 0xA4, 0x11, 0xA4, 0x11, 0xE5, 0x11, 0xC5, 0x11, 0x44, 0x11, 0x24, 0x11, 0x44, 0x11,
    0x41, 0x00, 0x41, 0x00, 0xA2, 0x00, 0x85, 0x11, 0xC5, 0x11, 0xC5, 0x11, 0xE5, 0x19, 0x26, 0x1A,
    0x06, 0x1A, 0xA4, 0x11, 0x02, 0x09, 0xC5, 0x11, 0xA4, 0x11, 0x05, 0x1A, 0xE5, 0x19, 0x64, 0x11,
    0x43, 0x09, 0xA4, 0x11, 0x26, 0x1A, 0xE5, 0x19, 0x63, 0x11, 0x43, 0x11, 0x84, 0x11, 0x84, 0x11,
    0x63, 0x11, 0x64, 0x11, 0x23, 0x09, 0x45, 0x22, 0x88, 0x2B, 0x68, 0x2B, 0x48, 0x2B, 0x48, 0x2B,
    0x48, 0x2B, 0x08, 0x2B, 0xE7, 0x22, 0xC7, 0x22, 0xE8, 0x22, 0xE7, 0x2A, 0xC7, 0x22, 0xA5, 0x22,
    0x85, 0x1A, 0xA4, 0x22, 0xA4, 0x22, 0x84, 0x22, 0xC3, 0x11, 0xA4, 0x19, 0x23, 0x11, 0xC3, 0x08,
    0x00, 0x00, 0x29, 0x3A, 0xFD, 0xC6, 0x5F, 0xCF, 0xFE, 0xC6, 0xFE, 0xC6, 0x1E, 0xC7, 0x1E, 0xC7,
    0x1E, 0xC7, 0x1E, 0xC7, 0x1E, 0xC7, 0x1E, 0xC7, 0x1E, 0xC7, 0x1E, 0xC7, 0x1E, 0xC7, 0x1E, 0xC7,
    0x1E, 0xC7, 0x1E, 0xC7, 0x1E, 0xC7, 0x1E, 0xC7, 0x1E, 0xC7, 0x1E, 0xC7, 0x1E, 0xC7, 0x1E, 0xC7,
    0x1E, 0xC7, 0x1E, 0xC7, 0x1E, 0xC7, 0x1E, 0xC7, 0x1E, 0xC7, 0x1E, 0xC7, 0x1E, 0xC7, 0x1E, 0xC7,
    0x1E, 0xC7, 0x1E, 0xC7, 0x1E, 0xC7, 0x1E, 0xC7, 0x1E, 0xC7, 0x1E, 0xC7, 0x1E, 0xC7, 0x1E, 0xC7,
    0x1E, 0xC7, 0x1E, 0xC7, 0x1E, 0xC7, 0x1E, 0xC7, 0x1E, 0xC7, 0x1E, 0xC7, 0x1E, 0xC7, 0x1E, 0xC7,
    0x1E, 0xC7, 0x1E, 0xC7, 0x1E, 0xC7, 0x1E, 0xC7, 0x1E, 0xC7, 0x1E, 0xC7, 0x1E, 0xC7, 0x1E, 0xC7,
    0x1E, 0xC7, 0x1E, 0xC7, 0x1E, 0xC7, 0x1E, 0xC7, 0x1E, 0xC7, 0x1E, 0xC7, 0x1E, 0xC7, 0x1E, 0xC7,
    0x1E, 0xC7, 0x1E, 0xC7, 0x1E, 0xC7, 0x1F, 0xC7, 0x1E, 0xC7, 0x1E, 0xC7, 0x1E, 0xC7, 0x1E, 0xC7,
    0x1E, 0xC7, 0x3F, 0xCF, 0x7F, 0xD7, 0xDD, 0xC6, 0xAF, 0x63, 0x61, 0x00, 0x61, 0x00, 0x82, 0x08,
    0x41, 0x00, 0x61, 0x00, 0x62, 0x00, 0x82, 0x08, 0x41, 0x00, 0xE2, 0x18, 0xC1, 0xDD, 0x80, 0xFE,
    0x40, 0xFE, 0x60, 0xFE, 0x80, 0xFE, 0x63, 0xF6, 0xE3, 0x4A, 0x09, 0x1B, 0x08, 0x2B, 0x05, 0x1A,
    0x6A, 0x33, 0xC7, 0x22, 0x25, 0x1A, 0x04, 0x1A, 0xA6, 0x22, 0xE8, 0x22, 0xC7, 0x22, 0x87, 0x1A,
    0x87, 0x1A, 0x09, 0x2B, 0xC5, 0x11, 0x20, 0x00, 0x61, 0x00, 0x62, 0x00, 0x82, 0x08, 0xC2, 0x08,
    0xC2, 0x08, 0xE3, 0x08, 0xC2, 0x00, 0xE3, 0x10, 0x81, 0x00, 0x61, 0x00, 0x60, 0x00, 0x45, 0x2A,
    0x49, 0x54, 0x27, 0x54, 0x44, 0x33, 0xA4, 0x3B, 0x23, 0x2B, 0x48, 0x4C, 0x0D, 0x6D, 0xCC, 0x64,
    0xCC, 0x64, 0x8B, 0x54, 0x07, 0x33, 0xE2, 0x00, 0xC2, 0x08, 0x82, 0x00, 0x61, 0x00, 0x82, 0x00,
    0xA2, 0x08, 0xA2, 0x08, 0x62, 0x00, 0x81, 0x00, 0x64, 0x21, 0x64, 0x19, 0xA2, 0x00, 0x41, 0x00,
    0x82, 0x08, 0xA5, 0x21, 0x48, 0x32, 0xC2, 0x08, 0xC2, 0x08, 0xE3, 0x10, 0x61, 0x00, 0x82, 0x08,
    0x03, 0x11, 0xC2, 0x08, 0x44, 0x19, 0xC3, 0x08, 0x82, 0x00, 0x82, 0x00, 0x82, 0x00, 0x61, 0x00,
    0x41, 0x00, 0x81, 0x00, 0x23, 0x11, 0x23, 0x09, 0xA4, 0x19, 0xE2, 0x08, 0x21, 0x00, 0x41, 0x00,
    0x62, 0x00, 0x82, 0x00, 0x82, 0x08, 0x61, 0x00, 0x61, 0x00, 0x41, 0x00, 0x41, 0x00, 0xA2, 0x00,
    0x03, 0x09, 0x02, 0x09, 0xC2, 0x08, 0xC2, 0x08, 0xA2, 0x00, 0xA2, 0x00, 0xE2, 0x08, 0x83, 0x11,
    0xC5, 0x11, 0xC5, 0x11, 0xE5, 0x19, 0x06, 0x1A, 0xA6, 0x19, 0xC2, 0x08, 0x81, 0x00, 0xA2, 0x00,
    0x82, 0x00, 0x41, 0x00, 0x03, 0x09, 0xC5, 0x19, 0x26, 0x1A, 0x47, 0x22, 0x87, 0x22, 0x88, 0x22,
    0x67, 0x1A, 0xA5, 0x11, 0xC2, 0x00, 0xE5, 0x19, 0x67, 0x2A, 0x43, 0x11, 0x81, 0x00, 0x61, 0x00,
    0x61, 0x00, 0x81, 0x00, 0xC2, 0x00, 0xA5, 0x19, 0xE6, 0x29, 0x41, 0x00, 0x61, 0x00, 0xA6, 0x21,
    0x70, 0x7C, 0xED, 0x6B, 0xC4, 0x19, 0x48, 0x33, 0xE9, 0x3B, 0xA8, 0x33, 0x88, 0x33, 0x07, 0x23,
    0xE7, 0x22, 0xA6, 0x22, 0x45, 0x1A, 0x25, 0x1A, 0x05, 0x1A, 0xA4, 0x11, 0xA3, 0x11, 0xE5, 0x32,
    0xA4, 0x2A, 0xA3, 0x22, 0x84, 0x22, 0xA2, 0x11, 0x82, 0x11, 0x63, 0x11, 0x43, 0x11, 0xA1, 0x00,
    0x28, 0x32, 0x1E, 0xCF, 0x3F, 0xCF, 0xFE, 0xC6, 0x1E, 0xC7, 0x1E, 0xC7, 0x1E, 0xC7, 0x1E, 0xC7,
    0x1E, 0xC7, 0x1E, 0xC7, 0x1E, 0xC7, 0x1E, 0xC7, 0x1E, 0xC7, 0x1E, 0xC7, 0x1E, 0xC7, 0x1E, 0xC7,
    0x1E, 0xC7, 0x1E, 0xC7, 0x1E, 0xC7, 0x1E, 0xC7, 0x1E, 0xC7, 0x1E, 0xC7, 0x1E, 0xC7, 0x1E, 0xC7,
    0x1E, 0xC7, 0x1E, 0xC7, 0x1E, 0xC7, 0x1E, 0xC7, 0x1E, 0xC7, 0x1E, 0xC7, 0x1E, 0xC7, 0x1E, 0xC7,
    0x1E, 0xC7, 0x1E, 0xC7, 0x1E, 0xC7, 0x1E, 0xC7, 0x1E, 0xC7, 0x1E, 0xC7, 0x1E, 0xC7, 0x1E, 0xC7,
    0x1E, 0xC7, 0x1E, 0xC7, 0x1E, 0xC7, 0x1E, 0xC7, 0x1E, 0xC7, 0x1E, 0xC7, 0x1E, 0xC7, 0x1E, 0xC7,
    0x1E, 0xC7, 0x1E, 0xC7, 0x1E, 0xC7, 0x1E, 0xC7, 0x1E, 0xC7, 0x1E, 0xC7, 0x1E, 0xC7, 0x1E, 0xC7,
    0x1E, 0xC7, 0x1E, 0xC7, 0x1E, 0xC7, 0x1E, 0xC7, 0x1E, 0xC7, 0x1E, 0xC7, 0x1E, 0xC7, 0x1E, 0xC7,
    0x1E, 0xC7, 0x1E, 0xC7, 0x1E, 0xC7, 0x1E, 0xC7, 0x1E, 0xC7, 0x1E, 0xC7, 0x1E, 0xC7, 0x1E, 0xC7,
    0x1E, 0xC7, 0xFE, 0xC6, 0xFE, 0xC6, 0x1F, 0xC7, 0x9F, 0xD7, 0x97, 0x9D, 0x04, 0x19, 0x00, 0x00,
    0x61, 0x08, 0x82, 0x00, 0x82, 0x00, 0x82, 0x00, 0x82, 0x08, 0x41, 0x00, 0x21, 0x29, 0xC1, 0xDD,
    0x80, 0xFE, 0x40, 0xFE, 0x60, 0xFE, 0x60, 0xFE, 0x61, 0xF6, 0x07, 0x64, 0x26, 0x12, 0x29, 0x33,
    0x08, 0x23, 0x66, 0x1A, 0x45, 0x1A, 0x25, 0x1A, 0xE4, 0x11, 0x86, 0x1A, 0x49, 0x33, 0x49, 0x33,
    0xA7, 0x1A, 0x46, 0x1A, 0x43, 0x11, 0x41, 0x00, 0x61, 0x00, 0x61, 0x00, 0x61, 0x00, 0x82, 0x00,
    0xA2, 0x08, 0xA2, 0x00, 0x82, 0x08, 0x82, 0x08, 0x61, 0x00, 0x81, 0x00, 0x82, 0x00, 0xA1, 0x00,
    0xCA, 0x53, 0x0C, 0x75, 0x46, 0x54, 0x64, 0x33, 0x64, 0x33, 0x07, 0x44, 0x2D, 0x6D, 0xAC, 0x64,
    0xAB, 0x5C, 0xCC, 0x5C, 0x86, 0x2A, 0xC2, 0x00, 0xE3, 0x08, 0xA2, 0x00, 0x61, 0x00, 0x61, 0x00,
    0xC3, 0x08, 0xC3, 0x08, 0xA2, 0x08, 0x81, 0x00, 0x23, 0x19, 0x44, 0x19, 0x81, 0x00, 0x61, 0x00,
    0x82, 0x00, 0xE7, 0x29, 0xA6, 0x21, 0xE3, 0x08, 0xE3, 0x08, 0x65, 0x21, 0x61, 0x00, 0x82, 0x00,
    0x82, 0x08, 0xA2, 0x08, 0xE3, 0x08, 0x65, 0x19, 0x03, 0x09, 0xE3, 0x08, 0x23, 0x11, 0xE3, 0x08,
    0xC1, 0x00, 0x43, 0x11, 0x22, 0x09, 0x23, 0x11, 0xA1, 0x00, 0x41, 0x00, 0x41, 0x00, 0x41, 0x00,
    0x41, 0x00, 0x41, 0x00, 0x62, 0x08, 0x41, 0x00, 0x82, 0x00, 0x03, 0x09, 0x03, 0x09, 0xE2, 0x08,
    0x23, 0x11, 0xE2, 0x08, 0x81, 0x00, 0x81, 0x00, 0xA2, 0x00, 0xA2, 0x00, 0xC2, 0x00, 0x63, 0x11,
    0x06, 0x1A, 0xE5, 0x11, 0xA3, 0x11, 0x85, 0x11, 0x25, 0x09, 0xA2, 0x00, 0x82, 0x00, 0x82, 0x00,
    0x82, 0x08, 0xA2, 0x08, 0x23, 0x09, 0x26, 0x1A, 0x67, 0x1A, 0x67, 0x22, 0x26, 0x1A, 0x67, 0x1A,
    0xC9, 0x22, 0x67, 0x22, 0x44, 0x11, 0x64, 0x11, 0xC2, 0x08, 0x81, 0x00, 0x82, 0x00, 0xA2, 0x00,
    0xA2, 0x00, 0x82, 0x00, 0x40, 0x00, 0xA2, 0x00, 0x48, 0x32, 0x62, 0x00, 0xA7, 0x31, 0x4D, 0x63,
    0x0B, 0x53, 0x4A, 0x53, 0xC9, 0x4B, 0xE9, 0x43, 0xA8, 0x33, 0x47, 0x33, 0xC5, 0x22, 0x44, 0x1A,
    0xE3, 0x19, 0xA3, 0x11, 0x82, 0x11, 0x62, 0x11, 0x42, 0x11, 0x42, 0x09, 0xA3, 0x11, 0x43, 0x22,
    0x62, 0x09, 0x62, 0x09, 0x41, 0x09, 0x22, 0x09, 0x23, 0x11, 0x42, 0x11, 0x02, 0x09, 0xC6, 0x21,
    0x9C, 0xBE, 0x3F, 0xCF, 0xFE, 0xC6, 0x1E, 0xC7, 0x1E, 0xC7, 0x1E, 0xC7, 0x1E, 0xC7, 0x1E, 0xC7,
    0x1E, 0xC7, 0x1E, 0xC7, 0x1E, 0xC7, 0x1E, 0xC7, 0x1E, 0xC7, 0x1E, 0xC7, 0x1E, 0xC7, 0x1E, 0xC7,
    0x1E, 0xC7, 0x1E, 0xC7, 0x1E, 0xC7, 0x1E, 0xC7, 0x1E, 0xC7, 0x1E, 0xC7, 0x1E, 0xC7, 0x1E, 0xC7,
    0x1E, 0xC7, 0x1E, 0xC7, 0x1E, 0xC7, 0x1E, 0xC7, 0x1E, 0xC7, 0x1E, 0xC7, 0x1E, 0xC7, 0x1E, 0xC7,
    0x1E, 0xC7, 0x1E, 0xC7, 0x1E, 0xC7, 0x1E, 0xC7, 0x1E, 0xC7, 0x1E, 0xC7, 0x1E, 0xC7, 0x1E, 0xC7,
    0x1E, 0xC7, 0x1E, 0xC7, 0x1E, 0xC7, 0x1E, 0xC7, 0x1E, 0xC7, 0x1E, 0xC7, 0x1E, 0xC7, 0x1E, 0xC7,
    0x1E, 0xC7, 0x1E, 0xC7, 0x1E, 0xC7, 0x1E, 0xC7, 0x1E, 0xC7, 0x1E, 0xC7, 0x1E, 0xC7, 0x1E, 0xC7,
    0x1E, 0xC7, 0x1E, 0xC7, 0x1E, 0xC7, 0x1E, 0xC7, 0x1E, 0xC7, 0x1E, 0xC7, 0x1E, 0xC7, 0x1E, 0xC7,
    0x1E, 0xC7, 0x1E, 0xC7, 0x1E, 0xC7, 0x1E, 0xC7, 0x1E, 0xC7, 0x1E, 0xC7, 0x1E, 0xC7, 0x1E, 0xC7,
    0x1E, 0xC7, 0x1E, 0xC7, 0x1E, 0xC7, 0xFE, 0xC6, 0xFE, 0xC6, 0x7F, 0xD7, 0x7C, 0xB6, 0x46, 0x21,
    0x20, 0x00, 0x82, 0x08, 0x62, 0x00, 0x82, 0x00, 0x82, 0x08, 0xA1, 0x08, 0x41, 0x00, 0x61, 0x29,
    0xE2, 0xE5, 0x80, 0xFE, 0x40, 0xFE, 0x60, 0xFE, 0x80, 0xFE, 0xC2, 0xD5, 0xC7, 0x32, 0xCB, 0x33,
    0x66, 0x1A, 0x8A, 0x3B, 0xE7, 0x2A, 0x04, 0x12, 0xC7, 0x22, 0xC7, 0x22, 0x87, 0x1A, 0x29, 0x2B,
    0x09, 0x2B, 0x26, 0x1A, 0xC2, 0x08, 0x41, 0x00, 0x41, 0x00, 0x41, 0x00, 0x61, 0x00, 0x81, 0x00,
    0x82, 0x00, 0xA2, 0x08, 0x82, 0x00, 0x81, 0x00, 0x61, 0x00, 0x82, 0x00, 0xA2, 0x08, 0x81, 0x00,
    0x61, 0x00, 0x47, 0x43, 0xE7, 0x4B, 0xA6, 0x43, 0xC6, 0x3B, 0xA6, 0x3B, 0x69, 0x54, 0xCC, 0x64,
    0xCC, 0x64, 0xCC, 0x5C, 0xE4, 0x19, 0xE2, 0x08, 0x23, 0x11, 0xA2, 0x00, 0x61, 0x00, 0x41, 0x00,
    0x82, 0x00, 0xC3, 0x08, 0xA2, 0x08, 0x61, 0x00, 0x03, 0x11, 0xE3, 0x10, 0x81, 0x00, 0x62, 0x00,
    0x61, 0x00, 0x85, 0x19, 0x24, 0x19, 0x24, 0x11, 0x44, 0x19, 0x65, 0x21, 0x41, 0x00, 0x61, 0x00,
    0x82, 0x08, 0xA2, 0x00, 0xC2, 0x08, 0x23, 0x09, 0x23, 0x09, 0x64, 0x11, 0x83, 0x19, 0x22, 0x09,
    0x43, 0x11, 0x23, 0x11, 0xE2, 0x08, 0x03, 0x09, 0x61, 0x00, 0x41, 0x00, 0x41, 0x00, 0x41, 0x00,
    0x41, 0x00, 0xC2, 0x00, 0xC3, 0x00, 0xC2, 0x08, 0x84, 0x11, 0x66, 0x22, 0xA4, 0x11, 0x43, 0x09,
    0x64, 0x11, 0x43, 0x09, 0x43, 0x11, 0xC2, 0x00, 0x81, 0x00, 0xA2, 0x00, 0xE2, 0x08, 0x63, 0x11,
    0x67, 0x22, 0x66, 0x1A, 0xA3, 0x11, 0x23, 0x09, 0x45, 0x11, 0xE3, 0x08, 0x61, 0x00, 0x82, 0x00,
    0x62, 0x00, 0x82, 0x00, 0xE7, 0x21, 0x27, 0x12, 0x88, 0x22, 0xE6, 0x19, 0x26, 0x1A, 0xA8, 0x22,
    0x88, 0x22, 0x26, 0x22, 0xC2, 0x08, 0x81, 0x00, 0x81, 0x00, 0xA2, 0x08, 0xE3, 0x08, 0xE2, 0x08,
    0x02, 0x09, 0x23, 0x09, 0x23, 0x11, 0xC2, 0x00, 0x23, 0x11, 0xC5, 0x19, 0xE5, 0x19, 0xE5, 0x19,
    0x03, 0x1A, 0x26, 0x33, 0x45, 0x2B, 0xE4, 0x22, 0x63, 0x1A, 0x23, 0x1A, 0xE2, 0x11, 0xC2, 0x11,
    0xC2, 0x19, 0xA2, 0x11, 0xA2, 0x11, 0xA2, 0x11, 0x82, 0x11, 0x82, 0x11, 0x62, 0x11, 0x42, 0x09,
    0x62, 0x09, 0x82, 0x09, 0x83, 0x11, 0x83, 0x11, 0x63, 0x11, 0x23, 0x11, 0x81, 0x00, 0x56, 0x95,
    0x7F, 0xD7, 0xFE, 0xC6, 0x1E, 0xC7, 0x1E, 0xC7, 0x1E, 0xC7, 0x1E, 0xC7, 0x1E, 0xC7, 0x1E, 0xC7,
    0x1E, 0xC7, 0x1E, 0xC7, 0x1E, 0xC7, 0x1E, 0xC7, 0x1E, 0xC7, 0x1E, 0xC7, 0x1E, 0xC7, 0x1E, 0xC7,
    0x1E, 0xC7, 0x1E, 0xC7, 0x1E, 0xC7, 0x1E, 0xC7, 0x1E, 0xC7, 0x1E, 0xC7, 0x1E, 0xC7, 0x1E, 0xC7,
    0x1E, 0xC7, 0x1E, 0xC7, 0x1E, 0xC7, 0x1E, 0xC7, 0x1E, 0xC7, 0x1E, 0xC7, 0x1E, 0xC7, 0x1E, 0xC7,
    0x1E, 0xC7, 0x1E, 0xC7, 0x1E, 0xC7, 0x1E, 0xC7, 0x1E, 0xC7, 0x1E, 0xC7, 0x1E, 0xC7, 0x1E, 0xC7,
    0x1E, 0xC7, 0x1E, 0xC7, 0x1E, 0xC7, 0x1E, 0xC7, 0x1E, 0xC7, 0x1E, 0xC7, 0x1E, 0xC7, 0x1E, 0xC7,
    0x1E, 0xC7, 0x1E, 0xC7, 0x1E, 0xC7, 0x1E, 0xC7, 0x1E, 0xC7, 0x1E, 0xC7, 0x1E, 0xC7, 0x1E, 0xC7,
    0x1E, 0xC7, 0x1E, 0xC7, 0x1E, 0xC7, 0x1E, 0xC7, 0x1E, 0xC7, 0x1E, 0xC7, 0x1E, 0xC7, 0x1E, 0xC7,
    0x1E, 0xC7, 0x1E, 0xC7, 0x1E, 0xC7, 0x1E, 0xC7, 0x1E, 0xC7, 0x1E, 0xC7, 0x1E, 0xC7, 0x1E, 0xC7,
    0x1E, 0xC7, 0x1E, 0xC7, 0x1E, 0xC7, 0x1E, 0xC7, 0x1E, 0xC7, 0xDE, 0xC6, 0x5F, 0xCF, 0x5B, 0xB6,
    0xE4, 0x10, 0x20, 0x00, 0x82, 0x00, 0xA2, 0x00, 0xA2, 0x00, 0xA2, 0x00, 0xC2, 0x08, 0x41, 0x00,
    0x81, 0x31, 0x01, 0xE6, 0x80, 0xFE, 0x40, 0xFE, 0x40, 0xFE, 0x60, 0xFE, 0x48, 0x64, 0x0A, 0x23,
    0xA7, 0x22, 0x8A, 0x33, 0xA7, 0x1A, 0x25, 0x12, 0x66, 0x1A, 0x8A, 0x3B, 0x49, 0x33, 0xA7, 0x1A,
    0x29, 0x2B, 0xA5, 0x11, 0x20, 0x00, 0x61, 0x00, 0x41, 0x00, 0x61, 0x00, 0x61, 0x00, 0x62, 0x00,
    0x62, 0x00, 0x82, 0x00, 0xA2, 0x08, 0xA2, 0x00, 0xA2, 0x00, 0xA2, 0x00, 0x81, 0x00, 0x61, 0x00,
    0x61, 0x00, 0x61, 0x00, 0xC3, 0x19, 0x09, 0x54, 0x86, 0x33, 0xA6, 0x3B, 0xA6, 0x3B, 0x8A, 0x5C,
    0xEC, 0x64, 0xC9, 0x43, 0x43, 0x09, 0x03, 0x09, 0x43, 0x11, 0xA2, 0x08, 0x61, 0x00, 0x41, 0x00,
    0x41, 0x00, 0x41, 0x00, 0x82, 0x08, 0xC2, 0x10, 0x83, 0x19, 0x84, 0x19, 0x81, 0x00, 0x82, 0x00,
    0x82, 0x00, 0x03, 0x11, 0xC2, 0x08, 0x82, 0x00, 0x04, 0x19, 0x44, 0x19, 0x61, 0x00, 0x61, 0x00,
    0x61, 0x00, 0x41, 0x00, 0x41, 0x00, 0xA2, 0x00, 0x44, 0x11, 0x25, 0x22, 0xE4, 0x19, 0xE1, 0x00,
    0xE1, 0x08, 0x43, 0x11, 0x43, 0x11, 0x43, 0x09, 0x81, 0x00, 0x41, 0x00, 0x41, 0x00, 0x62, 0x00,
    0x82, 0x08, 0xE6, 0x19, 0x46, 0x1A, 0x26, 0x1A, 0x6A, 0x3B, 0x29, 0x2B, 0x66, 0x1A, 0x67, 0x1A,
    0x66, 0x22, 0x26, 0x1A, 0x25, 0x1A, 0xE5, 0x19, 0xC2, 0x08, 0x61, 0x00, 0x23, 0x09, 0xE3, 0x11,
    0xE8, 0x2A, 0x86, 0x1A, 0x04, 0x1A, 0xA3, 0x11, 0x84, 0x11, 0xC6, 0x21, 0xC2, 0x08, 0x41, 0x00,
    0x61, 0x00, 0x62, 0x00, 0x64, 0x11, 0x47, 0x1A, 0x07, 0x1A, 0x84, 0x11, 0xA5, 0x19, 0xE5, 0x19,
    0x87, 0x1A, 0xA8, 0x22, 0x23, 0x09, 0x84, 0x19, 0x43, 0x09, 0x23, 0x09, 0x22, 0x09, 0x22, 0x11,
    0x43, 0x11, 0x42, 0x09, 0xA3, 0x11, 0x45, 0x22, 0x86, 0x2A, 0xA6, 0x2A, 0x85, 0x22, 0x84, 0x1A,
    0x88, 0x43, 0x88, 0x43, 0xE6, 0x2A, 0x85, 0x22, 0x85, 0x22, 0x64, 0x22, 0x64, 0x22, 0x64, 0x22,
    0x23, 0x1A, 0x03, 0x12, 0xC3, 0x11, 0xC3, 0x11, 0xC3, 0x11, 0xA2, 0x11, 0xA3, 0x11, 0xC4, 0x19,
    0xC4, 0x19, 0xC4, 0x19, 0x23, 0x11, 0xE3, 0x08, 0xE2, 0x08, 0x40, 0x00, 0x6A, 0x3A, 0x5F, 0xD7,
    0xFE, 0xC6, 0x1E, 0xC7, 0x1E, 0xC7, 0x1E, 0xC7, 0x1E, 0xC7, 0x1E, 0xC7, 0x1E, 0xC7, 0x1E, 0xC7,
    0x1E, 0xC7, 0x1E, 0xC7, 0x1E, 0xC7, 0x1E, 0xC7, 0x1E, 0xC7, 0x1E, 0xC7, 0x1E, 0xC7, 0x1E, 0xC7,
    0x1E, 0xC7, 0x1E, 0xC7, 0x1E, 0xC7, 0x1E, 0xC7, 0x1E, 0xC7, 0x1E, 0xC7, 0x1E, 0xC7, 0x1E, 0xC7,
    0x1E, 0xC7, 0x1E, 0xC7, 0x1E, 0xC7, 0x1E, 0xC7, 0x1E, 0xC7, 0x1E, 0xC7, 0x1E, 0xC7, 0x1E, 0xC7,
    0x1E, 0xC7, 0x1E, 0xC7, 0x1E, 0xC7, 0x1E, 0xC7, 0x1E, 0xC7, 0x1E, 0xC7, 0x1E, 0xC7, 0x1E, 0xC7,
    0x1E, 0xC7, 0x1E, 0xC7, 0x1E, 0xC7, 0x1E, 0xC7, 0x1E, 0xC7, 0x1E, 0xC7, 0x1E, 0xC7, 0x1E, 0xC7,
    0x1E, 0xC7, 0x1E, 0xC7, 0x1E, 0xC7, 0x1E, 0xC7, 0x1E, 0xC7, 0x1E, 0xC7, 0x1E, 0xC7, 0x1E, 0xC7,
    0x1E, 0xC7, 0x1E, 0xC7, 0x1E, 0xC7, 0x1E, 0xC7, 0x1E, 0xC7, 0x1E, 0xC7, 0x1E, 0xC7, 0x1E, 0xC7,
    0x1E, 0xC7, 0x1E, 0xC7, 0x1E, 0xC7, 0x1E, 0xC7, 0x1E, 0xC7, 0x1E, 0xC7, 0x1E, 0xC7, 0x1E, 0xC7,
    0x1E, 0xC7, 0x1E, 0xC7, 0x1E, 0xC7, 0x1E, 0xC7, 0x1E, 0xC7, 0x1E, 0xC7, 0xFE, 0xC6, 0x9F, 0xD7,
    0x36, 0x95, 0x41, 0x00, 0xC2, 0x08, 0xA2, 0x00, 0xC2, 0x08, 0xC2, 0x08, 0xA2, 0x08, 0xC2, 0x08,
    0x62, 0x00, 0xA2, 0x31, 0xE2, 0xE5, 0xC0, 0xFE, 0x80, 0xFE, 0x22, 0xEE, 0xEA, 0x53, 0xC9, 0x1A,
    0x6A, 0x3B, 0x08, 0x23, 0x29, 0x2B, 0xC7, 0x22, 0x25, 0x12, 0x45, 0x12, 0x8A, 0x3B, 0x8A, 0x33,
    0x29, 0x2B, 0x64, 0x11, 0x20, 0x00, 0x61, 0x00, 0x61, 0x00, 0x61, 0x00, 0x61, 0x00, 0x61, 0x00,
    0x61, 0x00, 0x62, 0x00, 0xA2, 0x08, 0xA2, 0x00, 0xC2, 0x08, 0xC2, 0x08, 0xA2, 0x08, 0x82, 0x00,
    0x81, 0x00, 0x81, 0x00, 0xC2, 0x08, 0x85, 0x2A, 0xE8, 0x4B, 0xE7, 0x43, 0x65, 0x33, 0xE8, 0x43,
    0x8A, 0x54, 0x24, 0x1A, 0x02, 0x09, 0x43, 0x11, 0x23, 0x09, 0x82, 0x08, 0x61, 0x00, 0x41, 0x00,
    0x41, 0x00, 0x41, 0x00, 0x81, 0x00, 0x02, 0x11, 0x25, 0x2A, 0xC4, 0x21, 0x81, 0x00, 0x41, 0x00,
    0xA2, 0x08, 0x04, 0x11, 0xA2, 0x08, 0x61, 0x00, 0xA2, 0x08, 0x45, 0x21, 0x61, 0x00, 0x61, 0x00,
    0x62, 0x00, 0x41, 0x00, 0x21, 0x00, 0x41, 0x00, 0xA2, 0x08, 0x22, 0x09, 0x83, 0x11, 0x03, 0x09,
    0x22, 0x11, 0x22, 0x09, 0x02, 0x09, 0x43, 0x09, 0x03, 0x09, 0x44, 0x11, 0x44, 0x09, 0x44, 0x11,
    0x03, 0x11, 0x64, 0x09, 0x87, 0x22, 0xC7, 0x22, 0x08, 0x2B, 0x29, 0x2B, 0x29, 0x2B, 0x49, 0x2B,
    0xE7, 0x22, 0xE8, 0x22, 0xA6, 0x22, 0x45, 0x1A, 0xA4, 0x11, 0x82, 0x00, 0xE2, 0x08, 0xC6, 0x32,
    0xC7, 0x22, 0x45, 0x1A, 0xE4, 0x11, 0xE4, 0x19, 0xC3, 0x11, 0xC4, 0x19, 0x84, 0x11, 0x02, 0x09,
    0x61, 0x00, 0x82, 0x00, 0xA5, 0x11, 0x06, 0x12, 0xA5, 0x11, 0x03, 0x09, 0x43, 0x11, 0xA4, 0x11,
    0xA7, 0x22, 0xC8, 0x22, 0x46, 0x1A, 0xC4, 0x11, 0xC4, 0x11, 0x84, 0x11, 0xE5, 0x21, 0x05, 0x2A,
    0xA2, 0x11, 0x44, 0x1A, 0xE6, 0x2A, 0xE5, 0x22, 0xC5, 0x22, 0xA5, 0x22, 0x44, 0x1A, 0x45, 0x22,
    0x43, 0x11, 0xA2, 0x08, 0xA2, 0x00, 0xA2, 0x00, 0xA2, 0x00, 0xC2, 0x08, 0x22, 0x09, 0x63, 0x11,
    0xA3, 0x11, 0x04, 0x1A, 0x64, 0x22, 0x64, 0x22, 0x44, 0x1A, 0x24, 0x1A, 0x03, 0x1A, 0x24, 0x1A,
    0xA3, 0x11, 0x02, 0x09, 0xA2, 0x00, 0xC3, 0x08, 0xC2, 0x08, 0x82, 0x00, 0x57, 0x95, 0x5F, 0xD7,
    0xFE, 0xC6, 0x1E, 0xC7, 0x1E, 0xC7, 0x1E, 0xC7, 0x1E, 0xC7, 0x1E, 0xC7, 0x1E, 0xC7, 0x1E, 0xC7,
    0x1E, 0xC7, 0x1E, 0xC7, 0x1E, 0xC7, 0x1E, 0xC7, 0x1E, 0xC7, 0x1E, 0xC7, 0x1E, 0xC7, 0x1E, 0xC7,
    0x1E, 0xC7, 0x1E, 0xC7, 0x1E, 0xC7, 0x1E, 0xC7, 0x1E, 0xC7, 0x1E, 0xC7, 0x1E, 0xC7, 0x1E, 0xC7,
    0x1E, 0xC7, 0x1E, 0xC7, 0x1E, 0xC7, 0x1E, 0xC7, 0x1E, 0xC7, 0x1E, 0xC7, 0x1E, 0xC7, 0x1E, 0xC7,
    0x1E, 0xC7, 0x1E, 0xC7, 0x1E, 0xC7, 0x1E, 0xC7, 0x1E, 0xC7, 0x1E, 0xC7, 0x1E, 0xC7, 0x1E, 0xC7,
    0x1E, 0xC7, 0x1E, 0xC7, 0x1E, 0xC7, 0x1E, 0xC7, 0x1E, 0xC7, 0x1E, 0xC7, 0x1E, 0xC7, 0x1E, 0xC7,
    0x1E, 0xC7, 0x1E, 0xC7, 0x1E, 0xC7, 0x1E, 0xC7, 0x1E, 0xC7, 0x1E, 0xC7, 0x1E, 0xC7, 0x1E, 0xC7,
    0x1E, 0xC7, 0x1E, 0xC7, 0x1E, 0xC7, 0x1E, 0xC7, 0x1E, 0xC7, 0x1E, 0xC7, 0x1E, 0xC7, 0x1E, 0xC7,
    0x1E, 0xC7, 0x1E, 0xC7, 0x1E, 0xC7, 0x1E, 0xC7, 0x1E, 0xC7, 0x1E, 0xC7, 0x1E, 0xC7, 0x1E, 0xC7,
    0x1E, 0xC7, 0x1E, 0xC7, 0x1E, 0xC7, 0x1E, 0xC7, 0x1E, 0xC7, 0x1E, 0xC7, 0x1F, 0xC7, 0xFE, 0xC6,
    0x7F, 0xD7, 0xCC, 0x42, 0x40, 0x00, 0xC2, 0x08, 0xA2, 0x08, 0xC2, 0x08, 0xC2, 0x08, 0xC2, 0x08,
    0xC3, 0x08, 0x82, 0x00, 0x42, 0x21, 0x63, 0x94, 0x23, 0xAD, 0x86, 0x53, 0x28, 0x2B, 0xC7, 0x22,
    0xAB, 0x3B, 0xC7, 0x22, 0xEC, 0x4B, 0xE8, 0x22, 0xA7, 0x22, 0xA7, 0x22, 0x46, 0x1A, 0xE8, 0x22,
    0xA7, 0x22, 0x02, 0x09, 0x61, 0x00, 0x61, 0x00, 0x61, 0x00, 0x61, 0x00, 0x61, 0x00, 0x61, 0x00,
    0x61, 0x00, 0x81, 0x00, 0x82, 0x00, 0x82, 0x08, 0x82, 0x00, 0xA2, 0x08, 0xC2, 0x08, 0xC2, 0x08,
    0xC2, 0x08, 0xC2, 0x08, 0x82, 0x00, 0x43, 0x11, 0x88, 0x4B, 0x29, 0x4C, 0xE8, 0x43, 0xC7, 0x43,
    0xE8, 0x4B, 0x42, 0x09, 0x64, 0x11, 0xC5, 0x19, 0x03, 0x09, 0x82, 0x08, 0x41, 0x00, 0x61, 0x00,
    0x41, 0x00, 0x41, 0x00, 0x21, 0x00, 0x62, 0x00, 0xC2, 0x08, 0x61, 0x00, 0x41, 0x00, 0x41, 0x00,
    0x62, 0x00, 0x41, 0x00, 0x41, 0x00, 0x81, 0x00, 0xA2, 0x08, 0xC3, 0x08, 0x61, 0x00, 0x61, 0x00,
    0x41, 0x00, 0x41, 0x00, 0x21, 0x00, 0x61, 0x00, 0xC3, 0x08, 0xA2, 0x00, 0xA2, 0x08, 0x82, 0x00,
    0x02, 0x09, 0x22, 0x09, 0x43, 0x11, 0x43, 0x11, 0x83, 0x11, 0xE6, 0x19, 0x84, 0x11, 0x64, 0x11,
    0x64, 0x11, 0x23, 0x09, 0xC4, 0x11, 0x08, 0x2B, 0x45, 0x12, 0x25, 0x1A, 0x66, 0x1A, 0xC7, 0x22,
    0x08, 0x23, 0x28, 0x23, 0xC7, 0x22, 0x45, 0x1A, 0x25, 0x1A, 0x84, 0x11, 0x61, 0x00, 0xA4, 0x21,
    0x65, 0x22, 0xE3, 0x19, 0xC4, 0x19, 0xE4, 0x19, 0xC3, 0x11, 0xC4, 0x11, 0xA4, 0x11, 0xE5, 0x19,
    0xC5, 0x19, 0x64, 0x11, 0xE6, 0x19, 0x67, 0x1A, 0xA5, 0x11, 0xC2, 0x08, 0x63, 0x09, 0x26, 0x1A,
    0xC4, 0x11, 0x26, 0x1A, 0xA7, 0x22, 0x26, 0x1A, 0x84, 0x11, 0x63, 0x11, 0xA3, 0x11, 0xE4, 0x19,
    0x06, 0x2B, 0x06, 0x2B, 0xE5, 0x22, 0xE5, 0x22, 0x85, 0x22, 0xC3, 0x11, 0x87, 0x32, 0xA4, 0x19,
    0xA1, 0x00, 0xE3, 0x10, 0x81, 0x00, 0x61, 0x00, 0x62, 0x00, 0xA3, 0x08, 0x82, 0x00, 0x61, 0x00,
    0x61, 0x00, 0x81, 0x00, 0xE2, 0x08, 0x02, 0x09, 0x02, 0x09, 0xE2, 0x08, 0xC2, 0x08, 0x81, 0x00,
    0x03, 0x11, 0x64, 0x11, 0xC2, 0x08, 0xC2, 0x08, 0xA1, 0x00, 0xC8, 0x29, 0x1E, 0xC7, 0x1E, 0xC7,
    0x1E, 0xC7, 0x1E, 0xC7, 0x1E, 0xC7, 0x1E, 0xC7, 0x1E, 0xC7, 0x1E, 0xC7, 0x1E, 0xC7, 0x1E, 0xC7,
    0x1E, 0xC7, 0x1E, 0xC7, 0x1E, 0xC7, 0x1E, 0xC7, 0x1E, 0xC7, 0x1E, 0xC7, 0x1E, 0xC7, 0x1E, 0xC7,
    0x1E, 0xC7, 0x1E, 0xC7, 0x1E, 0xC7, 0x1E, 0xC7, 0x1E, 0xC7, 0x1E, 0xC7, 0x1E, 0xC7, 0x1E, 0xC7,
    0x1E, 0xC7, 0x1E, 0xC7, 0x1E, 0xC7, 0x1E, 0xC7, 0x1E, 0xC7, 0x1E, 0xC7, 0x1E, 0xC7, 0x1E, 0xC7,
    0x1E, 0xC7, 0x1E, 0xC7, 0x1E, 0xC7, 0x1E, 0xC7, 0x1E, 0xC7, 0x1E, 0xC7, 0x1E, 0xC7, 0x1E, 0xC7,
    0x1E, 0xC7, 0x1E, 0xC7, 0x1E, 0xC7, 0x1E, 0xC7, 0x1E, 0xC7, 0x1E, 0xC7, 0x1E, 0xC7, 0x1E, 0xC7,
    0x1E, 0xC7, 0x1E, 0xC7, 0x1E, 0xC7, 0x1E, 0xC7, 0x1E, 0xC7, 0x1E, 0xC7, 0x1E, 0xC7, 0x1E, 0xC7,
    0x1E, 0xC7, 0x1E, 0xC7, 0x1E, 0xC7, 0x1E, 0xC7, 0x1E, 0xC7, 0x1E, 0xC7, 0x1E, 0xC7, 0x1E, 0xC7,
    0x1E, 0xC7, 0x1E, 0xC7, 0x1E, 0xC7, 0x1E, 0xC7, 0x1E, 0xC7, 0x1E, 0xC7, 0x1E, 0xC7, 0x1E, 0xC7,
    0x1E, 0xC7, 0x1E, 0xC7, 0x1E, 0xC7, 0x1E, 0xC7, 0x1E, 0xC7, 0x1E, 0xC7, 0x1E, 0xC7, 0xFF, 0xC6,
    0x5F, 0xCF, 0xD9, 0xA5, 0x82, 0x00, 0xA2, 0x00, 0xA2, 0x08, 0xA2, 0x00, 0xA2, 0x08, 0xA2, 0x08,
    0xA2, 0x08, 0xE2, 0x08, 0x82, 0x00, 0xC3, 0x00, 0x43, 0x09, 0x05, 0x12, 0xE8, 0x2A, 0xE7, 0x22,
    0xE8, 0x22, 0xE8, 0x2A, 0x4A, 0x33, 0x09, 0x2B, 0x24, 0x12, 0x49, 0x33, 0xAB, 0x3B, 0x86, 0x1A,
    0x42, 0x09, 0xC2, 0x00, 0x82, 0x00, 0x61, 0x00, 0x61, 0x00, 0x61, 0x00, 0x61, 0x00, 0x61, 0x00,
    0x61, 0x00, 0x61, 0x00, 0x82, 0x00, 0x82, 0x00, 0x82, 0x00, 0xA2, 0x08, 0xA2, 0x00, 0xC2, 0x00,
    0xC2, 0x00, 0xC2, 0x08, 0xC2, 0x08, 0xA1, 0x00, 0x63, 0x11, 0x88, 0x43, 0x69, 0x4C, 0x48, 0x4C,
    0x68, 0x43, 0x02, 0x01, 0xA5, 0x19, 0xE5, 0x19, 0xE2, 0x00, 0x82, 0x08, 0x41, 0x00, 0x61, 0x00,
    0x61, 0x00, 0x41, 0x00, 0x41, 0x00, 0x41, 0x00, 0x41, 0x00, 0x41, 0x00, 0x41, 0x00, 0x82, 0x08,
    0x62, 0x00, 0x41, 0x00, 0x41, 0x00, 0x61, 0x00, 0x61, 0x00, 0x82, 0x08, 0x61, 0x00, 0x62, 0x00,
    0x62, 0x00, 0x41, 0x00, 0x41, 0x00, 0x24, 0x11, 0x04, 0x11, 0x62, 0x00, 0xA2, 0x08, 0x61, 0x00,
    0x03, 0x09, 0x23, 0x09, 0x42, 0x11, 0x62, 0x11, 0xC4, 0x19, 0xA5, 0x11, 0x85, 0x11, 0x23, 0x09,
    0x23, 0x09, 0x43, 0x09, 0x03, 0x01, 0xC4, 0x11, 0x45, 0x22, 0x24, 0x1A, 0x03, 0x1A, 0x04, 0x1A,
    0x65, 0x1A, 0xC7, 0x22, 0xE7, 0x2A, 0x44, 0x1A, 0x45, 0x1A, 0xC4, 0x11, 0x82, 0x00, 0x03, 0x09,
    0xE4, 0x11, 0x04, 0x1A, 0xC3, 0x11, 0x83, 0x11, 0xA3, 0x11, 0xA3, 0x11, 0xA3, 0x11, 0xE4, 0x11,
    0xA4, 0x11, 0x63, 0x09, 0xA4, 0x19, 0x86, 0x22, 0x25, 0x1A, 0x02, 0x09, 0x43, 0x09, 0x23, 0x09,
    0xA1, 0x00, 0x84, 0x11, 0x87, 0x22, 0xA8, 0x2A, 0x06, 0x22, 0xC4, 0x11, 0x06, 0x2B, 0x67, 0x33,
    0x05, 0x23, 0xE6, 0x2A, 0x65, 0x22, 0x63, 0x09, 0x02, 0x09, 0xEA, 0x4A, 0x6B, 0x5B, 0x22, 0x09,
    0x23, 0x09, 0x63, 0x11, 0x43, 0x11, 0x23, 0x11, 0x02, 0x09, 0x02, 0x09, 0x03, 0x09, 0xC2, 0x08,
    0xA1, 0x00, 0xA2, 0x00, 0xE3, 0x10, 0xA2, 0x08, 0xA3, 0x08, 0xA2, 0x00, 0x82, 0x00, 0x61, 0x00,
    0xA2, 0x08, 0xE2, 0x08, 0xA2, 0x00, 0xE3, 0x08, 0x61, 0x00, 0x6E, 0x5B, 0x7F, 0xD7, 0xFE, 0xC6,
    0x1E, 0xC7, 0x1E, 0xC7, 0x1E, 0xC7, 0x1E, 0xC7, 0x1E, 0xC7, 0x1E, 0xC7, 0x1E, 0xC7, 0x1E, 0xC7,
    0x1E, 0xC7, 0x1E, 0xC7, 0x1E, 0xC7, 0x1E, 0xC7, 0x1E, 0xC7, 0x1E, 0xC7, 0x1E, 0xC7, 0x1E, 0xC7,
    0x1E, 0xC7, 0x1E, 0xC7, 0x1E, 0xC7, 0x1E, 0xC7, 0x1E, 0xC7, 0x1E, 0xC7, 0x1E, 0xC7, 0x1E, 0xC7,
    0x1E, 0xC7, 0x1E, 0xC7, 0x1E, 0xC7, 0x1E, 0xC7, 0x1E, 0xC7, 0x1E, 0xC7, 0x1E, 0xC7, 0x1E, 0xC7,
    0x1E, 0xC7, 0x1E, 0xC7, 0x1E, 0xC7, 0x1E, 0xC7, 0x1E, 0xC7, 0x1E, 0xC7, 0x1E, 0xC7, 0x1E, 0xC7,
    0x1E, 0xC7, 0x1E, 0xC7, 0x1E, 0xC7, 0x1E, 0xC7, 0x1E, 0xC7, 0x1E, 0xC7, 0x1E, 0xC7, 0x1E, 0xC7,
    0x1E, 0xC7, 0x1E, 0xC7, 0x1E, 0xC7, 0x1E, 0xC7, 0x1E, 0xC7, 0x1E, 0xC7, 0x1E, 0xC7, 0x1E, 0xC7,
    0x1E, 0xC7, 0x1E, 0xC7, 0x1E, 0xC7, 0x1E, 0xC7, 0x1E, 0xC7, 0x1E, 0xC7, 0x1E, 0xC7, 0x1E, 0xC7,
    0x1E, 0xC7, 0x1E, 0xC7, 0x1E, 0xC7, 0x1E, 0xC7, 0x1E, 0xC7, 0x1E, 0xC7, 0x1E, 0xC7, 0x1E, 0xC7,
    0x1E, 0xC7, 0x1E, 0xC7, 0x1E, 0xC7, 0x1E, 0xC7, 0x1E, 0xC7, 0x1E, 0xC7, 0x1E, 0xC7, 0x1E, 0xC7,
    0xFE, 0xC6, 0x3F, 0xCF, 0x29, 0x32, 0x61, 0x00, 0xC3, 0x08, 0xC2, 0x08, 0xA2, 0x08, 0xA2, 0x08,
    0xA2, 0x08, 0xA2, 0x08, 0xC2, 0x08, 0xC2, 0x08, 0xA2, 0x08, 0xC2, 0x08, 0xA4, 0x11, 0x08, 0x2B,
    0xE7, 0x22, 0x69, 0x33, 0x29, 0x2B, 0xAB, 0x43, 0xE8, 0x2A, 0x86, 0x22, 0x86, 0x22, 0x86, 0x22,
    0x23, 0x09, 0xE2, 0x08, 0xA2, 0x00, 0x61, 0x00, 0x61, 0x00, 0x61, 0x00, 0x61, 0x00, 0x61, 0x00,
    0x61, 0x00, 0x61, 0x00, 0x81, 0x00, 0x81, 0x00, 0xA2, 0x08, 0xA2, 0x08, 0xA2, 0x00, 0xA2, 0x00,
    0xC2, 0x08, 0xC2, 0x00, 0xC2, 0x00, 0xC2, 0x00, 0xC2, 0x00, 0x62, 0x11, 0xC8, 0x43, 0x69, 0x54,
    0x85, 0x22, 0x22, 0x09, 0x84, 0x11, 0x43, 0x09, 0xE2, 0x08, 0x82, 0x00, 0x61, 0x00, 0x61, 0x00,
    0xA2, 0x08, 0xA2, 0x08, 0x61, 0x00, 0x61, 0x00, 0x61, 0x00, 0x41, 0x00, 0x41, 0x00, 0xA2, 0x08,
    0x82, 0x08, 0x41, 0x00, 0x61, 0x00, 0x82, 0x00, 0x82, 0x00, 0x82, 0x08, 0x82, 0x00, 0x82, 0x00,
    0x82, 0x08, 0x61, 0x00, 0x24, 0x19, 0x04, 0x11, 0x41, 0x00, 0x41, 0x00, 0x41, 0x00, 0x41, 0x00,
    0x81, 0x00, 0x63, 0x11, 0x04, 0x1A, 0xE3, 0x11, 0xC3, 0x11, 0xE5, 0x19, 0x64, 0x11, 0x44, 0x11,
    0x03, 0x09, 0x03, 0x09, 0x03, 0x09, 0xC2, 0x00, 0x02, 0x09, 0xC3, 0x11, 0x04, 0x1A, 0x04, 0x1A,
    0xC3, 0x11, 0xE3, 0x11, 0x24, 0x1A, 0x25, 0x1A, 0x25, 0x1A, 0xA3, 0x11, 0x81, 0x00, 0x64, 0x11,
    0xE3, 0x11, 0xC3, 0x11, 0xA3, 0x11, 0x84, 0x11, 0x63, 0x09, 0x83, 0x11, 0xC4, 0x19, 0xC4, 0x11,
    0x83, 0x11, 0x63, 0x09, 0x83, 0x11, 0x66, 0x1A, 0x66, 0x1A, 0xE5, 0x19, 0x46, 0x22, 0x05, 0x12,
    0x67, 0x22, 0x63, 0x09, 0x67, 0x22, 0x46, 0x22, 0xC5, 0x11, 0x65, 0x22, 0x87, 0x3B, 0xA5, 0x22,
    0x65, 0x1A, 0xC4, 0x11, 0xC1, 0x00, 0x82, 0x08, 0x30, 0x7C, 0xFA, 0xD6, 0x26, 0x32, 0x63, 0x09,
    0x84, 0x11, 0x83, 0x11, 0x83, 0x11, 0x83, 0x11, 0x83, 0x11, 0x63, 0x11, 0x43, 0x11, 0x63, 0x11,
    0x43, 0x11, 0x43, 0x11, 0xC5, 0x21, 0xE6, 0x29, 0x85, 0x21, 0xA5, 0x21, 0x06, 0x2A, 0xA5, 0x21,
    0xC2, 0x00, 0x81, 0x00, 0xC2, 0x08, 0x03, 0x11, 0xA2, 0x00, 0x93, 0x7C, 0x7F, 0xD7, 0xFE, 0xC6,
    0x1E, 0xC7, 0x1E, 0xC7, 0x1E, 0xC7, 0x1E, 0xC7, 0x1E, 0xC7, 0x1E, 0xC7, 0x1E, 0xC7, 0x1E, 0xC7,
    0x1E, 0xC7, 0x1E, 0xC7, 0x1E, 0xC7, 0x1E, 0xC7, 0x1E, 0xC7, 0x1E, 0xC7, 0x1E, 0xC7, 0x1E, 0xC7,
    0x1E, 0xC7, 0x1E, 0xC7, 0x1E, 0xC7, 0x1E, 0xC7, 0x1E, 0xC7, 0x1E, 0xC7, 0x1E, 0xC7, 0x1E, 0xC7,
    0x1E, 0xC7, 0x1E, 0xC7, 0x1E, 0xC7, 0x1E, 0xC7, 0x1E, 0xC7, 0x1E, 0xC7, 0x1E, 0xC7, 0x1E, 0xC7,
    0x1E, 0xC7, 0x1E, 0xC7, 0x1E, 0xC7, 0x1E, 0xC7, 0x1E, 0xC7, 0x1E, 0xC7, 0x1E, 0xC7, 0x1E, 0xC7,
    0x1E, 0xC7, 0x1E, 0xC7, 0x1E, 0xC7, 0x1E, 0xC7, 0x1E, 0xC7, 0x1E, 0xC7, 0x1E, 0xC7, 0x1E, 0xC7,
    0x1E, 0xC7, 0x1E, 0xC7, 0x1E, 0xC7, 0x1E, 0xC7, 0x1E, 0xC7, 0x1E, 0xC7, 0x1E, 0xC7, 0x1E, 0xC7,
    0x1E, 0xC7, 0x1E, 0xC7, 0x1E, 0xC7, 0x1E, 0xC7, 0x1E, 0xC7, 0x1E, 0xC7, 0x1E, 0xC7, 0x1E, 0xC7,
    0x1E, 0xC7, 0x1E, 0xC7, 0x1E, 0xC7, 0x1E, 0xC7, 0x1E, 0xC7, 0x1E, 0xC7, 0x1E, 0xC7, 0x1E, 0xC7,
    0x1E, 0xC7, 0x1E, 0xC7, 0x1E, 0xC7, 0x1E, 0xC7, 0x1E, 0xC7, 0x1E, 0xC7, 0x1E, 0xC7, 0x1E, 0xC7,
    0xFE, 0xC6, 0x7F, 0xD7, 0x11, 0x6C, 0x40, 0x00, 0xC3, 0x08, 0xC2, 0x08, 0xC2, 0x08, 0xC2, 0x08,
    0xC2, 0x08, 0xC2, 0x08, 0xA2, 0x00, 0xC2, 0x08, 0xC3, 0x08, 0xA2, 0x08, 0xE2, 0x08, 0xA4, 0x11,
    0xA7, 0x22, 0x28, 0x2B, 0x69, 0x33, 0x8A, 0x3B, 0xC7, 0x2A, 0x29, 0x3B, 0xA4, 0x09, 0xE2, 0x00,
    0xC2, 0x08, 0xE2, 0x08, 0xE2, 0x08, 0x81, 0x00, 0x41, 0x00, 0x61, 0x00, 0x61, 0x00, 0x61, 0x00,
    0x61, 0x00, 0x61, 0x00, 0x61, 0x00, 0x82, 0x00, 0xA2, 0x08, 0xA2, 0x08, 0xC2, 0x08, 0xA2, 0x00,
    0xA2, 0x00, 0xC2, 0x00, 0xE3, 0x08, 0xE3, 0x08, 0xE3, 0x08, 0xA1, 0x00, 0x27, 0x3B, 0x4A, 0x54,
    0xE4, 0x19, 0x84, 0x11, 0x44, 0x11, 0x44, 0x11, 0x03, 0x09, 0x61, 0x00, 0x82, 0x00, 0xA2, 0x08,
    0xC3, 0x08, 0xA2, 0x00, 0x82, 0x08, 0x62, 0x00, 0x61, 0x00, 0x41, 0x00, 0x41, 0x00, 0x61, 0x00,
    0x82, 0x00, 0x61, 0x00, 0x41, 0x00, 0x82, 0x00, 0xA2, 0x08, 0x82, 0x00, 0xA2, 0x08, 0x82, 0x00,
    0x82, 0x00, 0xA2, 0x08, 0xE3, 0x10, 0x41, 0x00, 0x41, 0x00, 0x42, 0x00, 0x62, 0x00, 0x62, 0x00,
    0x44, 0x11, 0x02, 0x01, 0xA3, 0x11, 0x84, 0x22, 0x47, 0x3B, 0x46, 0x22, 0x03, 0x09, 0x03, 0x09,
    0xE2, 0x08, 0xC2, 0x08, 0xC2, 0x00, 0xC2, 0x08, 0xA2, 0x08, 0xC2, 0x08, 0x02, 0x09, 0x62, 0x11,
    0xC3, 0x19, 0xE3, 0x19, 0xE3, 0x11, 0x03, 0x1A, 0x23, 0x1A, 0xA3, 0x11, 0xA2, 0x08, 0x81, 0x00,
    0xC3, 0x11, 0xA3, 0x11, 0x62, 0x09, 0xA3, 0x11, 0xC4, 0x11, 0x25, 0x1A, 0x04, 0x12, 0x04, 0x1A,
    0xE4, 0x19, 0xE4, 0x19, 0xE4, 0x11, 0x65, 0x1A, 0xA6, 0x22, 0xC4, 0x11, 0x86, 0x22, 0x08, 0x2B,
    0x08, 0x2B, 0x08, 0x2B, 0x46, 0x1A, 0x67, 0x22, 0xC4, 0x11, 0x07, 0x33, 0x84, 0x22, 0xA3, 0x11,
    0x03, 0x09, 0x02, 0x09, 0xE2, 0x08, 0x0B, 0x4B, 0x99, 0xCE, 0x94, 0xAD, 0xA3, 0x11, 0xA3, 0x11,
    0xA3, 0x11, 0xA3, 0x11, 0x83, 0x11, 0x63, 0x11, 0x83, 0x11, 0x63, 0x11, 0x83, 0x11, 0xA3, 0x11,
    0xC3, 0x19, 0x83, 0x11, 0x63, 0x11, 0x63, 0x11, 0x03, 0x11, 0x23, 0x11, 0xE6, 0x29, 0xEE, 0x6B,
    0x68, 0x3A, 0xC2, 0x08, 0xA2, 0x00, 0xC3, 0x08, 0xA3, 0x00, 0x56, 0x95, 0x5F, 0xD7, 0xFF, 0xC6,
    0x1E, 0xC7, 0x1E, 0xC7, 0x1E, 0xC7, 0x1E, 0xC7, 0x1E, 0xC7, 0x1E, 0xC7, 0x1E, 0xC7, 0x1E, 0xC7,
    0x1E, 0xC7, 0x1E, 0xC7, 0x1E, 0xC7, 0x1E, 0xC7, 0x1E, 0xC7, 0x1E, 0xC7, 0x1E, 0xC7, 0x1E, 0xC7,
    0x1E, 0xC7, 0x1E, 0xC7, 0x1E, 0xC7, 0x1E, 0xC7, 0x1E, 0xC7, 0x1E, 0xC7, 0x1E, 0xC7, 0x1E, 0xC7,
    0x1E, 0xC7, 0x1E, 0xC7, 0x1E, 0xC7, 0x1E, 0xC7, 0x1E, 0xC7, 0x1E, 0xC7, 0x1E, 0xC7, 0x1E, 0xC7,
    0x1E, 0xC7, 0x1E, 0xC7, 0x1E, 0xC7, 0x1E, 0xC7, 0x1E, 0xC7, 0x1E, 0xC7, 0x1E, 0xC7, 0x1E, 0xC7,
    0x1E, 0xC7, 0x1E, 0xC7, 0x1E, 0xC7, 0x1E, 0xC7, 0x1E, 0xC7, 0x1E, 0xC7, 0x1E, 0xC7, 0x1E, 0xC7,
    0x1E, 0xC7, 0x1E, 0xC7, 0x1E, 0xC7, 0x1E, 0xC7, 0x1E, 0xC7, 0x1E, 0xC7, 0x1E, 0xC7, 0x1E, 0xC7,
    0x1E, 0xC7, 0x1E, 0xC7, 0x1E, 0xC7, 0x1E, 0xC7, 0x1E, 0xC7, 0x1E, 0xC7, 0x1E, 0xC7, 0x1E, 0xC7,
    0x1E, 0xC7, 0x1E, 0xC7, 0x1E, 0xC7, 0x1E, 0xC7, 0x1E, 0xC7, 0x1E, 0xC7, 0x1E, 0xC7, 0x1E, 0xC7,
    0x1E, 0xC7, 0x1E, 0xC7, 0x1E, 0xC7, 0x1E, 0xC7, 0x1E, 0xC7, 0x1E, 0xC7, 0x1E, 0xC7, 0x1E, 0xC7,
    0xFE, 0xC6, 0x5F, 0xD7, 0x56, 0x95, 0x82, 0x00, 0xC3, 0x08, 0xC2, 0x08, 0xC2, 0x00, 0xC2, 0x08,
    0xC2, 0x08, 0xC2, 0x08, 0xE3, 0x08, 0xC2, 0x08, 0xE3, 0x08, 0xC2, 0x08, 0xC2, 0x08, 0xE2, 0x08,
    0x63, 0x09, 0xE8, 0x32, 0x0C, 0x4C, 0x69, 0x33, 0x25, 0x1A, 0xE2, 0x00, 0x23, 0x09, 0xC2, 0x08,
    0xA2, 0x00, 0xC2, 0x08, 0x03, 0x09, 0x03, 0x11, 0x81, 0x08, 0x61, 0x00, 0x61, 0x00, 0x61, 0x00,
    0x61, 0x00, 0x61, 0x00, 0x61, 0x00, 0x62, 0x00, 0x61, 0x00, 0x82, 0x00, 0xE3, 0x08, 0xC2, 0x08,
    0xC2, 0x08, 0xE3, 0x08, 0x03, 0x09, 0x03, 0x09, 0x03, 0x09, 0x03, 0x09, 0x02, 0x09, 0x04, 0x1A,
    0xC4, 0x11, 0xC5, 0x19, 0xA2, 0x00, 0x03, 0x11, 0x03, 0x09, 0x82, 0x00, 0x82, 0x00, 0xC3, 0x08,
    0xE3, 0x08, 0xA2, 0x00, 0x82, 0x00, 0x82, 0x00, 0x61, 0x00, 0x41, 0x00, 0x41, 0x00, 0x61, 0x00,
    0x61, 0x00, 0x41, 0x00, 0x41, 0x00, 0x82, 0x00, 0xC2, 0x08, 0xA2, 0x08, 0xA2, 0x00, 0xA2, 0x00,
    0xA2, 0x00, 0xA2, 0x00, 0x82, 0x00, 0x41, 0x00, 0x41, 0x00, 0x42, 0x00, 0x41, 0x00, 0x24, 0x11,
    0xCA, 0x2A, 0xA5, 0x19, 0xC1, 0x00, 0x22, 0x09, 0x25, 0x22, 0x43, 0x09, 0xC2, 0x00, 0xC2, 0x08,
    0xC2, 0x08, 0xA2, 0x08, 0xA2, 0x08, 0xC2, 0x08, 0xA2, 0x08, 0xA2, 0x00, 0x81, 0x00, 0x81, 0x00,
    0xC2, 0x00, 0x02, 0x09, 0x62, 0x11, 0xA3, 0x11, 0xC3, 0x11, 0xC3, 0x11, 0x23, 0x11, 0xA2, 0x00,
    0x83, 0x11, 0xA3, 0x11, 0x24, 0x1A, 0x24, 0x1A, 0x65, 0x1A, 0x45, 0x1A, 0x24, 0x1A, 0x45, 0x1A,
    0x65, 0x1A, 0x25, 0x1A, 0xA6, 0x22, 0x86, 0x1A, 0x86, 0x22, 0xA3, 0x11, 0x25, 0x1A, 0x86, 0x1A,
    0x86, 0x1A, 0xC7, 0x22, 0x87, 0x1A, 0xA7, 0x22, 0x25, 0x1A, 0x04, 0x1A, 0x22, 0x09, 0xC2, 0x00,
    0x23, 0x11, 0x43, 0x09, 0x88, 0x3A, 0xB2, 0x8C, 0xDA, 0xD6, 0x6A, 0x53, 0xA2, 0x09, 0xC4, 0x11,
    0xC3, 0x11, 0xE4, 0x19, 0xE3, 0x19, 0xE3, 0x11, 0x03, 0x1A, 0xE3, 0x19, 0xC3, 0x19, 0x04, 0x1A,
    0xC3, 0x11, 0xE3, 0x11, 0x04, 0x1A, 0xA4, 0x11, 0xC2, 0x00, 0xC3, 0x08, 0xA2, 0x08, 0x65, 0x19,
    0x65, 0x19, 0x65, 0x19, 0x23, 0x11, 0x03, 0x09, 0x23, 0x09, 0x97, 0x9D, 0x5F, 0xCF, 0xFE, 0xC6,
    0x1E, 0xC7, 0x1E, 0xC7, 0x1E, 0xC7, 0x1E, 0xC7, 0x1E, 0xC7, 0x1E, 0xC7, 0x1E, 0xC7, 0x1E, 0xC7,
    0x1E, 0xC7, 0x1E, 0xC7, 0x1E, 0xC7, 0x1E, 0xC7, 0x1E, 0xC7, 0x1E, 0xC7, 0x1E, 0xC7, 0x1E, 0xC7,
    0x1E, 0xC7, 0x1E, 0xC7, 0x1E, 0xC7, 0x1E, 0xC7, 0x1E, 0xC7, 0x1E, 0xC7, 0x1E, 0xC7, 0x1E, 0xC7,
    0x1E, 0xC7, 0x1E, 0xC7, 0x1E, 0xC7, 0x1E, 0xC7, 0x1E, 0xC7, 0x1E, 0xC7, 0x1E, 0xC7, 0x1E, 0xC7,
    0x1E, 0xC7, 0x1E, 0xC7, 0x1E, 0xC7, 0x1E, 0xC7, 0x1E, 0xC7, 0x1E, 0xC7, 0x1E, 0xC7, 0x1E, 0xC7,
    0x1E, 0xC7, 0x1E, 0xC7, 0x1E, 0xC7, 0x1E, 0xC7, 0x1E, 0xC7, 0x1E, 0xC7, 0x1E, 0xC7, 0x1E, 0xC7,
    0x1E, 0xC7, 0x1E, 0xC7, 0x1E, 0xC7, 0x1E, 0xC7, 0x1E, 0xC7, 0x1E, 0xC7, 0x1E, 0xC7, 0x1E, 0xC7,
    0x1E, 0xC7, 0x1E, 0xC7, 0x1E, 0xC7, 0x1E, 0xC7, 0x1E, 0xC7, 0x1E, 0xC7, 0x1E, 0xC7, 0x1E, 0xC7,
    0x1E, 0xC7, 0x1E, 0xC7, 0x1E, 0xC7, 0x1E, 0xC7, 0x1E, 0xC7, 0x1E, 0xC7, 0x1E, 0xC7, 0x1E, 0xC7,
    0x1E, 0xC7, 0x1E, 0xC7, 0x1E, 0xC7, 0x1E, 0xC7, 0x1E, 0xC7, 0x1E, 0xC7, 0x1E, 0xC7, 0x1E, 0xC7,
    0xFE, 0xC6, 0x3F, 0xCF, 0x1A, 0xAE, 0xE3, 0x08, 0xE3, 0x08, 0xE3, 0x08, 0xE3, 0x08, 0xC3, 0x08,
    0xE3, 0x08, 0xC2, 0x00, 0xE3, 0x08, 0xE3, 0x08, 0xC2, 0x00, 0xE3, 0x08, 0xE3, 0x08, 0xE3, 0x08,
    0xC2, 0x08, 0x43, 0x09, 0x29, 0x33, 0x49, 0x33, 0xC8, 0x2A, 0xC4, 0x19, 0xE2, 0x08, 0xE2, 0x08,
    0x23, 0x11, 0x03, 0x11, 0xC2, 0x08, 0xE3, 0x08, 0xA2, 0x08, 0x61, 0x00, 0x61, 0x00, 0x61, 0x00,
    0x61, 0x00, 0x82, 0x08, 0x61, 0x00, 0x61, 0x00, 0x82, 0x00, 0xA2, 0x00, 0x24, 0x11, 0x03, 0x09,
    0xE3, 0x08, 0xE3, 0x08, 0x03, 0x09, 0x23, 0x09, 0x43, 0x09, 0x64, 0x11, 0x84, 0x11, 0xA1, 0x00,
    0x03, 0x09, 0xC2, 0x00, 0xA2, 0x00, 0xA2, 0x08, 0xA2, 0x00, 0xA2, 0x08, 0xA2, 0x08, 0xA2, 0x08,
    0x03, 0x09, 0xE3, 0x08, 0x82, 0x00, 0x82, 0x00, 0x82, 0x00, 0x62, 0x00, 0x61, 0x00, 0x61, 0x00,
    0x61, 0x00, 0x41, 0x00, 0x41, 0x00, 0x82, 0x00, 0xC2, 0x08, 0xC2, 0x08, 0xA2, 0x08, 0xA3, 0x08,
    0xA2, 0x08, 0xA2, 0x08, 0xA2, 0x08, 0x41, 0x00, 0x41, 0x00, 0x41, 0x00, 0x41, 0x00, 0xA2, 0x08,
    0xE3, 0x08, 0xC3, 0x08, 0xC3, 0x08, 0xC2, 0x00, 0xC1, 0x00, 0xE2, 0x08, 0xE2, 0x08, 0xE2, 0x08,
    0xC2, 0x08, 0xC2, 0x08, 0xC2, 0x08, 0xC2, 0x08, 0xA2, 0x08, 0xA2, 0x00, 0x82, 0x00, 0x82, 0x00,
    0x81, 0x00, 0x82, 0x08, 0xA2, 0x08, 0xC1, 0x00, 0xE2, 0x08, 0xC1, 0x08, 0xA1, 0x00, 0xE3, 0x08,
    0xC7, 0x2A, 0xA6, 0x22, 0xC6, 0x22, 0x44, 0x1A, 0x85, 0x1A, 0x86, 0x22, 0x45, 0x1A, 0x45, 0x1A,
    0xE7, 0x22, 0x45, 0x12, 0x69, 0x33, 0xC7, 0x22, 0xE4, 0x11, 0xA3, 0x11, 0x25, 0x1A, 0x66, 0x1A,
    0x66, 0x1A, 0x46, 0x1A, 0x66, 0x1A, 0x25, 0x12, 0xA8, 0x2A, 0x23, 0x09, 0x82, 0x00, 0xE3, 0x08,
    0x02, 0x09, 0x06, 0x22, 0x4C, 0x53, 0xD7, 0xB5, 0xB1, 0x8C, 0x65, 0x2A, 0x24, 0x1A, 0x04, 0x1A,
    0x04, 0x1A, 0x03, 0x1A, 0x03, 0x1A, 0x03, 0x12, 0x03, 0x1A, 0xE3, 0x19, 0xE3, 0x19, 0x03, 0x12,
    0x44, 0x1A, 0x25, 0x22, 0x83, 0x11, 0xC2, 0x00, 0x82, 0x00, 0x82, 0x00, 0x82, 0x00, 0x61, 0x00,
    0x62, 0x00, 0x03, 0x09, 0x87, 0x22, 0xA6, 0x1A, 0x45, 0x1A, 0xB8, 0x9D, 0x5F, 0xCF, 0xFE, 0xC6,
    0x1E, 0xC7, 0x1E, 0xC7, 0x1E, 0xC7, 0x1E, 0xC7, 0x1E, 0xC7, 0x1E, 0xC7, 0x1E, 0xC7, 0x1E, 0xC7,
    0x1E, 0xC7, 0x1E, 0xC7, 0x1E, 0xC7, 0x1E, 0xC7, 0x1E, 0xC7, 0x1E, 0xC7, 0x1E, 0xC7, 0x1E, 0xC7,
    0x1E, 0xC7, 0x1E, 0xC7, 0x1E, 0xC7, 0x1E, 0xC7, 0x1E, 0xC7, 0x1E, 0xC7, 0x1E, 0xC7, 0x1E, 0xC7,
    0x1E, 0xC7, 0x1E, 0xC7, 0x1E, 0xC7, 0x1E, 0xC7, 0x1E, 0xC7, 0x1E, 0xC7, 0x1E, 0xC7, 0x1E, 0xC7,
    0x1E, 0xC7, 0x1E, 0xC7, 0x1E, 0xC7, 0x1E, 0xC7, 0x1E, 0xC7, 0x1E, 0xC7, 0x1E, 0xC7, 0x1E, 0xC7,
    0x1E, 0xC7, 0x1E, 0xC7, 0x1E, 0xC7, 0x1E, 0xC7, 0x1E, 0xC7, 0x1E, 0xC7, 0x1E, 0xC7, 0x1E, 0xC7,
    0x1E, 0xC7, 0x1E, 0xC7, 0x1E, 0xC7, 0x1E, 0xC7, 0x1E, 0xC7, 0x1E, 0xC7, 0x1E, 0xC7, 0x1E, 0xC7,
    0x1E, 0xC7, 0x1E, 0xC7, 0x1E, 0xC7, 0x1E, 0xC7, 0x1E, 0xC7, 0x1E, 0xC7, 0x1E, 0xC7, 0x1E, 0xC7,
    0x1E, 0xC7, 0x1E, 0xC7, 0x1E, 0xC7, 0x1E, 0xC7, 0x1E, 0xC7, 0x1E, 0xC7, 0x1E, 0xC7, 0x1E, 0xC7,
    0x1E, 0xC7, 0x1E, 0xC7, 0x1E, 0xC7, 0x1E, 0xC7, 0x1E, 0xC7, 0x1E, 0xC7, 0x1E, 0xC7, 0x1E, 0xC7,
    0xFE, 0xC6, 0x3F, 0xCF, 0x5B, 0xB6, 0x45, 0x11, 0x03, 0x09, 0xE3, 0x08, 0x03, 0x09, 0x03, 0x09,
    0xE3, 0x08, 0xE3, 0x08, 0xE3, 0x08, 0xE3, 0x08, 0xE3, 0x08, 0xE3, 0x08, 0x03, 0x09, 0xE3, 0x08,
    0xE3, 0x08, 0xE2, 0x08, 0x22, 0x01, 0xA3, 0x11, 0xA7, 0x2A, 0xE7, 0x2A, 0xE2, 0x08, 0x03, 0x11,
    0x23, 0x11, 0xA2, 0x08, 0x81, 0x00, 0xA2, 0x00, 0x81, 0x00, 0x61, 0x00, 0x61, 0x00, 0x61, 0x00,
    0x41, 0x00, 0x82, 0x00, 0x62, 0x00, 0x62, 0x00, 0xA2, 0x08, 0xA2, 0x00, 0x04, 0x11, 0x03, 0x09,
    0x03, 0x09, 0x03, 0x09, 0x23, 0x09, 0x64, 0x11, 0x64, 0x09, 0x64, 0x11, 0xC5, 0x19, 0x24, 0x11,
    0x82, 0x00, 0xA2, 0x00, 0xA2, 0x08, 0xA2, 0x08, 0xA2, 0x08, 0xA2, 0x08, 0xA2, 0x08, 0xA2, 0x00,
    0x03, 0x09, 0x04, 0x09, 0xA2, 0x00, 0x82, 0x00, 0x82, 0x00, 0x62, 0x00, 0x62, 0x00, 0x61, 0x00,
    0x61, 0x00, 0x41, 0x00, 0x41, 0x00, 0x82, 0x00, 0xC3, 0x08, 0xC2, 0x08, 0xC3, 0x08, 0xC3, 0x08,
    0xA3, 0x08, 0xA3, 0x08, 0xC3, 0x08, 0x62, 0x00, 0x41, 0x00, 0x41, 0x00, 0x41, 0x00, 0x41, 0x00,
    0x41, 0x00, 0x41, 0x00, 0x61, 0x00, 0xA2, 0x08, 0xA2, 0x08, 0xA2, 0x08, 0xA2, 0x08, 0xA2, 0x08,
    0xA2, 0x08, 0xA2, 0x08, 0xA2, 0x00, 0x82, 0x00, 0x82, 0x00, 0x82, 0x00, 0x82, 0x00, 0x81, 0x00,
    0x61, 0x00, 0x82, 0x00, 0xA2, 0x00, 0x22, 0x09, 0x23, 0x09, 0x81, 0x00, 0x81, 0x00, 0xE3, 0x08,
    0x49, 0x33, 0xC6, 0x22, 0xC6, 0x22, 0xA6, 0x22, 0xC6, 0x22, 0xA6, 0x22, 0xC7, 0x2A, 0x66, 0x1A,
    0xAA, 0x3B, 0xE7, 0x22, 0x8A, 0x3B, 0x66, 0x22, 0x83, 0x09, 0x05, 0x1A, 0x25, 0x1A, 0xA7, 0x22,
    0x86, 0x22, 0x86, 0x22, 0x26, 0x1A, 0xC4, 0x11, 0xC5, 0x11, 0x43, 0x11, 0x82, 0x00, 0xC2, 0x00,
    0x47, 0x2A, 0xE9, 0x3A, 0xAE, 0x63, 0x13, 0x9D, 0x25, 0x2A, 0xE3, 0x11, 0xE3, 0x11, 0xE3, 0x11,
    0x03, 0x1A, 0x03, 0x1A, 0x24, 0x1A, 0x24, 0x1A, 0x23, 0x1A, 0x23, 0x1A, 0x44, 0x1A, 0xA5, 0x22,
    0x46, 0x22, 0xE2, 0x08, 0x81, 0x00, 0xA2, 0x08, 0xC3, 0x10, 0xA3, 0x08, 0x82, 0x00, 0x82, 0x08,
    0xC1, 0x00, 0xE4, 0x19, 0xA6, 0x1A, 0x45, 0x1A, 0xE3, 0x09, 0x76, 0x85, 0x5F, 0xD7, 0xFE, 0xC6,
    0x1E, 0xC7, 0x1E, 0xC7, 0x1E, 0xC7, 0x1E, 0xC7, 0x1E, 0xC7, 0x1E, 0xC7, 0x1E, 0xC7, 0x1E, 0xC7,
    0x1E, 0xC7, 0x1E, 0xC7, 0x1E, 0xC7, 0x1E, 0xC7, 0x1E, 0xC7, 0x1E, 0xC7, 0x1E, 0xC7, 0x1E, 0xC7,
    0x1E, 0xC7, 0x1E, 0xC7, 0x1E, 0xC7, 0x1E, 0xC7, 0x1E, 0xC7, 0x1E, 0xC7, 0x1E, 0xC7, 0x1E, 0xC7,
    0x1E, 0xC7, 0x1E, 0xC7, 0x1E, 0xC7, 0x1E, 0xC7, 0x1E, 0xC7, 0x1E, 0xC7, 0x1E, 0xC7, 0x1E, 0xC7,
    0x1E, 0xC7, 0x1E, 0xC7, 0x1E, 0xC7, 0x1E, 0xC7, 0x1E, 0xC7, 0x1E, 0xC7, 0x1E, 0xC7, 0x1E, 0xC7,
    0x1E, 0xC7, 0x1E, 0xC7, 0x1E, 0xC7, 0x1E, 0xC7, 0x1E, 0xC7, 0x1E, 0xC7, 0x1E, 0xC7, 0x1E, 0xC7,
    0x1E, 0xC7, 0x1E, 0xC7, 0x1E, 0xC7, 0x1E, 0xC7, 0x1E, 0xC7, 0x1E, 0xC7, 0x1E, 0xC7, 0x1E, 0xC7,
    0x1E, 0xC7, 0x1E, 0xC7, 0x1E, 0xC7, 0x1E, 0xC7, 0x1E, 0xC7, 0x1E, 0xC7, 0x1E, 0xC7, 0x1E, 0xC7,
    0x1E, 0xC7, 0x1E, 0xC7, 0x1E, 0xC7, 0x1E, 0xC7, 0x1E, 0xC7, 0x1E, 0xC7, 0x1E, 0xC7, 0x1E, 0xC7,
    0x1E, 0xC7, 0x1E, 0xC7, 0x1E, 0xC7, 0x1E, 0xC7, 0x1E, 0xC7, 0x1E, 0xC7, 0x1E, 0xC7, 0x1E, 0xC7,
    0xFE, 0xC6, 0x3F, 0xCF, 0x5B, 0xAE, 0x24, 0x11, 0x23, 0x11, 0x23, 0x09, 0x03, 0x09, 0x23, 0x09,
    0x03, 0x09, 0x03, 0x09, 0x03, 0x09, 0x03, 0x09, 0x03, 0x09, 0x03, 0x09, 0x03, 0x09, 0x03, 0x09,
    0x03, 0x09, 0x02, 0x09, 0x03, 0x09, 0xC2, 0x08, 0x63, 0x11, 0x05, 0x1A, 0xC2, 0x00, 0xA2, 0x08,
    0x61, 0x00, 0x61, 0x00, 0x82, 0x08, 0x82, 0x00, 0x62, 0x00, 0x41, 0x00, 0x61, 0x00, 0x82, 0x00,
    0x82, 0x00, 0x61, 0x00, 0x61, 0x00, 0x61, 0x00, 0x62, 0x00, 0xA2, 0x08, 0xA2, 0x08, 0xE3, 0x08,
    0x23, 0x11, 0x43, 0x11, 0x43, 0x09, 0x63, 0x09, 0x64, 0x11, 0x64, 0x11, 0xC4, 0x11, 0x64, 0x11,
    0xE3, 0x08, 0xC2, 0x08, 0xC2, 0x08, 0xC3, 0x08, 0xC2, 0x08, 0xC2, 0x08, 0xC3, 0x08, 0xC3, 0x08,
    0x03, 0x09, 0x24, 0x09, 0x03, 0x09, 0xA2, 0x00, 0xA2, 0x00, 0x82, 0x08, 0x62, 0x00, 0x62, 0x00,
    0x61, 0x00, 0x41, 0x00, 0x61, 0x00, 0xC3, 0x08, 0xC2, 0x08, 0xC2, 0x08, 0xC2, 0x08, 0xC3, 0x08,
    0xC3, 0x08, 0xA2, 0x00, 0xC3, 0x08, 0x62, 0x00, 0x41, 0x00, 0x41, 0x00, 0x41, 0x00, 0x41, 0x00,
    0x41, 0x00, 0x62, 0x00, 0x62, 0x00, 0x62, 0x00, 0x62, 0x00, 0x61, 0x00, 0x41, 0x00, 0x61, 0x00,
    0x82, 0x00, 0x82, 0x00, 0x82, 0x00, 0x61, 0x00, 0xA1, 0x00, 0xC2, 0x00, 0xC2, 0x08, 0xC2, 0x00,
    0xA1, 0x00, 0xE2, 0x08, 0xE2, 0x08, 0x63, 0x11, 0x83, 0x11, 0xC3, 0x11, 0x63, 0x11, 0x43, 0x11,
    0xC7, 0x22, 0x48, 0x33, 0x27, 0x2B, 0x27, 0x2B, 0x48, 0x2B, 0xC6, 0x22, 0xAA, 0x3B, 0xA6, 0x1A,
    0xCB, 0x43, 0x49, 0x33, 0xC7, 0x2A, 0xA3, 0x09, 0xE5, 0x19, 0x66, 0x22, 0x66, 0x22, 0x45, 0x1A,
    0x86, 0x22, 0x86, 0x1A, 0x45, 0x1A, 0x26, 0x1A, 0xE4, 0x11, 0x64, 0x11, 0xA2, 0x08, 0xC2, 0x00,
    0x49, 0x43, 0x86, 0x2A, 0xB1, 0x84, 0xAD, 0x6B, 0xC3, 0x19, 0xE3, 0x19, 0xE4, 0x19, 0x04, 0x1A,
    0x04, 0x1A, 0x44, 0x22, 0x44, 0x22, 0x44, 0x1A, 0x64, 0x1A, 0x85, 0x22, 0x24, 0x1A, 0xE4, 0x19,
    0xC1, 0x00, 0x82, 0x00, 0xC3, 0x08, 0xA2, 0x08, 0xA2, 0x00, 0x81, 0x00, 0x82, 0x00, 0xC2, 0x08,
    0xA4, 0x11, 0x45, 0x1A, 0xA7, 0x22, 0x49, 0x2B, 0xE7, 0x1A, 0xD2, 0x6C, 0x5F, 0xD7, 0xFE, 0xC6,
    0x1E, 0xC7, 0x1E, 0xC7, 0x1E, 0xC7, 0x1E, 0xC7, 0x1E, 0xC7, 0x1E, 0xC7, 0x1E, 0xC7, 0x1E, 0xC7,
    0x1E, 0xC7, 0x1E, 0xC7, 0x1E, 0xC7, 0x1E, 0xC7, 0x1E, 0xC7, 0x1E, 0xC7, 0x1E, 0xC7, 0x1E, 0xC7,
    0x1E, 0xC7, 0x1E, 0xC7, 0x1E, 0xC7, 0x1E, 0xC7, 0x1E, 0xC7, 0x1E, 0xC7, 0x1E, 0xC7, 0x1E, 0xC7,
    0x1E, 0xC7, 0x1E, 0xC7, 0x1E, 0xC7, 0x1E, 0xC7, 0x1E, 0xC7, 0x1E, 0xC7, 0x1E, 0xC7, 0x1E, 0xC7,
    0x1E, 0xC7, 0x1E, 0xC7, 0x1E, 0xC7, 0x1E, 0xC7, 0x1E, 0xC7, 0x1E, 0xC7, 0x1E, 0xC7, 0x1E, 0xC7,
    0x1E, 0xC7, 0x1E, 0xC7, 0x1E, 0xC7, 0x1E, 0xC7, 0x1E, 0xC7, 0x1E, 0xC7, 0x1E, 0xC7, 0x1E, 0xC7,
    0x1E, 0xC7, 0x1E, 0xC7, 0x1E, 0xC7, 0x1E, 0xC7, 0x1E, 0xC7, 0x1E, 0xC7, 0x1E, 0xC7, 0x1E, 0xC7,
    0x1E, 0xC7, 0x1E, 0xC7, 0x1E, 0xC7, 0x1E, 0xC7, 0x1E, 0xC7, 0x1E, 0xC7, 0x1E, 0xC7, 0x1E, 0xC7,
    0x1E, 0xC7, 0x1E, 0xC7, 0x1E, 0xC7, 0x1E, 0xC7, 0x1E, 0xC7, 0x1E, 0xC7, 0x1E, 0xC7, 0x1E, 0xC7,
    0x1E, 0xC7, 0x1E, 0xC7, 0x1E, 0xC7, 0x1E, 0xC7, 0x1E, 0xC7, 0x1E, 0xC7, 0x1E, 0xC7, 0x1E, 0xC7,
    0xFE, 0xC6, 0x5F, 0xCF, 0xD9, 0xA5, 0xE3, 0x08, 0x23, 0x09, 0x43, 0x11, 0x23, 0x09, 0x03, 0x09,
    0x44, 0x11, 0x23, 0x09, 0x23, 0x09, 0x23, 0x09, 0x03, 0x09, 0x23, 0x09, 0x43, 0x11, 0x23, 0x09,
    0x23, 0x09, 0x64, 0x09, 0x23, 0x09, 0x44, 0x11, 0xE3, 0x08, 0x81, 0x08, 0x61, 0x00, 0x41, 0x00,
    0x41, 0x00, 0x41, 0x00, 0x41, 0x00, 0x61, 0x00, 0x41, 0x00, 0x41, 0x00, 0x82, 0x00, 0xA2, 0x08,
    0xA2, 0x08, 0x81, 0x00, 0x61, 0x00, 0x61, 0x00, 0x61, 0x00, 0x82, 0x00, 0xA2, 0x08, 0xE3, 0x08,
    0x64, 0x11, 0x63, 0x11, 0x63, 0x11, 0x63, 0x11, 0x84, 0x11, 0x84, 0x11, 0xE4, 0x11, 0x84, 0x11,
    0x03, 0x09, 0x03, 0x09, 0xC2, 0x08, 0xE3, 0x08, 0xE3, 0x08, 0xE3, 0x08, 0xC2, 0x08, 0xA2, 0x00,
    0x24, 0x09, 0x65, 0x11, 0x85, 0x11, 0x03, 0x09, 0xC2, 0x08, 0x82, 0x08, 0x62, 0x00, 0x62, 0x00,
    0x82, 0x00, 0x61, 0x00, 0x61, 0x00, 0xC3, 0x08, 0xE3, 0x08, 0xE2, 0x08, 0xE3, 0x08, 0xE3, 0x08,
    0xC3, 0x08, 0xC3, 0x00, 0xE3, 0x08, 0x82, 0x00, 0x41, 0x00, 0x41, 0x00, 0x41, 0x00, 0x41, 0x00,
    0x41, 0x00, 0x62, 0x00, 0x42, 0x00, 0x41, 0x00, 0x61, 0x00, 0x61, 0x00, 0x61, 0x00, 0x82, 0x00,
    0xC3, 0x08, 0xA2, 0x08, 0xA2, 0x00, 0xE2, 0x08, 0xA4, 0x19, 0x63, 0x11, 0x63, 0x11, 0xA4, 0x19,
    0x63, 0x11, 0x42, 0x09, 0x63, 0x11, 0x83, 0x11, 0x65, 0x22, 0xC5, 0x22, 0x84, 0x22, 0x23, 0x1A,
    0xE5, 0x19, 0x45, 0x1A, 0x48, 0x33, 0x27, 0x2B, 0x08, 0x33, 0x86, 0x1A, 0x69, 0x2B, 0x66, 0x1A,
    0x26, 0x22, 0xA4, 0x11, 0x63, 0x09, 0xE4, 0x11, 0x46, 0x22, 0x45, 0x1A, 0x25, 0x1A, 0x25, 0x1A,
    0x24, 0x1A, 0x24, 0x1A, 0x25, 0x1A, 0xE4, 0x19, 0xC4, 0x11, 0xA4, 0x11, 0x43, 0x11, 0x26, 0x22,
    0x08, 0x33, 0x82, 0x09, 0x0C, 0x64, 0x08, 0x3B, 0x03, 0x12, 0x04, 0x1A, 0x03, 0x1A, 0x24, 0x1A,
    0x44, 0x1A, 0x84, 0x22, 0x64, 0x22, 0x84, 0x22, 0xE7, 0x2A, 0x83, 0x11, 0xE2, 0x08, 0x81, 0x00,
    0x24, 0x11, 0x24, 0x11, 0xA3, 0x08, 0xC2, 0x08, 0xE2, 0x08, 0x43, 0x09, 0x84, 0x11, 0x63, 0x09,
    0x86, 0x22, 0x28, 0x2B, 0xC7, 0x22, 0xC7, 0x22, 0x86, 0x1A, 0x8C, 0x4B, 0x3F, 0xCF, 0xFF, 0xC6,
    0x1E, 0xC7, 0x1E, 0xC7, 0x1E, 0xC7, 0x1E, 0xC7, 0x1E, 0xC7, 0x1E, 0xC7, 0x1E, 0xC7, 0x1E, 0xC7,
    0x1E, 0xC7, 0x1E, 0xC7, 0x1E, 0xC7, 0x1E, 0xC7, 0x1E, 0xC7, 0x1E, 0xC7, 0x1E, 0xC7, 0x1E, 0xC7,
    0x1E, 0xC7, 0x1E, 0xC7, 0x1E, 0xC7, 0x1E, 0xC7, 0x1E, 0xC7, 0x1E, 0xC7, 0x1E, 0xC7, 0x1E, 0xC7,
    0x1E, 0xC7, 0x1E, 0xC7, 0x1E, 0xC7, 0x1E, 0xC7, 0x1E, 0xC7, 0x1E, 0xC7, 0x1E, 0xC7, 0x1E, 0xC7,
    0x1E, 0xC7, 0x1E, 0xC7, 0x1E, 0xC7, 0x1E, 0xC7, 0x1E, 0xC7, 0x1E, 0xC7, 0x1E, 0xC7, 0x1E, 0xC7,
    0x1E, 0xC7, 0x1E, 0xC7, 0x1E, 0xC7, 0x1E, 0xC7, 0x1E, 0xC7, 0x1E, 0xC7, 0x1E, 0xC7, 0x1E, 0xC7,
    0x1E, 0xC7, 0x1E, 0xC7, 0x1E, 0xC7, 0x1E, 0xC7, 0x1E, 0xC7, 0x1E, 0xC7, 0x1E, 0xC7, 0x1E, 0xC7,
    0x1E, 0xC7, 0x1E, 0xC7, 0x1E, 0xC7, 0x1E, 0xC7, 0x1E, 0xC7, 0x1E, 0xC7, 0x1E, 0xC7, 0x1E, 0xC7,
    0x1E, 0xC7, 0x1E, 0xC7, 0x1E, 0xC7, 0x1E, 0xC7, 0x1E, 0xC7, 0x1E, 0xC7, 0x1E, 0xC7, 0x1E, 0xC7,
    0x1E, 0xC7, 0x1E, 0xC7, 0x1E, 0xC7, 0x1E, 0xC7, 0x1E, 0xC7, 0x1E, 0xC7, 0x1E, 0xC7, 0x1E, 0xC7,
    0xFE, 0xC6, 0x5F, 0xD7, 0xD4, 0x84, 0x02, 0x01, 0x44, 0x09, 0x43, 0x11, 0x23, 0x11, 0xE2, 0x00,
    0x44, 0x09, 0x64, 0x11, 0x03, 0x09, 0x44, 0x11, 0x64, 0x11, 0x23, 0x09, 0x43, 0x11, 0x43, 0x11,
    0x43, 0x09, 0x64, 0x11, 0x23, 0x09, 0xA2, 0x00, 0x61, 0x00, 0x41, 0x00, 0x42, 0x00, 0x41, 0x00,
    0x41, 0x00, 0x41, 0x00, 0x41, 0x00, 0x41, 0x00, 0x61, 0x00, 0x61, 0x00, 0x61, 0x00, 0xA2, 0x08,
    0xA2, 0x08, 0x82, 0x00, 0x81, 0x00, 0x81, 0x00, 0x82, 0x00, 0x62, 0x00, 0xA2, 0x08, 0xC2, 0x00,
    0x23, 0x11, 0x84, 0x11, 0x63, 0x11, 0x84, 0x11, 0x84, 0x11, 0xA4, 0x11, 0xE5, 0x11, 0xA4, 0x11,
    0x43, 0x09, 0x64, 0x11, 0x03, 0x09, 0xE2, 0x00, 0xE3, 0x08, 0x03, 0x09, 0xE2, 0x08, 0xC2, 0x08,
    0x65, 0x11, 0x85, 0x11, 0xC6, 0x19, 0x85, 0x11, 0xE3, 0x08, 0xA3, 0x08, 0x82, 0x00, 0x41, 0x00,
    0x61, 0x00, 0x61, 0x00, 0x41, 0x00, 0xC3, 0x08, 0xE3, 0x08, 0xC3, 0x08, 0xE3, 0x08, 0xE3, 0x08,
    0xC2, 0x08, 0x03, 0x09, 0xE3, 0x08, 0xA2, 0x00, 0x82, 0x00, 0x61, 0x00, 0x41, 0x00, 0x41, 0x00,
    0x41, 0x00, 0x61, 0x00, 0x61, 0x00, 0x41, 0x00, 0x41, 0x00, 0x61, 0x00, 0x61, 0x00, 0xA2, 0x08,
    0xC2, 0x08, 0xC2, 0x08, 0x02, 0x09, 0xC3, 0x19, 0xC3, 0x11, 0x82, 0x09, 0xC7, 0x2A, 0x08, 0x23,
    0xA6, 0x1A, 0x04, 0x1A, 0xE4, 0x19, 0xE4, 0x11, 0x44, 0x1A, 0x64, 0x1A, 0x83, 0x1A, 0x63, 0x1A,
    0xE2, 0x08, 0xA1, 0x00, 0x02, 0x01, 0x02, 0x01, 0x43, 0x09, 0x43, 0x09, 0x83, 0x09, 0x43, 0x09,
    0xE2, 0x08, 0x43, 0x09, 0x66, 0x1A, 0xC7, 0x22, 0x86, 0x1A, 0xA6, 0x22, 0x66, 0x1A, 0x85, 0x22,
    0x86, 0x22, 0x04, 0x1A, 0x04, 0x1A, 0x04, 0x1A, 0xC4, 0x11, 0x84, 0x11, 0x22, 0x09, 0xEC, 0x5B,
    0x28, 0x43, 0x03, 0x1A, 0xE8, 0x3A, 0x22, 0x09, 0x63, 0x11, 0x83, 0x11, 0xA3, 0x11, 0xC3, 0x19,
    0xE3, 0x19, 0x04, 0x1A, 0xC3, 0x11, 0x04, 0x1A, 0x22, 0x09, 0xC2, 0x08, 0xA2, 0x08, 0x81, 0x00,
    0x03, 0x11, 0xE3, 0x08, 0x43, 0x11, 0x84, 0x11, 0xC5, 0x19, 0x27, 0x22, 0xC5, 0x11, 0xC4, 0x11,
    0x66, 0x1A, 0x45, 0x12, 0xC7, 0x22, 0x28, 0x2B, 0x48, 0x2B, 0xE7, 0x22, 0x5A, 0xAE, 0x3F, 0xCF,
    0xFE, 0xC6, 0x1E, 0xC7, 0x1E, 0xC7, 0x1E, 0xC7, 0x1E, 0xC7, 0x1E, 0xC7, 0x1E, 0xC7, 0x1E, 0xC7,
    0x1E, 0xC7, 0x1E, 0xC7, 0x1E, 0xC7, 0x1E, 0xC7, 0x1E, 0xC7, 0x1E, 0xC7, 0x1E, 0xC7, 0x1E, 0xC7,
    0x1E, 0xC7, 0x1E, 0xC7, 0x1E, 0xC7, 0x1E, 0xC7, 0x1E, 0xC7, 0x1E, 0xC7, 0x1E, 0xC7, 0x1E, 0xC7,
    0x1E, 0xC7, 0x1E, 0xC7, 0x1E, 0xC7, 0x1E, 0xC7, 0x1E, 0xC7, 0x1E, 0xC7, 0x1E, 0xC7, 0x1E, 0xC7,
    0x1E, 0xC7, 0x1E, 0xC7, 0x1E, 0xC7, 0x1E, 0xC7, 0x1E, 0xC7, 0x1E, 0xC7, 0x1E, 0xC7, 0x1E, 0xC7,
    0x1E, 0xC7, 0x1E, 0xC7, 0x1E, 0xC7, 0x1E, 0xC7, 0x1E, 0xC7, 0x1E, 0xC7, 0x1E, 0xC7, 0x1E, 0xC7,
    0x1E, 0xC7, 0x1E, 0xC7, 0x1E, 0xC7, 0x1E, 0xC7, 0x1E, 0xC7, 0x1E, 0xC7, 0x1E, 0xC7, 0x1E, 0xC7,
    0x1E, 0xC7, 0x1E, 0xC7, 0x1E, 0xC7, 0x1E, 0xC7, 0x1E, 0xC7, 0x1E, 0xC7, 0x1E, 0xC7, 0x1E, 0xC7,
    0x1E, 0xC7, 0x1E, 0xC7, 0x1E, 0xC7, 0x1E, 0xC7, 0x1E, 0xC7, 0x1E, 0xC7, 0x1E, 0xC7, 0x1E, 0xC7,
    0x1E, 0xC7, 0x1E, 0xC7, 0x1E, 0xC7, 0x1E, 0xC7, 0x1E, 0xC7, 0x1E, 0xC7, 0x1E, 0xC7, 0x1E, 0xC7,
    0xFE, 0xC6, 0x7F, 0xD7, 0x8D, 0x4B, 0x63, 0x09, 0xA5, 0x11, 0x43, 0x11, 0x23, 0x09, 0x64, 0x11,
    0x84, 0x11, 0x44, 0x11, 0x02, 0x09, 0xE2, 0x08, 0x23, 0x09, 0x63, 0x11, 0x43, 0x09, 0x43, 0x11,
    0x23, 0x11, 0xA1, 0x00, 0x61, 0x00, 0x61, 0x00, 0x81, 0x00, 0x61, 0x00, 0x41, 0x00, 0x41, 0x00,
    0x41, 0x00, 0x41, 0x00, 0x41, 0x00, 0x41, 0x00, 0x62, 0x00, 0x62, 0x00, 0x81, 0x00, 0x61, 0x00,
    0x61, 0x00, 0x62, 0x00, 0x62, 0x00, 0x62, 0x00, 0x82, 0x08, 0x81, 0x00, 0x81, 0x00, 0xC2, 0x08,
    0xC2, 0x00, 0x23, 0x09, 0x63, 0x09, 0x84, 0x11, 0xA4, 0x11, 0xA4, 0x11, 0xC5, 0x11, 0xA4, 0x11,
    0x84, 0x11, 0x84, 0x11, 0x44, 0x11, 0xE2, 0x08, 0x03, 0x09, 0xE3, 0x08, 0xE2, 0x08, 0xA2, 0x00,
    0x44, 0x11, 0xA5, 0x11, 0xA5, 0x11, 0xC6, 0x19, 0x24, 0x09, 0xC3, 0x08, 0xA2, 0x00, 0x61, 0x00,
    0x61, 0x00, 0x62, 0x00, 0x61, 0x00, 0xC3, 0x08, 0xC3, 0x08, 0xC2, 0x00, 0xE3, 0x08, 0xC2, 0x00,
    0xE3, 0x08, 0xE3, 0x08, 0xC2, 0x08, 0xA2, 0x00, 0xA2, 0x08, 0x82, 0x00, 0x61, 0x00, 0x62, 0x00,
    0x82, 0x00, 0x61, 0x00, 0x61, 0x00, 0x41, 0x00, 0x41, 0x00, 0x61, 0x00, 0x82, 0x00, 0x82, 0x08,
    0x02, 0x09, 0x63, 0x09, 0x83, 0x11, 0x82, 0x11, 0x82, 0x09, 0x82, 0x11, 0x66, 0x1A, 0xC7, 0x22,
    0xA6, 0x1A, 0x25, 0x1A, 0xE4, 0x19, 0x25, 0x1A, 0xE4, 0x11, 0x23, 0x1A, 0x84, 0x22, 0xA4, 0x22,
    0x02, 0x09, 0xA4, 0x21, 0x85, 0x42, 0x49, 0x53, 0xC5, 0x21, 0x23, 0x11, 0x84, 0x21, 0x27, 0x32,
    0x88, 0x3A, 0x67, 0x2A, 0x6A, 0x3B, 0x08, 0x2B, 0x49, 0x33, 0x66, 0x22, 0xE4, 0x11, 0x85, 0x22,
    0xA6, 0x2A, 0xE3, 0x11, 0x03, 0x1A, 0x23, 0x1A, 0x04, 0x1A, 0x22, 0x09, 0xE5, 0x29, 0xB3, 0xA5,
    0x87, 0x3A, 0x27, 0x43, 0xC4, 0x19, 0x62, 0x00, 0x62, 0x00, 0x62, 0x00, 0x62, 0x00, 0x41, 0x00,
    0x82, 0x08, 0x61, 0x00, 0xC2, 0x08, 0x02, 0x09, 0xA1, 0x00, 0xA2, 0x08, 0xA2, 0x00, 0xA2, 0x00,
    0x03, 0x09, 0x23, 0x09, 0xA4, 0x11, 0x43, 0x11, 0xE2, 0x00, 0xE3, 0x08, 0xE2, 0x08, 0xA4, 0x19,
    0x24, 0x1A, 0x48, 0x2B, 0x48, 0x2B, 0xE7, 0x1A, 0xE7, 0x22, 0x43, 0x12, 0x70, 0x6C, 0x7F, 0xD7,
    0xFE, 0xC6, 0x1E, 0xC7, 0x1E, 0xC7, 0x1E, 0xC7, 0x1E, 0xC7, 0x1E, 0xC7, 0x1E, 0xC7, 0x1E, 0xC7,
    0x1E, 0xC7, 0x1E, 0xC7, 0x1E, 0xC7, 0x1E, 0xC7, 0x1E, 0xC7, 0x1E, 0xC7, 0x1E, 0xC7, 0x1E, 0xC7,
    0x1E, 0xC7, 0x1E, 0xC7, 0x1E, 0xC7, 0x1E, 0xC7, 0x1E, 0xC7, 0x1E, 0xC7, 0x1E, 0xC7, 0x1E, 0xC7,
    0x1E, 0xC7, 0x1E, 0xC7, 0x1E, 0xC7, 0x1E, 0xC7, 0x1E, 0xC7, 0x1E, 0xC7, 0x1E, 0xC7, 0x1E, 0xC7,
    0x1E, 0xC7, 0x1E, 0xC7, 0x1E, 0xC7, 0x1E, 0xC7, 0x1E, 0xC7, 0x1E, 0xC7, 0x1E, 0xC7, 0x1E, 0xC7,
    0x1E, 0xC7, 0x1E, 0xC7, 0x1E, 0xC7, 0x1E, 0xC7, 0x1E, 0xC7, 0x1E, 0xC7, 0x1E, 0xC7, 0x1E, 0xC7,
    0x1E, 0xC7, 0x1E, 0xC7, 0x1E, 0xC7, 0x1E, 0xC7, 0x1E, 0xC7, 0x1E, 0xC7, 0x1E, 0xC7, 0x1E, 0xC7,
    0x1E, 0xC7, 0x1E, 0xC7, 0x1E, 0xC7, 0x1E, 0xC7, 0x1E, 0xC7, 0x1E, 0xC7, 0x1E, 0xC7, 0x1E, 0xC7,
    0x1E, 0xC7, 0x1E, 0xC7, 0x1E, 0xC7, 0x1E, 0xC7, 0x1E, 0xC7, 0x1E, 0xC7, 0x1E, 0xC7, 0x1E, 0xC7,
    0x1E, 0xC7, 0x1E, 0xC7, 0x1E, 0xC7, 0x1E, 0xC7, 0x1E, 0xC7, 0x1E, 0xC7, 0x1E, 0xC7, 0xFE, 0xC6,
    0x1F, 0xCF, 0x9C, 0xB6, 0x45, 0x1A, 0xA3, 0x11, 0x84, 0x11, 0xC5, 0x19, 0xE5, 0x19, 0xA4, 0x11,
    0x43, 0x09, 0x23, 0x09, 0x63, 0x09, 0x84, 0x11, 0x84, 0x11, 0x84, 0x11, 0x64, 0x11, 0x43, 0x09,
    0x63, 0x11, 0x03, 0x09, 0x61, 0x00, 0x82, 0x00, 0xE3, 0x08, 0x61, 0x00, 0x41, 0x00, 0x41, 0x00,
    0x41, 0x00, 0x41, 0x00, 0x41, 0x00, 0x41, 0x00, 0x41, 0x00, 0x62, 0x00, 0x62, 0x00, 0x61, 0x00,
    0xC2, 0x08, 0xC2, 0x08, 0x81, 0x00, 0x81, 0x00, 0xA1, 0x00, 0x81, 0x00, 0x61, 0x00, 0x82, 0x00,
    0xC3, 0x08, 0xE3, 0x08, 0x44, 0x09, 0x26, 0x22, 0xA4, 0x11, 0x84, 0x11, 0xC5, 0x11, 0xA4, 0x11,
    0xC4, 0x11, 0xA4, 0x11, 0x43, 0x11, 0x03, 0x09, 0x03, 0x09, 0xE2, 0x08, 0xC2, 0x00, 0x81, 0x00,
    0x82, 0x00, 0x44, 0x11, 0xE6, 0x19, 0x07, 0x1A, 0x65, 0x11, 0xE3, 0x08, 0xA2, 0x00, 0x82, 0x00,
    0x61, 0x00, 0x61, 0x00, 0x82, 0x00, 0xA2, 0x08, 0xA2, 0x00, 0xC2, 0x00, 0xC2, 0x00, 0xC2, 0x00,
    0xC2, 0x08, 0xC2, 0x08, 0xA2, 0x00, 0x82, 0x00, 0xA2, 0x00, 0x82, 0x00, 0x61, 0x00, 0x82, 0x00,
    0x82, 0x08, 0x82, 0x00, 0x61, 0x00, 0x41, 0x00, 0x41, 0x00, 0x82, 0x00, 0x82, 0x00, 0x61, 0x00,
    0x26, 0x22, 0x28, 0x3B, 0x03, 0x12, 0xC2, 0x11, 0xE3, 0x19, 0xA3, 0x11, 0x82, 0x09, 0xA3, 0x11,
    0x63, 0x09, 0x63, 0x09, 0xC3, 0x11, 0x05, 0x1A, 0xC4, 0x19, 0xE3, 0x11, 0x84, 0x22, 0xA3, 0x22,
    0xAE, 0x73, 0xAC, 0x73, 0x06, 0x4B, 0xA5, 0x32, 0x08, 0x3B, 0x45, 0x22, 0x85, 0x22, 0x04, 0x1A,
    0xE5, 0x29, 0x26, 0x2A, 0x47, 0x2A, 0xE5, 0x19, 0x05, 0x1A, 0xE4, 0x11, 0x04, 0x1A, 0x44, 0x1A,
    0x43, 0x1A, 0x23, 0x1A, 0x23, 0x1A, 0x43, 0x1A, 0x84, 0x22, 0xA3, 0x1A, 0xE9, 0x53, 0x6E, 0x7C,
    0xE4, 0x21, 0x89, 0x53, 0xC2, 0x00, 0x62, 0x00, 0x41, 0x00, 0x61, 0x00, 0x41, 0x00, 0x41, 0x00,
    0x21, 0x00, 0x81, 0x00, 0xE2, 0x08, 0x02, 0x09, 0x81, 0x00, 0xA2, 0x00, 0xC2, 0x08, 0xE3, 0x08,
    0x23, 0x09, 0xC2, 0x00, 0xA1, 0x00, 0x81, 0x00, 0x81, 0x00, 0x61, 0x00, 0xA1, 0x00, 0xC4, 0x19,
    0x85, 0x22, 0xC6, 0x22, 0xC6, 0x22, 0xC6, 0x22, 0xC6, 0x22, 0xA4, 0x1A, 0x65, 0x22, 0x5B, 0xAE,
    0x3F, 0xCF, 0xFE, 0xC6, 0x1E, 0xC7, 0x1E, 0xC7, 0x1E, 0xC7, 0x1E, 0xC7, 0x1E, 0xC7, 0x1E, 0xC7,
    0x1E, 0xC7, 0x1E, 0xC7, 0x1E, 0xC7, 0x1E, 0xC7, 0x1E, 0xC7, 0x1E, 0xC7, 0x1E, 0xC7, 0x1E, 0xC7,
    0x1E, 0xC7, 0x1E, 0xC7, 0x1E, 0xC7, 0x1E, 0xC7, 0x1E, 0xC7, 0x1E, 0xC7, 0x1E, 0xC7, 0x1E, 0xC7,
    0x1E, 0xC7, 0x1E, 0xC7, 0x1E, 0xC7, 0x1E, 0xC7, 0x1E, 0xC7, 0x1E, 0xC7, 0x1E, 0xC7, 0x1E, 0xC7,
    0x1E, 0xC7, 0x1E, 0xC7, 0x1E, 0xC7, 0x1E, 0xC7, 0x1E, 0xC7, 0x1E, 0xC7, 0x1E, 0xC7, 0x1E, 0xC7,
    0x1E, 0xC7, 0x1E, 0xC7, 0x1E, 0xC7, 0x1E, 0xC7, 0x1E, 0xC7, 0x1E, 0xC7, 0x1E, 0xC7, 0x1E, 0xC7,
    0x1E, 0xC7, 0x1E, 0xC7, 0x1E, 0xC7, 0x1E, 0xC7, 0x1E, 0xC7, 0x1E, 0xC7, 0x1E, 0xC7, 0x1E, 0xC7,
    0x1E, 0xC7, 0x1E, 0xC7, 0x1E, 0xC7, 0x1E, 0xC7, 0x1E, 0xC7, 0x1E, 0xC7, 0x1E, 0xC7, 0x1E, 0xC7,
    0x1E, 0xC7, 0x1E, 0xC7, 0x1E, 0xC7, 0x1E, 0xC7, 0x1E, 0xC7, 0x1E, 0xC7, 0x1E, 0xC7, 0x1E, 0xC7,
    0x1E, 0xC7, 0x1E, 0xC7, 0x1E, 0xC7, 0x1E, 0xC7, 0x1E, 0xC7, 0x1E, 0xC7, 0x1E, 0xC7, 0xFE, 0xC6,
    0x7F, 0xD7, 0x91, 0x74, 0xC3, 0x11, 0xA3, 0x11, 0x23, 0x09, 0xA4, 0x11, 0xA4, 0x11, 0x83, 0x09,
    0xA4, 0x19, 0xA4, 0x19, 0xA4, 0x11, 0x63, 0x09, 0x43, 0x09, 0x64, 0x11, 0x84, 0x11, 0xC5, 0x19,
    0xE5, 0x19, 0x84, 0x11, 0xA2, 0x00, 0x61, 0x00, 0x61, 0x00, 0x61, 0x00, 0x41, 0x00, 0x41, 0x00,
    0x62, 0x00, 0x62, 0x00, 0x82, 0x00, 0x82, 0x00, 0x61, 0x00, 0x41, 0x00, 0x62, 0x00, 0x61, 0x00,
    0xE2, 0x00, 0xE4, 0x19, 0x43, 0x09, 0x23, 0x09, 0x43, 0x11, 0x43, 0x11, 0x22, 0x09, 0xC2, 0x00,
    0x82, 0x00, 0xE4, 0x08, 0x44, 0x09, 0xC5, 0x19, 0xA4, 0x11, 0x84, 0x11, 0xC5, 0x11, 0xC5, 0x19,
    0xE5, 0x19, 0xA4, 0x11, 0x23, 0x09, 0xE3, 0x08, 0x24, 0x11, 0xC2, 0x08, 0xA2, 0x00, 0x82, 0x00,
    0x61, 0x00, 0x82, 0x00, 0x44, 0x11, 0x27, 0x1A, 0xC6, 0x19, 0xC3, 0x08, 0xA2, 0x08, 0x82, 0x00,
    0x61, 0x00, 0x82, 0x00, 0xA2, 0x08, 0xE3, 0x08, 0x85, 0x11, 0x85, 0x11, 0xE3, 0x08, 0xC2, 0x00,
    0x03, 0x09, 0xC3, 0x08, 0x82, 0x00, 0x61, 0x00, 0x41, 0x00, 0x82, 0x00, 0x62, 0x00, 0x61, 0x00,
    0x82, 0x00, 0xA2, 0x08, 0x82, 0x00, 0x61, 0x00, 0x62, 0x00, 0x82, 0x00, 0x82, 0x00, 0x40, 0x00,
    0x4A, 0x43, 0xAA, 0x43, 0xC1, 0x09, 0x23, 0x1A, 0xC3, 0x11, 0x22, 0x11, 0x23, 0x11, 0xE2, 0x08,
    0x22, 0x09, 0xA4, 0x11, 0xE4, 0x19, 0xC4, 0x11, 0xA3, 0x11, 0x44, 0x1A, 0x84, 0x22, 0xA4, 0x22,
    0x2C, 0x5B, 0x45, 0x2A, 0x84, 0x2A, 0x44, 0x1A, 0x84, 0x22, 0x84, 0x22, 0x24, 0x1A, 0xE2, 0x08,
    0xA2, 0x08, 0xE3, 0x10, 0xC3, 0x08, 0xE2, 0x00, 0x24, 0x1A, 0xA4, 0x22, 0xA4, 0x22, 0xE5, 0x2A,
    0x63, 0x1A, 0x03, 0x1A, 0x23, 0x1A, 0x83, 0x1A, 0x25, 0x2B, 0x46, 0x2B, 0x89, 0x53, 0xA7, 0x42,
    0x07, 0x3B, 0x04, 0x22, 0x81, 0x00, 0x61, 0x00, 0x41, 0x00, 0x41, 0x00, 0x41, 0x00, 0x41, 0x00,
    0x41, 0x00, 0xA2, 0x08, 0x24, 0x11, 0x02, 0x09, 0xC2, 0x08, 0xC3, 0x08, 0xC2, 0x08, 0xA2, 0x00,
    0x82, 0x00, 0x82, 0x00, 0x81, 0x00, 0x81, 0x00, 0x61, 0x00, 0x81, 0x00, 0x61, 0x00, 0x63, 0x11,
    0x44, 0x1A, 0xC6, 0x22, 0xE7, 0x2A, 0x06, 0x23, 0xC5, 0x22, 0xE5, 0x2A, 0xC2, 0x09, 0x2A, 0x43,
    0x5F, 0xCF, 0xFF, 0xC6, 0xFF, 0xC6, 0x1E, 0xC7, 0x1E, 0xC7, 0x1E, 0xC7, 0x1E, 0xC7, 0x1E, 0xC7,
    0x1E, 0xC7, 0x1E, 0xC7, 0x1E, 0xC7, 0x1E, 0xC7, 0x1E, 0xC7, 0x1E, 0xC7, 0x1E, 0xC7, 0x1E, 0xC7,
    0x1E, 0xC7, 0x1E, 0xC7, 0x1E, 0xC7, 0x1E, 0xC7, 0x1E, 0xC7, 0x1E, 0xC7, 0x1E, 0xC7, 0x1E, 0xC7,
    0x1E, 0xC7, 0x1E, 0xC7, 0x1E, 0xC7, 0x1E, 0xC7, 0x1E, 0xC7, 0x1E, 0xC7, 0x1E, 0xC7, 0x1E, 0xC7,
    0x1E, 0xC7, 0x1E, 0xC7, 0x1E, 0xC7, 0x1E, 0xC7, 0x1E, 0xC7, 0x1E, 0xC7, 0x1E, 0xC7, 0x1E, 0xC7,
    0x1E, 0xC7, 0x1E, 0xC7, 0x1E, 0xC7, 0x1E, 0xC7, 0x1E, 0xC7, 0x1E, 0xC7, 0x1E, 0xC7, 0x1E, 0xC7,
    0x1E, 0xC7, 0x1E, 0xC7, 0x1E, 0xC7, 0x1E, 0xC7, 0x1E, 0xC7, 0x1E, 0xC7, 0x1E, 0xC7, 0x1E, 0xC7,
    0x1E, 0xC7, 0x1E, 0xC7, 0x1E, 0xC7, 0x1E, 0xC7, 0x1E, 0xC7, 0x1E, 0xC7, 0x1E, 0xC7, 0x1E, 0xC7,
    0x1E, 0xC7, 0x1E, 0xC7, 0x1E, 0xC7, 0x1E, 0xC7, 0x1E, 0xC7, 0x1E, 0xC7, 0x1E, 0xC7, 0x1E, 0xC7,
    0x1E, 0xC7, 0x1E, 0xC7, 0x1E, 0xC7, 0x1E, 0xC7, 0x1E, 0xC7, 0x1E, 0xC7, 0xFE, 0xC6, 0x3F, 0xCF,
    0x5A, 0xAE, 0xA3, 0x11, 0x24, 0x1A, 0x24, 0x1A, 0x83, 0x11, 0x43, 0x11, 0x63, 0x09, 0x63, 0x09,
    0x84, 0x11, 0x64, 0x11, 0x63, 0x11, 0x84, 0x11, 0x84, 0x11, 0x84, 0x11, 0x84, 0x11, 0x84, 0x09,
    0x63, 0x09, 0x84, 0x11, 0x23, 0x11, 0x61, 0x00, 0x62, 0x00, 0x41, 0x00, 0x41, 0x00, 0x62, 0x00,
    0x62, 0x00, 0x62, 0x00, 0x82, 0x00, 0xA2, 0x00, 0x82, 0x00, 0x41, 0x00, 0x41, 0x00, 0xC2, 0x08,
    0x63, 0x11, 0xE4, 0x19, 0x45, 0x1A, 0x83, 0x09, 0x42, 0x09, 0x42, 0x09, 0xE4, 0x19, 0x05, 0x1A,
    0xE2, 0x00, 0xC2, 0x00, 0x64, 0x11, 0x84, 0x11, 0xA4, 0x11, 0x83, 0x09, 0xC5, 0x19, 0xC5, 0x19,
    0xC5, 0x11, 0xE5, 0x19, 0x43, 0x09, 0xE2, 0x08, 0x43, 0x11, 0xC2, 0x00, 0xC3, 0x00, 0xC3, 0x08,
    0xA2, 0x00, 0x82, 0x00, 0x61, 0x00, 0x24, 0x09, 0xA5, 0x19, 0xA2, 0x08, 0x82, 0x00, 0x82, 0x00,
    0xA2, 0x00, 0x03, 0x09, 0x44, 0x09, 0xC6, 0x19, 0x07, 0x1A, 0x65, 0x09, 0xE3, 0x08, 0x24, 0x11,
    0x03, 0x11, 0x82, 0x00, 0x41, 0x00, 0x61, 0x00, 0x82, 0x08, 0x62, 0x00, 0x61, 0x00, 0x62, 0x00,
    0xA2, 0x08, 0xC3, 0x08, 0xA2, 0x08, 0x82, 0x00, 0x82, 0x00, 0x82, 0x00, 0x82, 0x00, 0x81, 0x00,
    0x04, 0x1A, 0x03, 0x12, 0x03, 0x1A, 0xC3, 0x19, 0x02, 0x01, 0x81, 0x00, 0x41, 0x00, 0x41, 0x00,
    0x84, 0x11, 0x24, 0x1A, 0x04, 0x1A, 0xA3, 0x11, 0x63, 0x09, 0x44, 0x1A, 0xC4, 0x22, 0xC4, 0x22,
    0x65, 0x22, 0xC5, 0x22, 0xA4, 0x22, 0x64, 0x22, 0x64, 0x22, 0xE3, 0x11, 0x62, 0x11, 0x23, 0x11,
    0xE2, 0x08, 0xA2, 0x00, 0x82, 0x00, 0xA3, 0x11, 0xC5, 0x22, 0xE4, 0x22, 0x04, 0x23, 0xE4, 0x22,
    0x22, 0x12, 0x83, 0x1A, 0x05, 0x2B, 0x45, 0x2B, 0xE5, 0x2A, 0xE4, 0x19, 0x0B, 0x5B, 0x66, 0x32,
    0xC6, 0x32, 0xE2, 0x00, 0x82, 0x00, 0x41, 0x00, 0x41, 0x00, 0x41, 0x00, 0x41, 0x00, 0x41, 0x00,
    0x41, 0x00, 0x81, 0x00, 0xC2, 0x08, 0xC2, 0x08, 0xA2, 0x08, 0xA2, 0x08, 0x81, 0x00, 0x81, 0x00,
    0x81, 0x00, 0x81, 0x00, 0x81, 0x00, 0x81, 0x00, 0x82, 0x00, 0x62, 0x00, 0xC2, 0x08, 0xE4, 0x11,
    0xA5, 0x22, 0x07, 0x2B, 0x06, 0x23, 0xE6, 0x22, 0x06, 0x2B, 0x84, 0x22, 0xE3, 0x11, 0xA0, 0x09,
    0x90, 0x6C, 0x7F, 0xD7, 0xFF, 0xC6, 0xFE, 0xC6, 0x1E, 0xC7, 0x1E, 0xC7, 0x1E, 0xC7, 0x1E, 0xC7,
    0x1E, 0xC7, 0x1E, 0xC7, 0x1E, 0xC7, 0x1E, 0xC7, 0x1E, 0xC7, 0x1E, 0xC7, 0x1E, 0xC7, 0x1E, 0xC7,
    0x1E, 0xC7, 0x1E, 0xC7, 0x1E, 0xC7, 0x1E, 0xC7, 0x1E, 0xC7, 0x1E, 0xC7, 0x1E, 0xC7, 0x1E, 0xC7,
    0x1E, 0xC7, 0x1E, 0xC7, 0x1E, 0xC7, 0x1E, 0xC7, 0x1E, 0xC7, 0x1E, 0xC7, 0x1E, 0xC7, 0x1E, 0xC7,
    0x1E, 0xC7, 0x1E, 0xC7, 0x1E, 0xC7, 0x1E, 0xC7, 0x1E, 0xC7, 0x1E, 0xC7, 0x1E, 0xC7, 0x1E, 0xC7,
    0x1E, 0xC7, 0x1E, 0xC7, 0x1E, 0xC7, 0x1E, 0xC7, 0x1E, 0xC7, 0x1E, 0xC7, 0x1E, 0xC7, 0x1E, 0xC7,
    0x1E, 0xC7, 0x1E, 0xC7, 0x1E, 0xC7, 0x1E, 0xC7, 0x1E, 0xC7, 0x1E, 0xC7, 0x1E, 0xC7, 0x1E, 0xC7,
    0x1E, 0xC7, 0x1E, 0xC7, 0x1E, 0xC7, 0x1E, 0xC7, 0x1E, 0xC7, 0x1E, 0xC7, 0x1E, 0xC7, 0x1E, 0xC7,
    0x1E, 0xC7, 0x1E, 0xC7, 0x1E, 0xC7, 0x1E, 0xC7, 0x1E, 0xC7, 0x1E, 0xC7, 0x1E, 0xC7, 0x1E, 0xC7,
    0x1E, 0xC7, 0x1E, 0xC7, 0x1E, 0xC7, 0x1E, 0xC7, 0x1E, 0xC7, 0xFE, 0xC6, 0x1F, 0xCF, 0x3E, 0xCF,
    0x09, 0x3B, 0x41, 0x09, 0xA2, 0x11, 0x85, 0x1A, 0x85, 0x22, 0xA3, 0x11, 0x63, 0x09, 0x63, 0x11,
    0x64, 0x11, 0x63, 0x11, 0x63, 0x11, 0x84, 0x11, 0x84, 0x11, 0xA4, 0x11, 0xA4, 0x19, 0xA4, 0x19,
    0x84, 0x11, 0xC4, 0x19, 0xA5, 0x19, 0xA2, 0x00, 0x41, 0x00, 0x41, 0x00, 0x61, 0x00, 0x62, 0x00,
    0x62, 0x00, 0x61, 0x00, 0x61, 0x00, 0x62, 0x00, 0x82, 0x08, 0x82, 0x00, 0xE3, 0x08, 0x64, 0x11,
    0x43, 0x11, 0x42, 0x09, 0x44, 0x1A, 0xC6, 0x22, 0x65, 0x22, 0xA3, 0x11, 0xC3, 0x11, 0x85, 0x22,
    0xC4, 0x11, 0x63, 0x11, 0x43, 0x11, 0x43, 0x11, 0x64, 0x11, 0x64, 0x11, 0x44, 0x09, 0x23, 0x11,
    0x44, 0x11, 0x64, 0x11, 0x43, 0x11, 0x63, 0x11, 0x83, 0x11, 0x63, 0x11, 0xE2, 0x00, 0xE3, 0x08,
    0x03, 0x09, 0xE3, 0x08, 0xE3, 0x08, 0xC3, 0x08, 0x03, 0x09, 0x02, 0x09, 0xC2, 0x00, 0x03, 0x09,
    0x23, 0x11, 0x03, 0x09, 0x23, 0x09, 0x03, 0x09, 0xA2, 0x00, 0xE3, 0x08, 0x24, 0x11, 0xE3, 0x08,
    0x61, 0x00, 0x41, 0x00, 0x61, 0x00, 0x82, 0x00, 0x82, 0x00, 0xA2, 0x00, 0xE3, 0x08, 0x82, 0x00,
    0x82, 0x00, 0xC3, 0x08, 0xA2, 0x08, 0x82, 0x00, 0x82, 0x00, 0x82, 0x00, 0x82, 0x00, 0x82, 0x00,
    0x62, 0x09, 0x03, 0x1A, 0xE4, 0x19, 0x03, 0x09, 0x82, 0x00, 0x61, 0x00, 0x41, 0x00, 0x41, 0x00,
    0xA4, 0x11, 0x45, 0x1A, 0x05, 0x1A, 0xA4, 0x11, 0x03, 0x09, 0xA3, 0x11, 0xE5, 0x22, 0x25, 0x2B,
    0xA4, 0x22, 0x43, 0x1A, 0x64, 0x1A, 0x03, 0x1A, 0x62, 0x11, 0x42, 0x09, 0x42, 0x09, 0x02, 0x11,
    0xC2, 0x08, 0xA2, 0x08, 0x81, 0x00, 0x66, 0x22, 0x67, 0x2B, 0x05, 0x23, 0x05, 0x2B, 0xA4, 0x22,
    0x22, 0x1A, 0xC5, 0x2A, 0x44, 0x22, 0xC4, 0x19, 0xA1, 0x00, 0x44, 0x19, 0x68, 0x3A, 0x46, 0x2A,
    0x44, 0x11, 0xA3, 0x08, 0x61, 0x00, 0x42, 0x00, 0x41, 0x00, 0x41, 0x00, 0x41, 0x00, 0x41, 0x00,
    0x61, 0x00, 0x61, 0x00, 0xA2, 0x00, 0xA2, 0x00, 0x82, 0x00, 0x82, 0x00, 0x82, 0x08, 0x82, 0x00,
    0x82, 0x08, 0x82, 0x08, 0xA2, 0x00, 0xA2, 0x08, 0xA2, 0x08, 0x81, 0x00, 0x83, 0x11, 0xA5, 0x1A,
    0x27, 0x23, 0x27, 0x23, 0x06, 0x23, 0x06, 0x2B, 0xE5, 0x22, 0x02, 0x12, 0x02, 0x1A, 0x43, 0x1A,
    0x63, 0x1A, 0x12, 0x7D, 0x5F, 0xD7, 0xFF, 0xC6, 0xFE, 0xC6, 0x1E, 0xC7, 0x1E, 0xC7, 0x1E, 0xC7,
    0x1E, 0xC7, 0x1E, 0xC7, 0x1E, 0xC7, 0x1E, 0xC7, 0x1E, 0xC7, 0x1E, 0xC7, 0x1E, 0xC7, 0x1E, 0xC7,
    0x1E, 0xC7, 0x1E, 0xC7, 0x1E, 0xC7, 0x1E, 0xC7, 0x1E, 0xC7, 0x1E, 0xC7, 0x1E, 0xC7, 0x1E, 0xC7,
    0x1E, 0xC7, 0x1E, 0xC7, 0x1E, 0xC7, 0x1E, 0xC7, 0x1E, 0xC7, 0x1E, 0xC7, 0x1E, 0xC7, 0x1E, 0xC7,
    0x1E, 0xC7, 0x1E, 0xC7, 0x1E, 0xC7, 0x1E, 0xC7, 0x1E, 0xC7, 0x1E, 0xC7, 0x1E, 0xC7, 0x1E, 0xC7,
    0x1E, 0xC7, 0x1E, 0xC7, 0x1E, 0xC7, 0x1E, 0xC7, 0x1E, 0xC7, 0x1E, 0xC7, 0x1E, 0xC7, 0x1E, 0xC7,
    0x1E, 0xC7, 0x1E, 0xC7, 0x1E, 0xC7, 0x1E, 0xC7, 0x1E, 0xC7, 0x1E, 0xC7, 0x1E, 0xC7, 0x1E, 0xC7,
    0x1E, 0xC7, 0x1E, 0xC7, 0x1E, 0xC7, 0x1E, 0xC7, 0x1E, 0xC7, 0x1E, 0xC7, 0x1E, 0xC7, 0x1E, 0xC7,
    0x1E, 0xC7, 0x1E, 0xC7, 0x1E, 0xC7, 0x1E, 0xC7, 0x1E, 0xC7, 0x1E, 0xC7, 0x1E, 0xC7, 0x1E, 0xC7,
    0x1E, 0xC7, 0x1E, 0xC7, 0x1E, 0xC7, 0x1E, 0xC7, 0xFE, 0xC6, 0x1F, 0xCF, 0x5F, 0xCF, 0x4D, 0x4B,
    0xA2, 0x11, 0xE3, 0x19, 0x82, 0x11, 0x82, 0x11, 0x85, 0x22, 0xA6, 0x22, 0xC3, 0x11, 0x63, 0x11,
    0xA4, 0x11, 0x63, 0x09, 0xA4, 0x19, 0x84, 0x11, 0xA4, 0x11, 0xA4, 0x11, 0xA4, 0x11, 0x63, 0x11,
    0x84, 0x11, 0x83, 0x11, 0xA4, 0x11, 0xC2, 0x08, 0x41, 0x00, 0x41, 0x00, 0x41, 0x00, 0x61, 0x00,
    0x41, 0x00, 0x61, 0x00, 0x41, 0x00, 0x41, 0x00, 0x61, 0x00, 0xA3, 0x08, 0x44, 0x11, 0x43, 0x09,
    0x43, 0x09, 0x43, 0x11, 0xA4, 0x11, 0x85, 0x1A, 0xC5, 0x22, 0x07, 0x33, 0x85, 0x22, 0x24, 0x1A,
    0x04, 0x1A, 0xC4, 0x19, 0x22, 0x09, 0x23, 0x11, 0xC2, 0x08, 0xA2, 0x08, 0xC2, 0x08, 0xE3, 0x08,
    0xC3, 0x08, 0x81, 0x00, 0x02, 0x11, 0x83, 0x11, 0x83, 0x09, 0xA3, 0x11, 0x63, 0x11, 0x43, 0x09,
    0x23, 0x09, 0x23, 0x09, 0x23, 0x09, 0x04, 0x09, 0x23, 0x09, 0x43, 0x09, 0x43, 0x11, 0x24, 0x11,
    0x44, 0x11, 0x23, 0x09, 0x03, 0x09, 0xE2, 0x08, 0xA2, 0x00, 0x03, 0x09, 0xE3, 0x08, 0x61, 0x00,
    0x41, 0x00, 0x41, 0x00, 0x82, 0x08, 0x82, 0x00, 0xA2, 0x00, 0xE3, 0x08, 0xC3, 0x08, 0x82, 0x00,
    0x82, 0x00, 0xC2, 0x08, 0xC2, 0x00, 0xA2, 0x00, 0x82, 0x00, 0x82, 0x00, 0x82, 0x00, 0xA2, 0x00,
    0xA3, 0x19, 0x83, 0x11, 0x23, 0x09, 0xA2, 0x00, 0x42, 0x00, 0x61, 0x00, 0x61, 0x00, 0x41, 0x00,
    0x43, 0x09, 0x05, 0x1A, 0x84, 0x11, 0x43, 0x11, 0x03, 0x09, 0xC3, 0x11, 0x25, 0x2B, 0xC7, 0x33,
    0x24, 0x1A, 0xE4, 0x19, 0x83, 0x11, 0xA1, 0x08, 0xA1, 0x00, 0xE2, 0x08, 0xC2, 0x08, 0xA1, 0x00,
    0x61, 0x00, 0x61, 0x00, 0x61, 0x00, 0xE2, 0x08, 0x48, 0x33, 0xA7, 0x33, 0x46, 0x2B, 0xC5, 0x22,
    0x83, 0x22, 0x04, 0x1A, 0x61, 0x00, 0xA2, 0x00, 0x82, 0x08, 0x44, 0x19, 0xA5, 0x21, 0xC5, 0x19,
    0xC3, 0x08, 0x82, 0x00, 0x41, 0x00, 0x41, 0x00, 0x41, 0x00, 0x41, 0x00, 0x41, 0x00, 0x41, 0x00,
    0x62, 0x00, 0x61, 0x00, 0xC2, 0x08, 0xE2, 0x08, 0xE2, 0x08, 0xE2, 0x08, 0xC2, 0x08, 0xC2, 0x08,
    0xC2, 0x00, 0xC2, 0x00, 0xC2, 0x08, 0xC2, 0x08, 0xA2, 0x00, 0xC2, 0x08, 0x24, 0x1A, 0xE6, 0x22,
    0x07, 0x23, 0x27, 0x2B, 0x27, 0x23, 0x47, 0x2B, 0x84, 0x22, 0xE2, 0x11, 0x43, 0x1A, 0x43, 0x1A,
    0xA3, 0x22, 0x05, 0x2B, 0x90, 0x6C, 0x3F, 0xCF, 0x5F, 0xCF, 0xFE, 0xC6, 0xFE, 0xC6, 0x1E, 0xC7,
    0x1E, 0xC7, 0x1F, 0xC7, 0x1F, 0xC7, 0x1E, 0xC7, 0x1E, 0xC7, 0x1E, 0xC7, 0x1E, 0xC7, 0x1E, 0xC7,
    0x1E, 0xC7, 0x1E, 0xC7, 0x1E, 0xC7, 0x1E, 0xC7, 0x1E, 0xC7, 0x1E, 0xC7, 0x1E, 0xC7, 0x1E, 0xC7,
    0x1E, 0xC7, 0x1E, 0xC7, 0x1E, 0xC7, 0x1E, 0xC7, 0x1E, 0xC7, 0x1E, 0xC7, 0x1E, 0xC7, 0x1E, 0xC7,
    0x1E, 0xC7, 0x1E, 0xC7, 0x1E, 0xC7, 0x1E, 0xC7, 0x1E, 0xC7, 0x1E, 0xC7, 0x1E, 0xC7, 0x1E, 0xC7,
    0x1E, 0xC7, 0x1E, 0xC7, 0x1E, 0xC7, 0x1E, 0xC7, 0x1E, 0xC7, 0x1E, 0xC7, 0x1E, 0xC7, 0x1E, 0xC7,
    0x1E, 0xC7, 0x1E, 0xC7, 0x1E, 0xC7, 0x1E, 0xC7, 0x1E, 0xC7, 0x1E, 0xC7, 0x1E, 0xC7, 0x1E, 0xC7,
    0x1E, 0xC7, 0x1E, 0xC7, 0x1E, 0xC7, 0x1E, 0xC7, 0x1E, 0xC7, 0x1E, 0xC7, 0x1E, 0xC7, 0x1E, 0xC7,
    0x1E, 0xC7, 0x1E, 0xC7, 0x1E, 0xC7, 0x1E, 0xC7, 0x1E, 0xC7, 0x1E, 0xC7, 0x1E, 0xC7, 0x1F, 0xC7,
    0xFF, 0xC6, 0xFE, 0xCE, 0xFE, 0xC6, 0xFE, 0xC6, 0x5F, 0xD7, 0xFE, 0xC6, 0x2D, 0x4B, 0x23, 0x09,
    0x04, 0x1A, 0x23, 0x1A, 0xC2, 0x11, 0x82, 0x11, 0xA2, 0x11, 0xC5, 0x22, 0xE6, 0x2A, 0xC3, 0x11,
    0x83, 0x11, 0xA4, 0x11, 0xC4, 0x11, 0xC4, 0x19, 0xA4, 0x11, 0xE5, 0x19, 0x83, 0x11, 0x83, 0x11,
    0x63, 0x11, 0x83, 0x11, 0x84, 0x11, 0xE2, 0x08, 0x61, 0x00, 0x62, 0x00, 0xA3, 0x08, 0x82, 0x08,
    0x41, 0x00, 0x41, 0x00, 0x41, 0x00, 0x41, 0x00, 0x42, 0x00, 0x21, 0x00, 0x81, 0x00, 0xE3, 0x08,
    0x03, 0x09, 0x44, 0x11, 0x43, 0x11, 0x43, 0x09, 0x42, 0x09, 0xC3, 0x19, 0x45, 0x2A, 0x41, 0x09,
    0xE4, 0x19, 0x04, 0x1A, 0xC3, 0x11, 0xA3, 0x11, 0x42, 0x11, 0x60, 0x00, 0x61, 0x00, 0x61, 0x00,
    0x62, 0x00, 0x61, 0x00, 0xA2, 0x00, 0x44, 0x11, 0x83, 0x09, 0xA3, 0x11, 0xC4, 0x11, 0xC4, 0x11,
    0xA4, 0x11, 0x64, 0x11, 0xE2, 0x00, 0xC2, 0x00, 0x23, 0x11, 0x43, 0x11, 0x63, 0x11, 0x43, 0x11,
    0x63, 0x11, 0x64, 0x11, 0x23, 0x09, 0x23, 0x09, 0xE2, 0x08, 0x02, 0x09, 0x63, 0x11, 0xE2, 0x08,
    0x62, 0x00, 0x82, 0x08, 0xA2, 0x00, 0xC3, 0x08, 0xE3, 0x08, 0xE3, 0x08, 0xA2, 0x00, 0x61, 0x00,
    0x62, 0x00, 0xA2, 0x00, 0xC2, 0x08, 0xC2, 0x08, 0xA2, 0x00, 0xA2, 0x00, 0xA2, 0x08, 0xA2, 0x08,
    0x64, 0x11, 0x23, 0x09, 0xE3, 0x08, 0xA2, 0x00, 0x61, 0x00, 0x61, 0x00, 0x61, 0x00, 0x61, 0x00,
    0x81, 0x00, 0x22, 0x09, 0x02, 0x09, 0x23, 0x09, 0x23, 0x09, 0x44, 0x1A, 0xE8, 0x3B, 0x08, 0x34,
    0x63, 0x11, 0xC2, 0x00, 0x61, 0x00, 0x61, 0x00, 0x61, 0x00, 0xC3, 0x08, 0xE3, 0x08, 0x03, 0x11,
    0x23, 0x11, 0x02, 0x09, 0xA2, 0x08, 0x81, 0x00, 0x43, 0x11, 0x07, 0x33, 0xE9, 0x3B, 0xE9, 0x3B,
    0x46, 0x2B, 0xE4, 0x19, 0xC3, 0x08, 0x03, 0x09, 0xC3, 0x08, 0xC2, 0x08, 0xE2, 0x08, 0x03, 0x09,
    0xA2, 0x08, 0x41, 0x00, 0x41, 0x00, 0x41, 0x00, 0x41, 0x00, 0x41, 0x00, 0x41, 0x00, 0x61, 0x00,
    0x61, 0x00, 0x81, 0x00, 0xE2, 0x08, 0x02, 0x09, 0x02, 0x09, 0xE2, 0x08, 0xE2, 0x08, 0xE2, 0x08,
    0x02, 0x09, 0x23, 0x11, 0x02, 0x09, 0xE2, 0x08, 0xC2, 0x08, 0x02, 0x09, 0x85, 0x1A, 0x47, 0x2B,
    0x47, 0x2B, 0x47, 0x2B, 0x47, 0x23, 0x26, 0x2B, 0x03, 0x12, 0xE2, 0x11, 0x63, 0x1A, 0xC4, 0x22,
    0x64, 0x22, 0xE5, 0x32, 0x21, 0x09, 0x69, 0x3A, 0x19, 0xA6, 0x7F, 0xD7, 0x3F, 0xCF, 0xFF, 0xC6,
    0xFE, 0xC6, 0xFE, 0xC6, 0xFE, 0xC6, 0xFE, 0xC6, 0xFE, 0xC6, 0xFE, 0xC6, 0xFE, 0xC6, 0xFE, 0xC6,
    0xFE, 0xC6, 0xFE, 0xC6, 0xFE, 0xC6, 0xFE, 0xC6, 0xFE, 0xC6, 0xFE, 0xC6, 0xFE, 0xC6, 0xFE, 0xC6,
    0xFE, 0xC6, 0xFE, 0xC6, 0xFE, 0xC6, 0xFE, 0xC6, 0xFE, 0xC6, 0xFE, 0xC6, 0xFE, 0xC6, 0xFE, 0xC6,
    0xFE, 0xC6, 0xFE, 0xC6, 0xFE, 0xC6, 0xFE, 0xC6, 0xFE, 0xC6, 0xFE, 0xC6, 0xFE, 0xC6, 0xFE, 0xC6,
    0xFE, 0xC6, 0xFE, 0xC6, 0xFE, 0xC6, 0xFE, 0xC6, 0xFE, 0xC6, 0xFE, 0xC6, 0xFE, 0xC6, 0xFE, 0xC6,
    0xFE, 0xC6, 0xFE, 0xC6, 0xFE, 0xC6, 0xFE, 0xC6, 0xFE, 0xC6, 0x1E, 0xC7, 0xFE, 0xC6, 0xFE, 0xC6,
    0xFE, 0xC6, 0xFE, 0xC6, 0xFE, 0xC6, 0xFE, 0xC6, 0xFE, 0xC6, 0xFE, 0xC6, 0xFE, 0xC6, 0xFE, 0xC6,
    0xFE, 0xC6, 0xFE, 0xC6, 0xFE, 0xC6, 0xFE, 0xC6, 0xFE, 0xC6, 0xFE, 0xC6, 0xFE, 0xC6, 0xFE, 0xC6,
    0xFE, 0xC6, 0x1F, 0xC7, 0x5F, 0xCF, 0x7F, 0xD7, 0x97, 0x9D, 0x86, 0x21, 0x41, 0x00, 0x64, 0x19,
    0xA3, 0x11, 0x63, 0x22, 0x22, 0x1A, 0xC2, 0x11, 0xA2, 0x11, 0xC3, 0x11, 0x27, 0x2B, 0xE6, 0x22,
    0xE4, 0x11, 0xA3, 0x11, 0xA4, 0x11, 0xC4, 0x11, 0xC4, 0x11, 0x05, 0x1A, 0xE4, 0x19, 0xE4, 0x19,
    0xC4, 0x11, 0xC4, 0x11, 0xE5, 0x19, 0x84, 0x11, 0xA2, 0x00, 0x62, 0x00, 0x82, 0x08, 0x62, 0x00,
    0x41, 0x00, 0x41, 0x00, 0x41, 0x00, 0x42, 0x00, 0x62, 0x00, 0xA3, 0x08, 0x42, 0x00, 0x62, 0x00,
    0xA2, 0x08, 0x41, 0x00, 0x41, 0x00, 0x43, 0x11, 0xE4, 0x19, 0xC2, 0x11, 0x80, 0x00, 0xE2, 0x10,
    0x24, 0x1A, 0x44, 0x1A, 0xE3, 0x19, 0xA3, 0x11, 0x83, 0x11, 0xA1, 0x08, 0x61, 0x00, 0x61, 0x00,
    0x62, 0x00, 0x61, 0x00, 0x61, 0x00, 0xE2, 0x08, 0x63, 0x11, 0x83, 0x11, 0x83, 0x11, 0xC4, 0x11,
    0xE5, 0x19, 0x44, 0x11, 0xE2, 0x08, 0xC2, 0x08, 0x23, 0x11, 0x43, 0x09, 0x63, 0x11, 0x84, 0x11,
    0x84, 0x11, 0x84, 0x11, 0x43, 0x09, 0x23, 0x11, 0x03, 0x09, 0xC2, 0x00, 0x22, 0x09, 0x23, 0x09,
    0xA2, 0x08, 0x82, 0x00, 0xC3, 0x08, 0xC3, 0x08, 0xE3, 0x08, 0xE3, 0x08, 0x61, 0x00, 0x41, 0x00,
    0xA3, 0x08, 0xE3, 0x08, 0x03, 0x09, 0x24, 0x11, 0x04, 0x09, 0x03, 0x09, 0x04, 0x09, 0xE3, 0x08,
    0x23, 0x09, 0xE2, 0x08, 0x82, 0x00, 0xA2, 0x08, 0xA2, 0x08, 0xA2, 0x00, 0x82, 0x00, 0x81, 0x00,
    0x64, 0x11, 0x63, 0x11, 0x63, 0x09, 0x63, 0x11, 0x63, 0x09, 0x08, 0x2B, 0xA9, 0x3B, 0x45, 0x1A,
    0x81, 0x00, 0x61, 0x00, 0x62, 0x00, 0xA2, 0x08, 0xC3, 0x08, 0x62, 0x00, 0x61, 0x00, 0xC2, 0x08,
    0xE2, 0x08, 0xC2, 0x00, 0xE3, 0x08, 0xE3, 0x10, 0xC2, 0x08, 0xE2, 0x08, 0xE4, 0x19, 0xE7, 0x2A,
    0x09, 0x4C, 0x24, 0x22, 0xC2, 0x00, 0x24, 0x09, 0x45, 0x11, 0x44, 0x11, 0x23, 0x11, 0x23, 0x11,
    0x61, 0x00, 0x41, 0x00, 0x41, 0x00, 0x41, 0x00, 0x41, 0x00, 0x41, 0x00, 0x41, 0x00, 0x62, 0x00,
    0x61, 0x00, 0xE2, 0x08, 0x22, 0x09, 0x02, 0x09, 0x22, 0x09, 0x23, 0x09, 0x02, 0x09, 0x02, 0x09,
    0x43, 0x11, 0x22, 0x09, 0xE2, 0x08, 0xE2, 0x08, 0xE2, 0x08, 0xA3, 0x11, 0x88, 0x33, 0x68, 0x33,
    0x47, 0x2B, 0x47, 0x2B, 0x06, 0x23, 0x84, 0x22, 0x22, 0x1A, 0x43, 0x1A, 0x23, 0x1A, 0x85, 0x2A,
    0x43, 0x11, 0xE2, 0x08, 0x81, 0x00, 0xE1, 0x08, 0x83, 0x11, 0x4D, 0x53, 0xD9, 0xA5, 0x3F, 0xCF,
    0x7F, 0xD7, 0x5F, 0xD7, 0x3F, 0xCF, 0x3F, 0xCF, 0x1F, 0xCF, 0x1F, 0xCF, 0x1F, 0xCF, 0x1F, 0xCF,
    0x1F, 0xCF, 0x3F, 0xCF, 0x1F, 0xC7, 0x1F, 0xCF, 0x1F, 0xCF, 0x1F, 0xCF, 0x1F, 0xCF, 0x1F, 0xCF,
    0x1F, 0xCF, 0x1F, 0xCF, 0x1F, 0xCF, 0x3F, 0xCF, 0x3F, 0xCF, 0x3F, 0xCF, 0x1F, 0xCF, 0x1F, 0xCF,
    0x1F, 0xCF, 0x1F, 0xCF, 0x1F, 0xCF, 0x1F, 0xCF, 0x1F, 0xCF, 0x1F, 0xCF, 0x1F, 0xCF, 0x1F, 0xCF,
    0x1F, 0xCF, 0x1F, 0xCF, 0x1F, 0xCF, 0x1F, 0xCF, 0x1F, 0xCF, 0x1F, 0xCF, 0x1F, 0xCF, 0x1F, 0xCF,
    0x1F, 0xCF, 0x1F, 0xCF, 0x1F, 0xCF, 0x1F, 0xCF, 0x1F, 0xCF, 0x1F, 0xCF, 0x1F, 0xCF, 0x3F, 0xCF,
    0x1F, 0xCF, 0x1F, 0xCF, 0x1F, 0xCF, 0x1F, 0xCF, 0x1F, 0xCF, 0x1F, 0xCF, 0x3F, 0xCF, 0x3F, 0xCF,
    0x1F, 0xCF, 0x3F, 0xCF, 0x3F, 0xCF, 0x1F, 0xCF, 0x3F, 0xCF, 0x3F, 0xCF, 0x3F, 0xCF, 0x7F, 0xD7,
    0x7F, 0xD7, 0x3E, 0xCF, 0xD9, 0xA5, 0x0D, 0x53, 0x61, 0x00, 0x61, 0x00, 0xC3, 0x08, 0xC3, 0x08,
    0xC2, 0x00, 0xC4, 0x19, 0xA4, 0x2A, 0x43, 0x1A, 0x03, 0x1A, 0xA2, 0x11, 0x23, 0x1A, 0x46, 0x2B,
    0x06, 0x2B, 0xE3, 0x11, 0x83, 0x11, 0xE4, 0x19, 0xE4, 0x11, 0x05, 0x1A, 0x25, 0x1A, 0x45, 0x1A,
    0x65, 0x1A, 0x46, 0x1A, 0xE5, 0x19, 0xE5, 0x19, 0x23, 0x11, 0x41, 0x00, 0x41, 0x00, 0x41, 0x00,
    0x41, 0x00, 0x41, 0x00, 0x41, 0x00, 0x42, 0x00, 0x62, 0x00, 0xA3, 0x08, 0x62, 0x00, 0x41, 0x00,
    0x82, 0x08, 0x81, 0x00, 0x22, 0x09, 0x23, 0x1A, 0x84, 0x22, 0x64, 0x1A, 0x63, 0x11, 0xE1, 0x08,
    0x04, 0x1A, 0x44, 0x1A, 0x03, 0x1A, 0xC3, 0x11, 0xA3, 0x19, 0xA1, 0x00, 0x41, 0x00, 0x61, 0x00,
    0x61, 0x00, 0x41, 0x00, 0x61, 0x00, 0xE2, 0x08, 0x83, 0x11, 0x83, 0x11, 0x63, 0x11, 0x83, 0x11,
    0x84, 0x11, 0x03, 0x09, 0xA2, 0x08, 0x81, 0x00, 0x23, 0x09, 0x63, 0x09, 0x84, 0x11, 0xA4, 0x11,
    0x84, 0x11, 0x84, 0x11, 0x43, 0x11, 0x43, 0x11, 0x23, 0x09, 0xE3, 0x08, 0xC2, 0x00, 0x23, 0x11,
    0xA2, 0x00, 0xA2, 0x08, 0xA2, 0x08, 0xA2, 0x08, 0xA2, 0x08, 0x62, 0x00, 0x41, 0x00, 0xC3, 0x08,
    0x03, 0x09, 0x64, 0x09, 0xC5, 0x19, 0xC5, 0x19, 0x64, 0x11, 0x44, 0x11, 0x44, 0x11, 0x23, 0x09,
    0x64, 0x09, 0x44, 0x11, 0xE3, 0x08, 0xA2, 0x00, 0xA2, 0x00, 0xC3, 0x08, 0x82, 0x08, 0x64, 0x11,
    0x45, 0x1A, 0xE4, 0x19, 0xE5, 0x19, 0xE4, 0x19, 0xE4, 0x11, 0x65, 0x1A, 0x25, 0x1A, 0xA4, 0x11,
    0x62, 0x00, 0x61, 0x00, 0x61, 0x00, 0xA2, 0x08, 0x24, 0x19, 0xA2, 0x08, 0x62, 0x00, 0x41, 0x00,
    0x41, 0x00, 0x42, 0x00, 0x81, 0x00, 0x81, 0x00, 0xA1, 0x08, 0x82, 0x08, 0x81, 0x00, 0xA1, 0x00,
    0x83, 0x11, 0xE4, 0x21, 0xC2, 0x00, 0x65, 0x11, 0x45, 0x11, 0xA2, 0x00, 0xA2, 0x00, 0xA2, 0x08,
    0x61, 0x00, 0x41, 0x00, 0x41, 0x00, 0x41, 0x00, 0x41, 0x00, 0x41, 0x00, 0x41, 0x00, 0x42, 0x00,
    0x82, 0x08, 0x23, 0x09, 0x43, 0x09, 0x22, 0x09, 0x22, 0x09, 0x22, 0x09, 0x43, 0x11, 0x63, 0x11,
    0x23, 0x09, 0x02, 0x09, 0x22, 0x09, 0x22, 0x09, 0x02, 0x09, 0x25, 0x22, 0x27, 0x2B, 0x47, 0x2B,
    0x68, 0x2B, 0xC5, 0x22, 0xA5, 0x22, 0xE2, 0x11, 0x84, 0x2A, 0x04, 0x1A, 0xC1, 0x00, 0xC2, 0x08,
    0x61, 0x00, 0x62, 0x08, 0x61, 0x00, 0x64, 0x19, 0x83, 0x11, 0xC0, 0x00, 0x01, 0x01, 0x48, 0x32,
    0xCF, 0x63, 0x35, 0x8D, 0x1A, 0xAE, 0x9C, 0xB6, 0xBC, 0xBE, 0xBC, 0xBE, 0xBC, 0xBE, 0xBD, 0xBE,
    0x9D, 0xBE, 0x9C, 0xBE, 0xFD, 0xC6, 0xDD, 0xC6, 0xDD, 0xC6, 0xDD, 0xBE, 0x9D, 0xB6, 0xDD, 0xBE,
    0xBC, 0xBE, 0xBC, 0xBE, 0xBC, 0xBE, 0x9C, 0xBE, 0x9C, 0xBE, 0x9C, 0xBE, 0xBD, 0xBE, 0xBD, 0xBE,
    0xBD, 0xBE, 0xBD, 0xBE, 0xBD, 0xBE, 0xBD, 0xBE, 0xDD, 0xBE, 0xBC, 0xBE, 0x9D, 0xBE, 0xBD, 0xBE,
    0xBD, 0xBE, 0xBC, 0xBE, 0xBC, 0xBE, 0xBD, 0xBE, 0xBD, 0xBE, 0x9D, 0xBE, 0x9D, 0xBE, 0xBD, 0xBE,
    0xBC, 0xBE, 0xBC, 0xBE, 0xBD, 0xBE, 0xBD, 0xBE, 0xBD, 0xBE, 0xFD, 0xBE, 0xBD, 0xBE, 0x9D, 0xBE,
    0xBC, 0xBE, 0xBC, 0xBE, 0x9C, 0xBE, 0xDD, 0xBE, 0xBD, 0xBE, 0xBD, 0xBE, 0x9D, 0xBE, 0x9C, 0xBE,
    0x9D, 0xBE, 0x9D, 0xBE, 0x9D, 0xBE, 0x9D, 0xBE, 0x9D, 0xBE, 0x7C, 0xB6, 0x3B, 0xAE, 0x36, 0x8D,
    0x8F, 0x63, 0xE8, 0x31, 0x41, 0x00, 0x00, 0x00, 0xA2, 0x08, 0xA2, 0x08, 0xA2, 0x08, 0xC3, 0x08,
    0x82, 0x00, 0x81, 0x00, 0x43, 0x11, 0x44, 0x22, 0x63, 0x1A, 0x03, 0x1A, 0xA2, 0x11, 0x84, 0x22,
    0x87, 0x33, 0x27, 0x2B, 0x83, 0x11, 0xC4, 0x19, 0x25, 0x1A, 0x04, 0x12, 0x26, 0x22, 0xC4, 0x11,
    0x84, 0x11, 0xE2, 0x08, 0xA2, 0x08, 0xA1, 0x00, 0x81, 0x00, 0x62, 0x00, 0x82, 0x00, 0x61, 0x00,
    0x61, 0x00, 0x41, 0x00, 0x41, 0x00, 0x21, 0x00, 0x62, 0x00, 0x82, 0x00, 0x82, 0x08, 0x61, 0x00,
    0x61, 0x00, 0xE2, 0x08, 0xE3, 0x19, 0xE1, 0x11, 0xE2, 0x11, 0x84, 0x22, 0xC6, 0x2A, 0x22, 0x09,
    0x22, 0x09, 0x64, 0x22, 0x03, 0x12, 0xE3, 0x11, 0xC3, 0x11, 0x43, 0x11, 0x81, 0x00, 0x41, 0x00,
    0x41, 0x00, 0x41, 0x00, 0x81, 0x00, 0x64, 0x11, 0xC5, 0x11, 0xC4, 0x11, 0xA3, 0x11, 0xA4, 0x11,
    0x23, 0x09, 0xE2, 0x08, 0xC2, 0x08, 0x81, 0x00, 0x03, 0x09, 0xA4, 0x11, 0x84, 0x11, 0x84, 0x11,
    0xA4, 0x11, 0xC5, 0x19, 0xA4, 0x11, 0x64, 0x11, 0x44, 0x09, 0x03, 0x09, 0xC2, 0x00, 0x02, 0x09,
    0x03, 0x09, 0x82, 0x00, 0x82, 0x00, 0x61, 0x00, 0x61, 0x00, 0x61, 0x00, 0x82, 0x08, 0xE3, 0x08,
    0x06, 0x1A, 0x87, 0x22, 0x87, 0x1A, 0x46, 0x1A, 0xE5, 0x19, 0xC5, 0x11, 0xA4, 0x19, 0xA4, 0x11,
    0x26, 0x1A, 0x67, 0x22, 0x84, 0x11, 0x23, 0x09, 0xC2, 0x00, 0xA2, 0x08, 0xA2, 0x08, 0x26, 0x1A,
    0xA6, 0x22, 0x45, 0x1A, 0x25, 0x1A, 0x04, 0x1A, 0x24, 0x12, 0x25, 0x1A, 0x25, 0x1A, 0x86, 0x22,
    0x81, 0x00, 0x82, 0x00, 0x61, 0x00, 0x41, 0x00, 0x41, 0x00, 0xA3, 0x08, 0xA2, 0x08, 0x82, 0x00,
    0x61, 0x00, 0x82, 0x00, 0x82, 0x00, 0x81, 0x00, 0xA1, 0x00, 0xA2, 0x00, 0xA2, 0x00, 0xA2, 0x00,
    0x81, 0x00, 0x81, 0x00, 0xE3, 0x08, 0x24, 0x11, 0x82, 0x00, 0xA2, 0x00, 0x61, 0x00, 0x61, 0x00,
    0x61, 0x00, 0x41, 0x00, 0x41, 0x00, 0x21, 0x00, 0x41, 0x00, 0x82, 0x08, 0x62, 0x00, 0x42, 0x00,
    0x82, 0x08, 0xA5, 0x11, 0xA4, 0x19, 0xA4, 0x19, 0xC4, 0x19, 0xC4, 0x19, 0x63, 0x11, 0x22, 0x09,
    0x02, 0x09, 0x43, 0x11, 0x63, 0x11, 0x22, 0x09, 0x42, 0x09, 0x83, 0x11, 0x85, 0x1A, 0x48, 0x2B,
    0x07, 0x23, 0x26, 0x2B, 0x84, 0x1A, 0x43, 0x1A, 0xE3, 0x19, 0xE2, 0x08, 0x61, 0x00, 0x81, 0x00,
    0x82, 0x00, 0x62, 0x08, 0x82, 0x08, 0x63, 0x11, 0x83, 0x11, 0x43, 0x11, 0x02, 0x09, 0xA1, 0x00,
    0xA1, 0x00, 0xE2, 0x00, 0x23, 0x09, 0x85, 0x11, 0xA5, 0x19, 0x64, 0x11, 0xA5, 0x19, 0x85, 0x19,
    0x64, 0x11, 0x23, 0x11, 0xC5, 0x19, 0x6B, 0x53, 0xEA, 0x42, 0x47, 0x2A, 0x65, 0x22, 0x05, 0x33,
    0xA5, 0x2A, 0xA5, 0x19, 0xC5, 0x19, 0x24, 0x11, 0xE4, 0x10, 0x04, 0x11, 0x64, 0x11, 0x25, 0x22,
    0x25, 0x1A, 0x45, 0x22, 0x65, 0x22, 0x86, 0x2A, 0x25, 0x22, 0xC4, 0x19, 0xC4, 0x19, 0xC4, 0x19,
    0xE5, 0x19, 0xC4, 0x19, 0xE7, 0x3A, 0xA8, 0x3A, 0x24, 0x09, 0x24, 0x11, 0x04, 0x11, 0x43, 0x11,
    0x46, 0x2A, 0x24, 0x22, 0x24, 0x22, 0x24, 0x1A, 0x44, 0x22, 0x25, 0x33, 0xA7, 0x43, 0x25, 0x22,
    0xE5, 0x19, 0xE5, 0x19, 0x45, 0x22, 0xC4, 0x19, 0x44, 0x11, 0x04, 0x11, 0xE4, 0x10, 0x04, 0x11,
    0x04, 0x11, 0xE4, 0x10, 0xE4, 0x10, 0x04, 0x11, 0x04, 0x11, 0x24, 0x11, 0xC3, 0x08, 0x40, 0x00,
    0x00, 0x00, 0x00, 0x00, 0x41, 0x00, 0xA2, 0x08, 0x62, 0x00, 0x41, 0x00, 0x61, 0x00, 0x82, 0x00,
    0xC2, 0x08, 0xA2, 0x08, 0x21, 0x00, 0x81, 0x00, 0xA3, 0x19, 0xA4, 0x2A, 0x23, 0x1A, 0xC2, 0x11,
    0xC5, 0x2A, 0xA8, 0x33, 0xC6, 0x22, 0x63, 0x09, 0x84, 0x11, 0x23, 0x09, 0xC2, 0x00, 0x82, 0x00,
    0x41, 0x00, 0x41, 0x00, 0x41, 0x00, 0x41, 0x00, 0x61, 0x00, 0x82, 0x08, 0x82, 0x08, 0x82, 0x00,
    0x82, 0x08, 0x82, 0x08, 0x61, 0x00, 0x41, 0x00, 0x41, 0x00, 0xA2, 0x08, 0xA2, 0x08, 0x41, 0x00,
    0xA1, 0x00, 0xA2, 0x11, 0xE2, 0x11, 0x64, 0x22, 0x65, 0x22, 0xC3, 0x11, 0xC1, 0x08, 0x21, 0x00,
    0x61, 0x00, 0xC3, 0x19, 0x03, 0x1A, 0xA3, 0x11, 0x42, 0x09, 0xC5, 0x19, 0x03, 0x09, 0xA2, 0x00,
    0x61, 0x00, 0x41, 0x00, 0x82, 0x00, 0x64, 0x11, 0xC5, 0x11, 0xC5, 0x19, 0xA4, 0x11, 0xA3, 0x11,
    0x64, 0x11, 0x02, 0x09, 0xC2, 0x08, 0x82, 0x08, 0xA1, 0x00, 0xA4, 0x11, 0xC5, 0x11, 0xA4, 0x11,
    0xA5, 0x11, 0xC5, 0x19, 0xC5, 0x11, 0x84, 0x11, 0x64, 0x11, 0x44, 0x11, 0x03, 0x09, 0xE2, 0x00,
    0x43, 0x11, 0xA1, 0x00, 0x82, 0x08, 0xA3, 0x08, 0x82, 0x00, 0x82, 0x00, 0xC2, 0x00, 0xC5, 0x19,
    0x87, 0x22, 0x87, 0x1A, 0x66, 0x1A, 0x46, 0x1A, 0x26, 0x1A, 0x06, 0x1A, 0xE5, 0x19, 0xC5, 0x11,
    0x67, 0x1A, 0xE9, 0x2A, 0x06, 0x1A, 0x63, 0x11, 0x43, 0x09, 0xA2, 0x08, 0xA2, 0x08, 0x26, 0x1A,
    0x86, 0x22, 0x66, 0x22, 0x45, 0x1A, 0x25, 0x1A, 0x25, 0x1A, 0x25, 0x1A, 0x45, 0x1A, 0xA7, 0x22,
    0x02, 0x09, 0x02, 0x09, 0xE2, 0x08, 0xC2, 0x08, 0xA2, 0x00, 0x82, 0x00, 0xA2, 0x08, 0xA2, 0x08,
    0x62, 0x00, 0x62, 0x00, 0x82, 0x00, 0x82, 0x00, 0xA2, 0x08, 0xA2, 0x00, 0xA2, 0x08, 0xC3, 0x08,
    0xC2, 0x08, 0x81, 0x00, 0xE3, 0x08, 0xE3, 0x08, 0x82, 0x00, 0xA2, 0x08, 0x61, 0x00, 0x61, 0x00,
    0x41, 0x00, 0x41, 0x00, 0x41, 0x00, 0x41, 0x00, 0x41, 0x00, 0x41, 0x00, 0x62, 0x00, 0x42, 0x00,
    0x82, 0x00, 0xE5, 0x11, 0x05, 0x1A, 0x25, 0x1A, 0x66, 0x22, 0x05, 0x1A, 0x42, 0x09, 0x63, 0x11,
    0x63, 0x11, 0x63, 0x11, 0x83, 0x11, 0x63, 0x11, 0x43, 0x11, 0x42, 0x11, 0x45, 0x1A, 0x06, 0x23,
    0xE7, 0x2A, 0x06, 0x23, 0x43, 0x12, 0xA5, 0x2A, 0x22, 0x09, 0x41, 0x00, 0x82, 0x00, 0x81, 0x00,
    0x81, 0x00, 0x62, 0x08, 0x61, 0x00, 0x22, 0x09, 0x83, 0x11, 0x22, 0x09, 0x02, 0x09, 0x03, 0x09,
    0x43, 0x11, 0x84, 0x11, 0x63, 0x11, 0x23, 0x09, 0x43, 0x11, 0x02, 0x09, 0x23, 0x11, 0x03, 0x09,
    0xE2, 0x00, 0x02, 0x09, 0x62, 0x09, 0xC3, 0x19, 0x83, 0x11, 0xC2, 0x11, 0xA3, 0x2A, 0x80, 0x22,
    0x63, 0x22, 0x21, 0x09, 0x83, 0x11, 0xC1, 0x08, 0xA2, 0x00, 0xA1, 0x00, 0xA3, 0x11, 0x84, 0x1A,
    0x44, 0x1A, 0x44, 0x1A, 0x85, 0x1A, 0x24, 0x1A, 0x61, 0x09, 0x61, 0x09, 0x82, 0x11, 0x61, 0x11,
    0xA2, 0x11, 0x82, 0x11, 0xE7, 0x32, 0x44, 0x22, 0x60, 0x00, 0x41, 0x00, 0x41, 0x00, 0x20, 0x00,
    0x42, 0x09, 0x23, 0x1A, 0xC2, 0x11, 0xE2, 0x11, 0xC2, 0x11, 0x22, 0x1A, 0x63, 0x3B, 0xE5, 0x32,
    0x43, 0x09, 0x83, 0x09, 0x24, 0x1A, 0xA1, 0x00, 0x61, 0x00, 0x81, 0x00, 0x81, 0x00, 0x82, 0x00,
    0x81, 0x00, 0x81, 0x00, 0x61, 0x00, 0xA2, 0x08, 0x82, 0x00, 0xA2, 0x00, 0x81, 0x00, 0x82, 0x00,
    0x82, 0x00, 0x82, 0x00, 0xC3, 0x08, 0x61, 0x00, 0x41, 0x00, 0x41, 0x00, 0x61, 0x00, 0x82, 0x00,
    0xA2, 0x00, 0xE3, 0x08, 0xA3, 0x08, 0x42, 0x00, 0x41, 0x00, 0x22, 0x11, 0x65, 0x2A, 0x43, 0x22,
    0xE2, 0x11, 0x26, 0x33, 0xC9, 0x33, 0xC4, 0x11, 0x01, 0x00, 0x42, 0x00, 0x61, 0x00, 0x61, 0x00,
    0x61, 0x00, 0x41, 0x00, 0x41, 0x00, 0x61, 0x00, 0x61, 0x00, 0x61, 0x00, 0x62, 0x00, 0x82, 0x08,
    0x82, 0x00, 0xA2, 0x08, 0x82, 0x00, 0x61, 0x00, 0x82, 0x00, 0xC3, 0x08, 0x81, 0x00, 0xC1, 0x00,
    0xA3, 0x11, 0x23, 0x1A, 0x84, 0x22, 0x44, 0x22, 0x23, 0x09, 0x61, 0x00, 0x61, 0x00, 0x62, 0x00,
    0x82, 0x00, 0x42, 0x09, 0x63, 0x22, 0xE3, 0x11, 0x63, 0x11, 0xE2, 0x08, 0xC2, 0x08, 0xC2, 0x08,
    0x61, 0x00, 0x41, 0x00, 0xA2, 0x08, 0x85, 0x19, 0x64, 0x11, 0x23, 0x09, 0x63, 0x11, 0x83, 0x11,
    0x84, 0x11, 0x23, 0x11, 0xA2, 0x08, 0x61, 0x00, 0x61, 0x00, 0xE2, 0x08, 0xA4, 0x11, 0x84, 0x11,
    0x84, 0x11, 0x84, 0x11, 0xC5, 0x11, 0xC5, 0x19, 0x84, 0x11, 0x64, 0x11, 0x23, 0x09, 0xE2, 0x00,
    0xC2, 0x00, 0x23, 0x11, 0xE2, 0x08, 0xA2, 0x00, 0x82, 0x08, 0xC2, 0x08, 0x84, 0x11, 0x05, 0x1A,
    0xC4, 0x11, 0x05, 0x12, 0x05, 0x1A, 0xC5, 0x11, 0xE5, 0x11, 0x26, 0x1A, 0x06, 0x1A, 0xE5, 0x11,
    0x26, 0x1A, 0x87, 0x22, 0x26, 0x1A, 0x83, 0x11, 0x84, 0x11, 0x03, 0x11, 0xC2, 0x08, 0x46, 0x1A,
    0xA6, 0x22, 0xA6, 0x22, 0x86, 0x22, 0x45, 0x1A, 0x66, 0x1A, 0x66, 0x1A, 0x66, 0x1A, 0xA7, 0x22,
    0x63, 0x11, 0x63, 0x11, 0x63, 0x09, 0x63, 0x11, 0x43, 0x09, 0x22, 0x09, 0xC3, 0x11, 0x24, 0x22,
    0x63, 0x09, 0x62, 0x09, 0xA3, 0x19, 0xE2, 0x00, 0xA2, 0x00, 0xA2, 0x00, 0xA2, 0x00, 0xA2, 0x00,
    0xE3, 0x08, 0xA2, 0x08, 0xE3, 0x08, 0xA2, 0x08, 0x82, 0x00, 0xA2, 0x08, 0x82, 0x00, 0xA2, 0x00,
    0xA2, 0x00, 0x82, 0x00, 0x41, 0x00, 0x41, 0x00, 0x41, 0x00, 0x41, 0x00, 0x41, 0x00, 0x21, 0x00,
    0x24, 0x11, 0xC9, 0x2A, 0xA7, 0x22, 0xC8, 0x22, 0xE4, 0x11, 0x63, 0x11, 0x63, 0x11, 0xC4, 0x19,
    0xA3, 0x11, 0xE4, 0x19, 0x04, 0x1A, 0x23, 0x09, 0x82, 0x00, 0x62, 0x00, 0x63, 0x09, 0xE6, 0x2A,
    0x26, 0x2B, 0xC5, 0x22, 0x23, 0x1A, 0x01, 0x09, 0x82, 0x00, 0xA1, 0x00, 0xA1, 0x00, 0x81, 0x00,
    0x81, 0x00, 0x62, 0x08, 0x81, 0x00, 0xA4, 0x19, 0xA3, 0x11, 0x62, 0x11, 0x22, 0x09, 0x22, 0x09,
    0x84, 0x11, 0x64, 0x11, 0x84, 0x11, 0x64, 0x09, 0x64, 0x11, 0x44, 0x09, 0x43, 0x09, 0x83, 0x11,
    0xC3, 0x11, 0x04, 0x1A, 0x04, 0x1A, 0x24, 0x1A, 0x04, 0x12, 0x04, 0x33, 0x82, 0x22, 0x03, 0x33,
    0x63, 0x22, 0x82, 0x09, 0xA3, 0x11, 0xC2, 0x08, 0xE3, 0x08, 0xC2, 0x08, 0x46, 0x1A, 0x68, 0x2B,
    0x05, 0x23, 0x25, 0x23, 0xC5, 0x22, 0xA2, 0x11, 0xA2, 0x11, 0xC2, 0x11, 0xC2, 0x11, 0xE2, 0x11,
    0x64, 0x22, 0x64, 0x22, 0xE6, 0x2A, 0x85, 0x22, 0xA1, 0x00, 0x61, 0x00, 0x61, 0x00, 0x61, 0x00,
    0xA1, 0x00, 0x85, 0x22, 0xA3, 0x22, 0x63, 0x1A, 0x42, 0x1A, 0x42, 0x1A, 0x23, 0x33, 0xA5, 0x2A,
    0x42, 0x11, 0x83, 0x11, 0x02, 0x09, 0x81, 0x00, 0xA1, 0x00, 0xC3, 0x08, 0xC3, 0x08, 0x82, 0x08,
    0x82, 0x00, 0x82, 0x00, 0x82, 0x00, 0x82, 0x00, 0x82, 0x00, 0x82, 0x00, 0xA2, 0x00, 0x82, 0x00,
    0xA2, 0x00, 0xE3, 0x08, 0xC3, 0x08, 0x41, 0x00, 0x61, 0x00, 0x82, 0x00, 0x61, 0x00, 0xE3, 0x08,
    0xC3, 0x08, 0x81, 0x00, 0xA2, 0x00, 0xA3, 0x08, 0x61, 0x00, 0x41, 0x00, 0x43, 0x11, 0x85, 0x2A,
    0x84, 0x22, 0x64, 0x1A, 0x47, 0x2B, 0xE7, 0x2A, 0xA2, 0x08, 0x61, 0x00, 0x61, 0x00, 0x62, 0x00,
    0x41, 0x00, 0x41, 0x00, 0x61, 0x00, 0x61, 0x00, 0x61, 0x00, 0x61, 0x00, 0x61, 0x00, 0x61, 0x00,
    0x61, 0x00, 0x62, 0x00, 0x82, 0x00, 0x61, 0x00, 0x81, 0x00, 0xA2, 0x00, 0x42, 0x11, 0x04, 0x1A,
    0x04, 0x1A, 0x62, 0x09, 0x22, 0x09, 0xE2, 0x00, 0x82, 0x00, 0x82, 0x08, 0x61, 0x00, 0x82, 0x00,
    0x82, 0x08, 0xA1, 0x08, 0xA4, 0x19, 0x63, 0x11, 0xC3, 0x19, 0x02, 0x09, 0x62, 0x00, 0x82, 0x00,
    0x61, 0x00, 0x41, 0x00, 0x03, 0x11, 0x24, 0x11, 0xE3, 0x08, 0xE2, 0x08, 0x43, 0x11, 0x83, 0x11,
    0xA3, 0x19, 0x03, 0x09, 0x61, 0x00, 0x62, 0x00, 0x82, 0x08, 0x81, 0x00, 0xA1, 0x00, 0x23, 0x11,
    0x84, 0x11, 0xA4, 0x11, 0x84, 0x11, 0xC5, 0x19, 0xA5, 0x11, 0x64, 0x09, 0x43, 0x11, 0x24, 0x11,
    0xA2, 0x00, 0xC2, 0x08, 0x43, 0x11, 0x43, 0x11, 0x02, 0x09, 0xA4, 0x11, 0x05, 0x1A, 0x05, 0x1A,
    0x05, 0x1A, 0x26, 0x1A, 0x05, 0x1A, 0xE5, 0x19, 0x05, 0x1A, 0x26, 0x1A, 0x25, 0x1A, 0xE4, 0x19,
    0xA4, 0x11, 0xA4, 0x11, 0x83, 0x11, 0x83, 0x09, 0x63, 0x11, 0x02, 0x09, 0x23, 0x11, 0xC7, 0x22,
    0x07, 0x2B, 0xA7, 0x22, 0x86, 0x1A, 0x66, 0x1A, 0xA6, 0x22, 0x86, 0x22, 0x86, 0x1A, 0xC7, 0x22,
    0x83, 0x11, 0xA3, 0x11, 0x83, 0x11, 0x83, 0x09, 0xA3, 0x11, 0x44, 0x22, 0x84, 0x22, 0x84, 0x22,
    0x43, 0x1A, 0x03, 0x12, 0x03, 0x1A, 0xC3, 0x19, 0x44, 0x11, 0xA2, 0x08, 0xA2, 0x08, 0xA2, 0x00,
    0xA1, 0x00, 0x81, 0x00, 0x03, 0x11, 0xC2, 0x08, 0xA2, 0x00, 0xC2, 0x08, 0x03, 0x09, 0x23, 0x11,
    0x43, 0x11, 0x23, 0x11, 0x03, 0x09, 0xA2, 0x08, 0x62, 0x00, 0x41, 0x00, 0x41, 0x00, 0x21, 0x00,
    0x24, 0x11, 0x87, 0x22, 0xC8, 0x22, 0x05, 0x12, 0x83, 0x09, 0xE4, 0x19, 0xC4, 0x19, 0x24, 0x1A,
    0xC4, 0x19, 0x23, 0x11, 0x22, 0x11, 0x81, 0x00, 0x41, 0x00, 0x62, 0x00, 0xA2, 0x00, 0x45, 0x22,
    0x87, 0x2B, 0x06, 0x23, 0x03, 0x1A, 0xA1, 0x08, 0x82, 0x00, 0xA2, 0x08, 0x82, 0x08, 0x82, 0x08,
    0x81, 0x00, 0x82, 0x08, 0x81, 0x00, 0x83, 0x11, 0xE3, 0x11, 0x42, 0x09, 0x43, 0x09, 0x63, 0x09,
    0xC4, 0x11, 0x84, 0x11, 0x84, 0x11, 0x43, 0x09, 0x23, 0x09, 0x83, 0x11, 0xE3, 0x11, 0x24, 0x1A,
    0x45, 0x22, 0x65, 0x1A, 0x85, 0x22, 0x24, 0x1A, 0x85, 0x2A, 0x83, 0x43, 0x61, 0x1A, 0x85, 0x43,
    0x01, 0x1A, 0xE3, 0x19, 0x42, 0x11, 0xC2, 0x00, 0x03, 0x09, 0xA1, 0x08, 0xC4, 0x19, 0x87, 0x33,
    0x45, 0x2B, 0x46, 0x2B, 0x63, 0x1A, 0x02, 0x1A, 0x22, 0x1A, 0x23, 0x1A, 0x64, 0x1A, 0xE6, 0x2A,
    0xA6, 0x2A, 0xC4, 0x11, 0x27, 0x2B, 0xC6, 0x2A, 0xA2, 0x00, 0x41, 0x00, 0x62, 0x00, 0x62, 0x00,
    0x82, 0x00, 0x23, 0x09, 0xA4, 0x2A, 0x44, 0x33, 0x03, 0x2B, 0x03, 0x2B, 0x44, 0x3B, 0x23, 0x22,
    0x03, 0x09, 0x63, 0x11, 0xC2, 0x00, 0x82, 0x00, 0x82, 0x08, 0xA3, 0x08, 0x62, 0x00, 0x61, 0x00,
    0x61, 0x00, 0x61, 0x00, 0x82, 0x00, 0xA2, 0x08, 0xE3, 0x08, 0x04, 0x11, 0xC2, 0x08, 0xA2, 0x08,
    0xC2, 0x08, 0xC3, 0x08, 0x82, 0x00, 0x82, 0x00, 0x82, 0x00, 0x61, 0x00, 0x81, 0x00, 0xC2, 0x08,
    0xE3, 0x08, 0xA2, 0x00, 0x82, 0x00, 0xC3, 0x08, 0x82, 0x08, 0x62, 0x00, 0x61, 0x00, 0xC1, 0x08,
    0x83, 0x19, 0x65, 0x22, 0x05, 0x2B, 0xA6, 0x22, 0xC3, 0x00, 0xA2, 0x00, 0xA2, 0x00, 0xA2, 0x08,
    0x82, 0x00, 0x61, 0x00, 0x61, 0x00, 0x61, 0x00, 0x81, 0x00, 0x61, 0x00, 0x82, 0x00, 0x61, 0x00,
    0x61, 0x00, 0x81, 0x00, 0x82, 0x00, 0x61, 0x00, 0xC1, 0x00, 0xA3, 0x19, 0x04, 0x1A, 0xA3, 0x11,
    0x22, 0x09, 0x02, 0x09, 0xE2, 0x00, 0x03, 0x09, 0x81, 0x00, 0x82, 0x00, 0x82, 0x00, 0x82, 0x00,
    0x62, 0x08, 0x62, 0x00, 0xC3, 0x08, 0x82, 0x08, 0xC2, 0x08, 0x03, 0x09, 0x61, 0x00, 0x61, 0x00,
    0x61, 0x00, 0x41, 0x00, 0x62, 0x00, 0x82, 0x00, 0xA2, 0x08, 0x82, 0x00, 0xC2, 0x08, 0xC2, 0x08,
    0xE2, 0x08, 0xC2, 0x08, 0x61, 0x00, 0x82, 0x00, 0xA2, 0x08, 0xA2, 0x00, 0x81, 0x00, 0x82, 0x00,
    0xC3, 0x08, 0x03, 0x09, 0x43, 0x11, 0x84, 0x11, 0xA5, 0x11, 0x84, 0x11, 0x64, 0x11, 0x64, 0x11,
    0x23, 0x09, 0xA2, 0x08, 0xC1, 0x00, 0x22, 0x09, 0x84, 0x11, 0x83, 0x11, 0xE5, 0x19, 0x46, 0x22,
    0x66, 0x22, 0x87, 0x22, 0x67, 0x1A, 0x66, 0x1A, 0x87, 0x22, 0x26, 0x1A, 0xC4, 0x11, 0xC4, 0x11,
    0xA4, 0x11, 0x83, 0x11, 0x83, 0x11, 0x63, 0x11, 0x63, 0x11, 0xA1, 0x00, 0x43, 0x09, 0xC7, 0x22,
    0xE8, 0x2A, 0x86, 0x1A, 0xC7, 0x22, 0xC7, 0x22, 0xC7, 0x22, 0xA6, 0x1A, 0xC7, 0x22, 0xC7, 0x22,
    0xA4, 0x11, 0xA3, 0x11, 0xA3, 0x11, 0x82, 0x09, 0xA5, 0x2A, 0x25, 0x2B, 0xC3, 0x1A, 0xA4, 0x22,
    0x43, 0x1A, 0x23, 0x1A, 0x23, 0x1A, 0x23, 0x1A, 0x24, 0x22, 0x22, 0x09, 0xA2, 0x00, 0xA2, 0x00,
    0xA1, 0x00, 0xA2, 0x00, 0xC2, 0x08, 0xC3, 0x08, 0xE2, 0x08, 0x03, 0x09, 0x23, 0x11, 0x63, 0x11,
    0x43, 0x11, 0x43, 0x11, 0x43, 0x11, 0x43, 0x11, 0x43, 0x11, 0xC2, 0x08, 0x41, 0x00, 0x21, 0x00,
    0xA2, 0x00, 0x46, 0x1A, 0x45, 0x1A, 0xA4, 0x11, 0xA4, 0x19, 0x05, 0x1A, 0x23, 0x09, 0x22, 0x11,
    0xC1, 0x00, 0x61, 0x00, 0x61, 0x00, 0x61, 0x00, 0x61, 0x00, 0x62, 0x00, 0x61, 0x00, 0xE2, 0x00,
    0xA6, 0x22, 0xC4, 0x1A, 0xA5, 0x22, 0xC2, 0x08, 0x82, 0x08, 0xA2, 0x08, 0x82, 0x08, 0x82, 0x00,
    0xA2, 0x00, 0x82, 0x08, 0xA2, 0x08, 0x05, 0x22, 0xE3, 0x19, 0x83, 0x11, 0x63, 0x09, 0xA3, 0x11,
    0xC4, 0x11, 0x84, 0x11, 0x63, 0x11, 0x83, 0x11, 0x04, 0x1A, 0x64, 0x22, 0x64, 0x1A, 0x64, 0x1A,
    0x64, 0x1A, 0x64, 0x1A, 0xA5, 0x22, 0x24, 0x1A, 0xC3, 0x4B, 0xA1, 0x22, 0x02, 0x33, 0xC5, 0x4B,
    0xC1, 0x11, 0x65, 0x22, 0x43, 0x11, 0xC2, 0x00, 0x03, 0x09, 0xE2, 0x08, 0x23, 0x09, 0x06, 0x2B,
    0x87, 0x33, 0x45, 0x2B, 0x82, 0x1A, 0xC3, 0x22, 0x04, 0x2B, 0x04, 0x2B, 0x46, 0x33, 0x45, 0x22,
    0x22, 0x01, 0xC2, 0x00, 0x07, 0x33, 0x27, 0x33, 0xC2, 0x08, 0x41, 0x00, 0x62, 0x00, 0x82, 0x00,
    0xA2, 0x00, 0x82, 0x00, 0xE2, 0x08, 0x24, 0x1A, 0x84, 0x22, 0x83, 0x22, 0x86, 0x43, 0xC5, 0x32,
    0xE3, 0x08, 0x23, 0x09, 0x44, 0x11, 0xA2, 0x08, 0x41, 0x00, 0x62, 0x00, 0x62, 0x00, 0x82, 0x00,
    0xA2, 0x08, 0xC3, 0x08, 0x04, 0x11, 0x03, 0x09, 0x64, 0x11, 0x03, 0x09, 0xA2, 0x00, 0x82, 0x00,
    0xA2, 0x08, 0x82, 0x00, 0x82, 0x00, 0xE3, 0x10, 0xA3, 0x08, 0x82, 0x00, 0x82, 0x08, 0xA2, 0x08,
    0xC3, 0x08, 0x62, 0x00, 0x82, 0x00, 0xA2, 0x00, 0xC3, 0x00, 0xA2, 0x08, 0x23, 0x11, 0xC2, 0x08,
    0xA2, 0x00, 0xE2, 0x00, 0x45, 0x22, 0x04, 0x22, 0x61, 0x00, 0xC2, 0x08, 0xA2, 0x08, 0x82, 0x00,
    0x82, 0x08, 0x82, 0x08, 0xA2, 0x08, 0xA2, 0x08, 0x82, 0x00, 0x82, 0x08, 0x82, 0x00, 0x62, 0x08,
    0x62, 0x08, 0x61, 0x00, 0x61, 0x00, 0x23, 0x09, 0xA4, 0x19, 0xC3, 0x11, 0x62, 0x09, 0x43, 0x09,
    0x03, 0x09, 0xC2, 0x08, 0xC2, 0x00, 0xC2, 0x08, 0xA2, 0x00, 0x62, 0x00, 0x62, 0x00, 0x81, 0x00,
    0x61, 0x00, 0x82, 0x00, 0xA2, 0x08, 0x61, 0x00, 0x61, 0x00, 0x61, 0x00, 0x61, 0x00, 0x61, 0x00,
    0x61, 0x00, 0x61, 0x00, 0x41, 0x00, 0x61, 0x00, 0xA2, 0x08, 0xA2, 0x08, 0xA2, 0x08, 0x82, 0x00,
    0xA2, 0x00, 0xA2, 0x00, 0x82, 0x00, 0x82, 0x08, 0xA2, 0x00, 0xA2, 0x00, 0xA2, 0x00, 0xA2, 0x08,
    0xA2, 0x08, 0xE2, 0x10, 0x03, 0x11, 0x22, 0x09, 0x03, 0x09, 0x44, 0x11, 0x44, 0x11, 0x43, 0x11,
    0x23, 0x11, 0x82, 0x00, 0x82, 0x00, 0x61, 0x00, 0xC2, 0x08, 0x64, 0x11, 0xA4, 0x11, 0x06, 0x1A,
    0x46, 0x1A, 0x46, 0x1A, 0x46, 0x1A, 0x46, 0x1A, 0x25, 0x1A, 0xE4, 0x11, 0xC4, 0x19, 0xC4, 0x19,
    0xA3, 0x11, 0xA3, 0x11, 0xA4, 0x11, 0x63, 0x11, 0xE2, 0x08, 0x41, 0x00, 0x63, 0x11, 0xC7, 0x22,
    0xA7, 0x22, 0xC7, 0x22, 0x08, 0x23, 0xE8, 0x22, 0xC7, 0x22, 0xC7, 0x22, 0x07, 0x23, 0x08, 0x23,
    0x83, 0x11, 0x63, 0x11, 0xA2, 0x11, 0x23, 0x1A, 0xE3, 0x22, 0x24, 0x23, 0x04, 0x23, 0xA3, 0x1A,
    0x63, 0x1A, 0x43, 0x22, 0x42, 0x1A, 0x63, 0x1A, 0xC4, 0x22, 0xE3, 0x11, 0x22, 0x09, 0xE2, 0x08,
    0xE2, 0x08, 0xE2, 0x08, 0xC2, 0x08, 0xE3, 0x08, 0x03, 0x09, 0x23, 0x09, 0x23, 0x09, 0x22, 0x09,
    0x43, 0x11, 0x43, 0x11, 0x43, 0x09, 0x63, 0x09, 0x63, 0x11, 0x43, 0x11, 0xE3, 0x08, 0x41, 0x00,
    0x64, 0x11, 0xA7, 0x1A, 0x46, 0x1A, 0x84, 0x11, 0xA1, 0x00, 0x82, 0x00, 0x41, 0x00, 0x61, 0x00,
    0x61, 0x00, 0x62, 0x00, 0x62, 0x08, 0x62, 0x00, 0x62, 0x00, 0x61, 0x00, 0x62, 0x00, 0x61, 0x00,
    0xC2, 0x00, 0xE4, 0x19, 0x45, 0x22, 0xA2, 0x00, 0xA2, 0x08, 0xA2, 0x00, 0xA2, 0x00, 0xA2, 0x00,
    0xA2, 0x00, 0xA2, 0x08, 0x81, 0x00, 0xA3, 0x11, 0x03, 0x1A, 0x82, 0x11, 0x62, 0x09, 0xE4, 0x19,
    0xA3, 0x11, 0x63, 0x11, 0x42, 0x09, 0x85, 0x22, 0xE5, 0x22, 0xC5, 0x22, 0xA5, 0x1A, 0xA5, 0x22,
    0xC6, 0x22, 0x07, 0x2B, 0xE3, 0x11, 0xA5, 0x4B, 0xE3, 0x53, 0x60, 0x22, 0x45, 0x64, 0x04, 0x3B,
    0x44, 0x1A, 0x04, 0x1A, 0x02, 0x09, 0x23, 0x09, 0x44, 0x11, 0xE2, 0x08, 0xC2, 0x00, 0x24, 0x22,
    0xC7, 0x3B, 0x65, 0x2B, 0x24, 0x2B, 0x45, 0x33, 0x66, 0x33, 0xA5, 0x2A, 0x63, 0x11, 0xC1, 0x00,
    0xE2, 0x00, 0xA2, 0x08, 0x85, 0x2A, 0x68, 0x3B, 0xE2, 0x08, 0xA2, 0x08, 0x82, 0x08, 0x82, 0x00,
    0x82, 0x00, 0xA2, 0x08, 0xC2, 0x08, 0xA2, 0x00, 0xC2, 0x00, 0xA2, 0x00, 0xA4, 0x19, 0xC7, 0x3A,
    0x23, 0x09, 0x03, 0x09, 0x47, 0x3A, 0x86, 0x4A, 0x41, 0x00, 0xA2, 0x08, 0xA2, 0x08, 0xA2, 0x08,
    0x04, 0x11, 0xE3, 0x08, 0x44, 0x11, 0xA5, 0x11, 0xA6, 0x11, 0x85, 0x19, 0xE3, 0x08, 0xC2, 0x08,
    0xA2, 0x00, 0x61, 0x00, 0x81, 0x00, 0xA2, 0x00, 0xA2, 0x00, 0xA2, 0x08, 0xA2, 0x00, 0xC2, 0x00,
    0xC2, 0x00, 0x86, 0x21, 0x86, 0x21, 0x24, 0x11, 0xA6, 0x21, 0xA6, 0x21, 0x24, 0x11, 0xA2, 0x08,
    0xA2, 0x00, 0x62, 0x00, 0x02, 0x11, 0xC4, 0x21, 0x82, 0x00, 0xA2, 0x00, 0x82, 0x00, 0x82, 0x00,
    0x81, 0x00, 0x61, 0x00, 0x61, 0x00, 0x81, 0x00, 0x82, 0x08, 0x82, 0x08, 0xE3, 0x08, 0xA2, 0x08,
    0x82, 0x00, 0xA2, 0x00, 0x23, 0x11, 0xA3, 0x11, 0x63, 0x09, 0x62, 0x09, 0x23, 0x09, 0x03, 0x11,
    0xA2, 0x08, 0x61, 0x00, 0x82, 0x00, 0xA2, 0x00, 0xE2, 0x08, 0xE2, 0x00, 0x61, 0x00, 0x62, 0x00,
    0xA2, 0x00, 0xC3, 0x08, 0x61, 0x00, 0x61, 0x00, 0x61, 0x00, 0x62, 0x00, 0x61, 0x00, 0x62, 0x00,
    0x62, 0x00, 0x41, 0x00, 0x41, 0x00, 0xA2, 0x08, 0x03, 0x09, 0x44, 0x09, 0xE3, 0x08, 0xA2, 0x08,
    0xA2, 0x00, 0xA2, 0x00, 0xA2, 0x08, 0x61, 0x00, 0xA2, 0x00, 0x03, 0x09, 0x44, 0x11, 0x44, 0x11,
    0xC6, 0x29, 0x88, 0x4A, 0x86, 0x42, 0xA4, 0x3A, 0x63, 0x19, 0x61, 0x00, 0x81, 0x00, 0xA2, 0x08,
    0xA2, 0x00, 0x62, 0x00, 0x61, 0x00, 0x41, 0x00, 0x41, 0x00, 0xA2, 0x08, 0x23, 0x11, 0xE2, 0x08,
    0xE5, 0x19, 0x46, 0x1A, 0x25, 0x1A, 0xC4, 0x11, 0xA4, 0x11, 0xC4, 0x19, 0xA4, 0x11, 0x83, 0x11,
    0x43, 0x11, 0x23, 0x09, 0x03, 0x09, 0xA1, 0x00, 0x61, 0x00, 0x61, 0x00, 0xC4, 0x19, 0x86, 0x1A,
    0x08, 0x2B, 0x28, 0x2B, 0x08, 0x2B, 0x08, 0x2B, 0x08, 0x2B, 0x48, 0x2B, 0x49, 0x2B, 0xE8, 0x2A,
    0x22, 0x09, 0x42, 0x09, 0x44, 0x22, 0x86, 0x3B, 0x44, 0x2B, 0x24, 0x2B, 0xC3, 0x22, 0xA3, 0x22,
    0xC4, 0x22, 0xC4, 0x22, 0xC4, 0x22, 0xA3, 0x1A, 0xE4, 0x22, 0xC4, 0x22, 0x23, 0x1A, 0x63, 0x11,
    0x02, 0x09, 0x02, 0x11, 0x22, 0x09, 0x02, 0x09, 0x22, 0x09, 0x02, 0x09, 0x02, 0x09, 0x22, 0x09,
    0x43, 0x11, 0x63, 0x11, 0x63, 0x11, 0x83, 0x11, 0x83, 0x11, 0x83, 0x11, 0xA4, 0x11, 0x43, 0x11,
    0x63, 0x11, 0xC5, 0x19, 0x03, 0x09, 0x61, 0x00, 0x61, 0x00, 0x61, 0x00, 0x61, 0x00, 0x82, 0x08,
    0x82, 0x08, 0x82, 0x00, 0x62, 0x08, 0x82, 0x00, 0x81, 0x00, 0x81, 0x00, 0x61, 0x00, 0x82, 0x00,
    0x62, 0x00, 0x81, 0x00, 0x84, 0x19, 0xC2, 0x08, 0xA2, 0x00, 0xA2, 0x00, 0xC2, 0x08, 0xC2, 0x08,
    0xC2, 0x08, 0xC2, 0x08, 0xA1, 0x00, 0x25, 0x22, 0x24, 0x1A, 0x82, 0x11, 0xC3, 0x11, 0x04, 0x1A,
    0xA3, 0x11, 0x83, 0x11, 0x85, 0x1A, 0x27, 0x2B, 0x26, 0x23, 0x27, 0x2B, 0xE6, 0x22, 0x27, 0x2B,
    0x26, 0x2B, 0x24, 0x12, 0xA3, 0x2A, 0x45, 0x85, 0x01, 0x33, 0xE3, 0x53, 0x66, 0x6C, 0x02, 0x1A,
    0xC6, 0x2A, 0xE1, 0x00, 0xE2, 0x08, 0x84, 0x19, 0x02, 0x09, 0x02, 0x09, 0x23, 0x09, 0x42, 0x09,
    0x66, 0x33, 0x08, 0x44, 0xE5, 0x2A, 0xC3, 0x11, 0x63, 0x09, 0x02, 0x09, 0xE2, 0x08, 0xE2, 0x08,
    0xE2, 0x08, 0xE3, 0x08, 0x24, 0x1A, 0x86, 0x2A, 0x82, 0x00, 0xA2, 0x00, 0xA2, 0x08, 0x82, 0x00,
    0xA2, 0x00, 0xA2, 0x00, 0xC2, 0x08, 0xE3, 0x08, 0xE3, 0x08, 0xE2, 0x08, 0xC2, 0x00, 0x03, 0x09,
    0x64, 0x11, 0x63, 0x11, 0x46, 0x3A, 0xE6, 0x52, 0x23, 0x19, 0xC3, 0x08, 0x03, 0x09, 0xC2, 0x08,
    0xC2, 0x00, 0x24, 0x11, 0x85, 0x11, 0x44, 0x09, 0x03, 0x09, 0x03, 0x09, 0x03, 0x09, 0x23, 0x09,
    0xE3, 0x08, 0xC2, 0x00, 0x03, 0x09, 0x43, 0x11, 0x84, 0x11, 0x84, 0x11, 0x84, 0x11, 0x84, 0x11,
    0x43, 0x09, 0xE6, 0x21, 0x48, 0x32, 0xE7, 0x29, 0x69, 0x3A, 0xCB, 0x42, 0xA6, 0x21, 0x62, 0x00,
    0xA2, 0x08, 0x82, 0x08, 0xC2, 0x08, 0x23, 0x11, 0x82, 0x00, 0xA2, 0x00, 0xA2, 0x00, 0xA2, 0x08,
    0xA2, 0x08, 0xA2, 0x08, 0x82, 0x00, 0x61, 0x00, 0x61, 0x00, 0x81, 0x00, 0x44, 0x11, 0xE2, 0x00,
    0xE2, 0x08, 0x43, 0x11, 0x43, 0x11, 0x02, 0x09, 0x23, 0x11, 0x23, 0x09, 0xE3, 0x08, 0xA2, 0x08,
    0x61, 0x00, 0x61, 0x00, 0x61, 0x00, 0xC2, 0x00, 0x43, 0x11, 0xE5, 0x19, 0xE2, 0x08, 0x41, 0x00,
    0x83, 0x08, 0xA2, 0x08, 0xA2, 0x00, 0x82, 0x00, 0x61, 0x00, 0x62, 0x00, 0x62, 0x00, 0xA2, 0x08,
    0x82, 0x00, 0x41, 0x00, 0x41, 0x00, 0xC3, 0x08, 0x85, 0x11, 0xA5, 0x11, 0x04, 0x09, 0xE3, 0x08,
    0x04, 0x11, 0xE3, 0x10, 0x62, 0x00, 0x61, 0x00, 0x44, 0x11, 0x85, 0x19, 0xA5, 0x11, 0x23, 0x09,
    0xA2, 0x08, 0x06, 0x32, 0xA7, 0x5B, 0xC4, 0x5B, 0x85, 0x53, 0x28, 0x4B, 0x86, 0x21, 0xA2, 0x08,
    0x81, 0x00, 0x61, 0x00, 0x81, 0x00, 0xC2, 0x00, 0x03, 0x09, 0x61, 0x00, 0x41, 0x00, 0x41, 0x00,
    0x61, 0x00, 0x43, 0x09, 0xC4, 0x11, 0x84, 0x11, 0x43, 0x11, 0x22, 0x09, 0xE2, 0x00, 0xC1, 0x08,
    0x81, 0x00, 0x61, 0x00, 0x62, 0x00, 0x61, 0x00, 0x41, 0x00, 0xA2, 0x00, 0x05, 0x12, 0xE8, 0x22,
    0xD0, 0x64, 0x49, 0x2B, 0x08, 0x23, 0xC7, 0x22, 0x46, 0x1A, 0x26, 0x1A, 0xA4, 0x11, 0x02, 0x09,
    0x83, 0x11, 0xA2, 0x09, 0x05, 0x2B, 0x86, 0x33, 0x44, 0x2B, 0x24, 0x2B, 0xE4, 0x22, 0x04, 0x23,
    0x04, 0x23, 0xE4, 0x22, 0xC3, 0x1A, 0x66, 0x33, 0xA7, 0x3B, 0xE4, 0x22, 0xA4, 0x22, 0x64, 0x22,
    0xC3, 0x11, 0x42, 0x09, 0x43, 0x11, 0x63, 0x11, 0x84, 0x11, 0x63, 0x11, 0x84, 0x11, 0x63, 0x09,
    0x43, 0x09, 0x22, 0x09, 0x43, 0x09, 0xA3, 0x11, 0xE4, 0x19, 0x04, 0x1A, 0x04, 0x1A, 0x25, 0x1A,
    0x22, 0x09, 0x61, 0x00, 0x61, 0x00, 0x62, 0x00, 0x61, 0x00, 0x61, 0x00, 0x82, 0x00, 0x82, 0x08,
    0x82, 0x00, 0x81, 0x00, 0xA2, 0x08, 0xC2, 0x08, 0xE3, 0x08, 0xE3, 0x08, 0xC2, 0x08, 0x03, 0x11,
    0xE3, 0x08, 0xE3, 0x08, 0xE3, 0x08, 0xE3, 0x08, 0xC2, 0x08, 0xC2, 0x08, 0xC2, 0x08, 0xC3, 0x08,
    0xC2, 0x08, 0xC3, 0x08, 0xA2, 0x00, 0xE4, 0x11, 0x24, 0x1A, 0xA2, 0x11, 0x24, 0x1A, 0x04, 0x1A,
    0x42, 0x09, 0x86, 0x22, 0xC8, 0x33, 0x88, 0x2B, 0x88, 0x2B, 0x67, 0x2B, 0x26, 0x2B, 0xA8, 0x33,
    0xC5, 0x22, 0xE1, 0x11, 0x28, 0x85, 0x03, 0x5C, 0x42, 0x43, 0xA4, 0x53, 0x82, 0x22, 0x64, 0x1A,
    0x45, 0x22, 0x81, 0x00, 0x03, 0x09, 0x23, 0x09, 0x43, 0x11, 0x63, 0x11, 0x22, 0x09, 0x22, 0x09,
    0x47, 0x33, 0xE6, 0x2A, 0x41, 0x09, 0x02, 0x09, 0x42, 0x09, 0x42, 0x09, 0x22, 0x09, 0x43, 0x09,
    0x83, 0x11, 0xA4, 0x11, 0x25, 0x22, 0x83, 0x11, 0xE2, 0x08, 0xE2, 0x10, 0xC2, 0x08, 0x81, 0x00,
    0x82, 0x00, 0xA2, 0x00, 0xC2, 0x08, 0xC2, 0x00, 0xC2, 0x00, 0xE3, 0x08, 0x43, 0x09, 0x23, 0x1A,
    0x62, 0x1A, 0xE5, 0x3A, 0x68, 0x5B, 0x66, 0x4B, 0xC7, 0x52, 0x04, 0x11, 0x03, 0x11, 0xC2, 0x08,
    0x82, 0x00, 0xC3, 0x08, 0xA2, 0x00, 0xA2, 0x00, 0xC2, 0x08, 0xE3, 0x08, 0x03, 0x09, 0x03, 0x09,
    0xE3, 0x08, 0xE2, 0x08, 0x23, 0x09, 0x43, 0x09, 0x63, 0x11, 0x63, 0x11, 0x43, 0x11, 0x43, 0x11,
    0x43, 0x11, 0x23, 0x09, 0xE2, 0x08, 0x24, 0x09, 0x65, 0x19, 0xE7, 0x29, 0xAE, 0x6B, 0xEB, 0x52,
    0x40, 0x00, 0x82, 0x00, 0xA2, 0x08, 0xA2, 0x08, 0xA2, 0x00, 0xC3, 0x08, 0xC3, 0x08, 0xA2, 0x00,
    0xA2, 0x00, 0xC3, 0x08, 0xA2, 0x08, 0x81, 0x00, 0x81, 0x00, 0x82, 0x08, 0x63, 0x11, 0xA3, 0x11,
    0x42, 0x09, 0xC2, 0x00, 0xA2, 0x00, 0xC2, 0x08, 0x03, 0x09, 0xE2, 0x08, 0x82, 0x08, 0x61, 0x00,
    0x61, 0x00, 0x41, 0x00, 0x61, 0x00, 0x02, 0x09, 0x42, 0x09, 0x42, 0x09, 0xC2, 0x00, 0x62, 0x00,
    0x82, 0x00, 0xA2, 0x08, 0xA2, 0x00, 0xA2, 0x08, 0x82, 0x08, 0x82, 0x00, 0x61, 0x00, 0x82, 0x00,
    0x61, 0x00, 0x41, 0x00, 0x41, 0x00, 0xE3, 0x08, 0x48, 0x22, 0x07, 0x1A, 0xE3, 0x00, 0x6A, 0x42,
    0xF3, 0x94, 0x87, 0x3A, 0x02, 0x09, 0x03, 0x19, 0x23, 0x11, 0xA5, 0x11, 0x06, 0x1A, 0x23, 0x09,
    0x61, 0x00, 0x45, 0x19, 0x63, 0x19, 0x64, 0x4B, 0xA4, 0x4B, 0x07, 0x64, 0xA8, 0x5B, 0xA2, 0x08,
    0x81, 0x00, 0xA3, 0x08, 0xA2, 0x08, 0xC4, 0x11, 0x25, 0x1A, 0x43, 0x09, 0x41, 0x00, 0x61, 0x00,
    0x61, 0x00, 0x82, 0x00, 0x82, 0x00, 0xA2, 0x00, 0x81, 0x00, 0x61, 0x00, 0x41, 0x00, 0x61, 0x00,
    0x61, 0x00, 0x61, 0x00, 0x61, 0x00, 0x81, 0x00, 0xC2, 0x08, 0x63, 0x11, 0x46, 0x22, 0x05, 0x1A,
    0xC5, 0x19, 0x43, 0x09, 0x43, 0x09, 0xE2, 0x08, 0xA2, 0x08, 0xA2, 0x08, 0xC2, 0x08, 0xE2, 0x08,
    0xC3, 0x11, 0x44, 0x1A, 0x6A, 0x54, 0xE7, 0x3B, 0x65, 0x33, 0x04, 0x23, 0xE3, 0x22, 0x04, 0x23,
    0x24, 0x2B, 0x45, 0x2B, 0x04, 0x23, 0x45, 0x2B, 0x86, 0x33, 0x45, 0x2B, 0xE4, 0x22, 0xA3, 0x22,
    0x83, 0x1A, 0x23, 0x12, 0xC2, 0x08, 0xC2, 0x08, 0x63, 0x11, 0x63, 0x11, 0xC5, 0x19, 0xC4, 0x19,
    0x65, 0x22, 0x24, 0x1A, 0xC4, 0x11, 0xA3, 0x11, 0x83, 0x11, 0xC4, 0x11, 0x04, 0x1A, 0x25, 0x1A,
    0x02, 0x09, 0x41, 0x00, 0x82, 0x00, 0xA2, 0x08, 0xC2, 0x08, 0xC2, 0x08, 0x61, 0x00, 0xA2, 0x08,
    0xE3, 0x08, 0x03, 0x09, 0x44, 0x11, 0x44, 0x11, 0x44, 0x11, 0x43, 0x09, 0x84, 0x11, 0x43, 0x09,
    0x64, 0x11, 0x64, 0x11, 0x23, 0x09, 0x23, 0x09, 0xE3, 0x08, 0xE3, 0x08, 0xC2, 0x08, 0xC2, 0x00,
    0xC2, 0x08, 0xC3, 0x08, 0x81, 0x00, 0xE4, 0x19, 0x65, 0x22, 0x03, 0x12, 0xA5, 0x22, 0xC3, 0x11,
    0x24, 0x1A, 0x88, 0x33, 0xA8, 0x33, 0xA8, 0x33, 0xA8, 0x33, 0x87, 0x2B, 0xA7, 0x33, 0x05, 0x23,
    0xE2, 0x09, 0xA2, 0x2A, 0xE6, 0x7C, 0x81, 0x43, 0xA3, 0x4B, 0x63, 0x22, 0x83, 0x1A, 0xE5, 0x2A,
    0x63, 0x09, 0x61, 0x00, 0x23, 0x11, 0xA4, 0x11, 0xE5, 0x19, 0x42, 0x09, 0x83, 0x11, 0x63, 0x09,
    0x82, 0x01, 0x42, 0x09, 0x43, 0x11, 0x63, 0x11, 0x63, 0x11, 0x42, 0x09, 0x82, 0x11, 0x04, 0x1A,
    0x24, 0x1A, 0xE3, 0x11, 0x42, 0x09, 0x25, 0x1A, 0xA6, 0x32, 0xA4, 0x19, 0x44, 0x19, 0x24, 0x11,
    0xC2, 0x08, 0xA2, 0x00, 0x40, 0x00, 0xC2, 0x08, 0xE3, 0x08, 0xC1, 0x00, 0x84, 0x1A, 0x45, 0x2B,
    0xC3, 0x2A, 0x4F, 0x9D, 0x09, 0x6C, 0xA5, 0x4B, 0x66, 0x53, 0x46, 0x3A, 0xA2, 0x08, 0xA2, 0x00,
    0xA2, 0x08, 0xA2, 0x08, 0xA2, 0x08, 0xC2, 0x08, 0xC2, 0x08, 0xE2, 0x08, 0xE2, 0x08, 0xE2, 0x08,
    0xE2, 0x08, 0xE2, 0x08, 0x02, 0x09, 0x03, 0x11, 0xC2, 0x08, 0xC2, 0x08, 0xA2, 0x08, 0xA2, 0x08,
    0xA2, 0x08, 0xA2, 0x00, 0xC2, 0x00, 0xC3, 0x08, 0xC3, 0x08, 0x81, 0x00, 0x44, 0x19, 0x27, 0x3A,
    0x02, 0x11, 0xA2, 0x00, 0xE3, 0x08, 0xE3, 0x08, 0x03, 0x09, 0x03, 0x09, 0x04, 0x09, 0x03, 0x09,
    0xE3, 0x08, 0xC3, 0x08, 0xA2, 0x08, 0xA2, 0x00, 0xA2, 0x08, 0x82, 0x08, 0x62, 0x11, 0x02, 0x1A,
    0xA2, 0x11, 0x43, 0x09, 0x03, 0x09, 0x03, 0x09, 0xC1, 0x00, 0xA1, 0x08, 0xA2, 0x08, 0x82, 0x00,
    0xA2, 0x08, 0xA2, 0x08, 0xA2, 0x08, 0xE2, 0x08, 0x23, 0x11, 0xE2, 0x08, 0xA2, 0x08, 0x82, 0x00,
    0x61, 0x00, 0xA2, 0x08, 0xA2, 0x08, 0x82, 0x08, 0x82, 0x00, 0x82, 0x00, 0x82, 0x00, 0x61, 0x00,
    0x41, 0x00, 0x41, 0x00, 0x21, 0x00, 0x24, 0x09, 0xCA, 0x2A, 0x68, 0x1A, 0x24, 0x09, 0xCB, 0x4A,
    0x0B, 0x5C, 0xC2, 0x2A, 0x63, 0x22, 0x02, 0x09, 0x01, 0x00, 0xE3, 0x08, 0x85, 0x11, 0xE3, 0x00,
    0x41, 0x00, 0xC5, 0x31, 0x68, 0x4A, 0x22, 0x11, 0xA5, 0x4B, 0x63, 0x43, 0x06, 0x5C, 0x26, 0x4B,
    0xA2, 0x00, 0xA3, 0x08, 0xC2, 0x08, 0xE4, 0x19, 0x44, 0x1A, 0x45, 0x22, 0xA1, 0x00, 0x82, 0x08,
    0x81, 0x00, 0xA3, 0x08, 0x82, 0x08, 0x81, 0x00, 0x82, 0x00, 0x62, 0x08, 0x41, 0x00, 0x41, 0x00,
    0x62, 0x00, 0x81, 0x00, 0x02, 0x09, 0xC4, 0x19, 0xE4, 0x19, 0xA3, 0x11, 0x83, 0x11, 0x43, 0x09,
    0xE2, 0x08, 0xC2, 0x08, 0xC2, 0x08, 0xC2, 0x08, 0xE3, 0x08, 0x03, 0x09, 0x23, 0x09, 0x23, 0x09,
    0x03, 0x12, 0xC5, 0x22, 0xE8, 0x3B, 0x24, 0x23, 0x44, 0x2B, 0x24, 0x2B, 0x65, 0x2B, 0x64, 0x2B,
    0x44, 0x2B, 0x24, 0x23, 0xE3, 0x22, 0x45, 0x2B, 0x45, 0x2B, 0x45, 0x2B, 0x04, 0x23, 0x25, 0x2B,
    0xC4, 0x22, 0x46, 0x2B, 0xC5, 0x2A, 0x81, 0x00, 0x42, 0x00, 0x61, 0x00, 0x82, 0x00, 0xC2, 0x08,
    0x02, 0x09, 0x84, 0x11, 0x43, 0x11, 0xA4, 0x19, 0x06, 0x22, 0x66, 0x22, 0x65, 0x1A, 0x86, 0x22,
    0xE2, 0x08, 0xC2, 0x00, 0x62, 0x09, 0xC3, 0x11, 0x04, 0x1A, 0x45, 0x1A, 0x83, 0x11, 0x43, 0x09,
    0x63, 0x11, 0xE5, 0x19, 0xA4, 0x11, 0xA4, 0x11, 0x63, 0x09, 0xC5, 0x19, 0x84, 0x11, 0xA4, 0x11,
    0x84, 0x11, 0x64, 0x11, 0xE5, 0x19, 0xA3, 0x11, 0xA3, 0x11, 0x63, 0x11, 0x63, 0x11, 0x23, 0x09,
    0xC2, 0x08, 0x81, 0x00, 0x60, 0x00, 0x25, 0x22, 0x44, 0x1A, 0xC6, 0x22, 0xE6, 0x22, 0x03, 0x12,
    0x47, 0x33, 0x0A, 0x44, 0xE9, 0x3B, 0xC9, 0x3B, 0xA8, 0x33, 0xC8, 0x33, 0x66, 0x2B, 0xC4, 0x22,
    0x42, 0x1A, 0x62, 0x1A, 0x64, 0x5C, 0x03, 0x5C, 0x83, 0x22, 0x83, 0x1A, 0xC5, 0x2A, 0xE4, 0x19,
    0x81, 0x00, 0x81, 0x00, 0x23, 0x09, 0x05, 0x1A, 0x62, 0x09, 0xA4, 0x11, 0xC4, 0x19, 0x83, 0x11,
    0x8C, 0x5B, 0xD6, 0xB5, 0x1B, 0xDF, 0x5C, 0xE7, 0xBA, 0xD6, 0x13, 0x95, 0x45, 0x22, 0x04, 0x1A,
    0x44, 0x1A, 0x04, 0x1A, 0x33, 0x95, 0x1B, 0xDF, 0x7D, 0xE7, 0x58, 0xC6, 0x4C, 0x5B, 0xC2, 0x08,
    0x45, 0x19, 0xC3, 0x08, 0x8D, 0x6B, 0x1C, 0xE7, 0x3D, 0xE7, 0x32, 0x95, 0x44, 0x2B, 0x03, 0x23,
    0x0B, 0x74, 0xAD, 0x84, 0x45, 0x3B, 0xE6, 0x53, 0x26, 0x5C, 0x65, 0x3A, 0xA2, 0x08, 0xE2, 0x08,
    0xE2, 0x08, 0xE3, 0x08, 0xE3, 0x08, 0xE2, 0x08, 0xC2, 0x08, 0xE2, 0x08, 0x03, 0x09, 0x02, 0x09,
    0x02, 0x09, 0x23, 0x09, 0x23, 0x11, 0x44, 0x19, 0x81, 0x00, 0x62, 0x00, 0x61, 0x00, 0x82, 0x08,
    0x61, 0x00, 0x61, 0x00, 0x82, 0x00, 0xA2, 0x08, 0xC2, 0x08, 0xC3, 0x08, 0xC2, 0x08, 0x81, 0x00,
    0x64, 0x19, 0x44, 0x11, 0xE2, 0x08, 0xE3, 0x08, 0xE3, 0x08, 0xE3, 0x08, 0xE3, 0x08, 0xC3, 0x08,
    0xA2, 0x00, 0x61, 0x00, 0x82, 0x00, 0x82, 0x00, 0x82, 0x00, 0xA2, 0x08, 0xC2, 0x19, 0x02, 0x12,
    0xC2, 0x11, 0x42, 0x09, 0x64, 0x11, 0xA4, 0x11, 0x63, 0x11, 0xE2, 0x08, 0xA2, 0x08, 0xC2, 0x08,
    0xC2, 0x08, 0xC2, 0x08, 0xA2, 0x00, 0xA2, 0x00, 0x81, 0x00, 0x23, 0x09, 0x44, 0x11, 0xA2, 0x08,
    0x61, 0x00, 0x61, 0x00, 0xA2, 0x08, 0x24, 0x09, 0x65, 0x11, 0x24, 0x11, 0x24, 0x09, 0x44, 0x11,
    0xE3, 0x08, 0x82, 0x00, 0x41, 0x00, 0xE3, 0x08, 0x68, 0x22, 0xE7, 0x19, 0xC3, 0x08, 0xA1, 0x00,
    0xE4, 0x2A, 0xE1, 0x2A, 0x22, 0x1A, 0xA4, 0x22, 0xE3, 0x19, 0xC3, 0x19, 0xA2, 0x11, 0x63, 0x09,
    0xE2, 0x08, 0x87, 0x4A, 0x89, 0x6B, 0xC1, 0x00, 0x01, 0x01, 0x45, 0x43, 0x64, 0x3B, 0x26, 0x5C,
    0x87, 0x53, 0x40, 0x00, 0x23, 0x09, 0x24, 0x1A, 0xA3, 0x11, 0x26, 0x22, 0xE3, 0x08, 0xA2, 0x08,
    0xA2, 0x00, 0xA3, 0x00, 0xE2, 0x08, 0x63, 0x11, 0xA2, 0x00, 0xE2, 0x08, 0x44, 0x22, 0xE4, 0x19,
    0xE2, 0x08, 0x23, 0x09, 0xE4, 0x19, 0x04, 0x12, 0xE4, 0x11, 0x83, 0x11, 0x83, 0x11, 0x63, 0x11,
    0x23, 0x09, 0xE2, 0x08, 0x23, 0x09, 0x63, 0x11, 0x22, 0x09, 0x43, 0x11, 0x43, 0x11, 0x63, 0x11,
    0x62, 0x11, 0xE6, 0x2A, 0xEC, 0x5C, 0x49, 0x4C, 0x65, 0x2B, 0x24, 0x23, 0x44, 0x23, 0x24, 0x23,
    0x24, 0x2B, 0x65, 0x2B, 0x44, 0x2B, 0xC6, 0x3B, 0x24, 0x2B, 0x04, 0x23, 0x45, 0x2B, 0x04, 0x23,
    0x66, 0x33, 0x05, 0x23, 0x64, 0x22, 0xC1, 0x08, 0x62, 0x00, 0x62, 0x00, 0x41, 0x00, 0x41, 0x00,
    0x62, 0x00, 0x82, 0x08, 0xA2, 0x08, 0xA2, 0x00, 0xA2, 0x00, 0xE2, 0x08, 0x64, 0x11, 0xA7, 0x2A,
    0x43, 0x11, 0x62, 0x11, 0xE3, 0x19, 0x03, 0x1A, 0x43, 0x12, 0xE5, 0x22, 0xCA, 0x43, 0x86, 0x22,
    0xC4, 0x11, 0xC5, 0x11, 0xE5, 0x19, 0x84, 0x09, 0x05, 0x1A, 0xC5, 0x19, 0x63, 0x11, 0x43, 0x11,
    0xC5, 0x21, 0x66, 0x32, 0x87, 0x32, 0x86, 0x2A, 0xC3, 0x11, 0xC3, 0x11, 0x24, 0x1A, 0x04, 0x1A,
    0xE4, 0x19, 0x84, 0x11, 0x83, 0x11, 0xE7, 0x2A, 0x27, 0x2B, 0xEA, 0x3B, 0x07, 0x23, 0x65, 0x22,
    0x09, 0x44, 0x0A, 0x44, 0x09, 0x44, 0xE9, 0x3B, 0x09, 0x44, 0xE8, 0x3B, 0xC3, 0x22, 0xA3, 0x22,
    0x63, 0x1A, 0xE3, 0x2A, 0x49, 0x85, 0xA3, 0x2A, 0x83, 0x1A, 0x25, 0x2B, 0xA3, 0x11, 0x82, 0x00,
    0x82, 0x08, 0x81, 0x00, 0xE2, 0x08, 0x63, 0x09, 0x04, 0x12, 0x25, 0x1A, 0x83, 0x09, 0x86, 0x2A,
    0xDE, 0xF7, 0xFF, 0xFF, 0xDE, 0xF7, 0xBD, 0xF7, 0xFF, 0xFF, 0xFF, 0xFF, 0x37, 0xB6, 0xE4, 0x19,
    0x82, 0x09, 0x53, 0x9D, 0xFF, 0xFF, 0xFF, 0xFF, 0x9E, 0xEF, 0xFF, 0xFF, 0xDF, 0xFF, 0x48, 0x3A,
    0x20, 0x00, 0xAA, 0x4A, 0xFF, 0xFF, 0x77, 0xC6, 0x77, 0xBE, 0xFF, 0xFF, 0xEF, 0x7C, 0x66, 0x43,
    0xA8, 0x53, 0xC6, 0x3B, 0xA5, 0x33, 0x27, 0x54, 0x46, 0x6C, 0x66, 0x53, 0x40, 0x00, 0xC2, 0x08,
    0xA2, 0x08, 0xE2, 0x08, 0x03, 0x09, 0x23, 0x09, 0x22, 0x09, 0xE2, 0x08, 0x02, 0x09, 0x03, 0x09,
    0x23, 0x09, 0x23, 0x09, 0x03, 0x09, 0x03, 0x09, 0xC2, 0x08, 0x82, 0x00, 0xA2, 0x00, 0xA2, 0x00,
    0xA2, 0x00, 0x82, 0x00, 0xA2, 0x00, 0xA2, 0x08, 0xC2, 0x08, 0xC3, 0x08, 0xC3, 0x08, 0xC3, 0x08,
    0x03, 0x09, 0x85, 0x19, 0x44, 0x11, 0xE3, 0x08, 0x04, 0x09, 0xE3, 0x08, 0xC2, 0x08, 0xA5, 0x21,
    0x68, 0x3A, 0xE6, 0x29, 0xE3, 0x08, 0xA2, 0x00, 0x62, 0x08, 0xC1, 0x00, 0x23, 0x1A, 0xE2, 0x11,
    0xE2, 0x11, 0x03, 0x09, 0x23, 0x09, 0x63, 0x11, 0xA4, 0x11, 0x63, 0x11, 0xC2, 0x00, 0xC3, 0x08,
    0xC3, 0x08, 0xC2, 0x08, 0xE2, 0x08, 0xE2, 0x08, 0x84, 0x11, 0xC9, 0x32, 0xCA, 0x32, 0xA5, 0x11,
    0x24, 0x09, 0x41, 0x00, 0xE3, 0x08, 0xE6, 0x19, 0xE6, 0x19, 0xC5, 0x11, 0xC5, 0x11, 0x44, 0x11,
    0x64, 0x11, 0x23, 0x09, 0xA2, 0x08, 0x81, 0x00, 0x23, 0x09, 0xC3, 0x08, 0x61, 0x00, 0x83, 0x11,
    0xE5, 0x4B, 0xC3, 0x2A, 0xE1, 0x11, 0x04, 0x2B, 0xC6, 0x3B, 0xA7, 0x33, 0xA8, 0x33, 0xA7, 0x33,
    0xC9, 0x43, 0xE7, 0x4A, 0x47, 0x63, 0x49, 0x7C, 0xAA, 0x63, 0x23, 0x22, 0x85, 0x4B, 0x84, 0x43,
    0x46, 0x5C, 0xE5, 0x42, 0xE2, 0x00, 0x24, 0x22, 0x42, 0x09, 0x05, 0x1A, 0xE3, 0x08, 0xA2, 0x00,
    0xA2, 0x00, 0x82, 0x00, 0x22, 0x09, 0xC3, 0x19, 0x42, 0x09, 0x83, 0x11, 0x45, 0x22, 0x86, 0x2A,
    0x65, 0x22, 0x83, 0x11, 0xA3, 0x11, 0x62, 0x09, 0xC3, 0x11, 0x45, 0x2A, 0x83, 0x11, 0x43, 0x11,
    0x42, 0x09, 0x63, 0x11, 0x23, 0x11, 0x84, 0x19, 0xA3, 0x11, 0x63, 0x11, 0x63, 0x11, 0x83, 0x09,
    0xA2, 0x00, 0x28, 0x3B, 0x49, 0x4C, 0x25, 0x2B, 0xE4, 0x22, 0x44, 0x2B, 0xA6, 0x33, 0x65, 0x2B,
    0x04, 0x23, 0xE3, 0x22, 0xC2, 0x1A, 0x06, 0x3C, 0x07, 0x44, 0x24, 0x2B, 0x45, 0x2B, 0x45, 0x2B,
    0x25, 0x23, 0xA6, 0x33, 0x44, 0x1A, 0xA1, 0x00, 0xC2, 0x08, 0xE2, 0x08, 0x81, 0x00, 0x61, 0x00,
    0x61, 0x00, 0x82, 0x00, 0xA2, 0x08, 0xC3, 0x08, 0x82, 0x00, 0x81, 0x00, 0x81, 0x00, 0xE2, 0x08,
    0x63, 0x11, 0x62, 0x09, 0xA1, 0x11, 0x43, 0x1A, 0xA5, 0x22, 0xE6, 0x2A, 0xE7, 0x2A, 0xE8, 0x32,
    0xE5, 0x11, 0xC4, 0x11, 0xA4, 0x11, 0xE5, 0x19, 0xA5, 0x11, 0x23, 0x09, 0x43, 0x09, 0xE5, 0x21,
    0xA7, 0x3A, 0x28, 0x63, 0xE4, 0x29, 0x86, 0x32, 0x08, 0x3B, 0x45, 0x2A, 0x82, 0x09, 0xC3, 0x11,
    0xC3, 0x11, 0xA3, 0x11, 0xA3, 0x11, 0x28, 0x3B, 0x2C, 0x54, 0x08, 0x2B, 0x65, 0x1A, 0x65, 0x22,
    0xE8, 0x3B, 0x0A, 0x44, 0x09, 0x44, 0x29, 0x44, 0x08, 0x44, 0x25, 0x2B, 0xE3, 0x22, 0xE4, 0x2A,
    0xA3, 0x22, 0xE4, 0x2A, 0x44, 0x3B, 0xA3, 0x22, 0xC5, 0x22, 0x04, 0x1A, 0xA1, 0x00, 0xA3, 0x08,
    0x82, 0x08, 0x82, 0x08, 0xA2, 0x08, 0x84, 0x11, 0x45, 0x1A, 0x24, 0x1A, 0xA5, 0x2A, 0x02, 0x12,
    0xEC, 0x63, 0xD0, 0x84, 0xC8, 0x32, 0x66, 0x2A, 0x12, 0x8D, 0xFF, 0xFF, 0xBE, 0xF7, 0xE4, 0x19,
    0xE8, 0x3A, 0xBF, 0xF7, 0xFF, 0xFF, 0x91, 0x8C, 0xC2, 0x10, 0xB6, 0xAD, 0xFF, 0xFF, 0xD7, 0xB5,
    0x00, 0x00, 0xD3, 0x94, 0xDE, 0xF7, 0x46, 0x33, 0x03, 0x1B, 0x3B, 0xDF, 0x97, 0xC6, 0xC3, 0x2A,
    0x24, 0x2B, 0xA6, 0x3B, 0xA6, 0x3B, 0x27, 0x54, 0x26, 0x64, 0x28, 0x64, 0xE2, 0x08, 0xA1, 0x00,
    0x82, 0x00, 0x81, 0x00, 0x81, 0x00, 0xC2, 0x08, 0x43, 0x11, 0x84, 0x11, 0x43, 0x09, 0x22, 0x09,
    0x23, 0x11, 0x23, 0x11, 0x23, 0x09, 0x23, 0x11, 0x03, 0x09, 0xC3, 0x08, 0xE2, 0x08, 0xC2, 0x08,
    0xC2, 0x08, 0xC2, 0x08, 0xC2, 0x08, 0xC2, 0x08, 0xE3, 0x08, 0xC2, 0x08, 0xC2, 0x08, 0xC2, 0x08,
    0xE3, 0x08, 0x23, 0x09, 0x85, 0x19, 0x64, 0x11, 0x03, 0x09, 0x04, 0x09, 0x23, 0x09, 0x84, 0x19,
    0x47, 0x2A, 0x46, 0x2A, 0x25, 0x22, 0x05, 0x22, 0x84, 0x19, 0xA2, 0x11, 0x42, 0x1A, 0x02, 0x1A,
    0x42, 0x1A, 0x02, 0x09, 0x03, 0x09, 0x63, 0x11, 0x43, 0x11, 0xA4, 0x11, 0xA4, 0x11, 0xA2, 0x08,
    0xA2, 0x08, 0x02, 0x01, 0x03, 0x09, 0x64, 0x11, 0xE5, 0x11, 0x89, 0x2A, 0xCA, 0x32, 0x07, 0x1A,
    0x27, 0x22, 0x65, 0x11, 0xC2, 0x00, 0x85, 0x11, 0xA5, 0x11, 0xC5, 0x11, 0x66, 0x22, 0x62, 0x09,
    0x43, 0x09, 0x43, 0x09, 0x63, 0x11, 0x64, 0x11, 0x64, 0x11, 0x03, 0x09, 0x43, 0x09, 0xE5, 0x32,
    0x85, 0x5C, 0xE2, 0x2A, 0x01, 0x12, 0x83, 0x1A, 0x65, 0x2B, 0x25, 0x23, 0x47, 0x2B, 0xA8, 0x33,
    0xC9, 0x3B, 0xC8, 0x42, 0x89, 0x73, 0xEC, 0x9C, 0x2A, 0x94, 0x89, 0x7B, 0x2A, 0x74, 0x68, 0x64,
    0x44, 0x43, 0x87, 0x6C, 0xE5, 0x42, 0x62, 0x11, 0x43, 0x11, 0x23, 0x1A, 0x04, 0x1A, 0xE3, 0x08,
    0xC2, 0x08, 0x82, 0x00, 0xE2, 0x08, 0x62, 0x11, 0xA3, 0x11, 0x83, 0x11, 0x01, 0x09, 0xE1, 0x00,
    0x86, 0x22, 0xC3, 0x19, 0x82, 0x09, 0xA3, 0x11, 0x24, 0x22, 0x86, 0x2A, 0xC3, 0x11, 0xE4, 0x19,
    0x66, 0x1A, 0x46, 0x22, 0xA1, 0x00, 0xE1, 0x00, 0xA4, 0x19, 0xA4, 0x11, 0xA3, 0x11, 0xC3, 0x11,
    0xE2, 0x00, 0xA6, 0x2A, 0x87, 0x33, 0xC7, 0x3B, 0xE7, 0x43, 0x65, 0x33, 0x03, 0x23, 0x03, 0x23,
    0x65, 0x2B, 0x24, 0x2B, 0x45, 0x33, 0x06, 0x3C, 0xA5, 0x33, 0x85, 0x33, 0x65, 0x2B, 0x85, 0x33,
    0x86, 0x33, 0x86, 0x2B, 0xA7, 0x3B, 0x04, 0x1A, 0x22, 0x11, 0x62, 0x11, 0x42, 0x09, 0x81, 0x00,
    0x82, 0x00, 0x81, 0x00, 0x81, 0x00, 0xA2, 0x08, 0x02, 0x09, 0x83, 0x11, 0xE4, 0x19, 0x62, 0x11,
    0x62, 0x09, 0x24, 0x1A, 0x43, 0x1A, 0x44, 0x22, 0xA3, 0x19, 0xA4, 0x11, 0x83, 0x11, 0x63, 0x09,
    0xC5, 0x19, 0xA4, 0x11, 0x84, 0x11, 0x64, 0x11, 0x03, 0x09, 0x44, 0x11, 0x64, 0x11, 0xA4, 0x11,
    0x42, 0x09, 0xC8, 0x52, 0x6B, 0x6B, 0x86, 0x32, 0x86, 0x2A, 0xAB, 0x4B, 0x4E, 0x5C, 0x24, 0x22,
    0x42, 0x09, 0xA3, 0x11, 0x82, 0x11, 0x24, 0x1A, 0x45, 0x1A, 0x83, 0x11, 0x22, 0x09, 0x45, 0x1A,
    0x29, 0x44, 0x4A, 0x4C, 0x4A, 0x4C, 0x49, 0x4C, 0x85, 0x33, 0xE3, 0x22, 0x03, 0x23, 0x24, 0x2B,
    0xC3, 0x22, 0x25, 0x2B, 0xC4, 0x22, 0x85, 0x22, 0x63, 0x11, 0xA2, 0x00, 0xA2, 0x08, 0xA2, 0x00,
    0xA2, 0x00, 0xA2, 0x08, 0xC2, 0x08, 0xA3, 0x11, 0x03, 0x12, 0xA5, 0x22, 0x84, 0x1A, 0x64, 0x22,
    0x44, 0x1A, 0xA2, 0x09, 0xA2, 0x09, 0x00, 0x01, 0x8C, 0x5B, 0xFF, 0xFF, 0x5C, 0xE7, 0x4C, 0x6C,
    0x96, 0xBE, 0xFF, 0xFF, 0xBD, 0xF7, 0x87, 0x3A, 0x00, 0x00, 0xEB, 0x52, 0xFF, 0xFF, 0x7E, 0xEF,
    0xA2, 0x08, 0xCE, 0x6B, 0xFF, 0xFF, 0x51, 0x8D, 0xAD, 0x6C, 0xFF, 0xFF, 0xD3, 0x9D, 0xA2, 0x12,
    0x65, 0x2B, 0xE6, 0x43, 0x44, 0x2B, 0x68, 0x5C, 0x26, 0x64, 0x87, 0x74, 0xA3, 0x19, 0xE2, 0x08,
    0xE2, 0x08, 0xC2, 0x08, 0xA2, 0x08, 0xA2, 0x00, 0xC2, 0x08, 0x84, 0x19, 0xC5, 0x19, 0x63, 0x11,
    0x63, 0x11, 0x43, 0x09, 0x43, 0x09, 0x63, 0x11, 0x23, 0x09, 0x23, 0x09, 0x23, 0x09, 0x03, 0x09,
    0xE2, 0x08, 0xE2, 0x08, 0xE2, 0x08, 0x03, 0x09, 0x23, 0x09, 0x23, 0x09, 0x23, 0x09, 0x03, 0x09,
    0xE2, 0x00, 0xC2, 0x00, 0xE2, 0x08, 0x23, 0x09, 0x43, 0x09, 0x23, 0x09, 0x43, 0x09, 0xC4, 0x11,
    0x25, 0x22, 0x25, 0x22, 0x04, 0x1A, 0xC4, 0x11, 0x44, 0x11, 0xC3, 0x2A, 0xA2, 0x22, 0x02, 0x1A,
    0xA2, 0x22, 0x02, 0x09, 0xE3, 0x08, 0x23, 0x11, 0x23, 0x09, 0x84, 0x11, 0xC4, 0x19, 0xC2, 0x00,
    0x44, 0x11, 0x27, 0x1A, 0xE6, 0x19, 0xEA, 0x32, 0x88, 0x22, 0x06, 0x1A, 0xA5, 0x11, 0xE6, 0x19,
    0x85, 0x11, 0x44, 0x09, 0xE3, 0x08, 0x24, 0x09, 0x23, 0x09, 0xC4, 0x19, 0xA5, 0x2A, 0xC4, 0x11,
    0x23, 0x09, 0x43, 0x11, 0x63, 0x11, 0x43, 0x11, 0x63, 0x09, 0x83, 0x11, 0xA6, 0x2A, 0x63, 0x1A,
    0xE5, 0x4B, 0x24, 0x3B, 0x42, 0x1A, 0x82, 0x1A, 0x45, 0x33, 0xA3, 0x1A, 0x84, 0x22, 0xE5, 0x22,
    0x47, 0x2B, 0x4A, 0x53, 0xEF, 0x94, 0x05, 0x53, 0x4A, 0x94, 0xAE, 0xA4, 0x10, 0xA5, 0x4A, 0x6C,
    0x47, 0x54, 0x44, 0x3B, 0xC9, 0x74, 0x04, 0x2A, 0xC2, 0x00, 0xA3, 0x11, 0x87, 0x3B, 0x43, 0x11,
    0xC3, 0x08, 0xA2, 0x00, 0xC1, 0x00, 0x42, 0x09, 0x22, 0x09, 0x42, 0x11, 0x63, 0x11, 0x62, 0x11,
    0x04, 0x1A, 0x83, 0x11, 0x62, 0x09, 0xA4, 0x19, 0xC3, 0x11, 0xA2, 0x11, 0x04, 0x12, 0x65, 0x1A,
    0x69, 0x33, 0x26, 0x22, 0x61, 0x00, 0x81, 0x00, 0xA1, 0x00, 0xE2, 0x08, 0x63, 0x11, 0xE4, 0x19,
    0xC1, 0x00, 0xC7, 0x2A, 0xCC, 0x5C, 0xA7, 0x33, 0x45, 0x2B, 0x64, 0x2B, 0x65, 0x2B, 0x65, 0x2B,
    0x24, 0x23, 0xC3, 0x22, 0xC3, 0x22, 0x68, 0x4C, 0x48, 0x44, 0x85, 0x33, 0xC6, 0x3B, 0x85, 0x33,
    0x86, 0x33, 0x86, 0x2B, 0x86, 0x33, 0xA5, 0x2A, 0x21, 0x09, 0x82, 0x11, 0xE3, 0x19, 0xE2, 0x08,
    0x82, 0x00, 0x81, 0x00, 0xC2, 0x08, 0x63, 0x11, 0x24, 0x1A, 0x84, 0x1A, 0x06, 0x2B, 0x87, 0x3B,
    0x64, 0x22, 0x23, 0x1A, 0x25, 0x22, 0x81, 0x00, 0x61, 0x00, 0x44, 0x11, 0x84, 0x19, 0x64, 0x11,
    0xA5, 0x11, 0x43, 0x09, 0x03, 0x09, 0x44, 0x09, 0x84, 0x11, 0xA4, 0x11, 0xA4, 0x11, 0x63, 0x09,
    0x64, 0x11, 0x84, 0x19, 0x8C, 0x6B, 0x0C, 0x6C, 0x82, 0x11, 0x43, 0x09, 0x09, 0x43, 0x0F, 0x8D,
    0x07, 0x4B, 0x82, 0x09, 0xA3, 0x11, 0x82, 0x11, 0x83, 0x11, 0x63, 0x11, 0x02, 0x09, 0x65, 0x22,
    0x49, 0x44, 0x09, 0x44, 0x29, 0x4C, 0xE7, 0x43, 0x43, 0x2B, 0x24, 0x2B, 0x23, 0x23, 0x43, 0x2B,
    0x45, 0x33, 0x05, 0x2B, 0x44, 0x22, 0x42, 0x09, 0xA1, 0x00, 0xA2, 0x08, 0xC1, 0x00, 0x22, 0x09,
    0x43, 0x11, 0x02, 0x09, 0x22, 0x09, 0x65, 0x22, 0xA5, 0x2A, 0xA5, 0x2A, 0xA5, 0x22, 0x45, 0x1A,
    0x62, 0x09, 0x0A, 0x43, 0xB0, 0x74, 0xF1, 0x84, 0x3C, 0xDF, 0x9D, 0xF7, 0xF4, 0xAD, 0x2F, 0x85,
    0x93, 0xA5, 0xFF, 0xFF, 0x3A, 0xD7, 0xA6, 0x2A, 0xA1, 0x00, 0x28, 0x3A, 0xFF, 0xFF, 0xFF, 0xFF,
    0x06, 0x2A, 0x85, 0x22, 0xD9, 0xCE, 0xFF, 0xFF, 0xFF, 0xFF, 0x19, 0xD7, 0x87, 0x3B, 0xE3, 0x1A,
    0x04, 0x2B, 0xA5, 0x33, 0x85, 0x33, 0xC5, 0x4B, 0x68, 0x6C, 0xA7, 0x74, 0xA6, 0x3A, 0x23, 0x09,
    0x64, 0x11, 0x23, 0x09, 0x23, 0x09, 0xC2, 0x08, 0xC2, 0x08, 0xA2, 0x00, 0xA1, 0x00, 0x23, 0x09,
    0x63, 0x11, 0x63, 0x11, 0xA4, 0x11, 0xC4, 0x19, 0x43, 0x09, 0x43, 0x09, 0x64, 0x11, 0x64, 0x11,
    0x64, 0x11, 0x43, 0x11, 0x63, 0x09, 0xA4, 0x11, 0x63, 0x09, 0x84, 0x11, 0x84, 0x11, 0xA4, 0x11,
    0x84, 0x11, 0x23, 0x09, 0x03, 0x11, 0xA1, 0x00, 0xA4, 0x11, 0x45, 0x22, 0xA6, 0x2A, 0xA6, 0x2A,
    0x24, 0x1A, 0x04, 0x1A, 0x63, 0x11, 0x23, 0x09, 0xC3, 0x00, 0xC3, 0x2A, 0x23, 0x33, 0x42, 0x1A,
    0xC2, 0x2A, 0x22, 0x09, 0xE2, 0x08, 0x03, 0x09, 0x03, 0x09, 0x23, 0x09, 0x43, 0x09, 0xA4, 0x11,
    0x27, 0x22, 0x07, 0x1A, 0x27, 0x1A, 0x89, 0x22, 0x89, 0x22, 0x89, 0x2A, 0xCA, 0x32, 0xE6, 0x19,
    0x24, 0x09, 0x03, 0x09, 0x03, 0x09, 0xE3, 0x08, 0xE3, 0x08, 0xA4, 0x11, 0xE3, 0x19, 0x63, 0x11,
    0x23, 0x09, 0xC2, 0x00, 0xC3, 0x08, 0xC3, 0x08, 0x03, 0x09, 0x83, 0x11, 0x84, 0x22, 0x63, 0x1A,
    0xA6, 0x43, 0x86, 0x64, 0xE3, 0x32, 0x62, 0x1A, 0xA6, 0x3B, 0xA3, 0x22, 0x43, 0x1A, 0xC4, 0x22,
    0x05, 0x2B, 0xE8, 0x42, 0x71, 0xA5, 0xE7, 0x63, 0x87, 0x6B, 0x2B, 0x84, 0xCE, 0x94, 0x8C, 0x74,
    0xE6, 0x43, 0x06, 0x4C, 0x85, 0x4B, 0x88, 0x6C, 0x62, 0x11, 0x82, 0x00, 0x63, 0x11, 0x63, 0x09,
    0xC3, 0x00, 0xC2, 0x08, 0xA2, 0x00, 0x02, 0x09, 0x22, 0x11, 0x02, 0x09, 0x42, 0x09, 0xC3, 0x19,
    0x03, 0x1A, 0x42, 0x11, 0x43, 0x09, 0x42, 0x09, 0x63, 0x11, 0xE4, 0x11, 0x85, 0x1A, 0x28, 0x2B,
    0x29, 0x2B, 0x03, 0x09, 0x61, 0x00, 0x82, 0x08, 0x82, 0x00, 0x61, 0x00, 0xC2, 0x08, 0x02, 0x09,
    0x81, 0x00, 0x46, 0x2A, 0x4A, 0x4C, 0x08, 0x44, 0xC6, 0x3B, 0x64, 0x2B, 0x44, 0x2B, 0x44, 0x2B,
    0x24, 0x2B, 0xC3, 0x22, 0x86, 0x33, 0xA6, 0x3B, 0x28, 0x4C, 0xE6, 0x3B, 0xC6, 0x3B, 0xE7, 0x3B,
    0x65, 0x2B, 0x86, 0x33, 0x45, 0x2B, 0xC2, 0x11, 0x22, 0x09, 0x62, 0x11, 0x02, 0x1A, 0xE3, 0x19,
    0x81, 0x00, 0x22, 0x09, 0xA3, 0x11, 0x03, 0x1A, 0x64, 0x1A, 0xC5, 0x22, 0xC5, 0x22, 0xE4, 0x22,
    0xC7, 0x3B, 0x65, 0x2A, 0x41, 0x00, 0x82, 0x08, 0xA2, 0x08, 0xE3, 0x08, 0x63, 0x11, 0x43, 0x09,
    0x43, 0x09, 0x63, 0x11, 0xC4, 0x11, 0x05, 0x1A, 0xA3, 0x11, 0x63, 0x11, 0x64, 0x11, 0x84, 0x11,
    0x64, 0x11, 0x43, 0x09, 0x26, 0x3A, 0xEA, 0x63, 0xE6, 0x2A, 0x43, 0x11, 0xA0, 0x00, 0x6A, 0x63,
    0xB6, 0xD6, 0x89, 0x63, 0xA3, 0x19, 0xC4, 0x19, 0xC4, 0x19, 0xA4, 0x19, 0x42, 0x09, 0x64, 0x2A,
    0xE7, 0x3B, 0xC8, 0x3B, 0x6A, 0x4C, 0x65, 0x2B, 0x43, 0x2B, 0x44, 0x2B, 0x64, 0x33, 0x64, 0x33,
    0xC5, 0x2A, 0x83, 0x11, 0xC2, 0x00, 0xC2, 0x00, 0xE2, 0x08, 0x02, 0x09, 0x62, 0x11, 0xC3, 0x11,
    0x42, 0x09, 0x02, 0x09, 0x22, 0x09, 0xE4, 0x19, 0xA3, 0x11, 0xE3, 0x11, 0x65, 0x1A, 0x45, 0x1A,
    0x85, 0x1A, 0xB8, 0xBE, 0xFF, 0xFF, 0xFF, 0xFF, 0xFF, 0xFF, 0xB5, 0xAD, 0x89, 0x43, 0x84, 0x1A,
    0xB3, 0x9D, 0xFF, 0xFF, 0xB9, 0xCE, 0x25, 0x1A, 0xA1, 0x00, 0x07, 0x32, 0xFF, 0xFF, 0xFF, 0xFF,
    0xE9, 0x42, 0xE8, 0x4B, 0xE7, 0x43, 0x4B, 0x5C, 0xAD, 0x6C, 0x25, 0x2B, 0x04, 0x23, 0xC3, 0x22,
    0x25, 0x2B, 0xA6, 0x33, 0x85, 0x33, 0xC5, 0x43, 0x27, 0x5C, 0xC8, 0x74, 0xE6, 0x42, 0x23, 0x09,
    0xC5, 0x19, 0xE5, 0x11, 0x63, 0x09, 0x43, 0x11, 0x02, 0x09, 0x03, 0x09, 0xA2, 0x00, 0x82, 0x00,
    0x81, 0x00, 0xE2, 0x08, 0x63, 0x09, 0x05, 0x22, 0x64, 0x11, 0x43, 0x09, 0xE6, 0x19, 0x46, 0x1A,
    0x06, 0x1A, 0x84, 0x11, 0x63, 0x09, 0x63, 0x09, 0x63, 0x09, 0x64, 0x11, 0x43, 0x11, 0x22, 0x09,
    0x43, 0x09, 0x23, 0x09, 0x03, 0x09, 0x05, 0x1A, 0x28, 0x33, 0xE6, 0x2A, 0x24, 0x1A, 0x25, 0x1A,
    0x69, 0x4B, 0x25, 0x22, 0xE2, 0x00, 0x03, 0x09, 0xC3, 0x00, 0x41, 0x09, 0xE3, 0x2A, 0x81, 0x22,
    0x43, 0x33, 0x83, 0x11, 0xE2, 0x08, 0xE2, 0x08, 0x02, 0x09, 0xE2, 0x08, 0x84, 0x09, 0x6B, 0x3B,
    0xAD, 0x43, 0x4C, 0x43, 0x2B, 0x3B, 0xCA, 0x32, 0x68, 0x2A, 0x27, 0x22, 0xA9, 0x2A, 0xE6, 0x19,
    0x44, 0x09, 0x23, 0x09, 0xE3, 0x08, 0x24, 0x11, 0x03, 0x09, 0x83, 0x11, 0x64, 0x22, 0x64, 0x1A,
    0xA5, 0x22, 0x62, 0x09, 0xC2, 0x08, 0xC3, 0x08, 0x82, 0x00, 0xC2, 0x08, 0xC3, 0x11, 0xC5, 0x2A,
    0x26, 0x2B, 0xE4, 0x4B, 0x64, 0x43, 0x21, 0x12, 0x65, 0x3B, 0x44, 0x33, 0xA3, 0x1A, 0x63, 0x1A,
    0x83, 0x1A, 0xA5, 0x22, 0xA7, 0x53, 0xE9, 0x84, 0x25, 0x53, 0x04, 0x3A, 0xEA, 0x63, 0x6B, 0x5C,
    0xC7, 0x43, 0x07, 0x4C, 0x65, 0x43, 0x26, 0x5C, 0xE7, 0x53, 0xE1, 0x00, 0x83, 0x08, 0x03, 0x09,
    0xC2, 0x08, 0xA2, 0x00, 0xE3, 0x08, 0x03, 0x09, 0x03, 0x09, 0x43, 0x11, 0x02, 0x09, 0x62, 0x09,
    0x03, 0x1A, 0x62, 0x09, 0x63, 0x09, 0x83, 0x11, 0x62, 0x11, 0x03, 0x12, 0x07, 0x2B, 0xE8, 0x2A,
    0xE2, 0x08, 0x61, 0x00, 0x82, 0x08, 0x82, 0x08, 0x82, 0x00, 0x81, 0x00, 0xE2, 0x08, 0x02, 0x09,
    0xC2, 0x08, 0x22, 0x09, 0x09, 0x4C, 0x28, 0x4C, 0xA5, 0x33, 0xC5, 0x33, 0xA5, 0x33, 0x24, 0x2B,
    0xE3, 0x22, 0x82, 0x1A, 0xC7, 0x3B, 0xCB, 0x5C, 0x65, 0x33, 0x69, 0x54, 0xE7, 0x43, 0xE7, 0x3B,
    0xE7, 0x43, 0x44, 0x23, 0xC6, 0x33, 0xC5, 0x2A, 0x21, 0x09, 0x82, 0x11, 0xC3, 0x2A, 0xE4, 0x2A,
    0x02, 0x09, 0xA3, 0x11, 0xE3, 0x19, 0x04, 0x1A, 0x03, 0x1A, 0x03, 0x12, 0x23, 0x12, 0xA4, 0x22,
    0x68, 0x3B, 0x26, 0x2A, 0xA2, 0x00, 0xC2, 0x08, 0xC2, 0x08, 0xC2, 0x08, 0x62, 0x11, 0xA3, 0x11,
    0xC3, 0x11, 0x03, 0x1A, 0x43, 0x22, 0x44, 0x1A, 0x44, 0x1A, 0x25, 0x1A, 0x83, 0x11, 0x63, 0x09,
    0x84, 0x11, 0x85, 0x11, 0x22, 0x09, 0x65, 0x2A, 0x29, 0x44, 0x65, 0x22, 0x82, 0x00, 0x41, 0x00,
    0xAD, 0x7B, 0x30, 0xAD, 0x65, 0x42, 0xE2, 0x00, 0x43, 0x09, 0x03, 0x09, 0x02, 0x09, 0xA3, 0x11,
    0x45, 0x2B, 0xC7, 0x3B, 0xC7, 0x3B, 0xC6, 0x3B, 0xE6, 0x3B, 0x06, 0x44, 0x05, 0x33, 0xC3, 0x11,
    0x02, 0x09, 0xA3, 0x00, 0xE3, 0x08, 0x23, 0x11, 0x62, 0x11, 0xC3, 0x19, 0xE4, 0x19, 0x62, 0x11,
    0x42, 0x09, 0x42, 0x09, 0x22, 0x09, 0xE4, 0x19, 0x24, 0x12, 0x48, 0x33, 0x07, 0x23, 0x48, 0x2B,
    0x0B, 0x44, 0x6E, 0x64, 0x94, 0x95, 0xD5, 0x9D, 0x5C, 0xDF, 0xFF, 0xFF, 0xB9, 0xC6, 0xC7, 0x4B,
    0x54, 0xAE, 0xFF, 0xFF, 0xFA, 0xD6, 0x05, 0x1A, 0x81, 0x00, 0x28, 0x32, 0xFF, 0xFF, 0xDF, 0xFF,
    0x2D, 0x64, 0xE7, 0x3B, 0x07, 0x44, 0xC6, 0x3B, 0x23, 0x1B, 0x65, 0x2B, 0x24, 0x2B, 0xC3, 0x22,
    0x24, 0x2B, 0xE7, 0x43, 0x85, 0x33, 0xE6, 0x4B, 0x68, 0x64, 0xA8, 0x74, 0x27, 0x53, 0x41, 0x00,
    0x03, 0x09, 0xA4, 0x11, 0x47, 0x1A, 0xE5, 0x11, 0xE5, 0x19, 0xE5, 0x19, 0x64, 0x11, 0xA2, 0x08,
    0xA2, 0x08, 0xC2, 0x08, 0xA2, 0x00, 0xE2, 0x08, 0x23, 0x09, 0xA5, 0x11, 0xE5, 0x11, 0xE5, 0x11,
    0xE5, 0x11, 0xC5, 0x19, 0xC5, 0x19, 0xA4, 0x11, 0xA4, 0x11, 0x84, 0x11, 0x43, 0x11, 0x43, 0x11,
    0x23, 0x11, 0xC2, 0x00, 0x87, 0x2A, 0x48, 0x33, 0x85, 0x1A, 0xC6, 0x2A, 0xEB, 0x53, 0xE7, 0x32,
    0xCE, 0x7C, 0x25, 0x2A, 0xC2, 0x00, 0x03, 0x09, 0x03, 0x09, 0xC2, 0x00, 0xE2, 0x19, 0x43, 0x3B,
    0x03, 0x33, 0x83, 0x09, 0x44, 0x11, 0xE2, 0x08, 0xC2, 0x00, 0x02, 0x09, 0xC5, 0x19, 0x27, 0x22,
    0x68, 0x2A, 0x68, 0x2A, 0x68, 0x22, 0xC9, 0x32, 0xEA, 0x32, 0x0A, 0x33, 0xA9, 0x2A, 0xA5, 0x11,
    0x64, 0x11, 0x64, 0x11, 0xC2, 0x08, 0x24, 0x11, 0x23, 0x09, 0x43, 0x09, 0xA5, 0x2A, 0xC5, 0x22,
    0xE5, 0x22, 0x65, 0x22, 0xE2, 0x00, 0xC2, 0x08, 0xA2, 0x08, 0x82, 0x08, 0xA2, 0x00, 0xC3, 0x11,
    0x06, 0x2B, 0x62, 0x1A, 0x04, 0x33, 0x22, 0x1A, 0x45, 0x33, 0xA5, 0x3B, 0xE3, 0x22, 0x22, 0x12,
    0x84, 0x22, 0x83, 0x1A, 0x42, 0x1A, 0xC9, 0x7C, 0x09, 0x85, 0x08, 0x54, 0x88, 0x3B, 0x87, 0x33,
    0xC8, 0x3B, 0xA6, 0x3B, 0x06, 0x4C, 0xC5, 0x4B, 0x68, 0x5C, 0xC9, 0x4B, 0x22, 0x09, 0xA2, 0x08,
    0xA1, 0x00, 0xC2, 0x08, 0xE2, 0x08, 0xC2, 0x00, 0xC2, 0x08, 0xE2, 0x08, 0xE2, 0x08, 0xE2, 0x08,
    0x83, 0x09, 0x44, 0x2A, 0xA5, 0x42, 0x03, 0x22, 0x43, 0x1A, 0x03, 0x1A, 0x25, 0x22, 0xE2, 0x08,
    0x81, 0x08, 0xA2, 0x08, 0x81, 0x00, 0x81, 0x00, 0x82, 0x00, 0x41, 0x00, 0x02, 0x09, 0x23, 0x1A,
    0x03, 0x11, 0xC2, 0x00, 0x06, 0x33, 0xAA, 0x5C, 0xC6, 0x3B, 0x64, 0x2B, 0x23, 0x23, 0xC2, 0x22,
    0x82, 0x1A, 0x83, 0x22, 0xA6, 0x33, 0x08, 0x44, 0x6A, 0x54, 0x65, 0x33, 0xCA, 0x5C, 0xC6, 0x3B,
    0x28, 0x4C, 0xE7, 0x3B, 0x03, 0x23, 0x03, 0x1A, 0x41, 0x09, 0x23, 0x1A, 0xE5, 0x32, 0x62, 0x09,
    0x43, 0x09, 0x83, 0x11, 0x82, 0x11, 0x82, 0x11, 0xA2, 0x11, 0xE3, 0x19, 0x84, 0x2A, 0x04, 0x1A,
    0x22, 0x09, 0xA2, 0x00, 0xA2, 0x00, 0xA2, 0x08, 0xE3, 0x08, 0x22, 0x09, 0xC2, 0x19, 0xC2, 0x11,
    0xE2, 0x11, 0x02, 0x12, 0x64, 0x22, 0xE5, 0x22, 0xE4, 0x22, 0xE5, 0x22, 0xC6, 0x22, 0xA6, 0x22,
    0xE4, 0x11, 0x43, 0x09, 0x64, 0x11, 0x03, 0x09, 0xC6, 0x32, 0x09, 0x4C, 0x22, 0x11, 0x21, 0x00,
    0x03, 0x11, 0x0B, 0x74, 0x6C, 0x7C, 0xE1, 0x08, 0xC2, 0x08, 0xE2, 0x08, 0xE2, 0x08, 0x22, 0x09,
    0xE5, 0x22, 0xE8, 0x43, 0xE6, 0x3B, 0x07, 0x44, 0x46, 0x3B, 0x23, 0x22, 0x42, 0x11, 0xC2, 0x00,
    0xE2, 0x08, 0x23, 0x09, 0x83, 0x11, 0xA3, 0x11, 0x03, 0x1A, 0x44, 0x22, 0x82, 0x11, 0x62, 0x11,
    0x82, 0x11, 0xA2, 0x11, 0x22, 0x09, 0xC3, 0x11, 0xEA, 0x43, 0x48, 0x33, 0xE7, 0x22, 0x2C, 0x4C,
    0x89, 0x33, 0x07, 0x1B, 0x48, 0x2B, 0xA5, 0x12, 0x4A, 0x43, 0xDF, 0xFF, 0xFF, 0xFF, 0x2F, 0x8D,
    0x8E, 0x7C, 0xFF, 0xFF, 0x5C, 0xE7, 0x06, 0x1A, 0x81, 0x00, 0x8A, 0x42, 0xFF, 0xFF, 0x9E, 0xF7,
    0x8A, 0x53, 0x69, 0x54, 0xE7, 0x43, 0xA5, 0x33, 0xC6, 0x3B, 0x44, 0x2B, 0x65, 0x33, 0xE3, 0x22,
    0x85, 0x3B, 0x65, 0x33, 0xC6, 0x3B, 0x65, 0x33, 0x68, 0x64, 0xC7, 0x74, 0xC6, 0x4A, 0x41, 0x00,
    0x81, 0x08, 0x81, 0x00, 0x23, 0x09, 0x64, 0x11, 0x84, 0x11, 0x84, 0x11, 0x84, 0x11, 0xE2, 0x08,
    0x03, 0x09, 0xE3, 0x08, 0x03, 0x11, 0x03, 0x09, 0x43, 0x09, 0x46, 0x22, 0x67, 0x22, 0x87, 0x1A,
    0x47, 0x1A, 0x06, 0x12, 0x05, 0x1A, 0xA4, 0x11, 0xA4, 0x11, 0xC4, 0x11, 0x83, 0x11, 0x83, 0x11,
    0x02, 0x09, 0x46, 0x2A, 0x89, 0x43, 0x07, 0x33, 0xAF, 0x74, 0x8E, 0x6C, 0x49, 0x43, 0xCB, 0x53,
    0x4E, 0x74, 0x02, 0x09, 0x43, 0x11, 0x03, 0x09, 0xE2, 0x08, 0xC3, 0x08, 0xA4, 0x19, 0xA6, 0x4B,
    0x82, 0x11, 0x23, 0x09, 0x84, 0x11, 0x02, 0x09, 0xC2, 0x00, 0x64, 0x11, 0x88, 0x22, 0x4B, 0x3B,
    0x8C, 0x4B, 0x0A, 0x3B, 0xA9, 0x32, 0xEA, 0x3A, 0xEA, 0x3A, 0xA9, 0x2A, 0x85, 0x09, 0xC5, 0x11,
    0x06, 0x1A, 0xA5, 0x11, 0x27, 0x22, 0x23, 0x09, 0x85, 0x19, 0xA2, 0x00, 0xE2, 0x08, 0x84, 0x19,
    0x63, 0x11, 0x63, 0x11, 0xA2, 0x00, 0x61, 0x00, 0xA2, 0x08, 0xA2, 0x08, 0x82, 0x08, 0xC2, 0x08,
    0x44, 0x1A, 0x24, 0x1A, 0x04, 0x33, 0xA2, 0x22, 0x04, 0x2B, 0xC6, 0x43, 0xE3, 0x22, 0x42, 0x1A,
    0x84, 0x22, 0x62, 0x1A, 0x62, 0x12, 0xE6, 0x53, 0x0C, 0xB6, 0x27, 0x5C, 0x05, 0x2B, 0x26, 0x2B,
    0x26, 0x2B, 0x66, 0x33, 0x46, 0x33, 0xE7, 0x4B, 0x68, 0x5C, 0x6A, 0x54, 0x86, 0x2A, 0x81, 0x00,
    0xA2, 0x08, 0xC2, 0x08, 0xC2, 0x00, 0xC2, 0x00, 0xC2, 0x08, 0xC2, 0x08, 0xA2, 0x08, 0x22, 0x09,
    0x02, 0x09, 0x63, 0x19, 0x85, 0x42, 0x07, 0x53, 0xC3, 0x21, 0xC2, 0x08, 0xE6, 0x29, 0x27, 0x32,
    0xC2, 0x08, 0xC2, 0x08, 0x65, 0x19, 0x04, 0x11, 0x82, 0x00, 0x61, 0x00, 0x24, 0x1A, 0x45, 0x2B,
    0x02, 0x09, 0xE2, 0x00, 0xA3, 0x11, 0xA8, 0x43, 0x67, 0x4C, 0xE5, 0x43, 0x23, 0x2B, 0xA2, 0x22,
    0x42, 0x1A, 0xE4, 0x2A, 0xCB, 0x5C, 0xE7, 0x3B, 0x08, 0x44, 0x49, 0x4C, 0x86, 0x33, 0xAA, 0x5C,
    0x65, 0x33, 0x69, 0x54, 0xA6, 0x3B, 0xE2, 0x11, 0x23, 0x22, 0x24, 0x22, 0x22, 0x09, 0x02, 0x09,
    0x22, 0x09, 0x42, 0x11, 0x63, 0x11, 0x82, 0x11, 0xC2, 0x11, 0x44, 0x22, 0xA3, 0x11, 0xE3, 0x08,
    0xC2, 0x00, 0xC3, 0x08, 0xA2, 0x00, 0x81, 0x00, 0x81, 0x00, 0xA3, 0x11, 0x43, 0x1A, 0x23, 0x1A,
    0x02, 0x12, 0x02, 0x12, 0x23, 0x1A, 0xA4, 0x22, 0x05, 0x23, 0x25, 0x23, 0x25, 0x23, 0x67, 0x33,
    0x68, 0x33, 0xE4, 0x11, 0x44, 0x09, 0x24, 0x09, 0x81, 0x00, 0x68, 0x43, 0x87, 0x3B, 0x23, 0x11,
    0x03, 0x09, 0x04, 0x22, 0x2A, 0x64, 0x82, 0x11, 0xE2, 0x00, 0x02, 0x09, 0xE2, 0x08, 0xC2, 0x00,
    0xA4, 0x22, 0x27, 0x44, 0xA7, 0x43, 0x23, 0x1A, 0x02, 0x09, 0xC2, 0x00, 0xC2, 0x08, 0x02, 0x09,
    0x42, 0x11, 0xA3, 0x11, 0xE3, 0x11, 0x44, 0x1A, 0x65, 0x22, 0x82, 0x09, 0x82, 0x11, 0xA2, 0x11,
    0xE2, 0x11, 0x23, 0x1A, 0x82, 0x11, 0x83, 0x09, 0xE7, 0x2A, 0xE7, 0x22, 0xEA, 0x3B, 0xCA, 0x43,
    0x69, 0x3B, 0xA9, 0x33, 0xC6, 0x22, 0x64, 0x12, 0x8B, 0x4B, 0xDF, 0xFF, 0xFF, 0xFF, 0x4D, 0x6C,
    0xA8, 0x32, 0xFF, 0xFF, 0xDE, 0xF7, 0x48, 0x32, 0x00, 0x00, 0x50, 0x7C, 0xFF, 0xFF, 0xDA, 0xD6,
    0xA8, 0x4B, 0x07, 0x4C, 0xE6, 0x43, 0xE6, 0x3B, 0x84, 0x33, 0xC5, 0x3B, 0x44, 0x2B, 0x03, 0x2B,
    0x85, 0x33, 0xA6, 0x3B, 0x85, 0x3B, 0xC6, 0x43, 0x26, 0x54, 0xA7, 0x6C, 0xE6, 0x3A, 0x24, 0x09,
    0x03, 0x09, 0xA2, 0x08, 0x41, 0x00, 0xA2, 0x00, 0x64, 0x11, 0x63, 0x09, 0xE5, 0x19, 0x63, 0x11,
    0x84, 0x11, 0x43, 0x09, 0x63, 0x11, 0x43, 0x09, 0x64, 0x11, 0x43, 0x09, 0x26, 0x1A, 0x87, 0x22,
    0x26, 0x1A, 0xE5, 0x19, 0xE5, 0x19, 0xC5, 0x11, 0x84, 0x09, 0xE5, 0x19, 0xC5, 0x19, 0x43, 0x11,
    0xC4, 0x19, 0x69, 0x43, 0x84, 0x22, 0x89, 0x4B, 0x4E, 0x6C, 0x45, 0x2A, 0x48, 0x43, 0xD0, 0x84,
    0x26, 0x2A, 0x23, 0x09, 0x23, 0x09, 0x64, 0x11, 0x23, 0x09, 0xC3, 0x08, 0x23, 0x11, 0xA3, 0x11,
    0x05, 0x22, 0xC5, 0x21, 0x02, 0x09, 0x23, 0x11, 0xE2, 0x00, 0xC5, 0x11, 0x26, 0x22, 0x06, 0x1A,
    0xA5, 0x11, 0xE6, 0x19, 0x68, 0x2A, 0xE9, 0x32, 0x6C, 0x43, 0x85, 0x11, 0xA6, 0x11, 0xE6, 0x11,
    0x06, 0x1A, 0xA5, 0x09, 0x27, 0x1A, 0x47, 0x22, 0x03, 0x09, 0xA2, 0x08, 0x82, 0x00, 0x61, 0x00,
    0xA2, 0x00, 0x81, 0x00, 0xE2, 0x00, 0x83, 0x11, 0xA1, 0x00, 0x82, 0x00, 0xA2, 0x08, 0xA1, 0x08,
    0xE2, 0x00, 0x42, 0x09, 0x83, 0x22, 0x04, 0x33, 0xC3, 0x22, 0xC6, 0x43, 0xE3, 0x22, 0x04, 0x2B,
    0x43, 0x1A, 0xA3, 0x22, 0x83, 0x22, 0xC3, 0x22, 0x67, 0x74, 0x88, 0x6C, 0x84, 0x1A, 0x26, 0x2B,
    0x67, 0x33, 0x67, 0x2B, 0xA8, 0x33, 0x87, 0x3B, 0xAB, 0x64, 0x8A, 0x54, 0xEA, 0x4B, 0x63, 0x11,
    0xA2, 0x00, 0xC2, 0x08, 0xE3, 0x08, 0xE2, 0x08, 0xC2, 0x08, 0x82, 0x00, 0x62, 0x11, 0xC4, 0x22,
    0xA2, 0x11, 0xA3, 0x11, 0xC3, 0x11, 0x83, 0x19, 0x43, 0x21, 0xA1, 0x08, 0x02, 0x11, 0xC9, 0x3A,
    0x88, 0x32, 0xA2, 0x00, 0x03, 0x11, 0xE3, 0x10, 0xA2, 0x08, 0xC2, 0x00, 0xA4, 0x22, 0x24, 0x2B,
    0x02, 0x09, 0x02, 0x09, 0x02, 0x09, 0x82, 0x09, 0x8A, 0x5C, 0x05, 0x44, 0xE2, 0x22, 0x83, 0x22,
    0x22, 0x1A, 0xE4, 0x2A, 0x08, 0x44, 0xEC, 0x64, 0x66, 0x33, 0x8A, 0x54, 0x08, 0x44, 0xC7, 0x3B,
    0xCB, 0x5C, 0xA7, 0x3B, 0x68, 0x54, 0x64, 0x22, 0x02, 0x09, 0xE1, 0x00, 0x02, 0x09, 0x02, 0x09,
    0x22, 0x09, 0x42, 0x11, 0x62, 0x09, 0xE3, 0x19, 0x65, 0x2A, 0x42, 0x09, 0xA2, 0x08, 0x03, 0x09,
    0xE3, 0x08, 0xC2, 0x08, 0xA2, 0x00, 0x82, 0x00, 0xA1, 0x00, 0x03, 0x1A, 0xA4, 0x22, 0x63, 0x1A,
    0x43, 0x1A, 0x23, 0x1A, 0x22, 0x1A, 0x43, 0x1A, 0xE4, 0x22, 0x45, 0x2B, 0x46, 0x2B, 0xA7, 0x33,
    0x09, 0x3C, 0xE4, 0x19, 0xC2, 0x08, 0xA2, 0x00, 0x20, 0x00, 0x22, 0x11, 0xCA, 0x53, 0x27, 0x3B,
    0xA1, 0x00, 0x61, 0x00, 0x22, 0x11, 0x64, 0x19, 0x03, 0x09, 0x43, 0x11, 0x23, 0x09, 0xA3, 0x11,
    0x25, 0x2B, 0x27, 0x44, 0x44, 0x22, 0xE1, 0x00, 0x03, 0x09, 0x02, 0x09, 0x42, 0x09, 0xA3, 0x11,
    0xE3, 0x19, 0x03, 0x1A, 0x64, 0x22, 0x64, 0x1A, 0x82, 0x11, 0x62, 0x11, 0xC2, 0x11, 0xC2, 0x11,
    0xE2, 0x11, 0x23, 0x1A, 0x03, 0x1A, 0xA2, 0x11, 0x85, 0x1A, 0x68, 0x33, 0x89, 0x33, 0x4E, 0x64,
    0x9D, 0xEF, 0x37, 0xAE, 0x32, 0x8D, 0xD5, 0xA5, 0x3C, 0xE7, 0xFF, 0xFF, 0x9D, 0xEF, 0x07, 0x33,
    0x65, 0x12, 0xB9, 0xC6, 0xFF, 0xFF, 0x79, 0xCE, 0xB2, 0x8C, 0x7D, 0xEF, 0xFF, 0xFF, 0xB1, 0x8C,
    0x45, 0x33, 0x88, 0x54, 0x07, 0x44, 0xC5, 0x3B, 0x06, 0x44, 0x63, 0x2B, 0x84, 0x33, 0x03, 0x2B,
    0xE6, 0x43, 0xC6, 0x3B, 0xA6, 0x3B, 0xE6, 0x43, 0x88, 0x64, 0x27, 0x5C, 0x04, 0x1A, 0x64, 0x09,
    0x64, 0x09, 0x24, 0x11, 0xE3, 0x08, 0xC2, 0x08, 0x43, 0x09, 0x06, 0x1A, 0x05, 0x1A, 0x43, 0x09,
    0xA4, 0x11, 0x63, 0x11, 0x83, 0x11, 0x63, 0x11, 0x84, 0x11, 0x43, 0x09, 0x26, 0x1A, 0xA8, 0x22,
    0x67, 0x1A, 0x88, 0x22, 0x0A, 0x3B, 0xE9, 0x3A, 0xA4, 0x11, 0xC1, 0x00, 0xC2, 0x08, 0x23, 0x11,
    0x45, 0x22, 0x65, 0x2A, 0x68, 0x53, 0x55, 0xBE, 0x8A, 0x5B, 0x07, 0x3B, 0x6C, 0x64, 0xE9, 0x4A,
    0xE2, 0x00, 0x84, 0x19, 0x84, 0x11, 0x64, 0x09, 0x23, 0x09, 0xE3, 0x08, 0xC2, 0x08, 0x03, 0x09,
    0x24, 0x22, 0x86, 0x2A, 0x83, 0x11, 0x02, 0x09, 0x03, 0x09, 0x88, 0x2A, 0x88, 0x2A, 0x87, 0x22,
    0x67, 0x22, 0x88, 0x2A, 0xE9, 0x32, 0xEA, 0x32, 0xA5, 0x11, 0xA5, 0x19, 0x85, 0x09, 0x48, 0x22,
    0xC5, 0x11, 0x89, 0x2A, 0x84, 0x09, 0x07, 0x1A, 0xE3, 0x08, 0x61, 0x00, 0x81, 0x00, 0x81, 0x00,
    0xE2, 0x08, 0xA4, 0x19, 0xC3, 0x11, 0x25, 0x1A, 0x63, 0x11, 0x62, 0x00, 0x82, 0x00, 0x81, 0x00,
    0x82, 0x00, 0x82, 0x00, 0x22, 0x09, 0x05, 0x33, 0xC1, 0x22, 0xE5, 0x43, 0x04, 0x2B, 0x24, 0x2B,
    0x42, 0x1A, 0xE4, 0x2A, 0x62, 0x1A, 0xC4, 0x22, 0x82, 0x1A, 0x65, 0x43, 0x63, 0x1A, 0x83, 0x1A,
    0xA4, 0x1A, 0x06, 0x2B, 0x67, 0x33, 0x87, 0x33, 0x87, 0x3B, 0x29, 0x44, 0xCD, 0x5C, 0xA6, 0x2A,
    0xC1, 0x00, 0x03, 0x09, 0xC2, 0x00, 0xC2, 0x08, 0xE2, 0x08, 0xC2, 0x08, 0x04, 0x1A, 0x44, 0x2B,
    0xC3, 0x22, 0xC3, 0x22, 0x04, 0x2B, 0xE4, 0x2A, 0x64, 0x1A, 0xC1, 0x08, 0x61, 0x00, 0xE2, 0x00,
    0x4A, 0x4B, 0x46, 0x2A, 0xA1, 0x00, 0x03, 0x09, 0xE3, 0x08, 0x23, 0x11, 0x83, 0x22, 0x04, 0x2B,
    0x21, 0x09, 0x42, 0x11, 0x43, 0x11, 0x02, 0x09, 0x24, 0x22, 0x64, 0x33, 0xC2, 0x1A, 0x83, 0x22,
    0x42, 0x1A, 0xE8, 0x43, 0x08, 0x44, 0x49, 0x4C, 0x8B, 0x54, 0x86, 0x33, 0x0C, 0x65, 0x46, 0x33,
    0x4A, 0x54, 0x8B, 0x5C, 0xC4, 0x2A, 0xE4, 0x19, 0x62, 0x00, 0x03, 0x11, 0x02, 0x09, 0x02, 0x09,
    0x02, 0x09, 0x82, 0x11, 0x24, 0x22, 0x04, 0x1A, 0x62, 0x11, 0x81, 0x00, 0x61, 0x00, 0xC2, 0x08,
    0xC2, 0x08, 0xA2, 0x08, 0x82, 0x00, 0x82, 0x00, 0xA1, 0x00, 0x24, 0x1A, 0xC5, 0x22, 0xA4, 0x1A,
    0x63, 0x1A, 0x43, 0x1A, 0x43, 0x1A, 0x42, 0x1A, 0x62, 0x1A, 0x04, 0x2B, 0x86, 0x2B, 0xC7, 0x33,
    0xA8, 0x33, 0xE2, 0x08, 0x81, 0x00, 0x82, 0x00, 0x61, 0x00, 0x21, 0x00, 0xE2, 0x08, 0x88, 0x43,
    0xE7, 0x42, 0x61, 0x00, 0x21, 0x00, 0x40, 0x00, 0x81, 0x00, 0xA2, 0x00, 0x44, 0x11, 0x44, 0x1A,
    0x24, 0x2B, 0x46, 0x3B, 0x22, 0x09, 0x22, 0x09, 0x42, 0x11, 0xA3, 0x11, 0xE3, 0x11, 0x23, 0x1A,
    0x64, 0x1A, 0xE6, 0x2A, 0xA5, 0x22, 0xA2, 0x11, 0xA2, 0x11, 0xA2, 0x11, 0xE2, 0x19, 0x02, 0x1A,
    0x22, 0x1A, 0x43, 0x1A, 0x63, 0x1A, 0x44, 0x22, 0xE4, 0x19, 0x07, 0x2B, 0xA5, 0x1A, 0x4E, 0x64,
    0xDF, 0xFF, 0xFF, 0xFF, 0xFF, 0xFF, 0xFF, 0xFF, 0xFF, 0xFF, 0x3B, 0xDF, 0xAB, 0x5B, 0xC2, 0x11,
    0x65, 0x1A, 0x2D, 0x54, 0x3B, 0xDF, 0xFF, 0xFF, 0xFF, 0xFF, 0xFF, 0xFF, 0xD7, 0xB5, 0x84, 0x19,
    0x69, 0x5C, 0x26, 0x4C, 0x06, 0x44, 0x27, 0x4C, 0x64, 0x33, 0xC5, 0x3B, 0x23, 0x2B, 0x64, 0x33,
    0xC5, 0x43, 0x07, 0x4C, 0xE7, 0x43, 0xA6, 0x3B, 0xEA, 0x64, 0xC7, 0x4B, 0x47, 0x1A, 0xCA, 0x2A,
    0x47, 0x22, 0xC5, 0x11, 0x44, 0x09, 0xC2, 0x08, 0xA2, 0x00, 0x03, 0x09, 0x64, 0x11, 0x26, 0x1A,
    0x26, 0x1A, 0x42, 0x09, 0xA4, 0x11, 0x83, 0x11, 0x84, 0x11, 0x83, 0x11, 0x63, 0x09, 0x26, 0x22,
    0x09, 0x33, 0xC9, 0x2A, 0x88, 0x2A, 0xA8, 0x2A, 0xE6, 0x19, 0x61, 0x00, 0x61, 0x00, 0x23, 0x11,
    0x08, 0x43, 0x4C, 0x74, 0xF2, 0xBD, 0x34, 0xBE, 0xAA, 0x53, 0x48, 0x43, 0xA7, 0x32, 0x43, 0x11,
    0x43, 0x09, 0xA5, 0x19, 0x64, 0x11, 0x64, 0x11, 0x23, 0x09, 0x03, 0x09, 0x02, 0x09, 0x63, 0x11,
    0xA2, 0x09, 0xA5, 0x22, 0xE7, 0x32, 0x22, 0x11, 0x43, 0x09, 0x46, 0x1A, 0x47, 0x22, 0x0A, 0x3B,
    0x0A, 0x3B, 0xC9, 0x32, 0x4B, 0x43, 0xEA, 0x3A, 0xC5, 0x19, 0x85, 0x11, 0x27, 0x22, 0x06, 0x1A,
    0x27, 0x1A, 0xC6, 0x19, 0x07, 0x1A, 0x23, 0x09, 0xC2, 0x08, 0x61, 0x00, 0x81, 0x00, 0x82, 0x08,
    0x81, 0x00, 0xC4, 0x11, 0xA7, 0x2A, 0x22, 0x09, 0x23, 0x11, 0x82, 0x00, 0x41, 0x00, 0x61, 0x00,
    0x62, 0x00, 0x82, 0x08, 0x41, 0x00, 0x62, 0x11, 0x24, 0x33, 0x06, 0x4C, 0xC6, 0x4B, 0xA3, 0x1A,
    0x83, 0x22, 0xA4, 0x22, 0x83, 0x1A, 0xE4, 0x2A, 0x83, 0x1A, 0xC4, 0x2A, 0xA4, 0x22, 0x05, 0x2B,
    0x63, 0x1A, 0xA4, 0x22, 0xE5, 0x22, 0x46, 0x2B, 0xC8, 0x3B, 0xE8, 0x3B, 0x8B, 0x54, 0xA9, 0x43,
    0x02, 0x01, 0xC2, 0x00, 0x23, 0x11, 0x64, 0x19, 0x23, 0x09, 0xE3, 0x08, 0x83, 0x11, 0x44, 0x33,
    0x23, 0x2B, 0x43, 0x2B, 0x64, 0x33, 0x43, 0x2B, 0x43, 0x23, 0x64, 0x22, 0xA1, 0x00, 0x61, 0x00,
    0x23, 0x11, 0xA7, 0x32, 0xA3, 0x11, 0x22, 0x09, 0x63, 0x11, 0x63, 0x11, 0x62, 0x22, 0xC3, 0x22,
    0x03, 0x1A, 0x04, 0x22, 0x42, 0x09, 0x03, 0x09, 0xE2, 0x00, 0x46, 0x3B, 0x84, 0x3B, 0x82, 0x22,
    0xC4, 0x22, 0xE8, 0x43, 0xAB, 0x54, 0xA7, 0x33, 0xEC, 0x64, 0xA7, 0x3B, 0x8A, 0x54, 0xEC, 0x64,
    0x86, 0x33, 0x87, 0x3B, 0x62, 0x09, 0x43, 0x11, 0x81, 0x00, 0x02, 0x09, 0x42, 0x09, 0x02, 0x09,
    0x63, 0x11, 0x82, 0x11, 0x83, 0x09, 0x22, 0x09, 0xC2, 0x00, 0xA2, 0x08, 0xA2, 0x00, 0x82, 0x00,
    0xA2, 0x00, 0x82, 0x00, 0x82, 0x00, 0x82, 0x00, 0x82, 0x00, 0x63, 0x09, 0x26, 0x2B, 0x46, 0x2B,
    0xA4, 0x22, 0x63, 0x1A, 0x63, 0x1A, 0x42, 0x1A, 0x42, 0x1A, 0x42, 0x1A, 0x05, 0x2B, 0xE8, 0x3B,
    0xE6, 0x2A, 0x81, 0x00, 0x82, 0x08, 0xA2, 0x00, 0x82, 0x00, 0x62, 0x00, 0x40, 0x00, 0xA1, 0x00,
    0x65, 0x2A, 0x83, 0x21, 0x21, 0x00, 0x61, 0x00, 0x61, 0x00, 0x61, 0x00, 0xA2, 0x00, 0x04, 0x1A,
    0x64, 0x22, 0xA3, 0x11, 0xE2, 0x00, 0x83, 0x11, 0xE4, 0x19, 0x44, 0x1A, 0x64, 0x1A, 0xC6, 0x22,
    0x27, 0x2B, 0xC5, 0x22, 0xC2, 0x11, 0xA2, 0x11, 0x02, 0x1A, 0x02, 0x12, 0x23, 0x1A, 0x22, 0x1A,
    0x42, 0x1A, 0xA3, 0x22, 0xE4, 0x22, 0x05, 0x22, 0x81, 0x00, 0xE4, 0x11, 0x27, 0x2B, 0xA9, 0x3B,
    0x49, 0x33, 0xAF, 0x6C, 0xAF, 0x6C, 0x11, 0x7D, 0x8E, 0x6C, 0x85, 0x2A, 0x23, 0x12, 0xC5, 0x22,
    0x64, 0x22, 0x65, 0x1A, 0xE5, 0x21, 0x0B, 0x53, 0x8D, 0x63, 0xCA, 0x42, 0xE3, 0x08, 0x43, 0x11,
    0xE7, 0x43, 0x88, 0x5C, 0x47, 0x54, 0x84, 0x3B, 0xA5, 0x3B, 0x63, 0x33, 0xA5, 0x3B, 0x64, 0x33,
    0x47, 0x54, 0x07, 0x44, 0x07, 0x4C, 0xE7, 0x43, 0x47, 0x54, 0xA7, 0x4B, 0xA5, 0x11, 0x06, 0x1A,
    0x26, 0x1A, 0x88, 0x22, 0xC6, 0x19, 0xE3, 0x08, 0xC2, 0x08, 0xA2, 0x00, 0xC2, 0x08, 0xE9, 0x32,
    0x67, 0x22, 0xC4, 0x19, 0xA4, 0x11, 0x63, 0x09, 0x83, 0x11, 0x83, 0x11, 0xA3, 0x11, 0xC4, 0x11,
    0x88, 0x2A, 0x2B, 0x3B, 0x2A, 0x43, 0xEA, 0x3A, 0xC5, 0x19, 0x61, 0x00, 0x82, 0x00, 0x84, 0x11,
    0x86, 0x32, 0xD2, 0xB5, 0xD1, 0xBD, 0x4B, 0x74, 0xA6, 0x32, 0xC4, 0x19, 0x43, 0x09, 0x84, 0x11,
    0xE5, 0x19, 0x84, 0x11, 0x43, 0x09, 0x85, 0x11, 0x24, 0x09, 0x44, 0x11, 0x62, 0x11, 0xA3, 0x11,
    0x45, 0x22, 0x45, 0x22, 0xA3, 0x11, 0x81, 0x00, 0x85, 0x11, 0xE9, 0x32, 0xC8, 0x2A, 0xC9, 0x32,
    0x0A, 0x3B, 0x6B, 0x43, 0xAD, 0x53, 0xE6, 0x19, 0xA4, 0x09, 0x47, 0x1A, 0x27, 0x22, 0x27, 0x1A,
    0x47, 0x22, 0x84, 0x09, 0xA5, 0x11, 0x03, 0x11, 0x61, 0x00, 0x61, 0x00, 0x61, 0x00, 0x61, 0x00,
    0x61, 0x00, 0xE2, 0x08, 0x63, 0x11, 0x03, 0x09, 0x44, 0x11, 0x85, 0x11, 0xE3, 0x08, 0x41, 0x00,
    0x41, 0x00, 0x41, 0x00, 0x62, 0x00, 0x41, 0x00, 0x62, 0x11, 0x85, 0x43, 0x69, 0x64, 0xC4, 0x22,
    0x26, 0x33, 0x84, 0x22, 0x05, 0x2B, 0xA3, 0x22, 0xC4, 0x22, 0xE5, 0x2A, 0xE4, 0x22, 0x45, 0x33,
    0x83, 0x22, 0x05, 0x2B, 0x42, 0x1A, 0x84, 0x1A, 0xE5, 0x22, 0x26, 0x2B, 0xC8, 0x3B, 0x8B, 0x54,
    0xE5, 0x19, 0x03, 0x09, 0x44, 0x11, 0x03, 0x11, 0x23, 0x09, 0x23, 0x11, 0x02, 0x09, 0xE3, 0x2A,
    0xA4, 0x3B, 0x43, 0x2B, 0x64, 0x33, 0x43, 0x2B, 0x04, 0x2B, 0x44, 0x2B, 0xE3, 0x19, 0x61, 0x00,
    0x82, 0x08, 0x82, 0x11, 0x44, 0x22, 0xE3, 0x19, 0xA3, 0x11, 0x82, 0x11, 0x04, 0x33, 0x63, 0x22,
    0x43, 0x22, 0xA3, 0x19, 0xE1, 0x00, 0x03, 0x09, 0x43, 0x11, 0x84, 0x22, 0xC3, 0x2A, 0x62, 0x1A,
    0x46, 0x2B, 0x28, 0x44, 0x08, 0x44, 0x49, 0x4C, 0x49, 0x4C, 0xEC, 0x64, 0xA7, 0x3B, 0x0C, 0x6D,
    0x87, 0x3B, 0x82, 0x09, 0xA2, 0x00, 0xA2, 0x00, 0xA2, 0x00, 0x02, 0x09, 0x03, 0x1A, 0x62, 0x11,
    0x01, 0x09, 0xE5, 0x32, 0xA2, 0x19, 0xE2, 0x08, 0x43, 0x11, 0x23, 0x09, 0xE2, 0x08, 0xC2, 0x08,
    0xA2, 0x08, 0x81, 0x00, 0x82, 0x00, 0x82, 0x00, 0x82, 0x00, 0x82, 0x00, 0x43, 0x11, 0x07, 0x33,
    0x66, 0x33, 0x46, 0x33, 0x65, 0x33, 0x24, 0x2B, 0xA3, 0x22, 0x82, 0x22, 0x62, 0x1A, 0xA6, 0x3B,
    0x04, 0x1A, 0x61, 0x00, 0x82, 0x00, 0x82, 0x08, 0xA2, 0x00, 0x82, 0x00, 0x61, 0x00, 0x40, 0x00,
    0x61, 0x00, 0x43, 0x19, 0x41, 0x00, 0x62, 0x00, 0x82, 0x08, 0x42, 0x00, 0x84, 0x19, 0x25, 0x2A,
    0xA1, 0x08, 0xA2, 0x00, 0x42, 0x09, 0x65, 0x1A, 0xA5, 0x22, 0x06, 0x23, 0x67, 0x2B, 0xC9, 0x33,
    0xE6, 0x22, 0xC2, 0x09, 0xC2, 0x19, 0x02, 0x1A, 0x42, 0x1A, 0x41, 0x1A, 0x63, 0x22, 0x83, 0x22,
    0xA3, 0x22, 0x25, 0x33, 0x85, 0x22, 0xC2, 0x00, 0x61, 0x00, 0x22, 0x09, 0xE6, 0x2A, 0x06, 0x23,
    0x47, 0x23, 0x27, 0x23, 0x64, 0x12, 0x89, 0x33, 0x06, 0x23, 0xC2, 0x09, 0x64, 0x1A, 0xE5, 0x22,
    0x47, 0x33, 0x83, 0x09, 0xE3, 0x00, 0xE3, 0x00, 0xA2, 0x00, 0xA1, 0x00, 0x64, 0x11, 0x64, 0x09,
    0x87, 0x43, 0x88, 0x5C, 0xE6, 0x4B, 0x06, 0x4C, 0x84, 0x33, 0x06, 0x4C, 0x42, 0x2B, 0xC4, 0x43,
    0x47, 0x54, 0x07, 0x4C, 0x48, 0x54, 0xE7, 0x43, 0x28, 0x4C, 0x48, 0x33, 0x47, 0x1A, 0x68, 0x22,
    0x06, 0x1A, 0xC5, 0x11, 0x47, 0x1A, 0x06, 0x1A, 0x03, 0x09, 0xE2, 0x08, 0x81, 0x00, 0xC2, 0x00,
    0x03, 0x09, 0x84, 0x11, 0x83, 0x11, 0x05, 0x1A, 0xA3, 0x11, 0x83, 0x11, 0xC4, 0x11, 0x83, 0x11,
    0xA4, 0x11, 0x0A, 0x3B, 0xEA, 0x3A, 0xC9, 0x3A, 0x44, 0x11, 0x41, 0x00, 0xC2, 0x00, 0x63, 0x09,
    0xE7, 0x3A, 0x0B, 0x7C, 0xEA, 0x73, 0x66, 0x32, 0x22, 0x09, 0x63, 0x09, 0xE5, 0x19, 0xE5, 0x11,
    0xA5, 0x11, 0x64, 0x11, 0x43, 0x09, 0x84, 0x11, 0x43, 0x09, 0x83, 0x11, 0xC3, 0x11, 0x24, 0x1A,
    0x42, 0x09, 0x02, 0x09, 0x03, 0x09, 0xA2, 0x00, 0x23, 0x09, 0xA8, 0x32, 0x2B, 0x3B, 0x8C, 0x4B,
    0x4B, 0x43, 0x6C, 0x4B, 0xEA, 0x32, 0x06, 0x1A, 0x06, 0x1A, 0x67, 0x1A, 0xE6, 0x19, 0xE9, 0x22,
    0xC5, 0x11, 0x06, 0x1A, 0x23, 0x09, 0xC3, 0x08, 0x61, 0x00, 0x62, 0x00, 0x61, 0x00, 0x62, 0x08,
    0x82, 0x00, 0xA2, 0x00, 0x03, 0x09, 0x23, 0x09, 0x27, 0x1A, 0x07, 0x1A, 0xE6, 0x19, 0x24, 0x09,
    0x03, 0x09, 0xC4, 0x21, 0xC2, 0x00, 0xC3, 0x08, 0x61, 0x00, 0x26, 0x3B, 0x47, 0x3B, 0xE4, 0x11,
    0x06, 0x33, 0x84, 0x1A, 0xA7, 0x43, 0x83, 0x1A, 0x46, 0x33, 0xE4, 0x22, 0x04, 0x23, 0x05, 0x2B,
    0xA3, 0x22, 0xA6, 0x3B, 0xC4, 0x22, 0xE5, 0x2A, 0x02, 0x12, 0x23, 0x1A, 0xC4, 0x22, 0x09, 0x4C,
    0xE7, 0x32, 0xA2, 0x00, 0xA2, 0x00, 0xA1, 0x00, 0xA1, 0x00, 0x23, 0x11, 0x02, 0x09, 0xA2, 0x11,
    0x44, 0x33, 0x43, 0x2B, 0x23, 0x2B, 0x43, 0x2B, 0x44, 0x2B, 0x23, 0x2B, 0xA3, 0x22, 0xA2, 0x08,
    0x61, 0x00, 0x22, 0x09, 0x23, 0x1A, 0x43, 0x22, 0xC2, 0x11, 0x82, 0x09, 0xA3, 0x2A, 0x22, 0x1A,
    0x02, 0x1A, 0x82, 0x11, 0xA4, 0x19, 0x63, 0x11, 0x82, 0x11, 0x84, 0x1A, 0xE4, 0x22, 0x87, 0x3B,
    0x25, 0x2B, 0x08, 0x44, 0xC8, 0x3B, 0xAB, 0x5C, 0xA7, 0x3B, 0xEB, 0x5C, 0xE8, 0x43, 0xE6, 0x32,
    0x62, 0x09, 0xE2, 0x08, 0xC3, 0x08, 0xA2, 0x00, 0xC2, 0x08, 0x43, 0x11, 0x64, 0x22, 0x03, 0x1A,
    0x01, 0x09, 0x64, 0x2A, 0x67, 0x43, 0xC3, 0x19, 0x63, 0x11, 0x43, 0x09, 0x22, 0x09, 0x23, 0x09,
    0xE2, 0x08, 0xC2, 0x08, 0xA2, 0x00, 0x82, 0x00, 0x82, 0x00, 0x82, 0x00, 0x61, 0x00, 0xE2, 0x08,
    0x45, 0x2A, 0x85, 0x32, 0x84, 0x22, 0xE5, 0x2A, 0x86, 0x3B, 0x85, 0x33, 0x65, 0x33, 0x64, 0x2B,
    0x44, 0x1A, 0x62, 0x09, 0xC2, 0x00, 0x61, 0x00, 0x82, 0x00, 0xA2, 0x08, 0x82, 0x08, 0x61, 0x00,
    0x61, 0x00, 0x61, 0x00, 0x62, 0x00, 0x62, 0x00, 0x61, 0x00, 0x41, 0x00, 0x23, 0x11, 0x81, 0x08,
    0x41, 0x00, 0x23, 0x09, 0xC6, 0x2A, 0x26, 0x2B, 0x68, 0x33, 0x88, 0x33, 0xC8, 0x33, 0x26, 0x2B,
    0x02, 0x12, 0x02, 0x1A, 0x22, 0x1A, 0x42, 0x1A, 0x82, 0x1A, 0x81, 0x1A, 0xA3, 0x22, 0x04, 0x2B,
    0x66, 0x3B, 0x03, 0x1A, 0xA2, 0x08, 0x61, 0x00, 0x81, 0x00, 0x81, 0x00, 0xA3, 0x09, 0xE6, 0x22,
    0x68, 0x33, 0xC6, 0x22, 0x07, 0x2B, 0x07, 0x23, 0x27, 0x2B, 0x44, 0x22, 0x44, 0x1A, 0xC5, 0x22,
    0xC7, 0x2A, 0x43, 0x09, 0x24, 0x09, 0x44, 0x11, 0xA5, 0x19, 0x44, 0x09, 0x24, 0x09, 0xA5, 0x11,
    0x26, 0x33, 0xA9, 0x5C, 0x47, 0x54, 0xA4, 0x3B, 0x46, 0x4C, 0x84, 0x3B, 0x83, 0x33, 0x25, 0x4C,
    0x66, 0x5C, 0x26, 0x54, 0x47, 0x54, 0x48, 0x54, 0x29, 0x4C, 0x66, 0x22, 0xC4, 0x11, 0x06, 0x1A,
    0xA8, 0x2A, 0xC9, 0x2A, 0x26, 0x1A, 0xE5, 0x19, 0x22, 0x09, 0x43, 0x11, 0x03, 0x09, 0xC3, 0x08,
    0xA2, 0x08, 0x81, 0x00, 0xC2, 0x08, 0x84, 0x11, 0x05, 0x22, 0x05, 0x1A, 0xE5, 0x11, 0x83, 0x09,
    0x22, 0x09, 0x06, 0x1A, 0x4B, 0x43, 0xEA, 0x32, 0x44, 0x09, 0x21, 0x00, 0xE3, 0x08, 0x06, 0x22,
    0x69, 0x4B, 0x4C, 0x74, 0xE7, 0x4A, 0x42, 0x09, 0x84, 0x09, 0xC5, 0x11, 0x06, 0x1A, 0xA4, 0x11,
    0x64, 0x11, 0x64, 0x11, 0x43, 0x09, 0xC5, 0x11, 0xE3, 0x11, 0x24, 0x1A, 0x86, 0x2A, 0x02, 0x09,
    0x40, 0x00, 0x61, 0x00, 0xC3, 0x08, 0xA2, 0x00, 0x23, 0x09, 0xE9, 0x32, 0x8C, 0x43, 0xAD, 0x4B,
    0x6C, 0x4B, 0xCD, 0x53, 0x47, 0x2A, 0x06, 0x1A, 0x09, 0x33, 0xE9, 0x2A, 0xA9, 0x2A, 0xA8, 0x22,
    0x27, 0x1A, 0xE5, 0x19, 0x64, 0x11, 0x61, 0x00, 0x61, 0x00, 0x82, 0x00, 0x82, 0x08, 0x82, 0x08,
    0x81, 0x08, 0xE2, 0x08, 0x03, 0x09, 0x64, 0x11, 0xA5, 0x11, 0x64, 0x09, 0xA5, 0x11, 0x07, 0x1A,
    0x05, 0x1A, 0x4C, 0x6C, 0xE5, 0x21, 0xE3, 0x08, 0x03, 0x09, 0xE7, 0x3A, 0x46, 0x22, 0xA6, 0x11,
    0xC4, 0x11, 0xE3, 0x11, 0x47, 0x33, 0xA4, 0x22, 0xC7, 0x43, 0x05, 0x2B, 0x46, 0x33, 0x05, 0x23,
    0xE4, 0x2A, 0x45, 0x33, 0x04, 0x2B, 0xC7, 0x43, 0xE4, 0x2A, 0xC4, 0x2A, 0x02, 0x12, 0x02, 0x12,
    0x07, 0x33, 0xA4, 0x19, 0x61, 0x00, 0xA2, 0x00, 0xC2, 0x08, 0x02, 0x09, 0x23, 0x11, 0xE2, 0x00,
    0x03, 0x1A, 0x43, 0x2B, 0x62, 0x2B, 0xC3, 0x3B, 0x83, 0x33, 0x23, 0x2B, 0xE4, 0x2A, 0xC2, 0x08,
    0x21, 0x00, 0xA1, 0x00, 0xE3, 0x19, 0xC3, 0x11, 0xE3, 0x32, 0x42, 0x3B, 0x44, 0x3B, 0x23, 0x33,
    0xC3, 0x11, 0xC4, 0x19, 0x63, 0x11, 0x02, 0x09, 0x03, 0x1A, 0xC4, 0x22, 0xA3, 0x1A, 0xE8, 0x43,
    0xC7, 0x3B, 0xE7, 0x3B, 0x08, 0x44, 0x49, 0x4C, 0xA6, 0x3B, 0xA4, 0x22, 0x04, 0x1A, 0x02, 0x09,
    0xE2, 0x08, 0x03, 0x09, 0xE2, 0x08, 0xC2, 0x00, 0xC2, 0x08, 0x63, 0x11, 0x63, 0x1A, 0x63, 0x1A,
    0x83, 0x11, 0x82, 0x09, 0x47, 0x3B, 0xC5, 0x2A, 0x83, 0x09, 0x63, 0x11, 0x83, 0x11, 0x83, 0x11,
    0x22, 0x09, 0xE2, 0x08, 0xA2, 0x00, 0xA2, 0x08, 0xA2, 0x08, 0xA2, 0x08, 0xC2, 0x00, 0x61, 0x00,
    0xE6, 0x39, 0x67, 0x42, 0x65, 0x32, 0x82, 0x19, 0x41, 0x09, 0x23, 0x1A, 0x26, 0x33, 0x8A, 0x54,
    0x85, 0x22, 0xA3, 0x11, 0x45, 0x22, 0x04, 0x1A, 0xE2, 0x08, 0x81, 0x00, 0xC2, 0x08, 0xA2, 0x08,
    0x61, 0x00, 0x62, 0x00, 0x62, 0x00, 0x62, 0x00, 0x62, 0x00, 0x62, 0x00, 0x21, 0x00, 0x61, 0x00,
    0x61, 0x00, 0xA7, 0x2A, 0x09, 0x44, 0xC9, 0x3B, 0xE9, 0x3B, 0xE8, 0x3B, 0x46, 0x2B, 0x22, 0x12,
    0x21, 0x1A, 0x41, 0x1A, 0x61, 0x22, 0x81, 0x1A, 0xE3, 0x22, 0xE2, 0x22, 0x46, 0x3B, 0x45, 0x2A,
    0x42, 0x11, 0x81, 0x00, 0x62, 0x08, 0x82, 0x08, 0x82, 0x00, 0x61, 0x08, 0xA1, 0x08, 0x66, 0x22,
    0xC6, 0x22, 0xC6, 0x22, 0xE6, 0x22, 0x27, 0x2B, 0xAA, 0x43, 0xC2, 0x11, 0xC6, 0x2A, 0x67, 0x33,
    0x23, 0x09, 0xE4, 0x08, 0x44, 0x11, 0x03, 0x09, 0x65, 0x11, 0xC6, 0x19, 0x23, 0x09, 0x63, 0x09,
    0x05, 0x1A, 0xE7, 0x4B, 0x06, 0x4C, 0x67, 0x54, 0xC4, 0x3B, 0x25, 0x4C, 0x62, 0x2B, 0xE4, 0x43,
    0xC7, 0x64, 0x46, 0x54, 0x88, 0x5C, 0xC9, 0x5C, 0xE9, 0x4B, 0x46, 0x1A, 0x67, 0x22, 0xA8, 0x22,
    0x47, 0x22, 0x67, 0x1A, 0xA9, 0x2A, 0x43, 0x09, 0x22, 0x09, 0x43, 0x09, 0xA5, 0x11, 0x03, 0x09,
    0x24, 0x11, 0xC2, 0x08, 0xA2, 0x08, 0xA2, 0x00, 0xC2, 0x00, 0xA5, 0x21, 0x68, 0x2A, 0x88, 0x22,
    0x67, 0x22, 0x43, 0x09, 0x47, 0x22, 0x2B, 0x3B, 0x65, 0x11, 0x41, 0x00, 0x84, 0x11, 0x46, 0x1A,
    0x29, 0x43, 0xA7, 0x32, 0x63, 0x09, 0x05, 0x1A, 0x67, 0x22, 0xE5, 0x11, 0xC4, 0x11, 0x84, 0x11,
    0x64, 0x11, 0x43, 0x11, 0x83, 0x11, 0x64, 0x22, 0x43, 0x1A, 0xC6, 0x2A, 0x02, 0x09, 0x40, 0x00,
    0x62, 0x00, 0x62, 0x00, 0x82, 0x00, 0xE3, 0x08, 0xE2, 0x00, 0x0A, 0x3B, 0xEE, 0x53, 0xAD, 0x4B,
    0xEE, 0x53, 0x4B, 0x43, 0x2A, 0x3B, 0xE9, 0x32, 0x8C, 0x43, 0x4B, 0x3B, 0xCC, 0x4B, 0x27, 0x22,
    0xA9, 0x2A, 0xA5, 0x11, 0x03, 0x11, 0x41, 0x00, 0x61, 0x00, 0x81, 0x00, 0x82, 0x00, 0xA2, 0x00,
    0x23, 0x11, 0x23, 0x11, 0x03, 0x09, 0x23, 0x09, 0x03, 0x09, 0x03, 0x11, 0x23, 0x09, 0x24, 0x09,
    0xE3, 0x00, 0x83, 0x19, 0xA5, 0x19, 0xA2, 0x00, 0x82, 0x08, 0x03, 0x09, 0x27, 0x1A, 0xC7, 0x11,
    0x64, 0x11, 0x43, 0x09, 0xA4, 0x11, 0xE4, 0x19, 0x85, 0x22, 0xE5, 0x2A, 0x87, 0x33, 0x25, 0x2B,
    0x66, 0x33, 0x67, 0x33, 0xA7, 0x3B, 0xA7, 0x3B, 0x66, 0x33, 0x87, 0x3B, 0x47, 0x33, 0x05, 0x2B,
    0xE5, 0x22, 0x65, 0x22, 0xE2, 0x00, 0xC3, 0x08, 0xC3, 0x08, 0xC2, 0x08, 0x23, 0x11, 0x43, 0x11,
    0xE2, 0x00, 0x63, 0x22, 0x42, 0x2B, 0xA3, 0x33, 0xC3, 0x3B, 0x43, 0x2B, 0x04, 0x2B, 0xA2, 0x08,
    0x21, 0x00, 0x41, 0x00, 0x83, 0x19, 0x81, 0x11, 0x62, 0x22, 0x24, 0x54, 0xC3, 0x43, 0xE3, 0x43,
    0xE2, 0x08, 0xE3, 0x08, 0x81, 0x00, 0xA3, 0x11, 0xA3, 0x22, 0xE3, 0x22, 0x25, 0x2B, 0x04, 0x23,
    0xC7, 0x3B, 0x08, 0x44, 0x28, 0x44, 0x67, 0x3B, 0x23, 0x1A, 0x01, 0x01, 0xE2, 0x08, 0x02, 0x09,
    0x23, 0x09, 0x43, 0x09, 0xE2, 0x08, 0xC2, 0x00, 0x23, 0x09, 0x42, 0x09, 0x63, 0x22, 0xC3, 0x22,
    0x24, 0x1A, 0xA3, 0x11, 0xA5, 0x32, 0xA8, 0x4B, 0xC3, 0x11, 0x43, 0x09, 0xE3, 0x11, 0xC3, 0x11,
    0x42, 0x09, 0x02, 0x09, 0xC2, 0x08, 0x82, 0x00, 0x82, 0x08, 0xA2, 0x08, 0xA2, 0x08, 0x61, 0x00,
    0x28, 0x3A, 0x2D, 0x74, 0x07, 0x4B, 0xAB, 0x6B, 0xE1, 0x08, 0x22, 0x09, 0x41, 0x09, 0xC5, 0x2A,
    0x64, 0x22, 0xA2, 0x11, 0x23, 0x12, 0xC5, 0x22, 0xE6, 0x2A, 0xA3, 0x11, 0xA1, 0x00, 0xA2, 0x08,
    0x82, 0x00, 0x41, 0x00, 0x61, 0x00, 0x62, 0x00, 0x62, 0x00, 0x61, 0x00, 0x61, 0x00, 0xA2, 0x00,
    0xE2, 0x00, 0x48, 0x33, 0x2A, 0x44, 0x2A, 0x44, 0x29, 0x44, 0x65, 0x33, 0x41, 0x12, 0x42, 0x1A,
    0x82, 0x22, 0x81, 0x1A, 0x43, 0x33, 0x22, 0x33, 0xC5, 0x43, 0x86, 0x43, 0x45, 0x2A, 0x61, 0x00,
    0x62, 0x00, 0x82, 0x08, 0x81, 0x00, 0x81, 0x00, 0x81, 0x00, 0x82, 0x08, 0x82, 0x08, 0xC2, 0x00,
    0x04, 0x1A, 0x65, 0x1A, 0x85, 0x1A, 0x85, 0x1A, 0xE7, 0x2A, 0x64, 0x1A, 0x64, 0x1A, 0x66, 0x22,
    0x03, 0x09, 0xE3, 0x08, 0x24, 0x09, 0x64, 0x11, 0x44, 0x09, 0xA5, 0x11, 0x85, 0x11, 0x64, 0x09,
    0xE3, 0x08, 0xE4, 0x21, 0x48, 0x5C, 0x26, 0x4C, 0x66, 0x54, 0xE4, 0x43, 0xC3, 0x3B, 0x25, 0x4C,
    0x87, 0x64, 0x87, 0x5C, 0x88, 0x5C, 0xCA, 0x64, 0x06, 0x2B, 0x06, 0x12, 0x26, 0x1A, 0x67, 0x22,
    0xC9, 0x2A, 0x09, 0x2B, 0xE9, 0x32, 0x43, 0x09, 0x43, 0x11, 0x63, 0x09, 0x26, 0x1A, 0x06, 0x1A,
    0x63, 0x11, 0x43, 0x11, 0xE2, 0x08, 0xE3, 0x08, 0x82, 0x00, 0x61, 0x00, 0xC2, 0x08, 0x48, 0x2A,
    0x2A, 0x3B, 0xA9, 0x32, 0x26, 0x22, 0xEA, 0x32, 0xA5, 0x19, 0x61, 0x00, 0xE5, 0x19, 0x05, 0x12,
    0xA4, 0x11, 0xE5, 0x11, 0x67, 0x1A, 0x26, 0x1A, 0x46, 0x1A, 0xC5, 0x11, 0xA4, 0x11, 0x84, 0x11,
    0x24, 0x09, 0x84, 0x11, 0x44, 0x1A, 0xE5, 0x2A, 0x27, 0x33, 0x02, 0x09, 0x41, 0x00, 0xA2, 0x00,
    0xA2, 0x00, 0xA2, 0x08, 0xA2, 0x00, 0xC2, 0x00, 0xA2, 0x00, 0x89, 0x32, 0x0E, 0x54, 0xAD, 0x4B,
    0xCD, 0x53, 0xE9, 0x32, 0x8B, 0x43, 0x0E, 0x54, 0x0E, 0x5C, 0xEE, 0x53, 0xAC, 0x43, 0x26, 0x1A,
    0x88, 0x2A, 0x44, 0x11, 0x81, 0x00, 0x81, 0x00, 0x81, 0x08, 0x81, 0x08, 0x03, 0x09, 0x63, 0x11,
    0x23, 0x11, 0x03, 0x09, 0xE3, 0x08, 0xE3, 0x08, 0x03, 0x09, 0x03, 0x09, 0x84, 0x19, 0x43, 0x11,
    0xC5, 0x21, 0x66, 0x32, 0x29, 0x4B, 0xA5, 0x21, 0x61, 0x00, 0x21, 0x00, 0x24, 0x09, 0x48, 0x22,
    0x63, 0x09, 0x23, 0x09, 0x23, 0x09, 0x63, 0x09, 0x83, 0x09, 0xC3, 0x11, 0x82, 0x09, 0x03, 0x12,
    0x26, 0x33, 0x46, 0x33, 0x09, 0x4C, 0x66, 0x33, 0x67, 0x3B, 0x67, 0x33, 0x87, 0x33, 0x46, 0x2B,
    0x46, 0x2B, 0xE5, 0x2A, 0xE4, 0x19, 0x03, 0x09, 0xE3, 0x08, 0x03, 0x09, 0x03, 0x09, 0x43, 0x11,
    0x03, 0x09, 0x21, 0x09, 0xA3, 0x2A, 0x42, 0x2B, 0xA4, 0x3B, 0x42, 0x2B, 0x22, 0x1A, 0x41, 0x00,
    0x21, 0x00, 0x61, 0x00, 0xE2, 0x08, 0x82, 0x11, 0x82, 0x11, 0x64, 0x43, 0xE3, 0x43, 0x62, 0x33,
    0x61, 0x00, 0x62, 0x00, 0x01, 0x09, 0x64, 0x22, 0xA3, 0x22, 0x63, 0x1A, 0xA4, 0x22, 0x83, 0x1A,
    0x66, 0x33, 0xE5, 0x2A, 0x04, 0x1A, 0x63, 0x11, 0xE2, 0x08, 0x03, 0x09, 0x22, 0x09, 0x22, 0x09,
    0x42, 0x11, 0x83, 0x11, 0xE4, 0x19, 0x63, 0x11, 0x43, 0x11, 0x22, 0x09, 0x64, 0x2A, 0xC3, 0x22,
    0x43, 0x1A, 0xC3, 0x11, 0x04, 0x1A, 0xC5, 0x2A, 0x24, 0x1A, 0xE4, 0x11, 0x85, 0x22, 0xC4, 0x19,
    0x83, 0x11, 0x22, 0x11, 0xC2, 0x08, 0xA2, 0x00, 0xA2, 0x00, 0xA2, 0x08, 0xC2, 0x08, 0x41, 0x00,
    0x28, 0x3A, 0x8D, 0x7C, 0xE2, 0x21, 0x2A, 0x5B, 0xE9, 0x4A, 0x01, 0x09, 0x82, 0x11, 0x61, 0x09,
    0xC2, 0x11, 0xE3, 0x19, 0x03, 0x1A, 0x63, 0x1A, 0xC4, 0x22, 0x67, 0x3B, 0x85, 0x22, 0xA2, 0x00,
    0x62, 0x08, 0x61, 0x00, 0xA2, 0x00, 0x23, 0x09, 0x22, 0x09, 0x63, 0x09, 0xC4, 0x11, 0x05, 0x1A,
    0x04, 0x12, 0x88, 0x33, 0x6A, 0x4C, 0x8C, 0x54, 0xA7, 0x33, 0xE2, 0x22, 0xE2, 0x22, 0x42, 0x33,
    0x83, 0x33, 0x84, 0x3B, 0xE6, 0x4B, 0x46, 0x43, 0x44, 0x22, 0x42, 0x09, 0x02, 0x09, 0xC3, 0x08,
    0xA2, 0x00, 0xA2, 0x00, 0xA2, 0x08, 0x82, 0x08, 0x82, 0x08, 0x82, 0x00, 0x82, 0x00, 0x81, 0x00,
    0xE2, 0x08, 0x63, 0x11, 0x04, 0x1A, 0xC2, 0x11, 0x65, 0x22, 0x85, 0x22, 0xE6, 0x2A, 0x63, 0x09,
    0xE3, 0x08, 0x24, 0x11, 0x23, 0x09, 0x84, 0x11, 0x64, 0x11, 0x43, 0x09, 0xC5, 0x11, 0x85, 0x11,
    0x23, 0x09, 0x03, 0x09, 0xE6, 0x32, 0xE9, 0x64, 0x25, 0x4C, 0x05, 0x44, 0x63, 0x33, 0xC4, 0x43,
    0xC7, 0x64, 0xA7, 0x5C, 0xC8, 0x64, 0x09, 0x4C, 0xA3, 0x09, 0x26, 0x1A, 0xC8, 0x2A, 0xE9, 0x2A,
    0xE9, 0x2A, 0xE9, 0x32, 0x63, 0x11, 0x22, 0x09, 0x84, 0x11, 0x26, 0x22, 0x26, 0x1A, 0x09, 0x33,
    0xA4, 0x09, 0xC5, 0x19, 0x23, 0x09, 0x02, 0x09, 0x82, 0x00, 0x61, 0x00, 0x61, 0x00, 0x20, 0x00,
    0x81, 0x00, 0x04, 0x11, 0x85, 0x19, 0x48, 0x2A, 0xC7, 0x21, 0x03, 0x09, 0xE5, 0x19, 0xE5, 0x09,
    0x66, 0x22, 0xA8, 0x22, 0x87, 0x1A, 0x66, 0x1A, 0x26, 0x1A, 0xE5, 0x19, 0xA4, 0x11, 0x63, 0x11,
    0xA3, 0x11, 0x06, 0x33, 0x66, 0x3B, 0x26, 0x3B, 0x42, 0x09, 0x81, 0x00, 0xC2, 0x08, 0xC2, 0x08,
    0xA2, 0x08, 0xA2, 0x08, 0xA2, 0x00, 0xA2, 0x08, 0x81, 0x00, 0x48, 0x2A, 0xCD, 0x4B, 0xCD, 0x53,
    0x4B, 0x3B, 0x2F, 0x5C, 0xCD, 0x4B, 0x2F, 0x5C, 0xEE, 0x53, 0x0E, 0x54, 0x88, 0x2A, 0x27, 0x22,
    0x23, 0x09, 0x81, 0x00, 0x81, 0x00, 0x81, 0x00, 0x61, 0x00, 0x23, 0x11, 0x84, 0x11, 0x62, 0x09,
    0xA3, 0x19, 0x23, 0x11, 0xC2, 0x08, 0xC2, 0x08, 0xC3, 0x08, 0xC2, 0x08, 0xE2, 0x08, 0x03, 0x11,
    0x42, 0x11, 0xA3, 0x19, 0x05, 0x2A, 0xA4, 0x21, 0xE3, 0x00, 0xC2, 0x08, 0x61, 0x00, 0x03, 0x09,
    0x06, 0x1A, 0x43, 0x09, 0x43, 0x09, 0x42, 0x09, 0x62, 0x11, 0x83, 0x11, 0x02, 0x09, 0x01, 0x09,
    0xA3, 0x11, 0xA3, 0x11, 0xC3, 0x11, 0xE4, 0x19, 0x42, 0x09, 0x63, 0x11, 0x84, 0x11, 0x83, 0x11,
    0xC4, 0x19, 0x43, 0x09, 0xE3, 0x08, 0xE3, 0x08, 0xE3, 0x08, 0x03, 0x09, 0x03, 0x09, 0xE2, 0x08,
    0x23, 0x09, 0x22, 0x09, 0x41, 0x09, 0xA2, 0x22, 0x01, 0x2B, 0xE3, 0x2A, 0x21, 0x09, 0x00, 0x00,
    0x42, 0x08, 0xA2, 0x00, 0xA2, 0x00, 0x22, 0x09, 0x42, 0x09, 0x02, 0x1A, 0xC4, 0x4B, 0xE3, 0x43,
    0x62, 0x00, 0xA2, 0x08, 0x23, 0x22, 0x22, 0x1A, 0xE3, 0x19, 0xA3, 0x11, 0x63, 0x11, 0x63, 0x09,
    0xC4, 0x11, 0x83, 0x11, 0xE2, 0x08, 0x02, 0x09, 0x02, 0x09, 0x23, 0x09, 0x22, 0x09, 0x43, 0x11,
    0x83, 0x11, 0xA2, 0x11, 0xA6, 0x22, 0xC3, 0x11, 0x22, 0x09, 0x02, 0x09, 0x24, 0x22, 0x05, 0x33,
    0xA4, 0x22, 0x03, 0x1A, 0xE4, 0x11, 0x24, 0x1A, 0xE3, 0x11, 0xE3, 0x09, 0x85, 0x22, 0x04, 0x1A,
    0xA3, 0x11, 0x63, 0x11, 0x02, 0x09, 0xA2, 0x08, 0xC2, 0x08, 0xA2, 0x00, 0xC2, 0x08, 0x81, 0x00,
    0x85, 0x21, 0x6C, 0x74, 0xC5, 0x32, 0xE1, 0x08, 0x8B, 0x63, 0xE3, 0x21, 0xA2, 0x11, 0xC2, 0x11,
    0xC2, 0x11, 0xE3, 0x11, 0x43, 0x1A, 0x83, 0x22, 0x84, 0x22, 0xC4, 0x22, 0x85, 0x33, 0xA3, 0x19,
    0x82, 0x00, 0x02, 0x09, 0xA3, 0x11, 0x85, 0x22, 0x84, 0x22, 0x64, 0x1A, 0xC6, 0x2A, 0xA5, 0x2A,
    0x64, 0x22, 0x47, 0x3B, 0xCC, 0x64, 0x0A, 0x4C, 0x46, 0x33, 0xE3, 0x32, 0x45, 0x43, 0xE4, 0x32,
    0x63, 0x22, 0x04, 0x22, 0x63, 0x11, 0x22, 0x09, 0xE2, 0x08, 0xE2, 0x08, 0x24, 0x11, 0x03, 0x09,
    0x03, 0x09, 0xC2, 0x00, 0xC2, 0x00, 0xC2, 0x08, 0xC2, 0x08, 0xA2, 0x08, 0xA2, 0x08, 0x81, 0x00,
    0x61, 0x00, 0xA2, 0x08, 0x02, 0x09, 0x82, 0x11, 0xA3, 0x11, 0xE3, 0x19, 0x03, 0x1A, 0x22, 0x09,
    0xE3, 0x08, 0x23, 0x09, 0x03, 0x09, 0x23, 0x09, 0x85, 0x11, 0x44, 0x09, 0x03, 0x09, 0xE2, 0x00,
    0x03, 0x11, 0xE3, 0x08, 0xC4, 0x11, 0x07, 0x4C, 0x46, 0x54, 0x05, 0x44, 0xC4, 0x3B, 0x05, 0x44,
    0x66, 0x5C, 0xA7, 0x64, 0x48, 0x54, 0xA6, 0x22, 0xE5, 0x11, 0xE5, 0x11, 0xE5, 0x11, 0x26, 0x1A,
    0x47, 0x1A, 0x26, 0x1A, 0xA4, 0x11, 0xC4, 0x19, 0x05, 0x1A, 0x66, 0x22, 0x45, 0x1A, 0x09, 0x2B,
    0xA8, 0x22, 0x05, 0x12, 0x06, 0x1A, 0x23, 0x09, 0x62, 0x00, 0x61, 0x00, 0x61, 0x00, 0x61, 0x00,
    0x61, 0x00, 0x41, 0x00, 0x21, 0x00, 0x41, 0x00, 0x82, 0x00, 0xA5, 0x19, 0x26, 0x1A, 0x87, 0x1A,
    0x87, 0x1A, 0x46, 0x1A, 0x05, 0x12, 0x46, 0x1A, 0xC5, 0x11, 0x05, 0x1A, 0xA4, 0x11, 0x63, 0x11,
    0xA6, 0x2A, 0x24, 0x1A, 0x45, 0x22, 0x42, 0x09, 0xC2, 0x00, 0xE3, 0x08, 0xE2, 0x08, 0xC2, 0x08,
    0xC2, 0x08, 0xC2, 0x08, 0xA2, 0x00, 0xA2, 0x08, 0x81, 0x00, 0xC6, 0x19, 0x4B, 0x43, 0x6C, 0x43,
    0x0E, 0x54, 0x6F, 0x64, 0x90, 0x6C, 0x90, 0x64, 0xCD, 0x4B, 0x6B, 0x43, 0x64, 0x11, 0xE2, 0x08,
    0x81, 0x00, 0x81, 0x08, 0x81, 0x00, 0x81, 0x00, 0x43, 0x11, 0xA4, 0x11, 0x62, 0x09, 0xC3, 0x19,
    0xC6, 0x32, 0xC4, 0x19, 0x81, 0x00, 0xC2, 0x08, 0xC2, 0x08, 0xE2, 0x08, 0x03, 0x11, 0x23, 0x11,
    0x43, 0x11, 0x23, 0x09, 0x02, 0x09, 0x43, 0x11, 0x44, 0x11, 0x23, 0x09, 0x04, 0x11, 0x03, 0x11,
    0x03, 0x09, 0x44, 0x11, 0x02, 0x09, 0x22, 0x09, 0x22, 0x09, 0x42, 0x09, 0x63, 0x11, 0xA4, 0x19,
    0x42, 0x09, 0xC2, 0x00, 0xC2, 0x08, 0x03, 0x09, 0xE3, 0x08, 0x03, 0x09, 0xE2, 0x00, 0x24, 0x11,
    0x03, 0x09, 0x82, 0x00, 0x03, 0x09, 0x23, 0x09, 0x03, 0x09, 0x24, 0x11, 0x03, 0x09, 0xE3, 0x08,
    0x03, 0x09, 0x43, 0x11, 0x23, 0x09, 0x42, 0x09, 0x64, 0x33, 0xA3, 0x22, 0x43, 0x09, 0x23, 0x11,
    0x81, 0x00, 0x82, 0x00, 0x82, 0x00, 0x02, 0x09, 0x42, 0x09, 0x22, 0x09, 0x22, 0x22, 0xE4, 0x4B,
    0xA3, 0x08, 0xC2, 0x00, 0x44, 0x22, 0xE3, 0x19, 0xE2, 0x08, 0x64, 0x11, 0x84, 0x09, 0xC5, 0x19,
    0x85, 0x19, 0x23, 0x09, 0x43, 0x11, 0x23, 0x09, 0x02, 0x09, 0x22, 0x09, 0x63, 0x11, 0x62, 0x11,
    0x82, 0x11, 0x03, 0x1A, 0xC3, 0x19, 0x62, 0x09, 0xE3, 0x11, 0x05, 0x1A, 0x42, 0x09, 0x03, 0x1A,
    0x26, 0x33, 0x44, 0x1A, 0x24, 0x1A, 0x24, 0x1A, 0x04, 0x1A, 0x27, 0x2B, 0xA6, 0x22, 0x45, 0x1A,
    0xC4, 0x11, 0x83, 0x11, 0x22, 0x09, 0xC2, 0x08, 0xC2, 0x08, 0xE2, 0x08, 0xE2, 0x08, 0xC2, 0x08,
    0xC2, 0x00, 0xA8, 0x53, 0xC8, 0x53, 0xE1, 0x00, 0x46, 0x2A, 0x48, 0x43, 0xC1, 0x11, 0xE3, 0x19,
    0x03, 0x1A, 0x02, 0x1A, 0x22, 0x1A, 0xA4, 0x22, 0xC3, 0x22, 0xE4, 0x2A, 0x45, 0x3B, 0xE4, 0x2A,
    0x41, 0x09, 0x04, 0x1A, 0x23, 0x1A, 0x23, 0x12, 0x23, 0x1A, 0x47, 0x4B, 0x4B, 0x74, 0x68, 0x43,
    0x85, 0x22, 0x06, 0x33, 0xC9, 0x4B, 0x64, 0x22, 0xE3, 0x19, 0x23, 0x2A, 0x67, 0x63, 0x82, 0x19,
    0x02, 0x01, 0x02, 0x09, 0x02, 0x09, 0xE3, 0x08, 0xE2, 0x08, 0xE2, 0x08, 0x03, 0x09, 0x02, 0x09,
    0xE2, 0x08, 0x02, 0x09, 0x02, 0x09, 0x02, 0x09, 0xC2, 0x08, 0xC2, 0x08, 0xC2, 0x08, 0xA2, 0x00,
    0xE2, 0x08, 0xE2, 0x08, 0xE2, 0x08, 0xE2, 0x08, 0x42, 0x11, 0xA3, 0x11, 0xE4, 0x19, 0x23, 0x09,
    0x03, 0x09, 0x63, 0x11, 0xC4, 0x11, 0xE4, 0x19, 0x25, 0x1A, 0xC4, 0x19, 0x83, 0x11, 0x63, 0x09,
    0xA4, 0x11, 0x84, 0x11, 0x23, 0x09, 0x45, 0x22, 0x27, 0x54, 0x46, 0x54, 0xA4, 0x33, 0xE4, 0x3B,
    0xA7, 0x5C, 0xC6, 0x43, 0x25, 0x1A, 0xC5, 0x11, 0x05, 0x1A, 0xC4, 0x11, 0x84, 0x09, 0xA4, 0x11,
    0xE6, 0x19, 0x63, 0x09, 0xE5, 0x19, 0x46, 0x22, 0x4A, 0x3B, 0x09, 0x33, 0x0D, 0x54, 0x4A, 0x3B,
    0x2D, 0x54, 0x26, 0x1A, 0x26, 0x1A, 0x43, 0x09, 0x61, 0x00, 0x61, 0x00, 0x61, 0x00, 0x61, 0x00,
    0x62, 0x00, 0x62, 0x00, 0x61, 0x00, 0x41, 0x00, 0x03, 0x09, 0x06, 0x1A, 0x05, 0x1A, 0x26, 0x22,
    0x05, 0x12, 0x26, 0x1A, 0x26, 0x1A, 0x25, 0x1A, 0xE5, 0x19, 0xE5, 0x11, 0x84, 0x11, 0x23, 0x09,
    0x83, 0x11, 0xE2, 0x08, 0x03, 0x09, 0x23, 0x09, 0x23, 0x09, 0x02, 0x09, 0x02, 0x09, 0x02, 0x09,
    0x03, 0x11, 0xC2, 0x08, 0xC2, 0x00, 0xA2, 0x00, 0xC2, 0x00, 0xC2, 0x00, 0xC5, 0x19, 0xE9, 0x3A,
    0xAC, 0x4B, 0x0A, 0x3B, 0x0A, 0x3B, 0x89, 0x2A, 0x89, 0x32, 0x64, 0x11, 0x81, 0x00, 0xA1, 0x08,
    0xA2, 0x08, 0xA2, 0x08, 0xA1, 0x00, 0xA4, 0x11, 0xE4, 0x19, 0x62, 0x09, 0x83, 0x11, 0xE4, 0x21,
    0xC6, 0x3A, 0x63, 0x11, 0xA1, 0x00, 0xC2, 0x00, 0xE2, 0x08, 0x23, 0x09, 0x23, 0x09, 0xA3, 0x11,
    0x63, 0x11, 0xE2, 0x08, 0x02, 0x09, 0x23, 0x11, 0x43, 0x11, 0x44, 0x11, 0xC2, 0x00, 0xA6, 0x21,
    0x44, 0x19, 0x81, 0x00, 0x03, 0x09, 0xE2, 0x08, 0xE2, 0x08, 0x02, 0x09, 0x02, 0x09, 0x22, 0x09,
    0xE4, 0x19, 0x63, 0x11, 0x43, 0x09, 0x63, 0x11, 0x22, 0x09, 0x43, 0x11, 0x44, 0x11, 0xC2, 0x00,
    0x23, 0x09, 0x24, 0x09, 0x03, 0x09, 0x64, 0x11, 0x24, 0x11, 0x03, 0x09, 0x03, 0x09, 0x24, 0x11,
    0x03, 0x09, 0xE2, 0x08, 0x03, 0x09, 0x03, 0x09, 0xC5, 0x2A, 0x84, 0x2A, 0x22, 0x09, 0xE3, 0x19,
    0xA3, 0x11, 0xC2, 0x00, 0x82, 0x00, 0xC2, 0x08, 0x23, 0x11, 0x22, 0x09, 0xC2, 0x00, 0x02, 0x22,
    0xA3, 0x08, 0x23, 0x11, 0xA6, 0x2A, 0x22, 0x09, 0xE2, 0x08, 0xC5, 0x11, 0x06, 0x1A, 0xE5, 0x19,
    0x43, 0x09, 0x84, 0x11, 0x43, 0x09, 0xE2, 0x08, 0x43, 0x11, 0x22, 0x09, 0xA3, 0x11, 0x44, 0x1A,
    0xA3, 0x11, 0xA3, 0x11, 0x02, 0x09, 0x42, 0x11, 0xE4, 0x11, 0x86, 0x22, 0xC3, 0x11, 0xE3, 0x19,
    0xE5, 0x2A, 0x64, 0x1A, 0x85, 0x1A, 0x65, 0x1A, 0xE3, 0x11, 0x48, 0x2B, 0x07, 0x23, 0x65, 0x22,
    0x04, 0x1A, 0xE4, 0x19, 0x63, 0x11, 0xE2, 0x00, 0xE2, 0x08, 0xE2, 0x08, 0x02, 0x09, 0x02, 0x09,
    0xE2, 0x08, 0x87, 0x4B, 0x09, 0x54, 0x62, 0x11, 0x02, 0x09, 0x27, 0x3B, 0xC4, 0x22, 0x43, 0x1A,
    0x42, 0x22, 0x42, 0x1A, 0x42, 0x1A, 0x83, 0x22, 0xE3, 0x2A, 0xC3, 0x2A, 0x24, 0x33, 0x65, 0x3B,
    0xE3, 0x11, 0xE3, 0x11, 0x43, 0x22, 0xC6, 0x42, 0x0A, 0x8C, 0x0D, 0xA5, 0xA9, 0x53, 0x44, 0x1A,
    0x82, 0x09, 0x43, 0x1A, 0xC8, 0x43, 0xC2, 0x09, 0x83, 0x2A, 0xC5, 0x4A, 0x06, 0x5B, 0x03, 0x22,
    0x84, 0x11, 0x63, 0x11, 0xC1, 0x00, 0xA2, 0x08, 0xA2, 0x00, 0xC2, 0x00, 0x22, 0x09, 0x43, 0x11,
    0x63, 0x11, 0x42, 0x09, 0x02, 0x09, 0x02, 0x09, 0x22, 0x09, 0x03, 0x09, 0xA2, 0x00, 0x02, 0x09,
    0x22, 0x09, 0x02, 0x09, 0x23, 0x11, 0x23, 0x11, 0x22, 0x09, 0x42, 0x09, 0xA3, 0x11, 0x63, 0x11,
    0x65, 0x22, 0x05, 0x2B, 0xA5, 0x22, 0x44, 0x1A, 0x03, 0x1A, 0xC3, 0x11, 0xA2, 0x11, 0xC3, 0x11,
    0xC3, 0x11, 0x63, 0x09, 0x43, 0x11, 0x83, 0x11, 0x66, 0x43, 0xA8, 0x64, 0x26, 0x4C, 0x45, 0x4C,
    0x68, 0x5C, 0xE4, 0x2A, 0x83, 0x09, 0x63, 0x09, 0x84, 0x11, 0x84, 0x09, 0xA4, 0x11, 0xA4, 0x11,
    0x63, 0x11, 0x02, 0x09, 0x84, 0x11, 0xC5, 0x11, 0x8C, 0x4B, 0x2A, 0x33, 0x4F, 0x5C, 0xAD, 0x43,
    0xAC, 0x43, 0x6B, 0x3B, 0x47, 0x22, 0xC2, 0x00, 0x41, 0x00, 0x62, 0x00, 0x61, 0x00, 0x61, 0x00,
    0x61, 0x00, 0x61, 0x00, 0x61, 0x00, 0x61, 0x00, 0xA2, 0x08, 0xC2, 0x08, 0xA2, 0x00, 0xC2, 0x08,
    0x23, 0x09, 0x43, 0x09, 0xA4, 0x11, 0x84, 0x11, 0x64, 0x11, 0x03, 0x09, 0x02, 0x09, 0xA4, 0x11,
    0x84, 0x11, 0x43, 0x09, 0x64, 0x11, 0x63, 0x11, 0x22, 0x09, 0x03, 0x09, 0x23, 0x09, 0x22, 0x09,
    0x02, 0x09, 0xE3, 0x08, 0xC2, 0x08, 0xC2, 0x08, 0xC2, 0x00, 0xA2, 0x00, 0xA5, 0x11, 0xC8, 0x32,
    0x26, 0x22, 0x84, 0x11, 0x03, 0x09, 0xA2, 0x00, 0xA2, 0x00, 0xA2, 0x00, 0xC2, 0x08, 0xA2, 0x08,
    0xA2, 0x08, 0xA2, 0x00, 0x63, 0x11, 0x25, 0x22, 0x82, 0x09, 0xE4, 0x21, 0x8B, 0x63, 0x6A, 0x5B,
    0x66, 0x32, 0xE2, 0x08, 0xC2, 0x00, 0xE2, 0x00, 0x43, 0x11, 0x63, 0x11, 0x83, 0x11, 0x83, 0x11,
    0x02, 0x01, 0xE2, 0x08, 0xE2, 0x08, 0xE2, 0x08, 0xC2, 0x00, 0xE2, 0x08, 0x03, 0x11, 0xE3, 0x08,
    0xC2, 0x08, 0xA2, 0x00, 0xA2, 0x00, 0xC2, 0x08, 0xC2, 0x08, 0xE2, 0x08, 0xC2, 0x08, 0xE2, 0x08,
    0xE3, 0x19, 0xE3, 0x11, 0xA3, 0x11, 0x24, 0x1A, 0x04, 0x1A, 0x24, 0x1A, 0xE5, 0x19, 0x44, 0x11,
    0x03, 0x09, 0x84, 0x19, 0x44, 0x11, 0x03, 0x09, 0x23, 0x09, 0x24, 0x11, 0x23, 0x09, 0x03, 0x09,
    0x24, 0x09, 0x03, 0x11, 0xC2, 0x08, 0x81, 0x00, 0xC1, 0x08, 0x83, 0x11, 0xC3, 0x11, 0xC3, 0x11,
    0x04, 0x1A, 0x25, 0x22, 0xE2, 0x08, 0x62, 0x00, 0xC2, 0x08, 0x43, 0x11, 0xC2, 0x08, 0x61, 0x00,
    0x03, 0x09, 0x03, 0x09, 0xC1, 0x00, 0x82, 0x00, 0xC3, 0x08, 0xC5, 0x19, 0xE5, 0x19, 0x43, 0x09,
    0x84, 0x11, 0x63, 0x11, 0x43, 0x11, 0x02, 0x09, 0x83, 0x11, 0x83, 0x11, 0xC3, 0x11, 0x06, 0x23,
    0xE7, 0x22, 0xC3, 0x09, 0x43, 0x09, 0x02, 0x09, 0x04, 0x1A, 0x88, 0x33, 0x23, 0x12, 0x23, 0x1A,
    0x64, 0x1A, 0x85, 0x22, 0xA5, 0x22, 0x44, 0x1A, 0xE7, 0x2A, 0x47, 0x23, 0x07, 0x23, 0x85, 0x1A,
    0x45, 0x1A, 0x25, 0x1A, 0x83, 0x11, 0x02, 0x09, 0x22, 0x09, 0x23, 0x11, 0x02, 0x09, 0x22, 0x09,
    0x02, 0x09, 0xE6, 0x3A, 0x69, 0x5C, 0xA3, 0x19, 0xC2, 0x00, 0x83, 0x09, 0xE5, 0x2A, 0x24, 0x33,
    0x62, 0x22, 0x83, 0x22, 0x62, 0x22, 0x82, 0x1A, 0xE3, 0x2A, 0x24, 0x33, 0x24, 0x33, 0x65, 0x3B,
    0x03, 0x1A, 0xA3, 0x09, 0x88, 0x63, 0x6B, 0x9C, 0xCE, 0xA4, 0x85, 0x3A, 0xC2, 0x09, 0x03, 0x12,
    0xE3, 0x19, 0x64, 0x22, 0xE5, 0x2A, 0xC4, 0x2A, 0xA5, 0x4B, 0xA5, 0x42, 0x24, 0x2A, 0xE3, 0x19,
    0x63, 0x11, 0xC2, 0x08, 0x82, 0x00, 0xC2, 0x00, 0x42, 0x09, 0xA3, 0x11, 0xA4, 0x11, 0x63, 0x11,
    0x22, 0x09, 0x42, 0x09, 0x62, 0x11, 0x83, 0x11, 0x42, 0x11, 0xE1, 0x08, 0x02, 0x11, 0x42, 0x11,
    0x62, 0x11, 0x62, 0x09, 0x42, 0x09, 0x22, 0x09, 0x22, 0x11, 0x22, 0x09, 0x62, 0x09, 0x66, 0x33,
    0x25, 0x2B, 0x63, 0x1A, 0x03, 0x1A, 0xA2, 0x11, 0x82, 0x11, 0x62, 0x11, 0xC2, 0x19, 0x64, 0x22,
    0x04, 0x1A, 0x63, 0x11, 0x22, 0x09, 0xE4, 0x21, 0x64, 0x2A, 0x27, 0x5C, 0xA7, 0x64, 0x88, 0x64,
    0xC4, 0x32, 0xE2, 0x11, 0x84, 0x11, 0x23, 0x09, 0x84, 0x11, 0xA5, 0x11, 0x63, 0x09, 0x43, 0x09,
    0x64, 0x11, 0x02, 0x09, 0x02, 0x09, 0x64, 0x11, 0x67, 0x2A, 0xED, 0x53, 0x4A, 0x3B, 0x2E, 0x54,
    0xA8, 0x22, 0xAC, 0x43, 0x26, 0x1A, 0xA2, 0x00, 0x61, 0x00, 0x62, 0x00, 0x61, 0x00, 0x61, 0x00,
    0x61, 0x00, 0x61, 0x00, 0x61, 0x00, 0x61, 0x00, 0x41, 0x00, 0x41, 0x00, 0x41, 0x00, 0x41, 0x00,
    0x41, 0x00, 0x41, 0x00, 0x41, 0x00, 0x61, 0x00, 0x61, 0x00, 0x61, 0x00, 0xE2, 0x08, 0x43, 0x11,
    0xA4, 0x11, 0xC5, 0x19, 0x84, 0x11, 0x63, 0x11, 0x63, 0x11, 0x63, 0x11, 0xC4, 0x11, 0xA4, 0x11,
    0x43, 0x11, 0x03, 0x09, 0xE3, 0x08, 0xE2, 0x08, 0xE2, 0x08, 0xA1, 0x00, 0xA5, 0x19, 0xA5, 0x19,
    0xA1, 0x00, 0xA1, 0x00, 0xE2, 0x08, 0xC2, 0x08, 0xE2, 0x08, 0xE3, 0x08, 0xE2, 0x08, 0xC2, 0x08,
    0xC2, 0x08, 0xE2, 0x08, 0xE4, 0x19, 0xE3, 0x11, 0x82, 0x09, 0x6A, 0x53, 0x8A, 0x5B, 0xE8, 0x4A,
    0x63, 0x11, 0xC2, 0x00, 0xE3, 0x08, 0x43, 0x11, 0xA3, 0x11, 0xC4, 0x19, 0x83, 0x11, 0x02, 0x09,
    0x03, 0x09, 0x03, 0x09, 0x23, 0x11, 0x03, 0x09, 0xC5, 0x19, 0x23, 0x11, 0x81, 0x00, 0xC2, 0x08,
    0xA2, 0x08, 0xA2, 0x00, 0x82, 0x00, 0xA2, 0x00, 0xA2, 0x08, 0xA2, 0x08, 0xA2, 0x08, 0x83, 0x11,
    0x06, 0x2B, 0x27, 0x2B, 0x27, 0x2B, 0xE6, 0x22, 0x27, 0x2B, 0x05, 0x2B, 0x64, 0x22, 0x45, 0x22,
    0x64, 0x11, 0x23, 0x09, 0x23, 0x09, 0x85, 0x19, 0x84, 0x11, 0x63, 0x09, 0x44, 0x09, 0x44, 0x11,
    0x23, 0x09, 0x03, 0x09, 0xC2, 0x08, 0x41, 0x00, 0x41, 0x00, 0x61, 0x00, 0xE2, 0x08, 0x23, 0x11,
    0x03, 0x09, 0xA4, 0x19, 0xC4, 0x19, 0x61, 0x00, 0x61, 0x00, 0x43, 0x11, 0x42, 0x11, 0x82, 0x00,
    0x02, 0x09, 0xC2, 0x00, 0xC3, 0x08, 0xA2, 0x08, 0xA2, 0x00, 0x02, 0x09, 0x23, 0x09, 0xA4, 0x11,
    0x84, 0x11, 0x63, 0x11, 0x43, 0x11, 0x43, 0x11, 0x82, 0x11, 0x44, 0x1A, 0x04, 0x12, 0xC6, 0x1A,
    0x07, 0x2B, 0xC3, 0x11, 0x83, 0x11, 0x81, 0x00, 0x84, 0x11, 0x68, 0x2B, 0x47, 0x33, 0xE5, 0x22,
    0xA5, 0x1A, 0xA5, 0x22, 0xA4, 0x22, 0x02, 0x12, 0x06, 0x23, 0x68, 0x2B, 0x27, 0x2B, 0xA5, 0x1A,
    0x85, 0x22, 0x44, 0x1A, 0xA3, 0x11, 0x02, 0x09, 0x43, 0x11, 0x43, 0x11, 0x43, 0x09, 0x42, 0x11,
    0x03, 0x09, 0x65, 0x2A, 0xA9, 0x64, 0x24, 0x22, 0xC2, 0x08, 0x02, 0x09, 0x83, 0x09, 0x05, 0x33,
    0xE3, 0x2A, 0x04, 0x33, 0xA2, 0x22, 0xA2, 0x22, 0xA2, 0x22, 0x03, 0x2B, 0x65, 0x3B, 0x85, 0x3B,
    0xC2, 0x11, 0xC5, 0x3A, 0x4D, 0x9D, 0x8C, 0x84, 0xC5, 0x32, 0x03, 0x12, 0x64, 0x22, 0x64, 0x22,
    0x23, 0x1A, 0x43, 0x1A, 0xA4, 0x22, 0xA5, 0x4B, 0x44, 0x3B, 0x64, 0x2A, 0xE4, 0x21, 0x02, 0x09,
    0xA1, 0x00, 0xA2, 0x00, 0xC2, 0x00, 0x63, 0x11, 0xE4, 0x19, 0xC4, 0x11, 0x62, 0x09, 0x62, 0x09,
    0x83, 0x11, 0xC3, 0x11, 0x04, 0x1A, 0xA3, 0x19, 0xA1, 0x00, 0x22, 0x09, 0xC3, 0x11, 0xC3, 0x11,
    0xA3, 0x11, 0xC4, 0x11, 0xA3, 0x11, 0xA3, 0x11, 0x63, 0x11, 0x42, 0x09, 0x26, 0x33, 0x85, 0x33,
    0x22, 0x1A, 0xC2, 0x19, 0xA2, 0x11, 0x82, 0x11, 0xA2, 0x11, 0xA2, 0x11, 0xE5, 0x3A, 0xE4, 0x32,
    0x65, 0x22, 0x02, 0x09, 0x23, 0x09, 0xC4, 0x19, 0x03, 0x1A, 0x05, 0x3B, 0xCC, 0x8D, 0xE8, 0x5B,
    0x04, 0x22, 0xE4, 0x19, 0x02, 0x09, 0x44, 0x11, 0x44, 0x09, 0x23, 0x09, 0x44, 0x11, 0x44, 0x11,
    0x03, 0x09, 0xE2, 0x08, 0xC2, 0x00, 0x03, 0x09, 0x63, 0x09, 0x2E, 0x5C, 0xC8, 0x2A, 0x0D, 0x4C,
    0xC8, 0x2A, 0x06, 0x1A, 0x23, 0x11, 0x82, 0x00, 0x61, 0x00, 0x62, 0x00, 0x61, 0x00, 0x61, 0x00,
    0x61, 0x00, 0x61, 0x00, 0x61, 0x00, 0x61, 0x00, 0x82, 0x00, 0x82, 0x00, 0x81, 0x00, 0x61, 0x00,
    0x61, 0x00, 0x61, 0x00, 0x62, 0x00, 0x82, 0x00, 0x61, 0x00, 0x44, 0x11, 0x47, 0x1A, 0x67, 0x22,
    0x05, 0x1A, 0xA4, 0x11, 0x83, 0x11, 0x83, 0x11, 0xA4, 0x11, 0xC4, 0x11, 0x83, 0x09, 0x62, 0x09,
    0xE5, 0x19, 0x43, 0x09, 0x23, 0x11, 0x02, 0x09, 0x02, 0x09, 0xE2, 0x08, 0x02, 0x09, 0xE2, 0x08,
    0x81, 0x00, 0xE2, 0x08, 0x22, 0x09, 0x02, 0x09, 0x22, 0x11, 0x22, 0x09, 0x02, 0x09, 0x02, 0x09,
    0x02, 0x09, 0xA3, 0x19, 0xA3, 0x11, 0x62, 0x11, 0x49, 0x53, 0x2F, 0x8D, 0xE7, 0x42, 0x26, 0x2A,
    0xA2, 0x00, 0xA2, 0x00, 0x43, 0x11, 0xA4, 0x19, 0xE4, 0x19, 0x84, 0x11, 0x02, 0x09, 0x03, 0x09,
    0xE3, 0x08, 0xC2, 0x08, 0xA2, 0x08, 0x61, 0x00, 0x03, 0x09, 0xC2, 0x08, 0x81, 0x00, 0x61, 0x00,
    0x41, 0x00, 0x81, 0x00, 0x82, 0x08, 0x82, 0x08, 0x82, 0x08, 0xA2, 0x08, 0xC2, 0x00, 0x26, 0x22,
    0xC7, 0x2A, 0xC7, 0x2A, 0x68, 0x33, 0xA6, 0x22, 0x04, 0x12, 0x63, 0x1A, 0x62, 0x1A, 0x83, 0x22,
    0x83, 0x11, 0x64, 0x11, 0x03, 0x09, 0xE3, 0x08, 0xE5, 0x19, 0xE6, 0x32, 0x42, 0x09, 0x03, 0x09,
    0x85, 0x11, 0x03, 0x09, 0x61, 0x00, 0x41, 0x00, 0x41, 0x00, 0x41, 0x00, 0x21, 0x00, 0x21, 0x00,
    0x21, 0x00, 0x21, 0x00, 0xC2, 0x08, 0xA2, 0x08, 0x21, 0x00, 0xC2, 0x08, 0x63, 0x11, 0x03, 0x09,
    0x23, 0x09, 0x44, 0x11, 0x03, 0x09, 0xC2, 0x00, 0xC2, 0x08, 0xC2, 0x08, 0xA4, 0x19, 0xC4, 0x11,
    0x83, 0x11, 0x83, 0x11, 0x22, 0x09, 0xA3, 0x19, 0xC3, 0x11, 0xC5, 0x1A, 0xC5, 0x1A, 0x85, 0x1A,
    0xE3, 0x11, 0x62, 0x11, 0x22, 0x11, 0x61, 0x00, 0xE3, 0x08, 0x69, 0x3B, 0x26, 0x2B, 0xC5, 0x22,
    0x06, 0x23, 0xE6, 0x2A, 0x64, 0x22, 0x85, 0x22, 0xA8, 0x2B, 0x47, 0x23, 0x07, 0x2B, 0xE6, 0x22,
    0xA5, 0x22, 0x65, 0x1A, 0xC3, 0x11, 0x02, 0x09, 0xA4, 0x19, 0x83, 0x11, 0x83, 0x11, 0x63, 0x11,
    0x22, 0x09, 0xA2, 0x11, 0xAA, 0x6C, 0x85, 0x2A, 0xC2, 0x00, 0x22, 0x09, 0x43, 0x09, 0x63, 0x09,
    0x02, 0x1A, 0x07, 0x54, 0x64, 0x3B, 0xC3, 0x22, 0x04, 0x2B, 0xC3, 0x22, 0x44, 0x33, 0x44, 0x3B,
    0x02, 0x1A, 0x29, 0x6C, 0x87, 0x4B, 0x43, 0x22, 0x23, 0x1A, 0x84, 0x22, 0x63, 0x1A, 0x64, 0x1A,
    0x44, 0x1A, 0x23, 0x1A, 0xA6, 0x4B, 0xA4, 0x4B, 0xA7, 0x4B, 0xE3, 0x19, 0xC1, 0x00, 0x81, 0x00,
    0xA2, 0x08, 0xA2, 0x00, 0x63, 0x11, 0xE4, 0x11, 0xE3, 0x11, 0xC3, 0x11, 0xC3, 0x11, 0xE4, 0x19,
    0xE4, 0x19, 0xA3, 0x11, 0x63, 0x09, 0xA1, 0x00, 0x22, 0x09, 0x24, 0x1A, 0x03, 0x12, 0x24, 0x1A,
    0x45, 0x22, 0x24, 0x1A, 0xC3, 0x11, 0xE4, 0x19, 0xA3, 0x11, 0x85, 0x2A, 0x86, 0x33, 0x02, 0x12,
    0xC3, 0x11, 0x82, 0x11, 0x82, 0x11, 0x82, 0x11, 0x24, 0x22, 0xC5, 0x3A, 0x45, 0x3B, 0x04, 0x33,
    0xEE, 0x84, 0x05, 0x32, 0x23, 0x09, 0xC3, 0x09, 0x84, 0x22, 0x23, 0x1A, 0x8D, 0x8D, 0x06, 0x3B,
    0xA3, 0x09, 0x42, 0x09, 0xC2, 0x00, 0xE2, 0x08, 0x02, 0x01, 0x03, 0x09, 0xE3, 0x08, 0x03, 0x09,
    0x03, 0x09, 0x03, 0x09, 0xC2, 0x00, 0x03, 0x09, 0x22, 0x09, 0xA8, 0x2A, 0x09, 0x33, 0x29, 0x33,
    0x8B, 0x43, 0x23, 0x09, 0xA2, 0x08, 0xA2, 0x08, 0x61, 0x00, 0x62, 0x00, 0x61, 0x00, 0x61, 0x00,
    0x61, 0x00, 0x61, 0x00, 0x61, 0x00, 0x82, 0x00, 0xA2, 0x08, 0xA2, 0x08, 0xA2, 0x08, 0x62, 0x00,
    0x61, 0x00, 0x61, 0x00, 0x61, 0x00, 0x62, 0x00, 0x61, 0x00, 0xA5, 0x19, 0x67, 0x1A, 0xE5, 0x11,
    0xE4, 0x11, 0xC4, 0x11, 0xC4, 0x11, 0x05, 0x1A, 0x66, 0x1A, 0xC7, 0x2A, 0x05, 0x1A, 0x83, 0x09,
    0xA4, 0x11, 0x84, 0x11, 0x43, 0x11, 0x43, 0x11, 0x22, 0x09, 0x23, 0x09, 0xE2, 0x08, 0xE2, 0x10,
    0x81, 0x00, 0x02, 0x09, 0x83, 0x11, 0x63, 0x11, 0x63, 0x11, 0x42, 0x09, 0x62, 0x11, 0x82, 0x11,
    0x83, 0x11, 0x43, 0x11, 0xA1, 0x00, 0x67, 0x3A, 0x14, 0xBE, 0xAD, 0x7C, 0xC6, 0x3A, 0xE3, 0x08,
    0x42, 0x00, 0x02, 0x09, 0xC4, 0x19, 0xE4, 0x19, 0x43, 0x09, 0xA1, 0x00, 0x82, 0x00, 0xA2, 0x00,
    0x82, 0x00, 0x62, 0x00, 0x61, 0x00, 0x82, 0x00, 0x81, 0x00, 0x82, 0x08, 0xA2, 0x08, 0xA2, 0x08,
    0x82, 0x08, 0x81, 0x00, 0x82, 0x00, 0x82, 0x00, 0x82, 0x00, 0x82, 0x00, 0xA2, 0x08, 0xC2, 0x08,
    0xA1, 0x00, 0xA1, 0x00, 0x22, 0x09, 0xE2, 0x08, 0x82, 0x09, 0x25, 0x33, 0x42, 0x1A, 0x82, 0x22,
    0x84, 0x22, 0xE4, 0x11, 0xC5, 0x19, 0x23, 0x09, 0xA0, 0x00, 0xA5, 0x32, 0x68, 0x5B, 0x01, 0x09,
    0xA2, 0x00, 0x62, 0x00, 0x41, 0x00, 0x41, 0x00, 0x41, 0x00, 0x41, 0x00, 0x41, 0x00, 0x41, 0x00,
    0x41, 0x00, 0x41, 0x00, 0x21, 0x00, 0x41, 0x00, 0x61, 0x00, 0x61, 0x00, 0x02, 0x09, 0x63, 0x11,
    0x44, 0x11, 0x03, 0x09, 0x03, 0x09, 0x23, 0x11, 0xE3, 0x08, 0x23, 0x09, 0xA4, 0x11, 0x83, 0x09,
    0xA3, 0x11, 0x63, 0x11, 0x42, 0x11, 0xC3, 0x19, 0x44, 0x1A, 0xE6, 0x22, 0x48, 0x33, 0xC3, 0x11,
    0x83, 0x11, 0xA3, 0x19, 0xA1, 0x00, 0x82, 0x00, 0xA2, 0x00, 0x86, 0x22, 0x67, 0x2B, 0x46, 0x2B,
    0x06, 0x23, 0xE5, 0x22, 0x64, 0x1A, 0x64, 0x1A, 0xC9, 0x3B, 0x68, 0x23, 0x28, 0x2B, 0x07, 0x23,
    0xC5, 0x1A, 0xA6, 0x22, 0x83, 0x09, 0xC3, 0x11, 0x25, 0x1A, 0xC3, 0x19, 0xC4, 0x11, 0xC4, 0x11,
    0xA4, 0x19, 0x22, 0x01, 0x09, 0x5C, 0x46, 0x43, 0xC1, 0x00, 0x23, 0x09, 0x42, 0x11, 0xE3, 0x08,
    0xA1, 0x00, 0x62, 0x11, 0x84, 0x2A, 0x04, 0x33, 0x44, 0x33, 0x44, 0x2B, 0x23, 0x2B, 0x85, 0x3B,
    0xC5, 0x32, 0x43, 0x22, 0xC3, 0x11, 0x64, 0x1A, 0x63, 0x1A, 0x64, 0x1A, 0x84, 0x22, 0x85, 0x22,
    0x23, 0x1A, 0x66, 0x43, 0xA5, 0x43, 0xE6, 0x4B, 0x24, 0x22, 0xA2, 0x00, 0x81, 0x00, 0x82, 0x08,
    0xA2, 0x00, 0x63, 0x11, 0xE4, 0x19, 0xE4, 0x11, 0x04, 0x1A, 0x04, 0x1A, 0x63, 0x11, 0x02, 0x09,
    0xC2, 0x00, 0x81, 0x00, 0x61, 0x00, 0xE2, 0x08, 0x24, 0x1A, 0x64, 0x1A, 0xA5, 0x22, 0xA6, 0x22,
    0x85, 0x1A, 0xA5, 0x22, 0x65, 0x22, 0x85, 0x22, 0x23, 0x1A, 0xA8, 0x43, 0x83, 0x22, 0x23, 0x1A,
    0x23, 0x1A, 0x03, 0x1A, 0x03, 0x1A, 0x03, 0x1A, 0xE3, 0x19, 0xA6, 0x53, 0x45, 0x33, 0xC5, 0x2A,
    0xCD, 0x94, 0x6D, 0x94, 0x83, 0x19, 0x03, 0x12, 0xC4, 0x2A, 0xC3, 0x11, 0xC5, 0x32, 0x03, 0x1A,
    0x24, 0x1A, 0x22, 0x09, 0x82, 0x00, 0xA2, 0x08, 0xE2, 0x08, 0xE3, 0x08, 0xE3, 0x08, 0x03, 0x11,
    0xC2, 0x00, 0x23, 0x11, 0xE2, 0x08, 0xC2, 0x00, 0x23, 0x09, 0x64, 0x11, 0x6B, 0x43, 0x87, 0x22,
    0x67, 0x2A, 0xC1, 0x00, 0xC2, 0x08, 0xA2, 0x08, 0x61, 0x00, 0x61, 0x00, 0x61, 0x00, 0x61, 0x00,
    0x61, 0x00, 0x61, 0x00, 0x61, 0x00, 0xC2, 0x08, 0xC3, 0x08, 0xC2, 0x08, 0xA2, 0x08, 0x82, 0x00,
    0x82, 0x00, 0x61, 0x00, 0x62, 0x00, 0x82, 0x00, 0xC2, 0x08, 0x63, 0x11, 0xC4, 0x11, 0x46, 0x22,
    0x05, 0x12, 0x05, 0x1A, 0x66, 0x22, 0x66, 0x1A, 0x66, 0x1A, 0xE4, 0x11, 0xE4, 0x11, 0x66, 0x22,
    0x83, 0x11, 0xA3, 0x19, 0x62, 0x09, 0x83, 0x11, 0x22, 0x09, 0x43, 0x11, 0x63, 0x11, 0xC2, 0x08,
    0x61, 0x08, 0xE2, 0x08, 0xA4, 0x19, 0xE4, 0x19, 0xC3, 0x11, 0xA3, 0x11, 0x83, 0x11, 0xA3, 0x19,
    0x43, 0x09, 0xE2, 0x08, 0xE5, 0x21, 0xEB, 0x6B, 0xEB, 0x6B, 0xA7, 0x3A, 0x81, 0x00, 0x40, 0x00,
    0x83, 0x09, 0x85, 0x22, 0x45, 0x22, 0x22, 0x09, 0x61, 0x00, 0x61, 0x00, 0x82, 0x00, 0x62, 0x00,
    0x62, 0x00, 0x61, 0x00, 0x62, 0x00, 0x82, 0x00, 0x82, 0x08, 0x82, 0x08, 0x82, 0x00, 0xA2, 0x08,
    0xA2, 0x08, 0xA2, 0x08, 0xA2, 0x00, 0x82, 0x00, 0xA2, 0x00, 0x81, 0x00, 0x81, 0x00, 0x81, 0x00,
    0xA2, 0x08, 0x82, 0x00, 0x82, 0x08, 0xC1, 0x00, 0x05, 0x2B, 0xE3, 0x22, 0x01, 0x1A, 0x82, 0x22,
    0x65, 0x33, 0xA5, 0x1A, 0x66, 0x1A, 0x05, 0x1A, 0x23, 0x09, 0x83, 0x19, 0x8B, 0x8C, 0x85, 0x4A,
    0x81, 0x00, 0x42, 0x00, 0x61, 0x00, 0x42, 0x00, 0x41, 0x00, 0x41, 0x00, 0x41, 0x00, 0x41, 0x00,
    0x41, 0x00, 0x41, 0x00, 0x41, 0x00, 0x41, 0x00, 0x62, 0x08, 0x41, 0x00, 0x61, 0x00, 0xA2, 0x00,
    0x23, 0x09, 0x84, 0x11, 0x64, 0x11, 0xE2, 0x08, 0xC2, 0x08, 0xE2, 0x00, 0x22, 0x09, 0x84, 0x11,
    0x63, 0x11, 0x63, 0x11, 0x83, 0x11, 0x03, 0x12, 0xC5, 0x22, 0x24, 0x1A, 0x63, 0x09, 0x02, 0x09,
    0xE2, 0x08, 0x42, 0x09, 0xA2, 0x00, 0xA3, 0x08, 0x81, 0x00, 0x66, 0x22, 0x88, 0x33, 0x67, 0x2B,
    0x88, 0x33, 0x46, 0x2B, 0xA5, 0x1A, 0x47, 0x2B, 0x67, 0x2B, 0x88, 0x2B, 0x48, 0x2B, 0x68, 0x2B,
    0x07, 0x23, 0x86, 0x22, 0x42, 0x09, 0x63, 0x11, 0xA6, 0x22, 0xC6, 0x22, 0x65, 0x1A, 0x25, 0x1A,
    0xC4, 0x11, 0x42, 0x09, 0x27, 0x43, 0x28, 0x5C, 0x65, 0x2A, 0xE5, 0x29, 0xC4, 0x21, 0xC4, 0x21,
    0x85, 0x21, 0x03, 0x11, 0xE2, 0x08, 0x63, 0x11, 0x23, 0x1A, 0x24, 0x33, 0xC5, 0x3B, 0xC6, 0x3B,
    0x83, 0x22, 0xC2, 0x11, 0x24, 0x1A, 0x24, 0x1A, 0x43, 0x1A, 0x44, 0x1A, 0x64, 0x1A, 0x43, 0x1A,
    0xC4, 0x22, 0xE7, 0x4B, 0x63, 0x3B, 0x66, 0x43, 0x81, 0x00, 0xC2, 0x08, 0xC2, 0x08, 0x82, 0x00,
    0x03, 0x11, 0xC4, 0x19, 0x42, 0x09, 0x02, 0x09, 0xE2, 0x08, 0xC2, 0x08, 0x81, 0x00, 0x81, 0x00,
    0x82, 0x08, 0x82, 0x08, 0xC2, 0x08, 0xE4, 0x19, 0x64, 0x1A, 0xE6, 0x2A, 0xE6, 0x22, 0xC6, 0x22,
    0x48, 0x2B, 0xC6, 0x22, 0x64, 0x1A, 0xC6, 0x22, 0xE6, 0x22, 0xE6, 0x32, 0x23, 0x1A, 0x23, 0x1A,
    0x85, 0x22, 0x85, 0x22, 0x24, 0x1A, 0x42, 0x11, 0x84, 0x32, 0x48, 0x5C, 0xA4, 0x22, 0xC6, 0x3A,
    0x6C, 0x84, 0x6E, 0x9C, 0xE7, 0x4A, 0x42, 0x1A, 0xC5, 0x2A, 0x63, 0x11, 0xA3, 0x11, 0x82, 0x09,
    0x24, 0x1A, 0x83, 0x19, 0x03, 0x11, 0xE3, 0x08, 0xC2, 0x00, 0xE2, 0x08, 0xE3, 0x08, 0xE3, 0x08,
    0xC2, 0x08, 0xE3, 0x08, 0x03, 0x09, 0xC2, 0x08, 0xE2, 0x08, 0xE2, 0x00, 0x87, 0x2A, 0x46, 0x22,
    0xA1, 0x00, 0xA2, 0x08, 0x03, 0x01, 0xE2, 0x08, 0x61, 0x00, 0x61, 0x00, 0x61, 0x00, 0x61, 0x00,
    0x61, 0x00, 0x61, 0x00, 0xA2, 0x00, 0xE3, 0x08, 0xA2, 0x00, 0xA2, 0x00, 0xC2, 0x08, 0xA2, 0x00,
    0x82, 0x00, 0x61, 0x00, 0x82, 0x00, 0x82, 0x08, 0x03, 0x09, 0x05, 0x22, 0x45, 0x1A, 0x25, 0x1A,
    0xA7, 0x22, 0x87, 0x22, 0x45, 0x1A, 0xC7, 0x22, 0x6A, 0x33, 0x45, 0x1A, 0xC3, 0x11, 0x45, 0x1A,
    0x04, 0x1A, 0xE4, 0x19, 0xC3, 0x11, 0xC4, 0x19, 0xC4, 0x11, 0x22, 0x09, 0x25, 0x1A, 0xE2, 0x00,
    0x82, 0x08, 0x61, 0x00, 0x23, 0x09, 0x87, 0x22, 0x85, 0x22, 0x83, 0x11, 0x80, 0x00, 0x81, 0x00,
    0xA2, 0x00, 0xA2, 0x00, 0x26, 0x2A, 0xCA, 0x63, 0xA6, 0x3A, 0xE2, 0x08, 0x42, 0x00, 0xA4, 0x19,
    0x66, 0x22, 0xE4, 0x19, 0xC2, 0x08, 0x81, 0x00, 0xA2, 0x00, 0xA2, 0x08, 0x82, 0x08, 0x82, 0x00,
    0x82, 0x00, 0x61, 0x00, 0x61, 0x00, 0x82, 0x00, 0x62, 0x08, 0x82, 0x00, 0xA2, 0x00, 0xA2, 0x00,
    0xC2, 0x08, 0xA2, 0x08, 0xC2, 0x08, 0xE3, 0x08, 0xE3, 0x08, 0xC2, 0x08, 0xA2, 0x00, 0x61, 0x00,
    0x61, 0x00, 0x82, 0x00, 0x61, 0x00, 0xA3, 0x11, 0x45, 0x33, 0x41, 0x1A, 0x02, 0x1A, 0x42, 0x1A,
    0x24, 0x2B, 0x84, 0x1A, 0xA6, 0x1A, 0xC7, 0x22, 0x66, 0x22, 0xC3, 0x11, 0xC6, 0x52, 0x07, 0x5B,
    0x84, 0x21, 0x21, 0x00, 0x41, 0x00, 0x41, 0x00, 0x41, 0x00, 0x41, 0x00, 0x41, 0x00, 0x41, 0x00,
    0x41, 0x00, 0x41, 0x00, 0x41, 0x00, 0x62, 0x00, 0x41, 0x00, 0x41, 0x00, 0x41, 0x00, 0x41, 0x00,
    0xA5, 0x19, 0x44, 0x11, 0x03, 0x09, 0x23, 0x09, 0xE3, 0x08, 0x44, 0x11, 0x02, 0x09, 0x23, 0x09,
    0x64, 0x11, 0x63, 0x11, 0xC4, 0x19, 0x44, 0x1A, 0x23, 0x1A, 0xE3, 0x19, 0xA2, 0x11, 0x62, 0x09,
    0x62, 0x11, 0x83, 0x11, 0xC2, 0x08, 0xC2, 0x08, 0x81, 0x00, 0x87, 0x2A, 0x6C, 0x54, 0xA9, 0x3B,
    0xE6, 0x22, 0xC5, 0x22, 0xA4, 0x1A, 0xC8, 0x3B, 0xE9, 0x3B, 0x88, 0x33, 0x68, 0x2B, 0x69, 0x2B,
    0x48, 0x2B, 0x44, 0x1A, 0x02, 0x09, 0x41, 0x00, 0xA4, 0x11, 0x86, 0x22, 0xE6, 0x22, 0xC6, 0x22,
    0x44, 0x1A, 0x64, 0x2A, 0x46, 0x43, 0x66, 0x43, 0x06, 0x3B, 0xA3, 0x19, 0x42, 0x09, 0xC5, 0x3A,
    0xA7, 0x42, 0x43, 0x19, 0xE2, 0x08, 0xE2, 0x08, 0x02, 0x09, 0x42, 0x09, 0x23, 0x1A, 0x07, 0x4C,
    0xE7, 0x43, 0x03, 0x12, 0x23, 0x1A, 0x03, 0x12, 0x03, 0x1A, 0x24, 0x1A, 0x23, 0x1A, 0x23, 0x1A,
    0x86, 0x43, 0xA4, 0x43, 0xC6, 0x53, 0x42, 0x11, 0x61, 0x00, 0xC2, 0x08, 0xE2, 0x00, 0x03, 0x09,
    0xE2, 0x08, 0xA1, 0x00, 0xA2, 0x00, 0xA2, 0x08, 0xA2, 0x08, 0xA2, 0x00, 0xA2, 0x00, 0xA2, 0x00,
    0xC2, 0x00, 0x82, 0x00, 0x63, 0x11, 0xC6, 0x22, 0x47, 0x2B, 0xC5, 0x1A, 0x27, 0x2B, 0x68, 0x33,
    0xE6, 0x22, 0x85, 0x1A, 0xC5, 0x22, 0xC6, 0x22, 0x65, 0x1A, 0xE3, 0x11, 0x83, 0x11, 0x83, 0x11,
    0x42, 0x09, 0x43, 0x11, 0xC1, 0x00, 0x20, 0x00, 0xA8, 0x5B, 0x27, 0x54, 0x04, 0x22, 0x6D, 0x84,
    0x4B, 0x74, 0x70, 0x94, 0x4A, 0x5B, 0xC4, 0x22, 0xA6, 0x32, 0x22, 0x09, 0xE4, 0x19, 0xA4, 0x11,
    0x04, 0x1A, 0x04, 0x1A, 0x04, 0x1A, 0xE4, 0x19, 0x64, 0x11, 0xC2, 0x00, 0xE2, 0x08, 0xC2, 0x00,
    0xE2, 0x08, 0xC2, 0x08, 0xE3, 0x08, 0xE2, 0x08, 0xC2, 0x08, 0xC2, 0x08, 0x43, 0x09, 0x23, 0x09,
    0xA1, 0x00, 0xC2, 0x08, 0xE3, 0x08, 0x23, 0x09, 0xC2, 0x08, 0x61, 0x00, 0x61, 0x00, 0x61, 0x00,
    0x61, 0x00, 0x61, 0x00, 0xE3, 0x08, 0xE3, 0x08, 0xA2, 0x00, 0xA2, 0x00, 0xC2, 0x00, 0xA2, 0x00,
    0xA2, 0x08, 0x62, 0x00, 0xA3, 0x08, 0x82, 0x00, 0xE2, 0x08, 0xA3, 0x11, 0xE4, 0x11, 0x66, 0x22,
    0x46, 0x1A, 0xA7, 0x1A, 0x49, 0x2B, 0x08, 0x2B, 0x87, 0x22, 0x25, 0x1A, 0x66, 0x22, 0x65, 0x1A,
    0x86, 0x22, 0x04, 0x12, 0x45, 0x22, 0xC3, 0x09, 0xA7, 0x22, 0xC4, 0x11, 0x04, 0x1A, 0x02, 0x09,
    0x61, 0x00, 0x82, 0x00, 0x61, 0x00, 0x63, 0x11, 0xA6, 0x22, 0x63, 0x09, 0x82, 0x00, 0xA2, 0x08,
    0xA2, 0x08, 0xC2, 0x08, 0x47, 0x2A, 0xA8, 0x3A, 0x64, 0x11, 0xE2, 0x08, 0xC5, 0x11, 0x64, 0x11,
    0x82, 0x08, 0x82, 0x08, 0xA2, 0x08, 0xC2, 0x08, 0xE2, 0x00, 0xE3, 0x00, 0xC3, 0x08, 0xC3, 0x08,
    0xA2, 0x08, 0xA2, 0x08, 0xC3, 0x08, 0xE3, 0x08, 0xA2, 0x08, 0xA2, 0x00, 0xA2, 0x00, 0xA2, 0x00,
    0xA2, 0x00, 0xC2, 0x08, 0xE3, 0x08, 0xE3, 0x08, 0xE3, 0x08, 0xE3, 0x08, 0xC2, 0x08, 0x24, 0x19,
    0x45, 0x21, 0xA2, 0x08, 0x82, 0x00, 0xA4, 0x2A, 0xC3, 0x22, 0x22, 0x1A, 0x02, 0x1A, 0x42, 0x1A,
    0x44, 0x33, 0x84, 0x22, 0x65, 0x1A, 0xC6, 0x22, 0xE7, 0x22, 0xA5, 0x22, 0xA6, 0x42, 0x48, 0x53,
    0xC8, 0x42, 0x81, 0x00, 0xA2, 0x00, 0xC3, 0x08, 0xA2, 0x00, 0x61, 0x00, 0x41, 0x00, 0x41, 0x00,
    0x41, 0x00, 0x41, 0x00, 0x41, 0x00, 0x41, 0x00, 0x21, 0x00, 0x41, 0x00, 0x41, 0x00, 0x61, 0x00,
    0xE2, 0x08, 0x23, 0x09, 0xC5, 0x11, 0xC5, 0x19, 0x02, 0x09, 0xE2, 0x08, 0x23, 0x09, 0xE2, 0x08,
    0x03, 0x09, 0x43, 0x11, 0x42, 0x09, 0x44, 0x1A, 0x83, 0x1A, 0x22, 0x1A, 0xC2, 0x11, 0x82, 0x11,
    0xE3, 0x11, 0x44, 0x1A, 0x42, 0x09, 0xA1, 0x08, 0xA2, 0x08, 0x63, 0x11, 0xE7, 0x2A, 0x68, 0x33,
    0xC9, 0x3B, 0x67, 0x2B, 0x05, 0x23, 0x26, 0x2B, 0x0A, 0x44, 0x68, 0x33, 0x68, 0x2B, 0x68, 0x2B,
    0x48, 0x2B, 0x83, 0x11, 0x02, 0x09, 0xC1, 0x00, 0x83, 0x11, 0x25, 0x1A, 0x27, 0x2B, 0xE6, 0x2A,
    0x64, 0x22, 0x05, 0x3B, 0xC7, 0x5B, 0x29, 0x6C, 0xA2, 0x11, 0x02, 0x09, 0x83, 0x22, 0xC5, 0x32,
    0x43, 0x11, 0x03, 0x11, 0x02, 0x11, 0x22, 0x09, 0x62, 0x11, 0x22, 0x09, 0x21, 0x09, 0x02, 0x1A,
    0x25, 0x3B, 0x43, 0x1A, 0xE4, 0x2A, 0xE4, 0x2A, 0x23, 0x12, 0xA3, 0x11, 0x83, 0x11, 0xA5, 0x32,
    0xE6, 0x4B, 0xE5, 0x53, 0xE6, 0x3A, 0x61, 0x00, 0x82, 0x00, 0x63, 0x19, 0x03, 0x22, 0x22, 0x11,
    0xE4, 0x21, 0x03, 0x11, 0xA2, 0x08, 0xC2, 0x08, 0xC2, 0x08, 0xC2, 0x00, 0xA2, 0x00, 0xC2, 0x08,
    0xA2, 0x08, 0x02, 0x09, 0xC6, 0x22, 0x47, 0x2B, 0xC6, 0x1A, 0x68, 0x33, 0x68, 0x33, 0xE6, 0x1A,
    0x68, 0x2B, 0x06, 0x2B, 0x47, 0x2B, 0x89, 0x33, 0x65, 0x1A, 0xA6, 0x22, 0x04, 0x12, 0xA3, 0x11,
    0x83, 0x11, 0x43, 0x11, 0x02, 0x09, 0x03, 0x11, 0x0A, 0x7D, 0x25, 0x3B, 0x66, 0x42, 0xD3, 0xBD,
    0xAD, 0x8C, 0xF2, 0xA4, 0x49, 0x5B, 0x26, 0x33, 0xE5, 0x19, 0x02, 0x01, 0xC4, 0x19, 0xC4, 0x19,
    0x25, 0x1A, 0x86, 0x22, 0x24, 0x1A, 0xA3, 0x11, 0x04, 0x22, 0x83, 0x11, 0xC1, 0x00, 0xC2, 0x08,
    0xC2, 0x08, 0xE2, 0x08, 0xC2, 0x08, 0xC2, 0x08, 0xC2, 0x08, 0x02, 0x09, 0xE2, 0x08, 0xC2, 0x08,
    0xA1, 0x00, 0xC2, 0x08, 0xE2, 0x08, 0x44, 0x11, 0xE3, 0x08, 0xC3, 0x08, 0x61, 0x00, 0x62, 0x00,
    0x81, 0x00, 0x82, 0x00, 0xC2, 0x08, 0xE2, 0x08, 0xA2, 0x00, 0xA2, 0x00, 0xC3, 0x08, 0xC3, 0x08,
    0xA2, 0x08, 0x82, 0x00, 0xA2, 0x08, 0x23, 0x11, 0xC4, 0x19, 0xE4, 0x11, 0x24, 0x12, 0xA7, 0x22,
    0x28, 0x2B, 0xE8, 0x22, 0xC7, 0x1A, 0x69, 0x33, 0x25, 0x1A, 0xE4, 0x11, 0x86, 0x22, 0x04, 0x12,
    0xC6, 0x22, 0x44, 0x12, 0xA6, 0x22, 0x04, 0x12, 0x66, 0x1A, 0xE7, 0x22, 0xA4, 0x11, 0xE2, 0x08,
    0xC2, 0x08, 0xE3, 0x08, 0xA2, 0x00, 0x61, 0x00, 0x83, 0x11, 0x43, 0x11, 0xA2, 0x00, 0xE2, 0x08,
    0xE2, 0x08, 0x23, 0x09, 0x64, 0x11, 0x23, 0x09, 0x23, 0x09, 0xA4, 0x11, 0x84, 0x11, 0x61, 0x00,
    0x82, 0x08, 0xE3, 0x08, 0xE2, 0x08, 0xE2, 0x08, 0xE3, 0x08, 0xC3, 0x08, 0xA2, 0x08, 0xC2, 0x08,
    0xA2, 0x08, 0xC2, 0x00, 0x63, 0x11, 0x63, 0x11, 0x43, 0x11, 0x43, 0x09, 0x02, 0x09, 0x03, 0x11,
    0x02, 0x09, 0x02, 0x09, 0xE2, 0x08, 0xE2, 0x08, 0xE2, 0x08, 0xC2, 0x00, 0xC2, 0x00, 0x24, 0x11,
    0xE6, 0x39, 0xE6, 0x31, 0xE5, 0x29, 0x65, 0x43, 0xC3, 0x22, 0x22, 0x1A, 0x02, 0x1A, 0x42, 0x1A,
    0x24, 0x2B, 0xC4, 0x22, 0x45, 0x1A, 0xC6, 0x22, 0x27, 0x2B, 0x06, 0x2B, 0x28, 0x43, 0xCA, 0x5B,
    0x27, 0x43, 0x43, 0x11, 0x64, 0x11, 0x85, 0x11, 0x64, 0x11, 0x64, 0x11, 0x03, 0x09, 0x62, 0x00,
    0x21, 0x00, 0x41, 0x00, 0x41, 0x00, 0x21, 0x00, 0x21, 0x00, 0x41, 0x00, 0x41, 0x00, 0x62, 0x00,
    0xA5, 0x11, 0x06, 0x1A, 0xA5, 0x11, 0x23, 0x09, 0x43, 0x11, 0x43, 0x11, 0xE2, 0x00, 0x03, 0x09,
    0x03, 0x09, 0x22, 0x09, 0x43, 0x09, 0xA5, 0x2A, 0xA3, 0x1A, 0x23, 0x1A, 0xE3, 0x19, 0xA2, 0x11,
    0x23, 0x1A, 0xC5, 0x22, 0xC3, 0x11, 0xE1, 0x08, 0xC2, 0x08, 0xC1, 0x00, 0xA7, 0x2A, 0x2A, 0x4C,
    0x67, 0x2B, 0x67, 0x2B, 0x26, 0x2B, 0xA7, 0x33, 0xC8, 0x33, 0xE9, 0x3B, 0xC9, 0x33, 0x47, 0x2B,
    0x25, 0x1A, 0x02, 0x09, 0xC4, 0x11, 0x26, 0x33, 0x26, 0x33, 0x84, 0x22, 0x23, 0x1A, 0x25, 0x22,
    0xC5, 0x3A, 0xA6, 0x4B, 0x25, 0x4B, 0xF0, 0xBD, 0x65, 0x3A, 0xC2, 0x19, 0x24, 0x3B, 0xC2, 0x11,
    0xE2, 0x08, 0x25, 0x2A, 0xE3, 0x21, 0x62, 0x09, 0x03, 0x1A, 0xE2, 0x19, 0xC2, 0x19, 0xC2, 0x11,
    0x02, 0x12, 0x83, 0x22, 0x04, 0x2B, 0x85, 0x33, 0xA6, 0x33, 0xA2, 0x11, 0x80, 0x00, 0x87, 0x4B,
    0xE4, 0x4B, 0xE7, 0x53, 0xE3, 0x19, 0xE1, 0x00, 0x62, 0x00, 0x64, 0x3A, 0x84, 0x32, 0x21, 0x09,
    0xA5, 0x2A, 0xE4, 0x21, 0x81, 0x00, 0xA2, 0x08, 0xC2, 0x08, 0xA2, 0x08, 0xC2, 0x08, 0xC2, 0x08,
    0xA2, 0x08, 0xE4, 0x19, 0x27, 0x2B, 0xC6, 0x2A, 0xCA, 0x43, 0x48, 0x2B, 0x07, 0x23, 0xCA, 0x3B,
    0x47, 0x2B, 0xC5, 0x22, 0xC5, 0x22, 0x68, 0x2B, 0x27, 0x2B, 0x24, 0x1A, 0x86, 0x22, 0xC3, 0x11,
    0xC3, 0x19, 0x83, 0x11, 0x42, 0x09, 0x84, 0x19, 0xCA, 0x7C, 0x24, 0x2A, 0x4A, 0x63, 0xD7, 0xDE,
    0x51, 0xAD, 0x2F, 0x84, 0x68, 0x4B, 0x26, 0x33, 0xC4, 0x11, 0x23, 0x09, 0x43, 0x11, 0xE3, 0x11,
    0xC6, 0x2A, 0x85, 0x22, 0x04, 0x1A, 0x83, 0x11, 0xA3, 0x11, 0x25, 0x1A, 0x63, 0x11, 0xA2, 0x00,
    0xC2, 0x08, 0xE2, 0x08, 0xC2, 0x08, 0x03, 0x09, 0xC2, 0x08, 0x64, 0x11, 0x03, 0x01, 0x84, 0x11,
    0xE2, 0x08, 0xA2, 0x08, 0xC2, 0x08, 0x44, 0x11, 0xA2, 0x00, 0xA2, 0x00, 0x82, 0x00, 0x82, 0x00,
    0xA2, 0x00, 0xA2, 0x08, 0xC2, 0x08, 0xE2, 0x00, 0xA2, 0x00, 0x82, 0x00, 0xC3, 0x08, 0xC3, 0x08,
    0xC3, 0x08, 0x82, 0x00, 0xA2, 0x00, 0x43, 0x09, 0x24, 0x1A, 0xC6, 0x22, 0x28, 0x33, 0xE7, 0x22,
    0xC7, 0x22, 0x49, 0x33, 0x8A, 0x33, 0x8A, 0x3B, 0x65, 0x1A, 0x86, 0x22, 0x86, 0x1A, 0x86, 0x22,
    0xE7, 0x22, 0x07, 0x2B, 0xA6, 0x22, 0xC6, 0x22, 0xE4, 0x09, 0x46, 0x22, 0xC2, 0x08, 0x61, 0x00,
    0xC2, 0x08, 0x24, 0x11, 0xE3, 0x08, 0x62, 0x00, 0xC2, 0x08, 0x03, 0x09, 0xE3, 0x08, 0x23, 0x11,
    0x44, 0x11, 0xA5, 0x19, 0x84, 0x11, 0xE6, 0x19, 0xC5, 0x11, 0xE5, 0x19, 0x23, 0x09, 0xA2, 0x08,
    0xE2, 0x08, 0x03, 0x09, 0x03, 0x09, 0x03, 0x09, 0x03, 0x09, 0xE3, 0x08, 0xE3, 0x08, 0xC2, 0x08,
    0xA2, 0x08, 0xC2, 0x00, 0xA3, 0x19, 0x83, 0x11, 0x02, 0x09, 0xA5, 0x32, 0xA3, 0x11, 0x02, 0x01,
    0x83, 0x11, 0xA4, 0x19, 0xA3, 0x11, 0x22, 0x09, 0xE2, 0x08, 0xE3, 0x10, 0x03, 0x09, 0xC2, 0x00,
    0x61, 0x00, 0x81, 0x08, 0x02, 0x11, 0x84, 0x2A, 0x04, 0x2B, 0x42, 0x1A, 0x02, 0x1A, 0x42, 0x1A,
    0x03, 0x2B, 0x04, 0x33, 0x23, 0x12, 0x85, 0x22, 0x07, 0x2B, 0x27, 0x2B, 0x48, 0x33, 0xE8, 0x4B,
    0x48, 0x64, 0x25, 0x2A, 0xE2, 0x00, 0x64, 0x11, 0x44, 0x09, 0x24, 0x09, 0x85, 0x11, 0xE3, 0x08,
    0x41, 0x00, 0x62, 0x00, 0x41, 0x00, 0x21, 0x00, 0x41, 0x00, 0x41, 0x00, 0x41, 0x00, 0x62, 0x00,
    0xE5, 0x11, 0x23, 0x09, 0x44, 0x11, 0xE5, 0x19, 0x84, 0x11, 0xA4, 0x11, 0x43, 0x09, 0x03, 0x09,
    0x23, 0x09, 0x63, 0x11, 0x02, 0x09, 0xA4, 0x2A, 0xA3, 0x22, 0x02, 0x1A, 0xE2, 0x19, 0xE2, 0x11,
    0xA4, 0x22, 0x06, 0x23, 0x44, 0x1A, 0x02, 0x09, 0xE2, 0x08, 0xE2, 0x08, 0x83, 0x09, 0x68, 0x33,
    0xC9, 0x3B, 0xE9, 0x3B, 0x26, 0x2B, 0xC8, 0x33, 0x4A, 0x44, 0xEA, 0x3B, 0x07, 0x2B, 0xE4, 0x11,
    0x02, 0x09, 0x43, 0x11, 0xA6, 0x22, 0x85, 0x22, 0x43, 0x1A, 0x04, 0x1A, 0x04, 0x1A, 0x44, 0x2A,
    0x27, 0x64, 0x86, 0x53, 0xC8, 0x63, 0x4E, 0xAD, 0x4B, 0x7C, 0xE4, 0x32, 0x43, 0x22, 0x02, 0x09,
    0x01, 0x09, 0xE5, 0x32, 0x44, 0x2A, 0xE3, 0x19, 0x83, 0x22, 0x42, 0x1A, 0x02, 0x1A, 0x02, 0x1A,
    0x42, 0x1A, 0xA3, 0x22, 0xE3, 0x22, 0x44, 0x23, 0xE5, 0x33, 0xE4, 0x19, 0x04, 0x2A, 0x47, 0x5C,
    0xA5, 0x4B, 0x61, 0x11, 0xE3, 0x19, 0x23, 0x22, 0xE1, 0x08, 0x04, 0x2A, 0x83, 0x3A, 0x03, 0x2A,
    0x02, 0x12, 0xA4, 0x32, 0x01, 0x09, 0xE2, 0x08, 0xC2, 0x08, 0xC2, 0x08, 0xC3, 0x08, 0xC2, 0x08,
    0xA2, 0x08, 0x83, 0x11, 0x27, 0x2B, 0x2B, 0x44, 0x07, 0x23, 0x47, 0x2B, 0xEA, 0x3B, 0x27, 0x2B,
    0x26, 0x23, 0xE5, 0x22, 0x26, 0x23, 0xC5, 0x1A, 0x68, 0x33, 0xC6, 0x22, 0x64, 0x1A, 0x85, 0x22,
    0xC2, 0x11, 0x04, 0x1A, 0xA3, 0x11, 0xA1, 0x00, 0x47, 0x4B, 0xC3, 0x29, 0x6C, 0x73, 0x36, 0xCE,
    0x91, 0xAD, 0xA5, 0x32, 0x84, 0x22, 0xA6, 0x2A, 0x22, 0x09, 0x02, 0x09, 0x83, 0x11, 0xE3, 0x11,
    0xA5, 0x22, 0x85, 0x1A, 0x04, 0x12, 0x82, 0x11, 0x83, 0x11, 0x04, 0x12, 0x45, 0x22, 0xE2, 0x08,
    0xC2, 0x08, 0x23, 0x09, 0xC2, 0x00, 0x85, 0x11, 0xE2, 0x08, 0xA5, 0x11, 0x23, 0x09, 0xC5, 0x11,
    0x43, 0x09, 0x03, 0x11, 0xC2, 0x00, 0x44, 0x11, 0xE3, 0x08, 0x62, 0x00, 0x82, 0x00, 0xA2, 0x00,
    0xA2, 0x00, 0xC2, 0x08, 0xC2, 0x08, 0x23, 0x09, 0xC2, 0x08, 0x82, 0x00, 0xC3, 0x08, 0xE3, 0x08,
    0xC3, 0x08, 0x82, 0x00, 0x82, 0x08, 0xC4, 0x19, 0x8A, 0x3B, 0x28, 0x33, 0xE7, 0x2A, 0x69, 0x33,
    0x8A, 0x3B, 0x28, 0x2B, 0x48, 0x2B, 0x24, 0x12, 0x44, 0x1A, 0x28, 0x2B, 0xC6, 0x22, 0x89, 0x33,
    0xE7, 0x22, 0x69, 0x33, 0x85, 0x1A, 0x68, 0x2B, 0x45, 0x1A, 0x63, 0x11, 0x81, 0x00, 0x41, 0x00,
    0x81, 0x00, 0xC2, 0x08, 0x24, 0x11, 0x06, 0x22, 0x64, 0x19, 0x03, 0x09, 0x64, 0x11, 0x64, 0x09,
    0xC5, 0x11, 0xC5, 0x11, 0x26, 0x1A, 0xE5, 0x11, 0x06, 0x22, 0x23, 0x09, 0x81, 0x00, 0x22, 0x09,
    0x84, 0x11, 0x43, 0x11, 0x43, 0x09, 0x23, 0x09, 0x22, 0x09, 0x02, 0x09, 0xE2, 0x08, 0xE2, 0x08,
    0xC2, 0x08, 0xA2, 0x00, 0xA4, 0x19, 0xC3, 0x11, 0xC1, 0x00, 0x24, 0x22, 0xAA, 0x53, 0x04, 0x1A,
    0x01, 0x01, 0x63, 0x11, 0xE3, 0x19, 0x03, 0x1A, 0x42, 0x09, 0x23, 0x11, 0x43, 0x11, 0x02, 0x09,
    0x82, 0x00, 0x82, 0x00, 0x60, 0x00, 0x42, 0x11, 0x45, 0x3B, 0xA3, 0x22, 0x22, 0x1A, 0x42, 0x1A,
    0xE3, 0x2A, 0x85, 0x3B, 0x84, 0x1A, 0x44, 0x1A, 0x85, 0x22, 0xE6, 0x22, 0x07, 0x23, 0xC7, 0x43,
    0x67, 0x64, 0x07, 0x43, 0x02, 0x01, 0xE4, 0x19, 0x43, 0x09, 0x03, 0x09, 0x03, 0x09, 0xE5, 0x21,
    0xE2, 0x08, 0x41, 0x00, 0x41, 0x00, 0x41, 0x00, 0x41, 0x00, 0x21, 0x00, 0x41, 0x00, 0x62, 0x00,
    0x23, 0x09, 0xC5, 0x11, 0x67, 0x22, 0xE5, 0x19, 0x43, 0x09, 0x84, 0x11, 0xC5, 0x19, 0x64, 0x11,
    0x02, 0x01, 0x43, 0x11, 0x23, 0x09, 0x84, 0x2A, 0xA3, 0x22, 0x02, 0x1A, 0xE2, 0x19, 0x02, 0x12,
    0xE5, 0x2A, 0x46, 0x2B, 0xC5, 0x22, 0x22, 0x09, 0x02, 0x09, 0x02, 0x09, 0x22, 0x09, 0xE7, 0x2A,
    0x87, 0x33, 0x0A, 0x44, 0x87, 0x33, 0x87, 0x33, 0xA9, 0x43, 0xE4, 0x11, 0x42, 0x09, 0x22, 0x09,
    0x23, 0x09, 0xC4, 0x19, 0xC6, 0x2A, 0xE3, 0x11, 0xA3, 0x11, 0xA3, 0x11, 0x22, 0x01, 0xE5, 0x4A,
    0x67, 0x74, 0x8C, 0x84, 0x2B, 0x84, 0xEA, 0x7B, 0xE8, 0x6B, 0x62, 0x22, 0xC3, 0x19, 0x61, 0x00,
    0xE3, 0x21, 0x05, 0x33, 0x82, 0x19, 0xC4, 0x19, 0xC3, 0x22, 0xA2, 0x1A, 0x42, 0x1A, 0x42, 0x1A,
    0x21, 0x1A, 0x83, 0x22, 0xE3, 0x22, 0x44, 0x2B, 0xE6, 0x43, 0x84, 0x11, 0x46, 0x4B, 0xC3, 0x32,
    0xE2, 0x08, 0x62, 0x00, 0xC1, 0x00, 0x82, 0x11, 0xA3, 0x19, 0xC3, 0x21, 0x25, 0x5B, 0x05, 0x53,
    0xC2, 0x11, 0x25, 0x3B, 0x03, 0x22, 0xC3, 0x11, 0x43, 0x09, 0xC2, 0x00, 0xE3, 0x08, 0xC2, 0x08,
    0xC2, 0x08, 0xA7, 0x2A, 0xCA, 0x3B, 0xC5, 0x22, 0x89, 0x3B, 0xEA, 0x43, 0x27, 0x23, 0xA9, 0x33,
    0x88, 0x33, 0xE5, 0x1A, 0x88, 0x33, 0x68, 0x33, 0xA5, 0x22, 0x88, 0x2B, 0x65, 0x1A, 0x85, 0x22,
    0x44, 0x1A, 0x03, 0x12, 0x45, 0x22, 0xA2, 0x00, 0x85, 0x32, 0xA3, 0x19, 0xCA, 0x52, 0x17, 0xC6,
    0x6F, 0x9D, 0x04, 0x33, 0x64, 0x22, 0x02, 0x09, 0x82, 0x00, 0x22, 0x09, 0x66, 0x22, 0x65, 0x1A,
    0x04, 0x12, 0x45, 0x1A, 0xE3, 0x11, 0x82, 0x11, 0xA3, 0x11, 0xE3, 0x11, 0x85, 0x22, 0xC4, 0x19,
    0xC2, 0x08, 0x44, 0x11, 0xE2, 0x00, 0x07, 0x22, 0xE2, 0x00, 0x27, 0x22, 0x84, 0x11, 0xC5, 0x11,
    0x64, 0x11, 0xA5, 0x19, 0x23, 0x09, 0x23, 0x09, 0x64, 0x19, 0x82, 0x00, 0xA2, 0x08, 0xA2, 0x08,
    0xC2, 0x08, 0xC2, 0x08, 0xE2, 0x08, 0x43, 0x11, 0xE2, 0x08, 0x81, 0x00, 0xC3, 0x08, 0x03, 0x09,
    0xA2, 0x08, 0x82, 0x00, 0xA2, 0x08, 0x63, 0x11, 0x86, 0x1A, 0x49, 0x33, 0xAA, 0x43, 0x08, 0x33,
    0x08, 0x2B, 0xAA, 0x3B, 0x49, 0x33, 0x45, 0x1A, 0x44, 0x12, 0x27, 0x2B, 0x28, 0x2B, 0xA9, 0x33,
    0x28, 0x2B, 0x89, 0x33, 0xE7, 0x22, 0xE6, 0x22, 0x08, 0x2B, 0x22, 0x09, 0x82, 0x00, 0x62, 0x00,
    0x61, 0x00, 0x61, 0x00, 0x81, 0x00, 0x4A, 0x4B, 0x08, 0x3B, 0xA5, 0x11, 0xA5, 0x11, 0xC5, 0x11,
    0x47, 0x22, 0x87, 0x1A, 0x67, 0x1A, 0x06, 0x22, 0xE3, 0x08, 0x81, 0x00, 0xC2, 0x08, 0x43, 0x11,
    0xE4, 0x19, 0xA4, 0x11, 0x83, 0x11, 0x43, 0x09, 0x43, 0x11, 0x23, 0x09, 0x02, 0x09, 0xE2, 0x08,
    0xC2, 0x08, 0xA2, 0x00, 0x63, 0x11, 0x03, 0x1A, 0x62, 0x11, 0xC1, 0x00, 0x25, 0x22, 0x2C, 0x64,
    0xA7, 0x3A, 0x62, 0x11, 0x82, 0x11, 0x44, 0x1A, 0x44, 0x1A, 0x42, 0x09, 0xC4, 0x11, 0x43, 0x11,
    0x61, 0x00, 0xA2, 0x00, 0xA2, 0x08, 0xA2, 0x00, 0xC5, 0x32, 0x03, 0x2B, 0x62, 0x1A, 0x62, 0x22,
    0xE2, 0x22, 0xA5, 0x3B, 0xE5, 0x2A, 0x23, 0x12, 0x85, 0x22, 0xA6, 0x22, 0xA6, 0x22, 0x67, 0x33,
    0x68, 0x64, 0x47, 0x43, 0xA2, 0x11, 0x23, 0x1A, 0x83, 0x11, 0x23, 0x11, 0x43, 0x11, 0x25, 0x2A,
    0xC4, 0x29, 0x41, 0x00, 0x41, 0x00, 0x41, 0x00, 0x41, 0x00, 0x41, 0x00, 0x41, 0x00, 0x62, 0x00,
    0x47, 0x1A, 0x26, 0x1A, 0x84, 0x11, 0x63, 0x09, 0x63, 0x11, 0x43, 0x09, 0x63, 0x09, 0xC4, 0x11,
    0x84, 0x11, 0x23, 0x09, 0x23, 0x09, 0x85, 0x2A, 0xC3, 0x22, 0x02, 0x1A, 0x02, 0x1A, 0x02, 0x12,
    0x05, 0x2B, 0x87, 0x33, 0x26, 0x2B, 0xE4, 0x19, 0x22, 0x09, 0x22, 0x09, 0x02, 0x09, 0xA3, 0x11,
    0x67, 0x33, 0xE9, 0x3B, 0xC8, 0x3B, 0xC9, 0x43, 0x42, 0x09, 0xE2, 0x08, 0x02, 0x09, 0x43, 0x11,
    0x43, 0x09, 0x65, 0x22, 0x84, 0x1A, 0xC2, 0x09, 0x83, 0x11, 0x83, 0x11, 0x22, 0x09, 0x46, 0x53,
    0x09, 0x6C, 0x54, 0xCE, 0xF1, 0xA4, 0x49, 0x6B, 0xC4, 0x3A, 0xA2, 0x11, 0x02, 0x09, 0xE2, 0x08,
    0xA5, 0x32, 0xE4, 0x32, 0x01, 0x09, 0xA5, 0x21, 0xA7, 0x43, 0x03, 0x2B, 0xA2, 0x22, 0x81, 0x22,
    0x61, 0x1A, 0x42, 0x1A, 0xC3, 0x22, 0x64, 0x2B, 0x85, 0x3B, 0x22, 0x11, 0x28, 0x4B, 0xA0, 0x08,
    0x61, 0x00, 0xA2, 0x00, 0xA2, 0x08, 0xE2, 0x08, 0x02, 0x09, 0xA2, 0x21, 0x4A, 0x8C, 0xE9, 0x83,
    0x02, 0x22, 0x45, 0x43, 0x83, 0x32, 0xE3, 0x09, 0x85, 0x2A, 0xE2, 0x00, 0xE3, 0x08, 0xC3, 0x08,
    0x23, 0x09, 0xC7, 0x2A, 0xE6, 0x22, 0x6C, 0x54, 0xEA, 0x43, 0x07, 0x2B, 0x0A, 0x44, 0x67, 0x2B,
    0x05, 0x23, 0xC5, 0x22, 0xE5, 0x22, 0xEA, 0x3B, 0x07, 0x2B, 0x06, 0x23, 0x69, 0x33, 0x24, 0x1A,
    0xC5, 0x2A, 0x43, 0x1A, 0xC4, 0x11, 0xE2, 0x08, 0xA4, 0x19, 0x25, 0x2A, 0x23, 0x11, 0xED, 0x73,
    0x6D, 0x7C, 0xC2, 0x19, 0x42, 0x09, 0xA2, 0x08, 0xA2, 0x08, 0xE5, 0x19, 0xA6, 0x22, 0x85, 0x1A,
    0x45, 0x1A, 0x24, 0x1A, 0xE3, 0x11, 0xA2, 0x11, 0xE3, 0x11, 0xC3, 0x11, 0x44, 0x1A, 0x65, 0x22,
    0xA1, 0x00, 0x81, 0x00, 0xC2, 0x08, 0x85, 0x11, 0xE2, 0x00, 0x68, 0x22, 0x85, 0x11, 0x68, 0x2A,
    0xC5, 0x11, 0x26, 0x1A, 0x67, 0x22, 0xC5, 0x11, 0xA4, 0x11, 0xC2, 0x00, 0xA2, 0x08, 0xC2, 0x08,
    0xC2, 0x08, 0xC2, 0x08, 0x02, 0x09, 0x63, 0x11, 0x64, 0x11, 0xA2, 0x08, 0xE2, 0x08, 0xC2, 0x00,
    0x82, 0x00, 0x81, 0x00, 0x82, 0x00, 0x02, 0x11, 0x28, 0x33, 0x49, 0x33, 0x07, 0x2B, 0xCB, 0x43,
    0xAA, 0x3B, 0x07, 0x23, 0x45, 0x1A, 0xE7, 0x2A, 0x28, 0x2B, 0x48, 0x2B, 0xEA, 0x3B, 0xAA, 0x3B,
    0xAA, 0x3B, 0x8A, 0x33, 0xAA, 0x3B, 0xA6, 0x22, 0x86, 0x22, 0xC2, 0x00, 0xA2, 0x08, 0x82, 0x00,
    0x62, 0x00, 0x62, 0x00, 0x61, 0x00, 0x03, 0x11, 0xCC, 0x63, 0x8C, 0x53, 0x68, 0x32, 0xE5, 0x19,
    0xA5, 0x11, 0x67, 0x22, 0x44, 0x09, 0xC2, 0x08, 0x41, 0x00, 0x61, 0x00, 0xC2, 0x08, 0x23, 0x11,
    0x45, 0x22, 0x24, 0x12, 0xA3, 0x11, 0x83, 0x11, 0x63, 0x11, 0x23, 0x11, 0x03, 0x09, 0x03, 0x09,
    0x02, 0x09, 0xA2, 0x00, 0x02, 0x09, 0x23, 0x22, 0xE3, 0x19, 0x42, 0x11, 0x02, 0x09, 0x42, 0x09,
    0x24, 0x22, 0xA3, 0x11, 0x82, 0x11, 0x03, 0x1A, 0xA5, 0x22, 0xC3, 0x11, 0x63, 0x11, 0xA1, 0x00,
    0x61, 0x00, 0x61, 0x00, 0xC2, 0x08, 0xA2, 0x00, 0x42, 0x11, 0xE3, 0x32, 0xE3, 0x2A, 0x62, 0x1A,
    0xE3, 0x2A, 0xA6, 0x3B, 0xC4, 0x22, 0x85, 0x22, 0x64, 0x1A, 0xC6, 0x22, 0x07, 0x2B, 0xE6, 0x22,
    0x66, 0x3B, 0x84, 0x2A, 0x03, 0x1A, 0x43, 0x1A, 0xC3, 0x11, 0x02, 0x09, 0x43, 0x09, 0x04, 0x1A,
    0x45, 0x2A, 0x23, 0x11, 0x41, 0x00, 0x41, 0x00, 0x42, 0x00, 0x41, 0x00, 0x41, 0x00, 0x61, 0x00,
    0xC5, 0x11, 0x84, 0x09, 0xA7, 0x22, 0x86, 0x22, 0xA4, 0x11, 0xC4, 0x11, 0x63, 0x09, 0x63, 0x09,
    0xE5, 0x19, 0xA4, 0x11, 0x02, 0x01, 0x03, 0x1A, 0xE4, 0x22, 0x22, 0x1A, 0x22, 0x1A, 0x42, 0x1A,
    0x26, 0x2B, 0xE9, 0x3B, 0x87, 0x33, 0x65, 0x1A, 0x42, 0x09, 0x62, 0x11, 0x42, 0x09, 0x22, 0x09,
    0x03, 0x1A, 0xC8, 0x3B, 0x88, 0x33, 0x04, 0x1A, 0x22, 0x09, 0x43, 0x11, 0x83, 0x11, 0xC4, 0x11,
    0xC4, 0x11, 0xA6, 0x22, 0xE6, 0x2A, 0x04, 0x1A, 0x82, 0x11, 0x63, 0x11, 0x62, 0x09, 0x43, 0x2A,
    0xF0, 0x9C, 0xFA, 0xEE, 0x16, 0xCE, 0xE8, 0x52, 0xC4, 0x21, 0x64, 0x11, 0x02, 0x09, 0x84, 0x11,
    0x25, 0x33, 0xC4, 0x2A, 0x01, 0x09, 0xA5, 0x29, 0x68, 0x4B, 0x02, 0x1A, 0x45, 0x3B, 0x84, 0x3B,
    0xE1, 0x22, 0x81, 0x1A, 0xC2, 0x22, 0xE5, 0x43, 0x24, 0x22, 0x02, 0x09, 0xC5, 0x29, 0x61, 0x00,
    0x82, 0x08, 0x81, 0x00, 0xA2, 0x00, 0xA2, 0x00, 0x03, 0x11, 0xE9, 0x52, 0x2B, 0x8C, 0x4A, 0x8C,
    0x84, 0x3A, 0x25, 0x43, 0xA4, 0x32, 0x02, 0x12, 0x64, 0x1A, 0x03, 0x09, 0xC3, 0x08, 0xC3, 0x08,
    0x02, 0x09, 0xA7, 0x2A, 0xAD, 0x5C, 0x88, 0x3B, 0x48, 0x2B, 0x2B, 0x4C, 0x07, 0x23, 0x47, 0x2B,
    0xE8, 0x3B, 0x26, 0x23, 0x26, 0x2B, 0x26, 0x23, 0x0A, 0x44, 0xA5, 0x22, 0x88, 0x33, 0x47, 0x2B,
    0x84, 0x1A, 0x27, 0x33, 0x04, 0x12, 0xE2, 0x08, 0x23, 0x09, 0xA5, 0x19, 0x23, 0x09, 0xEA, 0x4A,
    0x06, 0x32, 0xA1, 0x00, 0x02, 0x09, 0xE2, 0x08, 0x22, 0x09, 0x25, 0x1A, 0xE6, 0x2A, 0xA5, 0x22,
    0x44, 0x1A, 0x04, 0x1A, 0xE3, 0x19, 0xC3, 0x11, 0xE3, 0x11, 0xE3, 0x11, 0x24, 0x1A, 0x07, 0x2B,
    0xA4, 0x11, 0xC2, 0x08, 0xE3, 0x08, 0xE2, 0x08, 0xE2, 0x08, 0xA5, 0x11, 0x03, 0x09, 0x64, 0x11,
    0x44, 0x11, 0xC5, 0x19, 0x06, 0x1A, 0x47, 0x22, 0xE5, 0x19, 0x23, 0x09, 0xC2, 0x08, 0x02, 0x09,
    0x23, 0x09, 0x22, 0x09, 0x02, 0x09, 0x83, 0x11, 0x46, 0x22, 0x02, 0x09, 0xC2, 0x00, 0xC2, 0x08,
    0xC2, 0x08, 0xC2, 0x08, 0xA2, 0x00, 0x43, 0x11, 0x45, 0x1A, 0x8A, 0x3B, 0x0C, 0x4C, 0x49, 0x33,
    0x49, 0x33, 0xE7, 0x22, 0x85, 0x1A, 0x07, 0x23, 0xEB, 0x3B, 0x48, 0x2B, 0x2C, 0x4C, 0xAA, 0x3B,
    0x0C, 0x4C, 0x49, 0x2B, 0x0B, 0x44, 0xE7, 0x2A, 0x22, 0x09, 0x41, 0x00, 0x82, 0x00, 0x82, 0x00,
    0x82, 0x00, 0x82, 0x00, 0x82, 0x00, 0x61, 0x00, 0xC6, 0x29, 0xD2, 0x84, 0x4C, 0x5B, 0xC9, 0x3A,
    0x44, 0x11, 0xA2, 0x00, 0x82, 0x00, 0x41, 0x00, 0x61, 0x00, 0x61, 0x00, 0x61, 0x00, 0xA2, 0x00,
    0xE4, 0x19, 0x85, 0x1A, 0x44, 0x1A, 0xC3, 0x11, 0x63, 0x09, 0x84, 0x11, 0x84, 0x11, 0x03, 0x09,
    0x03, 0x09, 0xE2, 0x08, 0xA1, 0x00, 0x04, 0x22, 0x63, 0x22, 0x82, 0x11, 0x83, 0x11, 0x82, 0x11,
    0x62, 0x09, 0x63, 0x09, 0x82, 0x11, 0xC2, 0x11, 0x64, 0x1A, 0x63, 0x11, 0x81, 0x00, 0x81, 0x00,
    0x61, 0x00, 0x61, 0x00, 0xA2, 0x00, 0xE3, 0x08, 0xA2, 0x00, 0xC2, 0x19, 0x64, 0x3B, 0xA2, 0x22,
    0x64, 0x33, 0xC7, 0x43, 0xC5, 0x22, 0x07, 0x2B, 0x44, 0x1A, 0x65, 0x1A, 0xC5, 0x1A, 0xC6, 0x22,
    0x47, 0x33, 0x45, 0x1A, 0xE3, 0x11, 0x63, 0x1A, 0x03, 0x1A, 0x01, 0x09, 0xE2, 0x00, 0x45, 0x2A,
    0x44, 0x22, 0x45, 0x22, 0x84, 0x19, 0xE2, 0x08, 0x41, 0x00, 0x41, 0x00, 0x61, 0x00, 0x61, 0x00,
    0x26, 0x1A, 0xC8, 0x2A, 0x25, 0x1A, 0x83, 0x09, 0x42, 0x09, 0xA4, 0x11, 0xE5, 0x19, 0x63, 0x09,
    0x64, 0x09, 0xE5, 0x11, 0x84, 0x11, 0x03, 0x1A, 0x24, 0x2B, 0x62, 0x1A, 0x22, 0x1A, 0x42, 0x1A,
    0x66, 0x33, 0xE9, 0x43, 0xE9, 0x3B, 0x85, 0x22, 0x62, 0x09, 0xA3, 0x11, 0x82, 0x09, 0x43, 0x11,
    0x83, 0x11, 0xE8, 0x3B, 0x84, 0x1A, 0x02, 0x09, 0x83, 0x11, 0xC3, 0x11, 0x24, 0x1A, 0x24, 0x1A,
    0x04, 0x12, 0x07, 0x2B, 0x27, 0x2B, 0xE3, 0x11, 0xA3, 0x11, 0x63, 0x11, 0x83, 0x11, 0x24, 0x22,
    0xF2, 0x9C, 0x3B, 0xEF, 0xEF, 0x94, 0xC3, 0x11, 0xA4, 0x11, 0x64, 0x11, 0x23, 0x09, 0xA3, 0x19,
    0x45, 0x33, 0xE4, 0x32, 0x42, 0x09, 0x64, 0x21, 0x71, 0x95, 0x05, 0x2A, 0x22, 0x09, 0x45, 0x2A,
    0xA4, 0x2A, 0x25, 0x3B, 0x43, 0x33, 0xA6, 0x43, 0x22, 0x09, 0x81, 0x08, 0x81, 0x00, 0x81, 0x00,
    0xA2, 0x08, 0xC2, 0x08, 0xA1, 0x08, 0x61, 0x00, 0x24, 0x19, 0x88, 0x42, 0x27, 0x5B, 0x2B, 0x84,
    0xC4, 0x29, 0xE7, 0x4A, 0x22, 0x09, 0x04, 0x1A, 0x69, 0x43, 0x64, 0x11, 0xC2, 0x00, 0xE3, 0x08,
    0xC4, 0x19, 0xEB, 0x4B, 0x89, 0x33, 0xA9, 0x43, 0x6D, 0x5C, 0x27, 0x2B, 0xC9, 0x3B, 0x6C, 0x54,
    0x67, 0x33, 0x66, 0x2B, 0x09, 0x3C, 0xE5, 0x22, 0xA8, 0x33, 0xEA, 0x43, 0x84, 0x1A, 0x2A, 0x44,
    0x26, 0x2B, 0xC5, 0x22, 0xA5, 0x22, 0x22, 0x09, 0x43, 0x11, 0x43, 0x09, 0x44, 0x11, 0x44, 0x11,
    0xE1, 0x08, 0xE3, 0x08, 0x03, 0x09, 0x02, 0x09, 0xE2, 0x08, 0x45, 0x1A, 0xE6, 0x22, 0xC5, 0x22,
    0x44, 0x1A, 0x23, 0x1A, 0x03, 0x1A, 0xE3, 0x11, 0x03, 0x1A, 0x03, 0x1A, 0x64, 0x22, 0x27, 0x2B,
    0xA6, 0x22, 0x03, 0x09, 0x23, 0x09, 0x43, 0x11, 0x44, 0x11, 0xC5, 0x11, 0x64, 0x11, 0x61, 0x00,
    0x61, 0x00, 0x61, 0x00, 0x82, 0x00, 0xC2, 0x00, 0x23, 0x09, 0x22, 0x09, 0xE2, 0x08, 0x22, 0x09,
    0x63, 0x09, 0xC4, 0x11, 0x05, 0x1A, 0x83, 0x11, 0x66, 0x22, 0x63, 0x11, 0xA1, 0x00, 0xC2, 0x08,
    0xE2, 0x08, 0xE2, 0x08, 0xC2, 0x08, 0x22, 0x09, 0xE7, 0x2A, 0x69, 0x3B, 0x49, 0x3B, 0xEB, 0x43,
    0x69, 0x33, 0xC6, 0x22, 0xE6, 0x2A, 0x07, 0x23, 0xEB, 0x43, 0x69, 0x33, 0x2C, 0x4C, 0xAA, 0x3B,
    0x2C, 0x44, 0x49, 0x2B, 0x86, 0x22, 0x83, 0x11, 0x63, 0x11, 0xC1, 0x08, 0xA2, 0x00, 0xC2, 0x08,
    0xA2, 0x08, 0xA2, 0x00, 0xA2, 0x08, 0xA2, 0x08, 0x40, 0x00, 0x89, 0x42, 0x0F, 0x7C, 0x68, 0x32,
    0x8C, 0x53, 0xE2, 0x08, 0xC2, 0x08, 0x82, 0x00, 0x41, 0x00, 0x61, 0x00, 0x82, 0x08, 0x61, 0x00,
    0x43, 0x11, 0x85, 0x22, 0x04, 0x1A, 0xC4, 0x19, 0xC3, 0x11, 0x05, 0x1A, 0x84, 0x11, 0x23, 0x11,
    0x23, 0x11, 0xE2, 0x08, 0x82, 0x00, 0x62, 0x09, 0xE3, 0x2A, 0x03, 0x1A, 0x42, 0x09, 0x04, 0x22,
    0x03, 0x1A, 0xC3, 0x11, 0xC2, 0x11, 0xA2, 0x11, 0x24, 0x1A, 0xE2, 0x08, 0x61, 0x00, 0x82, 0x00,
    0x62, 0x00, 0x61, 0x00, 0x81, 0x00, 0xC2, 0x08, 0xC2, 0x08, 0xC1, 0x00, 0xC4, 0x2A, 0x64, 0x3B,
    0xC7, 0x43, 0x67, 0x3B, 0xE6, 0x22, 0xE6, 0x22, 0xC6, 0x22, 0x65, 0x1A, 0xC6, 0x22, 0xA5, 0x22,
    0x45, 0x1A, 0x04, 0x1A, 0xE3, 0x19, 0x83, 0x22, 0x84, 0x22, 0x42, 0x09, 0xA4, 0x21, 0x2C, 0x6C,
    0x64, 0x2A, 0x06, 0x3B, 0x24, 0x1A, 0xE4, 0x11, 0x83, 0x11, 0xA2, 0x08, 0x61, 0x00, 0x62, 0x00,
    0x87, 0x22, 0xA4, 0x09, 0x46, 0x22, 0xC4, 0x11, 0x83, 0x11, 0x83, 0x11, 0xC4, 0x11, 0x25, 0x1A,
    0x63, 0x09, 0x63, 0x09, 0x26, 0x1A, 0x65, 0x1A, 0x44, 0x33, 0x82, 0x22, 0x42, 0x1A, 0x83, 0x1A,
    0xC8, 0x3B, 0xA8, 0x3B, 0x29, 0x44, 0xC6, 0x2A, 0xC3, 0x11, 0xA5, 0x22, 0xA3, 0x11, 0x83, 0x11,
    0x82, 0x09, 0x85, 0x22, 0xA3, 0x11, 0x42, 0x09, 0xA3, 0x11, 0xE3, 0x11, 0x44, 0x1A, 0x85, 0x1A,
    0x85, 0x22, 0xA5, 0x22, 0x06, 0x2B, 0x24, 0x1A, 0xE3, 0x11, 0xA3, 0x11, 0x62, 0x11, 0x83, 0x19,
    0xB5, 0xB5, 0xFA, 0xE6, 0xC9, 0x5B, 0xC2, 0x11, 0x84, 0x11, 0x64, 0x11, 0x23, 0x11, 0xE3, 0x19,
    0x24, 0x33, 0x05, 0x33, 0x83, 0x19, 0x60, 0x00, 0xEC, 0x6B, 0xD3, 0xA5, 0x64, 0x21, 0xC3, 0x08,
    0xE3, 0x08, 0xC1, 0x00, 0x05, 0x33, 0x87, 0x43, 0xE1, 0x00, 0x82, 0x00, 0x81, 0x08, 0xC2, 0x08,
    0xC2, 0x08, 0xE2, 0x08, 0xE2, 0x08, 0xA1, 0x08, 0xA2, 0x00, 0xE2, 0x08, 0x48, 0x4B, 0x66, 0x3A,
    0x03, 0x11, 0x84, 0x21, 0x24, 0x11, 0xC2, 0x00, 0xC5, 0x19, 0x64, 0x11, 0xA2, 0x00, 0xA2, 0x08,
    0x63, 0x09, 0xE6, 0x22, 0x8C, 0x5C, 0x6C, 0x5C, 0x27, 0x2B, 0x4B, 0x4C, 0x4B, 0x4C, 0x87, 0x33,
    0x46, 0x2B, 0xE4, 0x22, 0xC8, 0x33, 0x2A, 0x4C, 0xE5, 0x22, 0x8C, 0x54, 0x88, 0x3B, 0x26, 0x2B,
    0x8B, 0x54, 0x26, 0x2B, 0xC3, 0x11, 0x22, 0x09, 0x43, 0x09, 0x43, 0x09, 0x23, 0x11, 0xE2, 0x08,
    0x02, 0x09, 0x02, 0x09, 0x02, 0x09, 0x02, 0x09, 0xE2, 0x08, 0xE4, 0x19, 0x07, 0x2B, 0xA5, 0x1A,
    0x44, 0x1A, 0x23, 0x1A, 0xE3, 0x19, 0xE3, 0x19, 0x23, 0x1A, 0x43, 0x1A, 0x64, 0x1A, 0x27, 0x2B,
    0xA6, 0x22, 0xE2, 0x00, 0x44, 0x11, 0x43, 0x09, 0x64, 0x09, 0x47, 0x1A, 0xC9, 0x22, 0x23, 0x09,
    0x61, 0x00, 0x82, 0x00, 0x61, 0x00, 0x82, 0x08, 0xE3, 0x08, 0x43, 0x11, 0x84, 0x11, 0xA4, 0x19,
    0x63, 0x11, 0x05, 0x12, 0xE9, 0x2A, 0xC8, 0x2A, 0x45, 0x1A, 0xE5, 0x19, 0xE2, 0x08, 0xE2, 0x08,
    0xE2, 0x08, 0x02, 0x09, 0xC3, 0x08, 0x22, 0x09, 0x86, 0x22, 0x8A, 0x43, 0xAA, 0x43, 0x69, 0x3B,
    0x48, 0x2B, 0x85, 0x1A, 0x89, 0x3B, 0x49, 0x2B, 0xEB, 0x43, 0xCB, 0x43, 0xCB, 0x43, 0xAA, 0x43,
    0x8A, 0x33, 0xA6, 0x22, 0xE1, 0x00, 0x22, 0x09, 0xC4, 0x19, 0x25, 0x22, 0x43, 0x09, 0xC2, 0x08,
    0xE3, 0x08, 0x03, 0x09, 0xC2, 0x08, 0xA2, 0x00, 0xA1, 0x00, 0x81, 0x00, 0x6C, 0x5B, 0x84, 0x19,
    0xA8, 0x42, 0xAA, 0x5B, 0xE2, 0x08, 0xA2, 0x08, 0x61, 0x00, 0x82, 0x08, 0x82, 0x08, 0x62, 0x00,
    0xC2, 0x08, 0x86, 0x22, 0xC7, 0x2A, 0x04, 0x12, 0xA6, 0x22, 0x87, 0x22, 0x84, 0x11, 0x64, 0x11,
    0x43, 0x09, 0x03, 0x09, 0xA2, 0x08, 0x22, 0x09, 0x43, 0x22, 0xA4, 0x22, 0x42, 0x09, 0x42, 0x09,
    0x44, 0x1A, 0x23, 0x1A, 0x64, 0x1A, 0x44, 0x22, 0x24, 0x1A, 0xA1, 0x00, 0x61, 0x00, 0x82, 0x00,
    0xA2, 0x08, 0x81, 0x00, 0x81, 0x00, 0xA2, 0x00, 0xE2, 0x08, 0xA1, 0x00, 0x44, 0x2A, 0xCA, 0x6C,
    0x47, 0x3B, 0xCB, 0x4B, 0x28, 0x2B, 0x07, 0x23, 0x27, 0x2B, 0x84, 0x1A, 0x24, 0x12, 0x44, 0x1A,
    0x86, 0x22, 0xC4, 0x11, 0x82, 0x11, 0xA4, 0x22, 0xC4, 0x22, 0xA2, 0x11, 0x87, 0x3A, 0x2C, 0x74,
    0x85, 0x2A, 0x06, 0x3B, 0x66, 0x32, 0x83, 0x11, 0x45, 0x22, 0x25, 0x22, 0xE2, 0x08, 0x81, 0x00,
    0xC4, 0x11, 0x09, 0x2B, 0x49, 0x2B, 0xE5, 0x19, 0xC4, 0x11, 0x25, 0x1A, 0x63, 0x11, 0x46, 0x1A,
    0xA7, 0x22, 0x63, 0x09, 0xA4, 0x11, 0x25, 0x1A, 0x04, 0x2B, 0xA2, 0x22, 0x42, 0x1A, 0xA3, 0x22,
    0x09, 0x44, 0xC9, 0x43, 0x2A, 0x44, 0xC6, 0x2A, 0x83, 0x09, 0x07, 0x2B, 0xE3, 0x11, 0x23, 0x1A,
    0xC2, 0x11, 0xC3, 0x11, 0xA2, 0x11, 0xE3, 0x19, 0xE3, 0x19, 0x23, 0x1A, 0xA4, 0x22, 0xE5, 0x22,
    0xC5, 0x22, 0xC5, 0x22, 0x47, 0x2B, 0x84, 0x1A, 0x24, 0x1A, 0xA3, 0x11, 0x82, 0x11, 0xC4, 0x19,
    0xD0, 0x84, 0x15, 0xB6, 0xA5, 0x32, 0xE4, 0x11, 0xA4, 0x11, 0x83, 0x11, 0x43, 0x09, 0x65, 0x2A,
    0x85, 0x3B, 0x25, 0x33, 0x63, 0x19, 0x41, 0x00, 0x23, 0x11, 0xAC, 0x63, 0x0A, 0x53, 0xE2, 0x08,
    0xA2, 0x00, 0x81, 0x00, 0x01, 0x09, 0x45, 0x2A, 0xA1, 0x00, 0x82, 0x08, 0xC2, 0x08, 0x02, 0x09,
    0x02, 0x09, 0x84, 0x11, 0x23, 0x09, 0xC2, 0x08, 0xC2, 0x00, 0xC4, 0x19, 0x84, 0x19, 0xC2, 0x08,
    0xE3, 0x10, 0x61, 0x00, 0xC2, 0x08, 0xC2, 0x08, 0x81, 0x00, 0xE2, 0x08, 0xA2, 0x08, 0x81, 0x00,
    0x22, 0x09, 0x2A, 0x4C, 0xC9, 0x43, 0x06, 0x2B, 0x8D, 0x5C, 0xC9, 0x3B, 0x47, 0x33, 0xE9, 0x43,
    0x46, 0x2B, 0x66, 0x33, 0xE5, 0x22, 0x6B, 0x54, 0xC8, 0x3B, 0x67, 0x33, 0xEE, 0x64, 0xE5, 0x22,
    0xA7, 0x33, 0x27, 0x33, 0x22, 0x09, 0x23, 0x09, 0x43, 0x09, 0x63, 0x11, 0x02, 0x09, 0xE2, 0x08,
    0x02, 0x09, 0x02, 0x09, 0x02, 0x09, 0x02, 0x09, 0xE2, 0x08, 0x83, 0x11, 0xE6, 0x2A, 0xC5, 0x22,
    0x64, 0x1A, 0x64, 0x1A, 0x03, 0x1A, 0x03, 0x1A, 0x64, 0x1A, 0x84, 0x1A, 0xC4, 0x22, 0x87, 0x3B,
    0x24, 0x1A, 0x23, 0x09, 0x84, 0x11, 0x84, 0x11, 0xA5, 0x11, 0x06, 0x1A, 0x67, 0x1A, 0x44, 0x11,
    0x62, 0x00, 0x82, 0x00, 0x61, 0x00, 0x62, 0x00, 0xA2, 0x00, 0x03, 0x11, 0xE5, 0x19, 0xE5, 0x11,
    0x43, 0x09, 0x46, 0x1A, 0x67, 0x22, 0x06, 0x1A, 0xC5, 0x19, 0x84, 0x11, 0x43, 0x09, 0x02, 0x09,
    0x02, 0x09, 0x02, 0x09, 0x03, 0x11, 0x02, 0x01, 0x66, 0x22, 0x8A, 0x3B, 0x8A, 0x3B, 0x8A, 0x3B,
    0x07, 0x2B, 0xC7, 0x22, 0xAA, 0x3B, 0xAA, 0x3B, 0x8A, 0x3B, 0xEB, 0x43, 0x08, 0x2B, 0xEB, 0x43,
    0x25, 0x1A, 0x22, 0x09, 0x02, 0x09, 0x22, 0x11, 0xA3, 0x11, 0x65, 0x1A, 0xC7, 0x22, 0xC4, 0x11,
    0x23, 0x11, 0xE3, 0x08, 0xC2, 0x08, 0xC2, 0x08, 0xC2, 0x08, 0xA2, 0x08, 0xC5, 0x19, 0x86, 0x2A,
    0x60, 0x00, 0xC8, 0x42, 0xA7, 0x42, 0x61, 0x00, 0x82, 0x00, 0x82, 0x08, 0x82, 0x08, 0x62, 0x00,
    0x82, 0x08, 0x25, 0x1A, 0x66, 0x1A, 0xE7, 0x2A, 0x69, 0x33, 0xA7, 0x1A, 0xE5, 0x11, 0xC4, 0x11,
    0xA4, 0x11, 0x23, 0x09, 0xE2, 0x08, 0x43, 0x11, 0x22, 0x09, 0x43, 0x22, 0x44, 0x22, 0x83, 0x09,
    0x63, 0x11, 0x02, 0x09, 0x43, 0x09, 0xA3, 0x11, 0xE7, 0x3A, 0x43, 0x19, 0x61, 0x00, 0xA2, 0x08,
    0x81, 0x00, 0x82, 0x00, 0x82, 0x00, 0x82, 0x00, 0x02, 0x09, 0xC2, 0x00, 0x04, 0x22, 0x0A, 0x4C,
    0xE6, 0x2A, 0xAA, 0x43, 0x28, 0x2B, 0x48, 0x2B, 0x07, 0x2B, 0xC5, 0x22, 0x85, 0x1A, 0x85, 0x22,
    0x24, 0x1A, 0xE4, 0x19, 0xA3, 0x11, 0x04, 0x1A, 0xC4, 0x22, 0x84, 0x22, 0x04, 0x22, 0x51, 0xAD,
    0xAA, 0x5B, 0x47, 0x3B, 0x86, 0x32, 0x22, 0x09, 0xE3, 0x11, 0x65, 0x1A, 0xA6, 0x2A, 0x44, 0x09,
    0xAB, 0x33, 0xE8, 0x22, 0xC4, 0x11, 0x63, 0x11, 0xA3, 0x11, 0x04, 0x12, 0x25, 0x22, 0xC3, 0x09,
    0xC7, 0x22, 0x67, 0x22, 0x63, 0x09, 0x84, 0x11, 0x26, 0x3B, 0xE3, 0x2A, 0x62, 0x1A, 0xE4, 0x2A,
    0xE8, 0x43, 0xA8, 0x3B, 0x09, 0x44, 0x45, 0x22, 0x20, 0x00, 0x84, 0x11, 0x65, 0x22, 0x68, 0x33,
    0x23, 0x12, 0xA4, 0x22, 0x02, 0x12, 0x84, 0x1A, 0x22, 0x1A, 0x43, 0x1A, 0x63, 0x1A, 0x06, 0x23,
    0x05, 0x23, 0xC5, 0x22, 0x47, 0x33, 0xE5, 0x22, 0x23, 0x1A, 0xE3, 0x19, 0xC3, 0x11, 0x82, 0x09,
    0x04, 0x1A, 0x69, 0x43, 0x65, 0x22, 0x25, 0x1A, 0xE4, 0x19, 0xA4, 0x11, 0x83, 0x09, 0xC6, 0x32,
    0x85, 0x3B, 0x45, 0x3B, 0x63, 0x19, 0x61, 0x00, 0xA2, 0x00, 0x81, 0x00, 0xA4, 0x21, 0xA4, 0x21,
    0x22, 0x09, 0x23, 0x11, 0x03, 0x09, 0xE2, 0x00, 0xA1, 0x00, 0xC2, 0x08, 0x02, 0x09, 0x02, 0x09,
    0x83, 0x11, 0x04, 0x1A, 0x22, 0x09, 0x43, 0x09, 0x43, 0x11, 0x23, 0x11, 0x82, 0x00, 0x62, 0x00,
    0x82, 0x00, 0x82, 0x00, 0x81, 0x00, 0xA2, 0x00, 0xC2, 0x00, 0xC2, 0x08, 0xC3, 0x08, 0xA2, 0x00,
    0x84, 0x19, 0xC6, 0x2A, 0x48, 0x33, 0xAE, 0x5C, 0x89, 0x3B, 0xA8, 0x3B, 0x2A, 0x4C, 0x46, 0x2B,
    0xE5, 0x22, 0x08, 0x44, 0x87, 0x33, 0x67, 0x33, 0xED, 0x64, 0x26, 0x2B, 0x6B, 0x54, 0x6B, 0x54,
    0x05, 0x23, 0x44, 0x1A, 0x02, 0x09, 0x43, 0x09, 0x43, 0x09, 0x22, 0x09, 0x02, 0x09, 0x02, 0x09,
    0x02, 0x09, 0x02, 0x09, 0x02, 0x09, 0xE2, 0x08, 0x02, 0x09, 0x02, 0x09, 0xC6, 0x32, 0x06, 0x2B,
    0x64, 0x1A, 0xA4, 0x22, 0x03, 0x12, 0x43, 0x1A, 0xA4, 0x22, 0xC4, 0x22, 0x46, 0x2B, 0x06, 0x2B,
    0xC4, 0x11, 0xA4, 0x11, 0x63, 0x11, 0xE5, 0x19, 0xC5, 0x11, 0x26, 0x1A, 0xC9, 0x2A, 0x64, 0x11,
    0x41, 0x00, 0x61, 0x00, 0x61, 0x00, 0x61, 0x00, 0x61, 0x00, 0x81, 0x00, 0xA2, 0x08, 0xA2, 0x00,
    0xA2, 0x08, 0xE2, 0x08, 0xC1, 0x00, 0x02, 0x11, 0xC2, 0x08, 0x22, 0x09, 0x43, 0x09, 0x23, 0x11,
    0x23, 0x09, 0x02, 0x09, 0x23, 0x11, 0x02, 0x09, 0x45, 0x1A, 0x4C, 0x54, 0xCA, 0x43, 0x28, 0x2B,
    0x28, 0x2B, 0xA9, 0x3B, 0x89, 0x33, 0x6D, 0x54, 0x28, 0x2B, 0x8A, 0x33, 0x45, 0x1A, 0x86, 0x22,
    0x42, 0x09, 0x22, 0x11, 0x42, 0x09, 0x42, 0x11, 0x62, 0x09, 0x45, 0x1A, 0x27, 0x2B, 0x28, 0x2B,
    0x43, 0x09, 0xC2, 0x08, 0xE2, 0x08, 0xE2, 0x08, 0x02, 0x09, 0x03, 0x09, 0x02, 0x09, 0xE5, 0x21,
    0x03, 0x09, 0xA2, 0x08, 0x4A, 0x53, 0x85, 0x21, 0x41, 0x00, 0x82, 0x00, 0xA2, 0x08, 0x82, 0x08,
    0xA1, 0x08, 0xE4, 0x11, 0xC7, 0x22, 0x08, 0x2B, 0x49, 0x2B, 0xC8, 0x2A, 0xE5, 0x11, 0x64, 0x09,
    0x23, 0x09, 0xA2, 0x00, 0xE2, 0x08, 0x83, 0x11, 0xA4, 0x11, 0x24, 0x1A, 0x65, 0x22, 0x63, 0x11,
    0xA2, 0x00, 0xA2, 0x00, 0xE3, 0x08, 0xC2, 0x00, 0x02, 0x09, 0x23, 0x11, 0x82, 0x08, 0xA2, 0x08,
    0xA2, 0x08, 0x81, 0x00, 0xA2, 0x08, 0xA2, 0x08, 0xA1, 0x00, 0xE3, 0x08, 0x62, 0x09, 0xA6, 0x22,
    0xC7, 0x2A, 0x08, 0x2B, 0x28, 0x33, 0x48, 0x33, 0x27, 0x2B, 0x27, 0x2B, 0x65, 0x1A, 0x24, 0x12,
    0x65, 0x22, 0x24, 0x1A, 0xA3, 0x11, 0xC4, 0x19, 0xA4, 0x2A, 0x26, 0x3B, 0x84, 0x2A, 0x14, 0xC6,
    0x0D, 0x6C, 0x47, 0x3B, 0x64, 0x2A, 0x42, 0x09, 0x82, 0x11, 0x04, 0x12, 0xE6, 0x22, 0xC7, 0x2A,
    0x46, 0x1A, 0x87, 0x22, 0x49, 0x2B, 0xC4, 0x11, 0xE4, 0x19, 0xE3, 0x11, 0xA6, 0x22, 0x86, 0x22,
    0xE4, 0x11, 0x29, 0x2B, 0x67, 0x1A, 0xE2, 0x08, 0x03, 0x1A, 0x24, 0x33, 0x62, 0x1A, 0x45, 0x33,
    0x49, 0x4C, 0xE9, 0x43, 0xC9, 0x43, 0x63, 0x11, 0x41, 0x00, 0x81, 0x00, 0x02, 0x09, 0xC4, 0x19,
    0x44, 0x1A, 0x06, 0x2B, 0x05, 0x2B, 0x66, 0x33, 0xA4, 0x22, 0x83, 0x1A, 0x83, 0x1A, 0x05, 0x23,
    0x67, 0x33, 0xC6, 0x22, 0xE6, 0x2A, 0xE5, 0x2A, 0x43, 0x1A, 0x02, 0x12, 0xE3, 0x19, 0xC3, 0x11,
    0xE3, 0x11, 0x06, 0x2B, 0x85, 0x22, 0x45, 0x1A, 0x45, 0x1A, 0x25, 0x1A, 0xA4, 0x11, 0x27, 0x3B,
    0xA5, 0x43, 0xA6, 0x43, 0x63, 0x19, 0x61, 0x00, 0xA2, 0x00, 0xC2, 0x08, 0xC2, 0x08, 0x02, 0x09,
    0x63, 0x11, 0x83, 0x11, 0xA3, 0x11, 0xA3, 0x11, 0x83, 0x11, 0x63, 0x11, 0x42, 0x09, 0x22, 0x09,
    0x04, 0x1A, 0xE4, 0x11, 0x62, 0x09, 0xC4, 0x19, 0xC1, 0x00, 0x61, 0x00, 0x82, 0x00, 0xA2, 0x08,
    0xA2, 0x00, 0xE2, 0x08, 0xE2, 0x08, 0xE2, 0x08, 0xE3, 0x08, 0xC2, 0x08, 0xE3, 0x08, 0xC2, 0x08,
    0xC1, 0x00, 0x8A, 0x43, 0xCE, 0x64, 0x68, 0x33, 0x4B, 0x4C, 0x2A, 0x4C, 0x46, 0x2B, 0x46, 0x2B,
    0xE4, 0x22, 0x86, 0x33, 0x6A, 0x54, 0xE5, 0x22, 0x8B, 0x54, 0x6B, 0x54, 0x26, 0x2B, 0xED, 0x64,
    0x88, 0x3B, 0xA2, 0x11, 0x02, 0x09, 0x22, 0x09, 0x83, 0x11, 0x22, 0x09, 0x02, 0x09, 0x22, 0x09,
    0x22, 0x09, 0x22, 0x09, 0x22, 0x09, 0x22, 0x09, 0x02, 0x09, 0x02, 0x09, 0xA3, 0x11, 0xC5, 0x22,
    0xA4, 0x1A, 0xE5, 0x22, 0x43, 0x1A, 0x84, 0x22, 0xC4, 0x22, 0x45, 0x2B, 0x67, 0x33, 0x86, 0x1A,
    0x05, 0x1A, 0xE4, 0x11, 0xA4, 0x11, 0xC5, 0x19, 0xE5, 0x11, 0x25, 0x12, 0xC8, 0x2A, 0x44, 0x09,
    0x82, 0x00, 0xA2, 0x00, 0xC2, 0x08, 0x03, 0x09, 0xE3, 0x08, 0xA2, 0x00, 0x82, 0x08, 0x82, 0x00,
    0x82, 0x00, 0x82, 0x00, 0x81, 0x00, 0x23, 0x09, 0xE5, 0x11, 0xC5, 0x19, 0x43, 0x09, 0x63, 0x11,
    0x43, 0x09, 0x23, 0x09, 0x23, 0x09, 0x23, 0x09, 0xC4, 0x19, 0x08, 0x33, 0x69, 0x3B, 0x48, 0x33,
    0xC6, 0x1A, 0xAA, 0x33, 0x49, 0x2B, 0x0C, 0x4C, 0x89, 0x33, 0x69, 0x33, 0xA3, 0x11, 0xA1, 0x00,
    0x43, 0x11, 0xA3, 0x11, 0x82, 0x09, 0x83, 0x11, 0x83, 0x11, 0xA3, 0x11, 0x85, 0x22, 0xA9, 0x3B,
    0x65, 0x1A, 0xE1, 0x00, 0x02, 0x09, 0x02, 0x09, 0x23, 0x11, 0x43, 0x11, 0xA3, 0x08, 0x62, 0x00,
    0x26, 0x2A, 0x40, 0x00, 0xC6, 0x29, 0xAD, 0x63, 0x81, 0x00, 0xA2, 0x08, 0xA2, 0x00, 0x82, 0x00,
    0xE2, 0x08, 0x25, 0x1A, 0x44, 0x1A, 0xE4, 0x11, 0xA4, 0x11, 0x44, 0x11, 0xC2, 0x08, 0x81, 0x00,
    0x81, 0x00, 0x81, 0x00, 0x64, 0x11, 0x66, 0x22, 0x25, 0x1A, 0x05, 0x1A, 0x23, 0x09, 0x81, 0x00,
    0x81, 0x00, 0xA1, 0x00, 0x23, 0x09, 0xE3, 0x08, 0xC2, 0x08, 0xA2, 0x08, 0xA2, 0x08, 0xA2, 0x00,
    0xA2, 0x08, 0xA2, 0x08, 0x82, 0x00, 0xA2, 0x08, 0xC2, 0x08, 0xC2, 0x08, 0x01, 0x09, 0xA2, 0x09,
    0x08, 0x33, 0x08, 0x2B, 0x89, 0x3B, 0x07, 0x2B, 0xE6, 0x22, 0x06, 0x2B, 0x44, 0x1A, 0x44, 0x1A,
    0x44, 0x1A, 0x24, 0x1A, 0x44, 0x1A, 0x04, 0x1A, 0x23, 0x1A, 0x47, 0x43, 0xE6, 0x3A, 0xCF, 0x8C,
    0xCC, 0x53, 0x88, 0x43, 0x64, 0x22, 0x82, 0x09, 0xA3, 0x11, 0xA3, 0x11, 0x64, 0x1A, 0x07, 0x2B,
    0x4A, 0x3B, 0x8A, 0x3B, 0x86, 0x1A, 0x03, 0x12, 0x24, 0x1A, 0x65, 0x22, 0x25, 0x1A, 0x69, 0x2B,
    0x45, 0x1A, 0x45, 0x1A, 0xA7, 0x22, 0xA2, 0x00, 0x62, 0x11, 0x46, 0x3B, 0xA3, 0x22, 0x66, 0x33,
    0x49, 0x54, 0x09, 0x4C, 0x86, 0x2A, 0x61, 0x00, 0x62, 0x00, 0x82, 0x00, 0xA2, 0x08, 0xA2, 0x08,
    0xC2, 0x00, 0x23, 0x09, 0x83, 0x11, 0x65, 0x22, 0xA5, 0x22, 0x26, 0x2B, 0x25, 0x2B, 0x26, 0x2B,
    0x46, 0x2B, 0x47, 0x2B, 0x04, 0x12, 0xA5, 0x22, 0xA4, 0x22, 0x43, 0x1A, 0x03, 0x1A, 0xE3, 0x19,
    0x24, 0x12, 0x07, 0x23, 0xC6, 0x22, 0x65, 0x1A, 0x65, 0x1A, 0x45, 0x1A, 0x25, 0x1A, 0x47, 0x3B,
    0xE6, 0x53, 0x85, 0x43, 0x63, 0x19, 0xE2, 0x08, 0x64, 0x11, 0xA4, 0x19, 0x84, 0x11, 0x43, 0x09,
    0x43, 0x11, 0x42, 0x09, 0x62, 0x11, 0x82, 0x11, 0xC3, 0x11, 0x04, 0x1A, 0x04, 0x1A, 0xA3, 0x11,
    0xC4, 0x11, 0x83, 0x09, 0xE4, 0x19, 0x22, 0x09, 0x60, 0x00, 0x82, 0x08, 0xC2, 0x08, 0xE3, 0x08,
    0xE2, 0x08, 0x03, 0x09, 0xE2, 0x08, 0x02, 0x09, 0x02, 0x09, 0x23, 0x09, 0x02, 0x09, 0x02, 0x09,
    0x43, 0x11, 0x69, 0x3B, 0x47, 0x2B, 0x8C, 0x5C, 0x2A, 0x4C, 0x46, 0x2B, 0x6A, 0x54, 0x45, 0x2B,
    0xE8, 0x43, 0x66, 0x33, 0xC8, 0x3B, 0xE9, 0x43, 0x46, 0x2B, 0x0D, 0x65, 0xA7, 0x33, 0x86, 0x33,
    0x68, 0x3B, 0x21, 0x09, 0x22, 0x09, 0x63, 0x09, 0x63, 0x11, 0x22, 0x09, 0x42, 0x09, 0x42, 0x09,
    0x42, 0x09, 0x42, 0x11, 0x22, 0x09, 0x63, 0x11, 0x42, 0x11, 0x43, 0x11, 0x22, 0x09, 0x44, 0x22,
    0x05, 0x2B, 0xE5, 0x22, 0x63, 0x1A, 0xA4, 0x22, 0x05, 0x23, 0xA7, 0x3B, 0x27, 0x2B, 0xA8, 0x22,
    0x67, 0x1A, 0xA7, 0x22, 0xE5, 0x11, 0xC5, 0x19, 0x05, 0x12, 0x67, 0x1A, 0xA8, 0x2A, 0x02, 0x09,
    0x24, 0x11, 0x64, 0x11, 0xA4, 0x11, 0x84, 0x09, 0x84, 0x11, 0xC5, 0x19, 0x84, 0x11, 0x23, 0x09,
    0xE3, 0x08, 0xC3, 0x08, 0xC2, 0x08, 0x02, 0x09, 0x46, 0x1A, 0xA3, 0x11, 0xA4, 0x11, 0x83, 0x11,
    0x83, 0x11, 0x63, 0x09, 0x43, 0x09, 0x43, 0x11, 0x02, 0x09, 0xA3, 0x11, 0xA7, 0x2A, 0xC6, 0x22,
    0x28, 0x2B, 0x2C, 0x44, 0x8A, 0x33, 0x49, 0x33, 0x29, 0x33, 0xA4, 0x11, 0xA1, 0x00, 0x61, 0x00,
    0xC1, 0x00, 0xC4, 0x19, 0x24, 0x1A, 0xE3, 0x19, 0xA3, 0x11, 0xC3, 0x11, 0xC3, 0x11, 0xC5, 0x22,
    0x68, 0x33, 0x63, 0x09, 0x23, 0x09, 0x43, 0x11, 0x43, 0x09, 0x64, 0x11, 0x62, 0x00, 0x21, 0x00,
    0x64, 0x19, 0xC5, 0x21, 0x81, 0x00, 0xC5, 0x21, 0x23, 0x11, 0xA2, 0x08, 0xA2, 0x08, 0x02, 0x09,
    0xE2, 0x08, 0x42, 0x09, 0x84, 0x22, 0xA5, 0x22, 0xE2, 0x00, 0x61, 0x00, 0x81, 0x00, 0xA2, 0x08,
    0xC2, 0x08, 0xC2, 0x08, 0x25, 0x1A, 0x43, 0x11, 0x82, 0x08, 0x81, 0x00, 0x82, 0x00, 0x81, 0x00,
    0x81, 0x00, 0x82, 0x00, 0xC3, 0x08, 0x03, 0x09, 0x03, 0x11, 0xE2, 0x08, 0xC2, 0x00, 0xA2, 0x08,
    0xC3, 0x08, 0xA2, 0x08, 0xA2, 0x08, 0xA2, 0x00, 0xC2, 0x08, 0xC2, 0x08, 0xC2, 0x08, 0x22, 0x09,
    0x28, 0x33, 0x28, 0x2B, 0x69, 0x33, 0x07, 0x2B, 0x06, 0x23, 0xE6, 0x2A, 0xA5, 0x22, 0x65, 0x22,
    0x64, 0x1A, 0x85, 0x22, 0x03, 0x1A, 0x24, 0x1A, 0x44, 0x1A, 0x65, 0x2A, 0xAD, 0x74, 0xAE, 0x84,
    0x49, 0x43, 0xA8, 0x43, 0xE4, 0x19, 0xE3, 0x11, 0x23, 0x1A, 0xC3, 0x19, 0x04, 0x1A, 0xC6, 0x22,
    0x2A, 0x33, 0xA7, 0x22, 0x85, 0x1A, 0x24, 0x1A, 0x44, 0x1A, 0xA6, 0x22, 0xA6, 0x22, 0xC7, 0x1A,
    0xEB, 0x43, 0x05, 0x12, 0x22, 0x11, 0xA2, 0x08, 0xE2, 0x08, 0x26, 0x3B, 0x24, 0x2B, 0xC6, 0x3B,
    0x6A, 0x54, 0x06, 0x2B, 0xA1, 0x08, 0x62, 0x00, 0x62, 0x00, 0x62, 0x00, 0xA2, 0x08, 0xC3, 0x08,
    0xA2, 0x08, 0x82, 0x00, 0x62, 0x00, 0x82, 0x00, 0xE2, 0x08, 0xC4, 0x19, 0x66, 0x22, 0x68, 0x3B,
    0xC8, 0x2B, 0xE8, 0x2B, 0xA3, 0x11, 0x46, 0x22, 0xA8, 0x33, 0xA4, 0x1A, 0x44, 0x1A, 0xE2, 0x11,
    0x64, 0x1A, 0x27, 0x2B, 0xE6, 0x22, 0x85, 0x1A, 0x86, 0x1A, 0x86, 0x1A, 0x25, 0x1A, 0xE6, 0x32,
    0x06, 0x5C, 0xE5, 0x5B, 0xA3, 0x21, 0x63, 0x11, 0x05, 0x1A, 0xE4, 0x19, 0x24, 0x1A, 0x04, 0x1A,
    0xA3, 0x11, 0x62, 0x09, 0x62, 0x11, 0x83, 0x11, 0xC3, 0x11, 0xE3, 0x11, 0x24, 0x1A, 0xA5, 0x22,
    0xC5, 0x22, 0xA3, 0x11, 0xE2, 0x08, 0x81, 0x00, 0xC2, 0x08, 0xC2, 0x08, 0xC2, 0x00, 0xE2, 0x08,
    0x23, 0x09, 0x02, 0x09, 0x02, 0x09, 0x02, 0x09, 0x23, 0x11, 0x43, 0x11, 0x63, 0x11, 0x23, 0x09,
    0x02, 0x09, 0x83, 0x11, 0x4B, 0x54, 0x4A, 0x4C, 0x87, 0x33, 0x4A, 0x4C, 0x87, 0x33, 0x04, 0x23,
    0x08, 0x44, 0x8B, 0x54, 0x05, 0x23, 0xAC, 0x5C, 0x87, 0x33, 0x6B, 0x54, 0xCC, 0x5C, 0x66, 0x33,
    0x44, 0x22, 0x02, 0x09, 0x43, 0x11, 0x83, 0x11, 0x42, 0x09, 0x42, 0x09, 0x62, 0x09, 0x62, 0x11,
    0x62, 0x11, 0x63, 0x11, 0x63, 0x11, 0x62, 0x09, 0xA4, 0x19, 0x43, 0x11, 0xC1, 0x00, 0x21, 0x09,
    0xA5, 0x2A, 0x26, 0x2B, 0xA4, 0x1A, 0xC5, 0x22, 0x66, 0x33, 0x65, 0x22, 0xA5, 0x19, 0xA7, 0x22,
    0x08, 0x23, 0x4A, 0x2B, 0x46, 0x1A, 0x05, 0x1A, 0x46, 0x1A, 0xC8, 0x2A, 0x63, 0x11, 0xE2, 0x00,
    0x22, 0x09, 0x63, 0x11, 0xA4, 0x11, 0xA8, 0x2A, 0xA8, 0x2A, 0x67, 0x1A, 0x26, 0x1A, 0x05, 0x1A,
    0xA4, 0x11, 0x64, 0x11, 0xE2, 0x08, 0xE2, 0x08, 0x02, 0x09, 0x25, 0x1A, 0x44, 0x1A, 0x83, 0x09,
    0xE4, 0x11, 0xA4, 0x11, 0x83, 0x11, 0x43, 0x09, 0x63, 0x11, 0x83, 0x11, 0xE4, 0x11, 0xA6, 0x22,
    0x8A, 0x3B, 0x0C, 0x4C, 0x46, 0x22, 0x43, 0x09, 0xC2, 0x08, 0x82, 0x00, 0x82, 0x00, 0x42, 0x00,
    0x82, 0x00, 0x02, 0x09, 0xA3, 0x11, 0x44, 0x1A, 0x44, 0x22, 0x43, 0x1A, 0x03, 0x1A, 0x02, 0x12,
    0x26, 0x2B, 0x65, 0x22, 0x22, 0x09, 0xA4, 0x11, 0x84, 0x11, 0x43, 0x09, 0x81, 0x00, 0x62, 0x00,
    0x41, 0x00, 0x84, 0x11, 0x84, 0x19, 0xA2, 0x00, 0xE3, 0x08, 0xC3, 0x08, 0xC2, 0x08, 0x43, 0x11,
    0xC1, 0x00, 0x44, 0x22, 0x05, 0x2B, 0xA4, 0x1A, 0x04, 0x1A, 0xC2, 0x00, 0x82, 0x00, 0xA2, 0x08,
    0xC2, 0x08, 0xC2, 0x08, 0x66, 0x22, 0x43, 0x11, 0x82, 0x00, 0xA2, 0x08, 0x82, 0x08, 0x81, 0x00,
    0x81, 0x00, 0x82, 0x00, 0xC2, 0x08, 0x84, 0x11, 0x43, 0x09, 0x03, 0x09, 0xE2, 0x08, 0xC2, 0x00,
    0xC3, 0x08, 0xE3, 0x08, 0xA2, 0x00, 0xC2, 0x08, 0xA2, 0x00, 0xA2, 0x00, 0x81, 0x00, 0x02, 0x09,
    0xE4, 0x19, 0x28, 0x33, 0x28, 0x2B, 0x27, 0x2B, 0x47, 0x33, 0x06, 0x23, 0x27, 0x2B, 0xC6, 0x22,
    0x23, 0x12, 0x23, 0x12, 0x44, 0x1A, 0x44, 0x1A, 0xC2, 0x11, 0xE7, 0x32, 0x6D, 0x6C, 0xC7, 0x42,
    0xA8, 0x4B, 0x07, 0x3B, 0xA2, 0x00, 0x63, 0x11, 0xE4, 0x19, 0x44, 0x22, 0x44, 0x1A, 0x85, 0x1A,
    0x09, 0x2B, 0x0C, 0x44, 0x48, 0x33, 0x65, 0x1A, 0xE6, 0x22, 0xA6, 0x1A, 0x89, 0x3B, 0xC7, 0x22,
    0x69, 0x33, 0x84, 0x19, 0xA1, 0x00, 0xE3, 0x08, 0xC2, 0x00, 0x65, 0x2A, 0x86, 0x3B, 0xE7, 0x43,
    0x06, 0x33, 0x02, 0x09, 0x62, 0x00, 0x62, 0x00, 0x81, 0x00, 0x62, 0x00, 0xA2, 0x08, 0xA2, 0x08,
    0xA2, 0x00, 0xA2, 0x08, 0xA2, 0x08, 0x82, 0x08, 0x82, 0x00, 0x61, 0x00, 0x81, 0x00, 0x03, 0x09,
    0xA7, 0x32, 0x4B, 0x4C, 0xA7, 0x2A, 0x43, 0x11, 0x47, 0x33, 0xE5, 0x22, 0x84, 0x22, 0x23, 0x1A,
    0xC5, 0x22, 0xE6, 0x22, 0xE6, 0x22, 0xC6, 0x1A, 0xA6, 0x22, 0x46, 0x1A, 0x42, 0x09, 0x63, 0x11,
    0xC5, 0x53, 0x06, 0x5C, 0x83, 0x19, 0xA4, 0x11, 0xC3, 0x11, 0xE4, 0x19, 0xE4, 0x11, 0xC3, 0x11,
    0x24, 0x1A, 0x04, 0x1A, 0x62, 0x09, 0x63, 0x11, 0x83, 0x11, 0xE3, 0x11, 0x03, 0x12, 0x63, 0x1A,
    0x05, 0x23, 0xC5, 0x22, 0xE1, 0x00, 0xA2, 0x08, 0xC2, 0x08, 0xE2, 0x08, 0xE2, 0x00, 0x23, 0x09,
    0x23, 0x09, 0x63, 0x11, 0x43, 0x11, 0x84, 0x11, 0x63, 0x11, 0x63, 0x11, 0xE2, 0x08, 0x81, 0x00,
    0x61, 0x00, 0xE2, 0x08, 0x28, 0x33, 0x09, 0x44, 0x4A, 0x4C, 0x46, 0x2B, 0x86, 0x33, 0x45, 0x2B,
    0x66, 0x33, 0x8B, 0x54, 0xE9, 0x43, 0xC8, 0x3B, 0xAB, 0x5C, 0x66, 0x33, 0xAB, 0x5C, 0xE6, 0x32,
    0x62, 0x09, 0x42, 0x11, 0x83, 0x11, 0x83, 0x11, 0x42, 0x09, 0x62, 0x11, 0x82, 0x11, 0xA2, 0x11,
    0xA3, 0x11, 0x83, 0x11, 0xE4, 0x19, 0xC3, 0x19, 0x42, 0x11, 0xA2, 0x00, 0x81, 0x00, 0xA1, 0x00,
    0xA3, 0x11, 0x26, 0x33, 0x05, 0x23, 0x26, 0x33, 0x85, 0x22, 0x42, 0x09, 0xA1, 0x00, 0x44, 0x09,
    0xC8, 0x22, 0x6A, 0x33, 0x6A, 0x33, 0x26, 0x1A, 0xE9, 0x32, 0x87, 0x22, 0x02, 0x09, 0xE2, 0x08,
    0x84, 0x11, 0x42, 0x09, 0x43, 0x09, 0xC5, 0x19, 0x67, 0x22, 0xC8, 0x2A, 0x67, 0x1A, 0x67, 0x1A,
    0x66, 0x1A, 0x25, 0x1A, 0xA4, 0x11, 0x02, 0x09, 0xE2, 0x08, 0x63, 0x11, 0x04, 0x12, 0xC7, 0x2A,
    0xC4, 0x11, 0xE4, 0x11, 0xA3, 0x11, 0x83, 0x11, 0x63, 0x11, 0x83, 0x11, 0x04, 0x1A, 0x45, 0x1A,
    0xA4, 0x11, 0x63, 0x11, 0x81, 0x00, 0x82, 0x00, 0x82, 0x00, 0x82, 0x00, 0x82, 0x00, 0x41, 0x00,
    0xC3, 0x10, 0xE2, 0x08, 0xE2, 0x00, 0x42, 0x09, 0xA3, 0x11, 0x44, 0x22, 0xA5, 0x2A, 0xA4, 0x2A,
    0xE5, 0x22, 0xC5, 0x22, 0x83, 0x09, 0xE4, 0x11, 0x64, 0x11, 0x82, 0x00, 0x62, 0x00, 0x62, 0x00,
    0x61, 0x00, 0x61, 0x00, 0x64, 0x19, 0x03, 0x09, 0xE3, 0x08, 0xE3, 0x08, 0xE3, 0x08, 0x42, 0x09,
    0xA3, 0x11, 0x05, 0x2B, 0x63, 0x1A, 0x23, 0x1A, 0x23, 0x1A, 0x63, 0x11, 0xC2, 0x00, 0x81, 0x00,
    0xA2, 0x00, 0xC2, 0x08, 0xA6, 0x2A, 0x66, 0x22, 0x81, 0x00, 0xC1, 0x00, 0xA2, 0x00, 0xA2, 0x08,
    0xC2, 0x08, 0xA2, 0x08, 0xE3, 0x08, 0x06, 0x12, 0xC5, 0x11, 0x43, 0x11, 0x02, 0x09, 0xC2, 0x00,
    0xE3, 0x08, 0xC2, 0x08, 0xE3, 0x08, 0xC2, 0x00, 0xC2, 0x00, 0xA2, 0x08, 0xA2, 0x00, 0xC2, 0x00,
    0x22, 0x09, 0xC7, 0x2A, 0x07, 0x2B, 0x48, 0x2B, 0x88, 0x33, 0x06, 0x23, 0x68, 0x33, 0xC5, 0x22,
    0x64, 0x1A, 0x84, 0x22, 0x64, 0x1A, 0x03, 0x1A, 0xE3, 0x19, 0x85, 0x22, 0x04, 0x1A, 0xA3, 0x11,
    0xC8, 0x4B, 0x63, 0x11, 0x21, 0x00, 0x61, 0x00, 0xA1, 0x00, 0x63, 0x11, 0x86, 0x2A, 0x07, 0x2B,
    0x2D, 0x54, 0x49, 0x2B, 0x85, 0x1A, 0x86, 0x22, 0xE6, 0x22, 0x27, 0x2B, 0xAA, 0x3B, 0x6A, 0x3B,
    0x22, 0x01, 0xE2, 0x08, 0xE2, 0x08, 0x23, 0x09, 0xC2, 0x08, 0x04, 0x22, 0x49, 0x54, 0x67, 0x3B,
    0x42, 0x09, 0x82, 0x00, 0x82, 0x00, 0x82, 0x00, 0x81, 0x00, 0x62, 0x00, 0xA2, 0x08, 0xA2, 0x08,
    0xA2, 0x00, 0xA2, 0x00, 0xA2, 0x08, 0xA2, 0x00, 0xA2, 0x00, 0xC2, 0x08, 0xA2, 0x08, 0x62, 0x00,
    0x81, 0x00, 0x64, 0x19, 0xC5, 0x19, 0xA1, 0x00, 0x45, 0x22, 0x46, 0x2B, 0xE5, 0x22, 0x63, 0x1A,
    0xC4, 0x22, 0x06, 0x23, 0x68, 0x33, 0x06, 0x23, 0xC6, 0x22, 0x63, 0x09, 0xC2, 0x08, 0xA1, 0x00,
    0xC3, 0x3A, 0x24, 0x43, 0x02, 0x09, 0xA3, 0x11, 0xC4, 0x11, 0xC4, 0x11, 0xC3, 0x11, 0xE4, 0x19,
    0x24, 0x1A, 0x64, 0x1A, 0xE3, 0x11, 0x42, 0x11, 0x63, 0x11, 0xA2, 0x11, 0x03, 0x1A, 0x44, 0x1A,
    0xC5, 0x22, 0x88, 0x33, 0x05, 0x1A, 0xA2, 0x08, 0xE2, 0x08, 0xE2, 0x08, 0x43, 0x09, 0x63, 0x09,
    0xA4, 0x11, 0x84, 0x11, 0x44, 0x11, 0xE2, 0x08, 0xC2, 0x00, 0xA2, 0x00, 0x61, 0x00, 0x82, 0x00,
    0x82, 0x08, 0x61, 0x00, 0x05, 0x1A, 0x4B, 0x4C, 0x45, 0x2B, 0x08, 0x44, 0x25, 0x2B, 0xA7, 0x3B,
    0x4A, 0x54, 0x66, 0x2B, 0xEC, 0x5C, 0x66, 0x33, 0x09, 0x4C, 0xE8, 0x43, 0xE5, 0x2A, 0x62, 0x09,
    0x62, 0x11, 0x62, 0x11, 0xC3, 0x19, 0x62, 0x11, 0x42, 0x11, 0x62, 0x11, 0xA2, 0x11, 0xC2, 0x11,
    0x24, 0x1A, 0x24, 0x1A, 0xA3, 0x19, 0x83, 0x11, 0x22, 0x09, 0x42, 0x09, 0x63, 0x11, 0x63, 0x11,
    0x83, 0x11, 0x84, 0x22, 0xA7, 0x43, 0x06, 0x2B, 0x63, 0x11, 0x24, 0x22, 0x63, 0x21, 0x41, 0x00,
    0x64, 0x11, 0x46, 0x12, 0x29, 0x2B, 0xA8, 0x22, 0x67, 0x2A, 0xA4, 0x11, 0x63, 0x11, 0x84, 0x11,
    0x42, 0x11, 0x45, 0x2A, 0x62, 0x09, 0x02, 0x09, 0xA4, 0x11, 0x25, 0x1A, 0xA8, 0x2A, 0xA8, 0x22,
    0x66, 0x1A, 0x66, 0x1A, 0x67, 0x22, 0x63, 0x11, 0x02, 0x09, 0xC2, 0x08, 0x43, 0x09, 0x25, 0x1A,
    0x66, 0x1A, 0x05, 0x1A, 0x04, 0x12, 0x05, 0x1A, 0x83, 0x11, 0x63, 0x11, 0x04, 0x1A, 0xC3, 0x11,
    0xA2, 0x00, 0x82, 0x00, 0x82, 0x08, 0x62, 0x00, 0x61, 0x00, 0x61, 0x00, 0x62, 0x00, 0x61, 0x00,
    0x03, 0x09, 0x43, 0x09, 0x43, 0x11, 0x02, 0x09, 0xE2, 0x00, 0x02, 0x09, 0xA3, 0x11, 0x04, 0x1A,
    0x64, 0x1A, 0x87, 0x33, 0x85, 0x22, 0x43, 0x11, 0x81, 0x00, 0x61, 0x00, 0x62, 0x00, 0x61, 0x00,
    0x41, 0x00, 0x62, 0x00, 0xE3, 0x08, 0x03, 0x09, 0x04, 0x09, 0xE3, 0x08, 0x23, 0x11, 0x83, 0x11,
    0xA5, 0x22, 0x04, 0x2B, 0x22, 0x1A, 0xE3, 0x19, 0xE3, 0x11, 0xC3, 0x11, 0x62, 0x11, 0x81, 0x00,
    0x82, 0x00, 0x03, 0x11, 0x43, 0x09, 0x23, 0x09, 0xA2, 0x00, 0xA2, 0x00, 0xE3, 0x08, 0xE3, 0x08,
    0xE3, 0x08, 0x03, 0x09, 0xE2, 0x00, 0xA5, 0x11, 0x47, 0x22, 0x63, 0x09, 0x23, 0x09, 0xE2, 0x08,
    0x03, 0x09, 0x24, 0x11, 0xE2, 0x08, 0xE3, 0x08, 0xC2, 0x00, 0xA2, 0x00, 0xA2, 0x08, 0xE2, 0x08,
    0xE1, 0x08, 0x83, 0x11, 0xC6, 0x2A, 0x47, 0x2B, 0x88, 0x33, 0xE6, 0x22, 0x48, 0x33, 0x26, 0x2B,
    0x06, 0x2B, 0x64, 0x1A, 0x85, 0x22, 0x85, 0x22, 0x03, 0x12, 0x44, 0x1A, 0xE3, 0x19, 0xC3, 0x11,
    0x24, 0x22, 0x43, 0x09, 0xE2, 0x08, 0x41, 0x00, 0x42, 0x00, 0x82, 0x00, 0x02, 0x09, 0xE8, 0x32,
    0xE8, 0x22, 0xCB, 0x43, 0x86, 0x1A, 0x08, 0x2B, 0x28, 0x2B, 0x27, 0x2B, 0x08, 0x33, 0x83, 0x11,
    0xC2, 0x08, 0x03, 0x09, 0x23, 0x09, 0x23, 0x11, 0xE2, 0x08, 0x46, 0x2A, 0xEC, 0x64, 0xA3, 0x11,
    0xC2, 0x00, 0x82, 0x00, 0x82, 0x00, 0x61, 0x00, 0x82, 0x00, 0x62, 0x00, 0xA2, 0x08, 0xC3, 0x08,
    0xA2, 0x00, 0xA2, 0x08, 0x82, 0x08, 0xA2, 0x08, 0xA2, 0x08, 0xA2, 0x08, 0x82, 0x00, 0xA2, 0x00,
    0xA2, 0x08, 0x82, 0x08, 0x82, 0x00, 0x61, 0x00, 0x63, 0x11, 0xA8, 0x33, 0x86, 0x33, 0xC4, 0x22,
    0x05, 0x2B, 0x88, 0x33, 0x47, 0x2B, 0x45, 0x1A, 0x62, 0x11, 0xC1, 0x08, 0xC2, 0x08, 0xA1, 0x00,
    0x85, 0x32, 0x85, 0x32, 0x02, 0x01, 0xC3, 0x19, 0xC4, 0x11, 0xC3, 0x11, 0xE4, 0x11, 0x04, 0x1A,
    0x24, 0x1A, 0x84, 0x1A, 0x64, 0x22, 0x62, 0x09, 0xA3, 0x19, 0x82, 0x11, 0x03, 0x1A, 0x44, 0x1A,
    0xA4, 0x22, 0xC8, 0x33, 0x24, 0x1A, 0xC2, 0x00, 0x23, 0x09, 0x43, 0x11, 0xA4, 0x19, 0x84, 0x11,
    0x23, 0x11, 0xE2, 0x08, 0x82, 0x00, 0x61, 0x00, 0x82, 0x08, 0xA2, 0x00, 0xA2, 0x00, 0xA2, 0x00,
    0xA2, 0x08, 0xA2, 0x08, 0x22, 0x09, 0x26, 0x33, 0x8A, 0x54, 0xA7, 0x3B, 0x04, 0x23, 0x25, 0x2B,
    0xAB, 0x5C, 0xA7, 0x33, 0x6A, 0x54, 0x6A, 0x4C, 0x66, 0x2B, 0xA9, 0x43, 0x82, 0x11, 0x42, 0x09,
    0xC3, 0x11, 0x04, 0x1A, 0xE4, 0x11, 0x42, 0x09, 0x83, 0x11, 0x03, 0x1A, 0x43, 0x1A, 0x64, 0x22,
    0xE3, 0x11, 0x82, 0x09, 0x82, 0x09, 0xE2, 0x19, 0x24, 0x1A, 0xE3, 0x11, 0xA3, 0x11, 0xA3, 0x11,
    0x83, 0x11, 0xE3, 0x19, 0x66, 0x3B, 0xE3, 0x19, 0x02, 0x11, 0x63, 0x22, 0x44, 0x32, 0x43, 0x19,
    0xA2, 0x00, 0x03, 0x09, 0xC4, 0x11, 0x26, 0x1A, 0x23, 0x09, 0x63, 0x11, 0xA3, 0x11, 0x04, 0x1A,
    0x22, 0x09, 0xA4, 0x19, 0x25, 0x1A, 0x62, 0x09, 0x63, 0x09, 0x83, 0x11, 0x25, 0x1A, 0x46, 0x1A,
    0xC7, 0x22, 0xC7, 0x22, 0xC7, 0x22, 0x46, 0x1A, 0x23, 0x09, 0x23, 0x09, 0xE2, 0x08, 0xC1, 0x00,
    0xC4, 0x11, 0x86, 0x22, 0x86, 0x22, 0x45, 0x1A, 0x25, 0x1A, 0xC4, 0x11, 0xC4, 0x11, 0x64, 0x11,
    0x82, 0x00, 0x82, 0x00, 0x82, 0x00, 0x82, 0x00, 0x61, 0x00, 0x61, 0x00, 0x61, 0x00, 0x61, 0x00,
    0x23, 0x09, 0xA4, 0x11, 0x63, 0x11, 0x23, 0x09, 0x43, 0x11, 0x43, 0x11, 0x43, 0x11, 0x83, 0x11,
    0xA3, 0x11, 0xA6, 0x2A, 0xA4, 0x19, 0x61, 0x00, 0x61, 0x00, 0x61, 0x00, 0x61, 0x00, 0x41, 0x00,
    0x41, 0x00, 0x82, 0x00, 0x04, 0x09, 0x04, 0x09, 0x03, 0x09, 0x04, 0x11, 0x44, 0x11, 0x06, 0x3B,
    0x45, 0x33, 0x63, 0x1A, 0x03, 0x1A, 0xE3, 0x19, 0xE3, 0x11, 0xC3, 0x11, 0xC3, 0x11, 0xE2, 0x08,
    0x61, 0x00, 0xA2, 0x08, 0xE3, 0x08, 0x03, 0x09, 0xC2, 0x00, 0xE3, 0x08, 0x03, 0x09, 0x03, 0x09,
    0xE3, 0x08, 0x03, 0x09, 0xC3, 0x08, 0xE2, 0x00, 0x26, 0x1A, 0x26, 0x1A, 0x84, 0x11, 0x23, 0x09,
    0x23, 0x09, 0x23, 0x09, 0x23, 0x09, 0x03, 0x09, 0x23, 0x09, 0xA2, 0x00, 0xA2, 0x08, 0x02, 0x09,
    0xE2, 0x08, 0xC1, 0x00, 0xA3, 0x11, 0x85, 0x22, 0xA8, 0x3B, 0x06, 0x2B, 0x88, 0x33, 0x46, 0x2B,
    0x26, 0x2B, 0xA5, 0x22, 0xA5, 0x22, 0xA4, 0x1A, 0xE5, 0x2A, 0x85, 0x22, 0x85, 0x22, 0x65, 0x22,
    0x83, 0x11, 0xE5, 0x11, 0x05, 0x1A, 0xA2, 0x00, 0x62, 0x08, 0x82, 0x08, 0x61, 0x00, 0x02, 0x09,
    0xC7, 0x22, 0x69, 0x33, 0x28, 0x2B, 0xA6, 0x1A, 0x6D, 0x54, 0x29, 0x33, 0x42, 0x09, 0xE2, 0x08,
    0x23, 0x11, 0x02, 0x09, 0x63, 0x11, 0x43, 0x09, 0x43, 0x09, 0x26, 0x22, 0x28, 0x43, 0xC2, 0x00,
    0x82, 0x00, 0xA2, 0x00, 0x82, 0x00, 0x61, 0x00, 0x82, 0x00, 0x62, 0x00, 0x82, 0x00, 0xE3, 0x08,
    0xC2, 0x08, 0xC2, 0x08, 0xA2, 0x08, 0xA2, 0x08, 0xA2, 0x08, 0xA2, 0x08, 0x82, 0x00, 0xA2, 0x08,
    0xC3, 0x08, 0xC2, 0x08, 0x82, 0x00, 0x82, 0x08, 0xC2, 0x00, 0x85, 0x22, 0xE8, 0x3B, 0x86, 0x33,
    0xC4, 0x22, 0xE4, 0x11, 0x62, 0x11, 0x22, 0x09, 0x22, 0x09, 0x43, 0x09, 0x42, 0x11, 0x02, 0x09,
    0x22, 0x09, 0x42, 0x09, 0x43, 0x11, 0xA3, 0x11, 0xC3, 0x11, 0xE4, 0x11, 0xE3, 0x11, 0x03, 0x1A,
    0x03, 0x1A, 0x64, 0x1A, 0x26, 0x33, 0xE2, 0x11, 0xA2, 0x11, 0xC3, 0x11, 0xE3, 0x11, 0x44, 0x1A,
    0xC5, 0x22, 0xC8, 0x33, 0x45, 0x1A, 0x63, 0x09, 0x64, 0x11, 0x23, 0x11, 0x03, 0x09, 0xE2, 0x08,
    0xA2, 0x00, 0x82, 0x08, 0x81, 0x00, 0x61, 0x08, 0xC2, 0x08, 0xA2, 0x00, 0xC2, 0x08, 0xA2, 0x08,
    0xC2, 0x08, 0xC3, 0x08, 0xC2, 0x08, 0x86, 0x2A, 0x29, 0x4C, 0x65, 0x33, 0x05, 0x2B, 0x6A, 0x54,
    0xC8, 0x43, 0x49, 0x4C, 0x05, 0x23, 0x6A, 0x54, 0x26, 0x2B, 0x42, 0x09, 0xA1, 0x00, 0x83, 0x11,
    0xA7, 0x2A, 0xE7, 0x2A, 0x04, 0x1A, 0x62, 0x09, 0x04, 0x1A, 0xA3, 0x11, 0x43, 0x11, 0x23, 0x11,
    0xA1, 0x00, 0xE4, 0x19, 0x05, 0x2B, 0x04, 0x2B, 0x62, 0x1A, 0x03, 0x12, 0xC3, 0x11, 0xC3, 0x19,
    0xA3, 0x11, 0xC2, 0x11, 0x65, 0x3B, 0x44, 0x22, 0x22, 0x09, 0xA3, 0x2A, 0xC4, 0x32, 0x22, 0x22,
    0x83, 0x11, 0x02, 0x11, 0x02, 0x09, 0x42, 0x09, 0xA2, 0x00, 0xA4, 0x19, 0x03, 0x1A, 0x82, 0x11,
    0xC4, 0x19, 0x22, 0x01, 0xE4, 0x19, 0x24, 0x1A, 0x45, 0x22, 0xC3, 0x11, 0xA3, 0x11, 0x04, 0x1A,
    0x65, 0x1A, 0xA6, 0x22, 0xC7, 0x22, 0xA7, 0x22, 0xC4, 0x11, 0x23, 0x09, 0x43, 0x11, 0x23, 0x11,
    0x02, 0x09, 0x83, 0x11, 0x25, 0x1A, 0xC7, 0x22, 0x86, 0x22, 0x45, 0x22, 0x05, 0x1A, 0x03, 0x09,
    0x61, 0x00, 0x82, 0x00, 0xA2, 0x08, 0xA2, 0x08, 0xA2, 0x08, 0x82, 0x00, 0x61, 0x00, 0x41, 0x00,
    0x02, 0x09, 0xC4, 0x11, 0xC4, 0x11, 0xC4, 0x11, 0xE4, 0x19, 0xE4, 0x19, 0x83, 0x11, 0x63, 0x11,
    0x03, 0x09, 0x81, 0x00, 0x82, 0x00, 0x82, 0x08, 0x81, 0x00, 0x81, 0x00, 0x82, 0x00, 0x82, 0x00,
    0x61, 0x00, 0xA2, 0x08, 0x24, 0x11, 0xE3, 0x08, 0x03, 0x09, 0x04, 0x11, 0xE3, 0x08, 0xE3, 0x19,
    0x45, 0x33, 0xA4, 0x22, 0x02, 0x1A, 0xE2, 0x19, 0xC2, 0x11, 0xC3, 0x11, 0xC3, 0x11, 0x83, 0x11,
    0xA1, 0x00, 0x41, 0x00, 0x81, 0x00, 0xE3, 0x08, 0xC3, 0x08, 0x03, 0x09, 0x03, 0x09, 0x03, 0x09,
    0xE3, 0x08, 0xE3, 0x08, 0xC2, 0x08, 0xC2, 0x00, 0x84, 0x11, 0x26, 0x1A, 0xC4, 0x11, 0x43, 0x09,
    0x43, 0x11, 0xA5, 0x19, 0x43, 0x09, 0x84, 0x11, 0x02, 0x09, 0xA2, 0x00, 0xA2, 0x08, 0x23, 0x11,
    0x02, 0x09, 0xE2, 0x08, 0x02, 0x09, 0xA3, 0x11, 0x44, 0x22, 0x06, 0x2B, 0x47, 0x33, 0x87, 0x3B,
    0x88, 0x3B, 0x46, 0x33, 0xA4, 0x1A, 0x25, 0x2B, 0x46, 0x33, 0xA5, 0x2A, 0xA4, 0x22, 0xC6, 0x2A,
    0x22, 0x09, 0xE5, 0x19, 0x66, 0x1A, 0x23, 0x09, 0x61, 0x00, 0x61, 0x00, 0x62, 0x00, 0x61, 0x00,
    0xC4, 0x11, 0x08, 0x2B, 0xC7, 0x22, 0xEB, 0x43, 0xC8, 0x32, 0xA4, 0x19, 0xE2, 0x08, 0x03, 0x09,
    0x63, 0x11, 0x43, 0x09, 0x84, 0x11, 0x63, 0x11, 0xC5, 0x19, 0x64, 0x09, 0x63, 0x09, 0xA3, 0x08,
    0x82, 0x00, 0xA2, 0x00, 0x82, 0x00, 0x61, 0x00, 0x82, 0x00, 0x82, 0x08, 0x62, 0x00, 0xC3, 0x08,
    0xC2, 0x08, 0xC2, 0x08, 0xA2, 0x08, 0xA2, 0x08, 0x82, 0x08, 0xA2, 0x08, 0xA2, 0x08, 0xC3, 0x08,
    0xC3, 0x08, 0xA2, 0x08, 0x61, 0x00, 0xC2, 0x00, 0xA2, 0x08, 0x02, 0x09, 0xE6, 0x2A, 0x6A, 0x54,
    0x84, 0x22, 0xE1, 0x00, 0x02, 0x09, 0x22, 0x11, 0x43, 0x11, 0x63, 0x09, 0xA2, 0x11, 0xC3, 0x19,
    0x83, 0x11, 0x42, 0x09, 0x62, 0x11, 0xA3, 0x11, 0xC3, 0x11, 0x04, 0x1A, 0x24, 0x1A, 0x03, 0x12,
    0x23, 0x1A, 0x43, 0x1A, 0x45, 0x33, 0xC4, 0x22, 0xE3, 0x11, 0xE3, 0x11, 0xE3, 0x11, 0x02, 0x12,
    0x05, 0x2B, 0xE8, 0x3B, 0x65, 0x22, 0x63, 0x11, 0x23, 0x09, 0xC2, 0x08, 0xA2, 0x00, 0xC2, 0x00,
    0xC3, 0x08, 0xA2, 0x00, 0x81, 0x00, 0x81, 0x00, 0x82, 0x00, 0xE3, 0x08, 0xC2, 0x00, 0xE3, 0x08,
    0xE2, 0x08, 0x02, 0x09, 0xC3, 0x08, 0x43, 0x09, 0xC5, 0x2A, 0xE4, 0x22, 0x26, 0x2B, 0x2E, 0x75,
    0xE8, 0x43, 0xE8, 0x43, 0x66, 0x33, 0x02, 0x1A, 0x83, 0x11, 0xC2, 0x08, 0xC2, 0x00, 0x02, 0x09,
    0x46, 0x22, 0x28, 0x33, 0x03, 0x12, 0x24, 0x22, 0x62, 0x11, 0xC2, 0x08, 0x82, 0x08, 0x61, 0x00,
    0x45, 0x22, 0x86, 0x33, 0x23, 0x23, 0xE4, 0x22, 0xC4, 0x22, 0x42, 0x1A, 0x23, 0x1A, 0xE3, 0x11,
    0xE2, 0x11, 0x06, 0x53, 0xD0, 0xAD, 0x84, 0x2A, 0x22, 0x01, 0xC4, 0x2A, 0x03, 0x33, 0xE3, 0x32,
    0x63, 0x1A, 0xC5, 0x22, 0xC3, 0x11, 0x62, 0x09, 0x23, 0x11, 0x22, 0x09, 0x24, 0x22, 0xE3, 0x19,
    0x02, 0x1A, 0xE3, 0x19, 0x83, 0x11, 0x65, 0x22, 0xC6, 0x2A, 0x03, 0x12, 0x24, 0x1A, 0x24, 0x1A,
    0x24, 0x1A, 0x25, 0x1A, 0x45, 0x1A, 0xA6, 0x22, 0x25, 0x1A, 0x42, 0x09, 0x62, 0x11, 0x63, 0x11,
    0x43, 0x11, 0x23, 0x11, 0x43, 0x09, 0x02, 0x09, 0x23, 0x09, 0x84, 0x11, 0x66, 0x22, 0x23, 0x09,
    0x61, 0x00, 0xA2, 0x08, 0xA2, 0x08, 0xA2, 0x08, 0xA2, 0x08, 0xA2, 0x08, 0xA2, 0x08, 0x61, 0x00,
    0xC2, 0x00, 0x05, 0x1A, 0x46, 0x22, 0x83, 0x11, 0xE2, 0x08, 0xA2, 0x08, 0xA2, 0x00, 0xA2, 0x00,
    0x81, 0x00, 0xA2, 0x00, 0xC2, 0x00, 0xC2, 0x08, 0xC2, 0x08, 0xC2, 0x08, 0xA2, 0x00, 0xA2, 0x08,
    0x61, 0x00, 0xA2, 0x08, 0x24, 0x11, 0x03, 0x09, 0x24, 0x09, 0x64, 0x11, 0x64, 0x11, 0x24, 0x09,
    0xA4, 0x11, 0xE5, 0x32, 0x63, 0x22, 0xE3, 0x11, 0xA2, 0x11, 0xA2, 0x11, 0xA2, 0x11, 0xC3, 0x11,
    0x22, 0x09, 0x61, 0x00, 0x61, 0x00, 0x81, 0x00, 0xE3, 0x08, 0xE3, 0x08, 0x23, 0x09, 0x03, 0x09,
    0x03, 0x09, 0x03, 0x09, 0xC2, 0x08, 0xE3, 0x08, 0x03, 0x09, 0xC4, 0x11, 0x46, 0x1A, 0xA4, 0x11,
    0x43, 0x11, 0xC5, 0x19, 0xC5, 0x19, 0x64, 0x11, 0x03, 0x09, 0x82, 0x00, 0x81, 0x00, 0xE2, 0x08,
    0x43, 0x11, 0x02, 0x09, 0x02, 0x09, 0x42, 0x11, 0x21, 0x09, 0x04, 0x1A, 0xE6, 0x2A, 0xA8, 0x43,
    0xA8, 0x3B, 0xC8, 0x43, 0x26, 0x2B, 0x26, 0x33, 0x26, 0x33, 0x44, 0x22, 0xE5, 0x2A, 0xA6, 0x22,
    0xE2, 0x08, 0xE2, 0x00, 0x05, 0x1A, 0x23, 0x09, 0x41, 0x00, 0x61, 0x00, 0x82, 0x00, 0xA2, 0x00,
    0xA4, 0x11, 0xA6, 0x22, 0xA6, 0x22, 0x86, 0x2A, 0xA3, 0x11, 0x22, 0x09, 0x43, 0x09, 0x23, 0x09,
    0x63, 0x11, 0x83, 0x11, 0x84, 0x11, 0xC4, 0x11, 0xC4, 0x19, 0xA4, 0x19, 0x02, 0x09, 0x82, 0x00,
    0xA2, 0x00, 0xA2, 0x08, 0xA2, 0x00, 0x82, 0x00, 0x61, 0x00, 0x62, 0x00, 0x62, 0x00, 0x82, 0x00,
    0xA2, 0x08, 0xC3, 0x08, 0xA2, 0x08, 0x82, 0x00, 0x81, 0x00, 0x82, 0x00, 0xA2, 0x08, 0xA2, 0x08,
    0xA2, 0x08, 0xA2, 0x08, 0x82, 0x00, 0xA2, 0x08, 0xA2, 0x00, 0x22, 0x09, 0x61, 0x09, 0x66, 0x3B,
    0x64, 0x22, 0x02, 0x09, 0x43, 0x11, 0x22, 0x11, 0x63, 0x11, 0xA3, 0x11, 0xC2, 0x11, 0x23, 0x1A,
    0xA5, 0x22, 0xA4, 0x22, 0x82, 0x09, 0xA3, 0x11, 0xC3, 0x11, 0x24, 0x1A, 0x23, 0x1A, 0x03, 0x1A,
    0x23, 0x1A, 0x43, 0x1A, 0x83, 0x1A, 0x83, 0x1A, 0x64, 0x1A, 0x64, 0x22, 0x43, 0x1A, 0xE2, 0x11,
    0x23, 0x1A, 0xA7, 0x3B, 0xA3, 0x11, 0xC2, 0x00, 0xC2, 0x00, 0xC2, 0x00, 0xE3, 0x08, 0xE3, 0x08,
    0xC2, 0x08, 0xA2, 0x00, 0x82, 0x00, 0x82, 0x00, 0x82, 0x00, 0xE3, 0x08, 0xE3, 0x08, 0x23, 0x09,
    0xE2, 0x08, 0x03, 0x09, 0x23, 0x09, 0xE2, 0x00, 0x28, 0x3B, 0xEA, 0x4B, 0xA8, 0x43, 0x87, 0x3B,
    0x08, 0x4C, 0xE4, 0x22, 0x24, 0x22, 0x02, 0x09, 0xC2, 0x08, 0xE2, 0x08, 0xE2, 0x08, 0xA1, 0x00,
    0xC4, 0x19, 0x8A, 0x3B, 0x65, 0x22, 0xC4, 0x19, 0xC1, 0x00, 0xE3, 0x08, 0xA2, 0x00, 0x02, 0x09,
    0xC8, 0x3B, 0x08, 0x44, 0x44, 0x2B, 0x04, 0x23, 0x04, 0x2B, 0xA3, 0x22, 0x43, 0x1A, 0x23, 0x22,
    0xCA, 0x6B, 0xF3, 0xCD, 0xED, 0x8C, 0x02, 0x12, 0xA3, 0x11, 0x63, 0x22, 0xC2, 0x2A, 0xA5, 0x4B,
    0x23, 0x1A, 0xC5, 0x22, 0xC5, 0x22, 0x04, 0x1A, 0x83, 0x11, 0x01, 0x09, 0x01, 0x01, 0x24, 0x22,
    0xE2, 0x11, 0x04, 0x1A, 0x62, 0x11, 0xE3, 0x11, 0x85, 0x22, 0xA5, 0x22, 0x64, 0x1A, 0x86, 0x22,
    0xC7, 0x2A, 0x86, 0x22, 0x45, 0x1A, 0x86, 0x22, 0x25, 0x1A, 0x62, 0x11, 0x83, 0x11, 0x83, 0x11,
    0x83, 0x11, 0x83, 0x11, 0xA4, 0x11, 0xC4, 0x11, 0x23, 0x09, 0x81, 0x00, 0xE3, 0x08, 0xE3, 0x08,
    0xA2, 0x00, 0x82, 0x00, 0x82, 0x00, 0x82, 0x00, 0x82, 0x08, 0x82, 0x08, 0x82, 0x08, 0x82, 0x08,
    0xC2, 0x00, 0xA4, 0x19, 0xC1, 0x08, 0x61, 0x00, 0x41, 0x00, 0x41, 0x00, 0x62, 0x00, 0x82, 0x00,
    0x61, 0x00, 0xE3, 0x08, 0xE2, 0x08, 0xC2, 0x08, 0xE2, 0x08, 0xC2, 0x08, 0xC2, 0x00, 0xA2, 0x00,
    0xA1, 0x00, 0xC2, 0x08, 0xE3, 0x08, 0x03, 0x09, 0x23, 0x09, 0x44, 0x11, 0xA5, 0x11, 0xE6, 0x19,
    0x03, 0x09, 0x42, 0x11, 0x64, 0x22, 0x23, 0x1A, 0xC2, 0x11, 0x82, 0x11, 0x82, 0x11, 0xA2, 0x11,
    0x83, 0x11, 0xC2, 0x08, 0x61, 0x00, 0x82, 0x08, 0xE3, 0x08, 0xE3, 0x08, 0xE2, 0x08, 0xE3, 0x08,
    0xE3, 0x08, 0xC2, 0x00, 0xC2, 0x08, 0x03, 0x09, 0xE3, 0x08, 0x23, 0x09, 0x67, 0x22, 0xC8, 0x22,
    0xE5, 0x11, 0x47, 0x22, 0xE5, 0x19, 0x43, 0x11, 0xA1, 0x00, 0xC2, 0x00, 0xC2, 0x08, 0x61, 0x00,
    0x43, 0x11, 0x42, 0x11, 0x22, 0x09, 0x22, 0x09, 0x02, 0x09, 0x22, 0x09, 0xE3, 0x19, 0xA5, 0x22,
    0x46, 0x33, 0xA7, 0x3B, 0x26, 0x2B, 0x47, 0x3B, 0x88, 0x43, 0x22, 0x09, 0xA6, 0x2A, 0x85, 0x22,
    0x22, 0x09, 0x43, 0x11, 0x63, 0x11, 0x43, 0x09, 0xC2, 0x08, 0x61, 0x00, 0xA2, 0x08, 0xC3, 0x08,
    0x02, 0x09, 0x66, 0x22, 0x86, 0x22, 0x63, 0x09, 0x63, 0x11, 0x64, 0x11, 0x23, 0x09, 0xA4, 0x19,
    0x63, 0x09, 0xE4, 0x19, 0xA4, 0x11, 0x05, 0x1A, 0xA4, 0x11, 0x02, 0x09, 0xC2, 0x00, 0xC2, 0x00,
    0xC2, 0x08, 0xA2, 0x08, 0xA2, 0x08, 0xA2, 0x08, 0xA2, 0x08, 0xA2, 0x00, 0x82, 0x00, 0x61, 0x00,
    0xC2, 0x08, 0xC2, 0x08, 0xA2, 0x00, 0xA2, 0x08, 0xC2, 0x08, 0xA2, 0x00, 0xC2, 0x08, 0xC2, 0x08,
    0xA2, 0x08, 0xA2, 0x00, 0xA2, 0x08, 0xE3, 0x08, 0x03, 0x09, 0x83, 0x11, 0xE3, 0x11, 0x02, 0x12,
    0xC2, 0x11, 0x62, 0x11, 0x62, 0x11, 0x62, 0x11, 0x82, 0x11, 0xC3, 0x11, 0x23, 0x1A, 0x63, 0x1A,
    0xC4, 0x22, 0x46, 0x33, 0x24, 0x1A, 0x62, 0x09, 0xC3, 0x19, 0xE3, 0x19, 0xE2, 0x19, 0x02, 0x1A,
    0x03, 0x1A, 0x22, 0x1A, 0x43, 0x1A, 0x62, 0x1A, 0xE4, 0x22, 0xC5, 0x22, 0x84, 0x1A, 0xA4, 0x22,
    0x42, 0x1A, 0xE5, 0x2A, 0xA3, 0x11, 0xE2, 0x08, 0x03, 0x09, 0x03, 0x09, 0xC3, 0x08, 0x82, 0x00,
    0xA2, 0x00, 0xA2, 0x08, 0x82, 0x00, 0x82, 0x00, 0x82, 0x00, 0xA2, 0x00, 0x64, 0x11, 0x03, 0x09,
    0x23, 0x11, 0x03, 0x09, 0x23, 0x11, 0xE2, 0x00, 0x87, 0x32, 0x48, 0x3B, 0x6B, 0x54, 0xA7, 0x3B,
    0xC5, 0x22, 0xA3, 0x19, 0xE1, 0x08, 0x23, 0x09, 0x02, 0x09, 0xE2, 0x08, 0xE2, 0x08, 0xE2, 0x08,
    0x02, 0x09, 0xA7, 0x2A, 0xE4, 0x19, 0xE2, 0x00, 0xE2, 0x08, 0xE3, 0x08, 0xA2, 0x00, 0x63, 0x11,
    0x08, 0x44, 0xE7, 0x43, 0x85, 0x33, 0x24, 0x2B, 0x04, 0x2B, 0xC3, 0x22, 0x62, 0x1A, 0x87, 0x53,
    0xD1, 0xB5, 0xAD, 0x84, 0x22, 0x1A, 0x63, 0x1A, 0x41, 0x09, 0x23, 0x22, 0x03, 0x33, 0x63, 0x43,
    0xC3, 0x32, 0x23, 0x12, 0xA4, 0x1A, 0x44, 0x1A, 0xC3, 0x11, 0x62, 0x11, 0x02, 0x09, 0x21, 0x09,
    0x24, 0x22, 0x23, 0x1A, 0xE3, 0x19, 0x83, 0x11, 0x45, 0x22, 0xE6, 0x2A, 0x65, 0x1A, 0xA6, 0x22,
    0xC6, 0x22, 0xC6, 0x22, 0xC6, 0x22, 0x45, 0x1A, 0x05, 0x1A, 0x83, 0x11, 0xE4, 0x19, 0x04, 0x1A,
    0x24, 0x1A, 0x24, 0x1A, 0xE4, 0x19, 0xA4, 0x11, 0x44, 0x11, 0x82, 0x08, 0x82, 0x00, 0xA2, 0x08,
    0x82, 0x00, 0x82, 0x00, 0xA2, 0x08, 0x82, 0x00, 0xA2, 0x08, 0xA2, 0x08, 0xA2, 0x08, 0xA2, 0x08,
    0xA2, 0x00, 0x81, 0x00, 0x61, 0x00, 0x82, 0x00, 0xA1, 0x00, 0xC1, 0x00, 0xC2, 0x00, 0xC2, 0x08,
    0xA2, 0x00, 0xC2, 0x08, 0x43, 0x11, 0x43, 0x11, 0x02, 0x09, 0xE2, 0x08, 0xE2, 0x08, 0xC2, 0x08,
    0xC2, 0x08, 0xA2, 0x08, 0xA2, 0x08, 0xA2, 0x00, 0xC3, 0x08, 0xC2, 0x08, 0xA1, 0x00, 0x64, 0x19,
    0xA2, 0x08, 0x62, 0x00, 0x82, 0x11, 0xC4, 0x2A, 0x02, 0x12, 0xA2, 0x11, 0x62, 0x11, 0x82, 0x11,
    0x83, 0x11, 0x43, 0x11, 0x81, 0x00, 0x82, 0x00, 0xA2, 0x00, 0xE3, 0x08, 0xE2, 0x08, 0xE3, 0x08,
    0xE2, 0x08, 0xC2, 0x00, 0xC2, 0x08, 0x03, 0x09, 0x03, 0x09, 0x03, 0x09, 0x43, 0x09, 0x09, 0x33,
    0x87, 0x1A, 0xA7, 0x22, 0x87, 0x2A, 0x02, 0x09, 0xC1, 0x00, 0xE2, 0x08, 0xC2, 0x08, 0x61, 0x00,
    0xC1, 0x00, 0x82, 0x11, 0x62, 0x11, 0x63, 0x09, 0x22, 0x09, 0x22, 0x09, 0x83, 0x11, 0x83, 0x11,
    0xC3, 0x11, 0xC5, 0x22, 0x25, 0x2B, 0xE6, 0x2A, 0x24, 0x22, 0x02, 0x09, 0xA3, 0x11, 0xC4, 0x19,
    0x22, 0x09, 0x43, 0x11, 0x43, 0x11, 0x43, 0x11, 0x64, 0x11, 0x02, 0x09, 0xC3, 0x08, 0xE3, 0x08,
    0xC2, 0x08, 0xC4, 0x19, 0xC4, 0x11, 0x43, 0x11, 0x63, 0x11, 0x84, 0x11, 0x23, 0x09, 0xC5, 0x19,
    0xA4, 0x09, 0x25, 0x1A, 0xE4, 0x11, 0x64, 0x11, 0xE2, 0x08, 0xA2, 0x00, 0xE2, 0x08, 0xE3, 0x08,
    0xC2, 0x08, 0xC2, 0x08, 0xC2, 0x08, 0xC2, 0x08, 0xC2, 0x08, 0xE3, 0x08, 0xA2, 0x00, 0xC2, 0x08,
    0x23, 0x09, 0xE2, 0x00, 0x44, 0x11, 0x64, 0x11, 0x44, 0x11, 0x03, 0x09, 0xE3, 0x08, 0xE3, 0x08,
    0x03, 0x09, 0x03, 0x09, 0xC2, 0x08, 0xA2, 0x00, 0xE3, 0x08, 0x02, 0x09, 0x83, 0x11, 0x03, 0x1A,
    0x64, 0x22, 0x43, 0x1A, 0xC2, 0x11, 0xA2, 0x11, 0x82, 0x11, 0xC2, 0x11, 0x63, 0x1A, 0xC3, 0x22,
    0x04, 0x23, 0x85, 0x33, 0x84, 0x22, 0x21, 0x09, 0xC3, 0x11, 0x23, 0x1A, 0x03, 0x1A, 0x23, 0x1A,
    0x43, 0x1A, 0x84, 0x22, 0xE4, 0x2A, 0x87, 0x3B, 0x44, 0x1A, 0x63, 0x09, 0xE4, 0x11, 0x85, 0x22,
    0x47, 0x3B, 0x08, 0x4C, 0x25, 0x22, 0xC2, 0x08, 0xC2, 0x08, 0x82, 0x08, 0x41, 0x00, 0x41, 0x00,
    0xA2, 0x00, 0xA3, 0x08, 0x82, 0x00, 0xA2, 0x08, 0x82, 0x08, 0x82, 0x08, 0xE2, 0x08, 0x43, 0x09,
    0x44, 0x11, 0x44, 0x11, 0x43, 0x09, 0x02, 0x01, 0x25, 0x22, 0x4B, 0x5C, 0x87, 0x3B, 0x65, 0x22,
    0x62, 0x11, 0x02, 0x09, 0x43, 0x11, 0x02, 0x09, 0x23, 0x09, 0x23, 0x11, 0x02, 0x09, 0x02, 0x09,
    0xE2, 0x08, 0x02, 0x01, 0x02, 0x09, 0xE2, 0x08, 0x02, 0x09, 0x03, 0x11, 0x82, 0x00, 0x42, 0x11,
    0x08, 0x44, 0x49, 0x4C, 0x65, 0x33, 0xE4, 0x22, 0xC3, 0x22, 0x83, 0x22, 0x62, 0x1A, 0x65, 0x3B,
    0x25, 0x2B, 0x42, 0x1A, 0xA4, 0x22, 0x84, 0x1A, 0x61, 0x11, 0xE3, 0x19, 0x64, 0x43, 0x43, 0x43,
    0x84, 0x4B, 0x81, 0x09, 0xC5, 0x22, 0xE5, 0x22, 0x43, 0x1A, 0xE3, 0x11, 0x63, 0x11, 0x01, 0x09,
    0x62, 0x11, 0x44, 0x22, 0xA5, 0x22, 0xA2, 0x11, 0x24, 0x1A, 0x26, 0x33, 0xE4, 0x19, 0x83, 0x11,
    0x25, 0x1A, 0x65, 0x22, 0x45, 0x1A, 0x45, 0x1A, 0x83, 0x11, 0x25, 0x1A, 0x04, 0x1A, 0xE5, 0x19,
    0xA4, 0x11, 0x43, 0x11, 0xC2, 0x08, 0xA2, 0x08, 0x81, 0x00, 0xA2, 0x08, 0xC2, 0x08, 0xA2, 0x00,
    0xA2, 0x08, 0xA2, 0x08, 0xA2, 0x08, 0xA2, 0x08, 0xA2, 0x00, 0xA2, 0x00, 0xA2, 0x08, 0xC2, 0x08,
    0xC2, 0x08, 0x82, 0x00, 0x82, 0x00, 0xE3, 0x08, 0x84, 0x11, 0xA3, 0x11, 0xA3, 0x11, 0x83, 0x11,
    0x43, 0x09, 0x02, 0x09, 0x22, 0x09, 0xE4, 0x19, 0x43, 0x09, 0x23, 0x11, 0x23, 0x11, 0x23, 0x09,
    0x02, 0x09, 0x82, 0x00, 0x61, 0x00, 0x61, 0x00, 0x62, 0x00, 0x82, 0x00, 0x81, 0x00, 0xA2, 0x00,
    0xC2, 0x08, 0xA2, 0x08, 0xC2, 0x08, 0x24, 0x1A, 0xA4, 0x2A, 0xC2, 0x11, 0xC3, 0x11, 0x82, 0x11,
    0x63, 0x11, 0x43, 0x11, 0x02, 0x09, 0x81, 0x00, 0xA2, 0x08, 0xA2, 0x00, 0xC2, 0x08, 0xC2, 0x08,
    0xC2, 0x08, 0xC2, 0x08, 0xC2, 0x08, 0xE3, 0x08, 0xE3, 0x08, 0x03, 0x09, 0xA1, 0x00, 0x84, 0x11,
    0x09, 0x33, 0x09, 0x33, 0x63, 0x11, 0xC1, 0x00, 0x22, 0x09, 0x23, 0x09, 0xA2, 0x00, 0xA2, 0x00,
    0x81, 0x00, 0xE2, 0x08, 0xC4, 0x19, 0xC3, 0x11, 0x62, 0x09, 0x42, 0x09, 0xA3, 0x11, 0x04, 0x1A,
    0x42, 0x09, 0x01, 0x01, 0x44, 0x1A, 0xC5, 0x22, 0x83, 0x19, 0x02, 0x09, 0x23, 0x11, 0x43, 0x11,
    0x43, 0x09, 0x43, 0x09, 0x43, 0x09, 0x43, 0x11, 0x63, 0x11, 0x83, 0x11, 0x64, 0x11, 0xC3, 0x08,
    0xA2, 0x08, 0x02, 0x09, 0x43, 0x09, 0x64, 0x11, 0x84, 0x11, 0xA4, 0x11, 0xA5, 0x19, 0xA4, 0x11,
    0x66, 0x1A, 0x05, 0x1A, 0x84, 0x11, 0xC2, 0x08, 0xA2, 0x08, 0xE3, 0x10, 0xE3, 0x08, 0xE3, 0x08,
    0xC2, 0x08, 0xC2, 0x08, 0xC2, 0x08, 0xE2, 0x08, 0xE2, 0x08, 0xE2, 0x08, 0xC2, 0x08, 0x03, 0x09,
    0x03, 0x09, 0x43, 0x09, 0x63, 0x09, 0x64, 0x09, 0x44, 0x09, 0x03, 0x09, 0x03, 0x09, 0x02, 0x09,
    0x02, 0x09, 0x03, 0x09, 0x03, 0x09, 0xC2, 0x08, 0x23, 0x09, 0xE2, 0x08, 0xE2, 0x08, 0x22, 0x09,
    0xA3, 0x11, 0x44, 0x22, 0x63, 0x22, 0x43, 0x22, 0x43, 0x1A, 0xE2, 0x11, 0x02, 0x12, 0x25, 0x2B,
    0x84, 0x33, 0xC6, 0x3B, 0xA5, 0x2A, 0x62, 0x09, 0xE3, 0x19, 0xA5, 0x22, 0x23, 0x12, 0x43, 0x1A,
    0x63, 0x22, 0xA3, 0x1A, 0x67, 0x33, 0x44, 0x22, 0xE2, 0x00, 0x24, 0x11, 0x65, 0x11, 0xC5, 0x11,
    0xA4, 0x11, 0x28, 0x3B, 0x46, 0x2A, 0x41, 0x00, 0x61, 0x00, 0x41, 0x00, 0x41, 0x00, 0x41, 0x00,
    0x62, 0x00, 0xC2, 0x08, 0xA2, 0x00, 0xA2, 0x08, 0xA2, 0x08, 0xA2, 0x08, 0x81, 0x00, 0x03, 0x09,
    0x64, 0x11, 0xA5, 0x11, 0x64, 0x11, 0x03, 0x09, 0xC3, 0x11, 0xA7, 0x43, 0x85, 0x22, 0x01, 0x01,
    0x63, 0x11, 0x83, 0x11, 0x22, 0x09, 0x63, 0x11, 0x64, 0x11, 0x22, 0x09, 0x43, 0x11, 0x02, 0x09,
    0x23, 0x11, 0x03, 0x09, 0x02, 0x09, 0x22, 0x09, 0x02, 0x09, 0x03, 0x11, 0xA2, 0x08, 0x63, 0x11,
    0xC8, 0x43, 0xAA, 0x5C, 0x65, 0x33, 0x03, 0x23, 0x03, 0x2B, 0x62, 0x1A, 0x83, 0x1A, 0xC3, 0x22,
    0x83, 0x1A, 0x83, 0x1A, 0xC3, 0x22, 0x43, 0x1A, 0x82, 0x11, 0xC2, 0x11, 0xC5, 0x43, 0x43, 0x3B,
    0xC4, 0x53, 0xC2, 0x19, 0x03, 0x12, 0xC4, 0x22, 0xE4, 0x22, 0x63, 0x1A, 0xE3, 0x19, 0x62, 0x11,
    0x02, 0x09, 0x42, 0x09, 0x64, 0x22, 0xA4, 0x22, 0xE3, 0x11, 0xE6, 0x2A, 0x22, 0x09, 0xA2, 0x00,
    0xE2, 0x00, 0x02, 0x09, 0x22, 0x09, 0x22, 0x09, 0x22, 0x09, 0x22, 0x09, 0xA1, 0x08, 0x61, 0x00,
    0xA1, 0x00, 0x42, 0x09, 0x22, 0x09, 0x22, 0x09, 0x22, 0x09, 0xA2, 0x00, 0xA2, 0x00, 0xC3, 0x08,
    0xA2, 0x08, 0xA2, 0x00, 0xA2, 0x08, 0xA2, 0x08, 0xA2, 0x00, 0xC3, 0x08, 0xE3, 0x08, 0xC2, 0x08,
    0xC2, 0x08, 0xC2, 0x08, 0x61, 0x00, 0x61, 0x00, 0x03, 0x11, 0xE4, 0x19, 0xC3, 0x11, 0xE4, 0x19,
    0xC3, 0x11, 0x62, 0x11, 0x22, 0x09, 0xE4, 0x19, 0x23, 0x09, 0xA1, 0x00, 0xC2, 0x00, 0xC2, 0x00,
    0xA2, 0x00, 0x82, 0x00, 0xA2, 0x08, 0xA2, 0x08, 0x82, 0x00, 0x82, 0x08, 0xA2, 0x08, 0xC2, 0x08,
    0xE2, 0x08, 0xE2, 0x08, 0xE3, 0x08, 0xC2, 0x00, 0x65, 0x22, 0xE5, 0x22, 0xE2, 0x11, 0x82, 0x11,
    0x62, 0x11, 0x62, 0x09, 0x84, 0x11, 0xC2, 0x00, 0xC2, 0x00, 0xE3, 0x08, 0xC2, 0x00, 0xA1, 0x00,
    0xA2, 0x00, 0xA2, 0x00, 0xC2, 0x08, 0xE3, 0x08, 0xE3, 0x08, 0x03, 0x11, 0xE3, 0x10, 0xA1, 0x00,
    0x84, 0x11, 0xA4, 0x19, 0xE2, 0x08, 0x22, 0x11, 0x63, 0x11, 0xC2, 0x08, 0xA2, 0x00, 0xE3, 0x08,
    0xA2, 0x08, 0x82, 0x00, 0xE2, 0x00, 0x24, 0x1A, 0x03, 0x1A, 0x62, 0x11, 0xA2, 0x11, 0x64, 0x1A,
    0x65, 0x22, 0xC1, 0x00, 0xC1, 0x08, 0x24, 0x1A, 0xA3, 0x11, 0xC1, 0x00, 0x82, 0x00, 0xC3, 0x08,
    0x03, 0x09, 0x43, 0x09, 0x23, 0x09, 0x03, 0x11, 0x03, 0x09, 0xE2, 0x08, 0xC2, 0x00, 0x82, 0x00,
    0xC2, 0x08, 0xE2, 0x08, 0x63, 0x11, 0x84, 0x11, 0x84, 0x11, 0x84, 0x11, 0x46, 0x1A, 0xC4, 0x11,
    0x87, 0x22, 0x84, 0x11, 0xA2, 0x00, 0xE2, 0x08, 0x03, 0x09, 0xE2, 0x08, 0x03, 0x09, 0x03, 0x09,
    0x03, 0x09, 0xE3, 0x08, 0x03, 0x09, 0x23, 0x09, 0x23, 0x09, 0xE2, 0x08, 0xE2, 0x08, 0x02, 0x09,
    0x64, 0x11, 0xA5, 0x11, 0x84, 0x11, 0x63, 0x09, 0x64, 0x11, 0x44, 0x11, 0xE2, 0x08, 0x03, 0x09,
    0x23, 0x11, 0x23, 0x09, 0x23, 0x09, 0x23, 0x09, 0x84, 0x11, 0x63, 0x11, 0x43, 0x11, 0xA4, 0x11,
    0xA3, 0x11, 0x21, 0x09, 0x43, 0x11, 0x03, 0x1A, 0x84, 0x22, 0xA3, 0x22, 0xA2, 0x22, 0x03, 0x2B,
    0x27, 0x4C, 0x28, 0x54, 0xE3, 0x19, 0x62, 0x11, 0xC2, 0x11, 0x64, 0x22, 0x43, 0x1A, 0x43, 0x1A,
    0x63, 0x1A, 0xE5, 0x2A, 0x24, 0x1A, 0x02, 0x01, 0xC2, 0x00, 0x23, 0x11, 0xA5, 0x19, 0x06, 0x1A,
    0xC6, 0x19, 0x23, 0x09, 0x03, 0x09, 0xA2, 0x08, 0x61, 0x00, 0x41, 0x00, 0x42, 0x00, 0x41, 0x00,
    0x41, 0x00, 0xA2, 0x08, 0xE3, 0x08, 0xC2, 0x08, 0xA2, 0x00, 0x82, 0x08, 0x82, 0x08, 0x81, 0x00,
    0xE2, 0x08, 0x64, 0x11, 0x84, 0x11, 0x02, 0x09, 0x04, 0x1A, 0x64, 0x22, 0x21, 0x01, 0xA4, 0x19,
    0xA3, 0x11, 0x63, 0x09, 0xA4, 0x11, 0x63, 0x09, 0x63, 0x09, 0x84, 0x11, 0x64, 0x11, 0x84, 0x11,
    0x22, 0x09, 0x63, 0x11, 0x22, 0x09, 0x43, 0x11, 0x22, 0x09, 0xE2, 0x08, 0x83, 0x11, 0xE3, 0x19,
    0xE5, 0x32, 0x07, 0x4C, 0x84, 0x33, 0x64, 0x33, 0x23, 0x2B, 0x82, 0x22, 0x24, 0x2B, 0x03, 0x2B,
    0xC3, 0x22, 0xC3, 0x22, 0xE3, 0x22, 0x44, 0x22, 0xE1, 0x00, 0xC3, 0x11, 0xE5, 0x4B, 0x22, 0x3B,
    0x26, 0x64, 0x83, 0x2A, 0xA1, 0x11, 0x42, 0x1A, 0xE4, 0x2A, 0xC4, 0x22, 0xC4, 0x22, 0x43, 0x1A,
    0x82, 0x11, 0x42, 0x09, 0xA2, 0x11, 0x28, 0x3B, 0x82, 0x09, 0x04, 0x1A, 0x83, 0x11, 0xE2, 0x08,
    0x03, 0x09, 0x23, 0x11, 0x43, 0x09, 0x64, 0x11, 0x84, 0x19, 0x61, 0x00, 0x41, 0x00, 0x41, 0x00,
    0x62, 0x11, 0x04, 0x1A, 0x42, 0x09, 0x42, 0x11, 0x83, 0x11, 0xE2, 0x08, 0xC3, 0x08, 0xC3, 0x08,
    0xC3, 0x08, 0xC2, 0x08, 0xE3, 0x08, 0xE3, 0x08, 0xE3, 0x08, 0xE3, 0x08, 0xE3, 0x08, 0xE3, 0x08,
    0x03, 0x09, 0xE3, 0x08, 0x81, 0x08, 0x81, 0x00, 0x61, 0x00, 0x63, 0x11, 0xC3, 0x19, 0x82, 0x09,
    0xC3, 0x19, 0xC3, 0x19, 0xA3, 0x11, 0x83, 0x09, 0x22, 0x09, 0xE2, 0x08, 0xE2, 0x08, 0xC2, 0x08,
    0xA2, 0x08, 0x82, 0x00, 0xC2, 0x08, 0xC2, 0x08, 0xC2, 0x08, 0xA2, 0x00, 0xC2, 0x08, 0xC2, 0x08,
    0xA2, 0x00, 0x02, 0x09, 0x23, 0x11, 0xC2, 0x00, 0x22, 0x09, 0x44, 0x1A, 0xC5, 0x2A, 0x44, 0x1A,
    0x04, 0x12, 0x04, 0x1A, 0x63, 0x11, 0x03, 0x09, 0xE3, 0x08, 0xE3, 0x08, 0x03, 0x09, 0xC2, 0x00,
    0xA2, 0x00, 0xA2, 0x00, 0xA2, 0x08, 0xC2, 0x08, 0xC2, 0x08, 0xC2, 0x00, 0x23, 0x09, 0xC4, 0x19,
    0xC4, 0x11, 0x83, 0x09, 0x83, 0x11, 0x83, 0x11, 0x43, 0x11, 0xA2, 0x00, 0xC2, 0x08, 0xC2, 0x08,
    0x03, 0x09, 0x23, 0x11, 0xC2, 0x00, 0x01, 0x09, 0x64, 0x22, 0x03, 0x1A, 0x82, 0x11, 0x24, 0x1A,
    0x27, 0x2B, 0x04, 0x1A, 0xA1, 0x08, 0xA1, 0x00, 0x43, 0x11, 0x05, 0x1A, 0x03, 0x09, 0x81, 0x00,
    0xA2, 0x08, 0xA2, 0x00, 0xA2, 0x08, 0x82, 0x00, 0x82, 0x00, 0xA2, 0x00, 0xE3, 0x08, 0xE3, 0x08,
    0xE2, 0x08, 0xC2, 0x08, 0x43, 0x11, 0x63, 0x11, 0x63, 0x09, 0xC5, 0x19, 0x05, 0x12, 0xA4, 0x11,
    0x02, 0x01, 0x03, 0x09, 0xA2, 0x00, 0x64, 0x11, 0x83, 0x11, 0x43, 0x09, 0x43, 0x11, 0x23, 0x09,
    0x23, 0x09, 0x02, 0x09, 0x02, 0x09, 0x43, 0x11, 0x23, 0x09, 0x23, 0x09, 0x43, 0x09, 0x06, 0x1A,
    0x47, 0x22, 0xC5, 0x11, 0x84, 0x11, 0xC5, 0x19, 0xA4, 0x11, 0x63, 0x11, 0x23, 0x09, 0x02, 0x09,
    0x02, 0x09, 0x64, 0x11, 0xE5, 0x19, 0x64, 0x11, 0x02, 0x09, 0xE3, 0x19, 0x02, 0x12, 0xC2, 0x11,
    0x63, 0x22, 0x43, 0x1A, 0x62, 0x11, 0x01, 0x01, 0xE1, 0x00, 0x83, 0x09, 0x83, 0x22, 0xE2, 0x2A,
    0x06, 0x4C, 0xA6, 0x43, 0x21, 0x09, 0x42, 0x11, 0xE3, 0x19, 0x03, 0x12, 0xA5, 0x2A, 0x42, 0x12,
    0x26, 0x2B, 0x44, 0x1A, 0x22, 0x09, 0x23, 0x09, 0xE2, 0x08, 0x02, 0x09, 0x84, 0x11, 0xE6, 0x19,
    0x06, 0x1A, 0xC5, 0x19, 0xE3, 0x08, 0xA2, 0x08, 0x61, 0x00, 0x61, 0x00, 0x42, 0x00, 0x41, 0x00,
    0x41, 0x00, 0xA2, 0x08, 0xC3, 0x08, 0x82, 0x00, 0x82, 0x00, 0x82, 0x00, 0x82, 0x08, 0x81, 0x00,
    0x81, 0x00, 0xC2, 0x08, 0x23, 0x11, 0x23, 0x09, 0x63, 0x09, 0x62, 0x09, 0xC4, 0x19, 0x83, 0x11,
    0xA4, 0x11, 0xC4, 0x11, 0x62, 0x09, 0xC4, 0x11, 0xC4, 0x11, 0x63, 0x09, 0x43, 0x09, 0xA4, 0x19,
    0x83, 0x11, 0x83, 0x11, 0x83, 0x11, 0x23, 0x09, 0x63, 0x11, 0x82, 0x09, 0x44, 0x1A, 0xC2, 0x11,
    0x02, 0x1A, 0x07, 0x4C, 0xE5, 0x43, 0x84, 0x33, 0x02, 0x23, 0x23, 0x2B, 0xE5, 0x3B, 0x63, 0x33,
    0x03, 0x2B, 0x65, 0x33, 0x86, 0x33, 0x03, 0x1A, 0xE1, 0x00, 0x21, 0x01, 0x25, 0x3B, 0xC5, 0x53,
    0x05, 0x5C, 0xE3, 0x32, 0xE2, 0x11, 0xC1, 0x11, 0x43, 0x1A, 0x04, 0x2B, 0x03, 0x23, 0x04, 0x23,
    0xC4, 0x22, 0x23, 0x1A, 0x02, 0x1A, 0x44, 0x22, 0x63, 0x11, 0x84, 0x11, 0x83, 0x11, 0x43, 0x09,
    0x43, 0x09, 0x83, 0x11, 0x04, 0x1A, 0x86, 0x22, 0x66, 0x22, 0xC2, 0x08, 0x41, 0x00, 0xE2, 0x08,
    0x24, 0x1A, 0x03, 0x1A, 0x42, 0x09, 0x42, 0x11, 0xC2, 0x11, 0x83, 0x11, 0xC2, 0x00, 0xE3, 0x08,
    0x03, 0x09, 0x03, 0x09, 0x03, 0x09, 0x24, 0x11, 0x23, 0x09, 0x23, 0x09, 0x23, 0x09, 0x03, 0x09,
    0x03, 0x09, 0x03, 0x09, 0xA2, 0x00, 0x81, 0x00, 0x41, 0x00, 0x61, 0x00, 0x43, 0x11, 0xE3, 0x19,
    0x62, 0x09, 0x62, 0x11, 0xC3, 0x11, 0xC3, 0x11, 0xA3, 0x11, 0x63, 0x11, 0x22, 0x09, 0x02, 0x09,
    0x02, 0x09, 0xE2, 0x08, 0xC2, 0x00, 0xA2, 0x00, 0xE2, 0x08, 0xE2, 0x08, 0xE2, 0x08, 0xE2, 0x08,
    0x84, 0x19, 0xA5, 0x19, 0x84, 0x19, 0x02, 0x09, 0xA1, 0x00, 0x02, 0x11, 0x23, 0x12, 0x03, 0x12,
    0xE4, 0x19, 0x43, 0x11, 0xC1, 0x00, 0xE2, 0x08, 0x22, 0x09, 0x23, 0x09, 0xE3, 0x08, 0x03, 0x09,
    0xA2, 0x08, 0xC2, 0x08, 0x03, 0x11, 0xE3, 0x08, 0xC3, 0x08, 0x82, 0x08, 0xA2, 0x00, 0x63, 0x11,
    0x46, 0x22, 0xA7, 0x2A, 0x25, 0x1A, 0xE4, 0x11, 0x84, 0x11, 0xC2, 0x00, 0x02, 0x09, 0x03, 0x09,
    0x23, 0x09, 0x23, 0x09, 0x63, 0x11, 0xE2, 0x08, 0x82, 0x11, 0xC5, 0x2A, 0x03, 0x1A, 0xC3, 0x11,
    0x46, 0x2B, 0xC6, 0x22, 0x42, 0x01, 0x63, 0x09, 0xC2, 0x08, 0x43, 0x09, 0xE5, 0x19, 0x03, 0x09,
    0xE3, 0x08, 0xE3, 0x08, 0xC3, 0x08, 0xE3, 0x08, 0xE3, 0x08, 0xE3, 0x08, 0x04, 0x09, 0x24, 0x11,
    0x43, 0x11, 0xE2, 0x08, 0x02, 0x09, 0x43, 0x11, 0x43, 0x09, 0x63, 0x11, 0x03, 0x09, 0xC2, 0x08,
    0x02, 0x09, 0x22, 0x09, 0x23, 0x09, 0xA5, 0x19, 0x83, 0x11, 0x43, 0x11, 0x23, 0x09, 0x23, 0x09,
    0x22, 0x09, 0x23, 0x09, 0x22, 0x09, 0x43, 0x11, 0x43, 0x09, 0x64, 0x11, 0x06, 0x1A, 0xE5, 0x11,
    0xA5, 0x09, 0xE6, 0x19, 0x06, 0x1A, 0xC4, 0x11, 0xE5, 0x19, 0x63, 0x11, 0x23, 0x09, 0x63, 0x11,
    0x63, 0x09, 0x22, 0x09, 0x63, 0x09, 0x64, 0x11, 0x23, 0x09, 0xC4, 0x22, 0x03, 0x23, 0xA3, 0x22,
    0xC3, 0x22, 0x45, 0x2B, 0xE5, 0x22, 0x24, 0x1A, 0x62, 0x09, 0x62, 0x11, 0x86, 0x4B, 0x43, 0x33,
    0x64, 0x3B, 0xE3, 0x2A, 0x62, 0x09, 0x62, 0x11, 0x03, 0x12, 0x64, 0x1A, 0xA4, 0x22, 0x67, 0x2B,
    0x64, 0x1A, 0x02, 0x09, 0xA2, 0x08, 0x03, 0x09, 0x43, 0x11, 0x02, 0x09, 0x43, 0x09, 0xC5, 0x11,
    0x45, 0x1A, 0xE5, 0x19, 0xE3, 0x08, 0x61, 0x00, 0x61, 0x00, 0x41, 0x00, 0x41, 0x00, 0x41, 0x00,
    0x62, 0x00, 0xA2, 0x08, 0x82, 0x00, 0xA2, 0x08, 0xA2, 0x08, 0x82, 0x00, 0x82, 0x00, 0x82, 0x00,
    0x82, 0x08, 0x81, 0x00, 0xA2, 0x00, 0x03, 0x09, 0x02, 0x09, 0x84, 0x11, 0xA3, 0x11, 0x25, 0x1A,
    0x05, 0x1A, 0xA3, 0x09, 0x45, 0x1A, 0xE4, 0x19, 0x83, 0x11, 0xA3, 0x11, 0xE4, 0x11, 0xA3, 0x11,
    0xE5, 0x19, 0x83, 0x11, 0xC4, 0x19, 0x63, 0x11, 0x43, 0x11, 0x85, 0x22, 0xA5, 0x22, 0xA3, 0x11,
    0xA2, 0x11, 0xA6, 0x43, 0x25, 0x4C, 0x63, 0x2B, 0xE2, 0x22, 0x83, 0x33, 0xE4, 0x3B, 0xA5, 0x3B,
    0xC6, 0x43, 0x08, 0x44, 0x25, 0x2B, 0x82, 0x09, 0x22, 0x11, 0xE2, 0x08, 0x62, 0x11, 0x45, 0x64,
    0x83, 0x43, 0x62, 0x22, 0x02, 0x1A, 0x02, 0x1A, 0x22, 0x1A, 0xC3, 0x22, 0x24, 0x2B, 0x24, 0x2B,
    0x03, 0x23, 0x04, 0x2B, 0xE4, 0x22, 0xA4, 0x22, 0xC3, 0x11, 0xE4, 0x11, 0xA3, 0x09, 0xA3, 0x11,
    0x83, 0x11, 0xE3, 0x11, 0x24, 0x1A, 0x27, 0x2B, 0x48, 0x2B, 0x43, 0x11, 0x41, 0x00, 0xA4, 0x19,
    0x64, 0x1A, 0xE3, 0x11, 0x62, 0x09, 0x62, 0x11, 0xE2, 0x11, 0x44, 0x22, 0xE2, 0x00, 0x24, 0x11,
    0x03, 0x09, 0x24, 0x09, 0x24, 0x09, 0x44, 0x09, 0x44, 0x11, 0x65, 0x11, 0x44, 0x09, 0x44, 0x11,
    0x65, 0x11, 0x44, 0x09, 0xC2, 0x08, 0x81, 0x08, 0x61, 0x08, 0x62, 0x00, 0x81, 0x00, 0xC4, 0x19,
    0xE3, 0x11, 0x62, 0x09, 0x42, 0x11, 0x42, 0x09, 0x83, 0x11, 0x83, 0x11, 0x83, 0x11, 0x43, 0x11,
    0x22, 0x09, 0x02, 0x09, 0x02, 0x09, 0xC2, 0x08, 0x82, 0x00, 0xA1, 0x00, 0x02, 0x09, 0x25, 0x22,
    0xC7, 0x3A, 0x84, 0x11, 0x03, 0x09, 0x44, 0x11, 0x63, 0x11, 0xA3, 0x19, 0x24, 0x1A, 0x02, 0x09,
    0x03, 0x09, 0x23, 0x09, 0x63, 0x11, 0xC4, 0x11, 0x04, 0x1A, 0x04, 0x1A, 0xC4, 0x11, 0xA4, 0x19,
    0xA2, 0x00, 0xA2, 0x00, 0x44, 0x11, 0x03, 0x09, 0xC2, 0x08, 0xA2, 0x00, 0xA2, 0x00, 0xA1, 0x00,
    0xE2, 0x00, 0xA4, 0x11, 0x29, 0x3B, 0x29, 0x33, 0xA4, 0x11, 0xC1, 0x00, 0x02, 0x09, 0x02, 0x09,
    0x23, 0x09, 0x43, 0x11, 0x83, 0x11, 0xA4, 0x19, 0xE1, 0x00, 0x24, 0x22, 0xA4, 0x2A, 0xE2, 0x11,
    0x05, 0x23, 0x88, 0x3B, 0x42, 0x09, 0x84, 0x11, 0xA3, 0x11, 0x22, 0x09, 0x03, 0x09, 0x03, 0x11,
    0x82, 0x00, 0xC2, 0x00, 0x03, 0x09, 0x24, 0x09, 0x44, 0x09, 0x24, 0x09, 0xC3, 0x00, 0x24, 0x09,
    0xA3, 0x11, 0x63, 0x11, 0x02, 0x09, 0x43, 0x09, 0x23, 0x09, 0x02, 0x09, 0x23, 0x11, 0x02, 0x09,
    0x63, 0x11, 0x43, 0x09, 0x63, 0x11, 0x63, 0x11, 0xA4, 0x11, 0x83, 0x11, 0x63, 0x11, 0x84, 0x11,
    0x43, 0x11, 0x02, 0x09, 0x43, 0x09, 0x43, 0x09, 0x23, 0x09, 0xA4, 0x11, 0xA4, 0x11, 0x26, 0x12,
    0xA8, 0x22, 0x06, 0x1A, 0xC5, 0x11, 0x47, 0x1A, 0x26, 0x1A, 0xA4, 0x11, 0x43, 0x09, 0x43, 0x09,
    0xC5, 0x11, 0xA4, 0x11, 0x42, 0x09, 0x23, 0x09, 0x24, 0x22, 0x85, 0x33, 0x84, 0x2B, 0x44, 0x33,
    0x82, 0x1A, 0x45, 0x2B, 0x46, 0x2B, 0x05, 0x23, 0x43, 0x12, 0x67, 0x53, 0xCB, 0x94, 0x84, 0x43,
    0xA4, 0x43, 0x84, 0x3B, 0xE3, 0x11, 0xC3, 0x19, 0xA3, 0x09, 0x07, 0x2B, 0x84, 0x1A, 0xE7, 0x2A,
    0x83, 0x11, 0xA1, 0x00, 0x82, 0x08, 0x61, 0x00, 0x02, 0x09, 0x83, 0x11, 0x43, 0x09, 0x84, 0x11,
    0xE4, 0x11, 0xC5, 0x19, 0xC2, 0x08, 0x61, 0x00, 0x62, 0x00, 0x61, 0x00, 0x42, 0x00, 0x41, 0x00,
    0x82, 0x08, 0x61, 0x00, 0x41, 0x00, 0x61, 0x00, 0xA2, 0x08, 0xA2, 0x08, 0xA2, 0x08, 0xA2, 0x00,
    0x82, 0x00, 0x82, 0x00, 0xA2, 0x00, 0x82, 0x00, 0xE2, 0x08, 0xC4, 0x11, 0xA6, 0x22, 0x25, 0x1A,
    0xE4, 0x11, 0x86, 0x22, 0xE4, 0x11, 0xE4, 0x11, 0x25, 0x1A, 0xC3, 0x11, 0x45, 0x1A, 0xE4, 0x11,
    0x05, 0x1A, 0xC4, 0x19, 0xA4, 0x11, 0xE5, 0x19, 0x22, 0x09, 0x85, 0x22, 0x84, 0x22, 0xA3, 0x11,
    0x82, 0x09, 0xA4, 0x2A, 0x46, 0x54, 0x83, 0x33, 0x22, 0x23, 0xA3, 0x33, 0x05, 0x44, 0x27, 0x44,
    0x08, 0x44, 0x46, 0x33, 0x44, 0x1A, 0xA2, 0x11, 0x83, 0x11, 0x22, 0x09, 0xE1, 0x00, 0x22, 0x22,
    0xA7, 0x6C, 0xE3, 0x2A, 0x21, 0x12, 0x62, 0x22, 0x01, 0x12, 0x42, 0x1A, 0x24, 0x2B, 0x44, 0x2B,
    0x03, 0x23, 0x03, 0x23, 0x44, 0x2B, 0x64, 0x33, 0x23, 0x12, 0xC8, 0x22, 0xE4, 0x11, 0x45, 0x1A,
    0xC3, 0x19, 0x65, 0x22, 0x23, 0x1A, 0x44, 0x1A, 0x48, 0x33, 0x64, 0x11, 0xA2, 0x00, 0x85, 0x22,
    0x85, 0x22, 0xC3, 0x11, 0x62, 0x11, 0x82, 0x11, 0x64, 0x1A, 0x24, 0x1A, 0x03, 0x09, 0x23, 0x09,
    0x64, 0x11, 0x65, 0x11, 0x85, 0x11, 0x85, 0x11, 0x85, 0x11, 0x84, 0x11, 0x84, 0x11, 0x84, 0x11,
    0x43, 0x09, 0x24, 0x09, 0x82, 0x00, 0x61, 0x00, 0x61, 0x00, 0x62, 0x00, 0x61, 0x00, 0x81, 0x00,
    0xC4, 0x19, 0xE3, 0x11, 0x82, 0x11, 0x42, 0x11, 0x42, 0x09, 0x22, 0x09, 0x63, 0x11, 0x63, 0x11,
    0x83, 0x11, 0x63, 0x11, 0x22, 0x09, 0x02, 0x09, 0xE2, 0x08, 0x81, 0x00, 0xA4, 0x19, 0x68, 0x4B,
    0x63, 0x11, 0x81, 0x00, 0x82, 0x00, 0xC2, 0x08, 0x24, 0x1A, 0x04, 0x1A, 0xC5, 0x2A, 0x82, 0x11,
    0xA4, 0x11, 0x04, 0x1A, 0x05, 0x1A, 0x04, 0x1A, 0x24, 0x12, 0xE4, 0x11, 0xA3, 0x11, 0xE4, 0x19,
    0x63, 0x11, 0xA2, 0x00, 0xA2, 0x00, 0xA2, 0x00, 0xA2, 0x08, 0xC2, 0x08, 0xC2, 0x08, 0xC2, 0x08,
    0xE2, 0x08, 0xA1, 0x00, 0x22, 0x09, 0xC8, 0x32, 0xC4, 0x11, 0xC1, 0x00, 0xE2, 0x08, 0xE2, 0x00,
    0x22, 0x09, 0x43, 0x11, 0x84, 0x11, 0xE5, 0x19, 0xE2, 0x08, 0xE2, 0x00, 0x24, 0x1A, 0x84, 0x22,
    0xC4, 0x22, 0xE8, 0x43, 0x83, 0x11, 0x02, 0x09, 0x83, 0x11, 0xE4, 0x19, 0x63, 0x09, 0xE2, 0x08,
    0xE3, 0x08, 0x23, 0x09, 0x03, 0x09, 0x85, 0x11, 0x64, 0x09, 0x65, 0x11, 0x04, 0x09, 0xC3, 0x08,
    0xE4, 0x11, 0xE4, 0x19, 0xC4, 0x11, 0x83, 0x11, 0x63, 0x11, 0x83, 0x11, 0x84, 0x11, 0x83, 0x11,
    0xC4, 0x19, 0x84, 0x11, 0x45, 0x1A, 0xE4, 0x11, 0xC5, 0x19, 0xA4, 0x11, 0x63, 0x11, 0x43, 0x09,
    0x43, 0x11, 0x23, 0x09, 0x64, 0x11, 0x84, 0x11, 0x22, 0x09, 0xE5, 0x11, 0xE8, 0x22, 0xA8, 0x22,
    0xE5, 0x11, 0x67, 0x1A, 0x87, 0x22, 0x05, 0x12, 0x05, 0x1A, 0x63, 0x09, 0xA3, 0x11, 0x63, 0x09,
    0x43, 0x11, 0xE5, 0x19, 0x26, 0x1A, 0x83, 0x09, 0x05, 0x2B, 0xA4, 0x2B, 0x84, 0x2B, 0xC2, 0x22,
    0xC2, 0x22, 0x24, 0x2B, 0x86, 0x2B, 0xA7, 0x33, 0x26, 0x2B, 0x2B, 0x6C, 0xA9, 0x63, 0xA3, 0x2A,
    0xC4, 0x4B, 0x05, 0x54, 0x64, 0x43, 0xC3, 0x11, 0x03, 0x12, 0xC5, 0x22, 0x69, 0x33, 0x42, 0x11,
    0xC2, 0x08, 0xA2, 0x00, 0x82, 0x00, 0x61, 0x00, 0x82, 0x00, 0x23, 0x09, 0xA4, 0x19, 0x63, 0x11,
    0xE4, 0x11, 0x84, 0x11, 0xA1, 0x00, 0x81, 0x00, 0x82, 0x00, 0x62, 0x00, 0x62, 0x00, 0x62, 0x00,
    0x41, 0x00, 0x41, 0x00, 0x61, 0x00, 0x41, 0x00, 0x61, 0x00, 0x62, 0x00, 0x82, 0x00, 0x81, 0x00,
    0x82, 0x00, 0xA2, 0x08, 0xA2, 0x08, 0x82, 0x00, 0xE2, 0x08, 0x86, 0x22, 0x04, 0x12, 0x05, 0x1A,
    0xA7, 0x2A, 0x04, 0x12, 0x66, 0x22, 0x66, 0x22, 0xC3, 0x11, 0xA3, 0x11, 0x04, 0x1A, 0x45, 0x22,
    0xE4, 0x11, 0x25, 0x22, 0xA4, 0x11, 0x05, 0x1A, 0x63, 0x11, 0x04, 0x1A, 0x64, 0x1A, 0xE3, 0x19,
    0xA3, 0x11, 0xC2, 0x11, 0x06, 0x4C, 0xE4, 0x43, 0x63, 0x33, 0x26, 0x4C, 0xE7, 0x4B, 0xE5, 0x32,
    0x23, 0x1A, 0x01, 0x09, 0x62, 0x11, 0x84, 0x22, 0x23, 0x1A, 0x61, 0x11, 0x42, 0x11, 0x01, 0x09,
    0x03, 0x22, 0x25, 0x33, 0x44, 0x33, 0xA2, 0x1A, 0x82, 0x22, 0x41, 0x1A, 0xA2, 0x22, 0x85, 0x33,
    0x23, 0x2B, 0x24, 0x2B, 0x64, 0x33, 0xE5, 0x3B, 0x05, 0x2B, 0x46, 0x22, 0xC5, 0x19, 0x83, 0x11,
    0xA3, 0x11, 0x62, 0x09, 0xE2, 0x08, 0x22, 0x09, 0xA4, 0x19, 0xA4, 0x19, 0x63, 0x11, 0xE6, 0x2A,
    0x84, 0x22, 0xA2, 0x11, 0xA1, 0x09, 0x23, 0x1A, 0x45, 0x22, 0xA1, 0x00, 0x82, 0x00, 0x44, 0x11,
    0xE6, 0x19, 0x84, 0x09, 0xC5, 0x19, 0xC5, 0x11, 0x85, 0x11, 0xA4, 0x11, 0xA4, 0x11, 0x84, 0x11,
    0xA4, 0x11, 0x44, 0x11, 0xA2, 0x00, 0x61, 0x00, 0x61, 0x00, 0x61, 0x00, 0x61, 0x00, 0x61, 0x00,
    0x43, 0x11, 0x66, 0x2A, 0xC3, 0x11, 0x62, 0x11, 0x62, 0x11, 0x22, 0x11, 0x22, 0x09, 0x02, 0x09,
    0x43, 0x11, 0x43, 0x11, 0x63, 0x11, 0x43, 0x11, 0x43, 0x11, 0x62, 0x19, 0x8E, 0x84, 0x2B, 0x6C,
    0x40, 0x00, 0x83, 0x08, 0x41, 0x00, 0xA1, 0x00, 0x65, 0x22, 0xE3, 0x11, 0x06, 0x33, 0xA3, 0x11,
    0xC4, 0x11, 0xE4, 0x11, 0xE4, 0x11, 0x25, 0x1A, 0xC6, 0x22, 0xC3, 0x11, 0xC3, 0x11, 0xC3, 0x11,
    0x04, 0x1A, 0x83, 0x11, 0xE2, 0x08, 0xC2, 0x08, 0xA2, 0x08, 0xE2, 0x08, 0x03, 0x09, 0x02, 0x09,
    0xE2, 0x08, 0x23, 0x09, 0xE2, 0x08, 0xE1, 0x00, 0x43, 0x09, 0xE2, 0x00, 0x23, 0x11, 0x42, 0x11,
    0x83, 0x11, 0xA4, 0x11, 0x63, 0x11, 0x63, 0x11, 0xE2, 0x08, 0x81, 0x00, 0xA1, 0x00, 0x03, 0x1A,
    0x26, 0x33, 0x86, 0x33, 0xA3, 0x11, 0x62, 0x11, 0x62, 0x09, 0xA3, 0x11, 0x24, 0x1A, 0xC4, 0x11,
    0x44, 0x11, 0x24, 0x11, 0x65, 0x11, 0x85, 0x11, 0x85, 0x11, 0x44, 0x09, 0x44, 0x11, 0xE3, 0x08,
    0x04, 0x12, 0x45, 0x1A, 0x04, 0x12, 0x25, 0x1A, 0x83, 0x11, 0x04, 0x1A, 0xA3, 0x09, 0x25, 0x1A,
    0xE4, 0x11, 0xA4, 0x11, 0x25, 0x1A, 0xE4, 0x11, 0xC4, 0x11, 0xA3, 0x11, 0xC4, 0x11, 0xA4, 0x11,
    0x63, 0x11, 0x43, 0x09, 0x43, 0x09, 0x43, 0x09, 0x87, 0x22, 0x4A, 0x33, 0x67, 0x1A, 0x26, 0x12,
    0xE8, 0x22, 0x67, 0x1A, 0xE5, 0x11, 0xA7, 0x22, 0x87, 0x1A, 0x63, 0x09, 0x42, 0x11, 0xA4, 0x19,
    0xA4, 0x19, 0x63, 0x09, 0xE5, 0x11, 0xA5, 0x22, 0x85, 0x33, 0x06, 0x3C, 0x43, 0x2B, 0x03, 0x23,
    0x03, 0x2B, 0xC2, 0x22, 0x85, 0x33, 0x08, 0x44, 0xC8, 0x43, 0xC9, 0x63, 0x27, 0x3B, 0x44, 0x1A,
    0xC5, 0x4B, 0xC4, 0x4B, 0x25, 0x5C, 0x45, 0x3B, 0x23, 0x1A, 0xC3, 0x11, 0x63, 0x11, 0xC2, 0x08,
    0xA2, 0x00, 0xA2, 0x00, 0x82, 0x00, 0x82, 0x00, 0x82, 0x00, 0x62, 0x00, 0xC2, 0x08, 0xA4, 0x11,
    0xE4, 0x19, 0xA4, 0x11, 0xA1, 0x00, 0x61, 0x00, 0x81, 0x00, 0x82, 0x00, 0x62, 0x00, 0x61, 0x00,
    0x62, 0x00, 0x42, 0x00, 0x41, 0x00, 0x41, 0x00, 0x41, 0x00, 0x41, 0x00, 0x41, 0x00, 0x61, 0x00,
    0x82, 0x08, 0xA2, 0x08, 0xA2, 0x08, 0x82, 0x08, 0xE2, 0x08, 0xC4, 0x11, 0x65, 0x1A, 0xC7, 0x2A,
    0x25, 0x12, 0xC7, 0x22, 0x86, 0x22, 0x24, 0x12, 0x25, 0x1A, 0x25, 0x1A, 0x04, 0x1A, 0x65, 0x22,
    0x25, 0x1A, 0x45, 0x1A, 0x05, 0x1A, 0xC4, 0x11, 0xC4, 0x19, 0x44, 0x22, 0xA4, 0x22, 0x23, 0x1A,
    0xE3, 0x19, 0x82, 0x09, 0x86, 0x43, 0xA7, 0x64, 0x68, 0x5C, 0x25, 0x3B, 0x42, 0x09, 0xE2, 0x08,
    0x43, 0x11, 0x61, 0x00, 0xC2, 0x08, 0x65, 0x22, 0x23, 0x1A, 0x43, 0x22, 0xC2, 0x11, 0x63, 0x11,
    0x22, 0x09, 0xC2, 0x11, 0x49, 0x54, 0x03, 0x2B, 0xA1, 0x22, 0x61, 0x1A, 0x61, 0x1A, 0x84, 0x33,
    0xA5, 0x3B, 0x23, 0x2B, 0x43, 0x2B, 0xE5, 0x3B, 0xA6, 0x3B, 0x22, 0x09, 0x61, 0x00, 0xC1, 0x08,
    0x25, 0x22, 0xE2, 0x08, 0x82, 0x00, 0xA2, 0x00, 0xC1, 0x00, 0xC2, 0x00, 0x43, 0x11, 0x67, 0x33,
    0x26, 0x2B, 0xC2, 0x11, 0x63, 0x22, 0x45, 0x22, 0xC1, 0x00, 0x41, 0x00, 0x61, 0x00, 0xE3, 0x08,
    0x64, 0x11, 0xC5, 0x19, 0xE5, 0x11, 0xC5, 0x11, 0x43, 0x09, 0x64, 0x09, 0x84, 0x11, 0x43, 0x09,
    0x23, 0x09, 0x64, 0x11, 0xC2, 0x08, 0x81, 0x08, 0x61, 0x00, 0x81, 0x00, 0x61, 0x00, 0x62, 0x08,
    0x61, 0x00, 0x43, 0x11, 0x25, 0x22, 0x23, 0x1A, 0xA3, 0x11, 0x63, 0x11, 0x42, 0x11, 0x22, 0x11,
    0x22, 0x09, 0x22, 0x09, 0x22, 0x09, 0x62, 0x11, 0x65, 0x2A, 0xCA, 0x6B, 0xD2, 0xB5, 0x05, 0x32,
    0x41, 0x00, 0xA3, 0x08, 0x40, 0x00, 0xE4, 0x19, 0x65, 0x22, 0x23, 0x1A, 0x26, 0x33, 0xC3, 0x11,
    0xE4, 0x19, 0xE4, 0x11, 0x25, 0x12, 0xA6, 0x1A, 0x65, 0x1A, 0x04, 0x1A, 0xC3, 0x11, 0x45, 0x1A,
    0x04, 0x12, 0x24, 0x1A, 0x83, 0x11, 0xA2, 0x00, 0xC2, 0x08, 0x02, 0x09, 0x84, 0x11, 0x63, 0x11,
    0x84, 0x11, 0x43, 0x09, 0x84, 0x19, 0x64, 0x11, 0x43, 0x09, 0xA4, 0x11, 0x84, 0x11, 0x63, 0x11,
    0xE2, 0x08, 0xE2, 0x08, 0xA1, 0x00, 0x81, 0x00, 0x81, 0x00, 0xA2, 0x08, 0x82, 0x00, 0x80, 0x00,
    0xA6, 0x2A, 0x4A, 0x54, 0x04, 0x1A, 0xE3, 0x19, 0xA3, 0x11, 0x82, 0x09, 0xC3, 0x11, 0x44, 0x1A,
    0xE4, 0x19, 0x03, 0x01, 0x85, 0x11, 0xC6, 0x19, 0x85, 0x11, 0x23, 0x09, 0x64, 0x11, 0x44, 0x11,
    0x44, 0x12, 0x66, 0x22, 0x25, 0x1A, 0x45, 0x1A, 0xE4, 0x11, 0x66, 0x22, 0xC3, 0x11, 0xA6, 0x22,
    0xE4, 0x11, 0xA4, 0x11, 0x45, 0x1A, 0x45, 0x1A, 0x45, 0x22, 0xE4, 0x19, 0xA3, 0x11, 0x63, 0x09,
    0x42, 0x09, 0x43, 0x09, 0xA4, 0x19, 0x83, 0x09, 0x87, 0x2A, 0x05, 0x12, 0xC8, 0x22, 0x29, 0x2B,
    0x46, 0x1A, 0x67, 0x1A, 0xC8, 0x22, 0x66, 0x1A, 0x05, 0x12, 0xA3, 0x11, 0xA3, 0x11, 0x83, 0x11,
    0x05, 0x1A, 0xE5, 0x19, 0x63, 0x09, 0xC4, 0x22, 0x47, 0x4C, 0xE6, 0x3B, 0x44, 0x2B, 0x64, 0x33,
    0x02, 0x23, 0x23, 0x2B, 0x03, 0x2B, 0xA6, 0x3B, 0xA7, 0x3B, 0x4A, 0x64, 0xC8, 0x3B, 0x06, 0x2B,
    0xA4, 0x22, 0x26, 0x54, 0x23, 0x3B, 0x66, 0x5C, 0x84, 0x2A, 0x82, 0x00, 0x82, 0x08, 0xA2, 0x00,
    0xA2, 0x00, 0xA2, 0x08, 0x82, 0x08, 0x82, 0x00, 0x82, 0x00, 0x62, 0x00, 0x61, 0x00, 0x02, 0x09,
    0x05, 0x1A, 0xC4, 0x11, 0xC2, 0x08, 0xA2, 0x08, 0xA2, 0x08, 0xA2, 0x08, 0xA2, 0x08, 0x82, 0x00,
    0x62, 0x00, 0x42, 0x00, 0x41, 0x00, 0x41, 0x00, 0x42, 0x00, 0x41, 0x00, 0x41, 0x00, 0x82, 0x00,
    0xC2, 0x08, 0xC2, 0x08, 0xC2, 0x08, 0xC2, 0x08, 0xE2, 0x08, 0x66, 0x22, 0xA7, 0x22, 0x45, 0x12,
    0x28, 0x2B, 0x66, 0x22, 0x86, 0x1A, 0xE7, 0x22, 0x24, 0x1A, 0x25, 0x1A, 0xA6, 0x22, 0x65, 0x1A,
    0xA6, 0x22, 0x24, 0x12, 0x86, 0x22, 0xA3, 0x11, 0xC4, 0x19, 0x44, 0x1A, 0xE4, 0x22, 0x63, 0x22,
    0x03, 0x1A, 0xC2, 0x11, 0x46, 0x3B, 0x8D, 0x8D, 0xE5, 0x32, 0x03, 0x1A, 0x02, 0x09, 0xA2, 0x08,
    0xE2, 0x08, 0x82, 0x08, 0xA2, 0x00, 0xE1, 0x00, 0xC3, 0x19, 0x26, 0x33, 0x42, 0x12, 0x02, 0x1A,
    0xA2, 0x11, 0x43, 0x09, 0x83, 0x11, 0x45, 0x3B, 0x22, 0x2B, 0x81, 0x22, 0xA2, 0x22, 0x02, 0x2B,
    0x67, 0x4C, 0x06, 0x44, 0x43, 0x2B, 0x83, 0x2B, 0x65, 0x33, 0xC2, 0x08, 0x62, 0x00, 0x43, 0x11,
    0x63, 0x11, 0xA2, 0x00, 0xC2, 0x08, 0xC2, 0x08, 0xC2, 0x08, 0xC2, 0x08, 0xC2, 0x08, 0xA6, 0x2A,
    0x66, 0x33, 0x23, 0x1A, 0xE4, 0x21, 0xC1, 0x00, 0x82, 0x08, 0x81, 0x00, 0x41, 0x00, 0x41, 0x00,
    0xC2, 0x00, 0x84, 0x09, 0x67, 0x22, 0xC4, 0x11, 0xC4, 0x11, 0xE5, 0x19, 0x63, 0x11, 0x84, 0x11,
    0xE5, 0x19, 0x63, 0x11, 0x23, 0x09, 0x23, 0x09, 0xC2, 0x08, 0x81, 0x00, 0x61, 0x00, 0x62, 0x00,
    0x62, 0x08, 0x61, 0x00, 0x64, 0x19, 0x24, 0x22, 0xC2, 0x11, 0xA2, 0x11, 0xA3, 0x11, 0x83, 0x11,
    0x62, 0x09, 0x43, 0x11, 0x22, 0x09, 0x41, 0x09, 0x27, 0x43, 0x0A, 0x74, 0x6D, 0x84, 0xC2, 0x08,
    0xC2, 0x00, 0x82, 0x00, 0xA1, 0x00, 0xE5, 0x2A, 0x03, 0x1A, 0xA4, 0x2A, 0x27, 0x33, 0xC4, 0x11,
    0x04, 0x1A, 0x66, 0x1A, 0xE7, 0x2A, 0x6A, 0x3B, 0x04, 0x1A, 0xE3, 0x11, 0x04, 0x12, 0x24, 0x12,
    0x45, 0x1A, 0xE3, 0x11, 0x05, 0x1A, 0x02, 0x09, 0xA1, 0x00, 0x43, 0x09, 0x63, 0x11, 0x64, 0x11,
    0x23, 0x09, 0x44, 0x11, 0x02, 0x09, 0x84, 0x19, 0x63, 0x11, 0x63, 0x11, 0x23, 0x09, 0x81, 0x00,
    0x41, 0x00, 0x82, 0x08, 0xE3, 0x08, 0xA2, 0x08, 0xA2, 0x08, 0xA2, 0x00, 0xA2, 0x08, 0x82, 0x00,
    0x01, 0x09, 0x2C, 0x64, 0xC3, 0x19, 0xC4, 0x19, 0x45, 0x22, 0x44, 0x22, 0xC3, 0x11, 0x03, 0x12,
    0x44, 0x1A, 0xE5, 0x19, 0xA5, 0x11, 0xE6, 0x11, 0x64, 0x09, 0x64, 0x11, 0x44, 0x11, 0x23, 0x09,
    0xA6, 0x22, 0x65, 0x1A, 0xC6, 0x22, 0x05, 0x1A, 0xA6, 0x22, 0x65, 0x1A, 0x45, 0x1A, 0x69, 0x2B,
    0x04, 0x12, 0xC7, 0x2A, 0x28, 0x2B, 0x65, 0x1A, 0x24, 0x12, 0xC3, 0x11, 0xC3, 0x11, 0xA3, 0x11,
    0x83, 0x11, 0x63, 0x11, 0x83, 0x11, 0xA4, 0x11, 0x46, 0x1A, 0x6B, 0x3B, 0x09, 0x2B, 0x46, 0x1A,
    0x29, 0x2B, 0xE8, 0x2A, 0x26, 0x12, 0x08, 0x2B, 0x46, 0x1A, 0x63, 0x09, 0xE4, 0x19, 0xE4, 0x19,
    0x83, 0x11, 0x25, 0x1A, 0x66, 0x22, 0x46, 0x33, 0x47, 0x4C, 0xE6, 0x3B, 0x64, 0x33, 0x84, 0x33,
    0x22, 0x23, 0x43, 0x2B, 0xE2, 0x22, 0x65, 0x2B, 0xA6, 0x33, 0xE8, 0x43, 0xC7, 0x3B, 0xC7, 0x33,
    0x05, 0x23, 0x24, 0x2B, 0x27, 0x54, 0x43, 0x3B, 0x47, 0x5C, 0x42, 0x11, 0x82, 0x00, 0xC2, 0x08,
    0xA2, 0x08, 0xA2, 0x08, 0x81, 0x00, 0xA2, 0x00, 0xC2, 0x08, 0xE3, 0x08, 0x82, 0x08, 0xE2, 0x08,
    0xC4, 0x11, 0xA3, 0x11, 0x03, 0x09, 0xE3, 0x08, 0x03, 0x09, 0x23, 0x09, 0x23, 0x09, 0xE3, 0x08,
    0xA2, 0x08, 0x41, 0x00, 0x41, 0x00, 0x41, 0x00, 0x41, 0x00, 0x61, 0x00, 0xC2, 0x08, 0x03, 0x09,
    0x23, 0x09, 0x23, 0x09, 0x23, 0x09, 0x03, 0x09, 0x03, 0x11, 0xE4, 0x11, 0x86, 0x1A, 0x69, 0x33,
    0x86, 0x1A, 0xE7, 0x1A, 0x28, 0x2B, 0x24, 0x1A, 0xE3, 0x11, 0x24, 0x12, 0xE7, 0x2A, 0x65, 0x1A,
    0xA6, 0x1A, 0x25, 0x1A, 0x66, 0x1A, 0x25, 0x1A, 0x63, 0x11, 0x23, 0x1A, 0x25, 0x2B, 0xA4, 0x22,
    0x63, 0x22, 0x23, 0x12, 0xE5, 0x2A, 0x87, 0x43, 0x84, 0x22, 0x04, 0x1A, 0xE1, 0x08, 0xC2, 0x08,
    0xA2, 0x00, 0xA2, 0x08, 0xC2, 0x08, 0xC2, 0x08, 0xC2, 0x00, 0x83, 0x11, 0xA5, 0x2A, 0x25, 0x33,
    0x22, 0x1A, 0xE2, 0x19, 0x61, 0x09, 0xC2, 0x11, 0x85, 0x3B, 0xA3, 0x3B, 0xE1, 0x22, 0xE2, 0x22,
    0xE5, 0x43, 0xE9, 0x64, 0x47, 0x4C, 0xA4, 0x33, 0x45, 0x33, 0xE2, 0x08, 0x03, 0x09, 0x23, 0x09,
    0x02, 0x09, 0x03, 0x09, 0x03, 0x09, 0x02, 0x09, 0x03, 0x09, 0x23, 0x09, 0xE3, 0x08, 0x01, 0x09,
    0x46, 0x33, 0x44, 0x22, 0xA1, 0x00, 0xC2, 0x08, 0xA2, 0x08, 0xA1, 0x00, 0x23, 0x09, 0x44, 0x11,
    0x64, 0x11, 0x46, 0x1A, 0x04, 0x12, 0x25, 0x1A, 0x86, 0x22, 0xE4, 0x11, 0x25, 0x1A, 0x45, 0x22,
    0xC3, 0x11, 0xC4, 0x11, 0xE4, 0x19, 0x84, 0x11, 0x43, 0x11, 0xE2, 0x08, 0x03, 0x11, 0xE2, 0x08,
    0x81, 0x00, 0x61, 0x00, 0x81, 0x00, 0x83, 0x11, 0xC6, 0x2A, 0x85, 0x22, 0x82, 0x11, 0x82, 0x11,
    0x83, 0x11, 0x63, 0x11, 0x02, 0x09, 0x44, 0x2A, 0x87, 0x4B, 0x27, 0x4B, 0x25, 0x32, 0x22, 0x09,
    0x02, 0x09, 0x41, 0x00, 0xA4, 0x21, 0x46, 0x33, 0xE3, 0x11, 0x46, 0x3B, 0x67, 0x3B, 0xE3, 0x11,
    0xE7, 0x2A, 0xE7, 0x22, 0xE7, 0x22, 0x45, 0x1A, 0xC3, 0x11, 0x03, 0x1A, 0x44, 0x1A, 0x23, 0x12,
    0x65, 0x1A, 0x24, 0x1A, 0x25, 0x1A, 0x05, 0x1A, 0xA2, 0x00, 0x43, 0x09, 0x63, 0x11, 0x02, 0x09,
    0x24, 0x11, 0xC2, 0x08, 0xA1, 0x00, 0x81, 0x00, 0xC2, 0x08, 0xC2, 0x08, 0x61, 0x00, 0x61, 0x00,
    0x61, 0x00, 0x81, 0x00, 0xC2, 0x00, 0xA2, 0x00, 0xC2, 0x08, 0xC3, 0x08, 0xC2, 0x08, 0xC2, 0x08,
    0xC2, 0x00, 0x84, 0x19, 0x23, 0x11, 0xA1, 0x00, 0x62, 0x09, 0x65, 0x22, 0xA6, 0x2A, 0x65, 0x22,
    0x24, 0x1A, 0x65, 0x1A, 0xE5, 0x11, 0x64, 0x11, 0x85, 0x11, 0x85, 0x11, 0x44, 0x11, 0xE2, 0x08,
    0x28, 0x33, 0xA6, 0x1A, 0x08, 0x2B, 0x45, 0x1A, 0x69, 0x33, 0x45, 0x1A, 0xC7, 0x2A, 0xE5, 0x19,
    0x22, 0x09, 0x45, 0x1A, 0x45, 0x1A, 0x45, 0x1A, 0x65, 0x1A, 0x65, 0x22, 0xE4, 0x19, 0xA3, 0x11,
    0x62, 0x09, 0xE5, 0x19, 0x83, 0x09, 0x87, 0x22, 0x6A, 0x3B, 0xA7, 0x22, 0x87, 0x22, 0x8B, 0x33,
    0xC8, 0x22, 0xE8, 0x22, 0x29, 0x2B, 0x66, 0x1A, 0xA3, 0x11, 0xC3, 0x11, 0xA3, 0x11, 0xE4, 0x19,
    0x25, 0x1A, 0xC4, 0x11, 0x46, 0x1A, 0xE8, 0x3B, 0x47, 0x44, 0xC5, 0x3B, 0xC4, 0x3B, 0x43, 0x2B,
    0x85, 0x33, 0x03, 0x23, 0x23, 0x2B, 0xC2, 0x22, 0x85, 0x33, 0xC6, 0x3B, 0xE7, 0x3B, 0x28, 0x44,
    0x08, 0x44, 0x05, 0x2B, 0xC6, 0x43, 0xE6, 0x4B, 0xA4, 0x4B, 0x08, 0x5C, 0xE2, 0x08, 0xE2, 0x08,
    0xE2, 0x08, 0xC2, 0x08, 0xC2, 0x08, 0xA2, 0x08, 0xC2, 0x08, 0xC2, 0x08, 0xC2, 0x08, 0x64, 0x11,
    0x42, 0x09, 0xA4, 0x11, 0x66, 0x22, 0xA4, 0x11, 0x43, 0x09, 0x43, 0x09, 0x03, 0x09, 0xC2, 0x08,
    0x82, 0x00, 0x61, 0x00, 0x41, 0x00, 0x61, 0x00, 0x82, 0x00, 0x03, 0x09, 0x43, 0x11, 0x43, 0x11,
    0x23, 0x11, 0x03, 0x09, 0x03, 0x09, 0x02, 0x09, 0xE2, 0x08, 0x25, 0x12, 0x89, 0x33, 0x66, 0x1A,
    0x48, 0x2B, 0x28, 0x2B, 0x85, 0x1A, 0xA6, 0x22, 0x45, 0x1A, 0x44, 0x1A, 0xA6, 0x22, 0xC6, 0x22,
    0x65, 0x1A, 0xC7, 0x2A, 0x04, 0x12, 0xA6, 0x22, 0x83, 0x09, 0x42, 0x09, 0x06, 0x2B, 0x04, 0x23,
    0xA3, 0x1A, 0x84, 0x22, 0xE5, 0x22, 0xC4, 0x1A, 0xA5, 0x22, 0xE1, 0x00, 0xE2, 0x08, 0x43, 0x11,
    0xC1, 0x00, 0xA2, 0x08, 0xC2, 0x08, 0xA2, 0x08, 0xA2, 0x08, 0xA2, 0x08, 0x22, 0x09, 0xC3, 0x19,
    0xA5, 0x2A, 0xE4, 0x32, 0x22, 0x1A, 0x62, 0x09, 0xA1, 0x11, 0xC5, 0x43, 0xC4, 0x43, 0xC1, 0x22,
    0xA5, 0x3B, 0x68, 0x54, 0x67, 0x4C, 0x0B, 0x65, 0xA5, 0x2A, 0x63, 0x09, 0xA4, 0x19, 0x83, 0x11,
    0x83, 0x11, 0x83, 0x11, 0x63, 0x09, 0x43, 0x09, 0x63, 0x11, 0x43, 0x11, 0xE2, 0x08, 0xA0, 0x00,
    0x85, 0x2A, 0x04, 0x22, 0xA1, 0x00, 0xE2, 0x08, 0xA2, 0x08, 0x63, 0x11, 0x05, 0x1A, 0xC4, 0x11,
    0xA7, 0x22, 0xE4, 0x11, 0x24, 0x1A, 0x66, 0x1A, 0xE4, 0x11, 0x46, 0x1A, 0x45, 0x1A, 0xE4, 0x11,
    0x25, 0x1A, 0x66, 0x1A, 0xE4, 0x11, 0x42, 0x09, 0x63, 0x11, 0x84, 0x11, 0x63, 0x11, 0x22, 0x09,
    0xE2, 0x08, 0xA2, 0x08, 0x81, 0x08, 0xA1, 0x00, 0x22, 0x09, 0xE4, 0x11, 0x45, 0x1A, 0x85, 0x22,
    0xE3, 0x11, 0x42, 0x09, 0xA3, 0x19, 0xA8, 0x4B, 0x07, 0x54, 0xC6, 0x3A, 0x23, 0x09, 0x83, 0x11,
    0xC2, 0x08, 0x81, 0x00, 0xE7, 0x32, 0xC5, 0x22, 0x23, 0x1A, 0x66, 0x3B, 0x26, 0x33, 0x65, 0x1A,
    0x86, 0x1A, 0x86, 0x1A, 0x48, 0x33, 0x04, 0x12, 0x03, 0x12, 0x44, 0x1A, 0x44, 0x1A, 0x85, 0x22,
    0x44, 0x12, 0xC6, 0x22, 0x44, 0x12, 0x05, 0x1A, 0x40, 0x00, 0xE1, 0x00, 0xC3, 0x19, 0x22, 0x09,
    0xE3, 0x08, 0xA2, 0x08, 0xA2, 0x08, 0x81, 0x00, 0x81, 0x00, 0xA1, 0x00, 0x81, 0x00, 0x61, 0x00,
    0x61, 0x00, 0xA1, 0x00, 0xE2, 0x08, 0x03, 0x09, 0xE2, 0x08, 0xE2, 0x08, 0x02, 0x09, 0x22, 0x11,
    0x23, 0x11, 0xE2, 0x08, 0xC2, 0x08, 0xE2, 0x08, 0xE2, 0x08, 0x22, 0x09, 0x04, 0x1A, 0xC6, 0x2A,
    0xA6, 0x22, 0x06, 0x23, 0x25, 0x1A, 0x44, 0x11, 0x07, 0x22, 0x65, 0x11, 0x03, 0x09, 0xE2, 0x08,
    0x28, 0x2B, 0x69, 0x33, 0xE7, 0x2A, 0xE7, 0x2A, 0x28, 0x2B, 0x66, 0x22, 0x63, 0x11, 0x81, 0x00,
    0xC2, 0x08, 0xE7, 0x2A, 0xAA, 0x3B, 0xE7, 0x2A, 0x85, 0x22, 0x44, 0x1A, 0x04, 0x12, 0xC4, 0x11,
    0x63, 0x11, 0xC4, 0x11, 0xC4, 0x11, 0x46, 0x1A, 0x66, 0x1A, 0x49, 0x33, 0x8A, 0x33, 0xC7, 0x1A,
    0x4A, 0x33, 0x29, 0x2B, 0xA6, 0x1A, 0xA7, 0x22, 0xA3, 0x11, 0xA3, 0x11, 0xE4, 0x19, 0xE4, 0x11,
    0x45, 0x1A, 0x46, 0x22, 0xE4, 0x11, 0x08, 0x4C, 0xA9, 0x54, 0xC5, 0x3B, 0xE5, 0x43, 0x64, 0x33,
    0x64, 0x33, 0x03, 0x23, 0x23, 0x2B, 0xE3, 0x22, 0xE3, 0x22, 0xA5, 0x33, 0x06, 0x44, 0x48, 0x4C,
    0x67, 0x4C, 0x68, 0x54, 0x86, 0x33, 0x06, 0x4C, 0x03, 0x33, 0xA8, 0x6C, 0x64, 0x32, 0xC2, 0x00,
    0xE3, 0x08, 0xC2, 0x08, 0xC2, 0x08, 0xC2, 0x08, 0xC2, 0x08, 0xE2, 0x08, 0x03, 0x09, 0x43, 0x09,
    0x43, 0x11, 0xC4, 0x19, 0x86, 0x22, 0x45, 0x1A, 0x22, 0x09, 0x23, 0x09, 0xC2, 0x00, 0x81, 0x00,
    0x82, 0x00, 0x62, 0x00, 0x62, 0x00, 0xE3, 0x08, 0x43, 0x11, 0x64, 0x11, 0x43, 0x11, 0x43, 0x11,
    0x43, 0x11, 0x23, 0x09, 0x23, 0x09, 0x02, 0x09, 0x22, 0x09, 0x46, 0x1A, 0x86, 0x22, 0x8A, 0x3B,
    0x28, 0x2B, 0xA6, 0x1A, 0x68, 0x33, 0xA5, 0x1A, 0x44, 0x1A, 0xE6, 0x2A, 0x85, 0x1A, 0x28, 0x2B,
    0x45, 0x1A, 0x28, 0x2B, 0x65, 0x1A, 0x25, 0x1A, 0xC4, 0x19, 0x61, 0x00, 0x04, 0x22, 0x45, 0x33,
    0xA3, 0x1A, 0xE5, 0x22, 0x45, 0x33, 0x26, 0x2B, 0x63, 0x11, 0x62, 0x00, 0xA1, 0x00, 0x63, 0x11,
    0x63, 0x11, 0xC2, 0x08, 0xC2, 0x08, 0xA2, 0x08, 0xA2, 0x00, 0xC2, 0x08, 0xA2, 0x08, 0xA2, 0x00,
    0x02, 0x09, 0xA2, 0x11, 0x63, 0x22, 0x43, 0x22, 0x82, 0x11, 0xE2, 0x19, 0x04, 0x3B, 0xC5, 0x43,
    0x84, 0x3B, 0x47, 0x54, 0xE6, 0x43, 0x47, 0x3B, 0x84, 0x11, 0x25, 0x1A, 0x25, 0x1A, 0x25, 0x1A,
    0x45, 0x22, 0x25, 0x1A, 0x04, 0x1A, 0xE4, 0x19, 0x83, 0x11, 0x22, 0x09, 0xE2, 0x08, 0xE2, 0x08,
    0x42, 0x11, 0x02, 0x11, 0xC2, 0x08, 0xE2, 0x08, 0xC2, 0x08, 0x25, 0x22, 0x04, 0x12, 0xA7, 0x22,
    0xE4, 0x11, 0x45, 0x1A, 0x87, 0x22, 0x66, 0x22, 0xA7, 0x22, 0x45, 0x1A, 0x04, 0x1A, 0x66, 0x22,
    0x25, 0x1A, 0xE5, 0x19, 0x46, 0x22, 0x25, 0x1A, 0xC4, 0x11, 0x83, 0x11, 0x83, 0x11, 0x83, 0x11,
    0x42, 0x11, 0x22, 0x11, 0xC2, 0x08, 0xC2, 0x08, 0x82, 0x00, 0xA2, 0x08, 0x84, 0x11, 0x05, 0x1A,
    0x04, 0x12, 0x65, 0x1A, 0x44, 0x22, 0x46, 0x3B, 0xA8, 0x43, 0xC3, 0x11, 0x84, 0x11, 0x84, 0x11,
    0x61, 0x00, 0xA4, 0x19, 0x87, 0x3B, 0x63, 0x1A, 0xA4, 0x22, 0xC7, 0x4B, 0x64, 0x22, 0xC4, 0x11,
    0x04, 0x1A, 0xE7, 0x2A, 0xA6, 0x22, 0xA3, 0x09, 0x44, 0x1A, 0x64, 0x1A, 0x43, 0x12, 0xC5, 0x22,
    0x65, 0x1A, 0xA6, 0x22, 0xC6, 0x22, 0x86, 0x2A, 0x4A, 0x63, 0x02, 0x11, 0xC3, 0x19, 0x24, 0x22,
    0xE2, 0x08, 0xC2, 0x08, 0xA2, 0x00, 0xA2, 0x00, 0xA1, 0x00, 0x81, 0x00, 0x82, 0x00, 0x62, 0x00,
    0x82, 0x00, 0x03, 0x11, 0x43, 0x11, 0x22, 0x09, 0x23, 0x09, 0x23, 0x09, 0x43, 0x11, 0x83, 0x11,
    0x63, 0x09, 0x63, 0x11, 0x23, 0x11, 0x23, 0x11, 0x23, 0x09, 0x63, 0x11, 0xA3, 0x11, 0xE5, 0x19,
    0x26, 0x1A, 0x87, 0x1A, 0x26, 0x1A, 0xA5, 0x11, 0xA5, 0x19, 0xC2, 0x08, 0xE2, 0x08, 0x02, 0x09,
    0xA6, 0x22, 0xE8, 0x2A, 0x25, 0x1A, 0xA4, 0x11, 0x63, 0x09, 0x22, 0x09, 0xE1, 0x00, 0x23, 0x11,
    0x01, 0x01, 0x49, 0x3B, 0x28, 0x2B, 0x65, 0x1A, 0x85, 0x1A, 0xA5, 0x22, 0x44, 0x1A, 0xA3, 0x11,
    0x05, 0x1A, 0xE4, 0x11, 0x63, 0x11, 0x66, 0x1A, 0xEC, 0x43, 0x49, 0x33, 0xC7, 0x22, 0xCC, 0x43,
    0x29, 0x33, 0x86, 0x1A, 0xAA, 0x3B, 0x69, 0x33, 0xE4, 0x11, 0xE4, 0x11, 0xE4, 0x11, 0x45, 0x1A,
    0x04, 0x12, 0x86, 0x22, 0x86, 0x22, 0xC9, 0x43, 0x06, 0x44, 0x68, 0x54, 0x64, 0x2B, 0xC5, 0x3B,
    0x43, 0x2B, 0x84, 0x33, 0xE2, 0x22, 0x44, 0x33, 0xC2, 0x22, 0x43, 0x2B, 0xC5, 0x3B, 0xE6, 0x43,
    0x68, 0x4C, 0x48, 0x54, 0x89, 0x54, 0x26, 0x4C, 0xC6, 0x43, 0x44, 0x3B, 0x27, 0x5C, 0x22, 0x09,
    0x02, 0x09, 0x03, 0x09, 0xE2, 0x08, 0xE2, 0x08, 0xE2, 0x08, 0xE2, 0x08, 0xE2, 0x08, 0x03, 0x09,
    0x64, 0x19, 0xA3, 0x11, 0xE4, 0x11, 0xA7, 0x2A, 0xC4, 0x11, 0x81, 0x00, 0x82, 0x08, 0x81, 0x00,
    0x82, 0x00, 0x81, 0x00, 0x02, 0x09, 0x84, 0x11, 0x84, 0x11, 0x84, 0x11, 0x64, 0x11, 0x43, 0x11,
    0x64, 0x11, 0x43, 0x09, 0x43, 0x11, 0x03, 0x09, 0xC2, 0x00, 0x05, 0x1A, 0x4D, 0x54, 0x28, 0x2B,
    0xC6, 0x22, 0xC9, 0x3B, 0xE6, 0x22, 0x44, 0x1A, 0x44, 0x1A, 0xE6, 0x22, 0xC6, 0x22, 0x07, 0x23,
    0xC6, 0x22, 0x86, 0x22, 0x48, 0x2B, 0xE4, 0x11, 0x03, 0x09, 0x61, 0x00, 0xE2, 0x08, 0xE6, 0x32,
    0xE3, 0x22, 0x25, 0x33, 0xC4, 0x2A, 0x83, 0x11, 0xA2, 0x00, 0x82, 0x08, 0xA2, 0x00, 0xA1, 0x00,
    0x83, 0x19, 0x62, 0x11, 0xC1, 0x00, 0xC3, 0x08, 0xC2, 0x08, 0xA1, 0x00, 0xE3, 0x08, 0xE3, 0x08,
    0xC2, 0x08, 0xE2, 0x00, 0x02, 0x09, 0x44, 0x22, 0x85, 0x2A, 0x03, 0x1A, 0x82, 0x11, 0x06, 0x3B,
    0x27, 0x4C, 0xE7, 0x43, 0x49, 0x54, 0x45, 0x22, 0x63, 0x09, 0xC7, 0x22, 0x65, 0x22, 0x44, 0x1A,
    0x44, 0x1A, 0x24, 0x1A, 0x24, 0x1A, 0xE4, 0x19, 0x83, 0x11, 0x42, 0x09, 0x22, 0x09, 0x22, 0x09,
    0x22, 0x09, 0x02, 0x09, 0x02, 0x09, 0x42, 0x11, 0x43, 0x11, 0x05, 0x1A, 0xC7, 0x22, 0x86, 0x22,
    0x28, 0x33, 0x28, 0x33, 0x29, 0x2B, 0xA7, 0x2A, 0xC4, 0x11, 0x05, 0x1A, 0xE5, 0x19, 0xC4, 0x09,
    0xA7, 0x22, 0x66, 0x22, 0xA7, 0x32, 0x06, 0x33, 0xC5, 0x32, 0x44, 0x1A, 0x04, 0x1A, 0xC4, 0x19,
    0xA3, 0x11, 0x62, 0x11, 0x63, 0x09, 0x63, 0x11, 0xE2, 0x08, 0x81, 0x00, 0x61, 0x00, 0xA1, 0x00,
    0x83, 0x11, 0xC4, 0x19, 0xE4, 0x19, 0x85, 0x22, 0x04, 0x1A, 0xA3, 0x11, 0x02, 0x09, 0xA2, 0x08,
    0x82, 0x00, 0x27, 0x33, 0x26, 0x33, 0x63, 0x1A, 0x26, 0x3B, 0xA7, 0x4B, 0xC3, 0x11, 0x25, 0x22,
    0x86, 0x22, 0x49, 0x2B, 0x04, 0x1A, 0x24, 0x1A, 0x64, 0x1A, 0x85, 0x22, 0xA5, 0x22, 0xA5, 0x22,
    0xC6, 0x22, 0x65, 0x1A, 0x89, 0x33, 0xAA, 0x4B, 0xD0, 0x8C, 0xC8, 0x4A, 0x01, 0x09, 0x85, 0x2A,
    0x03, 0x1A, 0xC2, 0x00, 0xC3, 0x08, 0x82, 0x00, 0xA2, 0x00, 0x82, 0x00, 0x62, 0x08, 0x82, 0x00,
    0x03, 0x09, 0x43, 0x09, 0x63, 0x11, 0x63, 0x11, 0x63, 0x09, 0x83, 0x11, 0xE4, 0x19, 0xE4, 0x11,
    0x63, 0x09, 0x83, 0x11, 0x83, 0x11, 0x83, 0x11, 0x83, 0x11, 0x83, 0x11, 0x05, 0x1A, 0xE5, 0x11,
    0xE6, 0x11, 0xE6, 0x11, 0xE5, 0x11, 0x84, 0x11, 0x03, 0x09, 0xC2, 0x08, 0x02, 0x09, 0x02, 0x09,
    0x02, 0x09, 0x02, 0x09, 0xE2, 0x00, 0xE2, 0x00, 0xE2, 0x00, 0x02, 0x09, 0x63, 0x11, 0x62, 0x11,
    0x62, 0x11, 0x45, 0x1A, 0x07, 0x2B, 0xC6, 0x22, 0xA5, 0x22, 0x44, 0x1A, 0x04, 0x1A, 0xA3, 0x11,
    0x86, 0x22, 0x45, 0x1A, 0x42, 0x09, 0xE8, 0x32, 0xC7, 0x22, 0x08, 0x2B, 0x2C, 0x4C, 0xE8, 0x22,
    0xE8, 0x22, 0xEC, 0x43, 0x08, 0x2B, 0x45, 0x1A, 0xC4, 0x11, 0x45, 0x22, 0x65, 0x1A, 0x45, 0x12,
    0x66, 0x22, 0x05, 0x12, 0x87, 0x22, 0x85, 0x22, 0x49, 0x54, 0x27, 0x4C, 0xA5, 0x3B, 0x84, 0x33,
    0x84, 0x33, 0x64, 0x33, 0x43, 0x2B, 0x02, 0x2B, 0xE2, 0x22, 0x02, 0x23, 0xA5, 0x33, 0xC5, 0x3B,
    0xC5, 0x3B, 0xE6, 0x3B, 0x07, 0x4C, 0x27, 0x4C, 0x26, 0x54, 0x43, 0x3B, 0x66, 0x64, 0x44, 0x2A,
    0x43, 0x11, 0x63, 0x11, 0x23, 0x09, 0x44, 0x11, 0x43, 0x11, 0x84, 0x11, 0x43, 0x09, 0x84, 0x11,
    0x43, 0x09, 0x83, 0x11, 0x04, 0x1A, 0x86, 0x1A, 0xE8, 0x2A, 0x43, 0x11, 0x81, 0x00, 0x81, 0x00,
    0x61, 0x00, 0xC2, 0x08, 0xA4, 0x19, 0xA4, 0x11, 0xA4, 0x11, 0xA4, 0x11, 0xC5, 0x19, 0x84, 0x11,
    0x64, 0x11, 0x03, 0x09, 0xE2, 0x08, 0xE2, 0x00, 0xE1, 0x00, 0x87, 0x2A, 0x49, 0x33, 0x07, 0x2B,
    0xCA, 0x3B, 0xC6, 0x1A, 0x07, 0x2B, 0xC6, 0x22, 0xE6, 0x22, 0xE6, 0x1A, 0x47, 0x2B, 0xC6, 0x1A,
    0x68, 0x33, 0x65, 0x12, 0x28, 0x2B, 0x83, 0x11, 0x61, 0x00, 0x81, 0x00, 0x61, 0x00, 0xC6, 0x32,
    0xC6, 0x3B, 0xE5, 0x32, 0x01, 0x09, 0xA1, 0x00, 0xC2, 0x08, 0xA1, 0x00, 0xA2, 0x00, 0x82, 0x00,
    0xA1, 0x00, 0xC3, 0x19, 0x42, 0x11, 0xE2, 0x08, 0xE2, 0x08, 0xE2, 0x08, 0xE2, 0x08, 0xE3, 0x08,
    0x02, 0x09, 0x02, 0x09, 0x22, 0x09, 0xE1, 0x00, 0x04, 0x22, 0x45, 0x2B, 0xE4, 0x19, 0x42, 0x09,
    0xC7, 0x4B, 0x08, 0x4C, 0xC6, 0x2A, 0x23, 0x11, 0x64, 0x11, 0x85, 0x22, 0x65, 0x22, 0x65, 0x1A,
    0x85, 0x1A, 0x85, 0x22, 0x65, 0x22, 0xC3, 0x11, 0x82, 0x11, 0x82, 0x11, 0x62, 0x11, 0x62, 0x11,
    0x62, 0x11, 0x62, 0x11, 0x62, 0x09, 0xC3, 0x11, 0x22, 0x09, 0x63, 0x11, 0xA4, 0x11, 0x05, 0x1A,
    0xC7, 0x2A, 0xC7, 0x2A, 0x66, 0x2A, 0xA3, 0x09, 0xC7, 0x2A, 0x28, 0x2B, 0x69, 0x33, 0xCB, 0x3B,
    0x49, 0x2B, 0x8A, 0x33, 0x48, 0x3B, 0xE8, 0x4B, 0xA6, 0x4B, 0x26, 0x43, 0x85, 0x22, 0x45, 0x1A,
    0x45, 0x1A, 0x04, 0x12, 0xE4, 0x11, 0xA3, 0x11, 0xA4, 0x19, 0x23, 0x09, 0x81, 0x00, 0x82, 0x00,
    0x81, 0x00, 0x81, 0x00, 0xC2, 0x08, 0x03, 0x09, 0xC2, 0x00, 0xC2, 0x08, 0xA2, 0x08, 0x61, 0x00,
    0x63, 0x11, 0xA8, 0x3B, 0x85, 0x22, 0xA4, 0x2A, 0xA7, 0x43, 0x84, 0x22, 0x25, 0x1A, 0x66, 0x1A,
    0x28, 0x2B, 0xA7, 0x22, 0xA3, 0x11, 0x65, 0x22, 0x64, 0x1A, 0xA5, 0x1A, 0x06, 0x23, 0xA5, 0x1A,
    0x47, 0x2B, 0xE6, 0x22, 0x28, 0x2B, 0x63, 0x11, 0xA1, 0x00, 0x65, 0x22, 0xA3, 0x11, 0xC1, 0x00,
    0x24, 0x22, 0x62, 0x09, 0xC2, 0x08, 0xC3, 0x08, 0xA2, 0x00, 0x82, 0x08, 0x81, 0x00, 0x81, 0x00,
    0x23, 0x09, 0xC4, 0x11, 0xA4, 0x11, 0x83, 0x11, 0x06, 0x1A, 0xC4, 0x11, 0xE4, 0x11, 0xE4, 0x11,
    0xC4, 0x19, 0xA4, 0x11, 0xC4, 0x19, 0xA4, 0x11, 0xE4, 0x11, 0xE4, 0x11, 0x45, 0x1A, 0x25, 0x1A,
    0xC5, 0x11, 0xA6, 0x11, 0x44, 0x11, 0x03, 0x09, 0x43, 0x11, 0xE2, 0x08, 0x43, 0x09, 0xC4, 0x11,
    0x23, 0x11, 0x43, 0x11, 0xC4, 0x19, 0x63, 0x11, 0x42, 0x09, 0x63, 0x11, 0x82, 0x11, 0x82, 0x11,
    0x83, 0x11, 0x25, 0x1A, 0x69, 0x3B, 0xE6, 0x22, 0x85, 0x1A, 0x44, 0x1A, 0x24, 0x1A, 0xE4, 0x19,
    0x45, 0x1A, 0x45, 0x1A, 0x63, 0x09, 0x04, 0x12, 0x8A, 0x3B, 0x2C, 0x4C, 0xC6, 0x22, 0x69, 0x33,
    0x0C, 0x4C, 0xE8, 0x22, 0x8A, 0x3B, 0x86, 0x22, 0xE3, 0x11, 0x45, 0x1A, 0xA6, 0x22, 0x25, 0x12,
    0x86, 0x1A, 0x08, 0x2B, 0x25, 0x1A, 0x83, 0x09, 0xC6, 0x32, 0xE8, 0x43, 0x89, 0x54, 0x43, 0x2B,
    0x06, 0x44, 0x23, 0x2B, 0x84, 0x33, 0x22, 0x23, 0x64, 0x33, 0xE1, 0x1A, 0x43, 0x2B, 0xE5, 0x3B,
    0xA5, 0x3B, 0x84, 0x33, 0x64, 0x33, 0x07, 0x44, 0x05, 0x33, 0x46, 0x5C, 0xC4, 0x4B, 0x42, 0x22,
    0x42, 0x09, 0xE3, 0x19, 0xA4, 0x11, 0x64, 0x11, 0xA4, 0x11, 0xE5, 0x19, 0x05, 0x1A, 0xA8, 0x2A,
    0x05, 0x1A, 0x66, 0x22, 0x04, 0x1A, 0x45, 0x1A, 0xC7, 0x22, 0x66, 0x22, 0xE2, 0x08, 0x81, 0x00,
    0x81, 0x00, 0x03, 0x09, 0xA4, 0x11, 0xE5, 0x11, 0x05, 0x1A, 0xC4, 0x19, 0x63, 0x11, 0x22, 0x09,
    0x02, 0x09, 0xE2, 0x08, 0x02, 0x09, 0x43, 0x09, 0x02, 0x09, 0x42, 0x09, 0x49, 0x33, 0x2C, 0x4C,
    0xE6, 0x22, 0xCA, 0x3B, 0x26, 0x2B, 0x63, 0x1A, 0x26, 0x2B, 0x27, 0x23, 0x68, 0x2B, 0xE6, 0x22,
    0x68, 0x33, 0x48, 0x2B, 0xC4, 0x19, 0xC2, 0x00, 0x82, 0x00, 0x82, 0x08, 0x41, 0x00, 0xE6, 0x32,
    0xA8, 0x43, 0xE2, 0x08, 0x82, 0x00, 0xA2, 0x08, 0xA2, 0x08, 0xA2, 0x00, 0xA2, 0x00, 0xA2, 0x00,
    0x61, 0x00, 0x62, 0x11, 0xE2, 0x19, 0x42, 0x09, 0x02, 0x09, 0x02, 0x09, 0x02, 0x09, 0x23, 0x09,
    0xE2, 0x08, 0x02, 0x09, 0x43, 0x11, 0x03, 0x09, 0x02, 0x09, 0x47, 0x3B, 0x04, 0x1A, 0x62, 0x09,
    0xC5, 0x2A, 0x87, 0x43, 0x62, 0x09, 0x62, 0x08, 0xE2, 0x08, 0x24, 0x1A, 0x65, 0x1A, 0xA5, 0x22,
    0xA5, 0x1A, 0x84, 0x1A, 0xE2, 0x11, 0xC2, 0x11, 0xC3, 0x11, 0xA2, 0x11, 0xA2, 0x11, 0xA2, 0x11,
    0xA2, 0x11, 0xC2, 0x11, 0x04, 0x1A, 0x43, 0x11, 0xC2, 0x00, 0xA2, 0x00, 0xE2, 0x08, 0x02, 0x09,
    0x42, 0x01, 0xC5, 0x2A, 0x22, 0x1A, 0x43, 0x1A, 0x64, 0x1A, 0x03, 0x12, 0x45, 0x1A, 0xC7, 0x22,
    0x45, 0x1A, 0x08, 0x2B, 0x8A, 0x43, 0x26, 0x33, 0x45, 0x33, 0x45, 0x3B, 0xA7, 0x43, 0x46, 0x33,
    0x07, 0x2B, 0x07, 0x23, 0xA6, 0x22, 0x45, 0x1A, 0x45, 0x1A, 0xA7, 0x22, 0xC5, 0x19, 0xA2, 0x00,
    0xA2, 0x08, 0x82, 0x08, 0x81, 0x00, 0x82, 0x00, 0x82, 0x00, 0x82, 0x08, 0xC2, 0x08, 0x61, 0x00,
    0x65, 0x22, 0x87, 0x33, 0x64, 0x22, 0x26, 0x3B, 0xE5, 0x32, 0x24, 0x12, 0xA7, 0x22, 0x49, 0x33,
    0xCB, 0x43, 0x24, 0x1A, 0x44, 0x1A, 0x64, 0x1A, 0xC5, 0x22, 0xC5, 0x1A, 0xE5, 0x22, 0xE6, 0x22,
    0xE6, 0x22, 0xA9, 0x3B, 0xA3, 0x11, 0xA2, 0x08, 0x62, 0x00, 0x42, 0x11, 0x06, 0x3B, 0xE2, 0x08,
    0x02, 0x09, 0xA6, 0x3A, 0xE2, 0x08, 0xC2, 0x08, 0xE2, 0x08, 0xA1, 0x00, 0xE2, 0x08, 0x43, 0x11,
    0x84, 0x11, 0xA3, 0x09, 0x04, 0x1A, 0x26, 0x22, 0xC4, 0x11, 0x25, 0x12, 0xC7, 0x2A, 0xE4, 0x19,
    0x04, 0x1A, 0x45, 0x1A, 0x25, 0x1A, 0x45, 0x1A, 0x04, 0x12, 0x65, 0x1A, 0x65, 0x1A, 0x66, 0x1A,
    0xC5, 0x11, 0x65, 0x11, 0xC3, 0x08, 0xC2, 0x00, 0x43, 0x09, 0x42, 0x09, 0xC4, 0x11, 0x86, 0x22,
    0xE4, 0x19, 0x65, 0x1A, 0x65, 0x1A, 0xA3, 0x11, 0x82, 0x11, 0xC3, 0x11, 0xA2, 0x11, 0xE3, 0x19,
    0xE3, 0x11, 0xC3, 0x11, 0x28, 0x33, 0x68, 0x2B, 0xE6, 0x22, 0x44, 0x1A, 0xE3, 0x11, 0xA6, 0x22,
    0xE7, 0x22, 0xC3, 0x11, 0xC4, 0x11, 0x08, 0x2B, 0xCB, 0x43, 0xE7, 0x22, 0x0C, 0x4C, 0xEC, 0x4B,
    0xC7, 0x22, 0xAA, 0x3B, 0xEB, 0x43, 0xA6, 0x22, 0x65, 0x22, 0x65, 0x1A, 0x45, 0x1A, 0xA6, 0x22,
    0x86, 0x1A, 0x6A, 0x33, 0x09, 0x33, 0x22, 0x09, 0x01, 0x09, 0x47, 0x3B, 0x07, 0x4C, 0xC5, 0x43,
    0xC5, 0x43, 0x44, 0x2B, 0x63, 0x2B, 0x63, 0x2B, 0x23, 0x2B, 0x63, 0x2B, 0x43, 0x2B, 0x84, 0x33,
    0xE5, 0x3B, 0xC5, 0x33, 0xA5, 0x3B, 0xC6, 0x3B, 0x44, 0x1A, 0x03, 0x1A, 0xC6, 0x53, 0xE5, 0x3A,
    0x42, 0x09, 0xC3, 0x11, 0xA6, 0x2A, 0x83, 0x09, 0x47, 0x22, 0x06, 0x1A, 0xA8, 0x22, 0x87, 0x1A,
    0x87, 0x22, 0x09, 0x33, 0x29, 0x33, 0xA7, 0x22, 0x25, 0x1A, 0x83, 0x11, 0xC2, 0x08, 0x81, 0x00,
    0x81, 0x00, 0x03, 0x09, 0xA4, 0x11, 0x05, 0x1A, 0xA4, 0x11, 0x43, 0x09, 0x22, 0x11, 0x02, 0x09,
    0x22, 0x09, 0x83, 0x11, 0x63, 0x11, 0x02, 0x09, 0x02, 0x09, 0x02, 0x09, 0x66, 0x22, 0x68, 0x33,
    0x0B, 0x44, 0x68, 0x2B, 0x26, 0x23, 0xC5, 0x22, 0xE5, 0x22, 0x88, 0x33, 0x06, 0x23, 0x88, 0x33,
    0x07, 0x2B, 0x66, 0x22, 0xC1, 0x08, 0x82, 0x00, 0x82, 0x00, 0x82, 0x08, 0x61, 0x00, 0xC4, 0x19,
    0x22, 0x11, 0x41, 0x00, 0xA2, 0x08, 0xC2, 0x08, 0xC2, 0x08, 0xC3, 0x08, 0xC2, 0x08, 0xA2, 0x08,
    0x61, 0x00, 0x83, 0x11, 0x83, 0x1A, 0xE3, 0x11, 0x42, 0x11, 0x22, 0x09, 0x43, 0x11, 0xE2, 0x00,
    0x44, 0x11, 0x22, 0x09, 0x42, 0x09, 0x63, 0x11, 0xE2, 0x08, 0x22, 0x09, 0x42, 0x09, 0xC4, 0x19,
    0x22, 0x01, 0x22, 0x09, 0xA1, 0x00, 0x41, 0x00, 0xE2, 0x08, 0xA7, 0x2A, 0xC6, 0x22, 0xE6, 0x22,
    0xA5, 0x22, 0xE3, 0x19, 0xC2, 0x11, 0xE2, 0x11, 0x02, 0x1A, 0xE2, 0x11, 0xE2, 0x11, 0xE2, 0x11,
    0x64, 0x22, 0x03, 0x1A, 0x63, 0x11, 0xA2, 0x00, 0xC2, 0x00, 0xA2, 0x00, 0x61, 0x00, 0xE3, 0x08,
    0xC3, 0x19, 0x25, 0x2B, 0x62, 0x1A, 0xC4, 0x22, 0xA4, 0x22, 0xE2, 0x19, 0xA2, 0x11, 0xE3, 0x19,
    0xE3, 0x11, 0xC3, 0x11, 0xA6, 0x3A, 0xEF, 0x94, 0x43, 0x22, 0x45, 0x3B, 0x25, 0x33, 0x28, 0x54,
    0xA7, 0x3B, 0xE6, 0x22, 0x89, 0x3B, 0x28, 0x33, 0x69, 0x33, 0xE7, 0x22, 0xA7, 0x22, 0x23, 0x09,
    0xC2, 0x08, 0xC2, 0x08, 0xC1, 0x00, 0xA2, 0x00, 0x82, 0x00, 0x81, 0x00, 0xA2, 0x00, 0x81, 0x00,
    0xE6, 0x32, 0xA4, 0x22, 0x06, 0x33, 0xE5, 0x2A, 0x45, 0x1A, 0xE7, 0x2A, 0xC7, 0x22, 0x69, 0x33,
    0xE7, 0x2A, 0xC3, 0x11, 0xA5, 0x22, 0xC5, 0x22, 0xC5, 0x22, 0x06, 0x23, 0xE6, 0x22, 0x67, 0x33,
    0x27, 0x2B, 0xCA, 0x43, 0xA4, 0x19, 0x61, 0x00, 0xC2, 0x08, 0x62, 0x00, 0x42, 0x11, 0xA4, 0x19,
    0x83, 0x21, 0xA7, 0x42, 0xA2, 0x08, 0x81, 0x00, 0x83, 0x19, 0x22, 0x11, 0xE2, 0x08, 0x43, 0x11,
    0xC4, 0x11, 0x66, 0x22, 0x05, 0x1A, 0xE4, 0x11, 0x87, 0x22, 0xC7, 0x2A, 0x86, 0x1A, 0x04, 0x1A,
    0x25, 0x1A, 0x86, 0x22, 0x66, 0x1A, 0xE7, 0x22, 0x86, 0x1A, 0x65, 0x1A, 0x07, 0x2B, 0x66, 0x1A,
    0x64, 0x09, 0x24, 0x11, 0xA2, 0x00, 0xE2, 0x08, 0x23, 0x09, 0xA4, 0x11, 0x04, 0x12, 0x86, 0x22,
    0x86, 0x22, 0xE7, 0x22, 0xC6, 0x22, 0xA2, 0x11, 0xA2, 0x11, 0x03, 0x1A, 0x03, 0x1A, 0x02, 0x12,
    0x64, 0x22, 0x83, 0x11, 0x09, 0x3B, 0x27, 0x23, 0x06, 0x23, 0x85, 0x22, 0xE3, 0x11, 0x84, 0x1A,
    0x48, 0x2B, 0xA3, 0x11, 0x04, 0x1A, 0x28, 0x2B, 0xA7, 0x22, 0x4D, 0x54, 0xEC, 0x4B, 0xC7, 0x22,
    0xEC, 0x43, 0x69, 0x33, 0xC7, 0x22, 0x44, 0x1A, 0x64, 0x1A, 0x85, 0x22, 0x65, 0x1A, 0x07, 0x23,
    0x08, 0x23, 0xE8, 0x22, 0x87, 0x2A, 0xC1, 0x00, 0xC2, 0x08, 0x42, 0x09, 0x26, 0x33, 0x69, 0x54,
    0x84, 0x33, 0xC5, 0x3B, 0x22, 0x23, 0x83, 0x33, 0x02, 0x23, 0x64, 0x33, 0xE2, 0x22, 0x43, 0x2B,
    0xC5, 0x3B, 0xE6, 0x3B, 0xC6, 0x3B, 0x47, 0x4C, 0x65, 0x1A, 0xE1, 0x00, 0xA3, 0x21, 0x87, 0x53,
    0xA2, 0x11, 0x82, 0x09, 0x85, 0x22, 0x65, 0x22, 0x06, 0x1A, 0xE9, 0x2A, 0xA8, 0x22, 0xA8, 0x22,
    0xC8, 0x2A, 0x67, 0x22, 0x87, 0x22, 0xC4, 0x11, 0x63, 0x11, 0x23, 0x09, 0xA2, 0x00, 0x61, 0x00,
    0x81, 0x00, 0x22, 0x09, 0xC4, 0x11, 0xA4, 0x11, 0xA4, 0x11, 0x83, 0x11, 0x42, 0x09, 0xA3, 0x11,
    0x24, 0x1A, 0xA3, 0x11, 0x22, 0x09, 0x22, 0x09, 0x43, 0x11, 0xE2, 0x08, 0x02, 0x09, 0xAA, 0x3B,
    0xEA, 0x43, 0x67, 0x2B, 0x46, 0x23, 0x06, 0x23, 0x87, 0x33, 0x87, 0x2B, 0xA8, 0x33, 0x68, 0x33,
    0xE4, 0x19, 0xA1, 0x00, 0xA1, 0x00, 0xA2, 0x00, 0x82, 0x00, 0x61, 0x00, 0x82, 0x00, 0x41, 0x00,
    0x41, 0x00, 0x81, 0x00, 0xA2, 0x08, 0xC2, 0x08, 0xE2, 0x08, 0xE3, 0x08, 0xE3, 0x08, 0xC3, 0x08,
    0xE2, 0x08, 0xE6, 0x32, 0xA7, 0x3B, 0x05, 0x2B, 0x23, 0x1A, 0x82, 0x11, 0x22, 0x09, 0x23, 0x11,
    0x23, 0x11, 0x43, 0x09, 0x42, 0x09, 0xA4, 0x19, 0x22, 0x09, 0xE2, 0x08, 0x23, 0x09, 0x22, 0x09,
    0x22, 0x09, 0xE2, 0x08, 0x82, 0x00, 0x61, 0x00, 0xC2, 0x08, 0x08, 0x33, 0x68, 0x33, 0x27, 0x2B,
    0x03, 0x12, 0xC2, 0x11, 0x03, 0x1A, 0x02, 0x1A, 0x22, 0x1A, 0x83, 0x22, 0x63, 0x1A, 0x64, 0x22,
    0x04, 0x1A, 0x02, 0x09, 0xE1, 0x08, 0xE2, 0x08, 0x43, 0x09, 0x43, 0x11, 0x81, 0x00, 0xA1, 0x00,
    0xE3, 0x19, 0xE3, 0x22, 0xC3, 0x22, 0x21, 0x1A, 0xA7, 0x43, 0xE5, 0x2A, 0x03, 0x1A, 0x03, 0x1A,
    0x44, 0x1A, 0xE3, 0x11, 0xA6, 0x42, 0x77, 0xD6, 0xE7, 0x42, 0x42, 0x1A, 0x87, 0x43, 0x04, 0x33,
    0x08, 0x54, 0x67, 0x43, 0x23, 0x12, 0xA6, 0x22, 0x48, 0x2B, 0x86, 0x1A, 0x25, 0x12, 0x26, 0x22,
    0x43, 0x09, 0x23, 0x09, 0xE2, 0x08, 0xC2, 0x08, 0xA2, 0x08, 0x82, 0x00, 0x81, 0x00, 0x02, 0x11,
    0x25, 0x33, 0xC4, 0x2A, 0xC6, 0x2A, 0xC7, 0x2A, 0xA7, 0x22, 0x86, 0x22, 0x69, 0x33, 0x4D, 0x54,
    0x65, 0x1A, 0x44, 0x1A, 0x85, 0x22, 0xE6, 0x22, 0xE6, 0x22, 0x27, 0x2B, 0x26, 0x23, 0x87, 0x33,
    0x0A, 0x44, 0xE8, 0x2A, 0x23, 0x09, 0xC2, 0x08, 0xA2, 0x08, 0xC2, 0x08, 0x82, 0x00, 0xA2, 0x00,
    0xC2, 0x08, 0x81, 0x00, 0x61, 0x00, 0xE2, 0x08, 0x28, 0x5B, 0xA7, 0x4A, 0xE2, 0x00, 0xC4, 0x19,
    0x46, 0x22, 0xC4, 0x11, 0x45, 0x1A, 0x08, 0x2B, 0x66, 0x1A, 0xA6, 0x1A, 0xA7, 0x22, 0x25, 0x1A,
    0xA6, 0x22, 0x86, 0x1A, 0xA6, 0x22, 0x28, 0x2B, 0x08, 0x2B, 0xC7, 0x22, 0x07, 0x23, 0x66, 0x22,
    0xE2, 0x08, 0xE2, 0x08, 0xC2, 0x08, 0x02, 0x09, 0x43, 0x09, 0x83, 0x11, 0xC8, 0x2A, 0xE8, 0x2A,
    0xE6, 0x22, 0x48, 0x2B, 0x64, 0x1A, 0xA2, 0x11, 0x03, 0x1A, 0xE2, 0x11, 0x23, 0x1A, 0x43, 0x1A,
    0x65, 0x2A, 0xA1, 0x00, 0xC5, 0x19, 0xCA, 0x43, 0xC5, 0x1A, 0x84, 0x1A, 0x64, 0x1A, 0x06, 0x2B,
    0x85, 0x1A, 0xC4, 0x11, 0xA3, 0x11, 0xE7, 0x2A, 0x4D, 0x54, 0xEC, 0x4B, 0xE8, 0x2A, 0x4D, 0x54,
    0x49, 0x33, 0xAA, 0x3B, 0x69, 0x33, 0x44, 0x1A, 0x65, 0x1A, 0xA6, 0x22, 0x86, 0x1A, 0xC7, 0x22,
    0x28, 0x2B, 0x86, 0x22, 0x83, 0x11, 0xC2, 0x08, 0xE3, 0x08, 0xE2, 0x00, 0x62, 0x09, 0xA5, 0x2A,
    0x07, 0x4C, 0xE4, 0x43, 0xA4, 0x3B, 0x63, 0x33, 0x63, 0x33, 0x23, 0x2B, 0x44, 0x2B, 0x03, 0x23,
    0x84, 0x33, 0xE6, 0x3B, 0xE6, 0x43, 0xE7, 0x43, 0x68, 0x43, 0xC5, 0x21, 0x81, 0x00, 0xA2, 0x11,
    0x24, 0x1A, 0xA2, 0x11, 0xC2, 0x11, 0xE6, 0x2A, 0x82, 0x11, 0x67, 0x22, 0xA4, 0x11, 0x46, 0x22,
    0xC4, 0x11, 0x06, 0x22, 0x63, 0x09, 0xC4, 0x11, 0x42, 0x09, 0x03, 0x09, 0x03, 0x11, 0x81, 0x00,
    0xC2, 0x08, 0x63, 0x11, 0x05, 0x1A, 0x05, 0x1A, 0xE4, 0x19, 0x83, 0x11, 0xC3, 0x19, 0xA5, 0x22,
    0xE3, 0x11, 0x62, 0x09, 0x83, 0x11, 0x83, 0x19, 0x02, 0x09, 0xC2, 0x08, 0xC1, 0x00, 0x66, 0x22,
    0x88, 0x33, 0x47, 0x2B, 0x47, 0x33, 0xA5, 0x1A, 0xA8, 0x33, 0x67, 0x33, 0xC6, 0x22, 0x83, 0x11,
    0xC1, 0x00, 0xE2, 0x08, 0x02, 0x09, 0x22, 0x09, 0x23, 0x11, 0xC2, 0x08, 0x82, 0x00, 0x82, 0x00,
    0xA2, 0x08, 0xC3, 0x08, 0xC2, 0x08, 0xC2, 0x08, 0xC2, 0x08, 0xC2, 0x00, 0xC2, 0x00, 0xC2, 0x00,
    0x43, 0x11, 0x66, 0x2A, 0x63, 0x11, 0xC3, 0x19, 0x85, 0x22, 0x44, 0x22, 0x63, 0x11, 0x43, 0x11,
    0x22, 0x09, 0x63, 0x11, 0x42, 0x09, 0xA3, 0x11, 0x83, 0x11, 0x23, 0x09, 0x23, 0x11, 0x63, 0x11,
    0xC4, 0x19, 0x43, 0x11, 0x82, 0x00, 0x82, 0x00, 0xA1, 0x00, 0x86, 0x22, 0x89, 0x2B, 0x44, 0x12,
    0x02, 0x1A, 0x84, 0x1A, 0x83, 0x1A, 0x05, 0x2B, 0xE4, 0x22, 0x05, 0x2B, 0xA5, 0x2A, 0xE4, 0x19,
    0x02, 0x09, 0x02, 0x09, 0x63, 0x11, 0xA3, 0x11, 0xC4, 0x11, 0x63, 0x11, 0x22, 0x09, 0xE2, 0x08,
    0x82, 0x11, 0x05, 0x2B, 0xE2, 0x22, 0x41, 0x1A, 0xA3, 0x22, 0xE8, 0x3B, 0xA4, 0x22, 0x44, 0x22,
    0x04, 0x1A, 0x61, 0x09, 0xC8, 0x42, 0x77, 0xC6, 0x86, 0x32, 0x03, 0x12, 0x04, 0x2B, 0xC7, 0x4B,
    0xC4, 0x32, 0x68, 0x64, 0xC8, 0x43, 0x23, 0x0A, 0x88, 0x33, 0xC9, 0x3B, 0xE7, 0x2A, 0xC4, 0x11,
    0x63, 0x11, 0x22, 0x09, 0x02, 0x09, 0xE2, 0x08, 0xE2, 0x08, 0xA2, 0x08, 0x81, 0x00, 0xE2, 0x08,
    0x66, 0x3B, 0xC5, 0x2A, 0xC3, 0x11, 0x25, 0x1A, 0x28, 0x33, 0x8A, 0x3B, 0x8A, 0x3B, 0x08, 0x33,
    0x24, 0x12, 0x27, 0x2B, 0xE6, 0x22, 0x68, 0x2B, 0x68, 0x2B, 0x47, 0x2B, 0xE9, 0x3B, 0x88, 0x33,
    0xA7, 0x22, 0x66, 0x1A, 0xE5, 0x19, 0xC2, 0x00, 0xC2, 0x08, 0xC2, 0x08, 0xC2, 0x08, 0xA2, 0x00,
    0x81, 0x00, 0x61, 0x00, 0x82, 0x00, 0xA2, 0x08, 0x43, 0x19, 0xC2, 0x10, 0xC2, 0x00, 0x83, 0x11,
    0xE4, 0x11, 0xE7, 0x22, 0xA7, 0x22, 0xE4, 0x19, 0xA7, 0x1A, 0x8A, 0x33, 0x66, 0x1A, 0xE3, 0x11,
    0xC7, 0x2A, 0xC6, 0x22, 0xE7, 0x22, 0x28, 0x2B, 0x89, 0x33, 0x29, 0x33, 0xA6, 0x22, 0xC5, 0x19,
    0xC2, 0x00, 0xC2, 0x00, 0x02, 0x09, 0x22, 0x09, 0x83, 0x11, 0xE4, 0x11, 0xA7, 0x22, 0xA7, 0x22,
    0x27, 0x23, 0x88, 0x33, 0x23, 0x1A, 0xC2, 0x11, 0x23, 0x1A, 0x23, 0x1A, 0x02, 0x12, 0x84, 0x22,
    0xA3, 0x11, 0x61, 0x00, 0x23, 0x11, 0x28, 0x33, 0xC6, 0x22, 0x85, 0x22, 0x64, 0x1A, 0xA9, 0x3B,
    0x85, 0x1A, 0xE4, 0x19, 0x42, 0x09, 0xAA, 0x3B, 0x0B, 0x44, 0x08, 0x2B, 0x6D, 0x54, 0x49, 0x33,
    0x8A, 0x3B, 0xEB, 0x43, 0x07, 0x2B, 0x85, 0x1A, 0xE6, 0x22, 0x85, 0x1A, 0x28, 0x2B, 0xE7, 0x22,
    0x08, 0x23, 0x87, 0x22, 0xC1, 0x00, 0xC2, 0x08, 0xC2, 0x08, 0xE2, 0x08, 0xC2, 0x08, 0x02, 0x09,
    0x44, 0x22, 0x66, 0x3B, 0xC7, 0x43, 0xA4, 0x3B, 0xC4, 0x3B, 0x42, 0x2B, 0x84, 0x33, 0x63, 0x33,
    0x83, 0x33, 0xE5, 0x43, 0x47, 0x54, 0xA7, 0x43, 0x2D, 0x5C, 0xE9, 0x4A, 0x81, 0x00, 0x63, 0x09,
    0x24, 0x1A, 0xC3, 0x19, 0x82, 0x11, 0x63, 0x22, 0x85, 0x22, 0xE2, 0x00, 0xE2, 0x08, 0x03, 0x09,
    0xE2, 0x08, 0xA2, 0x08, 0xC2, 0x08, 0x43, 0x11, 0xC4, 0x11, 0x43, 0x09, 0xC2, 0x08, 0xC2, 0x08,
    0x23, 0x11, 0x43, 0x11, 0x43, 0x11, 0x22, 0x09, 0x02, 0x09, 0x01, 0x01, 0x65, 0x22, 0xE3, 0x11,
    0x63, 0x11, 0xC4, 0x19, 0x63, 0x11, 0xE2, 0x08, 0xC1, 0x00, 0xA2, 0x08, 0xA2, 0x00, 0x22, 0x09,
    0xA5, 0x22, 0x68, 0x33, 0x68, 0x33, 0xE5, 0x22, 0xC8, 0x3B, 0xA6, 0x2A, 0xC1, 0x00, 0xA1, 0x00,
    0x42, 0x09, 0xC3, 0x11, 0x83, 0x11, 0x63, 0x11, 0x63, 0x11, 0x43, 0x11, 0x03, 0x09, 0xC2, 0x08,
    0xE2, 0x08, 0xE2, 0x08, 0xC2, 0x08, 0xE3, 0x08, 0x03, 0x09, 0xE2, 0x08, 0xE2, 0x08, 0x02, 0x09,
    0x03, 0x09, 0xC2, 0x00, 0xE2, 0x00, 0xC2, 0x00, 0x43, 0x11, 0x83, 0x11, 0x43, 0x09, 0x02, 0x09,
    0x63, 0x11, 0x42, 0x09, 0x83, 0x11, 0xE2, 0x11, 0x23, 0x1A, 0x62, 0x09, 0x84, 0x11, 0xA4, 0x11,
    0xC4, 0x11, 0x23, 0x09, 0x81, 0x00, 0x82, 0x00, 0xA1, 0x00, 0x28, 0x33, 0x89, 0x33, 0x27, 0x2B,
    0x06, 0x2B, 0xA6, 0x2A, 0x82, 0x09, 0xC3, 0x11, 0x24, 0x1A, 0x63, 0x11, 0x22, 0x09, 0x43, 0x09,
    0x43, 0x09, 0xA4, 0x11, 0xE4, 0x11, 0xE4, 0x11, 0x05, 0x1A, 0x05, 0x1A, 0xC4, 0x11, 0x43, 0x11,
    0xE1, 0x00, 0x23, 0x1A, 0x03, 0x2B, 0xE2, 0x2A, 0x01, 0x12, 0xE4, 0x2A, 0xE8, 0x43, 0xC5, 0x22,
    0x65, 0x22, 0x62, 0x09, 0xC8, 0x3A, 0x12, 0x95, 0xE3, 0x19, 0x03, 0x12, 0x84, 0x1A, 0x66, 0x33,
    0xA7, 0x43, 0xC4, 0x2A, 0x89, 0x64, 0xC7, 0x43, 0xA8, 0x33, 0x2C, 0x4C, 0x65, 0x1A, 0xC4, 0x19,
    0x22, 0x09, 0x23, 0x09, 0x22, 0x09, 0x42, 0x11, 0x02, 0x11, 0xE2, 0x08, 0x81, 0x00, 0xE2, 0x08,
    0x66, 0x2A, 0x23, 0x09, 0x06, 0x22, 0xE4, 0x11, 0xE8, 0x2A, 0xE7, 0x22, 0xAA, 0x3B, 0xA6, 0x22,
    0xE6, 0x22, 0x68, 0x2B, 0x68, 0x2B, 0x0A, 0x3C, 0xE9, 0x3B, 0x0A, 0x44, 0xCA, 0x43, 0x46, 0x1A,
    0xE5, 0x19, 0x26, 0x1A, 0x67, 0x22, 0x44, 0x11, 0xE3, 0x08, 0xE2, 0x08, 0xC2, 0x00, 0xA2, 0x08,
    0x82, 0x08, 0x62, 0x00, 0x82, 0x00, 0x61, 0x00, 0x82, 0x00, 0xA2, 0x00, 0xE2, 0x08, 0x25, 0x1A,
    0xC8, 0x22, 0x45, 0x1A, 0x46, 0x1A, 0x49, 0x2B, 0x08, 0x23, 0xC7, 0x2A, 0x25, 0x1A, 0x45, 0x1A,
    0x85, 0x22, 0x07, 0x23, 0xE7, 0x22, 0xE7, 0x22, 0xCA, 0x3B, 0x69, 0x33, 0x66, 0x22, 0x23, 0x09,
    0xC2, 0x08, 0xE2, 0x08, 0x02, 0x09, 0x63, 0x11, 0x83, 0x11, 0x05, 0x12, 0xE7, 0x22, 0x29, 0x2B,
    0x89, 0x33, 0x27, 0x2B, 0x02, 0x12, 0x43, 0x22, 0x43, 0x1A, 0x83, 0x22, 0xA3, 0x22, 0x24, 0x1A,
    0xC1, 0x00, 0xA2, 0x08, 0x61, 0x00, 0x87, 0x32, 0x89, 0x33, 0x64, 0x1A, 0xE6, 0x2A, 0x68, 0x33,
    0x27, 0x2B, 0x04, 0x1A, 0x83, 0x11, 0x66, 0x22, 0x29, 0x2B, 0x4D, 0x54, 0x69, 0x33, 0xCA, 0x3B,
    0x89, 0x33, 0xCA, 0x3B, 0xE7, 0x2A, 0x44, 0x1A, 0xE6, 0x2A, 0xE6, 0x22, 0x27, 0x2B, 0x28, 0x2B,
    0xC6, 0x22, 0xA4, 0x11, 0x41, 0x00, 0x82, 0x08, 0xC2, 0x08, 0xE2, 0x08, 0xE3, 0x08, 0xE3, 0x08,
    0xE2, 0x00, 0x43, 0x09, 0x24, 0x1A, 0xA7, 0x43, 0xE5, 0x43, 0x05, 0x44, 0xA4, 0x3B, 0x67, 0x4C,
    0x63, 0x2B, 0xC5, 0x3B, 0x68, 0x5C, 0x67, 0x3B, 0x49, 0x3B, 0x67, 0x32, 0xC2, 0x08, 0x63, 0x11,
    0xC3, 0x11, 0x24, 0x22, 0xC3, 0x11, 0xC2, 0x11, 0x25, 0x33, 0xC3, 0x19, 0xA2, 0x00, 0xC3, 0x08,
    0xA2, 0x08, 0xA2, 0x00, 0x61, 0x00, 0x82, 0x00, 0x23, 0x09, 0xE4, 0x19, 0x43, 0x09, 0x61, 0x00,
    0xA2, 0x08, 0xA2, 0x00, 0x60, 0x00, 0x43, 0x11, 0x83, 0x11, 0x63, 0x09, 0xE4, 0x19, 0x02, 0x09,
    0xC2, 0x08, 0xA1, 0x00, 0xA1, 0x00, 0xA2, 0x08, 0xC2, 0x08, 0xC2, 0x08, 0xC2, 0x08, 0xE2, 0x08,
    0xE4, 0x19, 0x27, 0x2B, 0x88, 0x33, 0x48, 0x33, 0x66, 0x22, 0xC2, 0x00, 0xC2, 0x08, 0x22, 0x09,
    0xA3, 0x11, 0xC3, 0x11, 0xA3, 0x11, 0xA3, 0x11, 0x83, 0x11, 0x63, 0x11, 0x43, 0x11, 0x23, 0x09,
    0x02, 0x09, 0x23, 0x09, 0xE2, 0x08, 0xE2, 0x08, 0x23, 0x09, 0x43, 0x11, 0x23, 0x11, 0x43, 0x11,
    0x43, 0x11, 0x64, 0x11, 0x43, 0x09, 0x23, 0x11, 0x03, 0x09, 0xE2, 0x08, 0x43, 0x11, 0x23, 0x09,
    0x83, 0x11, 0x63, 0x11, 0xE4, 0x19, 0x02, 0x12, 0x84, 0x22, 0xA3, 0x11, 0xC4, 0x19, 0xA3, 0x11,
    0x05, 0x1A, 0x02, 0x09, 0xC2, 0x08, 0xC2, 0x08, 0x43, 0x11, 0x2D, 0x54, 0x8A, 0x3B, 0x46, 0x22,
    0x64, 0x11, 0xA2, 0x00, 0x81, 0x00, 0x23, 0x09, 0x63, 0x11, 0xE2, 0x08, 0xA4, 0x11, 0xA3, 0x11,
    0x66, 0x22, 0xA3, 0x11, 0x46, 0x22, 0x46, 0x1A, 0x25, 0x1A, 0x05, 0x1A, 0xE4, 0x11, 0x83, 0x09,
    0x63, 0x11, 0xC4, 0x11, 0xA5, 0x43, 0x02, 0x2B, 0x82, 0x22, 0x22, 0x1A, 0x66, 0x33, 0xE9, 0x3B,
    0xC6, 0x22, 0xC4, 0x11, 0xE5, 0x21, 0xAB, 0x53, 0x84, 0x1A, 0xC5, 0x22, 0x06, 0x23, 0x66, 0x33,
    0x28, 0x4C, 0x45, 0x3B, 0x45, 0x3B, 0x0A, 0x6D, 0xC6, 0x2A, 0x25, 0x1A, 0xE5, 0x19, 0x63, 0x09,
    0x63, 0x09, 0x83, 0x11, 0xA3, 0x11, 0xA3, 0x11, 0x62, 0x09, 0x42, 0x09, 0xE2, 0x08, 0xA2, 0x08,
    0xC2, 0x00, 0xA2, 0x08, 0x43, 0x11, 0xE4, 0x11, 0x65, 0x1A, 0x08, 0x2B, 0xE8, 0x22, 0x08, 0x2B,
    0xCA, 0x43, 0xEA, 0x43, 0x4C, 0x4C, 0x8C, 0x4C, 0x89, 0x3B, 0x66, 0x1A, 0xE5, 0x11, 0x26, 0x12,
    0xC8, 0x2A, 0x2A, 0x33, 0x4A, 0x33, 0xC5, 0x19, 0x23, 0x11, 0xE2, 0x08, 0xE3, 0x08, 0xE2, 0x08,
    0xA2, 0x08, 0x82, 0x08, 0x82, 0x00, 0xC2, 0x08, 0xC3, 0x08, 0xE2, 0x08, 0xA4, 0x11, 0x45, 0x1A,
    0xE4, 0x11, 0xE8, 0x22, 0x49, 0x2B, 0x86, 0x1A, 0x08, 0x23, 0xC7, 0x22, 0xE3, 0x11, 0xA6, 0x22,
    0x65, 0x1A, 0xE7, 0x22, 0x07, 0x23, 0xE7, 0x2A, 0xCA, 0x3B, 0x28, 0x2B, 0x84, 0x11, 0xE2, 0x08,
    0xC2, 0x08, 0x02, 0x09, 0x42, 0x11, 0x62, 0x11, 0xA3, 0x11, 0xA7, 0x22, 0xE7, 0x22, 0x49, 0x33,
    0xA9, 0x33, 0xE6, 0x2A, 0xE2, 0x11, 0x43, 0x1A, 0xA3, 0x1A, 0xC3, 0x22, 0x06, 0x33, 0x62, 0x09,
    0xA2, 0x00, 0xE2, 0x08, 0x61, 0x00, 0x44, 0x11, 0x08, 0x2B, 0x85, 0x22, 0x69, 0x3B, 0x69, 0x33,
    0x89, 0x3B, 0x25, 0x1A, 0x63, 0x11, 0x63, 0x11, 0x29, 0x33, 0x69, 0x33, 0xCB, 0x43, 0x8A, 0x3B,
    0xCA, 0x43, 0x0B, 0x44, 0xC6, 0x22, 0xA6, 0x22, 0xC6, 0x22, 0x48, 0x2B, 0x07, 0x23, 0xA6, 0x22,
    0x22, 0x09, 0xA2, 0x00, 0x41, 0x00, 0x41, 0x00, 0xA2, 0x08, 0xC3, 0x08, 0xC3, 0x08, 0xE3, 0x08,
    0xE3, 0x08, 0xE2, 0x08, 0x84, 0x11, 0x04, 0x12, 0xA4, 0x22, 0xA7, 0x43, 0xC9, 0x64, 0x46, 0x4C,
    0x68, 0x54, 0xC4, 0x33, 0x88, 0x5C, 0xE9, 0x53, 0xAA, 0x4B, 0xE5, 0x21, 0xA2, 0x08, 0x64, 0x11,
    0x23, 0x09, 0xC3, 0x19, 0x44, 0x1A, 0xC2, 0x11, 0xA3, 0x1A, 0xC5, 0x2A, 0xC2, 0x00, 0xE3, 0x08,
    0xE3, 0x08, 0xC3, 0x08, 0xA2, 0x00, 0x82, 0x00, 0xA1, 0x00, 0x02, 0x09, 0xC5, 0x21, 0xA4, 0x19,
    0xA1, 0x00, 0x41, 0x00, 0x41, 0x00, 0x81, 0x00, 0xC4, 0x19, 0x63, 0x11, 0xA1, 0x00, 0x82, 0x00,
    0x82, 0x08, 0xC2, 0x08, 0xC2, 0x08, 0xC2, 0x08, 0xE2, 0x08, 0xE2, 0x08, 0xE3, 0x08, 0x03, 0x09,
    0x03, 0x09, 0x04, 0x12, 0x26, 0x2B, 0x08, 0x33, 0xE2, 0x08, 0xA3, 0x08, 0xE2, 0x00, 0xE3, 0x11,
    0x03, 0x1A, 0x23, 0x1A, 0xE3, 0x11, 0xC3, 0x11, 0xA3, 0x11, 0x83, 0x11, 0x83, 0x11, 0x63, 0x11,
    0x83, 0x11, 0xE4, 0x21, 0xC3, 0x19, 0x43, 0x09, 0x02, 0x09, 0x23, 0x09, 0x43, 0x09, 0x43, 0x09,
    0x63, 0x11, 0x43, 0x11, 0x64, 0x11, 0x02, 0x09, 0xE2, 0x00, 0xA4, 0x19, 0x22, 0x09, 0xA4, 0x11,
    0x63, 0x11, 0x83, 0x11, 0xE3, 0x11, 0x84, 0x22, 0x43, 0x1A, 0x83, 0x11, 0xA4, 0x11, 0xE4, 0x11,
    0xE4, 0x11, 0x02, 0x09, 0x23, 0x11, 0xC1, 0x08, 0x43, 0x11, 0x67, 0x2A, 0x03, 0x09, 0x61, 0x00,
    0x41, 0x08, 0x82, 0x08, 0xA2, 0x00, 0x84, 0x11, 0x42, 0x09, 0x05, 0x1A, 0xA3, 0x11, 0x45, 0x1A,
    0x04, 0x1A, 0xE4, 0x11, 0x45, 0x1A, 0x66, 0x1A, 0x66, 0x1A, 0x66, 0x1A, 0x46, 0x1A, 0x25, 0x1A,
    0x25, 0x1A, 0x63, 0x11, 0xA4, 0x2A, 0x84, 0x33, 0x02, 0x2B, 0x62, 0x1A, 0x62, 0x1A, 0xE8, 0x43,
    0x27, 0x2B, 0x22, 0x09, 0xA2, 0x08, 0x05, 0x22, 0x65, 0x22, 0x04, 0x1A, 0xC7, 0x2A, 0x86, 0x22,
    0x84, 0x22, 0x08, 0x54, 0xE4, 0x32, 0x27, 0x54, 0x03, 0x1A, 0x23, 0x09, 0x83, 0x11, 0xE5, 0x19,
    0x46, 0x1A, 0x44, 0x1A, 0x24, 0x1A, 0x24, 0x1A, 0x04, 0x1A, 0x83, 0x11, 0x43, 0x11, 0xA1, 0x00,
    0xA2, 0x00, 0xA2, 0x00, 0xC1, 0x00, 0x83, 0x09, 0x44, 0x1A, 0x85, 0x1A, 0x08, 0x33, 0x8A, 0x3B,
    0x2C, 0x54, 0xCA, 0x43, 0xCB, 0x43, 0x46, 0x1A, 0x26, 0x1A, 0x63, 0x09, 0x63, 0x11, 0xE5, 0x19,
    0x46, 0x1A, 0x46, 0x1A, 0x67, 0x2A, 0x84, 0x11, 0x43, 0x11, 0x44, 0x11, 0xE2, 0x08, 0xE2, 0x08,
    0xC2, 0x08, 0x81, 0x00, 0xA2, 0x00, 0xE3, 0x08, 0x03, 0x09, 0x64, 0x11, 0x63, 0x09, 0x45, 0x1A,
    0x69, 0x33, 0xC7, 0x22, 0x45, 0x1A, 0x29, 0x33, 0x49, 0x33, 0x45, 0x12, 0x45, 0x1A, 0x86, 0x22,
    0xC6, 0x22, 0xE7, 0x22, 0xE6, 0x22, 0x48, 0x33, 0x07, 0x2B, 0x25, 0x1A, 0xA1, 0x00, 0x81, 0x00,
    0xC2, 0x08, 0x42, 0x09, 0x42, 0x09, 0x83, 0x11, 0xE4, 0x19, 0x86, 0x1A, 0xA6, 0x1A, 0x08, 0x23,
    0xC9, 0x3B, 0xC5, 0x22, 0x23, 0x1A, 0x63, 0x22, 0xA3, 0x22, 0x05, 0x2B, 0x45, 0x22, 0xA1, 0x00,
    0xC2, 0x08, 0xE2, 0x08, 0x82, 0x08, 0x62, 0x00, 0xC8, 0x2A, 0x69, 0x33, 0xAA, 0x3B, 0xAA, 0x3B,
    0x45, 0x1A, 0x43, 0x09, 0xE2, 0x08, 0xC1, 0x00, 0x05, 0x1A, 0x0C, 0x4C, 0x8A, 0x3B, 0xEB, 0x43,
    0xCA, 0x43, 0x69, 0x33, 0xA5, 0x1A, 0x48, 0x33, 0x07, 0x23, 0x89, 0x33, 0xEB, 0x43, 0x46, 0x22,
    0x61, 0x00, 0x82, 0x08, 0x62, 0x00, 0x61, 0x00, 0x82, 0x00, 0xC3, 0x08, 0xE3, 0x08, 0xE3, 0x08,
    0x03, 0x09, 0x03, 0x09, 0x84, 0x11, 0xE5, 0x19, 0xC4, 0x11, 0x04, 0x1A, 0xE5, 0x32, 0xC7, 0x43,
    0x0C, 0x6D, 0xA9, 0x64, 0x48, 0x5C, 0x4E, 0x8D, 0x4C, 0x6C, 0x05, 0x2A, 0xC2, 0x08, 0xA2, 0x00,
    0x61, 0x00, 0x81, 0x00, 0x42, 0x11, 0x03, 0x1A, 0xE4, 0x2A, 0x23, 0x1A, 0xC2, 0x00, 0xE3, 0x08,
    0xE3, 0x08, 0xE3, 0x08, 0xE3, 0x08, 0xC2, 0x00, 0xA2, 0x00, 0x82, 0x08, 0xC1, 0x08, 0x43, 0x09,
    0x64, 0x11, 0x81, 0x00, 0x42, 0x00, 0x61, 0x00, 0x03, 0x09, 0xA2, 0x08, 0x61, 0x00, 0x82, 0x08,
    0xA2, 0x08, 0xE2, 0x08, 0xE2, 0x08, 0x03, 0x09, 0x02, 0x09, 0x02, 0x09, 0x02, 0x09, 0x02, 0x09,
    0x03, 0x11, 0x22, 0x09, 0xE6, 0x2A, 0x25, 0x1A, 0xC2, 0x08, 0xE2, 0x08, 0x45, 0x22, 0x84, 0x22,
    0x44, 0x1A, 0x43, 0x1A, 0x23, 0x1A, 0xE3, 0x19, 0xC3, 0x19, 0xC3, 0x11, 0xC3, 0x11, 0xE3, 0x19,
    0xC3, 0x11, 0x03, 0x1A, 0x43, 0x1A, 0x23, 0x22, 0x61, 0x11, 0x03, 0x09, 0x84, 0x11, 0x84, 0x11,
    0x84, 0x11, 0xA4, 0x11, 0xC5, 0x19, 0xA4, 0x11, 0x84, 0x11, 0x43, 0x09, 0xC4, 0x11, 0x05, 0x1A,
    0x83, 0x09, 0xA4, 0x11, 0xA3, 0x11, 0x63, 0x1A, 0xC5, 0x2A, 0x82, 0x09, 0xC3, 0x11, 0x25, 0x1A,
    0x05, 0x1A, 0x63, 0x11, 0x42, 0x09, 0x01, 0x09, 0xE1, 0x08, 0xA1, 0x00, 0xE2, 0x08, 0xE2, 0x08,
    0xA2, 0x00, 0x82, 0x00, 0xA2, 0x00, 0x43, 0x09, 0x25, 0x1A, 0x66, 0x1A, 0x05, 0x1A, 0xA6, 0x22,
    0xC4, 0x11, 0xA6, 0x22, 0xC3, 0x09, 0x86, 0x22, 0xA7, 0x22, 0xA7, 0x22, 0x66, 0x1A, 0x46, 0x1A,
    0xE4, 0x11, 0x83, 0x19, 0xC1, 0x00, 0x66, 0x3B, 0x63, 0x33, 0xC1, 0x22, 0x61, 0x1A, 0xE4, 0x2A,
    0x6A, 0x4C, 0x44, 0x22, 0xA1, 0x00, 0xC1, 0x00, 0xE2, 0x00, 0xE2, 0x08, 0xC2, 0x08, 0xE2, 0x08,
    0x80, 0x00, 0x44, 0x2A, 0x07, 0x54, 0xC5, 0x4B, 0x45, 0x43, 0x43, 0x11, 0x83, 0x11, 0xC5, 0x19,
    0x05, 0x1A, 0x43, 0x09, 0x42, 0x09, 0x42, 0x09, 0x42, 0x11, 0x42, 0x09, 0x62, 0x09, 0xE2, 0x08,
    0x03, 0x09, 0x43, 0x11, 0x02, 0x09, 0x22, 0x09, 0x05, 0x1A, 0x65, 0x22, 0x86, 0x22, 0x08, 0x2B,
    0xE8, 0x2A, 0x05, 0x12, 0x05, 0x1A, 0x06, 0x1A, 0x46, 0x22, 0x05, 0x1A, 0x87, 0x22, 0x46, 0x1A,
    0x67, 0x22, 0x4A, 0x3B, 0x29, 0x33, 0x05, 0x12, 0x03, 0x09, 0x64, 0x11, 0x44, 0x11, 0x03, 0x09,
    0xE3, 0x08, 0xA2, 0x00, 0xE3, 0x08, 0xC3, 0x08, 0xE3, 0x08, 0x03, 0x09, 0x43, 0x09, 0x86, 0x22,
    0x25, 0x1A, 0xE8, 0x2A, 0x89, 0x33, 0x28, 0x23, 0x08, 0x2B, 0x04, 0x12, 0xE7, 0x2A, 0x86, 0x1A,
    0x07, 0x2B, 0xC6, 0x22, 0xA5, 0x1A, 0x89, 0x33, 0x86, 0x22, 0x02, 0x09, 0xA2, 0x08, 0x41, 0x00,
    0xC2, 0x00, 0x62, 0x09, 0x83, 0x11, 0xA3, 0x11, 0xE4, 0x11, 0xC7, 0x22, 0x08, 0x2B, 0x08, 0x2B,
    0xA9, 0x3B, 0xC5, 0x22, 0x63, 0x22, 0xC4, 0x22, 0x04, 0x2B, 0x44, 0x22, 0xE2, 0x08, 0xA2, 0x00,
    0xE3, 0x08, 0x02, 0x09, 0x82, 0x08, 0x42, 0x00, 0xA8, 0x32, 0xAE, 0x5C, 0xAA, 0x43, 0x83, 0x11,
    0x02, 0x09, 0xE2, 0x08, 0x02, 0x09, 0x02, 0x09, 0xC4, 0x11, 0x6A, 0x3B, 0x2C, 0x4C, 0x69, 0x3B,
    0x0C, 0x4C, 0x89, 0x3B, 0xC6, 0x22, 0x27, 0x2B, 0x89, 0x33, 0xA9, 0x33, 0xA6, 0x22, 0x43, 0x09,
    0x81, 0x00, 0xA2, 0x00, 0x82, 0x08, 0x62, 0x00, 0x82, 0x00, 0xA2, 0x00, 0xE3, 0x08, 0xE3, 0x08,
    0x03, 0x09, 0x44, 0x11, 0xA4, 0x11, 0x45, 0x1A, 0x25, 0x1A, 0xA3, 0x11, 0xA3, 0x11, 0x04, 0x12,
    0xC5, 0x2A, 0x6E, 0x8D, 0x8E, 0x8D, 0x0D, 0x8D, 0x4B, 0x6C, 0x25, 0x2A, 0xC2, 0x08, 0xA2, 0x00,
    0x82, 0x00, 0x42, 0x00, 0x41, 0x00, 0x81, 0x00, 0x45, 0x2A, 0x83, 0x11, 0xA2, 0x00, 0x03, 0x09,
    0x23, 0x09, 0x03, 0x09, 0xE3, 0x08, 0xA2, 0x08, 0x81, 0x00, 0x81, 0x00, 0x61, 0x00, 0x61, 0x00,
    0xE2, 0x08, 0x03, 0x09, 0xC3, 0x08, 0xC3, 0x08, 0x82, 0x08, 0x82, 0x08, 0x81, 0x00, 0xA1, 0x00,
    0xE2, 0x08, 0x43, 0x11, 0xA4, 0x19, 0x43, 0x09, 0x84, 0x11, 0xA4, 0x11, 0x84, 0x11, 0x64, 0x11,
    0x23, 0x09, 0x23, 0x09, 0xE4, 0x19, 0x03, 0x09, 0x81, 0x00, 0x25, 0x22, 0xC5, 0x22, 0x83, 0x1A,
    0x43, 0x1A, 0x44, 0x1A, 0x43, 0x1A, 0x03, 0x1A, 0xE3, 0x19, 0xA2, 0x11, 0x23, 0x1A, 0x64, 0x22,
    0x03, 0x1A, 0x83, 0x22, 0xC4, 0x22, 0x42, 0x1A, 0xE3, 0x2A, 0x83, 0x09, 0x43, 0x09, 0x43, 0x09,
    0x84, 0x11, 0x63, 0x11, 0x63, 0x11, 0x63, 0x11, 0x43, 0x11, 0x02, 0x09, 0x83, 0x11, 0xA4, 0x11,
    0x86, 0x1A, 0xE4, 0x11, 0xA4, 0x11, 0xC3, 0x11, 0x85, 0x2A, 0xE3, 0x19, 0x24, 0x1A, 0xA7, 0x22,
    0x25, 0x1A, 0x83, 0x11, 0x82, 0x11, 0x42, 0x11, 0x22, 0x09, 0x22, 0x09, 0x22, 0x09, 0x22, 0x09,
    0xC2, 0x08, 0xA3, 0x08, 0xA2, 0x00, 0xE5, 0x11, 0x08, 0x2B, 0xE4, 0x11, 0xE8, 0x22, 0xE4, 0x11,
    0xA7, 0x22, 0x04, 0x12, 0x04, 0x1A, 0x86, 0x22, 0xA6, 0x1A, 0x29, 0x33, 0xE8, 0x2A, 0x66, 0x1A,
    0x04, 0x1A, 0xC3, 0x11, 0x23, 0x09, 0xA2, 0x19, 0x86, 0x43, 0x63, 0x3B, 0xC2, 0x2A, 0x42, 0x22,
    0xC6, 0x3B, 0x6A, 0x4C, 0x44, 0x1A, 0x02, 0x09, 0x23, 0x11, 0x02, 0x09, 0x02, 0x09, 0x23, 0x11,
    0x03, 0x09, 0xA1, 0x00, 0xA6, 0x53, 0x06, 0x54, 0xE4, 0x3A, 0x22, 0x09, 0x42, 0x09, 0x02, 0x09,
    0x02, 0x09, 0x22, 0x09, 0x62, 0x09, 0xC3, 0x11, 0x63, 0x11, 0x83, 0x11, 0x24, 0x22, 0x02, 0x09,
    0x02, 0x09, 0x23, 0x09, 0x02, 0x09, 0x03, 0x11, 0x02, 0x09, 0x83, 0x09, 0x25, 0x1A, 0x25, 0x12,
    0x86, 0x22, 0x25, 0x12, 0x46, 0x1A, 0x67, 0x1A, 0x67, 0x1A, 0xA7, 0x22, 0x29, 0x2B, 0xA7, 0x22,
    0xC4, 0x11, 0x06, 0x1A, 0x26, 0x22, 0x84, 0x11, 0x43, 0x09, 0x23, 0x09, 0x44, 0x09, 0x23, 0x11,
    0xE2, 0x08, 0xE3, 0x08, 0xC2, 0x08, 0xA2, 0x08, 0xA1, 0x08, 0xA1, 0x00, 0xE2, 0x08, 0xC3, 0x11,
    0x08, 0x33, 0x28, 0x23, 0xA6, 0x1A, 0x8A, 0x3B, 0x08, 0x2B, 0x65, 0x1A, 0xE7, 0x22, 0xC7, 0x22,
    0x08, 0x33, 0xC6, 0x22, 0xC6, 0x22, 0x07, 0x2B, 0xA7, 0x2A, 0x03, 0x11, 0x82, 0x00, 0x41, 0x00,
    0xA2, 0x08, 0x83, 0x11, 0x83, 0x11, 0xA3, 0x11, 0x45, 0x1A, 0xA6, 0x22, 0xA7, 0x22, 0x49, 0x33,
    0xC9, 0x3B, 0xA4, 0x22, 0xC3, 0x22, 0x45, 0x33, 0x44, 0x22, 0xE2, 0x08, 0xA2, 0x08, 0xE2, 0x08,
    0x22, 0x09, 0xC2, 0x08, 0x62, 0x00, 0x61, 0x00, 0x68, 0x32, 0xF0, 0x74, 0xC4, 0x11, 0xE1, 0x00,
    0x43, 0x09, 0x43, 0x11, 0x43, 0x11, 0x03, 0x11, 0xC2, 0x00, 0xE8, 0x32, 0xA9, 0x33, 0x0C, 0x4C,
    0xEB, 0x43, 0x48, 0x2B, 0x27, 0x23, 0x88, 0x2B, 0x88, 0x2B, 0x07, 0x2B, 0x63, 0x09, 0x02, 0x09,
    0xA1, 0x00, 0x81, 0x00, 0x82, 0x00, 0x82, 0x00, 0x82, 0x00, 0x82, 0x00, 0xC2, 0x08, 0x03, 0x09,
    0x23, 0x09, 0x43, 0x09, 0xA4, 0x11, 0x66, 0x22, 0x04, 0x1A, 0xC3, 0x11, 0xE4, 0x19, 0xC4, 0x11,
    0xA3, 0x09, 0x2B, 0x64, 0x90, 0x9D, 0xAD, 0x84, 0x0A, 0x64, 0x67, 0x32, 0x81, 0x00, 0xC3, 0x08,
    0xC3, 0x08, 0x82, 0x00, 0x62, 0x00, 0x61, 0x00, 0xA2, 0x00, 0xE2, 0x08, 0xE3, 0x08, 0x44, 0x11,
    0x43, 0x09, 0x23, 0x09, 0xE3, 0x08, 0x82, 0x00, 0x61, 0x00, 0x82, 0x00, 0xA2, 0x08, 0xE3, 0x10,
    0x03, 0x09, 0x03, 0x09, 0x03, 0x09, 0x03, 0x09, 0xC2, 0x08, 0x02, 0x09, 0x63, 0x09, 0xC4, 0x11,
    0x45, 0x1A, 0x05, 0x1A, 0x05, 0x1A, 0x25, 0x1A, 0xC3, 0x09, 0x25, 0x1A, 0x05, 0x1A, 0xE5, 0x19,
    0x43, 0x09, 0x02, 0x09, 0xC2, 0x00, 0xA2, 0x08, 0x02, 0x09, 0xA5, 0x22, 0xA4, 0x22, 0xA4, 0x22,
    0xA4, 0x22, 0xA4, 0x22, 0x84, 0x1A, 0x44, 0x1A, 0x03, 0x1A, 0x23, 0x1A, 0x23, 0x12, 0x06, 0x43,
    0x89, 0x5B, 0xA3, 0x22, 0x04, 0x2B, 0x01, 0x1A, 0xE2, 0x2A, 0x64, 0x33, 0xA2, 0x11, 0x44, 0x11,
    0x05, 0x1A, 0xC4, 0x19, 0xE5, 0x19, 0x05, 0x1A, 0x25, 0x1A, 0x05, 0x1A, 0xC4, 0x11, 0xA4, 0x11,
    0xE5, 0x19, 0x45, 0x1A, 0x45, 0x1A, 0x25, 0x1A, 0x04, 0x12, 0x24, 0x1A, 0xA6, 0x22, 0x08, 0x2B,
    0x45, 0x1A, 0xC6, 0x2A, 0x03, 0x1A, 0x82, 0x09, 0x62, 0x09, 0x42, 0x09, 0x62, 0x11, 0x63, 0x11,
    0x02, 0x09, 0xE3, 0x10, 0xE2, 0x00, 0xC8, 0x32, 0x45, 0x1A, 0x86, 0x22, 0x87, 0x22, 0x45, 0x1A,
    0xC7, 0x22, 0x04, 0x12, 0x86, 0x22, 0x04, 0x1A, 0x28, 0x3B, 0x8A, 0x43, 0x49, 0x33, 0x04, 0x12,
    0x24, 0x1A, 0x44, 0x22, 0xA3, 0x11, 0xE2, 0x08, 0x42, 0x11, 0x86, 0x43, 0xE3, 0x2A, 0x61, 0x22,
    0x82, 0x1A, 0x6A, 0x54, 0x29, 0x4C, 0xC3, 0x11, 0x23, 0x11, 0x42, 0x09, 0x42, 0x09, 0x63, 0x11,
    0x63, 0x11, 0x02, 0x09, 0x22, 0x09, 0x85, 0x4B, 0x25, 0x43, 0x21, 0x09, 0x63, 0x11, 0xC4, 0x19,
    0x83, 0x11, 0x45, 0x22, 0x85, 0x22, 0xE3, 0x19, 0x82, 0x09, 0x44, 0x22, 0xE4, 0x19, 0xA1, 0x00,
    0xC2, 0x08, 0xE2, 0x08, 0x02, 0x09, 0x02, 0x09, 0x02, 0x09, 0xE2, 0x00, 0x63, 0x11, 0x05, 0x1A,
    0x87, 0x22, 0x87, 0x22, 0x66, 0x1A, 0xC8, 0x2A, 0xA8, 0x22, 0x09, 0x23, 0x6A, 0x33, 0x09, 0x2B,
    0xA7, 0x22, 0x05, 0x12, 0xC5, 0x19, 0x84, 0x11, 0x63, 0x11, 0x23, 0x09, 0x23, 0x09, 0x64, 0x11,
    0x44, 0x11, 0x23, 0x09, 0x03, 0x09, 0x03, 0x09, 0x03, 0x09, 0x02, 0x09, 0x02, 0x09, 0x45, 0x1A,
    0xA5, 0x1A, 0xA6, 0x1A, 0x48, 0x2B, 0x48, 0x2B, 0x86, 0x1A, 0xC7, 0x22, 0x86, 0x22, 0x07, 0x2B,
    0xC6, 0x22, 0xE7, 0x22, 0x07, 0x2B, 0xA6, 0x22, 0xA3, 0x11, 0xE3, 0x08, 0x61, 0x00, 0x41, 0x00,
    0x81, 0x00, 0x42, 0x11, 0xE4, 0x19, 0x25, 0x1A, 0x45, 0x1A, 0x86, 0x22, 0x45, 0x1A, 0xEB, 0x4B,
    0x09, 0x44, 0x06, 0x23, 0x25, 0x33, 0x64, 0x22, 0xA2, 0x08, 0xE2, 0x08, 0xE2, 0x08, 0x02, 0x09,
    0x23, 0x09, 0xA2, 0x00, 0x81, 0x00, 0xC2, 0x08, 0x64, 0x11, 0xC4, 0x19, 0x22, 0x09, 0x63, 0x11,
    0x63, 0x11, 0x43, 0x11, 0x02, 0x09, 0x61, 0x00, 0x61, 0x00, 0x22, 0x09, 0xEB, 0x4B, 0xCB, 0x3B,
    0xEB, 0x3B, 0xAA, 0x33, 0x27, 0x23, 0x0B, 0x3C, 0x69, 0x33, 0x62, 0x09, 0x42, 0x09, 0x43, 0x11,
    0xE2, 0x08, 0x82, 0x00, 0x82, 0x00, 0x82, 0x00, 0xA2, 0x00, 0xA2, 0x00, 0xC2, 0x00, 0xE3, 0x08,
    0x03, 0x09, 0x23, 0x09, 0xA4, 0x19, 0x45, 0x1A, 0x04, 0x12, 0x05, 0x1A, 0xC4, 0x11, 0x63, 0x11,
    0x22, 0x09, 0x8B, 0x63, 0xAE, 0x84, 0x28, 0x4B, 0xA9, 0x53, 0x88, 0x42, 0x81, 0x00, 0xA2, 0x08,
    0x82, 0x00, 0x61, 0x00, 0x61, 0x00, 0x61, 0x00, 0xA2, 0x08, 0xE2, 0x00, 0x44, 0x09, 0x64, 0x11,
    0x44, 0x11, 0x03, 0x09, 0xA2, 0x00, 0xA2, 0x00, 0xA2, 0x08, 0xA2, 0x00, 0xA2, 0x08, 0x82, 0x00,
    0x82, 0x00, 0x82, 0x00, 0x62, 0x00, 0x81, 0x08, 0xC4, 0x11, 0x45, 0x1A, 0x65, 0x22, 0x45, 0x1A,
    0x45, 0x1A, 0x66, 0x22, 0x04, 0x1A, 0xC4, 0x11, 0xE3, 0x11, 0xC3, 0x11, 0xC4, 0x19, 0x62, 0x09,
    0x42, 0x09, 0x43, 0x11, 0x22, 0x09, 0xC2, 0x00, 0xC3, 0x11, 0xA8, 0x3B, 0x46, 0x2B, 0xA4, 0x22,
    0x83, 0x1A, 0xA4, 0x22, 0xA4, 0x22, 0x64, 0x1A, 0x02, 0x1A, 0x64, 0x1A, 0x64, 0x1A, 0x07, 0x5B,
    0x6C, 0x84, 0xC3, 0x22, 0x44, 0x33, 0x42, 0x1A, 0x41, 0x1A, 0x62, 0x33, 0xE4, 0x2A, 0x42, 0x09,
    0x84, 0x11, 0xA4, 0x11, 0x05, 0x1A, 0xE4, 0x11, 0xE4, 0x11, 0x25, 0x1A, 0x05, 0x1A, 0xC4, 0x11,
    0x42, 0x09, 0x22, 0x09, 0x43, 0x09, 0x05, 0x1A, 0xA6, 0x22, 0x64, 0x12, 0xC7, 0x22, 0x86, 0x22,
    0x85, 0x22, 0x23, 0x12, 0xC2, 0x11, 0xE2, 0x11, 0x82, 0x11, 0x62, 0x11, 0x62, 0x09, 0xA3, 0x11,
    0x63, 0x09, 0xE2, 0x08, 0x84, 0x11, 0xE5, 0x11, 0xC7, 0x2A, 0xCB, 0x43, 0xC4, 0x11, 0xE7, 0x22,
    0x45, 0x1A, 0x86, 0x1A, 0x24, 0x1A, 0x65, 0x2A, 0x8D, 0x6C, 0x48, 0x3B, 0x86, 0x1A, 0x65, 0x1A,
    0xA4, 0x2A, 0x24, 0x22, 0x42, 0x09, 0x63, 0x11, 0x61, 0x00, 0x63, 0x11, 0x25, 0x3B, 0xE2, 0x2A,
    0x61, 0x12, 0x86, 0x3B, 0x0C, 0x65, 0xC9, 0x43, 0x82, 0x09, 0x43, 0x09, 0xA3, 0x11, 0xA3, 0x11,
    0xA3, 0x11, 0x63, 0x11, 0xC2, 0x00, 0x02, 0x09, 0x89, 0x5B, 0x43, 0x19, 0xC1, 0x00, 0xE4, 0x19,
    0x65, 0x1A, 0xE6, 0x22, 0xC6, 0x2A, 0x82, 0x09, 0x23, 0x1A, 0x04, 0x1A, 0xC2, 0x00, 0xC2, 0x08,
    0x02, 0x09, 0x03, 0x09, 0x23, 0x11, 0x43, 0x11, 0x64, 0x11, 0x23, 0x11, 0xC2, 0x08, 0x82, 0x00,
    0xC2, 0x00, 0x05, 0x1A, 0x25, 0x1A, 0x09, 0x2B, 0xC8, 0x22, 0x29, 0x23, 0x8B, 0x33, 0x09, 0x2B,
    0x46, 0x1A, 0x05, 0x1A, 0x84, 0x11, 0xC5, 0x11, 0xE5, 0x11, 0x64, 0x11, 0x43, 0x09, 0x23, 0x09,
    0x44, 0x11, 0x44, 0x09, 0x23, 0x09, 0x03, 0x09, 0x03, 0x09, 0x23, 0x09, 0x03, 0x11, 0x62, 0x09,
    0xA6, 0x22, 0xE7, 0x22, 0x07, 0x23, 0x07, 0x2B, 0x65, 0x1A, 0xC7, 0x2A, 0xE7, 0x2A, 0x27, 0x2B,
    0xC5, 0x22, 0x48, 0x33, 0x65, 0x1A, 0xC3, 0x11, 0x22, 0x09, 0xA2, 0x00, 0x61, 0x00, 0x62, 0x00,
    0xA2, 0x00, 0x43, 0x11, 0x04, 0x1A, 0x45, 0x1A, 0xA6, 0x1A, 0x86, 0x22, 0x66, 0x1A, 0x69, 0x33,
    0xC9, 0x3B, 0x46, 0x2B, 0x47, 0x3B, 0x43, 0x11, 0xE3, 0x08, 0xE2, 0x08, 0xE2, 0x08, 0x43, 0x11,
    0x02, 0x09, 0x82, 0x00, 0x81, 0x00, 0x02, 0x09, 0x63, 0x11, 0x43, 0x11, 0x84, 0x11, 0x84, 0x11,
    0x02, 0x09, 0x81, 0x00, 0x61, 0x00, 0x82, 0x00, 0x82, 0x08, 0xA2, 0x00, 0x26, 0x22, 0x0C, 0x4C,
    0x2C, 0x4C, 0x69, 0x33, 0x0B, 0x44, 0xC7, 0x2A, 0xA4, 0x19, 0x02, 0x09, 0xE2, 0x08, 0x03, 0x11,
    0xE2, 0x08, 0x81, 0x00, 0x82, 0x00, 0xA2, 0x00, 0xC2, 0x08, 0xC3, 0x00, 0xE3, 0x08, 0xE3, 0x08,
    0xC3, 0x08, 0xE3, 0x08, 0x63, 0x11, 0x45, 0x1A, 0x45, 0x1A, 0x05, 0x1A, 0x43, 0x09, 0x22, 0x09,
    0x02, 0x09, 0x90, 0x84, 0x6A, 0x53, 0xC6, 0x32, 0x69, 0x4B, 0xC2, 0x08, 0xA2, 0x08, 0x82, 0x00,
    0x61, 0x00, 0x61, 0x00, 0x41, 0x00, 0x61, 0x00, 0x03, 0x09, 0x64, 0x11, 0x44, 0x11, 0x64, 0x11,
    0x84, 0x11, 0xE5, 0x21, 0x23, 0x11, 0xC3, 0x08, 0x65, 0x19, 0xC7, 0x29, 0x82, 0x00, 0x81, 0x00,
    0x81, 0x00, 0x61, 0x00, 0x81, 0x00, 0x83, 0x11, 0x65, 0x1A, 0xA6, 0x22, 0x65, 0x1A, 0x45, 0x1A,
    0x86, 0x22, 0x45, 0x1A, 0x25, 0x1A, 0x04, 0x1A, 0xC3, 0x11, 0xC4, 0x11, 0x42, 0x09, 0x43, 0x11,
    0x02, 0x09, 0x23, 0x11, 0x43, 0x11, 0x02, 0x09, 0x85, 0x22, 0x04, 0x23, 0x04, 0x23, 0x46, 0x33,
    0x25, 0x2B, 0xE5, 0x22, 0xC4, 0x22, 0x43, 0x1A, 0x43, 0x1A, 0xA5, 0x22, 0xC5, 0x32, 0x0A, 0x74,
    0x05, 0x4B, 0xC4, 0x22, 0x65, 0x3B, 0x62, 0x1A, 0x22, 0x1A, 0x82, 0x1A, 0x05, 0x4C, 0x66, 0x43,
    0x83, 0x11, 0xC4, 0x11, 0x05, 0x1A, 0x05, 0x1A, 0x25, 0x1A, 0x65, 0x1A, 0x66, 0x1A, 0xA7, 0x22,
    0x28, 0x2B, 0x46, 0x22, 0x81, 0x00, 0x81, 0x08, 0xC4, 0x19, 0xE7, 0x2A, 0xA7, 0x1A, 0x64, 0x11,
    0x44, 0x1A, 0x05, 0x23, 0x84, 0x22, 0x23, 0x1A, 0xC2, 0x11, 0x82, 0x11, 0x83, 0x11, 0x45, 0x1A,
    0xA3, 0x11, 0xA3, 0x11, 0xA7, 0x2A, 0xE5, 0x19, 0x0C, 0x4C, 0xC7, 0x2A, 0x45, 0x1A, 0xE7, 0x2A,
    0x04, 0x12, 0xA6, 0x22, 0xE3, 0x11, 0xC6, 0x32, 0x48, 0x43, 0x86, 0x22, 0x85, 0x1A, 0xE4, 0x2A,
    0xC5, 0x2A, 0x63, 0x09, 0x23, 0x09, 0x22, 0x09, 0x82, 0x00, 0x20, 0x00, 0xA5, 0x32, 0x85, 0x3B,
    0xA2, 0x1A, 0xA2, 0x1A, 0xCB, 0x64, 0x0D, 0x6D, 0x06, 0x33, 0xC3, 0x11, 0x03, 0x12, 0x04, 0x12,
    0x04, 0x1A, 0xE3, 0x19, 0x02, 0x09, 0x82, 0x00, 0xC2, 0x08, 0xC3, 0x08, 0x03, 0x09, 0x42, 0x09,
    0xE7, 0x2A, 0x48, 0x33, 0xA3, 0x11, 0xC3, 0x19, 0x24, 0x22, 0x22, 0x09, 0x02, 0x09, 0x43, 0x11,
    0x64, 0x11, 0x44, 0x11, 0x23, 0x11, 0x03, 0x09, 0xC2, 0x08, 0x82, 0x00, 0x62, 0x00, 0x62, 0x00,
    0x62, 0x00, 0xA2, 0x08, 0x23, 0x09, 0x05, 0x1A, 0x05, 0x1A, 0xA4, 0x11, 0xA8, 0x2A, 0x67, 0x22,
    0x05, 0x1A, 0x05, 0x12, 0x87, 0x22, 0xA4, 0x11, 0x06, 0x1A, 0x84, 0x11, 0x84, 0x11, 0x43, 0x09,
    0x23, 0x09, 0x64, 0x11, 0x64, 0x11, 0x44, 0x11, 0x64, 0x11, 0x23, 0x09, 0x82, 0x00, 0x02, 0x09,
    0x65, 0x22, 0xA5, 0x1A, 0x28, 0x2B, 0xA6, 0x22, 0xC6, 0x2A, 0xE7, 0x2A, 0x07, 0x2B, 0x27, 0x2B,
    0xC6, 0x22, 0x25, 0x1A, 0xA3, 0x11, 0x23, 0x09, 0x82, 0x08, 0x82, 0x00, 0x82, 0x00, 0xC3, 0x08,
    0xA2, 0x00, 0xA1, 0x00, 0x04, 0x1A, 0x86, 0x1A, 0x66, 0x1A, 0x04, 0x12, 0xE8, 0x2A, 0x07, 0x23,
    0xA8, 0x3B, 0xA8, 0x3B, 0x24, 0x22, 0xC2, 0x08, 0x02, 0x09, 0x03, 0x09, 0x02, 0x09, 0x43, 0x11,
    0xE2, 0x08, 0xA2, 0x08, 0xA1, 0x00, 0x02, 0x09, 0x63, 0x11, 0x84, 0x19, 0x43, 0x11, 0xA2, 0x00,
    0x61, 0x00, 0x61, 0x00, 0x82, 0x08, 0xA2, 0x08, 0xA2, 0x08, 0xA2, 0x08, 0x02, 0x09, 0x49, 0x3B,
    0xEC, 0x4B, 0xCB, 0x3B, 0x66, 0x22, 0x02, 0x09, 0x81, 0x00, 0xC2, 0x00, 0xA2, 0x00, 0xC2, 0x08,
    0xC2, 0x08, 0xA2, 0x00, 0x82, 0x00, 0xE3, 0x08, 0xE3, 0x08, 0x24, 0x09, 0x03, 0x09, 0xE3, 0x08,
    0xA2, 0x00, 0x62, 0x00, 0x02, 0x09, 0x65, 0x1A, 0x25, 0x1A, 0xE2, 0x08, 0xC2, 0x00, 0xE2, 0x00,
    0x64, 0x19, 0x47, 0x32, 0x65, 0x2A, 0x68, 0x43, 0x05, 0x2A, 0xA2, 0x00, 0xE3, 0x08, 0xC3, 0x08,
    0xC3, 0x08, 0xC3, 0x08, 0xC3, 0x08, 0xC3, 0x08, 0x44, 0x11, 0x43, 0x11, 0x02, 0x09, 0x02, 0x09,
    0xE2, 0x08, 0x84, 0x19, 0x03, 0x09, 0x23, 0x11, 0xA5, 0x19, 0xE6, 0x21, 0x44, 0x11, 0xE2, 0x08,
    0x81, 0x00, 0xC2, 0x08, 0x26, 0x22, 0xA7, 0x22, 0xA6, 0x22, 0xA6, 0x22, 0xE7, 0x22, 0xA6, 0x1A,
    0x86, 0x1A, 0xC7, 0x22, 0x44, 0x12, 0x04, 0x1A, 0xE4, 0x19, 0x83, 0x09, 0x63, 0x11, 0x43, 0x09,
    0x02, 0x09, 0xE2, 0x08, 0xE2, 0x08, 0xC1, 0x00, 0x85, 0x22, 0x49, 0x44, 0x86, 0x33, 0x24, 0x2B,
    0xC3, 0x1A, 0xC4, 0x22, 0xC5, 0x22, 0x63, 0x1A, 0xA4, 0x22, 0xC5, 0x22, 0x26, 0x3B, 0xA9, 0x74,
    0x66, 0x4B, 0x64, 0x22, 0x85, 0x3B, 0xE3, 0x2A, 0x22, 0x1A, 0x62, 0x1A, 0xE1, 0x2A, 0xA7, 0x6C,
    0x03, 0x22, 0xC4, 0x11, 0xC3, 0x11, 0x65, 0x1A, 0x66, 0x22, 0x45, 0x1A, 0x66, 0x1A, 0x86, 0x22,
    0xA7, 0x22, 0x66, 0x22, 0xE2, 0x00, 0x61, 0x08, 0x61, 0x00, 0xA4, 0x11, 0x0A, 0x3B, 0xA1, 0x00,
    0x86, 0x2A, 0x26, 0x2B, 0x22, 0x12, 0x43, 0x1A, 0x03, 0x1A, 0xC2, 0x11, 0xA2, 0x11, 0x85, 0x22,
    0x04, 0x12, 0x83, 0x11, 0x23, 0x09, 0x22, 0x09, 0x25, 0x22, 0xC4, 0x11, 0x69, 0x33, 0x45, 0x22,
    0x65, 0x1A, 0x65, 0x1A, 0xC6, 0x32, 0xC9, 0x53, 0x45, 0x22, 0xC3, 0x09, 0xC4, 0x22, 0x05, 0x33,
    0xC3, 0x11, 0x63, 0x09, 0x43, 0x11, 0x23, 0x11, 0xA2, 0x08, 0x41, 0x00, 0xA1, 0x00, 0xA4, 0x2A,
    0x03, 0x2B, 0xC2, 0x22, 0xA6, 0x43, 0x6E, 0x75, 0xAC, 0x5C, 0x24, 0x1A, 0x24, 0x1A, 0x85, 0x22,
    0x85, 0x1A, 0x85, 0x22, 0x04, 0x1A, 0x02, 0x09, 0xA1, 0x00, 0x62, 0x00, 0x23, 0x09, 0x24, 0x1A,
    0x44, 0x1A, 0x03, 0x1A, 0xC3, 0x11, 0xC4, 0x19, 0xE2, 0x00, 0xC2, 0x08, 0x02, 0x09, 0xE2, 0x08,
    0xC2, 0x00, 0x61, 0x00, 0x61, 0x00, 0x61, 0x00, 0x61, 0x00, 0x62, 0x00, 0x62, 0x00, 0x61, 0x00,
    0x41, 0x00, 0x41, 0x00, 0x61, 0x00, 0x23, 0x11, 0x03, 0x09, 0x40, 0x00, 0xA2, 0x00, 0xA5, 0x11,
    0x05, 0x1A, 0x05, 0x12, 0xC9, 0x2A, 0xE5, 0x11, 0x47, 0x22, 0xA5, 0x11, 0xC5, 0x19, 0x64, 0x11,
    0x63, 0x09, 0x02, 0x01, 0x23, 0x09, 0x84, 0x11, 0x64, 0x11, 0x64, 0x09, 0x23, 0x09, 0xC2, 0x00,
    0x05, 0x1A, 0xE6, 0x22, 0xE7, 0x22, 0x86, 0x22, 0xE7, 0x2A, 0x27, 0x2B, 0xE6, 0x22, 0x24, 0x1A,
    0xA3, 0x11, 0x22, 0x09, 0xE2, 0x08, 0x81, 0x00, 0x62, 0x00, 0x82, 0x08, 0xC3, 0x08, 0xA2, 0x00,
    0x41, 0x00, 0x61, 0x00, 0x05, 0x1A, 0x45, 0x1A, 0x04, 0x1A, 0xE4, 0x19, 0xC8, 0x2A, 0x09, 0x33,
    0x86, 0x22, 0x88, 0x3B, 0xE3, 0x19, 0x02, 0x09, 0x84, 0x11, 0x23, 0x09, 0x23, 0x09, 0x43, 0x11,
    0xE2, 0x08, 0xC2, 0x00, 0xA2, 0x00, 0x23, 0x11, 0x64, 0x11, 0xE2, 0x08, 0x81, 0x00, 0x81, 0x00,
    0x82, 0x00, 0x82, 0x08, 0xA2, 0x08, 0xC2, 0x08, 0xE3, 0x08, 0xE3, 0x08, 0xA1, 0x00, 0x46, 0x22,
    0xCF, 0x64, 0x09, 0x3B, 0xC1, 0x00, 0xA1, 0x00, 0xE2, 0x08, 0xC2, 0x08, 0xC2, 0x00, 0x02, 0x09,
    0xE2, 0x08, 0xC2, 0x08, 0x82, 0x00, 0xC3, 0x08, 0xE3, 0x08, 0x03, 0x09, 0xE3, 0x08, 0xE3, 0x00,
    0xC2, 0x08, 0x62, 0x00, 0xE2, 0x00, 0x86, 0x2A, 0x42, 0x11, 0xA1, 0x00, 0x23, 0x09, 0x26, 0x2A,
    0xA8, 0x3A, 0xC4, 0x19, 0x48, 0x43, 0x85, 0x2A, 0xC1, 0x00, 0xA2, 0x00, 0xA2, 0x00, 0xA3, 0x08,
    0xC3, 0x08, 0xC3, 0x08, 0xC3, 0x08, 0xC3, 0x08, 0x44, 0x11, 0x02, 0x09, 0x03, 0x09, 0xC1, 0x00,
    0x81, 0x08, 0x61, 0x00, 0xA1, 0x00, 0x63, 0x11, 0x42, 0x09, 0x63, 0x11, 0x84, 0x11, 0x83, 0x11,
    0xC4, 0x11, 0xC8, 0x2A, 0x07, 0x2B, 0xA6, 0x22, 0xA7, 0x22, 0xC7, 0x22, 0x65, 0x1A, 0x86, 0x22,
    0x65, 0x22, 0x24, 0x1A, 0x45, 0x22, 0xC3, 0x19, 0xA3, 0x11, 0x83, 0x11, 0x63, 0x11, 0x42, 0x11,
    0x22, 0x09, 0xE2, 0x08, 0xC1, 0x00, 0xC1, 0x00, 0x24, 0x1A, 0x86, 0x33, 0x44, 0x2B, 0x86, 0x33,
    0x25, 0x2B, 0xE4, 0x22, 0x83, 0x1A, 0x22, 0x12, 0xC5, 0x22, 0xE5, 0x22, 0xE5, 0x2A, 0xA8, 0x6C,
    0x69, 0x64, 0x84, 0x1A, 0xE6, 0x43, 0x44, 0x33, 0x42, 0x1A, 0x62, 0x1A, 0x81, 0x22, 0xE4, 0x53,
    0xE4, 0x32, 0x05, 0x1A, 0x04, 0x12, 0x25, 0x1A, 0x45, 0x1A, 0x86, 0x1A, 0xA6, 0x22, 0xE7, 0x2A,
    0x49, 0x33, 0x6A, 0x3B, 0x43, 0x09, 0x61, 0x00, 0xA2, 0x08, 0x81, 0x00, 0xE3, 0x08, 0xA2, 0x00,
    0x86, 0x2A, 0x84, 0x1A, 0x64, 0x1A, 0x43, 0x1A, 0x02, 0x12, 0xE2, 0x19, 0xC2, 0x11, 0x64, 0x1A,
    0x04, 0x1A, 0x02, 0x09, 0xE2, 0x08, 0x43, 0x11, 0xE1, 0x00, 0xC7, 0x2A, 0x28, 0x2B, 0xE3, 0x11,
    0xA6, 0x22, 0xE6, 0x2A, 0xCC, 0x6C, 0x68, 0x43, 0xC3, 0x11, 0xA4, 0x22, 0x66, 0x3B, 0x04, 0x1A,
    0xA4, 0x11, 0x83, 0x11, 0x63, 0x11, 0x63, 0x11, 0x22, 0x11, 0x61, 0x00, 0x61, 0x00, 0x82, 0x11,
    0x45, 0x3B, 0x43, 0x33, 0x03, 0x2B, 0xAB, 0x5C, 0x4E, 0x75, 0xC7, 0x2A, 0x44, 0x1A, 0xA5, 0x22,
    0xC6, 0x22, 0x06, 0x23, 0xE6, 0x22, 0xC4, 0x11, 0xA2, 0x00, 0x82, 0x08, 0xA2, 0x00, 0x04, 0x22,
    0xA4, 0x22, 0x03, 0x1A, 0xE4, 0x19, 0xA1, 0x00, 0x82, 0x00, 0x81, 0x00, 0xA5, 0x21, 0xC4, 0x21,
    0x43, 0x19, 0x65, 0x19, 0x64, 0x11, 0x42, 0x09, 0x63, 0x11, 0x23, 0x11, 0x22, 0x11, 0x23, 0x11,
    0x02, 0x09, 0x02, 0x09, 0xE2, 0x08, 0xC1, 0x00, 0x81, 0x00, 0x42, 0x00, 0x62, 0x08, 0x81, 0x00,
    0x03, 0x09, 0x06, 0x1A, 0x88, 0x22, 0x26, 0x1A, 0x67, 0x1A, 0x26, 0x12, 0x06, 0x1A, 0xA4, 0x11,
    0x84, 0x11, 0x64, 0x09, 0x23, 0x09, 0x23, 0x09, 0x64, 0x11, 0x84, 0x11, 0x84, 0x11, 0xE2, 0x00,
    0x43, 0x09, 0x85, 0x22, 0xA5, 0x1A, 0xC7, 0x2A, 0x08, 0x33, 0xE7, 0x2A, 0xC3, 0x11, 0x63, 0x09,
    0x63, 0x11, 0xE2, 0x08, 0x61, 0x00, 0x61, 0x00, 0xA2, 0x08, 0xC3, 0x08, 0xA2, 0x08, 0x61, 0x00,
    0x61, 0x00, 0x41, 0x00, 0x02, 0x09, 0xE4, 0x11, 0xC3, 0x11, 0xC4, 0x19, 0x23, 0x09, 0x03, 0x09,
    0xC1, 0x00, 0xE5, 0x19, 0x83, 0x11, 0x84, 0x11, 0xC4, 0x11, 0x63, 0x09, 0x63, 0x11, 0x63, 0x11,
    0x22, 0x09, 0x23, 0x09, 0xE2, 0x08, 0xC2, 0x08, 0xC2, 0x08, 0x81, 0x00, 0x82, 0x00, 0xA2, 0x00,
    0xC2, 0x08, 0xC2, 0x08, 0xC2, 0x08, 0xE2, 0x08, 0x23, 0x09, 0x02, 0x09, 0x02, 0x09, 0x23, 0x09,
    0x87, 0x2A, 0x23, 0x11, 0xE2, 0x08, 0xE2, 0x08, 0xE2, 0x08, 0xE2, 0x08, 0xE2, 0x08, 0x02, 0x09,
    0x02, 0x09, 0x03, 0x11, 0xA2, 0x08, 0xA2, 0x00, 0xC2, 0x08, 0xC2, 0x00, 0xE3, 0x08, 0x44, 0x11,
    0x03, 0x09, 0x82, 0x00, 0xA2, 0x00, 0x63, 0x11, 0x02, 0x09, 0xA4, 0x11, 0x26, 0x22, 0x47, 0x2A,
    0xA5, 0x19, 0x02, 0x09, 0x25, 0x2A, 0x63, 0x11, 0xE2, 0x08, 0xC2, 0x08, 0x81, 0x00, 0x62, 0x00,
    0x62, 0x00, 0x61, 0x00, 0x61, 0x00, 0xA2, 0x08, 0x84, 0x11, 0x22, 0x09, 0x63, 0x11, 0x03, 0x09,
    0x81, 0x00, 0x82, 0x08, 0x81, 0x00, 0x64, 0x11, 0x83, 0x11, 0x22, 0x09, 0x22, 0x09, 0x42, 0x11,
    0xA4, 0x11, 0x25, 0x1A, 0x85, 0x22, 0xA7, 0x22, 0xE8, 0x2A, 0xE7, 0x2A, 0x86, 0x22, 0x86, 0x22,
    0x24, 0x1A, 0x24, 0x12, 0xE4, 0x19, 0x82, 0x11, 0x62, 0x11, 0x43, 0x09, 0x63, 0x11, 0x63, 0x11,
    0x43, 0x11, 0x22, 0x09, 0x02, 0x09, 0xE2, 0x08, 0x04, 0x1A, 0x28, 0x4C, 0xE7, 0x43, 0x24, 0x2B,
    0xE3, 0x22, 0xE4, 0x22, 0xC4, 0x22, 0xC4, 0x22, 0x05, 0x23, 0x05, 0x2B, 0xC4, 0x22, 0xA8, 0x6C,
    0x69, 0x64, 0xA4, 0x22, 0xE6, 0x43, 0x64, 0x3B, 0x61, 0x1A, 0x42, 0x1A, 0x61, 0x1A, 0xC3, 0x4B,
    0x25, 0x3B, 0x24, 0x12, 0x44, 0x1A, 0x24, 0x1A, 0x24, 0x1A, 0xC6, 0x22, 0xA6, 0x22, 0xC6, 0x22,
    0x28, 0x33, 0x08, 0x2B, 0x63, 0x11, 0x82, 0x00, 0x82, 0x08, 0xA2, 0x08, 0x62, 0x00, 0x81, 0x00,
    0x83, 0x11, 0x88, 0x3B, 0xC5, 0x22, 0xE2, 0x11, 0x03, 0x1A, 0xE3, 0x19, 0xA2, 0x11, 0x85, 0x22,
    0xA6, 0x22, 0xA3, 0x11, 0x02, 0x09, 0xC4, 0x21, 0x02, 0x09, 0xA7, 0x2A, 0xC7, 0x2A, 0x07, 0x2B,
    0x07, 0x23, 0x67, 0x3B, 0x6A, 0x64, 0x84, 0x22, 0x44, 0x1A, 0x45, 0x3B, 0x42, 0x1A, 0xC4, 0x11,
    0xE4, 0x11, 0xA3, 0x11, 0x83, 0x11, 0xE4, 0x19, 0x63, 0x11, 0x61, 0x00, 0x82, 0x00, 0x23, 0x11,
    0x64, 0x22, 0xC5, 0x43, 0x64, 0x33, 0xA6, 0x3B, 0x6E, 0x75, 0x0A, 0x54, 0x23, 0x12, 0xA5, 0x22,
    0xE6, 0x22, 0x47, 0x2B, 0x67, 0x2B, 0x85, 0x1A, 0xE2, 0x08, 0xA2, 0x08, 0xA3, 0x08, 0xE2, 0x00,
    0xE5, 0x2A, 0x06, 0x2B, 0xE2, 0x00, 0x62, 0x00, 0xC2, 0x00, 0x64, 0x19, 0x64, 0x19, 0x26, 0x2A,
    0x27, 0x32, 0x47, 0x32, 0xCC, 0x5B, 0x44, 0x1A, 0x03, 0x12, 0xE3, 0x19, 0xE3, 0x19, 0xE4, 0x19,
    0x04, 0x1A, 0x04, 0x1A, 0x25, 0x1A, 0x25, 0x22, 0x84, 0x11, 0x61, 0x00, 0x42, 0x00, 0xA3, 0x08,
    0x61, 0x00, 0x44, 0x11, 0xC5, 0x11, 0xE5, 0x19, 0x67, 0x22, 0x67, 0x1A, 0x46, 0x1A, 0xE5, 0x19,
    0xC5, 0x19, 0x84, 0x11, 0x84, 0x11, 0x23, 0x09, 0x43, 0x11, 0x84, 0x11, 0xE5, 0x19, 0x64, 0x11,
    0xC2, 0x08, 0x24, 0x1A, 0x85, 0x1A, 0xC7, 0x2A, 0xA7, 0x2A, 0xA4, 0x11, 0x43, 0x11, 0x02, 0x09,
    0xA1, 0x00, 0x41, 0x00, 0x61, 0x00, 0xA2, 0x08, 0xC3, 0x08, 0x82, 0x00, 0x61, 0x00, 0x61, 0x00,
    0x61, 0x00, 0x41, 0x00, 0x41, 0x00, 0x64, 0x11, 0xA4, 0x19, 0xC1, 0x00, 0x62, 0x00, 0x61, 0x00,
    0xA2, 0x08, 0xA2, 0x00, 0xC2, 0x08, 0x43, 0x11, 0x84, 0x11, 0x83, 0x11, 0x83, 0x11, 0x23, 0x09,
    0x43, 0x11, 0x23, 0x11, 0x81, 0x00, 0x61, 0x00, 0x82, 0x00, 0x82, 0x00, 0x82, 0x00, 0xA2, 0x08,
    0xA2, 0x08, 0xE2, 0x08, 0x02, 0x09, 0x02, 0x09, 0x23, 0x11, 0x23, 0x11, 0x23, 0x09, 0x23, 0x11,
    0x02, 0x01, 0x63, 0x11, 0x43, 0x09, 0x03, 0x09, 0x02, 0x09, 0x02, 0x09, 0xE2, 0x08, 0x22, 0x09,
    0x02, 0x09, 0x43, 0x11, 0x02, 0x09, 0xA2, 0x08, 0xC2, 0x08, 0xE3, 0x08, 0x03, 0x09, 0x23, 0x09,
    0x23, 0x11, 0x81, 0x00, 0xC2, 0x00, 0x63, 0x11, 0xE5, 0x19, 0xE5, 0x19, 0x23, 0x09, 0xA1, 0x00,
    0x82, 0x00, 0xC2, 0x08, 0x02, 0x01, 0x22, 0x09, 0x22, 0x09, 0x23, 0x09, 0x02, 0x09, 0xC1, 0x00,
    0x82, 0x00, 0x82, 0x00, 0x82, 0x00, 0xA2, 0x08, 0xC5, 0x19, 0x43, 0x09, 0x84, 0x11, 0x43, 0x11,
    0xA1, 0x00, 0x82, 0x08, 0x81, 0x00, 0x03, 0x09, 0xE4, 0x19, 0x62, 0x09, 0x22, 0x09, 0x02, 0x09,
    0x22, 0x09, 0x63, 0x09, 0xA3, 0x11, 0x45, 0x22, 0xA6, 0x1A, 0xE7, 0x22, 0x07, 0x2B, 0xC7, 0x2A,
    0xC6, 0x22, 0xE7, 0x2A, 0x04, 0x12, 0x25, 0x1A, 0x05, 0x1A, 0xA3, 0x11, 0xC4, 0x11, 0xA4, 0x11,
    0x63, 0x11, 0xA4, 0x19, 0x63, 0x11, 0x64, 0x19, 0x86, 0x32, 0x87, 0x43, 0x44, 0x33, 0x65, 0x33,
    0x04, 0x23, 0xC3, 0x22, 0xA3, 0x22, 0x83, 0x1A, 0x86, 0x33, 0x05, 0x23, 0xA5, 0x22, 0x27, 0x5C,
    0x6A, 0x6C, 0x24, 0x1A, 0x07, 0x4C, 0xA4, 0x43, 0xA2, 0x2A, 0x41, 0x1A, 0x82, 0x22, 0x63, 0x43,
    0xC4, 0x32, 0x24, 0x1A, 0x44, 0x1A, 0x24, 0x1A, 0x45, 0x1A, 0x24, 0x12, 0x85, 0x22, 0x48, 0x33,
    0x29, 0x33, 0xC7, 0x2A, 0x06, 0x1A, 0x82, 0x00, 0x82, 0x08, 0xA2, 0x08, 0xA2, 0x08, 0x82, 0x08,
    0xE2, 0x08, 0xC6, 0x2A, 0x43, 0x12, 0x64, 0x22, 0x23, 0x1A, 0x03, 0x1A, 0xA2, 0x11, 0x85, 0x22,
    0xA9, 0x33, 0xA6, 0x1A, 0x83, 0x09, 0xC4, 0x19, 0xA4, 0x11, 0x62, 0x09, 0xE4, 0x19, 0x89, 0x33,
    0x27, 0x33, 0x69, 0x5C, 0x47, 0x3B, 0xE2, 0x11, 0x87, 0x3B, 0x84, 0x22, 0xA3, 0x11, 0xE4, 0x19,
    0x65, 0x1A, 0x45, 0x1A, 0x04, 0x1A, 0xE4, 0x19, 0x42, 0x11, 0x61, 0x00, 0x82, 0x08, 0x43, 0x11,
    0xA3, 0x11, 0x66, 0x3B, 0x27, 0x54, 0x86, 0x3B, 0xEB, 0x64, 0xAB, 0x64, 0xC6, 0x2A, 0xA6, 0x22,
    0xE6, 0x22, 0x06, 0x23, 0x68, 0x33, 0x27, 0x2B, 0x02, 0x09, 0xA2, 0x00, 0xE2, 0x08, 0xA1, 0x08,
    0xC4, 0x11, 0x44, 0x22, 0xA2, 0x00, 0xC3, 0x08, 0x23, 0x11, 0x85, 0x19, 0x44, 0x11, 0x03, 0x09,
    0xC6, 0x21, 0x68, 0x3A, 0x25, 0x2A, 0x28, 0x43, 0x24, 0x22, 0x04, 0x1A, 0x24, 0x1A, 0x24, 0x1A,
    0x04, 0x12, 0x04, 0x12, 0x04, 0x12, 0x24, 0x1A, 0x45, 0x1A, 0xE4, 0x19, 0x02, 0x09, 0xC2, 0x00,
    0xA2, 0x08, 0xA2, 0x08, 0xC2, 0x08, 0xC2, 0x00, 0x64, 0x11, 0x84, 0x11, 0xC5, 0x19, 0x06, 0x1A,
    0x26, 0x22, 0x05, 0x1A, 0x26, 0x1A, 0x05, 0x12, 0xA4, 0x11, 0x43, 0x09, 0xA4, 0x11, 0xC5, 0x19,
    0xE2, 0x08, 0xA3, 0x11, 0xC6, 0x2A, 0xE4, 0x19, 0x23, 0x09, 0xE2, 0x08, 0xA2, 0x08, 0x61, 0x00,
    0x61, 0x00, 0x61, 0x00, 0xA2, 0x08, 0xA3, 0x08, 0x82, 0x00, 0x61, 0x00, 0x61, 0x00, 0x62, 0x00,
    0x61, 0x00, 0x41, 0x00, 0x41, 0x00, 0xC2, 0x08, 0xA2, 0x08, 0x41, 0x00, 0x62, 0x08, 0x82, 0x00,
    0xC2, 0x08, 0xC2, 0x08, 0xC2, 0x00, 0xA2, 0x00, 0xC2, 0x08, 0x02, 0x09, 0xC4, 0x19, 0x23, 0x11,
    0xA1, 0x00, 0x81, 0x00, 0x41, 0x00, 0x41, 0x00, 0x82, 0x08, 0x82, 0x08, 0xA2, 0x08, 0xC2, 0x08,
    0xC2, 0x08, 0xA1, 0x00, 0x02, 0x09, 0x23, 0x11, 0x43, 0x11, 0x43, 0x09, 0x43, 0x11, 0x42, 0x11,
    0x63, 0x11, 0x43, 0x11, 0x83, 0x11, 0x23, 0x09, 0x02, 0x09, 0x03, 0x09, 0x02, 0x09, 0x43, 0x11,
    0x22, 0x09, 0x62, 0x11, 0x63, 0x11, 0xC2, 0x08, 0xC3, 0x08, 0xE3, 0x08, 0x23, 0x11, 0x43, 0x11,
    0xE2, 0x08, 0x23, 0x09, 0xC4, 0x11, 0xC5, 0x19, 0x23, 0x09, 0x44, 0x11, 0x45, 0x19, 0xC2, 0x08,
    0x03, 0x09, 0x23, 0x11, 0x23, 0x09, 0x22, 0x09, 0x22, 0x09, 0x22, 0x09, 0x63, 0x11, 0xC3, 0x11,
    0xE2, 0x08, 0x62, 0x00, 0xA1, 0x00, 0x81, 0x00, 0xC5, 0x11, 0x26, 0x12, 0x67, 0x22, 0x84, 0x11,
    0xA1, 0x00, 0xA2, 0x08, 0x82, 0x08, 0xA2, 0x00, 0x63, 0x09, 0xE4, 0x19, 0x83, 0x11, 0x23, 0x09,
    0x02, 0x09, 0x02, 0x09, 0x42, 0x09, 0x05, 0x22, 0x85, 0x1A, 0x07, 0x23, 0xE7, 0x22, 0x28, 0x2B,
    0xE7, 0x22, 0x04, 0x12, 0x86, 0x22, 0x65, 0x1A, 0xE5, 0x11, 0x25, 0x1A, 0xA4, 0x11, 0xC4, 0x11,
    0x86, 0x32, 0x4A, 0x5B, 0x03, 0x22, 0xA3, 0x19, 0xC4, 0x21, 0xC5, 0x42, 0xC7, 0x4B, 0x04, 0x2B,
    0x45, 0x2B, 0x86, 0x33, 0x83, 0x1A, 0xC4, 0x22, 0x25, 0x2B, 0x66, 0x2B, 0xA5, 0x1A, 0x07, 0x54,
    0xC8, 0x53, 0x21, 0x09, 0xA8, 0x43, 0xC4, 0x3B, 0x23, 0x33, 0x61, 0x1A, 0x82, 0x22, 0x84, 0x43,
    0x64, 0x22, 0x85, 0x1A, 0x45, 0x1A, 0x45, 0x1A, 0x65, 0x1A, 0x24, 0x1A, 0x85, 0x1A, 0x07, 0x2B,
    0xC7, 0x2A, 0x08, 0x2B, 0x67, 0x22, 0x82, 0x00, 0x82, 0x08, 0xA2, 0x08, 0xA2, 0x08, 0xA2, 0x08,
    0x82, 0x08, 0xE4, 0x19, 0xA8, 0x33, 0xC4, 0x22, 0x23, 0x1A, 0xE2, 0x19, 0xC2, 0x19, 0x03, 0x12,
    0x47, 0x2B, 0x48, 0x2B, 0x04, 0x12, 0xA3, 0x11, 0x24, 0x1A, 0xC3, 0x11, 0x63, 0x09, 0x66, 0x22,
    0x2A, 0x4C, 0xA7, 0x3B, 0xC3, 0x11, 0x65, 0x22, 0xE6, 0x32, 0x24, 0x1A, 0xE4, 0x19, 0x82, 0x11,
    0x04, 0x1A, 0x65, 0x1A, 0x65, 0x1A, 0x45, 0x1A, 0x22, 0x09, 0x61, 0x00, 0x62, 0x00, 0x63, 0x11,
    0x24, 0x1A, 0x03, 0x12, 0xE9, 0x4B, 0x08, 0x4C, 0xA6, 0x3B, 0xCB, 0x5C, 0xA5, 0x22, 0xA6, 0x22,
    0xC6, 0x22, 0x27, 0x2B, 0x68, 0x2B, 0xA8, 0x3B, 0x04, 0x1A, 0xE1, 0x00, 0xC2, 0x08, 0x03, 0x09,
    0x22, 0x09, 0xA4, 0x11, 0xE5, 0x19, 0xC2, 0x08, 0x61, 0x00, 0x81, 0x00, 0xA2, 0x08, 0x61, 0x00,
    0x81, 0x00, 0xE6, 0x21, 0x83, 0x11, 0x2C, 0x6C, 0x4C, 0x74, 0x24, 0x22, 0xE3, 0x19, 0xE3, 0x11,
    0xE3, 0x11, 0x24, 0x1A, 0x24, 0x1A, 0x44, 0x1A, 0x44, 0x1A, 0x85, 0x22, 0x07, 0x2B, 0xA4, 0x19,
    0x82, 0x00, 0x61, 0x00, 0x61, 0x00, 0x62, 0x00, 0x41, 0x00, 0x41, 0x00, 0xA2, 0x00, 0x03, 0x09,
    0x85, 0x11, 0x64, 0x11, 0xC5, 0x19, 0xE5, 0x11, 0x26, 0x1A, 0xE5, 0x11, 0x06, 0x1A, 0xC5, 0x11,
    0xA4, 0x11, 0x04, 0x1A, 0x63, 0x11, 0xA2, 0x00, 0xA2, 0x00, 0x61, 0x00, 0x61, 0x00, 0x41, 0x00,
    0x61, 0x00, 0xA2, 0x00, 0xA2, 0x00, 0x62, 0x00, 0x61, 0x00, 0x61, 0x00, 0x62, 0x00, 0x62, 0x00,
    0x41, 0x00, 0x41, 0x00, 0x41, 0x00, 0x41, 0x00, 0x21, 0x00, 0x62, 0x00, 0x62, 0x00, 0x81, 0x00,
    0xC2, 0x08, 0xC2, 0x08, 0xC2, 0x08, 0xC2, 0x08, 0xA2, 0x00, 0x02, 0x09, 0xE4, 0x19, 0x63, 0x11,
    0x81, 0x00, 0x82, 0x00, 0x61, 0x00, 0x61, 0x00, 0x61, 0x00, 0x81, 0x00, 0xE2, 0x08, 0x03, 0x09,
    0x02, 0x09, 0x23, 0x09, 0x02, 0x09, 0x02, 0x09, 0x63, 0x11, 0x83, 0x11, 0xA3, 0x11, 0xA3, 0x11,
    0x63, 0x11, 0xA4, 0x19, 0x63, 0x11, 0x43, 0x11, 0x02, 0x09, 0x43, 0x11, 0x02, 0x09, 0x63, 0x11,
    0x42, 0x11, 0x82, 0x11, 0x83, 0x11, 0xC2, 0x08, 0xE3, 0x08, 0xE2, 0x08, 0x23, 0x09, 0x23, 0x09,
    0x44, 0x11, 0xA4, 0x19, 0xC4, 0x19, 0x02, 0x09, 0x81, 0x00, 0x81, 0x00, 0xA2, 0x08, 0x81, 0x00,
    0xC2, 0x08, 0x03, 0x09, 0x43, 0x11, 0x42, 0x09, 0x22, 0x09, 0x22, 0x09, 0x22, 0x11, 0xE4, 0x19,
    0x63, 0x11, 0x62, 0x00, 0xA2, 0x00, 0x82, 0x00, 0x44, 0x11, 0xE6, 0x19, 0xA4, 0x11, 0x02, 0x09,
    0xC2, 0x08, 0xC2, 0x08, 0xA2, 0x08, 0x82, 0x08, 0xA1, 0x00, 0xA4, 0x11, 0x05, 0x1A, 0x63, 0x09,
    0x23, 0x09, 0x03, 0x09, 0xE2, 0x08, 0x63, 0x11, 0x45, 0x1A, 0xC6, 0x22, 0x48, 0x33, 0x86, 0x1A,
    0x86, 0x1A, 0x69, 0x33, 0xE4, 0x19, 0x25, 0x12, 0xC7, 0x2A, 0x83, 0x09, 0x26, 0x1A, 0xE5, 0x2A,
    0x04, 0x2B, 0x02, 0x1A, 0x62, 0x1A, 0xE4, 0x19, 0x66, 0x32, 0x26, 0x4B, 0xA6, 0x42, 0x88, 0x4B,
    0x86, 0x3B, 0x25, 0x2B, 0xA3, 0x22, 0xC4, 0x22, 0x45, 0x2B, 0x25, 0x2B, 0x26, 0x2B, 0x87, 0x33,
    0x04, 0x1A, 0x41, 0x00, 0x06, 0x3B, 0x26, 0x44, 0x83, 0x3B, 0x81, 0x1A, 0xC1, 0x2A, 0xC5, 0x4B,
    0x65, 0x22, 0xE7, 0x2A, 0x44, 0x12, 0x65, 0x1A, 0x44, 0x1A, 0x24, 0x1A, 0x65, 0x22, 0x65, 0x1A,
    0x86, 0x22, 0xE8, 0x2A, 0x67, 0x22, 0x82, 0x00, 0xA2, 0x08, 0xA2, 0x08, 0xA2, 0x08, 0xA2, 0x08,
    0x82, 0x00, 0x43, 0x09, 0x07, 0x33, 0x83, 0x1A, 0x43, 0x22, 0x02, 0x1A, 0x02, 0x1A, 0xE2, 0x11,
    0x89, 0x3B, 0x68, 0x2B, 0x45, 0x1A, 0x82, 0x09, 0x85, 0x22, 0x03, 0x1A, 0x63, 0x11, 0x43, 0x11,
    0x85, 0x22, 0x07, 0x2B, 0x86, 0x1A, 0x68, 0x33, 0x23, 0x12, 0x64, 0x22, 0x23, 0x1A, 0x44, 0x1A,
    0x04, 0x1A, 0xA6, 0x22, 0xC7, 0x22, 0x86, 0x22, 0xE2, 0x08, 0x61, 0x00, 0x82, 0x00, 0x23, 0x09,
    0xA3, 0x11, 0x85, 0x22, 0xE6, 0x2A, 0x6A, 0x5C, 0xC7, 0x3B, 0x29, 0x4C, 0x06, 0x2B, 0xA5, 0x1A,
    0x27, 0x2B, 0x48, 0x2B, 0xC9, 0x3B, 0xA8, 0x3B, 0xC3, 0x11, 0xA3, 0x11, 0x83, 0x11, 0x22, 0x09,
    0x42, 0x11, 0xE4, 0x11, 0x04, 0x1A, 0xE2, 0x00, 0x82, 0x00, 0x82, 0x08, 0xA2, 0x08, 0x82, 0x08,
    0x61, 0x00, 0x64, 0x11, 0xC8, 0x2A, 0xAA, 0x53, 0xCF, 0x8C, 0x0C, 0x6C, 0xE7, 0x3A, 0x28, 0x3B,
    0xE7, 0x32, 0x24, 0x1A, 0x03, 0x12, 0x04, 0x1A, 0x04, 0x22, 0xA3, 0x11, 0x42, 0x09, 0x03, 0x11,
    0x82, 0x08, 0x62, 0x00, 0x62, 0x00, 0x62, 0x00, 0x41, 0x00, 0x41, 0x00, 0x61, 0x00, 0x61, 0x00,
    0x61, 0x00, 0x41, 0x00, 0x62, 0x00, 0x82, 0x00, 0xA3, 0x08, 0xA2, 0x08, 0xE3, 0x08, 0xC2, 0x00,
    0x24, 0x11, 0x43, 0x11, 0x61, 0x00, 0x62, 0x00, 0x82, 0x00, 0x62, 0x00, 0x61, 0x00, 0x61, 0x00,
    0x82, 0x08, 0x82, 0x00, 0x61, 0x00, 0x61, 0x00, 0x61, 0x00, 0x61, 0x00, 0x62, 0x00, 0x62, 0x00,
    0x41, 0x00, 0x41, 0x00, 0x41, 0x00, 0x41, 0x00, 0x41, 0x00, 0x62, 0x00, 0x62, 0x00, 0x82, 0x00,
    0xC2, 0x08, 0xC2, 0x08, 0xE2, 0x08, 0xE2, 0x08, 0xE2, 0x08, 0x22, 0x09, 0x03, 0x12, 0x83, 0x11,
    0x81, 0x00, 0x82, 0x08, 0xA2, 0x08, 0x81, 0x00, 0x61, 0x00, 0xE2, 0x08, 0x23, 0x09, 0x43, 0x11,
    0xA4, 0x19, 0x63, 0x11, 0x63, 0x11, 0xA3, 0x11, 0x42, 0x09, 0x63, 0x11, 0xA3, 0x11, 0xE4, 0x19,
    0xA3, 0x11, 0x83, 0x11, 0xE4, 0x19, 0x43, 0x09, 0x02, 0x09, 0x43, 0x11, 0x43, 0x11, 0x83, 0x11,
    0x83, 0x11, 0xA3, 0x11, 0xC4, 0x11, 0xE2, 0x08, 0xC2, 0x08, 0x03, 0x09, 0x43, 0x11, 0x23, 0x09,
    0x02, 0x09, 0x02, 0x09, 0x43, 0x11, 0xE2, 0x00, 0x03, 0x09, 0x03, 0x09, 0x03, 0x09, 0x23, 0x11,
    0xE2, 0x08, 0xC2, 0x08, 0x23, 0x09, 0x43, 0x11, 0x63, 0x11, 0x42, 0x09, 0x63, 0x11, 0x03, 0x1A,
    0x83, 0x11, 0x62, 0x00, 0xA2, 0x00, 0x82, 0x08, 0x82, 0x08, 0x61, 0x00, 0xA2, 0x08, 0xA2, 0x08,
    0x81, 0x08, 0xC3, 0x08, 0xC3, 0x08, 0xA2, 0x08, 0x82, 0x08, 0xC2, 0x00, 0x84, 0x11, 0xC4, 0x19,
    0x83, 0x11, 0x43, 0x09, 0x02, 0x09, 0xE2, 0x08, 0x42, 0x09, 0x66, 0x1A, 0x24, 0x1A, 0xC7, 0x2A,
    0x89, 0x33, 0x04, 0x12, 0xC8, 0x2A, 0x8B, 0x43, 0xA3, 0x09, 0x46, 0x1A, 0x66, 0x33, 0x84, 0x3B,
    0x21, 0x12, 0x02, 0x1A, 0x62, 0x1A, 0xC6, 0x3A, 0x26, 0x2A, 0xC5, 0x32, 0xAB, 0x6B, 0xEB, 0x73,
    0xA8, 0x4B, 0x29, 0x4C, 0xE4, 0x2A, 0xA3, 0x1A, 0x86, 0x33, 0x46, 0x2B, 0x06, 0x2B, 0x85, 0x22,
    0x02, 0x09, 0x41, 0x00, 0xA3, 0x19, 0x48, 0x54, 0x84, 0x3B, 0xA2, 0x22, 0x03, 0x33, 0x64, 0x2A,
    0x23, 0x11, 0x26, 0x22, 0x86, 0x22, 0xA6, 0x22, 0x85, 0x1A, 0x65, 0x1A, 0x85, 0x22, 0x03, 0x12,
    0x24, 0x1A, 0x86, 0x1A, 0x67, 0x22, 0xA2, 0x08, 0xA2, 0x08, 0xA2, 0x08, 0xA2, 0x08, 0xA2, 0x08,
    0xA2, 0x08, 0x81, 0x00, 0xE4, 0x19, 0x26, 0x2B, 0x62, 0x1A, 0x63, 0x1A, 0x22, 0x1A, 0xE2, 0x11,
    0xC5, 0x22, 0x88, 0x2B, 0x85, 0x22, 0x83, 0x11, 0x85, 0x22, 0x64, 0x22, 0x43, 0x11, 0x82, 0x00,
    0xA1, 0x00, 0x43, 0x11, 0xE5, 0x21, 0x49, 0x33, 0xC6, 0x1A, 0x89, 0x3B, 0x85, 0x1A, 0x85, 0x22,
    0xE3, 0x11, 0x65, 0x1A, 0xE7, 0x22, 0x66, 0x1A, 0xC2, 0x08, 0x61, 0x00, 0x82, 0x00, 0xE2, 0x08,
    0x05, 0x1A, 0x25, 0x1A, 0xA5, 0x2A, 0xA8, 0x43, 0xE8, 0x43, 0x87, 0x3B, 0xC5, 0x22, 0xE5, 0x22,
    0x27, 0x2B, 0x88, 0x33, 0xEA, 0x3B, 0x0B, 0x44, 0x24, 0x1A, 0x41, 0x09, 0x03, 0x1A, 0x43, 0x1A,
    0xA2, 0x09, 0xE3, 0x11, 0xC7, 0x2A, 0xE5, 0x19, 0xC2, 0x08, 0xE3, 0x08, 0xE3, 0x08, 0x03, 0x09,
    0x03, 0x09, 0xA2, 0x00, 0xA4, 0x11, 0xA7, 0x2A, 0xAB, 0x5B, 0xAF, 0x8C, 0x08, 0x4B, 0x63, 0x11,
    0xCC, 0x53, 0xCF, 0x74, 0xA6, 0x32, 0x42, 0x09, 0xE1, 0x08, 0xA2, 0x00, 0x81, 0x00, 0xA2, 0x00,
    0xC2, 0x08, 0xA3, 0x08, 0xA2, 0x00, 0x61, 0x00, 0x41, 0x00, 0x41, 0x00, 0x41, 0x00, 0x62, 0x00,
    0x82, 0x08, 0x62, 0x00, 0x62, 0x00, 0x41, 0x00, 0x41, 0x00, 0x82, 0x08, 0x61, 0x00, 0x61, 0x00,
    0x61, 0x00, 0x61, 0x00, 0x62, 0x00, 0x62, 0x00, 0x62, 0x08, 0x62, 0x00, 0x61, 0x00, 0xA2, 0x08,
    0x82, 0x00, 0x41, 0x00, 0x41, 0x00, 0x61, 0x00, 0x61, 0x00, 0x61, 0x00, 0x61, 0x00, 0x62, 0x00,
    0x41, 0x00, 0x41, 0x00, 0x41, 0x00, 0x41, 0x00, 0x41, 0x00, 0x61, 0x00, 0x82, 0x00, 0x82, 0x00,
    0xE2, 0x08, 0xE2, 0x08, 0xE2, 0x08, 0xE2, 0x08, 0xE2, 0x08, 0x43, 0x11, 0x65, 0x22, 0xA3, 0x11,
    0x81, 0x00, 0xA2, 0x08, 0xA2, 0x08, 0x82, 0x00, 0x61, 0x00, 0x02, 0x09, 0xA4, 0x11, 0xE5, 0x21,
    0x83, 0x09, 0xE4, 0x11, 0x25, 0x1A, 0xA3, 0x09, 0x62, 0x09, 0x42, 0x11, 0x62, 0x11, 0x82, 0x09,
    0xC4, 0x19, 0xC4, 0x11, 0xA3, 0x11, 0x83, 0x11, 0x22, 0x09, 0x63, 0x11, 0x63, 0x11, 0xC4, 0x19,
    0xC4, 0x19, 0xE4, 0x19, 0x83, 0x09, 0xC2, 0x00, 0xE2, 0x08, 0x02, 0x09, 0x63, 0x11, 0x63, 0x11,
    0x22, 0x09, 0x84, 0x11, 0x43, 0x11, 0xE2, 0x08, 0x23, 0x09, 0x23, 0x09, 0x23, 0x09, 0x43, 0x09,
    0x43, 0x11, 0x43, 0x11, 0x22, 0x09, 0x42, 0x09, 0xA4, 0x19, 0xC4, 0x11, 0xC4, 0x11, 0x45, 0x22,
    0x45, 0x22, 0x82, 0x00, 0xA2, 0x08, 0x82, 0x00, 0x41, 0x00, 0x41, 0x00, 0x61, 0x00, 0xA2, 0x08,
    0x41, 0x00, 0xA2, 0x08, 0x04, 0x09, 0xC3, 0x08, 0xC2, 0x08, 0xA2, 0x08, 0xA1, 0x00, 0x23, 0x09,
    0xA4, 0x11, 0x84, 0x11, 0x43, 0x09, 0x23, 0x09, 0xE2, 0x08, 0xC1, 0x08, 0x05, 0x1A, 0xC7, 0x22,
    0xC3, 0x11, 0xA7, 0x2A, 0x0C, 0x4C, 0xE4, 0x11, 0x46, 0x1A, 0xA8, 0x3B, 0x06, 0x4C, 0xA2, 0x2A,
    0x42, 0x1A, 0x01, 0x12, 0xA7, 0x53, 0xCB, 0x6B, 0x23, 0x09, 0xE3, 0x11, 0xC9, 0x5B, 0x2A, 0x6C,
    0x09, 0x54, 0xE8, 0x43, 0x62, 0x1A, 0xC3, 0x22, 0xC6, 0x3B, 0x2A, 0x4C, 0x85, 0x22, 0x22, 0x09,
    0x81, 0x00, 0xA2, 0x08, 0x81, 0x00, 0x64, 0x2A, 0x07, 0x54, 0xC5, 0x3B, 0xE4, 0x2A, 0xE2, 0x08,
    0x21, 0x00, 0x81, 0x00, 0x02, 0x09, 0x63, 0x09, 0x25, 0x1A, 0xA6, 0x2A, 0x08, 0x2B, 0x49, 0x33,
    0x08, 0x33, 0xC6, 0x22, 0x67, 0x22, 0xA2, 0x08, 0xA2, 0x00, 0xA2, 0x00, 0xA2, 0x00, 0xA2, 0x08,
    0xA2, 0x08, 0x82, 0x00, 0x43, 0x11, 0x46, 0x33, 0x04, 0x2B, 0x63, 0x1A, 0x63, 0x1A, 0x02, 0x12,
    0x27, 0x33, 0xC9, 0x33, 0xC6, 0x22, 0xC3, 0x11, 0x64, 0x22, 0x05, 0x33, 0xE2, 0x00, 0x62, 0x00,
    0xE2, 0x08, 0xC2, 0x08, 0xA1, 0x00, 0x02, 0x09, 0xA4, 0x11, 0x87, 0x2A, 0x28, 0x33, 0x69, 0x3B,
    0xE7, 0x2A, 0x85, 0x12, 0x08, 0x2B, 0x67, 0x22, 0xC2, 0x08, 0x62, 0x00, 0x82, 0x08, 0xE3, 0x10,
    0x63, 0x09, 0xC7, 0x2A, 0xC6, 0x2A, 0xA5, 0x22, 0xC8, 0x3B, 0x87, 0x3B, 0x63, 0x1A, 0x06, 0x2B,
    0x88, 0x33, 0xC9, 0x3B, 0x6C, 0x4C, 0x89, 0x3B, 0xE4, 0x19, 0xA2, 0x11, 0x62, 0x09, 0x23, 0x1A,
    0x05, 0x2B, 0x84, 0x1A, 0xA5, 0x1A, 0x26, 0x22, 0xE3, 0x00, 0x23, 0x09, 0x44, 0x09, 0x23, 0x09,
    0x23, 0x09, 0x23, 0x09, 0x43, 0x09, 0x05, 0x1A, 0xE5, 0x19, 0xA8, 0x42, 0x90, 0x84, 0x44, 0x19,
    0x20, 0x00, 0x4A, 0x5B, 0x14, 0xB6, 0x29, 0x4B, 0x22, 0x11, 0xA2, 0x08, 0xC2, 0x08, 0xE2, 0x08,
    0xE2, 0x08, 0xE2, 0x08, 0xE3, 0x00, 0xA2, 0x00, 0x41, 0x00, 0x41, 0x00, 0x41, 0x00, 0x62, 0x00,
    0x62, 0x00, 0x82, 0x00, 0x82, 0x00, 0x82, 0x00, 0x24, 0x11, 0x03, 0x09, 0x61, 0x00, 0x61, 0x00,
    0x61, 0x00, 0x61, 0x00, 0x62, 0x00, 0x62, 0x00, 0x62, 0x00, 0x82, 0x00, 0x82, 0x00, 0x82, 0x00,
    0x61, 0x00, 0x61, 0x00, 0x61, 0x00, 0x61, 0x00, 0x61, 0x00, 0x62, 0x00, 0x62, 0x00, 0x62, 0x00,
    0x61, 0x00, 0x41, 0x00, 0x41, 0x00, 0x41, 0x00, 0x41, 0x00, 0x62, 0x00, 0x82, 0x00, 0x82, 0x00,
    0xE2, 0x08, 0xE2, 0x08, 0xE2, 0x08, 0x02, 0x09, 0x02, 0x09, 0x22, 0x09, 0x24, 0x1A, 0xE3, 0x11,
    0x82, 0x00, 0xA2, 0x08, 0xA2, 0x08, 0xA2, 0x08, 0x82, 0x00, 0x84, 0x19, 0x25, 0x1A, 0x83, 0x11,
    0x46, 0x22, 0x25, 0x1A, 0xA3, 0x09, 0xE4, 0x11, 0x25, 0x1A, 0xE4, 0x19, 0xA3, 0x11, 0x25, 0x1A,
    0xA3, 0x09, 0x25, 0x1A, 0xE4, 0x19, 0x42, 0x09, 0x22, 0x09, 0x83, 0x11, 0x83, 0x11, 0xA3, 0x11,
    0x64, 0x1A, 0x65, 0x22, 0x63, 0x11, 0xC2, 0x00, 0xE2, 0x08, 0x43, 0x11, 0x63, 0x11, 0x63, 0x09,
    0xA4, 0x11, 0xA4, 0x11, 0xE2, 0x08, 0x23, 0x09, 0x23, 0x09, 0x43, 0x11, 0x63, 0x09, 0xA4, 0x11,
    0x63, 0x11, 0xA4, 0x11, 0xA4, 0x11, 0x83, 0x11, 0x83, 0x11, 0x83, 0x11, 0x02, 0x01, 0x02, 0x09,
    0x64, 0x11, 0xC2, 0x08, 0x82, 0x08, 0x61, 0x00, 0x41, 0x00, 0x61, 0x00, 0x41, 0x00, 0x82, 0x08,
    0x62, 0x00, 0x41, 0x00, 0x82, 0x00, 0xC3, 0x08, 0x03, 0x11, 0xE2, 0x08, 0xC2, 0x08, 0xA2, 0x00,
    0xC2, 0x00, 0x02, 0x09, 0x23, 0x09, 0x43, 0x11, 0x43, 0x11, 0x23, 0x11, 0x02, 0x09, 0xE1, 0x00,
    0x23, 0x11, 0xA5, 0x11, 0x42, 0x01, 0xC4, 0x11, 0x07, 0x2B, 0x48, 0x54, 0x22, 0x33, 0x62, 0x1A,
    0x42, 0x1A, 0x01, 0x12, 0x2E, 0x8D, 0xED, 0x73, 0x02, 0x09, 0x83, 0x11, 0x67, 0x43, 0xE8, 0x4B,
    0x0C, 0x6D, 0x87, 0x3B, 0x42, 0x1A, 0x45, 0x33, 0x08, 0x44, 0x85, 0x22, 0xC1, 0x00, 0x81, 0x00,
    0xA2, 0x08, 0xA2, 0x08, 0xA2, 0x00, 0xC2, 0x08, 0x03, 0x22, 0xC7, 0x4B, 0xA7, 0x4B, 0xE1, 0x08,
    0x42, 0x00, 0x62, 0x00, 0x41, 0x00, 0x61, 0x00, 0x81, 0x00, 0xA1, 0x08, 0x23, 0x11, 0x67, 0x2A,
    0x4A, 0x43, 0xEC, 0x4B, 0xE9, 0x32, 0x82, 0x00, 0xA2, 0x00, 0x82, 0x00, 0xA2, 0x00, 0xA2, 0x08,
    0xA2, 0x08, 0x82, 0x00, 0xA1, 0x00, 0x85, 0x2A, 0x86, 0x33, 0xA3, 0x22, 0x63, 0x22, 0x02, 0x12,
    0x64, 0x1A, 0x2B, 0x44, 0x89, 0x3B, 0xE3, 0x11, 0x03, 0x1A, 0x46, 0x3B, 0x02, 0x09, 0x61, 0x00,
    0x43, 0x11, 0x23, 0x11, 0x03, 0x09, 0x03, 0x09, 0xA2, 0x08, 0x62, 0x00, 0xE3, 0x08, 0x64, 0x19,
    0x87, 0x2A, 0x08, 0x33, 0x29, 0x2B, 0x87, 0x2A, 0x81, 0x00, 0x62, 0x00, 0x82, 0x00, 0x03, 0x09,
    0x42, 0x09, 0x04, 0x1A, 0xA5, 0x22, 0xC5, 0x22, 0x25, 0x2B, 0xC4, 0x22, 0xA4, 0x1A, 0x46, 0x2B,
    0x88, 0x33, 0x6C, 0x54, 0x6C, 0x54, 0x04, 0x1A, 0x42, 0x09, 0x23, 0x1A, 0xA2, 0x11, 0x82, 0x11,
    0x22, 0x1A, 0x87, 0x3B, 0x66, 0x33, 0x65, 0x22, 0x43, 0x09, 0x23, 0x09, 0x03, 0x09, 0x64, 0x11,
    0xC5, 0x11, 0xA5, 0x11, 0x64, 0x11, 0x43, 0x09, 0x84, 0x11, 0x22, 0x09, 0xE9, 0x4A, 0xEC, 0x5B,
    0x22, 0x09, 0x40, 0x00, 0x26, 0x3A, 0xAF, 0x7C, 0x4D, 0x6C, 0x63, 0x11, 0xC2, 0x08, 0x03, 0x09,
    0x02, 0x09, 0x02, 0x09, 0x03, 0x09, 0x03, 0x09, 0xC2, 0x08, 0x41, 0x00, 0x61, 0x00, 0x61, 0x00,
    0x41, 0x00, 0x41, 0x00, 0x61, 0x00, 0x82, 0x00, 0xC2, 0x08, 0xA1, 0x00, 0x43, 0x11, 0xE2, 0x08,
    0x61, 0x00, 0x82, 0x00, 0x82, 0x00, 0x61, 0x00, 0x82, 0x00, 0xA2, 0x00, 0x82, 0x00, 0x61, 0x00,
    0x61, 0x00, 0x61, 0x00, 0x82, 0x00, 0x82, 0x00, 0x82, 0x08, 0x82, 0x08, 0x62, 0x00, 0x62, 0x00,
    0x62, 0x00, 0x41, 0x00, 0x41, 0x00, 0x61, 0x00, 0x41, 0x00, 0x62, 0x00, 0x82, 0x08, 0x82, 0x00,
    0x02, 0x09, 0x02, 0x09, 0x02, 0x09, 0x02, 0x09, 0x23, 0x09, 0x22, 0x09, 0x04, 0x1A, 0x24, 0x1A,
    0xA2, 0x00, 0xA2, 0x08, 0xA2, 0x00, 0xA2, 0x00, 0xC2, 0x08, 0x64, 0x11, 0xC3, 0x09, 0xA7, 0x2A,
    0x45, 0x1A, 0xE4, 0x11, 0x66, 0x22, 0x04, 0x1A, 0x03, 0x12, 0xC6, 0x22, 0x65, 0x1A, 0x24, 0x1A,
    0xA6, 0x22, 0xE4, 0x09, 0x25, 0x1A, 0x83, 0x11, 0x42, 0x09, 0x62, 0x09, 0xE4, 0x19, 0xA3, 0x11,
    0xA4, 0x1A, 0xC6, 0x2A, 0x03, 0x09, 0xC2, 0x08, 0x22, 0x09, 0xA4, 0x11, 0x83, 0x11, 0xC4, 0x19,
    0xA4, 0x11, 0x63, 0x11, 0x23, 0x09, 0x43, 0x11, 0x43, 0x09, 0x63, 0x11, 0xA4, 0x11, 0x05, 0x1A,
    0xC4, 0x19, 0x63, 0x09, 0xA4, 0x11, 0xE4, 0x19, 0xC4, 0x11, 0xE4, 0x19, 0xA4, 0x19, 0x23, 0x09,
    0x81, 0x00, 0xA2, 0x00, 0x61, 0x00, 0x41, 0x00, 0x61, 0x00, 0x41, 0x00, 0x41, 0x00, 0x61, 0x00,
    0x82, 0x00, 0x41, 0x00, 0x21, 0x00, 0x41, 0x00, 0xA2, 0x08, 0xE3, 0x08, 0x03, 0x09, 0xE3, 0x08,
    0xE2, 0x08, 0xC2, 0x00, 0xC2, 0x00, 0xE2, 0x08, 0xE2, 0x08, 0xE3, 0x08, 0x23, 0x09, 0x23, 0x09,
    0xA2, 0x08, 0xC2, 0x08, 0xE2, 0x08, 0xC2, 0x00, 0x46, 0x3B, 0xE5, 0x4B, 0x81, 0x1A, 0x42, 0x1A,
    0x22, 0x1A, 0xC4, 0x32, 0xEE, 0x8C, 0xE9, 0x52, 0x02, 0x01, 0x63, 0x09, 0xA6, 0x32, 0x29, 0x54,
    0xCB, 0x6C, 0xA7, 0x43, 0xC4, 0x22, 0x26, 0x33, 0xA2, 0x09, 0xE3, 0x11, 0x83, 0x11, 0xE2, 0x08,
    0xE3, 0x08, 0xE2, 0x08, 0xE2, 0x08, 0xE3, 0x08, 0x82, 0x00, 0x02, 0x09, 0x44, 0x2A, 0x83, 0x19,
    0xA2, 0x00, 0x82, 0x00, 0x62, 0x00, 0x62, 0x00, 0x62, 0x00, 0x41, 0x00, 0x21, 0x00, 0x61, 0x00,
    0xC2, 0x00, 0xC5, 0x19, 0x27, 0x22, 0xA2, 0x00, 0xA2, 0x00, 0x82, 0x00, 0xA2, 0x00, 0xA2, 0x08,
    0xA2, 0x08, 0x82, 0x00, 0x82, 0x08, 0x02, 0x09, 0x06, 0x33, 0x65, 0x33, 0xA2, 0x1A, 0x22, 0x12,
    0xA4, 0x22, 0x6B, 0x54, 0x2A, 0x4C, 0x85, 0x22, 0xE3, 0x11, 0xE3, 0x19, 0x02, 0x09, 0xE2, 0x08,
    0x64, 0x11, 0x02, 0x09, 0x03, 0x09, 0x23, 0x11, 0x43, 0x11, 0x02, 0x09, 0x82, 0x00, 0x62, 0x00,
    0x41, 0x00, 0x03, 0x09, 0x87, 0x2A, 0xA8, 0x2A, 0x61, 0x00, 0x62, 0x00, 0x61, 0x00, 0x43, 0x09,
    0x43, 0x11, 0x62, 0x11, 0x86, 0x22, 0x06, 0x2B, 0x26, 0x2B, 0x06, 0x2B, 0xE5, 0x22, 0x88, 0x33,
    0xE9, 0x43, 0x8D, 0x5C, 0xA9, 0x43, 0x25, 0x2A, 0x01, 0x09, 0x64, 0x1A, 0x23, 0x1A, 0xA2, 0x11,
    0xA2, 0x11, 0x42, 0x1A, 0x08, 0x4C, 0xC9, 0x4B, 0x05, 0x1A, 0x64, 0x09, 0x64, 0x11, 0x85, 0x11,
    0x44, 0x11, 0x23, 0x09, 0x84, 0x09, 0xC5, 0x11, 0x06, 0x1A, 0xA4, 0x11, 0x42, 0x11, 0xA9, 0x4B,
    0xA9, 0x4B, 0x02, 0x09, 0x61, 0x00, 0x64, 0x19, 0x8B, 0x5B, 0x26, 0x2A, 0xA1, 0x00, 0xE2, 0x08,
    0x02, 0x09, 0x43, 0x11, 0x23, 0x09, 0x23, 0x11, 0x02, 0x09, 0xC1, 0x00, 0xC2, 0x08, 0xA2, 0x08,
    0x61, 0x00, 0x82, 0x00, 0x82, 0x00, 0x82, 0x00, 0x61, 0x00, 0xC2, 0x08, 0xA4, 0x19, 0x63, 0x11,
    0x82, 0x00, 0xA2, 0x08, 0x82, 0x00, 0x82, 0x00, 0xA2, 0x08, 0x82, 0x00, 0x82, 0x00, 0xA2, 0x00,
    0xE3, 0x08, 0xC2, 0x08, 0xA1, 0x00, 0xA1, 0x00, 0x81, 0x00, 0x62, 0x00, 0x62, 0x00, 0x62, 0x00,
    0x62, 0x00, 0x41, 0x00, 0xA2, 0x08, 0xC2, 0x00, 0x61, 0x00, 0x41, 0x00, 0x41, 0x00, 0x61, 0x00,
    0x02, 0x09, 0x02, 0x09, 0x22, 0x09, 0x23, 0x11, 0x63, 0x11, 0x63, 0x11, 0x83, 0x11, 0x45, 0x1A,
    0xE2, 0x08, 0xA2, 0x08, 0xC2, 0x08, 0xC2, 0x08, 0xC2, 0x08, 0x83, 0x11, 0x07, 0x2B, 0x25, 0x12,
    0x24, 0x1A, 0xA6, 0x22, 0x24, 0x12, 0x04, 0x1A, 0x04, 0x1A, 0x24, 0x12, 0xE7, 0x2A, 0x24, 0x12,
    0xA6, 0x22, 0xE7, 0x2A, 0xE4, 0x11, 0x83, 0x11, 0x22, 0x09, 0xC3, 0x11, 0xE3, 0x11, 0x45, 0x1A,
    0x04, 0x1A, 0xC4, 0x11, 0x43, 0x11, 0xE2, 0x08, 0x43, 0x11, 0xA4, 0x11, 0x04, 0x1A, 0xE4, 0x19,
    0x42, 0x09, 0x84, 0x11, 0x43, 0x11, 0x43, 0x11, 0x63, 0x11, 0x83, 0x11, 0xA4, 0x11, 0x63, 0x09,
    0x63, 0x11, 0x63, 0x11, 0x63, 0x11, 0xA3, 0x11, 0xE4, 0x19, 0x24, 0x1A, 0x45, 0x1A, 0x45, 0x22,
    0x83, 0x11, 0x61, 0x00, 0x41, 0x00, 0x61, 0x00, 0x41, 0x00, 0x41, 0x00, 0x41, 0x00, 0x41, 0x00,
    0x82, 0x00, 0x61, 0x00, 0x41, 0x00, 0x41, 0x00, 0x41, 0x00, 0x41, 0x00, 0x82, 0x00, 0xE3, 0x08,
    0x23, 0x11, 0x23, 0x09, 0x03, 0x09, 0xE2, 0x08, 0xC2, 0x08, 0xA2, 0x00, 0x02, 0x09, 0x63, 0x11,
    0x02, 0x09, 0x23, 0x11, 0xA2, 0x00, 0x82, 0x00, 0x48, 0x64, 0x63, 0x3B, 0x42, 0x1A, 0x02, 0x1A,
    0x22, 0x1A, 0x67, 0x4B, 0x12, 0xAE, 0xCA, 0x52, 0x80, 0x00, 0xA4, 0x19, 0xC3, 0x11, 0x49, 0x54,
    0x89, 0x64, 0x29, 0x5C, 0x63, 0x1A, 0xC3, 0x19, 0x63, 0x11, 0x03, 0x1A, 0x85, 0x22, 0x62, 0x09,
    0xC2, 0x00, 0xC2, 0x08, 0x02, 0x09, 0x23, 0x09, 0x03, 0x09, 0xE3, 0x08, 0xC1, 0x00, 0xE3, 0x08,
    0xE2, 0x08, 0xE2, 0x08, 0xC2, 0x08, 0x82, 0x00, 0x61, 0x00, 0x82, 0x00, 0x62, 0x08, 0x61, 0x00,
    0x82, 0x08, 0x82, 0x08, 0x82, 0x00, 0xA2, 0x08, 0xA2, 0x00, 0x82, 0x00, 0x82, 0x00, 0xA2, 0x08,
    0xA2, 0x08, 0x82, 0x00, 0xA2, 0x08, 0x82, 0x00, 0x83, 0x19, 0x86, 0x33, 0x65, 0x2B, 0x82, 0x1A,
    0x22, 0x12, 0xC9, 0x43, 0x2B, 0x4C, 0x47, 0x33, 0x64, 0x22, 0x22, 0x09, 0xC3, 0x08, 0x43, 0x11,
    0x64, 0x11, 0xE2, 0x08, 0x02, 0x09, 0x03, 0x09, 0x43, 0x09, 0x43, 0x09, 0xA2, 0x00, 0xA2, 0x00,
    0x82, 0x00, 0x61, 0x00, 0x81, 0x00, 0xC2, 0x08, 0x61, 0x00, 0xA2, 0x08, 0x81, 0x08, 0x02, 0x09,
    0xA4, 0x11, 0x42, 0x09, 0x83, 0x11, 0x07, 0x2B, 0x87, 0x33, 0xC5, 0x22, 0xE5, 0x22, 0x67, 0x33,
    0x4B, 0x4C, 0xCA, 0x4B, 0xE2, 0x19, 0x2C, 0x74, 0xAD, 0x6B, 0x44, 0x1A, 0x63, 0x1A, 0x02, 0x12,
    0xC2, 0x11, 0xE3, 0x11, 0xC3, 0x2A, 0xE8, 0x43, 0x07, 0x2B, 0x86, 0x1A, 0x05, 0x1A, 0x64, 0x11,
    0x84, 0x11, 0xE6, 0x19, 0x06, 0x1A, 0xC6, 0x11, 0xA5, 0x11, 0x84, 0x09, 0x83, 0x11, 0xA3, 0x11,
    0x2B, 0x5C, 0xC9, 0x4B, 0x24, 0x1A, 0xC3, 0x11, 0x03, 0x1A, 0x07, 0x33, 0x65, 0x22, 0x83, 0x11,
    0x42, 0x09, 0x22, 0x09, 0x02, 0x09, 0x43, 0x11, 0x22, 0x09, 0x63, 0x11, 0xE2, 0x08, 0xA2, 0x00,
    0x82, 0x00, 0xA2, 0x00, 0xA2, 0x00, 0xA2, 0x08, 0xA2, 0x08, 0x82, 0x00, 0x82, 0x00, 0xA2, 0x00,
    0xE3, 0x08, 0xA2, 0x08, 0x62, 0x00, 0x82, 0x00, 0x82, 0x00, 0x82, 0x00, 0x82, 0x00, 0xE3, 0x08,
    0x23, 0x11, 0x24, 0x11, 0x03, 0x09, 0x43, 0x11, 0xE3, 0x08, 0x82, 0x00, 0x62, 0x00, 0x82, 0x00,
    0x62, 0x00, 0x61, 0x00, 0x44, 0x11, 0x85, 0x11, 0x85, 0x19, 0x65, 0x11, 0xC6, 0x21, 0x24, 0x11,
    0x02, 0x09, 0x02, 0x09, 0x22, 0x11, 0x23, 0x11, 0x42, 0x09, 0x83, 0x11, 0x63, 0x11, 0x83, 0x11,
    0x63, 0x11, 0xA2, 0x00, 0xC2, 0x08, 0xC2, 0x00, 0xC2, 0x08, 0x46, 0x22, 0x65, 0x1A, 0x86, 0x1A,
    0xA6, 0x22, 0x44, 0x1A, 0xC6, 0x22, 0x44, 0x1A, 0xC6, 0x22, 0xA6, 0x22, 0x85, 0x1A, 0x28, 0x33,
    0x24, 0x12, 0x27, 0x2B, 0x45, 0x1A, 0x43, 0x09, 0x63, 0x11, 0xC3, 0x19, 0x24, 0x1A, 0x65, 0x1A,
    0x87, 0x22, 0x63, 0x09, 0x84, 0x11, 0x02, 0x09, 0xE2, 0x08, 0x83, 0x09, 0xC7, 0x2A, 0x43, 0x09,
    0x64, 0x11, 0x84, 0x11, 0xC4, 0x19, 0x63, 0x11, 0x83, 0x11, 0x83, 0x11, 0xA4, 0x11, 0xC4, 0x11,
    0x05, 0x1A, 0x46, 0x1A, 0xC4, 0x19, 0x83, 0x11, 0xE4, 0x11, 0x04, 0x1A, 0x04, 0x1A, 0x45, 0x1A,
    0x66, 0x22, 0x83, 0x11, 0x41, 0x00, 0x41, 0x00, 0x41, 0x00, 0x41, 0x00, 0x42, 0x00, 0x41, 0x00,
    0x61, 0x00, 0x82, 0x00, 0x41, 0x00, 0x41, 0x00, 0x61, 0x00, 0x41, 0x00, 0x41, 0x00, 0x62, 0x00,
    0xA2, 0x00, 0xC3, 0x08, 0xE3, 0x08, 0xE2, 0x08, 0xE2, 0x08, 0x43, 0x09, 0xA3, 0x19, 0x42, 0x11,
    0x43, 0x11, 0x03, 0x09, 0x21, 0x00, 0x63, 0x19, 0x47, 0x5C, 0xE2, 0x2A, 0x21, 0x1A, 0x21, 0x1A,
    0x01, 0x1A, 0xEA, 0x6B, 0xB6, 0xCE, 0x70, 0x8C, 0x40, 0x00, 0x84, 0x19, 0xA3, 0x11, 0x27, 0x3B,
    0x68, 0x5C, 0xEB, 0x74, 0x84, 0x2A, 0x42, 0x09, 0xA3, 0x19, 0xE3, 0x11, 0xA4, 0x22, 0x05, 0x2B,
    0x22, 0x01, 0xE2, 0x08, 0x22, 0x11, 0x22, 0x09, 0x23, 0x09, 0x23, 0x09, 0x03, 0x09, 0x02, 0x09,
    0x02, 0x09, 0x23, 0x09, 0x43, 0x11, 0x02, 0x09, 0x81, 0x00, 0x61, 0x00, 0x62, 0x08, 0x61, 0x00,
    0x61, 0x00, 0x82, 0x08, 0xA2, 0x08, 0x82, 0x00, 0x82, 0x00, 0x82, 0x00, 0x82, 0x00, 0x82, 0x08,
    0x62, 0x00, 0x61, 0x00, 0x82, 0x00, 0x82, 0x00, 0x81, 0x00, 0xA5, 0x2A, 0xE7, 0x43, 0x03, 0x2B,
    0xA3, 0x1A, 0xEA, 0x43, 0x2B, 0x4C, 0x2A, 0x4C, 0x26, 0x2B, 0x42, 0x09, 0xC2, 0x08, 0x23, 0x09,
    0x63, 0x09, 0xE2, 0x00, 0xC2, 0x00, 0xC2, 0x00, 0x02, 0x09, 0x64, 0x11, 0xA3, 0x08, 0xA2, 0x00,
    0x82, 0x00, 0x82, 0x00, 0x82, 0x00, 0x61, 0x00, 0x81, 0x00, 0xC2, 0x08, 0xA2, 0x00, 0xC2, 0x00,
    0xA4, 0x19, 0xA3, 0x11, 0x22, 0x09, 0x04, 0x12, 0x47, 0x2B, 0x05, 0x23, 0x67, 0x33, 0xC8, 0x3B,
    0xEA, 0x43, 0xA4, 0x19, 0x85, 0x32, 0xE6, 0x3A, 0xEF, 0x7B, 0x86, 0x32, 0xA4, 0x22, 0x83, 0x1A,
    0xE2, 0x11, 0xC3, 0x11, 0x22, 0x1A, 0x65, 0x3B, 0xE6, 0x2A, 0x28, 0x2B, 0x28, 0x2B, 0xA7, 0x22,
    0xE5, 0x11, 0x64, 0x09, 0x23, 0x09, 0x24, 0x09, 0x43, 0x09, 0x63, 0x09, 0xE5, 0x19, 0xC4, 0x19,
    0x24, 0x1A, 0x4B, 0x5C, 0xC9, 0x4B, 0xE2, 0x11, 0x44, 0x22, 0xC5, 0x2A, 0xE5, 0x2A, 0xE5, 0x2A,
    0x47, 0x3B, 0xC6, 0x32, 0xE4, 0x19, 0x42, 0x09, 0x22, 0x09, 0x84, 0x19, 0xE2, 0x08, 0x81, 0x00,
    0xA2, 0x00, 0xA1, 0x00, 0xA2, 0x00, 0xC2, 0x08, 0x23, 0x09, 0x65, 0x11, 0x82, 0x00, 0x61, 0x00,
    0xA2, 0x08, 0xE3, 0x08, 0x45, 0x19, 0xE3, 0x08, 0x82, 0x00, 0x61, 0x00, 0x61, 0x00, 0x61, 0x00,
    0x61, 0x00, 0x81, 0x00, 0xA2, 0x00, 0xC2, 0x08, 0xA4, 0x11, 0x64, 0x11, 0xE2, 0x08, 0xA2, 0x00,
    0x82, 0x00, 0x82, 0x00, 0x27, 0x2A, 0x44, 0x11, 0x44, 0x09, 0x24, 0x11, 0xCA, 0x42, 0x0A, 0x43,
    0x02, 0x09, 0x22, 0x09, 0x42, 0x11, 0x42, 0x11, 0x62, 0x11, 0x83, 0x11, 0x23, 0x09, 0xE1, 0x08,
    0x64, 0x19, 0xE3, 0x08, 0xC2, 0x00, 0xC2, 0x00, 0xC1, 0x00, 0x63, 0x09, 0xC7, 0x22, 0xE7, 0x22,
    0x44, 0x12, 0xC6, 0x22, 0x24, 0x1A, 0xE3, 0x11, 0x44, 0x12, 0x48, 0x33, 0xA5, 0x1A, 0x07, 0x23,
    0x68, 0x33, 0x24, 0x1A, 0xE4, 0x19, 0xA4, 0x11, 0x83, 0x11, 0xE3, 0x19, 0x65, 0x1A, 0x86, 0x22,
    0x22, 0x09, 0xC2, 0x00, 0x84, 0x11, 0x44, 0x11, 0x23, 0x09, 0xC5, 0x19, 0xC4, 0x11, 0x84, 0x11,
    0x83, 0x09, 0xE4, 0x11, 0x05, 0x1A, 0xA3, 0x11, 0xC4, 0x19, 0xE4, 0x19, 0x05, 0x1A, 0xC4, 0x11,
    0xC4, 0x11, 0x04, 0x12, 0x05, 0x1A, 0xA3, 0x11, 0xA3, 0x11, 0xC3, 0x11, 0x04, 0x1A, 0x04, 0x1A,
    0x04, 0x12, 0x25, 0x1A, 0x43, 0x11, 0x41, 0x00, 0x41, 0x00, 0x41, 0x00, 0x42, 0x00, 0x41, 0x00,
    0x41, 0x00, 0x82, 0x00, 0x82, 0x08, 0x61, 0x00, 0x41, 0x00, 0x41, 0x00, 0x62, 0x00, 0x61, 0x00,
    0x61, 0x00, 0x61, 0x00, 0x61, 0x00, 0x62, 0x00, 0x43, 0x11, 0xC4, 0x19, 0x62, 0x09, 0x22, 0x09,
    0x22, 0x11, 0x81, 0x00, 0x03, 0x11, 0x04, 0x22, 0xE5, 0x4B, 0xA2, 0x2A, 0x41, 0x1A, 0x62, 0x22,
    0x88, 0x53, 0x4C, 0x7C, 0xB2, 0xB5, 0x17, 0xBE, 0xE2, 0x10, 0xE1, 0x00, 0xE4, 0x19, 0x24, 0x1A,
    0x08, 0x4C, 0x0A, 0x7D, 0x46, 0x43, 0x82, 0x09, 0xA2, 0x11, 0x23, 0x1A, 0x83, 0x1A, 0x86, 0x33,
    0xA6, 0x2A, 0x02, 0x09, 0x02, 0x09, 0x02, 0x09, 0x64, 0x11, 0x64, 0x11, 0x43, 0x11, 0x43, 0x09,
    0x43, 0x11, 0x22, 0x11, 0x42, 0x09, 0x63, 0x09, 0x84, 0x11, 0x23, 0x09, 0x61, 0x00, 0x62, 0x00,
    0x62, 0x00, 0xA2, 0x08, 0xA2, 0x08, 0x82, 0x00, 0x82, 0x00, 0x82, 0x08, 0x42, 0x00, 0x21, 0x00,
    0x41, 0x00, 0x41, 0x00, 0x82, 0x00, 0xC3, 0x08, 0xC3, 0x08, 0x02, 0x09, 0x06, 0x33, 0x86, 0x3B,
    0x82, 0x1A, 0xA8, 0x3B, 0xA9, 0x3B, 0x6C, 0x54, 0x2B, 0x54, 0x42, 0x09, 0x81, 0x08, 0xE3, 0x08,
    0x64, 0x11, 0xE2, 0x08, 0xA1, 0x00, 0xA2, 0x08, 0x23, 0x09, 0x44, 0x11, 0xA2, 0x08, 0xA3, 0x08,
    0x82, 0x08, 0x82, 0x08, 0x82, 0x00, 0x62, 0x00, 0xC3, 0x08, 0xE3, 0x08, 0xC3, 0x08, 0xC2, 0x00,
    0x83, 0x11, 0x03, 0x12, 0xE4, 0x19, 0xC3, 0x11, 0x47, 0x33, 0xC8, 0x3B, 0xE8, 0x3B, 0xEA, 0x43,
    0x05, 0x1A, 0xA2, 0x08, 0x24, 0x2A, 0x87, 0x43, 0x24, 0x19, 0x27, 0x2A, 0x85, 0x22, 0xE4, 0x2A,
    0x22, 0x1A, 0xC2, 0x11, 0x22, 0x1A, 0x85, 0x3B, 0xA4, 0x22, 0x65, 0x1A, 0xAA, 0x3B, 0xAA, 0x33,
    0x29, 0x2B, 0x67, 0x22, 0xA4, 0x11, 0x84, 0x11, 0xE5, 0x19, 0xC5, 0x19, 0x43, 0x09, 0x63, 0x11,
    0x62, 0x09, 0x24, 0x1A, 0xAC, 0x64, 0x46, 0x3B, 0xA1, 0x09, 0xC2, 0x11, 0x02, 0x12, 0x43, 0x1A,
    0x84, 0x22, 0x06, 0x33, 0x87, 0x3B, 0x25, 0x33, 0xC3, 0x11, 0xC5, 0x19, 0x84, 0x11, 0xC2, 0x08,
    0x03, 0x09, 0x03, 0x09, 0x03, 0x09, 0x64, 0x11, 0x07, 0x1A, 0xA5, 0x11, 0x24, 0x11, 0x61, 0x00,
    0x82, 0x08, 0x61, 0x00, 0x82, 0x08, 0xC3, 0x08, 0xE3, 0x08, 0xE3, 0x08, 0xA2, 0x08, 0x81, 0x00,
    0xC2, 0x08, 0xC2, 0x08, 0xE3, 0x08, 0xC2, 0x08, 0x02, 0x09, 0x23, 0x09, 0x44, 0x11, 0x03, 0x09,
    0xA2, 0x00, 0xE2, 0x08, 0x23, 0x09, 0x85, 0x19, 0x65, 0x19, 0x21, 0x00, 0x61, 0x00, 0xE5, 0x19,
    0x22, 0x09, 0x63, 0x11, 0x42, 0x09, 0x62, 0x11, 0xA3, 0x11, 0x04, 0x1A, 0x03, 0x09, 0x82, 0x08,
    0xE2, 0x08, 0xE2, 0x08, 0xE2, 0x08, 0xE2, 0x08, 0xE2, 0x08, 0x84, 0x11, 0xE8, 0x2A, 0xA5, 0x1A,
    0xE6, 0x2A, 0x84, 0x1A, 0x44, 0x1A, 0xA5, 0x22, 0x27, 0x2B, 0xC6, 0x1A, 0xA9, 0x3B, 0x85, 0x1A,
    0x27, 0x2B, 0x45, 0x22, 0xC3, 0x11, 0xE4, 0x11, 0x62, 0x09, 0x44, 0x1A, 0x86, 0x22, 0x64, 0x11,
    0xA2, 0x00, 0xA2, 0x08, 0xC2, 0x08, 0x03, 0x09, 0xA4, 0x11, 0x84, 0x11, 0x43, 0x09, 0xC5, 0x19,
    0x84, 0x11, 0x05, 0x1A, 0xC4, 0x11, 0xC4, 0x11, 0x83, 0x11, 0xA3, 0x11, 0xE4, 0x11, 0xE4, 0x19,
    0x45, 0x22, 0x66, 0x22, 0x45, 0x1A, 0xC4, 0x11, 0xC4, 0x11, 0xC3, 0x11, 0xE4, 0x11, 0x04, 0x1A,
    0x04, 0x1A, 0x04, 0x12, 0xC4, 0x19, 0xA1, 0x00, 0x41, 0x00, 0x41, 0x00, 0x42, 0x00, 0x41, 0x00,
    0x62, 0x00, 0x82, 0x00, 0xA2, 0x08, 0x41, 0x00, 0x41, 0x00, 0x62, 0x00, 0x82, 0x00, 0x82, 0x00,
    0x82, 0x08, 0x62, 0x00, 0x21, 0x00, 0x02, 0x09, 0xE4, 0x21, 0x62, 0x11, 0x22, 0x09, 0x42, 0x09,
    0x42, 0x09, 0xA4, 0x19, 0xE4, 0x19, 0xA2, 0x11, 0x64, 0x43, 0xE2, 0x32, 0x44, 0x33, 0x46, 0x3B,
    0xC7, 0x3A, 0x48, 0x53, 0x92, 0xAD, 0x79, 0xCE, 0xE6, 0x31, 0x02, 0x09, 0xC4, 0x19, 0xE4, 0x11,
    0xC8, 0x43, 0x89, 0x6C, 0x08, 0x5C, 0xE2, 0x11, 0x03, 0x1A, 0x43, 0x1A, 0xC4, 0x22, 0x45, 0x2B,
    0xA7, 0x43, 0x42, 0x09, 0x02, 0x09, 0x84, 0x11, 0x43, 0x09, 0x42, 0x09, 0x83, 0x11, 0x63, 0x09,
    0x63, 0x11, 0x63, 0x11, 0x83, 0x11, 0x83, 0x11, 0xA4, 0x11, 0xC4, 0x19, 0xE2, 0x08, 0x61, 0x00,
    0xA2, 0x08, 0xA2, 0x08, 0x82, 0x00, 0x82, 0x00, 0x82, 0x08, 0x82, 0x00, 0x82, 0x00, 0xC2, 0x08,
    0x23, 0x09, 0x43, 0x11, 0x83, 0x11, 0xA4, 0x19, 0x83, 0x11, 0x84, 0x11, 0x63, 0x11, 0xC5, 0x2A,
    0x46, 0x33, 0xC9, 0x43, 0x87, 0x33, 0x88, 0x33, 0x25, 0x1A, 0xE2, 0x08, 0xC2, 0x08, 0xA2, 0x00,
    0x23, 0x09, 0xE2, 0x08, 0xE2, 0x08, 0xC2, 0x08, 0xE3, 0x08, 0xE2, 0x08, 0x02, 0x09, 0x43, 0x11,
    0xE2, 0x08, 0x81, 0x00, 0x61, 0x00, 0x41, 0x00, 0xE2, 0x08, 0x23, 0x09, 0xE3, 0x08, 0xA2, 0x08,
    0x42, 0x09, 0x25, 0x1A, 0xC4, 0x19, 0x23, 0x09, 0x45, 0x1A, 0x88, 0x33, 0xA5, 0x22, 0xE5, 0x11,
    0x03, 0x09, 0x81, 0x00, 0x42, 0x11, 0x49, 0x5C, 0x63, 0x19, 0x82, 0x08, 0xE4, 0x19, 0x87, 0x3B,
    0x83, 0x22, 0x43, 0x1A, 0xE1, 0x11, 0xE3, 0x2A, 0x43, 0x1A, 0x82, 0x09, 0x86, 0x22, 0xCB, 0x3B,
    0xEB, 0x3B, 0xCB, 0x3B, 0x66, 0x22, 0xA4, 0x11, 0xA4, 0x11, 0x63, 0x09, 0x64, 0x11, 0x42, 0x09,
    0x66, 0x32, 0x42, 0x11, 0x44, 0x22, 0x8A, 0x5C, 0xA6, 0x43, 0x42, 0x1A, 0x23, 0x1A, 0x23, 0x1A,
    0x23, 0x1A, 0x42, 0x1A, 0x62, 0x1A, 0x04, 0x2B, 0x67, 0x3B, 0x24, 0x1A, 0x64, 0x11, 0x64, 0x11,
    0xE6, 0x19, 0xC6, 0x11, 0x85, 0x11, 0x07, 0x1A, 0xC6, 0x11, 0x27, 0x22, 0x45, 0x11, 0xA2, 0x08,
    0x82, 0x00, 0x41, 0x00, 0x41, 0x00, 0x41, 0x00, 0x82, 0x00, 0xC3, 0x08, 0xE3, 0x10, 0xE2, 0x08,
    0x03, 0x09, 0x03, 0x09, 0x03, 0x09, 0x03, 0x09, 0x24, 0x11, 0x23, 0x09, 0x23, 0x09, 0x43, 0x09,
    0xC4, 0x11, 0x87, 0x22, 0xC8, 0x2A, 0x0A, 0x3B, 0x84, 0x19, 0xC2, 0x00, 0xA4, 0x19, 0xE5, 0x19,
    0x42, 0x09, 0x83, 0x11, 0x42, 0x11, 0x82, 0x11, 0xC2, 0x11, 0xA3, 0x11, 0xE2, 0x08, 0xC2, 0x08,
    0xC2, 0x08, 0xC2, 0x08, 0xE2, 0x08, 0xE2, 0x08, 0xE2, 0x08, 0xE1, 0x00, 0x05, 0x1A, 0xCA, 0x43,
    0x84, 0x1A, 0xE6, 0x22, 0x84, 0x22, 0xE5, 0x1A, 0x68, 0x2B, 0x48, 0x33, 0x85, 0x1A, 0x65, 0x22,
    0xC3, 0x11, 0x83, 0x09, 0x25, 0x1A, 0x24, 0x1A, 0xE3, 0x19, 0x85, 0x22, 0xE4, 0x11, 0xE2, 0x08,
    0xE3, 0x08, 0xA2, 0x08, 0x82, 0x08, 0xA2, 0x00, 0x84, 0x11, 0x23, 0x09, 0xE5, 0x19, 0x84, 0x09,
    0xC5, 0x19, 0xA4, 0x11, 0x86, 0x22, 0x25, 0x1A, 0x04, 0x1A, 0xE4, 0x19, 0xE4, 0x11, 0xE4, 0x11,
    0x25, 0x12, 0x45, 0x1A, 0xC7, 0x2A, 0x45, 0x1A, 0xE4, 0x19, 0xE4, 0x19, 0xE4, 0x11, 0xE4, 0x19,
    0x04, 0x1A, 0x24, 0x1A, 0xE4, 0x19, 0xA1, 0x00, 0x41, 0x00, 0x41, 0x00, 0x41, 0x00, 0x41, 0x00,
    0x41, 0x00, 0x41, 0x00, 0xA2, 0x08, 0x82, 0x00, 0x41, 0x00, 0x82, 0x00, 0x82, 0x00, 0xC3, 0x08,
    0x61, 0x00, 0x21, 0x00, 0xA2, 0x08, 0xC3, 0x19, 0x82, 0x11, 0x22, 0x09, 0x63, 0x09, 0xC4, 0x19,
    0x25, 0x22, 0xC4, 0x19, 0x83, 0x11, 0x22, 0x09, 0x86, 0x4B, 0x07, 0x5C, 0x43, 0x22, 0xC2, 0x11,
    0xE1, 0x00, 0xEA, 0x63, 0x6D, 0x84, 0xBA, 0xDE, 0xCA, 0x52, 0xA1, 0x00, 0x43, 0x11, 0x83, 0x11,
    0x26, 0x3B, 0x48, 0x6C, 0x48, 0x64, 0x22, 0x12, 0x63, 0x22, 0x42, 0x1A, 0xC4, 0x22, 0xA6, 0x33,
    0x86, 0x3B, 0xA3, 0x11, 0x43, 0x11, 0xC4, 0x19, 0x03, 0x1A, 0xE3, 0x11, 0x04, 0x22, 0xC4, 0x11,
    0xA4, 0x11, 0xC4, 0x11, 0xA4, 0x11, 0xC4, 0x11, 0xE4, 0x19, 0x05, 0x12, 0x05, 0x1A, 0x23, 0x09,
    0xA2, 0x08, 0xC3, 0x08, 0xA2, 0x00, 0x82, 0x08, 0xA2, 0x00, 0x22, 0x09, 0xC4, 0x11, 0xC4, 0x19,
    0xA4, 0x11, 0x83, 0x11, 0x63, 0x11, 0x23, 0x11, 0x43, 0x11, 0x63, 0x11, 0x03, 0x09, 0x04, 0x22,
    0xA8, 0x3B, 0x88, 0x33, 0xC8, 0x3B, 0x07, 0x2B, 0x42, 0x09, 0x23, 0x09, 0x23, 0x09, 0x22, 0x09,
    0x83, 0x11, 0x63, 0x11, 0x43, 0x11, 0x02, 0x09, 0xE2, 0x00, 0x84, 0x19, 0x46, 0x32, 0x04, 0x1A,
    0x04, 0x1A, 0xC4, 0x19, 0x83, 0x11, 0xE1, 0x08, 0xE2, 0x08, 0x43, 0x11, 0x23, 0x09, 0xE2, 0x08,
    0xE2, 0x08, 0x84, 0x11, 0xC2, 0x00, 0x81, 0x00, 0xC4, 0x19, 0xE7, 0x2A, 0x42, 0x09, 0x03, 0x09,
    0xE3, 0x08, 0xA2, 0x00, 0xC1, 0x00, 0xE9, 0x53, 0x66, 0x32, 0x21, 0x00, 0xC1, 0x00, 0xA5, 0x2A,
    0x25, 0x33, 0x45, 0x3B, 0xE4, 0x32, 0xE3, 0x2A, 0xA4, 0x22, 0xA3, 0x11, 0x83, 0x11, 0x65, 0x22,
    0x2C, 0x4C, 0x4D, 0x4C, 0x6A, 0x3B, 0xC4, 0x11, 0x43, 0x09, 0x84, 0x11, 0xA4, 0x11, 0xE4, 0x11,
    0xCC, 0x63, 0x4B, 0x63, 0x46, 0x3A, 0x21, 0x09, 0xA6, 0x32, 0x64, 0x2A, 0x43, 0x22, 0x84, 0x2A,
    0x84, 0x22, 0x84, 0x22, 0x43, 0x22, 0x22, 0x1A, 0xC3, 0x22, 0xE5, 0x32, 0xC3, 0x19, 0x06, 0x1A,
    0xC9, 0x2A, 0x47, 0x1A, 0x07, 0x1A, 0xE7, 0x19, 0xA6, 0x11, 0x24, 0x11, 0xC2, 0x00, 0xC2, 0x00,
    0x23, 0x11, 0x23, 0x11, 0xA2, 0x00, 0xE2, 0x08, 0x03, 0x11, 0x81, 0x00, 0xA2, 0x00, 0x23, 0x11,
    0x23, 0x09, 0x23, 0x11, 0x23, 0x09, 0x44, 0x11, 0x65, 0x11, 0x64, 0x11, 0x43, 0x09, 0x25, 0x1A,
    0x08, 0x2B, 0x49, 0x2B, 0x08, 0x23, 0x86, 0x22, 0xC4, 0x11, 0xA3, 0x11, 0xC4, 0x11, 0xC4, 0x19,
    0x63, 0x11, 0xA3, 0x11, 0x83, 0x11, 0xA2, 0x11, 0x23, 0x1A, 0x84, 0x11, 0xC2, 0x00, 0xC2, 0x08,
    0xC2, 0x08, 0xE2, 0x08, 0x03, 0x09, 0x02, 0x09, 0x22, 0x09, 0x22, 0x09, 0xE2, 0x08, 0xE5, 0x19,
    0x67, 0x2B, 0x06, 0x23, 0x43, 0x1A, 0xA9, 0x33, 0x27, 0x2B, 0xE6, 0x22, 0xA3, 0x11, 0x22, 0x09,
    0xC2, 0x08, 0xE2, 0x08, 0x25, 0x1A, 0x45, 0x1A, 0x45, 0x22, 0x03, 0x12, 0x82, 0x09, 0x04, 0x1A,
    0xC4, 0x19, 0x43, 0x11, 0xC2, 0x08, 0xA2, 0x00, 0x03, 0x09, 0xA4, 0x11, 0xE5, 0x19, 0xA4, 0x11,
    0xC4, 0x11, 0xE5, 0x19, 0x25, 0x1A, 0xE4, 0x11, 0xC3, 0x11, 0xE4, 0x11, 0x25, 0x1A, 0xA7, 0x22,
    0xC7, 0x22, 0x45, 0x1A, 0x05, 0x12, 0x83, 0x09, 0xE4, 0x19, 0x25, 0x1A, 0x24, 0x12, 0x04, 0x1A,
    0x03, 0x1A, 0x24, 0x1A, 0x45, 0x22, 0xE2, 0x08, 0x41, 0x00, 0x41, 0x00, 0x41, 0x00, 0x41, 0x00,
    0x61, 0x00, 0x62, 0x00, 0xA2, 0x08, 0xC3, 0x08, 0xA2, 0x08, 0x61, 0x00, 0xA2, 0x08, 0xC2, 0x08,
    0xA1, 0x00, 0xA1, 0x00, 0x64, 0x11, 0x83, 0x11, 0x01, 0x09, 0xE4, 0x19, 0x86, 0x2A, 0x04, 0x1A,
    0xC3, 0x11, 0x62, 0x11, 0x62, 0x11, 0x22, 0x09, 0x65, 0x32, 0xE7, 0x42, 0xC5, 0x21, 0x02, 0x09,
    0x43, 0x11, 0x8B, 0x7C, 0x0B, 0x6C, 0xF7, 0xC5, 0xAA, 0x52, 0x81, 0x00, 0x03, 0x11, 0x02, 0x09,
    0x62, 0x11, 0xA8, 0x53, 0x27, 0x5C, 0xE4, 0x2A, 0xA3, 0x22, 0xC3, 0x2A, 0xC3, 0x22, 0xC6, 0x3B,
    0xC8, 0x43, 0xC3, 0x11, 0xA3, 0x11, 0x04, 0x1A, 0x83, 0x22, 0x62, 0x22, 0x03, 0x1A, 0xA4, 0x11,
    0xE4, 0x19, 0xC4, 0x11, 0xC4, 0x11, 0xE4, 0x11, 0x25, 0x1A, 0x66, 0x1A, 0x87, 0x22, 0xA4, 0x19,
    0xA2, 0x00, 0xE3, 0x08, 0xE2, 0x00, 0x02, 0x09, 0xA4, 0x11, 0x05, 0x1A, 0xE4, 0x11, 0xA4, 0x11,
    0x63, 0x11, 0x63, 0x11, 0xA4, 0x19, 0xA4, 0x19, 0x43, 0x11, 0x63, 0x11, 0xC2, 0x00, 0x82, 0x11,
    0x67, 0x3B, 0xE9, 0x3B, 0x26, 0x2B, 0xC3, 0x19, 0x22, 0x09, 0x03, 0x09, 0x63, 0x09, 0x04, 0x1A,
    0x04, 0x1A, 0x83, 0x11, 0x63, 0x11, 0x63, 0x11, 0x43, 0x09, 0x84, 0x19, 0xA3, 0x19, 0xA3, 0x11,
    0xC3, 0x11, 0x03, 0x1A, 0x65, 0x22, 0xA6, 0x22, 0x44, 0x1A, 0xA3, 0x11, 0x63, 0x11, 0x23, 0x11,
    0x03, 0x09, 0xC2, 0x08, 0xA2, 0x08, 0x82, 0x08, 0x22, 0x11, 0x63, 0x11, 0xC2, 0x00, 0xC2, 0x00,
    0xC2, 0x00, 0x03, 0x09, 0x81, 0x00, 0xC6, 0x3A, 0xE7, 0x3A, 0x61, 0x00, 0xA2, 0x08, 0xC1, 0x08,
    0xA3, 0x11, 0xA5, 0x32, 0x05, 0x33, 0xC7, 0x4B, 0xA7, 0x3B, 0x23, 0x1A, 0xC3, 0x19, 0xE2, 0x11,
    0xA5, 0x22, 0x2C, 0x44, 0x2C, 0x44, 0x25, 0x1A, 0xA4, 0x11, 0xA4, 0x11, 0xE5, 0x19, 0x05, 0x1A,
    0x26, 0x2A, 0x8C, 0x6B, 0x94, 0xAD, 0xAD, 0x6B, 0x60, 0x00, 0x63, 0x09, 0x83, 0x11, 0x03, 0x1A,
    0x64, 0x22, 0xC5, 0x2A, 0x04, 0x33, 0x25, 0x3B, 0x05, 0x33, 0x85, 0x3B, 0x49, 0x54, 0x46, 0x22,
    0xC6, 0x19, 0xC6, 0x11, 0x44, 0x09, 0x44, 0x11, 0xC2, 0x00, 0x61, 0x00, 0x82, 0x00, 0xA2, 0x00,
    0xE2, 0x08, 0xE5, 0x19, 0xC4, 0x19, 0x83, 0x11, 0x22, 0x09, 0xA1, 0x00, 0x03, 0x09, 0x24, 0x11,
    0x03, 0x09, 0x23, 0x11, 0x23, 0x11, 0x44, 0x11, 0x44, 0x09, 0x44, 0x09, 0xE4, 0x19, 0xE7, 0x2A,
    0x28, 0x2B, 0x08, 0x2B, 0xE8, 0x2A, 0xA7, 0x2A, 0xC3, 0x11, 0x83, 0x11, 0x83, 0x11, 0x05, 0x1A,
    0x83, 0x11, 0x04, 0x1A, 0x82, 0x09, 0xA2, 0x11, 0xE3, 0x19, 0x22, 0x09, 0xE2, 0x08, 0x02, 0x09,
    0xE2, 0x08, 0x02, 0x09, 0x02, 0x09, 0x22, 0x09, 0x43, 0x09, 0x63, 0x11, 0xE2, 0x08, 0xC2, 0x00,
    0xC7, 0x22, 0xC5, 0x22, 0x84, 0x22, 0x47, 0x33, 0xA5, 0x22, 0x64, 0x1A, 0x45, 0x22, 0x44, 0x19,
    0xA2, 0x08, 0xA2, 0x00, 0xA3, 0x11, 0x86, 0x22, 0x04, 0x1A, 0x62, 0x09, 0x45, 0x22, 0x45, 0x1A,
    0x45, 0x1A, 0xE4, 0x19, 0x22, 0x09, 0xC2, 0x08, 0xE2, 0x08, 0xC4, 0x11, 0x83, 0x09, 0xC4, 0x19,
    0xA3, 0x11, 0xE4, 0x19, 0x25, 0x1A, 0x66, 0x22, 0xE4, 0x11, 0x45, 0x1A, 0x45, 0x1A, 0x25, 0x12,
    0x86, 0x1A, 0xC6, 0x22, 0x66, 0x22, 0xC1, 0x00, 0xC1, 0x00, 0xC4, 0x11, 0x45, 0x1A, 0x24, 0x1A,
    0x25, 0x22, 0x03, 0x1A, 0x24, 0x1A, 0x63, 0x11, 0x41, 0x00, 0x61, 0x00, 0x41, 0x00, 0x41, 0x00,
    0x41, 0x00, 0xA2, 0x08, 0xC3, 0x08, 0xA2, 0x00, 0xC3, 0x08, 0xA2, 0x08, 0xC2, 0x08, 0xE2, 0x08,
    0x83, 0x11, 0xC4, 0x19, 0x63, 0x09, 0xE1, 0x00, 0xC2, 0x08, 0x83, 0x19, 0xAB, 0x5B, 0x66, 0x2A,
    0x04, 0x1A, 0x04, 0x1A, 0xE4, 0x19, 0x04, 0x1A, 0x05, 0x22, 0xA8, 0x3A, 0x06, 0x2A, 0x23, 0x09,
    0x83, 0x19, 0xCC, 0x84, 0xC9, 0x5B, 0x6C, 0x63, 0x06, 0x32, 0x22, 0x09, 0xE2, 0x08, 0x02, 0x09,
    0xE3, 0x08, 0x42, 0x09, 0xC4, 0x32, 0x25, 0x3B, 0x65, 0x3B, 0x64, 0x3B, 0x03, 0x2B, 0x84, 0x3B,
    0x66, 0x3B, 0xE3, 0x11, 0xE4, 0x11, 0xC3, 0x11, 0x64, 0x22, 0x42, 0x1A, 0xA3, 0x2A, 0x24, 0x33,
    0x25, 0x1A, 0x05, 0x1A, 0x25, 0x1A, 0x45, 0x1A, 0x45, 0x1A, 0x45, 0x1A, 0x25, 0x1A, 0xE4, 0x19,
    0x22, 0x09, 0xC2, 0x00, 0x22, 0x09, 0xE3, 0x11, 0x04, 0x1A, 0xC4, 0x11, 0x83, 0x11, 0x62, 0x09,
    0x45, 0x1A, 0x45, 0x1A, 0x29, 0x43, 0x66, 0x32, 0xA3, 0x11, 0x83, 0x19, 0x61, 0x00, 0x85, 0x2A,
    0x09, 0x44, 0xC5, 0x22, 0xC2, 0x11, 0x42, 0x09, 0x02, 0x09, 0x22, 0x09, 0x04, 0x1A, 0x65, 0x22,
    0x04, 0x1A, 0x83, 0x11, 0x62, 0x09, 0x63, 0x11, 0x63, 0x11, 0xA4, 0x21, 0xC8, 0x4A, 0xC3, 0x19,
    0xA3, 0x11, 0x61, 0x11, 0xE3, 0x11, 0x64, 0x1A, 0xE5, 0x22, 0x67, 0x2B, 0xE6, 0x22, 0xC4, 0x11,
    0x43, 0x11, 0x03, 0x11, 0xE2, 0x08, 0xE2, 0x08, 0x64, 0x11, 0x23, 0x11, 0xE3, 0x08, 0xE2, 0x08,
    0xE2, 0x00, 0x03, 0x09, 0xC2, 0x00, 0x85, 0x2A, 0x28, 0x4B, 0x41, 0x00, 0x82, 0x00, 0x61, 0x08,
    0x81, 0x00, 0xE2, 0x08, 0x22, 0x09, 0xE3, 0x11, 0x63, 0x1A, 0xA4, 0x22, 0x44, 0x1A, 0x44, 0x22,
    0x23, 0x1A, 0xE6, 0x22, 0x2B, 0x44, 0xAA, 0x3B, 0xC4, 0x11, 0xA5, 0x11, 0xC4, 0x11, 0x43, 0x09,
    0x2A, 0x4B, 0x88, 0x42, 0xCF, 0x73, 0x6F, 0x8C, 0x2B, 0x5B, 0xE3, 0x08, 0x03, 0x09, 0x02, 0x01,
    0xE3, 0x19, 0x03, 0x1A, 0x43, 0x1A, 0x43, 0x22, 0x03, 0x1A, 0xE3, 0x19, 0x25, 0x22, 0x05, 0x1A,
    0xA4, 0x09, 0x64, 0x09, 0xE3, 0x08, 0xC3, 0x08, 0x24, 0x11, 0x03, 0x09, 0x03, 0x09, 0xC2, 0x08,
    0xC2, 0x08, 0xE2, 0x00, 0xE4, 0x19, 0x83, 0x09, 0x03, 0x09, 0xC2, 0x00, 0x03, 0x09, 0x23, 0x09,
    0x03, 0x09, 0x03, 0x09, 0x03, 0x09, 0x23, 0x09, 0x03, 0x09, 0x84, 0x11, 0xC7, 0x2A, 0x69, 0x33,
    0x69, 0x33, 0x28, 0x2B, 0xC7, 0x22, 0x66, 0x22, 0xC3, 0x11, 0xC3, 0x11, 0xE4, 0x19, 0x25, 0x1A,
    0xA3, 0x11, 0x24, 0x1A, 0x03, 0x1A, 0xC3, 0x11, 0xA3, 0x19, 0xC2, 0x00, 0x23, 0x09, 0x43, 0x11,
    0x02, 0x09, 0x02, 0x09, 0x02, 0x09, 0x22, 0x09, 0x42, 0x09, 0x63, 0x11, 0x03, 0x11, 0x82, 0x00,
    0x84, 0x11, 0x47, 0x33, 0x23, 0x1A, 0xA4, 0x22, 0x22, 0x1A, 0x43, 0x1A, 0x24, 0x1A, 0x23, 0x09,
    0xC2, 0x00, 0x43, 0x11, 0x83, 0x11, 0x65, 0x22, 0x04, 0x12, 0xC3, 0x11, 0x65, 0x1A, 0x86, 0x22,
    0xE7, 0x22, 0x07, 0x23, 0x04, 0x12, 0xE1, 0x00, 0xC2, 0x08, 0x22, 0x09, 0x83, 0x11, 0x83, 0x11,
    0xC4, 0x11, 0xE4, 0x11, 0xA7, 0x22, 0xE4, 0x11, 0x04, 0x12, 0x04, 0x12, 0x65, 0x1A, 0xA6, 0x22,
    0x86, 0x1A, 0x04, 0x12, 0x05, 0x1A, 0xC2, 0x08, 0x41, 0x00, 0x81, 0x00, 0x23, 0x09, 0xC4, 0x19,
    0xE4, 0x19, 0x24, 0x1A, 0x85, 0x22, 0x83, 0x11, 0x41, 0x00, 0x61, 0x00, 0x41, 0x00, 0x41, 0x00,
    0x62, 0x00, 0x61, 0x00, 0xC3, 0x08, 0xC2, 0x00, 0xA2, 0x00, 0xC3, 0x08, 0xE3, 0x08, 0x02, 0x09,
    0x63, 0x11, 0x43, 0x09, 0x43, 0x11, 0xCA, 0x4A, 0xE6, 0x31, 0x8C, 0x63, 0xCD, 0x6B, 0x47, 0x32,
    0xC5, 0x19, 0xA4, 0x11, 0x46, 0x2A, 0xE4, 0x19, 0xA4, 0x19, 0x63, 0x11, 0x63, 0x11, 0x84, 0x11,
    0x83, 0x11, 0x4A, 0x74, 0x64, 0x32, 0x43, 0x11, 0xC4, 0x19, 0x03, 0x09, 0xC2, 0x00, 0xE3, 0x08,
    0x02, 0x09, 0x43, 0x09, 0x62, 0x09, 0xE3, 0x19, 0xA5, 0x2A, 0x05, 0x33, 0xA5, 0x43, 0xE5, 0x43,
    0x65, 0x3B, 0x04, 0x12, 0xE3, 0x11, 0xC4, 0x11, 0x03, 0x1A, 0xC3, 0x22, 0xE2, 0x11, 0x23, 0x33,
    0x63, 0x22, 0x04, 0x12, 0x45, 0x1A, 0x45, 0x1A, 0x65, 0x1A, 0xA6, 0x22, 0xC7, 0x22, 0x28, 0x2B,
    0xE5, 0x19, 0xC2, 0x08, 0xC4, 0x19, 0x44, 0x1A, 0x04, 0x1A, 0xC4, 0x11, 0x83, 0x11, 0xA6, 0x3A,
    0x69, 0x43, 0xE4, 0x11, 0x63, 0x11, 0x42, 0x09, 0x24, 0x1A, 0xA4, 0x19, 0x61, 0x00, 0xC6, 0x2A,
    0x87, 0x33, 0x03, 0x12, 0x83, 0x11, 0x42, 0x11, 0x23, 0x09, 0xE4, 0x11, 0xE6, 0x22, 0x85, 0x1A,
    0x25, 0x1A, 0xA3, 0x11, 0x83, 0x11, 0xA4, 0x19, 0x83, 0x11, 0x45, 0x32, 0x28, 0x4B, 0xE3, 0x19,
    0xE3, 0x19, 0x08, 0x4B, 0xE3, 0x19, 0xE3, 0x11, 0x03, 0x1A, 0xA4, 0x22, 0xA6, 0x33, 0xE7, 0x43,
    0x04, 0x1A, 0x43, 0x09, 0x43, 0x09, 0xE2, 0x00, 0xC4, 0x11, 0x43, 0x09, 0x43, 0x11, 0x22, 0x09,
    0x02, 0x09, 0x43, 0x09, 0x03, 0x09, 0xC6, 0x3A, 0x25, 0x2A, 0x62, 0x00, 0x61, 0x00, 0x81, 0x00,
    0x82, 0x00, 0x82, 0x00, 0xC2, 0x00, 0xC4, 0x19, 0x04, 0x1A, 0x24, 0x1A, 0x64, 0x22, 0xC5, 0x2A,
    0xC5, 0x22, 0xA4, 0x1A, 0x27, 0x2B, 0xEA, 0x3B, 0x45, 0x1A, 0xC5, 0x19, 0xE5, 0x19, 0x84, 0x11,
    0x09, 0x43, 0x67, 0x32, 0xAA, 0x4A, 0x2D, 0x74, 0xE9, 0x52, 0x08, 0x3A, 0x61, 0x00, 0x83, 0x11,
    0x85, 0x2A, 0x82, 0x11, 0xE3, 0x11, 0x44, 0x1A, 0xC4, 0x11, 0xE5, 0x19, 0x05, 0x1A, 0x25, 0x1A,
    0x05, 0x12, 0xA4, 0x11, 0x03, 0x11, 0xC2, 0x08, 0x23, 0x11, 0x84, 0x11, 0x23, 0x09, 0xA1, 0x08,
    0xC2, 0x08, 0xC2, 0x08, 0x03, 0x09, 0x85, 0x11, 0xC6, 0x19, 0x03, 0x09, 0xC2, 0x08, 0xE3, 0x08,
    0x03, 0x09, 0x03, 0x09, 0x23, 0x09, 0x03, 0x09, 0xE2, 0x08, 0xA4, 0x11, 0x28, 0x33, 0x69, 0x33,
    0xE7, 0x2A, 0x65, 0x1A, 0x66, 0x22, 0x45, 0x1A, 0xE3, 0x11, 0xE4, 0x19, 0xE3, 0x11, 0x25, 0x1A,
    0x04, 0x1A, 0x85, 0x1A, 0x64, 0x1A, 0xC3, 0x11, 0x83, 0x11, 0xE2, 0x00, 0x23, 0x11, 0x22, 0x09,
    0x02, 0x09, 0x02, 0x09, 0x23, 0x09, 0x43, 0x11, 0x63, 0x11, 0x84, 0x11, 0x42, 0x11, 0x82, 0x08,
    0xE2, 0x00, 0xC5, 0x2A, 0xC3, 0x22, 0x23, 0x1A, 0xC2, 0x11, 0xA3, 0x22, 0x82, 0x09, 0xE3, 0x00,
    0x63, 0x11, 0xC3, 0x11, 0x04, 0x1A, 0x24, 0x1A, 0x04, 0x12, 0x45, 0x1A, 0xC6, 0x22, 0xC6, 0x1A,
    0xA6, 0x22, 0xA6, 0x22, 0xC6, 0x22, 0x66, 0x22, 0x23, 0x09, 0x02, 0x09, 0x83, 0x11, 0xA3, 0x11,
    0xC3, 0x11, 0x45, 0x1A, 0x45, 0x1A, 0x65, 0x1A, 0x65, 0x1A, 0x65, 0x1A, 0x85, 0x1A, 0x86, 0x1A,
    0x86, 0x22, 0x66, 0x1A, 0x25, 0x1A, 0xC5, 0x21, 0xE3, 0x10, 0x82, 0x08, 0x81, 0x00, 0x82, 0x00,
    0xA2, 0x08, 0xC2, 0x00, 0xC4, 0x19, 0x45, 0x22, 0x81, 0x00, 0x41, 0x00, 0x61, 0x00, 0x61, 0x00,
    0xA2, 0x08, 0xC2, 0x08, 0xC2, 0x00, 0xC2, 0x08, 0xA2, 0x00, 0xA2, 0x00, 0x03, 0x09, 0xE3, 0x08,
    0xA4, 0x19, 0x43, 0x11, 0x03, 0x11, 0x48, 0x3A, 0x27, 0x32, 0xA9, 0x42, 0x44, 0x19, 0x43, 0x11,
    0xC4, 0x19, 0xC5, 0x21, 0x26, 0x2A, 0xA3, 0x11, 0x83, 0x11, 0x64, 0x11, 0x84, 0x11, 0x44, 0x09,
    0x23, 0x09, 0xC7, 0x42, 0x61, 0x11, 0xE3, 0x11, 0x83, 0x09, 0xC2, 0x00, 0xE3, 0x08, 0xE3, 0x08,
    0x43, 0x09, 0x83, 0x11, 0xA3, 0x11, 0xA3, 0x11, 0xA3, 0x11, 0xA3, 0x11, 0x43, 0x22, 0x27, 0x54,
    0x48, 0x64, 0x47, 0x43, 0xE4, 0x11, 0xC4, 0x11, 0xE3, 0x19, 0x85, 0x3B, 0x23, 0x1A, 0x22, 0x1A,
    0x83, 0x3B, 0xA7, 0x3B, 0xE7, 0x22, 0xC6, 0x22, 0xC7, 0x22, 0xA6, 0x22, 0x86, 0x1A, 0x86, 0x1A,
    0xE4, 0x11, 0x83, 0x11, 0x45, 0x22, 0x04, 0x1A, 0xA4, 0x11, 0x82, 0x09, 0x24, 0x2A, 0x2B, 0x7C,
    0x25, 0x2A, 0xE2, 0x00, 0xA2, 0x00, 0xE2, 0x08, 0x24, 0x1A, 0x83, 0x11, 0x81, 0x00, 0xA6, 0x22,
    0xE5, 0x22, 0xE3, 0x11, 0x83, 0x11, 0x63, 0x11, 0x63, 0x11, 0xE7, 0x2A, 0x48, 0x2B, 0xA6, 0x22,
    0x44, 0x1A, 0xA3, 0x11, 0xC3, 0x11, 0x03, 0x1A, 0x04, 0x1A, 0x06, 0x3B, 0x83, 0x2A, 0x03, 0x12,
    0x03, 0x1A, 0xEE, 0x8C, 0x88, 0x5B, 0xC2, 0x11, 0x02, 0x1A, 0x42, 0x1A, 0xC3, 0x22, 0x85, 0x33,
    0x69, 0x4C, 0x64, 0x1A, 0x84, 0x11, 0xE2, 0x08, 0x43, 0x09, 0xA4, 0x19, 0x43, 0x09, 0x23, 0x09,
    0x02, 0x09, 0x22, 0x09, 0xA4, 0x11, 0x46, 0x2A, 0xE2, 0x08, 0xA2, 0x08, 0x61, 0x00, 0x61, 0x00,
    0x61, 0x00, 0x82, 0x00, 0xA2, 0x00, 0x23, 0x09, 0x24, 0x22, 0x24, 0x22, 0x62, 0x09, 0xA3, 0x11,
    0x64, 0x22, 0x26, 0x2B, 0xC9, 0x3B, 0xC9, 0x33, 0xC6, 0x22, 0xA4, 0x11, 0xC4, 0x19, 0xC5, 0x19,
    0xE8, 0x3A, 0xE9, 0x4A, 0x45, 0x19, 0xC4, 0x29, 0xCB, 0x63, 0xC3, 0x10, 0xC2, 0x08, 0x04, 0x12,
    0x85, 0x22, 0x82, 0x09, 0x03, 0x12, 0xA4, 0x22, 0xC3, 0x11, 0xE4, 0x11, 0x04, 0x1A, 0x05, 0x1A,
    0x05, 0x1A, 0xC5, 0x11, 0x43, 0x09, 0x03, 0x09, 0x43, 0x11, 0x23, 0x09, 0x02, 0x09, 0xC2, 0x08,
    0x81, 0x00, 0xE3, 0x08, 0x65, 0x11, 0x85, 0x11, 0xA6, 0x19, 0x44, 0x09, 0xC3, 0x00, 0xC2, 0x00,
    0x23, 0x09, 0x23, 0x09, 0x23, 0x09, 0x03, 0x09, 0xE2, 0x08, 0xA4, 0x19, 0x07, 0x2B, 0xC7, 0x2A,
    0x86, 0x22, 0xC7, 0x22, 0xE7, 0x22, 0x04, 0x12, 0x04, 0x1A, 0xE3, 0x19, 0x24, 0x1A, 0x65, 0x1A,
    0x84, 0x1A, 0xA5, 0x1A, 0xC6, 0x22, 0x44, 0x1A, 0xC3, 0x11, 0x02, 0x09, 0x23, 0x09, 0x43, 0x09,
    0x63, 0x11, 0x02, 0x09, 0x22, 0x09, 0x43, 0x11, 0x63, 0x11, 0x83, 0x11, 0x63, 0x11, 0xE1, 0x00,
    0x43, 0x22, 0xE4, 0x2A, 0x23, 0x12, 0xE2, 0x11, 0x23, 0x1A, 0xC4, 0x22, 0x42, 0x09, 0xE2, 0x08,
    0x86, 0x2A, 0x85, 0x22, 0xA6, 0x22, 0x65, 0x22, 0x24, 0x1A, 0x44, 0x1A, 0x85, 0x1A, 0xA6, 0x22,
    0xE7, 0x2A, 0xE7, 0x2A, 0xC6, 0x1A, 0xC6, 0x1A, 0x05, 0x1A, 0xE2, 0x08, 0x22, 0x09, 0x83, 0x11,
    0xE4, 0x11, 0x66, 0x22, 0x65, 0x1A, 0x86, 0x22, 0x04, 0x12, 0x85, 0x22, 0xA6, 0x22, 0xC7, 0x22,
    0xC7, 0x22, 0xE7, 0x22, 0x86, 0x22, 0x03, 0x11, 0x82, 0x00, 0x82, 0x00, 0xA2, 0x08, 0x82, 0x08,
    0xC2, 0x08, 0x44, 0x11, 0x23, 0x09, 0x43, 0x09, 0x03, 0x09, 0xA2, 0x00, 0x64, 0x11, 0xE4, 0x19,
    0xE4, 0x19, 0x25, 0x1A, 0x05, 0x1A, 0xC4, 0x19, 0x22, 0x09, 0xC2, 0x08, 0xE3, 0x08, 0xA6, 0x21,
    0x04, 0x22, 0xC3, 0x19, 0x83, 0x19, 0xC4, 0x21, 0xC5, 0x21, 0x63, 0x11, 0x23, 0x09, 0x82, 0x09,
    0x64, 0x22, 0x26, 0x2A, 0x63, 0x11, 0x05, 0x22, 0x87, 0x42, 0x23, 0x11, 0x02, 0x09, 0xE2, 0x08,
    0xA2, 0x00, 0x63, 0x11, 0x03, 0x1A, 0x03, 0x22, 0xE2, 0x08, 0xC3, 0x08, 0xC2, 0x08, 0x02, 0x09,
    0xA3, 0x11, 0xC3, 0x11, 0xA3, 0x11, 0xE4, 0x19, 0xC3, 0x19, 0x82, 0x11, 0x42, 0x09, 0x83, 0x2A,
    0x6A, 0x74, 0x88, 0x53, 0xE3, 0x11, 0xA3, 0x11, 0xE4, 0x11, 0x46, 0x33, 0xC3, 0x2A, 0x01, 0x12,
    0x82, 0x1A, 0x05, 0x4C, 0x44, 0x33, 0xA7, 0x22, 0xE6, 0x22, 0xA6, 0x22, 0xC6, 0x22, 0x07, 0x23,
    0x28, 0x2B, 0x45, 0x1A, 0xA4, 0x11, 0x64, 0x11, 0x84, 0x19, 0x86, 0x32, 0xAA, 0x63, 0xC7, 0x4A,
    0x80, 0x00, 0xA2, 0x00, 0x82, 0x00, 0xE2, 0x08, 0x44, 0x1A, 0x83, 0x11, 0xA1, 0x08, 0x65, 0x22,
    0x64, 0x22, 0xC3, 0x11, 0x03, 0x12, 0xE4, 0x19, 0xC3, 0x11, 0x48, 0x33, 0x48, 0x2B, 0xE6, 0x22,
    0x44, 0x1A, 0x03, 0x1A, 0x24, 0x1A, 0x65, 0x1A, 0xA5, 0x22, 0x85, 0x3B, 0x04, 0x33, 0xC3, 0x19,
    0xC4, 0x11, 0x4C, 0x74, 0x0A, 0x64, 0x43, 0x1A, 0x22, 0x1A, 0x63, 0x1A, 0x63, 0x1A, 0xC3, 0x22,
    0xE6, 0x3B, 0xA8, 0x43, 0xE4, 0x11, 0x84, 0x09, 0x81, 0x00, 0x63, 0x11, 0xC4, 0x11, 0x63, 0x09,
    0x02, 0x09, 0x43, 0x11, 0x83, 0x11, 0x43, 0x09, 0x64, 0x11, 0xC2, 0x00, 0x81, 0x00, 0x82, 0x00,
    0x61, 0x00, 0x82, 0x08, 0xA2, 0x08, 0x81, 0x00, 0xE4, 0x19, 0x46, 0x33, 0x22, 0x1A, 0x42, 0x09,
    0x42, 0x11, 0xC3, 0x11, 0x86, 0x22, 0x0A, 0x4C, 0x27, 0x2B, 0x43, 0x09, 0x03, 0x09, 0xC4, 0x11,
    0xE8, 0x3A, 0x64, 0x21, 0xA2, 0x08, 0x00, 0x00, 0x29, 0x4B, 0xE7, 0x42, 0x02, 0x01, 0x86, 0x22,
    0x44, 0x1A, 0x82, 0x11, 0x03, 0x12, 0xE5, 0x22, 0x65, 0x22, 0xE4, 0x11, 0x25, 0x1A, 0x25, 0x1A,
    0x05, 0x1A, 0xE4, 0x11, 0x83, 0x11, 0x43, 0x11, 0x43, 0x11, 0x84, 0x11, 0xA4, 0x19, 0x43, 0x11,
    0x81, 0x00, 0xC2, 0x00, 0x65, 0x11, 0x64, 0x09, 0x85, 0x11, 0xC6, 0x19, 0x64, 0x11, 0xE3, 0x08,
    0x23, 0x11, 0x23, 0x09, 0x03, 0x09, 0x03, 0x09, 0x02, 0x09, 0xE4, 0x11, 0x07, 0x23, 0x07, 0x2B,
    0xC6, 0x22, 0x08, 0x2B, 0xC7, 0x2A, 0xE3, 0x11, 0x03, 0x1A, 0x24, 0x1A, 0x24, 0x12, 0xE7, 0x22,
    0x85, 0x22, 0xE6, 0x22, 0x47, 0x2B, 0xE5, 0x22, 0x24, 0x1A, 0x63, 0x11, 0x22, 0x09, 0x63, 0x11,
    0x63, 0x11, 0x02, 0x09, 0x22, 0x09, 0x42, 0x09, 0x63, 0x09, 0x83, 0x11, 0x83, 0x11, 0x25, 0x3B,
    0x24, 0x33, 0x42, 0x1A, 0xE2, 0x11, 0x02, 0x1A, 0xE4, 0x2A, 0xC5, 0x22, 0x03, 0x09, 0x23, 0x09,
    0xE6, 0x3A, 0x27, 0x3B, 0xE6, 0x22, 0x85, 0x1A, 0xC6, 0x22, 0x07, 0x2B, 0xA5, 0x22, 0xE7, 0x2A,
    0xA5, 0x1A, 0xA5, 0x1A, 0xE7, 0x2A, 0x68, 0x33, 0x07, 0x2B, 0x42, 0x09, 0xE2, 0x08, 0xA4, 0x11,
    0xA6, 0x22, 0x24, 0x12, 0xC7, 0x2A, 0x24, 0x1A, 0x24, 0x1A, 0x65, 0x1A, 0xA6, 0x1A, 0xC6, 0x1A,
    0xA6, 0x1A, 0xA6, 0x1A, 0xE5, 0x19, 0x61, 0x00, 0x82, 0x00, 0x41, 0x00, 0x61, 0x00, 0x41, 0x00,
    0xC2, 0x08, 0x43, 0x09, 0x43, 0x09, 0xE2, 0x08, 0xA2, 0x00, 0x81, 0x00, 0x63, 0x11, 0x45, 0x1A,
    0xE3, 0x11, 0x82, 0x09, 0x62, 0x09, 0x42, 0x09, 0x22, 0x09, 0x23, 0x09, 0xC3, 0x00, 0xC3, 0x08,
    0x23, 0x1A, 0x23, 0x1A, 0x86, 0x32, 0x86, 0x32, 0x84, 0x19, 0xE5, 0x21, 0xC3, 0x11, 0x63, 0x22,
    0xE2, 0x19, 0x22, 0x09, 0x83, 0x11, 0x25, 0x22, 0xAE, 0x8C, 0xC4, 0x29, 0xA2, 0x00, 0xE2, 0x08,
    0xC2, 0x00, 0x82, 0x09, 0x44, 0x22, 0x01, 0x09, 0x82, 0x00, 0xA2, 0x08, 0xC2, 0x08, 0x83, 0x11,
    0x04, 0x1A, 0x03, 0x12, 0x04, 0x1A, 0xE3, 0x11, 0x04, 0x1A, 0x82, 0x09, 0x46, 0x32, 0x06, 0x43,
    0x6A, 0x74, 0x47, 0x43, 0x45, 0x1A, 0xA3, 0x11, 0x86, 0x22, 0xA5, 0x22, 0x64, 0x3B, 0x62, 0x1A,
    0x22, 0x1A, 0xE1, 0x2A, 0x87, 0x64, 0xC6, 0x2A, 0xC7, 0x22, 0xE7, 0x22, 0x07, 0x23, 0x07, 0x23,
    0x07, 0x23, 0x04, 0x1A, 0xC2, 0x08, 0xC2, 0x00, 0x23, 0x11, 0xEB, 0x63, 0x6E, 0x7C, 0x84, 0x21,
    0xA2, 0x00, 0xA2, 0x08, 0x82, 0x00, 0xE2, 0x08, 0x64, 0x1A, 0xA3, 0x11, 0x81, 0x00, 0x86, 0x22,
    0x44, 0x1A, 0x85, 0x22, 0xE7, 0x22, 0x66, 0x22, 0xA3, 0x11, 0x07, 0x2B, 0xA9, 0x33, 0x47, 0x2B,
    0x84, 0x1A, 0x43, 0x1A, 0x84, 0x1A, 0xE7, 0x2A, 0x06, 0x2B, 0xA6, 0x3B, 0x24, 0x33, 0xC4, 0x19,
    0x02, 0x01, 0xCF, 0x7C, 0x2A, 0x64, 0xE4, 0x2A, 0x22, 0x1A, 0x63, 0x22, 0x83, 0x22, 0x83, 0x1A,
    0xC3, 0x1A, 0x26, 0x33, 0x45, 0x1A, 0x26, 0x1A, 0x81, 0x00, 0x81, 0x00, 0xA4, 0x19, 0xA4, 0x11,
    0x43, 0x09, 0x63, 0x11, 0xA4, 0x11, 0xA4, 0x11, 0x84, 0x11, 0x43, 0x09, 0xA1, 0x00, 0x82, 0x08,
    0x82, 0x00, 0x82, 0x00, 0x03, 0x11, 0x02, 0x09, 0x63, 0x11, 0xC5, 0x2A, 0x25, 0x33, 0xE3, 0x19,
    0xA3, 0x11, 0x63, 0x11, 0x22, 0x09, 0xE7, 0x2A, 0x89, 0x3B, 0x84, 0x11, 0xC2, 0x00, 0xC4, 0x19,
    0xE5, 0x21, 0x20, 0x00, 0x82, 0x00, 0x62, 0x00, 0xA1, 0x08, 0x0B, 0x64, 0x44, 0x1A, 0x85, 0x1A,
    0x44, 0x1A, 0x62, 0x11, 0x03, 0x1A, 0xE4, 0x22, 0x06, 0x2B, 0xE4, 0x11, 0x04, 0x1A, 0x25, 0x1A,
    0x25, 0x1A, 0xE4, 0x11, 0xC4, 0x11, 0x83, 0x11, 0x83, 0x11, 0x63, 0x11, 0x63, 0x09, 0xA5, 0x19,
    0x03, 0x09, 0xE3, 0x08, 0x44, 0x09, 0xC6, 0x19, 0xE6, 0x11, 0x27, 0x1A, 0x65, 0x11, 0xE2, 0x08,
    0x03, 0x09, 0x44, 0x11, 0x43, 0x11, 0x23, 0x09, 0x02, 0x09, 0xE4, 0x11, 0xE6, 0x22, 0x28, 0x2B,
    0x48, 0x2B, 0xE7, 0x2A, 0x65, 0x1A, 0xE3, 0x11, 0x44, 0x1A, 0x44, 0x1A, 0xE7, 0x2A, 0xA6, 0x1A,
    0xC4, 0x19, 0x45, 0x1A, 0xC6, 0x22, 0xE6, 0x22, 0xC6, 0x22, 0x86, 0x22, 0x42, 0x09, 0x63, 0x11,
    0xA3, 0x11, 0x83, 0x11, 0x42, 0x09, 0xA3, 0x11, 0xC4, 0x19, 0xC4, 0x11, 0x64, 0x22, 0x64, 0x3B,
    0x21, 0x12, 0x02, 0x1A, 0xE1, 0x19, 0x42, 0x1A, 0x66, 0x33, 0x24, 0x1A, 0xC2, 0x00, 0xE6, 0x29,
    0x0E, 0x95, 0x85, 0x32, 0xE7, 0x32, 0xA6, 0x22, 0x07, 0x2B, 0x85, 0x1A, 0x44, 0x1A, 0x85, 0x1A,
    0xE6, 0x22, 0x07, 0x2B, 0xA5, 0x22, 0x85, 0x1A, 0x27, 0x2B, 0xC7, 0x2A, 0x02, 0x09, 0xA5, 0x19,
    0x66, 0x1A, 0xC7, 0x22, 0x85, 0x1A, 0x65, 0x1A, 0x24, 0x1A, 0x65, 0x22, 0xC7, 0x22, 0xC6, 0x22,
    0x07, 0x2B, 0x86, 0x22, 0xE2, 0x08, 0x61, 0x00, 0x62, 0x00, 0x61, 0x00, 0x61, 0x00, 0x82, 0x00,
    0xE2, 0x08, 0x83, 0x11, 0xA4, 0x11, 0x83, 0x11, 0x63, 0x11, 0x43, 0x11, 0x22, 0x09, 0xC3, 0x11,
    0x45, 0x22, 0x04, 0x1A, 0xA3, 0x11, 0x22, 0x09, 0x43, 0x11, 0x23, 0x11, 0xE3, 0x08, 0xE2, 0x08,
    0x24, 0x22, 0x43, 0x22, 0x65, 0x22, 0xE4, 0x19, 0x02, 0x09, 0xE3, 0x00, 0xE3, 0x19, 0x23, 0x1A,
    0xE1, 0x00, 0x43, 0x11, 0x46, 0x2A, 0x24, 0x22, 0x89, 0x6B, 0x63, 0x21, 0xE3, 0x08, 0xE2, 0x08,
    0x22, 0x09, 0x64, 0x22, 0xA3, 0x19, 0x61, 0x00, 0xA2, 0x08, 0xC2, 0x08, 0x22, 0x09, 0x24, 0x1A,
    0x64, 0x1A, 0x64, 0x22, 0x03, 0x12, 0x24, 0x1A, 0xE3, 0x11, 0x04, 0x22, 0x8A, 0x53, 0x25, 0x43,
    0x0C, 0x85, 0xA5, 0x2A, 0x04, 0x1A, 0x83, 0x11, 0x49, 0x33, 0xE4, 0x09, 0x85, 0x3B, 0x03, 0x33,
    0x41, 0x1A, 0x82, 0x22, 0xE5, 0x53, 0x04, 0x33, 0xA6, 0x22, 0x48, 0x2B, 0x07, 0x23, 0x07, 0x2B,
    0x68, 0x33, 0x86, 0x1A, 0xE2, 0x08, 0xC2, 0x00, 0xA4, 0x21, 0x2F, 0x85, 0x8B, 0x5B, 0x81, 0x00,
    0xC2, 0x08, 0xA2, 0x08, 0x81, 0x00, 0xE2, 0x08, 0x85, 0x22, 0xC4, 0x19, 0xA2, 0x00, 0x65, 0x22,
    0xE6, 0x22, 0x48, 0x2B, 0x28, 0x2B, 0x25, 0x22, 0xE2, 0x08, 0x86, 0x22, 0x0A, 0x3C, 0x27, 0x2B,
    0x84, 0x1A, 0xA4, 0x22, 0xC5, 0x22, 0x07, 0x2B, 0x24, 0x1A, 0x45, 0x3B, 0x04, 0x33, 0x63, 0x11,
    0x23, 0x11, 0x32, 0x95, 0x2B, 0x64, 0xA8, 0x53, 0xE5, 0x2A, 0xC4, 0x22, 0x05, 0x2B, 0x25, 0x33,
    0x04, 0x2B, 0xC7, 0x3B, 0xE7, 0x2A, 0x03, 0x09, 0x81, 0x00, 0x61, 0x00, 0x82, 0x08, 0x84, 0x11,
    0x26, 0x22, 0x84, 0x11, 0x06, 0x1A, 0x06, 0x1A, 0x84, 0x11, 0xA4, 0x11, 0x02, 0x09, 0x41, 0x00,
    0x82, 0x08, 0xE3, 0x10, 0xE2, 0x08, 0x03, 0x09, 0x22, 0x09, 0x62, 0x09, 0x27, 0x3B, 0x82, 0x22,
    0x23, 0x1A, 0xE4, 0x19, 0xA4, 0x11, 0xE5, 0x19, 0x66, 0x1A, 0x66, 0x22, 0xE5, 0x19, 0x66, 0x2A,
    0xE2, 0x00, 0x62, 0x00, 0x82, 0x00, 0x81, 0x00, 0x21, 0x00, 0x45, 0x2A, 0xA8, 0x4B, 0x85, 0x22,
    0x24, 0x1A, 0xA3, 0x19, 0x03, 0x1A, 0xA4, 0x22, 0x67, 0x33, 0x44, 0x1A, 0xC4, 0x11, 0x04, 0x12,
    0x45, 0x1A, 0xE4, 0x19, 0xE4, 0x11, 0xC4, 0x11, 0xA3, 0x11, 0xA4, 0x11, 0xC4, 0x19, 0x63, 0x09,
    0x23, 0x09, 0x24, 0x11, 0x85, 0x11, 0x85, 0x11, 0x27, 0x1A, 0xA5, 0x11, 0xE3, 0x08, 0xC2, 0x08,
    0x44, 0x11, 0x44, 0x09, 0x03, 0x09, 0x24, 0x11, 0xE2, 0x08, 0x43, 0x11, 0xE6, 0x2A, 0xAA, 0x3B,
    0x69, 0x33, 0x89, 0x3B, 0x65, 0x22, 0x44, 0x1A, 0x85, 0x22, 0x85, 0x1A, 0x69, 0x33, 0xAA, 0x3B,
    0x23, 0x09, 0x43, 0x09, 0x83, 0x11, 0xC3, 0x11, 0x04, 0x12, 0x45, 0x1A, 0x83, 0x11, 0x63, 0x09,
    0x04, 0x1A, 0x04, 0x1A, 0x62, 0x11, 0xA3, 0x11, 0xE4, 0x19, 0x25, 0x1A, 0x66, 0x3B, 0xE3, 0x32,
    0x42, 0x22, 0x22, 0x1A, 0x02, 0x1A, 0xC4, 0x22, 0x87, 0x3B, 0x83, 0x11, 0xC2, 0x00, 0x4A, 0x5B,
    0x2B, 0x6C, 0x07, 0x43, 0x09, 0x43, 0xE6, 0x22, 0x07, 0x23, 0xA6, 0x1A, 0xE6, 0x22, 0xA5, 0x1A,
    0xC6, 0x22, 0x85, 0x1A, 0xA6, 0x1A, 0x27, 0x2B, 0x07, 0x23, 0xE6, 0x22, 0x83, 0x11, 0xA1, 0x00,
    0xA4, 0x11, 0x28, 0x2B, 0xC7, 0x22, 0xC6, 0x22, 0x24, 0x1A, 0x25, 0x1A, 0xC7, 0x22, 0xA6, 0x1A,
    0xA6, 0x1A, 0xE5, 0x19, 0x61, 0x00, 0x62, 0x00, 0x61, 0x00, 0x61, 0x00, 0xC2, 0x08, 0x64, 0x11,
    0x83, 0x11, 0x63, 0x11, 0x43, 0x11, 0x22, 0x09, 0x22, 0x09, 0x02, 0x09, 0xE2, 0x08, 0x02, 0x09,
    0x83, 0x11, 0xE4, 0x19, 0xC4, 0x11, 0xA7, 0x32, 0xA4, 0x19, 0x63, 0x19, 0xE3, 0x10, 0x02, 0x09,
    0x04, 0x22, 0x64, 0x2A, 0x84, 0x2A, 0xC6, 0x42, 0xC7, 0x4A, 0x01, 0x09, 0x64, 0x2A, 0xC2, 0x19,
    0x87, 0x3A, 0x6B, 0x53, 0x86, 0x32, 0x65, 0x32, 0x66, 0x42, 0xA1, 0x00, 0xC3, 0x08, 0xE2, 0x08,
    0xE3, 0x19, 0x65, 0x2A, 0xC1, 0x08, 0x82, 0x00, 0x81, 0x00, 0xC3, 0x08, 0x83, 0x11, 0xC5, 0x22,
    0xC5, 0x22, 0x64, 0x1A, 0x64, 0x22, 0x44, 0x1A, 0x03, 0x1A, 0x24, 0x1A, 0x04, 0x1A, 0x66, 0x4B,
    0xEC, 0x7C, 0x64, 0x12, 0x25, 0x1A, 0x22, 0x09, 0xC8, 0x2A, 0xC3, 0x09, 0x46, 0x33, 0xA5, 0x43,
    0x81, 0x22, 0x61, 0x1A, 0x43, 0x3B, 0x06, 0x54, 0x03, 0x12, 0xE7, 0x22, 0x48, 0x2B, 0x28, 0x2B,
    0x48, 0x33, 0xC6, 0x22, 0x02, 0x09, 0x81, 0x00, 0x89, 0x53, 0x4B, 0x64, 0x23, 0x09, 0xE3, 0x08,
    0x03, 0x09, 0xC2, 0x08, 0x81, 0x00, 0xE2, 0x00, 0x07, 0x33, 0xE4, 0x21, 0x23, 0x01, 0x07, 0x2B,
    0xE7, 0x22, 0x25, 0x1A, 0xE4, 0x11, 0x22, 0x09, 0xC1, 0x00, 0xC4, 0x19, 0xA8, 0x3B, 0x06, 0x2B,
    0x05, 0x23, 0x26, 0x2B, 0x47, 0x33, 0xC4, 0x11, 0x63, 0x11, 0x44, 0x3B, 0x04, 0x33, 0x01, 0x09,
    0x85, 0x19, 0xD9, 0xCE, 0x4C, 0x6C, 0x2C, 0x74, 0x64, 0x22, 0x64, 0x22, 0x64, 0x22, 0xC5, 0x2A,
    0x85, 0x22, 0x07, 0x3B, 0x66, 0x32, 0x81, 0x00, 0x81, 0x00, 0x82, 0x00, 0x62, 0x00, 0xC2, 0x00,
    0xC5, 0x19, 0x26, 0x1A, 0x05, 0x12, 0xC4, 0x11, 0x83, 0x11, 0xE4, 0x19, 0x43, 0x09, 0x61, 0x00,
    0x62, 0x00, 0xA6, 0x29, 0xE3, 0x10, 0x81, 0x00, 0x63, 0x11, 0x64, 0x11, 0xA3, 0x19, 0x04, 0x33,
    0x63, 0x22, 0x64, 0x22, 0xA3, 0x11, 0x83, 0x11, 0x46, 0x22, 0x66, 0x1A, 0x87, 0x22, 0x66, 0x22,
    0x23, 0x09, 0x03, 0x09, 0xC2, 0x08, 0x61, 0x00, 0xC2, 0x08, 0xC4, 0x11, 0x47, 0x33, 0x27, 0x33,
    0x45, 0x22, 0xC2, 0x11, 0x43, 0x1A, 0x84, 0x22, 0x66, 0x33, 0x26, 0x33, 0xE4, 0x11, 0x24, 0x1A,
    0x45, 0x1A, 0xE4, 0x19, 0xE4, 0x19, 0xC4, 0x11, 0xC4, 0x11, 0xA3, 0x11, 0xC4, 0x19, 0x83, 0x09,
    0x43, 0x09, 0x64, 0x11, 0x27, 0x1A, 0xC5, 0x19, 0xE6, 0x19, 0x03, 0x01, 0x82, 0x00, 0x82, 0x00,
    0xC3, 0x00, 0xE3, 0x08, 0x03, 0x09, 0x44, 0x11, 0xE2, 0x08, 0x02, 0x09, 0xE7, 0x2A, 0xA9, 0x3B,
    0xCB, 0x3B, 0x89, 0x33, 0x65, 0x1A, 0x85, 0x22, 0xA5, 0x22, 0x48, 0x2B, 0x89, 0x33, 0x69, 0x3B,
    0xE2, 0x00, 0x23, 0x09, 0xA4, 0x19, 0x63, 0x11, 0x83, 0x11, 0xA4, 0x11, 0xA3, 0x11, 0xA3, 0x11,
    0x25, 0x1A, 0xE3, 0x11, 0xC3, 0x11, 0xA3, 0x11, 0xE3, 0x11, 0x44, 0x1A, 0xE6, 0x4B, 0x03, 0x33,
    0x62, 0x22, 0x02, 0x1A, 0x22, 0x1A, 0x86, 0x33, 0x26, 0x2B, 0x43, 0x09, 0xE2, 0x00, 0x4C, 0x5B,
    0x89, 0x4B, 0xCA, 0x53, 0x0C, 0x64, 0x07, 0x2B, 0xA5, 0x1A, 0x28, 0x2B, 0x85, 0x12, 0x44, 0x12,
    0x85, 0x1A, 0xC6, 0x22, 0xC6, 0x22, 0x85, 0x1A, 0xE7, 0x22, 0x89, 0x33, 0x66, 0x22, 0xC1, 0x00,
    0xE2, 0x08, 0x63, 0x09, 0x87, 0x2A, 0xA7, 0x22, 0xA6, 0x1A, 0x85, 0x1A, 0x07, 0x2B, 0xE7, 0x22,
    0xA6, 0x22, 0x02, 0x09, 0x41, 0x00, 0x61, 0x00, 0x61, 0x00, 0x02, 0x09, 0x83, 0x11, 0x62, 0x11,
    0x42, 0x11, 0x42, 0x11, 0x22, 0x09, 0x22, 0x09, 0x43, 0x09, 0x43, 0x09, 0x43, 0x09, 0x03, 0x09,
    0x81, 0x00, 0x41, 0x00, 0x24, 0x19, 0x09, 0x4B, 0x42, 0x09, 0xA3, 0x11, 0xE2, 0x08, 0xC2, 0x08,
    0x63, 0x11, 0xC6, 0x32, 0x04, 0x22, 0xA4, 0x32, 0x67, 0x5B, 0x44, 0x2A, 0x63, 0x22, 0xA3, 0x11,
    0xAF, 0x7C, 0x0D, 0x6C, 0xC3, 0x19, 0x29, 0x4B, 0xC3, 0x21, 0x02, 0x09, 0x81, 0x00, 0x83, 0x11,
    0xC6, 0x32, 0xA3, 0x11, 0x81, 0x00, 0x82, 0x00, 0x81, 0x00, 0xC3, 0x08, 0xC4, 0x19, 0x27, 0x2B,
    0x06, 0x2B, 0xE5, 0x22, 0xA4, 0x22, 0xC5, 0x22, 0x03, 0x1A, 0x03, 0x12, 0x44, 0x1A, 0xA8, 0x4B,
    0x87, 0x43, 0xC5, 0x22, 0x66, 0x22, 0xC2, 0x00, 0x23, 0x09, 0xC4, 0x11, 0x07, 0x2B, 0xC7, 0x4B,
    0x22, 0x3B, 0x61, 0x22, 0x23, 0x3B, 0x64, 0x3B, 0xC2, 0x11, 0x24, 0x1A, 0x69, 0x33, 0x89, 0x33,
    0x89, 0x33, 0x48, 0x33, 0x43, 0x11, 0x42, 0x09, 0x2A, 0x5C, 0x65, 0x2A, 0x81, 0x00, 0x03, 0x09,
    0xC2, 0x08, 0xA1, 0x00, 0x81, 0x00, 0x01, 0x01, 0x47, 0x3B, 0x83, 0x19, 0x23, 0x09, 0xC4, 0x11,
    0x02, 0x09, 0xC2, 0x08, 0xC2, 0x08, 0x23, 0x09, 0x03, 0x09, 0x84, 0x11, 0x47, 0x2B, 0x67, 0x33,
    0x87, 0x33, 0x26, 0x2B, 0x24, 0x1A, 0xE2, 0x00, 0x83, 0x19, 0x64, 0x3B, 0xC3, 0x2A, 0xC1, 0x00,
    0xC6, 0x29, 0xB9, 0xD6, 0x71, 0x9D, 0xE6, 0x4A, 0x62, 0x09, 0x63, 0x11, 0x81, 0x00, 0x63, 0x11,
    0x23, 0x09, 0x82, 0x00, 0x61, 0x00, 0x82, 0x00, 0x82, 0x00, 0x62, 0x00, 0x61, 0x00, 0x41, 0x00,
    0xC2, 0x00, 0xA8, 0x22, 0x25, 0x1A, 0xA2, 0x09, 0xC3, 0x11, 0xE4, 0x19, 0x63, 0x11, 0x61, 0x00,
    0x82, 0x00, 0x82, 0x00, 0x82, 0x00, 0x81, 0x00, 0xC2, 0x00, 0x64, 0x19, 0x43, 0x11, 0x64, 0x22,
    0x46, 0x3B, 0x83, 0x22, 0xA5, 0x2A, 0x41, 0x09, 0xA4, 0x11, 0x66, 0x22, 0x87, 0x22, 0x65, 0x1A,
    0xA4, 0x11, 0x03, 0x09, 0xE3, 0x08, 0xC2, 0x08, 0x43, 0x11, 0x45, 0x1A, 0x06, 0x23, 0x68, 0x33,
    0x44, 0x22, 0xC2, 0x11, 0x43, 0x1A, 0xA4, 0x22, 0x45, 0x2B, 0xC8, 0x43, 0x24, 0x1A, 0x44, 0x1A,
    0x45, 0x1A, 0xE3, 0x11, 0xE4, 0x19, 0xE4, 0x19, 0xC4, 0x11, 0xC4, 0x19, 0xA3, 0x11, 0xA3, 0x09,
    0x83, 0x09, 0x84, 0x11, 0x47, 0x22, 0xC9, 0x2A, 0x2A, 0x33, 0x88, 0x22, 0x64, 0x11, 0xA2, 0x00,
    0x81, 0x00, 0xA2, 0x00, 0xE2, 0x08, 0x63, 0x11, 0x43, 0x11, 0xE1, 0x08, 0x24, 0x1A, 0xEB, 0x43,
    0xA9, 0x33, 0x69, 0x33, 0xE7, 0x22, 0x27, 0x2B, 0x07, 0x2B, 0xA9, 0x33, 0x08, 0x2B, 0x43, 0x09,
    0xE2, 0x08, 0x03, 0x09, 0x43, 0x11, 0x83, 0x11, 0x05, 0x1A, 0xA4, 0x11, 0xA3, 0x11, 0xE4, 0x19,
    0x04, 0x12, 0x45, 0x1A, 0x24, 0x1A, 0x04, 0x12, 0x24, 0x1A, 0xE5, 0x2A, 0xC6, 0x43, 0xA2, 0x22,
    0x42, 0x1A, 0xE2, 0x11, 0xC4, 0x22, 0xE7, 0x43, 0x44, 0x1A, 0x23, 0x09, 0x23, 0x09, 0xCA, 0x4A,
    0xC7, 0x32, 0x29, 0x54, 0x2B, 0x5C, 0x27, 0x2B, 0xA5, 0x1A, 0x07, 0x23, 0xC6, 0x1A, 0xA6, 0x22,
    0x85, 0x22, 0x85, 0x1A, 0xA5, 0x22, 0x07, 0x2B, 0xE6, 0x22, 0xC6, 0x22, 0xA6, 0x22, 0x22, 0x09,
    0xE2, 0x08, 0xE2, 0x00, 0xE1, 0x00, 0xA3, 0x11, 0x48, 0x33, 0xC6, 0x22, 0x86, 0x22, 0xA6, 0x22,
    0x04, 0x1A, 0x81, 0x00, 0x62, 0x00, 0x61, 0x00, 0x23, 0x11, 0xA4, 0x19, 0xA3, 0x11, 0xC3, 0x11,
    0xA3, 0x11, 0xA3, 0x11, 0xC4, 0x19, 0xC4, 0x19, 0x84, 0x11, 0x23, 0x11, 0x82, 0x00, 0x61, 0x00,
    0x41, 0x00, 0x21, 0x00, 0xC6, 0x29, 0xA8, 0x3A, 0x22, 0x09, 0xA3, 0x11, 0x02, 0x09, 0x81, 0x00,
    0xE5, 0x21, 0xE6, 0x3A, 0x45, 0x22, 0x47, 0x43, 0x04, 0x2A, 0x65, 0x2A, 0x23, 0x22, 0x45, 0x22,
    0xAA, 0x53, 0x83, 0x11, 0xA6, 0x32, 0xE8, 0x42, 0xA2, 0x09, 0x83, 0x11, 0x63, 0x11, 0xE6, 0x32,
    0xA3, 0x11, 0xA2, 0x00, 0xA2, 0x08, 0x82, 0x00, 0x81, 0x00, 0xA2, 0x08, 0xA3, 0x11, 0x47, 0x33,
    0x88, 0x3B, 0x26, 0x2B, 0x46, 0x2B, 0xE5, 0x22, 0x64, 0x1A, 0x64, 0x1A, 0xA4, 0x22, 0x67, 0x3B,
    0xC5, 0x22, 0x67, 0x2B, 0xC4, 0x11, 0xA2, 0x08, 0xC2, 0x08, 0xE3, 0x08, 0x83, 0x09, 0x06, 0x43,
    0x05, 0x54, 0xA2, 0x2A, 0x23, 0x3B, 0x24, 0x33, 0x03, 0x12, 0xC3, 0x11, 0x85, 0x1A, 0x89, 0x33,
    0x0B, 0x44, 0x89, 0x3B, 0x22, 0x09, 0x06, 0x2A, 0xA3, 0x19, 0x02, 0x09, 0x03, 0x09, 0xE2, 0x08,
    0xA2, 0x00, 0xA2, 0x00, 0x82, 0x00, 0x82, 0x11, 0x06, 0x33, 0xC2, 0x08, 0x81, 0x00, 0x81, 0x00,
    0xC3, 0x08, 0xA2, 0x08, 0xE3, 0x08, 0x64, 0x11, 0x64, 0x11, 0x84, 0x11, 0x67, 0x33, 0x87, 0x3B,
    0xE6, 0x2A, 0xC3, 0x11, 0x43, 0x09, 0x23, 0x09, 0xE3, 0x19, 0xA4, 0x43, 0x62, 0x22, 0x80, 0x00,
    0xEA, 0x5A, 0x58, 0xD6, 0x73, 0xA5, 0x09, 0x6C, 0xA2, 0x11, 0xA4, 0x11, 0xA2, 0x08, 0xE2, 0x08,
    0xA2, 0x00, 0x81, 0x00, 0x82, 0x08, 0x82, 0x00, 0x62, 0x00, 0x61, 0x00, 0x41, 0x00, 0x61, 0x00,
    0xA2, 0x00, 0x84, 0x11, 0xE5, 0x19, 0x24, 0x1A, 0x24, 0x1A, 0x04, 0x1A, 0x63, 0x11, 0x81, 0x00,
    0xA2, 0x08, 0xA2, 0x00, 0xA2, 0x08, 0x82, 0x00, 0x82, 0x00, 0xA2, 0x00, 0x64, 0x11, 0x83, 0x11,
    0x05, 0x33, 0xE4, 0x22, 0x05, 0x2B, 0x04, 0x1A, 0x22, 0x09, 0xA3, 0x11, 0x66, 0x1A, 0xC7, 0x22,
    0x05, 0x1A, 0x02, 0x09, 0xC2, 0x08, 0xC2, 0x00, 0xE4, 0x19, 0xE7, 0x2A, 0x28, 0x2B, 0x48, 0x3B,
    0x44, 0x22, 0xE2, 0x11, 0x63, 0x1A, 0xA4, 0x22, 0x45, 0x2B, 0xE8, 0x3B, 0x65, 0x1A, 0x24, 0x1A,
    0x44, 0x1A, 0x04, 0x1A, 0x04, 0x1A, 0xE4, 0x11, 0xE4, 0x11, 0xE4, 0x11, 0xE4, 0x11, 0x04, 0x1A,
    0x83, 0x11, 0x63, 0x09, 0x88, 0x22, 0x05, 0x1A, 0x05, 0x1A, 0x26, 0x1A, 0x26, 0x1A, 0x84, 0x11,
    0xC2, 0x00, 0xC2, 0x08, 0xE3, 0x08, 0xE2, 0x08, 0x43, 0x11, 0x43, 0x09, 0x83, 0x11, 0x07, 0x2B,
    0x88, 0x33, 0x48, 0x2B, 0x28, 0x2B, 0x68, 0x2B, 0x68, 0x33, 0x66, 0x22, 0xC1, 0x00, 0xA1, 0x08,
    0x23, 0x09, 0x23, 0x09, 0xE2, 0x00, 0x43, 0x09, 0xC4, 0x19, 0xE4, 0x11, 0x05, 0x1A, 0x25, 0x1A,
    0x44, 0x12, 0xA6, 0x22, 0xE4, 0x11, 0x24, 0x1A, 0x44, 0x1A, 0x67, 0x3B, 0x65, 0x3B, 0x42, 0x1A,
    0x22, 0x1A, 0x43, 0x1A, 0x65, 0x33, 0xC8, 0x43, 0xA3, 0x11, 0x44, 0x11, 0x43, 0x11, 0x23, 0x11,
    0xA6, 0x32, 0x69, 0x54, 0x0A, 0x4C, 0xA6, 0x22, 0x07, 0x2B, 0xA5, 0x1A, 0x48, 0x2B, 0x65, 0x22,
    0x24, 0x1A, 0x85, 0x1A, 0xA5, 0x1A, 0x85, 0x1A, 0xC6, 0x22, 0x48, 0x33, 0xC6, 0x22, 0x02, 0x09,
    0x23, 0x09, 0x23, 0x09, 0xE2, 0x08, 0xE2, 0x08, 0x83, 0x11, 0x46, 0x22, 0xA6, 0x22, 0x85, 0x22,
    0xA3, 0x11, 0xE3, 0x10, 0x41, 0x00, 0x41, 0x00, 0x81, 0x00, 0xA1, 0x00, 0x02, 0x09, 0x43, 0x09,
    0x43, 0x11, 0x23, 0x09, 0x02, 0x09, 0xE2, 0x08, 0x82, 0x00, 0x61, 0x00, 0x41, 0x00, 0x61, 0x00,
    0x41, 0x00, 0x82, 0x08, 0x48, 0x32, 0x2E, 0x6C, 0x42, 0x09, 0xC3, 0x11, 0x43, 0x11, 0x82, 0x00,
    0x85, 0x2A, 0x64, 0x22, 0x28, 0x43, 0xA9, 0x53, 0x66, 0x3A, 0x26, 0x32, 0x85, 0x32, 0x89, 0x4B,
    0x8B, 0x4B, 0x82, 0x11, 0x06, 0x3B, 0x62, 0x09, 0x62, 0x09, 0x04, 0x1A, 0xA6, 0x32, 0x83, 0x11,
    0xA2, 0x08, 0xA2, 0x08, 0x82, 0x00, 0x81, 0x00, 0x81, 0x00, 0xC2, 0x08, 0x23, 0x09, 0xE6, 0x2A,
    0xA8, 0x3B, 0x87, 0x33, 0x46, 0x2B, 0x45, 0x2B, 0x83, 0x1A, 0x83, 0x1A, 0xE5, 0x2A, 0x05, 0x2B,
    0x87, 0x33, 0xA5, 0x22, 0x63, 0x11, 0xE3, 0x08, 0xA2, 0x08, 0xC2, 0x08, 0x81, 0x00, 0xA3, 0x19,
    0x67, 0x64, 0x22, 0x3B, 0x04, 0x43, 0x05, 0x33, 0x65, 0x1A, 0xC5, 0x22, 0x85, 0x1A, 0x28, 0x33,
    0x69, 0x2B, 0x49, 0x33, 0x02, 0x11, 0xE2, 0x08, 0x23, 0x09, 0x64, 0x11, 0xE2, 0x08, 0xC2, 0x08,
    0xA1, 0x00, 0xC2, 0x08, 0x82, 0x00, 0x63, 0x19, 0xC3, 0x19, 0x81, 0x00, 0xC2, 0x08, 0xA2, 0x00,
    0xC3, 0x08, 0xE3, 0x08, 0xC2, 0x08, 0xC5, 0x19, 0xA3, 0x11, 0x25, 0x1A, 0xE9, 0x43, 0x84, 0x1A,
    0x62, 0x09, 0x63, 0x11, 0x84, 0x11, 0x63, 0x09, 0x04, 0x1A, 0xE5, 0x4B, 0xC3, 0x32, 0x80, 0x00,
    0x0C, 0x5B, 0x74, 0xB5, 0xEF, 0x8C, 0x6A, 0x74, 0xE2, 0x11, 0x83, 0x11, 0xC2, 0x08, 0x02, 0x09,
    0x23, 0x11, 0xE2, 0x08, 0x81, 0x00, 0x61, 0x00, 0x61, 0x00, 0x61, 0x00, 0xA2, 0x08, 0xA2, 0x00,
    0xC2, 0x00, 0xE2, 0x08, 0x03, 0x09, 0x83, 0x11, 0xE4, 0x19, 0x65, 0x22, 0xE4, 0x11, 0xA2, 0x00,
    0xA3, 0x08, 0xA2, 0x08, 0xA2, 0x08, 0xA2, 0x08, 0xA2, 0x08, 0x82, 0x00, 0xA2, 0x00, 0xC2, 0x08,
    0xC6, 0x32, 0x05, 0x2B, 0x05, 0x23, 0x28, 0x33, 0x82, 0x09, 0x83, 0x11, 0xA3, 0x11, 0x45, 0x22,
    0x45, 0x1A, 0x63, 0x09, 0xA2, 0x00, 0xE2, 0x08, 0x86, 0x22, 0x49, 0x33, 0x48, 0x33, 0x89, 0x3B,
    0x44, 0x22, 0x03, 0x1A, 0x63, 0x1A, 0xA3, 0x22, 0x25, 0x2B, 0x29, 0x4C, 0xA5, 0x22, 0x04, 0x1A,
    0x24, 0x1A, 0x04, 0x1A, 0x24, 0x1A, 0x24, 0x1A, 0x24, 0x1A, 0x04, 0x1A, 0x24, 0x1A, 0x44, 0x1A,
    0xC3, 0x11, 0x43, 0x11, 0xA8, 0x2A, 0x06, 0x1A, 0x23, 0x09, 0xE2, 0x08, 0x02, 0x09, 0x23, 0x11,
    0xC2, 0x00, 0x03, 0x09, 0xE3, 0x08, 0xA2, 0x00, 0xE2, 0x08, 0xC4, 0x11, 0x63, 0x09, 0xC4, 0x11,
    0xC6, 0x22, 0x28, 0x2B, 0x28, 0x2B, 0xEA, 0x43, 0x25, 0x1A, 0xC2, 0x00, 0xC2, 0x08, 0x23, 0x11,
    0x43, 0x09, 0x23, 0x09, 0x44, 0x11, 0x23, 0x09, 0xE2, 0x00, 0xA4, 0x11, 0xE5, 0x19, 0x25, 0x1A,
    0xA6, 0x22, 0x85, 0x1A, 0x44, 0x1A, 0x65, 0x1A, 0xA6, 0x22, 0xA5, 0x22, 0x04, 0x33, 0x42, 0x1A,
    0x22, 0x1A, 0xC4, 0x2A, 0x08, 0x44, 0x47, 0x3B, 0x42, 0x09, 0x64, 0x11, 0x44, 0x11, 0xC2, 0x00,
    0xA6, 0x32, 0x89, 0x5C, 0xE9, 0x4B, 0x85, 0x1A, 0x07, 0x23, 0xC6, 0x22, 0x07, 0x2B, 0x85, 0x1A,
    0x85, 0x1A, 0xA6, 0x22, 0x85, 0x1A, 0xA5, 0x22, 0xA5, 0x22, 0xA5, 0x1A, 0x85, 0x1A, 0xE2, 0x00,
    0xE3, 0x08, 0x23, 0x11, 0x43, 0x11, 0x23, 0x09, 0x02, 0x09, 0x42, 0x09, 0x65, 0x22, 0xA6, 0x22,
    0x62, 0x09, 0x83, 0x11, 0x81, 0x00, 0x41, 0x00, 0x82, 0x00, 0x03, 0x11, 0x03, 0x11, 0xA2, 0x00,
    0x82, 0x00, 0x61, 0x00, 0x41, 0x00, 0x41, 0x00, 0x41, 0x00, 0x41, 0x00, 0x41, 0x00, 0x41, 0x00,
    0x21, 0x00, 0xC3, 0x08, 0x6C, 0x5B, 0x6C, 0x5B, 0x01, 0x01, 0xC4, 0x19, 0x22, 0x09, 0x43, 0x19,
    0x88, 0x4B, 0x85, 0x2A, 0x2C, 0x5C, 0x27, 0x43, 0x2D, 0x7C, 0x47, 0x3A, 0x08, 0x43, 0xCB, 0x53,
    0xE9, 0x3A, 0x44, 0x22, 0xC5, 0x32, 0x01, 0x01, 0x82, 0x11, 0x24, 0x22, 0x01, 0x09, 0x62, 0x00,
    0xA2, 0x08, 0xA2, 0x08, 0xC2, 0x08, 0xA2, 0x08, 0xC2, 0x08, 0xA2, 0x00, 0x03, 0x09, 0xC4, 0x11,
    0x88, 0x3B, 0xA7, 0x3B, 0x86, 0x33, 0x66, 0x33, 0xE4, 0x22, 0xE4, 0x22, 0x05, 0x2B, 0x86, 0x33,
    0xE8, 0x3B, 0x24, 0x1A, 0x83, 0x11, 0xE2, 0x08, 0xA2, 0x08, 0xC2, 0x00, 0xA2, 0x08, 0x61, 0x00,
    0x24, 0x2A, 0xC6, 0x53, 0x85, 0x43, 0xC2, 0x00, 0x23, 0x09, 0x46, 0x2A, 0x07, 0x2B, 0x07, 0x23,
    0x49, 0x33, 0xE5, 0x19, 0xA1, 0x08, 0xE2, 0x08, 0x63, 0x11, 0x43, 0x09, 0x41, 0x00, 0xA2, 0x08,
    0xE2, 0x08, 0xE2, 0x08, 0xC2, 0x08, 0xC2, 0x00, 0xE2, 0x08, 0xE2, 0x08, 0xE3, 0x08, 0xC2, 0x08,
    0xC2, 0x08, 0xE3, 0x08, 0x03, 0x09, 0x83, 0x09, 0xA7, 0x2A, 0x25, 0x1A, 0x45, 0x1A, 0xE3, 0x11,
    0xE5, 0x19, 0xC4, 0x11, 0xC4, 0x11, 0xC4, 0x11, 0xC4, 0x11, 0x66, 0x3B, 0x03, 0x1A, 0xC1, 0x00,
    0x2F, 0x7C, 0x93, 0xAD, 0x8D, 0x7C, 0xAB, 0x7C, 0xA4, 0x2A, 0x82, 0x11, 0xE2, 0x08, 0x02, 0x09,
    0x43, 0x11, 0x84, 0x11, 0x64, 0x11, 0x03, 0x09, 0x81, 0x00, 0xA2, 0x08, 0x04, 0x11, 0x44, 0x11,
    0x23, 0x09, 0x03, 0x09, 0x03, 0x09, 0xE3, 0x08, 0xE2, 0x08, 0x22, 0x09, 0x06, 0x22, 0xE2, 0x08,
    0xC2, 0x08, 0xA2, 0x08, 0xA2, 0x08, 0xA2, 0x08, 0xA2, 0x08, 0xC2, 0x08, 0xC2, 0x08, 0x82, 0x00,
    0x22, 0x09, 0x88, 0x43, 0xE4, 0x22, 0x0A, 0x4C, 0xA5, 0x22, 0xE3, 0x11, 0xE3, 0x19, 0xA3, 0x11,
    0x24, 0x1A, 0xC4, 0x11, 0xC2, 0x08, 0x22, 0x09, 0xE7, 0x2A, 0x68, 0x33, 0x89, 0x3B, 0x68, 0x3B,
    0x23, 0x1A, 0x02, 0x1A, 0x63, 0x1A, 0xC4, 0x22, 0xE4, 0x22, 0x08, 0x4C, 0xC5, 0x22, 0x24, 0x1A,
    0x03, 0x12, 0x03, 0x1A, 0x44, 0x1A, 0x44, 0x1A, 0x24, 0x1A, 0x24, 0x1A, 0x24, 0x1A, 0xA6, 0x22,
    0x63, 0x11, 0x23, 0x11, 0x27, 0x1A, 0x47, 0x22, 0x23, 0x09, 0xA2, 0x00, 0xA2, 0x08, 0xC2, 0x08,
    0x23, 0x09, 0x03, 0x09, 0xC2, 0x00, 0xC2, 0x00, 0xC2, 0x00, 0xE4, 0x19, 0x45, 0x1A, 0x45, 0x1A,
    0x24, 0x1A, 0x85, 0x22, 0x48, 0x33, 0xE7, 0x2A, 0x02, 0x01, 0xC2, 0x08, 0xE3, 0x08, 0x03, 0x09,
    0x43, 0x09, 0x64, 0x11, 0x23, 0x09, 0x64, 0x11, 0x43, 0x09, 0x03, 0x09, 0x63, 0x09, 0x42, 0x09,
    0xC4, 0x11, 0x46, 0x22, 0xA6, 0x22, 0xA5, 0x1A, 0xA6, 0x22, 0x44, 0x1A, 0xE4, 0x32, 0x62, 0x1A,
    0x42, 0x1A, 0x66, 0x33, 0x4A, 0x4C, 0x45, 0x22, 0x23, 0x09, 0x43, 0x09, 0x44, 0x11, 0xC2, 0x00,
    0x66, 0x32, 0x89, 0x64, 0x87, 0x43, 0xE7, 0x2A, 0xC7, 0x22, 0x07, 0x2B, 0xC6, 0x22, 0x27, 0x2B,
    0x64, 0x12, 0x64, 0x1A, 0xA5, 0x22, 0xA5, 0x22, 0xA5, 0x1A, 0x27, 0x2B, 0x65, 0x22, 0xE2, 0x08,
    0xC3, 0x08, 0xC2, 0x08, 0xC2, 0x08, 0x03, 0x11, 0x43, 0x11, 0x43, 0x11, 0xC4, 0x11, 0x45, 0x1A,
    0xC4, 0x11, 0x25, 0x1A, 0x63, 0x11, 0x40, 0x00, 0xA2, 0x08, 0xE3, 0x08, 0xA2, 0x08, 0x62, 0x00,
    0x62, 0x00, 0x42, 0x00, 0x42, 0x00, 0x62, 0x00, 0x61, 0x00, 0x41, 0x00, 0x41, 0x00, 0x41, 0x00,
    0x41, 0x00, 0x61, 0x00, 0x2B, 0x53, 0xE6, 0x29, 0x21, 0x09, 0xE4, 0x19, 0xE1, 0x00, 0x86, 0x3A,
    0x87, 0x43, 0x07, 0x43, 0x4C, 0x6C, 0x68, 0x4B, 0x08, 0x4B, 0xE8, 0x42, 0x68, 0x4B, 0x4D, 0x6C,
    0x48, 0x43, 0x46, 0x43, 0x84, 0x32, 0x01, 0x01, 0xC2, 0x19, 0x04, 0x22, 0xA1, 0x00, 0xA2, 0x08,
    0xA1, 0x00, 0xE2, 0x08, 0xE2, 0x08, 0xE2, 0x08, 0xE2, 0x08, 0xA2, 0x00, 0xE2, 0x08, 0x23, 0x09,
    0xE6, 0x32, 0x28, 0x44, 0xC6, 0x3B, 0xA6, 0x3B, 0xC3, 0x1A, 0xE4, 0x22, 0x45, 0x33, 0xE8, 0x3B,
    0xA9, 0x43, 0xA3, 0x11, 0x05, 0x1A, 0xE2, 0x08, 0xA2, 0x08, 0xE3, 0x00, 0xC2, 0x08, 0x62, 0x00,
    0x42, 0x00, 0x42, 0x11, 0x67, 0x4B, 0xE2, 0x10, 0x20, 0x00, 0x40, 0x00, 0xC4, 0x19, 0x48, 0x2B,
    0x66, 0x22, 0xC2, 0x08, 0xA2, 0x00, 0x02, 0x09, 0x43, 0x11, 0xC2, 0x00, 0x62, 0x00, 0x82, 0x00,
    0x03, 0x11, 0x22, 0x09, 0xE2, 0x08, 0xE2, 0x08, 0x02, 0x09, 0x44, 0x09, 0x03, 0x09, 0x03, 0x09,
    0x03, 0x09, 0x23, 0x09, 0xE2, 0x08, 0x84, 0x11, 0x86, 0x1A, 0x86, 0x22, 0x25, 0x1A, 0x65, 0x1A,
    0x04, 0x1A, 0xE4, 0x11, 0x25, 0x1A, 0x25, 0x1A, 0x45, 0x1A, 0x65, 0x22, 0x62, 0x09, 0x43, 0x11,
    0x4F, 0x7C, 0x4E, 0x7C, 0x07, 0x43, 0x8B, 0x7C, 0x23, 0x22, 0xE3, 0x19, 0x22, 0x09, 0x22, 0x09,
    0x22, 0x09, 0x63, 0x09, 0xA4, 0x11, 0xC4, 0x19, 0x84, 0x11, 0x43, 0x11, 0x23, 0x09, 0x43, 0x09,
    0x44, 0x09, 0x44, 0x09, 0x03, 0x09, 0x03, 0x09, 0x03, 0x11, 0xA2, 0x08, 0xC2, 0x08, 0xC2, 0x08,
    0xA2, 0x00, 0xA2, 0x00, 0xA2, 0x00, 0xA2, 0x08, 0xE3, 0x08, 0x03, 0x09, 0xE3, 0x08, 0xA2, 0x08,
    0xC2, 0x00, 0xE7, 0x32, 0x87, 0x3B, 0xE8, 0x3B, 0xC9, 0x43, 0xC3, 0x09, 0x45, 0x22, 0x25, 0x22,
    0x24, 0x1A, 0xE4, 0x19, 0x02, 0x09, 0x83, 0x11, 0x48, 0x33, 0x68, 0x33, 0x89, 0x3B, 0xA9, 0x3B,
    0x63, 0x1A, 0xA4, 0x22, 0x63, 0x22, 0xC4, 0x22, 0x25, 0x2B, 0x25, 0x2B, 0x84, 0x1A, 0x44, 0x1A,
    0xE3, 0x11, 0x03, 0x1A, 0x24, 0x1A, 0x64, 0x1A, 0x65, 0x22, 0x64, 0x1A, 0xA5, 0x22, 0x04, 0x1A,
    0x43, 0x11, 0x83, 0x09, 0x65, 0x1A, 0x25, 0x1A, 0xA4, 0x11, 0xE2, 0x08, 0xE2, 0x08, 0x02, 0x09,
    0x84, 0x11, 0xC5, 0x19, 0xC5, 0x19, 0x84, 0x11, 0x03, 0x09, 0xC4, 0x11, 0x25, 0x1A, 0x25, 0x1A,
    0xE4, 0x11, 0xC3, 0x11, 0x04, 0x1A, 0x04, 0x1A, 0xE5, 0x19, 0x02, 0x09, 0x03, 0x09, 0xE2, 0x08,
    0xA5, 0x19, 0x64, 0x09, 0x43, 0x09, 0x43, 0x09, 0x84, 0x11, 0x43, 0x11, 0x43, 0x09, 0x44, 0x11,
    0xC2, 0x00, 0xC2, 0x08, 0x43, 0x09, 0x86, 0x22, 0xC6, 0x22, 0x24, 0x1A, 0xE4, 0x32, 0x42, 0x1A,
    0xA3, 0x22, 0x07, 0x4C, 0x88, 0x43, 0x43, 0x09, 0x64, 0x11, 0x23, 0x09, 0x03, 0x09, 0xA2, 0x00,
    0x65, 0x32, 0x68, 0x64, 0x67, 0x3B, 0x28, 0x33, 0xA7, 0x22, 0x48, 0x2B, 0xE6, 0x22, 0x07, 0x2B,
    0x24, 0x12, 0xA5, 0x22, 0x85, 0x1A, 0x64, 0x1A, 0xC5, 0x22, 0xA5, 0x22, 0x45, 0x1A, 0xA2, 0x08,
    0x82, 0x00, 0x61, 0x00, 0x41, 0x00, 0x41, 0x00, 0x81, 0x00, 0xA2, 0x08, 0xE2, 0x08, 0xC2, 0x08,
    0xE2, 0x08, 0x23, 0x11, 0xE6, 0x21, 0xA2, 0x00, 0x41, 0x00, 0x61, 0x00, 0x61, 0x00, 0x62, 0x00,
    0x61, 0x00, 0x61, 0x00, 0x61, 0x00, 0x61, 0x00, 0x41, 0x00, 0x41, 0x00, 0x41, 0x00, 0x61, 0x00,
    0x21, 0x00, 0x03, 0x11, 0xA8, 0x3A, 0x43, 0x11, 0x62, 0x09, 0x04, 0x1A, 0x02, 0x09, 0xC9, 0x5B,
    0x26, 0x3B, 0xEB, 0x6B, 0x8D, 0x84, 0xE9, 0x63, 0x24, 0x2A, 0xC6, 0x3A, 0x0A, 0x64, 0x4B, 0x6C,
    0x26, 0x3B, 0x66, 0x43, 0xC1, 0x11, 0x42, 0x09, 0x43, 0x22, 0xC3, 0x19, 0xC2, 0x08, 0xC1, 0x00,
    0xE2, 0x08, 0x23, 0x11, 0x02, 0x09, 0xE2, 0x08, 0x23, 0x09, 0x23, 0x09, 0x02, 0x09, 0xC2, 0x00,
    0xC3, 0x11, 0x09, 0x4C, 0x07, 0x3C, 0xA6, 0x33, 0x04, 0x23, 0x04, 0x23, 0x65, 0x33, 0xE8, 0x43,
    0x44, 0x22, 0x42, 0x09, 0x25, 0x1A, 0xE2, 0x08, 0xA2, 0x08, 0x03, 0x09, 0xC2, 0x00, 0x62, 0x00,
    0x62, 0x00, 0x21, 0x00, 0xC2, 0x08, 0xE2, 0x10, 0x41, 0x00, 0x61, 0x00, 0x02, 0x09, 0x68, 0x33,
    0x86, 0x22, 0xA1, 0x00, 0x23, 0x09, 0x23, 0x11, 0xC2, 0x00, 0xA2, 0x08, 0xA2, 0x08, 0x82, 0x00,
    0xC2, 0x08, 0x43, 0x11, 0x43, 0x09, 0x02, 0x09, 0x03, 0x09, 0x64, 0x11, 0x43, 0x09, 0x23, 0x09,
    0x43, 0x09, 0x02, 0x09, 0xE3, 0x10, 0x02, 0x09, 0x86, 0x22, 0xE7, 0x2A, 0xA6, 0x22, 0x86, 0x22,
    0x64, 0x1A, 0x44, 0x1A, 0x65, 0x1A, 0x65, 0x1A, 0xA6, 0x22, 0x05, 0x1A, 0x63, 0x11, 0x42, 0x09,
    0x25, 0x2A, 0xC4, 0x21, 0x03, 0x22, 0x27, 0x4B, 0x00, 0x01, 0xC3, 0x11, 0x63, 0x11, 0x63, 0x11,
    0x63, 0x11, 0x63, 0x11, 0x63, 0x11, 0xC3, 0x11, 0xE4, 0x19, 0xE4, 0x19, 0x83, 0x11, 0x63, 0x09,
    0x64, 0x09, 0x44, 0x09, 0x44, 0x11, 0x43, 0x11, 0x02, 0x09, 0xE3, 0x08, 0xE3, 0x08, 0xE3, 0x08,
    0x82, 0x00, 0x82, 0x00, 0xA2, 0x00, 0xC2, 0x08, 0x24, 0x09, 0x24, 0x09, 0xE3, 0x08, 0xC3, 0x08,
    0xC2, 0x00, 0x46, 0x22, 0x2B, 0x4C, 0x67, 0x2B, 0x2B, 0x4C, 0x25, 0x1A, 0x63, 0x11, 0x63, 0x11,
    0xE4, 0x19, 0xE4, 0x19, 0x43, 0x09, 0x05, 0x1A, 0x68, 0x33, 0x68, 0x33, 0xC9, 0x3B, 0xA8, 0x3B,
    0x42, 0x12, 0xC4, 0x22, 0xA4, 0x22, 0xA3, 0x22, 0x45, 0x2B, 0xC5, 0x22, 0xA5, 0x22, 0x44, 0x1A,
    0x03, 0x1A, 0x23, 0x1A, 0x44, 0x1A, 0xA5, 0x22, 0xE6, 0x22, 0x26, 0x23, 0x85, 0x22, 0x42, 0x09,
    0x04, 0x1A, 0x67, 0x33, 0xC5, 0x22, 0x03, 0x1A, 0xA2, 0x11, 0xC4, 0x19, 0xE4, 0x21, 0x63, 0x11,
    0xE5, 0x19, 0xC5, 0x11, 0x05, 0x1A, 0xE5, 0x11, 0xC5, 0x19, 0xC4, 0x11, 0x83, 0x11, 0x83, 0x11,
    0x43, 0x09, 0x43, 0x09, 0x63, 0x09, 0x83, 0x09, 0x45, 0x1A, 0x25, 0x22, 0x03, 0x09, 0xE2, 0x08,
    0xA4, 0x11, 0xA4, 0x11, 0xC5, 0x19, 0x84, 0x11, 0x63, 0x09, 0xA4, 0x11, 0x23, 0x09, 0x64, 0x11,
    0x64, 0x19, 0xA2, 0x08, 0x61, 0x00, 0x22, 0x09, 0xE5, 0x19, 0x04, 0x1A, 0xE4, 0x32, 0x62, 0x22,
    0x65, 0x3B, 0xE8, 0x43, 0xE4, 0x19, 0x23, 0x09, 0x44, 0x11, 0x03, 0x09, 0xE2, 0x08, 0xA2, 0x00,
    0x86, 0x32, 0x88, 0x64, 0x06, 0x33, 0xA7, 0x22, 0xE7, 0x2A, 0x08, 0x33, 0x28, 0x2B, 0xA6, 0x22,
    0xA5, 0x22, 0x64, 0x1A, 0xA5, 0x22, 0xC6, 0x22, 0x64, 0x1A, 0xA5, 0x22, 0xA3, 0x11, 0x61, 0x00,
    0x62, 0x00, 0x61, 0x00, 0x62, 0x00, 0x61, 0x00, 0x82, 0x00, 0x82, 0x00, 0x82, 0x00, 0x82, 0x00,
    0x62, 0x00, 0x61, 0x00, 0x81, 0x00, 0x82, 0x00, 0x82, 0x00, 0x62, 0x00, 0x62, 0x00, 0x82, 0x00,
    0x62, 0x00, 0x61, 0x00, 0x61, 0x00, 0x41, 0x00, 0x41, 0x00, 0x41, 0x00, 0x41, 0x00, 0x61, 0x00,
    0x21, 0x00, 0x24, 0x11, 0x68, 0x32, 0x64, 0x11, 0x63, 0x11, 0x05, 0x22, 0x02, 0x09, 0x27, 0x4B,
    0xE6, 0x3A, 0x0B, 0x7C, 0x91, 0xBD, 0xAD, 0x8C, 0xC6, 0x3A, 0x85, 0x32, 0x48, 0x4B, 0xEC, 0x7C,
    0x06, 0x3B, 0xE3, 0x11, 0x43, 0x1A, 0x23, 0x1A, 0x43, 0x1A, 0x22, 0x09, 0xA2, 0x08, 0x02, 0x09,
    0x23, 0x11, 0x23, 0x11, 0x22, 0x09, 0x22, 0x09, 0x22, 0x09, 0x23, 0x09, 0x43, 0x11, 0x23, 0x11,
    0xE2, 0x00, 0xE6, 0x2A, 0x47, 0x44, 0xC6, 0x3B, 0x04, 0x23, 0x65, 0x2B, 0xA6, 0x3B, 0xC5, 0x2A,
    0x01, 0x09, 0xC4, 0x11, 0x04, 0x1A, 0xE2, 0x08, 0xE3, 0x08, 0xC2, 0x08, 0xA2, 0x00, 0x61, 0x00,
    0x61, 0x00, 0x62, 0x00, 0x41, 0x00, 0x41, 0x00, 0x82, 0x08, 0xC2, 0x08, 0xC1, 0x00, 0x66, 0x22,
    0x25, 0x1A, 0x23, 0x11, 0x43, 0x11, 0xE2, 0x00, 0xE3, 0x08, 0xE3, 0x08, 0xC2, 0x08, 0xA2, 0x00,
    0x82, 0x00, 0x02, 0x09, 0xA4, 0x11, 0x63, 0x09, 0x43, 0x09, 0xA4, 0x11, 0xA4, 0x11, 0x84, 0x11,
    0x84, 0x11, 0x43, 0x09, 0x23, 0x09, 0x23, 0x09, 0xC4, 0x11, 0xC7, 0x2A, 0x28, 0x2B, 0xE6, 0x22,
    0x85, 0x22, 0x65, 0x1A, 0xC6, 0x22, 0xA6, 0x22, 0xC7, 0x22, 0x63, 0x09, 0xA1, 0x00, 0x02, 0x09,
    0xA3, 0x11, 0x82, 0x09, 0xC2, 0x19, 0x03, 0x22, 0x62, 0x11, 0x82, 0x11, 0xC3, 0x11, 0xA2, 0x11,
    0xA3, 0x11, 0x83, 0x11, 0x83, 0x11, 0xA3, 0x11, 0xC4, 0x11, 0x04, 0x1A, 0x04, 0x12, 0xA4, 0x11,
    0x64, 0x11, 0x64, 0x11, 0x84, 0x11, 0x43, 0x11, 0xE2, 0x08, 0xE2, 0x08, 0x03, 0x09, 0x43, 0x09,
    0xC2, 0x08, 0xA2, 0x08, 0x04, 0x09, 0x44, 0x11, 0x85, 0x19, 0x03, 0x09, 0xA2, 0x00, 0xE3, 0x10,
    0xC2, 0x00, 0x23, 0x09, 0xA9, 0x43, 0xE9, 0x43, 0x0A, 0x44, 0x86, 0x22, 0xE1, 0x00, 0xE3, 0x08,
    0xE2, 0x00, 0x22, 0x09, 0x63, 0x11, 0xC4, 0x19, 0x48, 0x33, 0x48, 0x33, 0xEA, 0x43, 0x46, 0x33,
    0x83, 0x22, 0x83, 0x1A, 0xC4, 0x2A, 0xE4, 0x2A, 0x25, 0x2B, 0x82, 0x09, 0x65, 0x22, 0xE6, 0x22,
    0x06, 0x2B, 0xA5, 0x22, 0xA5, 0x22, 0xA5, 0x22, 0xC6, 0x2A, 0x64, 0x1A, 0x63, 0x11, 0x22, 0x09,
    0x26, 0x33, 0xE5, 0x22, 0xE2, 0x11, 0x82, 0x11, 0x82, 0x11, 0x25, 0x1A, 0x04, 0x22, 0xC3, 0x19,
    0xA3, 0x19, 0xA4, 0x19, 0x05, 0x1A, 0x46, 0x1A, 0x25, 0x1A, 0x05, 0x1A, 0x45, 0x1A, 0x25, 0x22,
    0x63, 0x11, 0x22, 0x09, 0x63, 0x11, 0x63, 0x11, 0x83, 0x11, 0x65, 0x22, 0xA3, 0x11, 0xC2, 0x00,
    0xC5, 0x11, 0xE5, 0x19, 0x84, 0x11, 0x84, 0x11, 0xA4, 0x11, 0x83, 0x09, 0xC4, 0x19, 0x43, 0x09,
    0x43, 0x11, 0xA2, 0x08, 0x62, 0x08, 0x61, 0x00, 0x43, 0x09, 0xE4, 0x19, 0x05, 0x33, 0x44, 0x33,
    0x46, 0x3B, 0xE3, 0x19, 0x43, 0x09, 0x03, 0x09, 0x23, 0x09, 0xE2, 0x00, 0x23, 0x11, 0xE3, 0x08,
    0x05, 0x22, 0x68, 0x64, 0x64, 0x22, 0xA4, 0x11, 0x08, 0x33, 0xE7, 0x2A, 0x49, 0x33, 0xE6, 0x22,
    0x85, 0x22, 0xA5, 0x22, 0x85, 0x22, 0x44, 0x1A, 0xE6, 0x2A, 0x85, 0x1A, 0x22, 0x09, 0x61, 0x00,
    0x62, 0x00, 0x82, 0x00, 0x82, 0x08, 0xA2, 0x08, 0xA2, 0x00, 0xA2, 0x08, 0xA2, 0x08, 0xA2, 0x08,
    0x82, 0x00, 0x82, 0x00, 0xA2, 0x08, 0x82, 0x00, 0x82, 0x08, 0x82, 0x00, 0x62, 0x00, 0x82, 0x00,
    0x82, 0x00, 0x61, 0x00, 0x61, 0x00, 0x41, 0x00, 0x41, 0x00, 0x41, 0x00, 0x41, 0x00, 0x61, 0x00,
    0x21, 0x00, 0x44, 0x11, 0x88, 0x32, 0xA5, 0x19, 0x22, 0x09, 0x63, 0x11, 0x22, 0x01, 0x04, 0x22,
    0xE6, 0x3A, 0xE7, 0x5A, 0xAF, 0xA4, 0x0C, 0x7C, 0x03, 0x22, 0x86, 0x32, 0xAB, 0x6B, 0xA9, 0x63,
    0xE3, 0x21, 0x02, 0x09, 0x03, 0x1A, 0xC5, 0x2A, 0xA4, 0x2A, 0x42, 0x09, 0x02, 0x09, 0x43, 0x11,
    0x43, 0x09, 0x43, 0x11, 0x23, 0x09, 0x22, 0x09, 0x42, 0x11, 0x23, 0x09, 0x43, 0x11, 0x63, 0x11,
    0x23, 0x09, 0xC2, 0x11, 0x08, 0x44, 0x07, 0x44, 0x85, 0x33, 0xC6, 0x3B, 0xC6, 0x43, 0x82, 0x11,
    0x02, 0x09, 0xE4, 0x19, 0xA3, 0x11, 0xE3, 0x08, 0x04, 0x09, 0x82, 0x08, 0x82, 0x08, 0x61, 0x00,
    0x61, 0x00, 0x61, 0x00, 0x61, 0x00, 0x82, 0x00, 0xC2, 0x08, 0xE3, 0x08, 0xE3, 0x08, 0x43, 0x09,
    0x63, 0x09, 0x43, 0x11, 0x03, 0x09, 0x44, 0x11, 0x23, 0x09, 0x03, 0x09, 0xE3, 0x08, 0xC2, 0x08,
    0xA2, 0x08, 0xA2, 0x00, 0x02, 0x09, 0x84, 0x11, 0xA4, 0x11, 0xE5, 0x11, 0x05, 0x12, 0xE5, 0x11,
    0xA4, 0x11, 0x83, 0x09, 0x63, 0x11, 0x63, 0x09, 0x63, 0x11, 0xE7, 0x32, 0x27, 0x2B, 0x27, 0x2B,
    0xE6, 0x22, 0xC5, 0x22, 0x07, 0x23, 0x27, 0x2B, 0x66, 0x22, 0xC1, 0x00, 0x81, 0x00, 0x81, 0x00,
    0xE2, 0x08, 0x83, 0x11, 0x44, 0x22, 0xE2, 0x11, 0xE3, 0x19, 0xA2, 0x11, 0xA2, 0x11, 0xE3, 0x19,
    0xE3, 0x19, 0xE3, 0x11, 0xE3, 0x11, 0xA3, 0x11, 0xA3, 0x11, 0xC3, 0x11, 0x24, 0x1A, 0xE4, 0x19,
    0x63, 0x11, 0x84, 0x11, 0x84, 0x11, 0x43, 0x09, 0x23, 0x09, 0x03, 0x09, 0x03, 0x09, 0x84, 0x11,
    0x23, 0x11, 0xC3, 0x08, 0x44, 0x11, 0x44, 0x11, 0xA2, 0x00, 0x82, 0x00, 0xA2, 0x00, 0xC2, 0x08,
    0xC2, 0x00, 0x02, 0x09, 0x24, 0x1A, 0xA9, 0x3B, 0xC9, 0x43, 0xC3, 0x11, 0x43, 0x09, 0x42, 0x09,
    0x22, 0x09, 0x03, 0x09, 0xE2, 0x08, 0x63, 0x11, 0xA6, 0x22, 0x89, 0x33, 0xC8, 0x3B, 0x05, 0x2B,
    0x63, 0x1A, 0xE4, 0x2A, 0xC3, 0x22, 0x45, 0x33, 0x26, 0x33, 0xE1, 0x08, 0x86, 0x2A, 0x89, 0x33,
    0x04, 0x1A, 0xA4, 0x11, 0xA4, 0x19, 0x43, 0x11, 0xE2, 0x08, 0x42, 0x09, 0xE2, 0x00, 0xE3, 0x19,
    0x87, 0x3B, 0x43, 0x1A, 0xC3, 0x11, 0x82, 0x11, 0xC3, 0x11, 0x24, 0x1A, 0x83, 0x11, 0xE4, 0x19,
    0xC3, 0x19, 0x67, 0x3A, 0x43, 0x11, 0xE4, 0x19, 0x05, 0x1A, 0x45, 0x1A, 0x46, 0x1A, 0x66, 0x22,
    0x66, 0x22, 0xE4, 0x11, 0xE1, 0x00, 0xE2, 0x08, 0x23, 0x11, 0x04, 0x1A, 0x24, 0x1A, 0xC1, 0x00,
    0x25, 0x1A, 0xE4, 0x11, 0xE5, 0x19, 0xA3, 0x11, 0xA4, 0x11, 0xA4, 0x11, 0xA3, 0x11, 0xE5, 0x19,
    0x03, 0x09, 0xA2, 0x00, 0xA2, 0x08, 0x82, 0x08, 0x43, 0x09, 0x04, 0x1A, 0x8A, 0x64, 0x46, 0x3B,
    0x43, 0x09, 0xE3, 0x08, 0xA2, 0x00, 0x03, 0x09, 0x23, 0x09, 0x23, 0x09, 0x64, 0x11, 0x43, 0x09,
    0x63, 0x09, 0x85, 0x22, 0x45, 0x22, 0x43, 0x09, 0x25, 0x1A, 0x08, 0x2B, 0x28, 0x2B, 0x28, 0x2B,
    0x85, 0x22, 0x85, 0x22, 0xC5, 0x22, 0xC6, 0x22, 0x44, 0x12, 0x45, 0x22, 0xC2, 0x08, 0x82, 0x00,
    0x82, 0x08, 0x82, 0x08, 0xA2, 0x08, 0xA2, 0x00, 0xA2, 0x00, 0xA2, 0x00, 0xA2, 0x08, 0xA2, 0x00,
    0xA2, 0x08, 0x82, 0x00, 0x82, 0x08, 0x82, 0x00, 0x82, 0x00, 0x82, 0x00, 0x82, 0x00, 0x82, 0x08,
    0x62, 0x00, 0x61, 0x00, 0x41, 0x00, 0x41, 0x00, 0x41, 0x00, 0x41, 0x00, 0x41, 0x00, 0x61, 0x00,
    0x21, 0x00, 0x23, 0x11, 0x06, 0x22, 0x43, 0x09, 0x63, 0x11, 0x23, 0x09, 0x22, 0x09, 0x44, 0x22,
    0xE6, 0x32, 0x28, 0x5B, 0x2F, 0x94, 0xEE, 0x7B, 0x21, 0x01, 0xCC, 0x5B, 0xB0, 0x94, 0xA6, 0x4A,
    0x62, 0x11, 0xA3, 0x11, 0x04, 0x1A, 0x22, 0x09, 0x63, 0x11, 0xC4, 0x19, 0x42, 0x09, 0x43, 0x11,
    0x63, 0x11, 0x63, 0x11, 0x43, 0x11, 0x22, 0x09, 0x43, 0x11, 0x43, 0x11, 0x43, 0x11, 0x43, 0x09,
    0x84, 0x11, 0x82, 0x09, 0xA5, 0x22, 0xE8, 0x43, 0xC7, 0x43, 0x08, 0x4C, 0x64, 0x22, 0x21, 0x09,
    0x63, 0x09, 0x45, 0x1A, 0x63, 0x09, 0x03, 0x09, 0xA2, 0x00, 0xC3, 0x08, 0xE3, 0x08, 0xA2, 0x00,
    0x82, 0x00, 0x61, 0x00, 0x81, 0x00, 0xC3, 0x08, 0xE2, 0x08, 0xE2, 0x00, 0xC2, 0x00, 0x43, 0x09,
    0x63, 0x11, 0x83, 0x11, 0x63, 0x11, 0x43, 0x09, 0x43, 0x09, 0x43, 0x09, 0x23, 0x09, 0x03, 0x09,
    0xA2, 0x00, 0xE3, 0x08, 0xE2, 0x00, 0xC2, 0x00, 0x43, 0x11, 0xC4, 0x11, 0x86, 0x1A, 0x66, 0x1A,
    0x25, 0x1A, 0xA3, 0x11, 0x83, 0x11, 0xC4, 0x11, 0xC4, 0x19, 0x24, 0x1A, 0x48, 0x33, 0x27, 0x2B,
    0x27, 0x2B, 0xA5, 0x1A, 0x27, 0x2B, 0x48, 0x2B, 0xC3, 0x11, 0x81, 0x00, 0xA2, 0x08, 0xA2, 0x08,
    0x82, 0x00, 0xA2, 0x00, 0x02, 0x09, 0x83, 0x11, 0xC3, 0x19, 0x03, 0x1A, 0xE3, 0x19, 0xE2, 0x11,
    0x43, 0x1A, 0x84, 0x1A, 0x64, 0x22, 0xA3, 0x11, 0xA3, 0x11, 0xE3, 0x11, 0xE4, 0x11, 0x24, 0x1A,
    0x05, 0x1A, 0x63, 0x11, 0x43, 0x09, 0x63, 0x11, 0x84, 0x11, 0x43, 0x09, 0x43, 0x11, 0xA4, 0x11,
    0x23, 0x11, 0xC2, 0x08, 0x03, 0x09, 0xC2, 0x00, 0xA2, 0x08, 0xA2, 0x08, 0xA2, 0x00, 0xA2, 0x00,
    0xC3, 0x08, 0x03, 0x09, 0x63, 0x09, 0xA8, 0x43, 0x88, 0x3B, 0x62, 0x09, 0x63, 0x11, 0x63, 0x11,
    0x43, 0x11, 0x43, 0x11, 0x02, 0x09, 0x02, 0x09, 0xE5, 0x19, 0xC6, 0x22, 0x26, 0x2B, 0x26, 0x33,
    0x84, 0x22, 0x04, 0x2B, 0x05, 0x2B, 0x46, 0x33, 0x24, 0x1A, 0x02, 0x09, 0x43, 0x09, 0xE2, 0x00,
    0x41, 0x00, 0x61, 0x00, 0xA2, 0x08, 0x82, 0x08, 0x82, 0x08, 0x23, 0x11, 0xE1, 0x00, 0x24, 0x22,
    0xE4, 0x2A, 0xC2, 0x11, 0xA2, 0x11, 0xC2, 0x11, 0xC6, 0x32, 0x89, 0x53, 0x42, 0x09, 0xC4, 0x19,
    0xE3, 0x19, 0x89, 0x53, 0xC4, 0x21, 0x22, 0x09, 0xC4, 0x11, 0x45, 0x1A, 0x66, 0x1A, 0x65, 0x1A,
    0xA6, 0x1A, 0xE7, 0x22, 0x66, 0x1A, 0x64, 0x11, 0x81, 0x00, 0xE2, 0x08, 0xE5, 0x21, 0x22, 0x09,
    0x05, 0x12, 0x66, 0x22, 0x25, 0x1A, 0xE4, 0x11, 0xE4, 0x19, 0xE5, 0x19, 0xA4, 0x11, 0xC4, 0x11,
    0x23, 0x11, 0x82, 0x00, 0xA2, 0x00, 0xA1, 0x00, 0x42, 0x09, 0xA7, 0x32, 0xCA, 0x53, 0x01, 0x09,
    0x82, 0x00, 0x62, 0x00, 0x61, 0x00, 0x03, 0x09, 0x43, 0x09, 0x84, 0x19, 0x64, 0x11, 0x84, 0x11,
    0xA4, 0x11, 0x84, 0x09, 0xC4, 0x11, 0x84, 0x11, 0xA4, 0x11, 0x08, 0x33, 0x69, 0x33, 0x48, 0x33,
    0xA5, 0x22, 0x64, 0x22, 0x07, 0x2B, 0xA5, 0x22, 0xE6, 0x2A, 0xE3, 0x11, 0x81, 0x00, 0x82, 0x08,
    0x82, 0x08, 0x82, 0x00, 0xA2, 0x00, 0xA2, 0x08, 0xA2, 0x00, 0x82, 0x00, 0xA2, 0x08, 0xA2, 0x08,
    0xA2, 0x08, 0x82, 0x08, 0x82, 0x00, 0x82, 0x00, 0x82, 0x00, 0x82, 0x00, 0x82, 0x00, 0x82, 0x08,
    0x82, 0x00, 0x82, 0x00, 0x61, 0x00, 0x41, 0x00, 0x41, 0x00, 0x41, 0x00, 0x41, 0x00, 0x61, 0x00,
    0x41, 0x00, 0xE2, 0x08, 0xA4, 0x11, 0x84, 0x11, 0x83, 0x11, 0x63, 0x11, 0x83, 0x11, 0x45, 0x22,
    0x64, 0x22, 0x0B, 0x6C, 0x54, 0xAD, 0xEF, 0x7B, 0x83, 0x11, 0x4E, 0x74, 0x93, 0xA5, 0xE8, 0x4A,
    0x62, 0x09, 0x04, 0x1A, 0xE5, 0x19, 0xA2, 0x00, 0xA2, 0x00, 0x43, 0x09, 0xA3, 0x11, 0x83, 0x11,
    0x83, 0x11, 0x83, 0x11, 0x83, 0x11, 0x42, 0x09, 0x63, 0x11, 0x63, 0x11, 0x63, 0x11, 0x63, 0x11,
    0xA3, 0x11, 0x83, 0x11, 0xC3, 0x11, 0xC8, 0x43, 0x69, 0x54, 0x46, 0x3B, 0x42, 0x09, 0x42, 0x11,
    0xE4, 0x19, 0xA6, 0x22, 0x63, 0x09, 0xC2, 0x08, 0xE2, 0x08, 0xA4, 0x11, 0x84, 0x11, 0x03, 0x11,
    0xC2, 0x08, 0xA2, 0x00, 0xC2, 0x08, 0x03, 0x11, 0x43, 0x11, 0x23, 0x11, 0x03, 0x09, 0x43, 0x11,
    0xA4, 0x19, 0xC2, 0x11, 0xA3, 0x11, 0x44, 0x11, 0x84, 0x11, 0x84, 0x11, 0x64, 0x11, 0x23, 0x09,
    0xA2, 0x00, 0x24, 0x09, 0x03, 0x09, 0xE3, 0x08, 0xC2, 0x00, 0x03, 0x09, 0x47, 0x1A, 0xC8, 0x22,
    0x66, 0x1A, 0xC3, 0x11, 0x42, 0x09, 0xC5, 0x19, 0xA4, 0x11, 0x22, 0x09, 0x25, 0x1A, 0x47, 0x2B,
    0x67, 0x33, 0xE6, 0x2A, 0x27, 0x2B, 0x28, 0x2B, 0x42, 0x09, 0xE2, 0x08, 0xC2, 0x08, 0xA2, 0x08,
    0xC2, 0x08, 0xC2, 0x08, 0xA2, 0x08, 0xA2, 0x00, 0xC1, 0x00, 0x02, 0x09, 0xC3, 0x19, 0x23, 0x1A,
    0x43, 0x1A, 0xE6, 0x2A, 0xC5, 0x22, 0x82, 0x11, 0xA3, 0x11, 0xE3, 0x11, 0x24, 0x1A, 0x44, 0x1A,
    0x04, 0x1A, 0x63, 0x09, 0x84, 0x11, 0x84, 0x11, 0xA4, 0x11, 0x64, 0x11, 0xA4, 0x11, 0x06, 0x1A,
    0x03, 0x09, 0x23, 0x09, 0xA4, 0x11, 0x23, 0x11, 0x03, 0x09, 0x03, 0x09, 0x03, 0x09, 0x03, 0x09,
    0xC3, 0x00, 0xA2, 0x00, 0x02, 0x09, 0x86, 0x22, 0x24, 0x1A, 0x83, 0x11, 0x83, 0x11, 0x63, 0x11,
    0x63, 0x11, 0x63, 0x11, 0x43, 0x09, 0x42, 0x09, 0x02, 0x09, 0xC3, 0x11, 0x26, 0x2B, 0xE5, 0x22,
    0xE5, 0x22, 0xE4, 0x22, 0x87, 0x3B, 0xE5, 0x32, 0x01, 0x09, 0xE2, 0x08, 0xC4, 0x19, 0x63, 0x11,
    0xA2, 0x00, 0xA2, 0x08, 0xA2, 0x08, 0x82, 0x00, 0x81, 0x00, 0x63, 0x11, 0x02, 0x09, 0x23, 0x1A,
    0xA4, 0x22, 0xE3, 0x19, 0xA2, 0x11, 0x03, 0x1A, 0xA9, 0x4B, 0xA9, 0x53, 0x02, 0x09, 0x63, 0x11,
    0x43, 0x1A, 0x43, 0x22, 0x84, 0x22, 0x42, 0x09, 0xC3, 0x11, 0xA3, 0x09, 0x65, 0x22, 0xC6, 0x22,
    0x07, 0x23, 0x27, 0x23, 0x49, 0x33, 0x26, 0x1A, 0x44, 0x11, 0xC2, 0x08, 0xC2, 0x08, 0x03, 0x11,
    0x66, 0x1A, 0x46, 0x1A, 0x25, 0x1A, 0xE4, 0x11, 0xE4, 0x11, 0x05, 0x1A, 0x25, 0x1A, 0xA3, 0x11,
    0xC1, 0x08, 0xC3, 0x10, 0xC2, 0x08, 0xA1, 0x00, 0x63, 0x11, 0x43, 0x11, 0xC2, 0x08, 0x81, 0x00,
    0x81, 0x00, 0x82, 0x00, 0x82, 0x00, 0xA2, 0x00, 0x64, 0x11, 0xE5, 0x19, 0x84, 0x11, 0xE5, 0x19,
    0x84, 0x11, 0xE5, 0x19, 0x83, 0x09, 0xC5, 0x11, 0xA4, 0x11, 0xA3, 0x09, 0x49, 0x33, 0x68, 0x33,
    0xE5, 0x22, 0x84, 0x1A, 0x27, 0x2B, 0xA5, 0x1A, 0x24, 0x1A, 0x63, 0x11, 0x61, 0x00, 0x82, 0x00,
    0xA2, 0x08, 0xA2, 0x08, 0xA2, 0x08, 0xA2, 0x08, 0xA2, 0x08, 0xA2, 0x08, 0x82, 0x00, 0xA2, 0x08,
    0x82, 0x00, 0x82, 0x08, 0x82, 0x00, 0x82, 0x00, 0x82, 0x00, 0x82, 0x00, 0x62, 0x00, 0x82, 0x00,
    0x82, 0x00, 0x82, 0x00, 0x82, 0x00, 0x61, 0x00, 0x41, 0x00, 0x41, 0x00, 0x41, 0x00, 0x61, 0x00,
    0x41, 0x00, 0x81, 0x00, 0x43, 0x11, 0x84, 0x11, 0xA4, 0x11, 0x83, 0x11, 0xE4, 0x19, 0xA6, 0x2A,
    0xE3, 0x11, 0x69, 0x53, 0xB3, 0xAD, 0x88, 0x42, 0xC4, 0x19, 0x49, 0x53, 0xCF, 0x84, 0xA7, 0x3A,
    0xE3, 0x11, 0x24, 0x1A, 0x23, 0x09, 0xA3, 0x08, 0xC2, 0x08, 0xA4, 0x19, 0xE4, 0x19, 0xC4, 0x11,
    0xA3, 0x11, 0x83, 0x11, 0x83, 0x11, 0x62, 0x09, 0x83, 0x11, 0x83, 0x11, 0x83, 0x11, 0xA3, 0x11,
    0x04, 0x1A, 0xA4, 0x19, 0xA3, 0x09, 0x67, 0x3B, 0xEB, 0x6C, 0xE3, 0x19, 0x22, 0x09, 0xA3, 0x11,
    0x45, 0x22, 0xE5, 0x19, 0x02, 0x09, 0xA2, 0x00, 0x84, 0x19, 0x84, 0x11, 0x02, 0x09, 0x03, 0x09,
    0x03, 0x09, 0xE2, 0x08, 0xE3, 0x08, 0xE3, 0x08, 0x23, 0x11, 0x44, 0x11, 0x03, 0x09, 0x23, 0x09,
    0x83, 0x11, 0xE3, 0x11, 0xE3, 0x19, 0x64, 0x11, 0x84, 0x11, 0xA4, 0x11, 0x84, 0x11, 0x03, 0x09,
    0x82, 0x00, 0x44, 0x11, 0x64, 0x11, 0xE3, 0x08, 0xE3, 0x08, 0xE3, 0x08, 0x43, 0x09, 0x46, 0x1A,
    0x86, 0x22, 0xE4, 0x11, 0xA3, 0x11, 0x23, 0x09, 0xC1, 0x00, 0xA1, 0x00, 0xE2, 0x00, 0x24, 0x1A,
    0x07, 0x2B, 0xE7, 0x2A, 0x27, 0x33, 0xC4, 0x11, 0xE2, 0x10, 0x02, 0x11, 0x22, 0x09, 0x02, 0x09,
    0xE2, 0x08, 0xE2, 0x08, 0xE2, 0x08, 0xE2, 0x08, 0xC2, 0x08, 0x61, 0x00, 0x81, 0x00, 0x83, 0x11,
    0xA4, 0x22, 0x66, 0x2B, 0xC5, 0x2A, 0x82, 0x11, 0xA3, 0x11, 0xE3, 0x11, 0x24, 0x1A, 0x44, 0x1A,
    0x45, 0x1A, 0xA4, 0x11, 0xE4, 0x11, 0xC5, 0x11, 0xC5, 0x11, 0xC5, 0x19, 0xC4, 0x11, 0x26, 0x22,
    0xC2, 0x08, 0xC5, 0x19, 0xC4, 0x11, 0x43, 0x11, 0x23, 0x09, 0x43, 0x09, 0x43, 0x09, 0x43, 0x09,
    0x43, 0x11, 0x82, 0x08, 0x61, 0x00, 0x63, 0x11, 0xE5, 0x19, 0xE5, 0x19, 0xA4, 0x19, 0xA4, 0x19,
    0x83, 0x11, 0x63, 0x11, 0x63, 0x11, 0x63, 0x09, 0x02, 0x09, 0x24, 0x1A, 0xC8, 0x43, 0x67, 0x33,
    0x05, 0x2B, 0x66, 0x33, 0xC5, 0x22, 0x83, 0x11, 0x82, 0x00, 0xE2, 0x08, 0x05, 0x1A, 0x25, 0x1A,
    0x63, 0x11, 0xE2, 0x08, 0x81, 0x00, 0x81, 0x00, 0x81, 0x00, 0x02, 0x09, 0x02, 0x09, 0x44, 0x22,
    0xE4, 0x2A, 0xE2, 0x11, 0xC2, 0x11, 0x85, 0x22, 0x88, 0x43, 0xA9, 0x53, 0x02, 0x09, 0x02, 0x09,
    0x64, 0x22, 0xE2, 0x11, 0xE5, 0x2A, 0x24, 0x1A, 0xC3, 0x11, 0xE4, 0x19, 0xE4, 0x11, 0x45, 0x1A,
    0x28, 0x2B, 0x28, 0x2B, 0x69, 0x33, 0xE8, 0x2A, 0x84, 0x19, 0xC2, 0x08, 0x82, 0x00, 0xA2, 0x00,
    0x65, 0x12, 0xA7, 0x22, 0x25, 0x1A, 0x04, 0x12, 0x45, 0x1A, 0x04, 0x12, 0x04, 0x12, 0x63, 0x11,
    0xA1, 0x08, 0xC2, 0x08, 0xE3, 0x08, 0xE3, 0x08, 0x02, 0x09, 0xA2, 0x00, 0xA2, 0x08, 0xC2, 0x08,
    0xA2, 0x00, 0x82, 0x00, 0x82, 0x00, 0x61, 0x00, 0xA5, 0x19, 0xE5, 0x11, 0xC5, 0x11, 0x05, 0x1A,
    0xC4, 0x11, 0xE5, 0x19, 0xA4, 0x11, 0xC5, 0x19, 0xA4, 0x11, 0xE4, 0x11, 0xE4, 0x11, 0x07, 0x2B,
    0x47, 0x2B, 0x64, 0x1A, 0xE6, 0x22, 0x84, 0x1A, 0xC4, 0x19, 0x61, 0x00, 0x62, 0x00, 0x82, 0x00,
    0xA2, 0x08, 0xA2, 0x08, 0xA2, 0x08, 0xA2, 0x08, 0xA2, 0x08, 0x82, 0x08, 0x82, 0x08, 0x82, 0x08,
    0x82, 0x00, 0x82, 0x00, 0x82, 0x00, 0x82, 0x00, 0x82, 0x00, 0x82, 0x00, 0x82, 0x00, 0x82, 0x00,
    0x82, 0x00, 0x82, 0x00, 0x82, 0x00, 0x82, 0x00, 0x41, 0x00, 0x41, 0x00, 0x41, 0x00, 0x41, 0x00,
    0x61, 0x00, 0x61, 0x00, 0xC2, 0x00, 0x43, 0x11, 0xA4, 0x11, 0xC4, 0x11, 0x25, 0x1A, 0x45, 0x1A,
    0x24, 0x1A, 0xE7, 0x3A, 0x4C, 0x74, 0x82, 0x11, 0x45, 0x2A, 0xA9, 0x53, 0x07, 0x3B, 0xE3, 0x19,
    0x24, 0x1A, 0xC3, 0x11, 0xC2, 0x00, 0xC3, 0x08, 0xA3, 0x00, 0xA4, 0x19, 0x25, 0x1A, 0x25, 0x1A,
    0x04, 0x1A, 0xC3, 0x11, 0xA3, 0x11, 0x82, 0x11, 0x82, 0x11, 0xA3, 0x11, 0xC3, 0x11, 0x04, 0x12,
    0x45, 0x1A, 0xC4, 0x19, 0xC4, 0x11, 0x65, 0x22, 0xE5, 0x32, 0x62, 0x09, 0x83, 0x11, 0x24, 0x1A,
    0xC4, 0x11, 0x81, 0x00, 0x81, 0x00, 0xC2, 0x08, 0x63, 0x09, 0x63, 0x09, 0x43, 0x11, 0x23, 0x11,
    0x23, 0x09, 0x02, 0x09, 0x02, 0x09, 0x02, 0x09, 0x23, 0x09, 0x64, 0x11, 0x64, 0x11, 0x43, 0x09,
    0x63, 0x09, 0x25, 0x22, 0x43, 0x1A, 0x04, 0x1A, 0x84, 0x09, 0xE5, 0x19, 0x84, 0x11, 0xA2, 0x00,
    0x82, 0x08, 0x44, 0x11, 0x23, 0x09, 0x44, 0x11, 0x24, 0x11, 0xE3, 0x08, 0xC2, 0x00, 0x23, 0x09,
    0x46, 0x22, 0x45, 0x1A, 0x83, 0x09, 0xC2, 0x00, 0xC2, 0x08, 0xE2, 0x08, 0xE2, 0x08, 0xE2, 0x00,
    0xA4, 0x11, 0xE6, 0x2A, 0xA6, 0x2A, 0x81, 0x00, 0x41, 0x00, 0xA2, 0x08, 0x02, 0x09, 0x23, 0x09,
    0x43, 0x11, 0x42, 0x09, 0x02, 0x09, 0x02, 0x09, 0x02, 0x11, 0xC2, 0x00, 0x62, 0x00, 0x41, 0x00,
    0xA3, 0x11, 0xC8, 0x43, 0xE6, 0x2A, 0xA2, 0x11, 0xC3, 0x11, 0xE2, 0x11, 0x23, 0x1A, 0x64, 0x1A,
    0x44, 0x1A, 0x05, 0x1A, 0x25, 0x1A, 0x26, 0x1A, 0x26, 0x1A, 0x67, 0x22, 0x66, 0x1A, 0x84, 0x11,
    0x61, 0x00, 0x06, 0x1A, 0x25, 0x1A, 0x84, 0x11, 0x84, 0x11, 0x84, 0x11, 0x64, 0x11, 0x84, 0x11,
    0x43, 0x09, 0xA2, 0x08, 0x61, 0x00, 0xA2, 0x00, 0x64, 0x11, 0x05, 0x1A, 0x04, 0x1A, 0xC4, 0x11,
    0xA4, 0x11, 0x83, 0x11, 0x63, 0x11, 0x63, 0x09, 0x02, 0x09, 0xC3, 0x11, 0x87, 0x3B, 0x66, 0x33,
    0x87, 0x3B, 0xA4, 0x2A, 0xE4, 0x19, 0xA3, 0x00, 0x82, 0x00, 0x23, 0x11, 0x43, 0x11, 0x02, 0x01,
    0xA3, 0x11, 0x63, 0x11, 0x84, 0x11, 0xC5, 0x19, 0xE2, 0x08, 0xE2, 0x08, 0x03, 0x09, 0x23, 0x1A,
    0xE4, 0x2A, 0x02, 0x12, 0x84, 0x22, 0x84, 0x1A, 0x89, 0x43, 0x6C, 0x6C, 0x47, 0x3A, 0xA1, 0x00,
    0xE4, 0x19, 0x43, 0x1A, 0xA5, 0x22, 0x47, 0x33, 0x04, 0x12, 0x05, 0x1A, 0x04, 0x1A, 0x86, 0x22,
    0xC7, 0x22, 0x69, 0x3B, 0x89, 0x33, 0x69, 0x33, 0x43, 0x09, 0xA2, 0x00, 0xA2, 0x08, 0xA2, 0x00,
    0x08, 0x2B, 0xA7, 0x22, 0x05, 0x1A, 0x25, 0x1A, 0x66, 0x22, 0x86, 0x22, 0xC4, 0x11, 0xC2, 0x00,
    0xA2, 0x08, 0xE3, 0x08, 0xE3, 0x08, 0xE2, 0x08, 0xC2, 0x08, 0xE2, 0x08, 0xE3, 0x08, 0xE3, 0x08,
    0xC2, 0x08, 0xA2, 0x00, 0x81, 0x00, 0x41, 0x00, 0x03, 0x09, 0x83, 0x09, 0x06, 0x1A, 0xC4, 0x11,
    0x05, 0x1A, 0xE5, 0x11, 0x05, 0x1A, 0xC5, 0x11, 0xE5, 0x19, 0x25, 0x1A, 0x83, 0x11, 0x83, 0x11,
    0xA6, 0x22, 0x27, 0x33, 0xC5, 0x22, 0x04, 0x1A, 0xC2, 0x08, 0x61, 0x00, 0x61, 0x00, 0x82, 0x00,
    0xA2, 0x08, 0xA2, 0x08, 0xA2, 0x08, 0xA2, 0x08, 0x82, 0x00, 0x82, 0x08, 0x82, 0x08, 0xA2, 0x08,
    0x82, 0x00, 0x82, 0x00, 0x82, 0x00, 0x82, 0x00, 0x82, 0x00, 0x82, 0x00, 0x82, 0x00, 0x82, 0x00,
    0x82, 0x00, 0x82, 0x00, 0x82, 0x00, 0x82, 0x08, 0x62, 0x00, 0x41, 0x00, 0x41, 0x00, 0x41, 0x00,
    0x61, 0x00, 0x61, 0x00, 0x61, 0x00, 0xE3, 0x08, 0x83, 0x11, 0x24, 0x1A, 0x65, 0x1A, 0x66, 0x22,
    0x04, 0x1A, 0x24, 0x1A, 0x08, 0x43, 0xC4, 0x11, 0x86, 0x2A, 0xE7, 0x3A, 0x44, 0x22, 0x03, 0x12,
    0x65, 0x22, 0x43, 0x09, 0xE3, 0x08, 0xC2, 0x08, 0xE3, 0x08, 0x03, 0x09, 0x46, 0x22, 0x65, 0x1A,
    0x24, 0x1A, 0x04, 0x1A, 0xE4, 0x19, 0xA3, 0x19, 0x83, 0x11, 0xC3, 0x11, 0xE4, 0x19, 0x65, 0x1A,
    0xC6, 0x22, 0x83, 0x11, 0x05, 0x1A, 0x25, 0x1A, 0x42, 0x09, 0x83, 0x11, 0x65, 0x22, 0x04, 0x1A,
    0xC1, 0x00, 0x82, 0x08, 0x82, 0x00, 0x44, 0x09, 0x67, 0x22, 0x46, 0x1A, 0x83, 0x11, 0x43, 0x09,
    0x22, 0x09, 0x43, 0x11, 0x23, 0x09, 0x23, 0x09, 0x43, 0x09, 0x43, 0x09, 0x43, 0x09, 0x84, 0x11,
    0x84, 0x11, 0xA2, 0x11, 0xE5, 0x2A, 0x44, 0x22, 0x84, 0x11, 0x84, 0x11, 0xC2, 0x00, 0xA2, 0x00,
    0xA2, 0x08, 0x23, 0x09, 0x85, 0x11, 0x64, 0x11, 0x44, 0x09, 0x44, 0x11, 0xC2, 0x08, 0xC2, 0x08,
    0x22, 0x09, 0x04, 0x1A, 0x83, 0x11, 0xC2, 0x08, 0xE3, 0x08, 0x23, 0x09, 0x03, 0x09, 0xE3, 0x08,
    0x02, 0x09, 0x65, 0x22, 0xC4, 0x11, 0x61, 0x00, 0x42, 0x00, 0x41, 0x00, 0x61, 0x00, 0x82, 0x00,
    0xE2, 0x08, 0xA4, 0x11, 0xA3, 0x11, 0x42, 0x09, 0x62, 0x11, 0x63, 0x11, 0xA2, 0x08, 0x61, 0x00,
    0x41, 0x00, 0xC4, 0x19, 0x85, 0x22, 0x24, 0x22, 0x24, 0x1A, 0x22, 0x1A, 0x43, 0x1A, 0xA5, 0x22,
    0x65, 0x1A, 0x45, 0x1A, 0x46, 0x1A, 0xA7, 0x22, 0x67, 0x1A, 0xC9, 0x2A, 0x26, 0x1A, 0xC2, 0x00,
    0x82, 0x08, 0x67, 0x22, 0x25, 0x12, 0xE5, 0x19, 0xC5, 0x11, 0xC5, 0x11, 0xA5, 0x11, 0xA4, 0x11,
    0xC5, 0x11, 0xA2, 0x00, 0x81, 0x00, 0x81, 0x00, 0x81, 0x00, 0xE1, 0x08, 0x04, 0x1A, 0xE4, 0x11,
    0xC4, 0x11, 0xA3, 0x11, 0x83, 0x11, 0x83, 0x11, 0x84, 0x11, 0xA3, 0x11, 0x05, 0x2B, 0xC8, 0x3B,
    0x06, 0x2B, 0x62, 0x09, 0x03, 0x09, 0xA2, 0x08, 0x82, 0x00, 0xE5, 0x19, 0x04, 0x22, 0xE4, 0x11,
    0x86, 0x22, 0xE4, 0x11, 0x86, 0x22, 0x04, 0x12, 0xE4, 0x19, 0xC4, 0x11, 0x22, 0x09, 0x84, 0x2A,
    0xE3, 0x2A, 0x63, 0x1A, 0x26, 0x2B, 0x84, 0x1A, 0x28, 0x3B, 0x6C, 0x74, 0xD1, 0x8C, 0x81, 0x00,
    0x43, 0x11, 0xA5, 0x22, 0x23, 0x1A, 0x46, 0x33, 0x25, 0x1A, 0x87, 0x22, 0xA6, 0x22, 0xA6, 0x22,
    0x85, 0x1A, 0xC6, 0x22, 0x48, 0x2B, 0xCA, 0x3B, 0xE5, 0x19, 0xC2, 0x08, 0xE3, 0x08, 0xC2, 0x08,
    0xE7, 0x22, 0xC7, 0x22, 0x66, 0x1A, 0x66, 0x1A, 0x86, 0x1A, 0xA6, 0x22, 0x63, 0x11, 0xA1, 0x08,
    0xA1, 0x00, 0xC2, 0x00, 0x03, 0x09, 0x03, 0x09, 0xE2, 0x08, 0x03, 0x09, 0x03, 0x09, 0x03, 0x09,
    0xE2, 0x08, 0xA2, 0x00, 0x82, 0x08, 0x42, 0x00, 0x41, 0x00, 0x23, 0x09, 0x05, 0x1A, 0xA4, 0x11,
    0x26, 0x1A, 0xC5, 0x11, 0x46, 0x1A, 0xC4, 0x11, 0x25, 0x1A, 0x05, 0x1A, 0x25, 0x1A, 0xC4, 0x11,
    0x25, 0x22, 0x68, 0x33, 0x84, 0x1A, 0x22, 0x09, 0x61, 0x00, 0x61, 0x00, 0x61, 0x00, 0x61, 0x00,
    0x82, 0x08, 0xA2, 0x08, 0xA2, 0x08, 0xA2, 0x08, 0xA2, 0x08, 0xA2, 0x08, 0x82, 0x00, 0x82, 0x00,
    0x82, 0x00, 0x82, 0x00, 0x82, 0x00, 0x82, 0x00, 0x82, 0x00, 0x82, 0x00, 0x82, 0x00, 0x82, 0x00,
    0x82, 0x00, 0x82, 0x00, 0x82, 0x00, 0x82, 0x08, 0x62, 0x00, 0x41, 0x00, 0x41, 0x00, 0x61, 0x00,
    0x41, 0x00, 0x61, 0x00, 0xC3, 0x08, 0x03, 0x09, 0x43, 0x09, 0xA3, 0x11, 0x85, 0x22, 0x25, 0x22,
    0x83, 0x11, 0xC3, 0x11, 0xC3, 0x11, 0xE4, 0x11, 0xE4, 0x11, 0x04, 0x1A, 0x85, 0x22, 0xC6, 0x2A,
    0x84, 0x11, 0x02, 0x09, 0x23, 0x11, 0xE2, 0x08, 0xE2, 0x08, 0xC3, 0x08, 0x64, 0x09, 0x85, 0x22,
    0x85, 0x1A, 0x24, 0x1A, 0x03, 0x1A, 0x24, 0x22, 0xA2, 0x11, 0xC3, 0x19, 0x04, 0x1A, 0xE7, 0x2A,
    0x05, 0x1A, 0x42, 0x09, 0x66, 0x22, 0x65, 0x22, 0x83, 0x11, 0x24, 0x1A, 0x45, 0x22, 0x02, 0x09,
    0xC3, 0x08, 0xA2, 0x08, 0x82, 0x00, 0xA5, 0x11, 0xE5, 0x11, 0x43, 0x09, 0x63, 0x11, 0x63, 0x11,
    0x22, 0x09, 0x63, 0x09, 0x63, 0x11, 0x43, 0x09, 0x63, 0x11, 0xC5, 0x11, 0x26, 0x1A, 0x05, 0x1A,
    0x84, 0x11, 0x22, 0x09, 0xA5, 0x22, 0x04, 0x22, 0x03, 0x09, 0xC2, 0x08, 0xA2, 0x00, 0xA2, 0x08,
    0xA2, 0x00, 0x64, 0x11, 0x84, 0x11, 0x84, 0x11, 0xE5, 0x19, 0x64, 0x11, 0xE2, 0x08, 0x03, 0x09,
    0x02, 0x09, 0x64, 0x11, 0x23, 0x09, 0x03, 0x09, 0x03, 0x09, 0x23, 0x09, 0x43, 0x11, 0x43, 0x11,
    0x43, 0x09, 0x83, 0x11, 0x63, 0x11, 0xE2, 0x08, 0x41, 0x00, 0x41, 0x00, 0x61, 0x00, 0x61, 0x00,
    0x41, 0x00, 0x81, 0x00, 0x02, 0x09, 0xA4, 0x11, 0xC4, 0x11, 0x45, 0x1A, 0x64, 0x11, 0x61, 0x00,
    0x82, 0x08, 0xE2, 0x08, 0x22, 0x09, 0x42, 0x09, 0x24, 0x1A, 0x64, 0x1A, 0x84, 0x22, 0xE5, 0x22,
    0xE6, 0x22, 0x87, 0x22, 0x87, 0x1A, 0xE8, 0x22, 0x88, 0x22, 0xA5, 0x11, 0xA2, 0x00, 0x82, 0x00,
    0x61, 0x00, 0x06, 0x1A, 0x88, 0x22, 0x06, 0x22, 0x26, 0x1A, 0x06, 0x12, 0xE5, 0x11, 0x47, 0x1A,
    0xA5, 0x11, 0x81, 0x00, 0x82, 0x08, 0xA2, 0x00, 0xA2, 0x00, 0x81, 0x00, 0xC2, 0x08, 0x22, 0x09,
    0x84, 0x11, 0xA4, 0x11, 0x66, 0x22, 0x45, 0x22, 0xC3, 0x11, 0x83, 0x11, 0x05, 0x33, 0xA8, 0x43,
    0xC3, 0x11, 0xE2, 0x08, 0xE2, 0x08, 0xE3, 0x08, 0x82, 0x00, 0x84, 0x11, 0x45, 0x1A, 0x45, 0x1A,
    0x04, 0x12, 0x86, 0x1A, 0x25, 0x1A, 0x45, 0x1A, 0x25, 0x1A, 0xA4, 0x11, 0xE4, 0x19, 0x45, 0x2A,
    0xC5, 0x3A, 0x66, 0x33, 0xC8, 0x3B, 0xE4, 0x19, 0x45, 0x22, 0x6C, 0x74, 0xF6, 0xBD, 0x65, 0x21,
    0xA1, 0x00, 0x45, 0x22, 0x24, 0x1A, 0x05, 0x2B, 0x43, 0x09, 0xA4, 0x11, 0x26, 0x1A, 0x86, 0x22,
    0x69, 0x33, 0x89, 0x3B, 0x07, 0x23, 0x28, 0x2B, 0x26, 0x1A, 0x23, 0x09, 0x03, 0x09, 0xE2, 0x08,
    0x07, 0x23, 0xC7, 0x22, 0x86, 0x22, 0x86, 0x1A, 0xC7, 0x2A, 0x04, 0x12, 0xE2, 0x08, 0xC2, 0x08,
    0xC2, 0x08, 0xA1, 0x00, 0xE2, 0x00, 0x44, 0x11, 0x43, 0x11, 0xC2, 0x08, 0x03, 0x09, 0x23, 0x09,
    0x02, 0x01, 0xA2, 0x00, 0x41, 0x00, 0x42, 0x08, 0x41, 0x00, 0x81, 0x00, 0x63, 0x09, 0xE5, 0x11,
    0x25, 0x1A, 0xE4, 0x11, 0x46, 0x1A, 0xE4, 0x19, 0x25, 0x1A, 0x05, 0x1A, 0x66, 0x22, 0x25, 0x1A,
    0xA3, 0x11, 0xA5, 0x22, 0x65, 0x1A, 0xA0, 0x00, 0xA2, 0x08, 0x61, 0x00, 0x41, 0x00, 0x61, 0x00,
    0x82, 0x00, 0x82, 0x08, 0xA2, 0x08, 0xA2, 0x08, 0xA2, 0x08, 0x82, 0x00, 0x82, 0x00, 0x82, 0x00,
    0x82, 0x00, 0x82, 0x00, 0x62, 0x00, 0x82, 0x00, 0x82, 0x00, 0x82, 0x00, 0x82, 0x00, 0x82, 0x00,
    0x82, 0x00, 0x82, 0x00, 0x82, 0x00, 0x62, 0x00, 0x62, 0x00, 0x61, 0x00, 0x61, 0x00, 0x41, 0x00,
    0x62, 0x00, 0xE3, 0x08, 0xE3, 0x08, 0x23, 0x09, 0x03, 0x09, 0xE3, 0x08, 0x64, 0x11, 0x23, 0x09,
    0xC2, 0x00, 0xA4, 0x11, 0xE3, 0x11, 0xC3, 0x11, 0xA3, 0x11, 0x24, 0x1A, 0x27, 0x2B, 0x65, 0x22,
    0x23, 0x09, 0x23, 0x09, 0x03, 0x09, 0x03, 0x09, 0x03, 0x09, 0xE3, 0x08, 0xE2, 0x08, 0x83, 0x11,
    0xC6, 0x22, 0xA5, 0x22, 0x64, 0x1A, 0x64, 0x1A, 0xE3, 0x11, 0xE3, 0x19, 0x65, 0x22, 0xE6, 0x2A,
    0x03, 0x09, 0xE2, 0x08, 0xA6, 0x22, 0x86, 0x1A, 0x24, 0x1A, 0x85, 0x22, 0x22, 0x09, 0xA2, 0x08,
    0xC3, 0x08, 0xA2, 0x00, 0x82, 0x00, 0x64, 0x11, 0xE5, 0x11, 0x66, 0x22, 0x05, 0x1A, 0x43, 0x09,
    0x43, 0x11, 0x63, 0x11, 0x83, 0x11, 0xC4, 0x11, 0x05, 0x12, 0x63, 0x09, 0xC5, 0x19, 0x46, 0x1A,
    0xA4, 0x11, 0x23, 0x11, 0x03, 0x09, 0xA1, 0x00, 0xA2, 0x00, 0xC2, 0x08, 0xC2, 0x08, 0xA2, 0x08,
    0xA2, 0x08, 0x23, 0x09, 0x84, 0x11, 0xE5, 0x11, 0x46, 0x1A, 0x64, 0x11, 0x23, 0x09, 0x63, 0x11,
    0x63, 0x11, 0x23, 0x09, 0xE2, 0x08, 0x43, 0x09, 0x63, 0x09, 0x43, 0x09, 0x63, 0x11, 0x84, 0x11,
    0x83, 0x11, 0x83, 0x11, 0x83, 0x09, 0x84, 0x11, 0xE2, 0x08, 0x61, 0x00, 0x61, 0x00, 0x61, 0x00,
    0x61, 0x00, 0x41, 0x00, 0x21, 0x00, 0x82, 0x00, 0x43, 0x09, 0x46, 0x1A, 0x66, 0x1A, 0xA2, 0x00,
    0xA2, 0x00, 0x84, 0x11, 0x06, 0x22, 0x83, 0x11, 0x83, 0x09, 0x63, 0x11, 0xA3, 0x11, 0x44, 0x1A,
    0x48, 0x2B, 0x08, 0x23, 0x87, 0x1A, 0x67, 0x22, 0x23, 0x09, 0x81, 0x00, 0xA2, 0x08, 0x82, 0x00,
    0x62, 0x00, 0x24, 0x11, 0xE9, 0x22, 0xA8, 0x1A, 0x47, 0x1A, 0x46, 0x1A, 0x88, 0x22, 0x47, 0x22,
    0xC2, 0x00, 0x82, 0x08, 0xA2, 0x08, 0xA2, 0x00, 0xA2, 0x00, 0xA2, 0x00, 0x81, 0x00, 0x81, 0x00,
    0xA2, 0x08, 0xE2, 0x00, 0xE5, 0x19, 0x04, 0x12, 0x83, 0x09, 0x42, 0x09, 0xE6, 0x32, 0xA5, 0x22,
    0x01, 0x01, 0xA2, 0x08, 0xC2, 0x08, 0x23, 0x11, 0xE3, 0x08, 0x05, 0x22, 0xA6, 0x32, 0x45, 0x1A,
    0x86, 0x22, 0x66, 0x1A, 0x05, 0x1A, 0xA4, 0x11, 0xA4, 0x11, 0x06, 0x22, 0xE5, 0x21, 0x45, 0x3A,
    0x6A, 0x6B, 0x8D, 0x7C, 0x85, 0x22, 0x83, 0x09, 0x05, 0x22, 0xAA, 0x5B, 0x98, 0xCE, 0x0C, 0x53,
    0x60, 0x00, 0xA3, 0x11, 0x44, 0x1A, 0xE5, 0x2A, 0x84, 0x19, 0x81, 0x00, 0x81, 0x00, 0x02, 0x09,
    0x66, 0x22, 0x69, 0x3B, 0xAA, 0x3B, 0x69, 0x33, 0x25, 0x1A, 0x44, 0x11, 0x23, 0x09, 0x24, 0x09,
    0x29, 0x2B, 0x07, 0x23, 0xA6, 0x22, 0x07, 0x2B, 0xA7, 0x2A, 0x22, 0x09, 0xE2, 0x08, 0x02, 0x09,
    0xE2, 0x08, 0x03, 0x09, 0xE2, 0x00, 0xE2, 0x08, 0x43, 0x11, 0x43, 0x11, 0x02, 0x09, 0x23, 0x09,
    0x23, 0x09, 0xE2, 0x08, 0x61, 0x00, 0x41, 0x00, 0x61, 0x00, 0x41, 0x00, 0x81, 0x00, 0xE5, 0x19,
    0xE4, 0x11, 0x25, 0x1A, 0x46, 0x1A, 0x05, 0x1A, 0x25, 0x1A, 0x25, 0x1A, 0x45, 0x1A, 0x86, 0x22,
    0xC4, 0x11, 0x85, 0x22, 0x04, 0x1A, 0xC1, 0x00, 0xE3, 0x08, 0x81, 0x00, 0x41, 0x00, 0x62, 0x00,
    0xA2, 0x08, 0x82, 0x08, 0x82, 0x00, 0x82, 0x00, 0x82, 0x00, 0x82, 0x00, 0x82, 0x00, 0x82, 0x00,
    0x82, 0x00, 0x82, 0x00, 0x82, 0x00, 0x82, 0x00, 0x82, 0x00, 0x82, 0x00, 0x82, 0x00, 0x82, 0x00,
    0x82, 0x00, 0x62, 0x00, 0x62, 0x00, 0x62, 0x00, 0x62, 0x00, 0x61, 0x00, 0x61, 0x00, 0x61, 0x00,
    0x04, 0x11, 0x24, 0x11, 0xE3, 0x08, 0x23, 0x09, 0xE3, 0x08, 0xE4, 0x08, 0xE3, 0x08, 0xE3, 0x10,
    0xA2, 0x00, 0x02, 0x09, 0x83, 0x11, 0xA3, 0x11, 0xA3, 0x11, 0xA3, 0x11, 0x86, 0x22, 0x04, 0x12,
    0x23, 0x09, 0x44, 0x11, 0x03, 0x09, 0x24, 0x11, 0xE3, 0x08, 0xE3, 0x08, 0xC2, 0x08, 0xC2, 0x00,
    0x43, 0x09, 0x45, 0x22, 0xC6, 0x22, 0x06, 0x23, 0x85, 0x1A, 0xC3, 0x11, 0x27, 0x33, 0x66, 0x22,
    0xA1, 0x00, 0xC2, 0x08, 0xC4, 0x11, 0xC6, 0x22, 0xA5, 0x22, 0xE4, 0x19, 0x03, 0x09, 0x23, 0x09,
    0x24, 0x09, 0xA2, 0x08, 0x81, 0x00, 0xE2, 0x00, 0xA8, 0x2A, 0x46, 0x1A, 0x42, 0x09, 0xA4, 0x11,
    0x83, 0x11, 0x42, 0x09, 0x05, 0x1A, 0x25, 0x1A, 0x26, 0x1A, 0x67, 0x22, 0xC5, 0x11, 0xC5, 0x11,
    0xC5, 0x19, 0xA2, 0x08, 0x62, 0x00, 0x41, 0x00, 0x82, 0x00, 0xC3, 0x08, 0xC2, 0x08, 0xC2, 0x08,
    0xA2, 0x08, 0x23, 0x09, 0x06, 0x1A, 0x87, 0x22, 0x87, 0x22, 0x84, 0x11, 0xA4, 0x11, 0xC4, 0x11,
    0x64, 0x11, 0x02, 0x09, 0xA4, 0x11, 0x83, 0x09, 0x83, 0x11, 0x83, 0x11, 0x83, 0x11, 0xA3, 0x11,
    0xC4, 0x19, 0xC4, 0x11, 0xC4, 0x11, 0xA4, 0x11, 0x84, 0x11, 0x81, 0x00, 0x41, 0x00, 0x82, 0x00,
    0xE3, 0x08, 0x82, 0x00, 0x41, 0x00, 0x41, 0x00, 0x21, 0x00, 0xC2, 0x08, 0x43, 0x11, 0xC2, 0x08,
    0xC2, 0x08, 0x84, 0x11, 0xC5, 0x11, 0x05, 0x1A, 0x46, 0x1A, 0x25, 0x1A, 0xC4, 0x11, 0xC3, 0x11,
    0x25, 0x1A, 0x05, 0x1A, 0x43, 0x09, 0xA1, 0x00, 0x61, 0x00, 0xA2, 0x08, 0xA2, 0x00, 0xA2, 0x00,
    0x82, 0x08, 0xA2, 0x08, 0x47, 0x22, 0xA8, 0x1A, 0xC8, 0x22, 0x09, 0x2B, 0x67, 0x22, 0x64, 0x11,
    0x02, 0x09, 0xE2, 0x08, 0xC2, 0x08, 0xC2, 0x08, 0xC2, 0x08, 0xA2, 0x08, 0xA2, 0x08, 0xC2, 0x08,
    0xA2, 0x08, 0x81, 0x00, 0x84, 0x11, 0x86, 0x22, 0xA7, 0x2A, 0xA7, 0x22, 0x86, 0x22, 0x04, 0x1A,
    0x63, 0x11, 0xC3, 0x08, 0xC2, 0x08, 0xE2, 0x08, 0x43, 0x11, 0x84, 0x11, 0xA4, 0x19, 0x26, 0x2A,
    0x25, 0x22, 0x83, 0x09, 0xA3, 0x09, 0x25, 0x1A, 0x04, 0x1A, 0xE4, 0x11, 0x03, 0x1A, 0xE6, 0x42,
    0xC7, 0x52, 0xC7, 0x4A, 0x27, 0x33, 0xE6, 0x2A, 0x86, 0x22, 0xA9, 0x53, 0x2D, 0x6C, 0x0F, 0x74,
    0x81, 0x00, 0x42, 0x09, 0x24, 0x1A, 0x26, 0x3B, 0xE4, 0x21, 0xC2, 0x08, 0x82, 0x00, 0x03, 0x09,
    0x43, 0x09, 0xA3, 0x11, 0xE4, 0x11, 0x86, 0x22, 0x05, 0x1A, 0x84, 0x11, 0x63, 0x11, 0x23, 0x09,
    0x67, 0x22, 0xC7, 0x22, 0xE6, 0x22, 0xE6, 0x22, 0xE4, 0x11, 0x22, 0x09, 0x02, 0x09, 0x23, 0x09,
    0x03, 0x09, 0x23, 0x09, 0x03, 0x09, 0x03, 0x09, 0x02, 0x09, 0x63, 0x11, 0x63, 0x11, 0x23, 0x09,
    0x64, 0x11, 0x44, 0x11, 0xC2, 0x08, 0x41, 0x00, 0x61, 0x00, 0x41, 0x00, 0x41, 0x00, 0xE2, 0x08,
    0x83, 0x11, 0x46, 0x1A, 0x45, 0x1A, 0x25, 0x1A, 0x45, 0x1A, 0x46, 0x22, 0x45, 0x1A, 0xE4, 0x11,
    0xC4, 0x11, 0x25, 0x1A, 0x83, 0x11, 0xC2, 0x08, 0x03, 0x11, 0xA2, 0x08, 0x61, 0x00, 0x61, 0x00,
    0x82, 0x00, 0x82, 0x00, 0x82, 0x08, 0xA2, 0x08, 0xA2, 0x08, 0x82, 0x00, 0x82, 0x00, 0x82, 0x00,
    0x82, 0x00, 0x82, 0x00, 0x61, 0x00, 0x61, 0x00, 0x82, 0x00, 0x82, 0x00, 0x61, 0x00, 0x62, 0x00,
    0x82, 0x00, 0x62, 0x00, 0x62, 0x00, 0x62, 0x00, 0x62, 0x00, 0x61, 0x00, 0x61, 0x00, 0x82, 0x00,
    0x04, 0x09, 0x44, 0x09, 0xE3, 0x08, 0x24, 0x11, 0x03, 0x09, 0x03, 0x09, 0x03, 0x09, 0x03, 0x09,
    0xC2, 0x00, 0xC2, 0x00, 0xC2, 0x00, 0x02, 0x09, 0x23, 0x09, 0xE2, 0x08, 0x23, 0x11, 0x43, 0x11,
    0x03, 0x09, 0xE3, 0x08, 0xA2, 0x00, 0x82, 0x00, 0x41, 0x00, 0x61, 0x00, 0xA2, 0x08, 0xC3, 0x08,
    0xA2, 0x00, 0xE2, 0x08, 0xC4, 0x11, 0xC6, 0x22, 0x47, 0x33, 0xA5, 0x22, 0x07, 0x33, 0x43, 0x09,
    0xE2, 0x08, 0x03, 0x09, 0xE2, 0x00, 0xC6, 0x2A, 0x47, 0x33, 0x22, 0x09, 0x03, 0x09, 0x22, 0x09,
    0x23, 0x11, 0xC3, 0x08, 0x81, 0x00, 0xC2, 0x08, 0x05, 0x1A, 0xC4, 0x09, 0x66, 0x22, 0xA3, 0x19,
    0x83, 0x11, 0x83, 0x11, 0xA3, 0x11, 0x66, 0x1A, 0x87, 0x22, 0x25, 0x1A, 0xE8, 0x2A, 0x87, 0x22,
    0x64, 0x11, 0x61, 0x00, 0xA2, 0x08, 0x62, 0x00, 0x62, 0x00, 0xA2, 0x08, 0xA2, 0x00, 0xA2, 0x08,
    0xA2, 0x08, 0xC2, 0x00, 0x46, 0x22, 0xE9, 0x2A, 0x87, 0x1A, 0xC5, 0x11, 0x66, 0x22, 0xA4, 0x11,
    0x22, 0x09, 0x63, 0x11, 0xE4, 0x19, 0xC4, 0x11, 0xC4, 0x11, 0xA3, 0x19, 0xA3, 0x11, 0xA3, 0x11,
    0x04, 0x1A, 0x04, 0x1A, 0xE4, 0x11, 0x04, 0x12, 0xE5, 0x19, 0x02, 0x09, 0x61, 0x00, 0x82, 0x00,
    0x82, 0x00, 0x61, 0x00, 0x61, 0x00, 0x61, 0x00, 0x41, 0x00, 0x61, 0x00, 0xC2, 0x08, 0xE3, 0x08,
    0x03, 0x09, 0x44, 0x11, 0x43, 0x09, 0xC4, 0x11, 0x05, 0x1A, 0x25, 0x1A, 0xE5, 0x19, 0xC5, 0x19,
    0xA5, 0x19, 0xA2, 0x08, 0x41, 0x00, 0x61, 0x00, 0x62, 0x00, 0xA2, 0x08, 0xE3, 0x08, 0xC2, 0x00,
    0xC2, 0x08, 0xA2, 0x00, 0x64, 0x11, 0xE9, 0x2A, 0xC8, 0x22, 0x06, 0x1A, 0xC2, 0x08, 0xA2, 0x08,
    0x23, 0x09, 0x43, 0x09, 0x22, 0x09, 0xE2, 0x08, 0xC2, 0x08, 0xC2, 0x08, 0xE2, 0x08, 0xE2, 0x08,
    0xC2, 0x08, 0xA2, 0x08, 0x02, 0x09, 0x46, 0x22, 0x08, 0x2B, 0xE8, 0x22, 0xA7, 0x22, 0x25, 0x1A,
    0xA4, 0x19, 0x03, 0x11, 0xC2, 0x08, 0x44, 0x11, 0x43, 0x09, 0x84, 0x11, 0xA3, 0x19, 0x24, 0x2A,
    0x86, 0x2A, 0x24, 0x1A, 0x65, 0x1A, 0x24, 0x1A, 0xE4, 0x19, 0x25, 0x1A, 0xE4, 0x11, 0xE4, 0x19,
    0x67, 0x4A, 0xC8, 0x5A, 0xAA, 0x63, 0x0B, 0x5C, 0x68, 0x3B, 0x0A, 0x54, 0x07, 0x3B, 0xCE, 0x63,
    0x45, 0x21, 0xE1, 0x00, 0x44, 0x22, 0xC5, 0x32, 0x43, 0x11, 0xC2, 0x08, 0xC2, 0x08, 0x03, 0x11,
    0xC2, 0x08, 0x43, 0x11, 0x05, 0x22, 0xE3, 0x11, 0xC3, 0x11, 0xE4, 0x19, 0x25, 0x1A, 0xE5, 0x11,
    0x02, 0x09, 0xC4, 0x11, 0x07, 0x2B, 0xC6, 0x22, 0x83, 0x11, 0x43, 0x09, 0x63, 0x11, 0x23, 0x09,
    0x43, 0x11, 0x43, 0x09, 0x43, 0x09, 0x43, 0x09, 0x63, 0x11, 0x22, 0x09, 0x64, 0x11, 0x63, 0x11,
    0xE2, 0x08, 0x82, 0x00, 0x82, 0x00, 0x61, 0x00, 0x41, 0x00, 0x41, 0x00, 0x61, 0x00, 0x41, 0x00,
    0xA2, 0x08, 0xC5, 0x11, 0x25, 0x1A, 0x65, 0x1A, 0x45, 0x1A, 0x45, 0x1A, 0x24, 0x1A, 0xC3, 0x11,
    0x83, 0x09, 0x83, 0x11, 0x23, 0x09, 0xE2, 0x08, 0x03, 0x09, 0xE2, 0x08, 0xA2, 0x08, 0x82, 0x08,
    0x82, 0x08, 0x82, 0x00, 0x82, 0x00, 0x82, 0x08, 0x82, 0x08, 0x82, 0x08, 0xA2, 0x08, 0xA2, 0x08,
    0x82, 0x00, 0x81, 0x00, 0x61, 0x00, 0x81, 0x00, 0x61, 0x00, 0x62, 0x00, 0x62, 0x00, 0x62, 0x00,
    0x82, 0x00, 0x61, 0x00, 0x62, 0x00, 0x61, 0x00, 0x61, 0x00, 0x41, 0x00, 0xA2, 0x08, 0x03, 0x09,
    0xE3, 0x08, 0x85, 0x11, 0x03, 0x09, 0x44, 0x11, 0x24, 0x09, 0x04, 0x11, 0x03, 0x09, 0xE3, 0x08,
    0xE3, 0x08, 0xE3, 0x08, 0xA2, 0x08, 0xA2, 0x00, 0xA2, 0x00, 0xA2, 0x08, 0x81, 0x00, 0xE3, 0x00,
    0x03, 0x09, 0x61, 0x00, 0x41, 0x00, 0x41, 0x00, 0x41, 0x00, 0x41, 0x00, 0x82, 0x00, 0xA2, 0x00,
    0xC3, 0x08, 0xC3, 0x08, 0x23, 0x09, 0xA3, 0x09, 0x45, 0x1A, 0xE7, 0x2A, 0x66, 0x22, 0x02, 0x09,
    0x64, 0x11, 0x03, 0x09, 0xE3, 0x08, 0xC4, 0x11, 0xC6, 0x2A, 0x43, 0x09, 0x44, 0x11, 0x43, 0x09,
    0x03, 0x09, 0xE2, 0x08, 0x82, 0x00, 0x82, 0x08, 0x84, 0x11, 0x69, 0x33, 0x25, 0x1A, 0xA3, 0x11,
    0x04, 0x22, 0x42, 0x09, 0x05, 0x1A, 0x08, 0x2B, 0xC7, 0x22, 0x08, 0x2B, 0x46, 0x12, 0x29, 0x2B,
    0x26, 0x1A, 0x81, 0x00, 0xC2, 0x08, 0x82, 0x08, 0x82, 0x00, 0x82, 0x00, 0xA2, 0x08, 0xA2, 0x08,
    0xA2, 0x08, 0xE2, 0x08, 0x83, 0x09, 0xA8, 0x22, 0x66, 0x1A, 0xC8, 0x2A, 0x67, 0x22, 0x42, 0x09,
    0x83, 0x11, 0x04, 0x1A, 0x63, 0x11, 0x66, 0x22, 0x04, 0x12, 0xE4, 0x19, 0xC3, 0x11, 0xC3, 0x11,
    0x04, 0x1A, 0x25, 0x1A, 0x04, 0x1A, 0x04, 0x1A, 0x04, 0x1A, 0x23, 0x09, 0x61, 0x00, 0x61, 0x00,
    0x61, 0x00, 0x61, 0x00, 0x61, 0x00, 0x61, 0x00, 0x61, 0x00, 0xC2, 0x08, 0x03, 0x11, 0xC3, 0x08,
    0xC2, 0x08, 0xE3, 0x08, 0xE2, 0x08, 0xE3, 0x08, 0x82, 0x00, 0x61, 0x00, 0x61, 0x00, 0xA1, 0x00,
    0x03, 0x11, 0xA2, 0x08, 0x82, 0x00, 0x62, 0x00, 0x82, 0x00, 0xC3, 0x08, 0xE3, 0x08, 0xE3, 0x08,
    0xE3, 0x08, 0xC3, 0x08, 0xE2, 0x00, 0x84, 0x11, 0x02, 0x01, 0xA1, 0x00, 0xA2, 0x08, 0xA2, 0x00,
    0xA2, 0x00, 0x02, 0x09, 0x43, 0x09, 0x63, 0x11, 0x02, 0x09, 0xE2, 0x08, 0x03, 0x11, 0x03, 0x09,
    0xE3, 0x08, 0xE3, 0x08, 0xA2, 0x08, 0x43, 0x11, 0xA8, 0x22, 0x09, 0x33, 0x86, 0x1A, 0x46, 0x1A,
    0xE5, 0x19, 0x84, 0x11, 0xC2, 0x08, 0x64, 0x11, 0x05, 0x1A, 0x03, 0x1A, 0xC4, 0x2A, 0xE4, 0x2A,
    0x06, 0x2B, 0x44, 0x1A, 0x44, 0x1A, 0x25, 0x1A, 0x04, 0x1A, 0x04, 0x1A, 0x04, 0x1A, 0xE4, 0x19,
    0x06, 0x32, 0x71, 0x94, 0x29, 0x5B, 0x2C, 0x6C, 0xEA, 0x5B, 0xE9, 0x53, 0x4B, 0x5C, 0x26, 0x2A,
    0x04, 0x11, 0xA2, 0x00, 0x85, 0x2A, 0x24, 0x1A, 0x82, 0x00, 0xA2, 0x08, 0xA2, 0x00, 0xA2, 0x00,
    0xA2, 0x00, 0xA2, 0x00, 0x23, 0x09, 0x25, 0x22, 0x24, 0x1A, 0xC3, 0x11, 0x45, 0x22, 0x86, 0x22,
    0xC2, 0x08, 0xE2, 0x00, 0x66, 0x22, 0x04, 0x1A, 0xE2, 0x00, 0x23, 0x09, 0x43, 0x09, 0x84, 0x11,
    0x63, 0x11, 0xA4, 0x19, 0x63, 0x11, 0x84, 0x19, 0x84, 0x19, 0x43, 0x11, 0xE2, 0x08, 0x03, 0x11,
    0x61, 0x00, 0x41, 0x00, 0x61, 0x00, 0x61, 0x00, 0x61, 0x00, 0x61, 0x00, 0x61, 0x00, 0x61, 0x00,
    0x61, 0x00, 0xA2, 0x00, 0x43, 0x09, 0xA4, 0x11, 0xE4, 0x11, 0x25, 0x1A, 0x04, 0x1A, 0xE4, 0x19,
    0x63, 0x09, 0xE2, 0x00, 0xE2, 0x00, 0x23, 0x09, 0x02, 0x09, 0x23, 0x09, 0xE2, 0x08, 0xE2, 0x08,
    0xA2, 0x00, 0x82, 0x00, 0x82, 0x00, 0x82, 0x00, 0x82, 0x00, 0x82, 0x00, 0x82, 0x00, 0xA2, 0x08,
    0xA2, 0x08, 0xA2, 0x00, 0x82, 0x00, 0x81, 0x00, 0x82, 0x00, 0xA2, 0x08, 0xA2, 0x08, 0x82, 0x00,
    0x82, 0x00, 0x61, 0x00, 0x61, 0x00, 0x61, 0x00, 0x61, 0x00, 0x41, 0x00, 0xE3, 0x08, 0x85, 0x11,
    0xE3, 0x08, 0xA5, 0x11, 0x24, 0x09, 0x44, 0x11, 0x24, 0x09, 0x24, 0x11, 0x03, 0x09, 0x03, 0x09,
    0x23, 0x09, 0xE3, 0x08, 0xC2, 0x08, 0xC2, 0x08, 0xC2, 0x08, 0xA2, 0x08, 0x85, 0x11, 0xE6, 0x19,
    0xA2, 0x00, 0x61, 0x00, 0x82, 0x00, 0xA2, 0x00, 0xA2, 0x08, 0xA2, 0x08, 0xA2, 0x08, 0x82, 0x00,
    0x82, 0x00, 0xA2, 0x00, 0x23, 0x09, 0x44, 0x11, 0x02, 0x01, 0xA3, 0x09, 0xE4, 0x11, 0xA5, 0x19,
    0x43, 0x09, 0x43, 0x11, 0x03, 0x09, 0x23, 0x09, 0x84, 0x11, 0x44, 0x11, 0x43, 0x09, 0x64, 0x09,
    0xA5, 0x19, 0x43, 0x11, 0xA2, 0x08, 0x82, 0x00, 0x23, 0x09, 0x86, 0x1A, 0x05, 0x1A, 0xC7, 0x2A,
    0xC3, 0x11, 0xA3, 0x11, 0xA3, 0x11, 0xE7, 0x22, 0x29, 0x2B, 0x08, 0x23, 0x6A, 0x33, 0x66, 0x1A,
    0x46, 0x1A, 0x03, 0x09, 0x03, 0x09, 0xE2, 0x08, 0xC2, 0x00, 0xA2, 0x00, 0x81, 0x00, 0x81, 0x00,
    0xA2, 0x08, 0xC2, 0x08, 0x43, 0x09, 0x06, 0x1A, 0x46, 0x1A, 0x46, 0x1A, 0x83, 0x11, 0xA3, 0x11,
    0xE3, 0x19, 0xA4, 0x11, 0xA1, 0x00, 0x05, 0x22, 0x65, 0x1A, 0x24, 0x1A, 0x24, 0x1A, 0x04, 0x12,
    0xC3, 0x11, 0x04, 0x1A, 0x25, 0x1A, 0x24, 0x1A, 0x66, 0x22, 0xC5, 0x19, 0x81, 0x00, 0x81, 0x00,
    0x82, 0x08, 0x82, 0x08, 0x82, 0x08, 0x82, 0x08, 0x81, 0x00, 0xC2, 0x08, 0xA2, 0x00, 0x61, 0x00,
    0x82, 0x00, 0xE7, 0x31, 0x24, 0x19, 0xC3, 0x00, 0xC3, 0x08, 0x61, 0x00, 0x82, 0x00, 0x82, 0x00,
    0x82, 0x00, 0x81, 0x00, 0x82, 0x00, 0x82, 0x00, 0x82, 0x00, 0xC2, 0x08, 0x03, 0x11, 0x03, 0x11,
    0xC2, 0x00, 0xE2, 0x08, 0xE2, 0x08, 0xE2, 0x08, 0x02, 0x09, 0x03, 0x11, 0x03, 0x11, 0xE2, 0x08,
    0xC2, 0x00, 0x02, 0x09, 0x02, 0x01, 0x43, 0x11, 0x63, 0x11, 0x22, 0x09, 0x43, 0x11, 0x43, 0x09,
    0x23, 0x09, 0x23, 0x09, 0xE3, 0x08, 0x61, 0x00, 0xC5, 0x19, 0xA8, 0x2A, 0xE8, 0x2A, 0x87, 0x22,
    0x26, 0x1A, 0xC5, 0x11, 0x23, 0x09, 0xA2, 0x00, 0xA3, 0x11, 0x84, 0x22, 0x05, 0x23, 0xC3, 0x1A,
    0x25, 0x2B, 0x68, 0x3B, 0x44, 0x1A, 0x24, 0x1A, 0x04, 0x1A, 0x24, 0x1A, 0x45, 0x1A, 0x45, 0x22,
    0xE4, 0x19, 0xAD, 0x63, 0x8A, 0x53, 0xA5, 0x32, 0x6D, 0x74, 0x2A, 0x64, 0x6A, 0x64, 0xC6, 0x3A,
    0xC2, 0x00, 0xE3, 0x08, 0x83, 0x11, 0x04, 0x22, 0x81, 0x00, 0xA2, 0x08, 0xC2, 0x08, 0xC2, 0x08,
    0xC2, 0x08, 0xA2, 0x08, 0x82, 0x00, 0x23, 0x09, 0xE4, 0x19, 0x04, 0x1A, 0xA3, 0x11, 0x25, 0x1A,
    0x23, 0x11, 0x03, 0x09, 0x43, 0x09, 0x43, 0x09, 0x23, 0x11, 0x02, 0x09, 0x02, 0x09, 0x23, 0x09,
    0x23, 0x09, 0x23, 0x09, 0x23, 0x09, 0x03, 0x09, 0xC2, 0x08, 0x81, 0x00, 0x61, 0x00, 0x61, 0x00,
    0x62, 0x00, 0x62, 0x00, 0x82, 0x00, 0x62, 0x00, 0x61, 0x00, 0x61, 0x00, 0x62, 0x00, 0x61, 0x00,
    0x61, 0x00, 0x82, 0x00, 0xA2, 0x08, 0xA2, 0x00, 0xC2, 0x00, 0x02, 0x09, 0x22, 0x09, 0x23, 0x09,
    0x23, 0x09, 0x23, 0x09, 0x64, 0x11, 0x43, 0x09, 0x63, 0x11, 0x63, 0x11, 0x84, 0x11, 0x83, 0x11,
    0x63, 0x11, 0xA2, 0x00, 0x82, 0x08, 0x82, 0x00, 0x62, 0x00, 0x81, 0x00, 0x81, 0x00, 0x82, 0x00,
    0xA2, 0x00, 0xA2, 0x00, 0xC2, 0x08, 0xC2, 0x08, 0xC2, 0x08, 0xC3, 0x08, 0xA2, 0x08, 0x61, 0x00,
    0x61, 0x00, 0x61, 0x00, 0x61, 0x00, 0x61, 0x00, 0x62, 0x00, 0x61, 0x00, 0xC3, 0x08, 0xA5, 0x11,
    0x03, 0x09, 0x85, 0x11, 0x44, 0x09, 0x65, 0x11, 0x44, 0x09, 0x24, 0x09, 0x03, 0x09, 0x03, 0x09,
    0xE3, 0x08, 0xC2, 0x00, 0xA2, 0x00, 0xA2, 0x00, 0xA2, 0x00, 0xE3, 0x08, 0x85, 0x19, 0xC2, 0x08,
    0x82, 0x00, 0xE3, 0x08, 0x03, 0x09, 0x03, 0x09, 0xE3, 0x08, 0xE3, 0x08, 0xC3, 0x08, 0xA2, 0x08,
    0xA2, 0x00, 0x62, 0x00, 0xA2, 0x08, 0x03, 0x09, 0xA4, 0x11, 0x84, 0x11, 0x43, 0x09, 0xC5, 0x11,
    0x63, 0x09, 0x64, 0x11, 0x23, 0x09, 0x84, 0x19, 0x84, 0x11, 0x83, 0x11, 0xA4, 0x11, 0x63, 0x11,
    0x43, 0x09, 0x43, 0x09, 0xC2, 0x00, 0x82, 0x00, 0xA2, 0x08, 0x22, 0x11, 0x8A, 0x33, 0xA6, 0x22,
    0xC3, 0x11, 0x04, 0x1A, 0xA3, 0x11, 0x45, 0x22, 0x29, 0x2B, 0x49, 0x2B, 0x49, 0x2B, 0xAB, 0x3B,
    0xE4, 0x11, 0x43, 0x11, 0xA5, 0x11, 0xA5, 0x11, 0x64, 0x11, 0x64, 0x19, 0xEA, 0x4A, 0xC6, 0x29,
    0x81, 0x08, 0x82, 0x00, 0x23, 0x11, 0xA4, 0x11, 0xC4, 0x11, 0x84, 0x11, 0x42, 0x09, 0x04, 0x1A,
    0x83, 0x11, 0xA2, 0x00, 0x82, 0x00, 0x02, 0x09, 0x07, 0x2B, 0x64, 0x1A, 0x45, 0x1A, 0x04, 0x12,
    0x03, 0x12, 0x04, 0x1A, 0x45, 0x22, 0x45, 0x1A, 0x65, 0x1A, 0x05, 0x1A, 0x81, 0x00, 0x81, 0x08,
    0x82, 0x08, 0x82, 0x08, 0x82, 0x08, 0x82, 0x00, 0x82, 0x00, 0x81, 0x00, 0x81, 0x00, 0x81, 0x00,
    0x81, 0x00, 0xCA, 0x5A, 0xCA, 0x5A, 0xE3, 0x10, 0xA2, 0x08, 0x81, 0x00, 0x81, 0x00, 0x82, 0x00,
    0x82, 0x00, 0xA2, 0x00, 0x82, 0x00, 0x82, 0x00, 0x82, 0x00, 0xC2, 0x00, 0x24, 0x11, 0xE3, 0x08,
    0xE3, 0x08, 0x23, 0x09, 0x43, 0x11, 0x43, 0x11, 0x43, 0x11, 0x63, 0x11, 0x22, 0x09, 0xC5, 0x19,
    0x0A, 0x43, 0x06, 0x22, 0x44, 0x11, 0xE2, 0x08, 0x63, 0x11, 0x62, 0x11, 0x83, 0x11, 0xA3, 0x11,
    0x63, 0x11, 0x44, 0x09, 0xC2, 0x00, 0x82, 0x00, 0x81, 0x00, 0xA4, 0x11, 0x66, 0x22, 0x46, 0x1A,
    0x26, 0x1A, 0xC4, 0x11, 0x03, 0x09, 0x82, 0x00, 0xE2, 0x00, 0xC5, 0x2A, 0xC5, 0x22, 0x43, 0x1A,
    0x64, 0x1A, 0x47, 0x33, 0x68, 0x33, 0x65, 0x1A, 0x44, 0x1A, 0x44, 0x1A, 0x44, 0x1A, 0x65, 0x22,
    0x45, 0x1A, 0x47, 0x43, 0xA7, 0x4B, 0x23, 0x12, 0xA6, 0x2A, 0x51, 0x8D, 0xA8, 0x4B, 0xC8, 0x5B,
    0x45, 0x2A, 0xE2, 0x00, 0x23, 0x09, 0x23, 0x09, 0x82, 0x08, 0xC2, 0x08, 0xE3, 0x08, 0xC2, 0x08,
    0xC2, 0x08, 0xC2, 0x08, 0xA2, 0x08, 0x82, 0x00, 0x02, 0x09, 0xA6, 0x2A, 0xE4, 0x19, 0x83, 0x11,
    0x64, 0x11, 0x64, 0x11, 0x84, 0x11, 0x84, 0x11, 0xA4, 0x11, 0x63, 0x11, 0x43, 0x09, 0x23, 0x09,
    0x43, 0x09, 0x23, 0x09, 0x23, 0x09, 0x23, 0x11, 0xA2, 0x00, 0x61, 0x00, 0x61, 0x00, 0x82, 0x00,
    0x82, 0x00, 0x82, 0x00, 0x61, 0x00, 0x41, 0x00, 0x41, 0x00, 0x61, 0x00, 0x61, 0x00, 0x41, 0x00,
    0x41, 0x00, 0x82, 0x08, 0xC2, 0x08, 0xA2, 0x00, 0xC2, 0x08, 0xC2, 0x00, 0xE2, 0x08, 0x23, 0x11,
    0x23, 0x09, 0x63, 0x11, 0x43, 0x11, 0x63, 0x11, 0x63, 0x11, 0xA4, 0x19, 0x63, 0x11, 0xA4, 0x11,
    0xC4, 0x11, 0x84, 0x11, 0xA2, 0x00, 0x61, 0x00, 0x61, 0x00, 0x81, 0x00, 0xA2, 0x00, 0xC2, 0x08,
    0xC2, 0x08, 0xC3, 0x08, 0xC3, 0x08, 0xC2, 0x08, 0xC3, 0x08, 0xC3, 0x08, 0xA2, 0x00, 0x61, 0x00,
    0x62, 0x00, 0x61, 0x00, 0x61, 0x00, 0x61, 0x00, 0x61, 0x00, 0x82, 0x00, 0xE3, 0x08, 0xA5, 0x11,
    0x65, 0x11, 0x85, 0x11, 0x64, 0x11, 0x64, 0x11, 0x64, 0x11, 0x44, 0x11, 0x44, 0x11, 0x03, 0x09,
    0x03, 0x09, 0x03, 0x11, 0xE3, 0x08, 0xC2, 0x08, 0xE3, 0x08, 0x24, 0x11, 0xC2, 0x00, 0xA2, 0x00,
    0x04, 0x11, 0x03, 0x09, 0x03, 0x09, 0x03, 0x09, 0x03, 0x09, 0xE3, 0x08, 0xC2, 0x08, 0xA2, 0x08,
    0xA2, 0x08, 0xA2, 0x08, 0x61, 0x00, 0x43, 0x09, 0x05, 0x1A, 0x63, 0x09, 0x26, 0x1A, 0x84, 0x11,
    0xE5, 0x11, 0xA4, 0x09, 0xE5, 0x19, 0x84, 0x11, 0x84, 0x11, 0xA4, 0x11, 0x84, 0x11, 0xC4, 0x11,
    0x05, 0x1A, 0x03, 0x09, 0xA2, 0x08, 0xA2, 0x08, 0xC3, 0x08, 0xC2, 0x08, 0x67, 0x22, 0x65, 0x1A,
    0x64, 0x1A, 0x03, 0x1A, 0xC3, 0x11, 0x86, 0x22, 0x49, 0x33, 0x69, 0x33, 0x6A, 0x33, 0x6A, 0x33,
    0x46, 0x1A, 0xC4, 0x11, 0xC5, 0x19, 0xC5, 0x19, 0xA5, 0x11, 0x84, 0x11, 0xC5, 0x19, 0xE8, 0x3A,
    0x66, 0x2A, 0xE2, 0x08, 0x61, 0x00, 0xA4, 0x19, 0x04, 0x12, 0x05, 0x1A, 0xC4, 0x11, 0x84, 0x11,
    0xC2, 0x08, 0xA2, 0x08, 0xA2, 0x08, 0xA1, 0x08, 0xC4, 0x19, 0x86, 0x22, 0xA6, 0x22, 0x44, 0x1A,
    0x44, 0x1A, 0x24, 0x1A, 0x24, 0x1A, 0x45, 0x22, 0x65, 0x1A, 0x25, 0x22, 0xA2, 0x08, 0x82, 0x08,
    0xA2, 0x00, 0xA2, 0x00, 0xA2, 0x00, 0xA2, 0x00, 0x82, 0x00, 0xA2, 0x08, 0x82, 0x00, 0x82, 0x00,
    0xA2, 0x00, 0xE9, 0x62, 0xEE, 0x83, 0x23, 0x19, 0x61, 0x00, 0x82, 0x00, 0x82, 0x00, 0x82, 0x00,
    0x82, 0x00, 0x82, 0x00, 0x82, 0x00, 0x82, 0x08, 0x82, 0x00, 0x81, 0x00, 0xE2, 0x08, 0x43, 0x11,
    0x63, 0x11, 0x63, 0x11, 0x63, 0x11, 0x83, 0x11, 0x63, 0x11, 0x63, 0x09, 0xC4, 0x19, 0xE9, 0x3A,
    0x67, 0x2A, 0x03, 0x09, 0x43, 0x11, 0x83, 0x11, 0x63, 0x11, 0x82, 0x11, 0xE4, 0x11, 0xE5, 0x19,
    0xA4, 0x11, 0x23, 0x09, 0xA2, 0x00, 0xA2, 0x08, 0xA2, 0x00, 0xE2, 0x08, 0x43, 0x11, 0x84, 0x11,
    0x84, 0x11, 0x23, 0x09, 0xA1, 0x00, 0x61, 0x00, 0x02, 0x09, 0x47, 0x33, 0xA4, 0x22, 0x63, 0x1A,
    0x43, 0x1A, 0xA4, 0x22, 0x68, 0x33, 0xE7, 0x22, 0x44, 0x1A, 0x44, 0x1A, 0x65, 0x1A, 0x65, 0x22,
    0x86, 0x22, 0x27, 0x33, 0x68, 0x5C, 0x26, 0x33, 0x04, 0x12, 0x48, 0x43, 0x8D, 0x6C, 0x84, 0x32,
    0x67, 0x53, 0x66, 0x32, 0x43, 0x09, 0x43, 0x11, 0x82, 0x00, 0xE3, 0x08, 0x03, 0x09, 0x03, 0x09,
    0x03, 0x09, 0xE2, 0x08, 0xA2, 0x08, 0xC2, 0x08, 0xA2, 0x08, 0x02, 0x09, 0x45, 0x22, 0x44, 0x1A,
    0xA4, 0x11, 0xA4, 0x11, 0xC5, 0x19, 0xC5, 0x19, 0xC5, 0x19, 0x84, 0x11, 0xA4, 0x11, 0x84, 0x11,
    0x84, 0x11, 0x84, 0x11, 0x84, 0x11, 0x63, 0x09, 0x23, 0x09, 0xA2, 0x00, 0x62, 0x00, 0x82, 0x00,
    0x61, 0x00, 0x61, 0x00, 0x41, 0x00, 0x41, 0x00, 0x61, 0x00, 0x62, 0x00, 0x41, 0x00, 0x41, 0x00,
    0x41, 0x00, 0x82, 0x00, 0xA2, 0x00, 0xC2, 0x08, 0x03, 0x11, 0x23, 0x11, 0x23, 0x11, 0x43, 0x11,
    0x43, 0x11, 0x23, 0x09, 0x63, 0x11, 0x43, 0x09, 0x84, 0x11, 0x63, 0x11, 0x84, 0x11, 0x84, 0x11,
    0xA4, 0x11, 0xE5, 0x19, 0x83, 0x11, 0xC1, 0x00, 0x61, 0x00, 0xA2, 0x00, 0xC2, 0x08, 0xC2, 0x08,
    0xC2, 0x08, 0xC3, 0x08, 0xC3, 0x08, 0xC3, 0x08, 0xC3, 0x08, 0xA2, 0x00, 0xA2, 0x00, 0x61, 0x00,
    0x04, 0x11, 0x24, 0x19, 0x41, 0x00, 0x61, 0x00, 0x61, 0x00, 0xA2, 0x00, 0x85, 0x11, 0xC6, 0x11,
    0xC6, 0x19, 0x85, 0x11, 0x84, 0x11, 0x84, 0x11, 0x64, 0x11, 0x44, 0x11, 0x03, 0x09, 0x03, 0x09,
    0xE3, 0x08, 0xE3, 0x08, 0xC2, 0x08, 0xC2, 0x08, 0x64, 0x11, 0x03, 0x09, 0xE3, 0x08, 0x44, 0x11,
    0x44, 0x09, 0x23, 0x11, 0x23, 0x09, 0x03, 0x09, 0x23, 0x11, 0xE2, 0x00, 0xC2, 0x08, 0xC2, 0x08,
    0xC2, 0x08, 0xC2, 0x08, 0x61, 0x00, 0xE2, 0x08, 0xA5, 0x11, 0x06, 0x1A, 0x87, 0x22, 0xA4, 0x11,
    0x46, 0x1A, 0x26, 0x1A, 0xE5, 0x19, 0x63, 0x09, 0x63, 0x09, 0x84, 0x11, 0xC5, 0x19, 0xC4, 0x11,
    0xC5, 0x11, 0x03, 0x09, 0xA2, 0x08, 0xC2, 0x08, 0xC2, 0x08, 0xA2, 0x08, 0xA1, 0x00, 0x66, 0x22,
    0xC6, 0x22, 0x24, 0x1A, 0x04, 0x1A, 0x04, 0x12, 0x69, 0x33, 0x69, 0x33, 0xCB, 0x3B, 0x66, 0x1A,
    0xC4, 0x11, 0x05, 0x1A, 0xE4, 0x11, 0xE5, 0x11, 0xE5, 0x19, 0xC5, 0x11, 0x84, 0x09, 0x45, 0x1A,
    0x07, 0x2B, 0x86, 0x22, 0x23, 0x09, 0xC2, 0x00, 0xC5, 0x19, 0xE4, 0x11, 0xA4, 0x11, 0x02, 0x09,
    0xA2, 0x00, 0xA2, 0x08, 0xA3, 0x08, 0x82, 0x08, 0x41, 0x00, 0x84, 0x11, 0x65, 0x22, 0xA5, 0x22,
    0x44, 0x12, 0x65, 0x22, 0x44, 0x1A, 0x44, 0x1A, 0x85, 0x22, 0xC4, 0x11, 0xA1, 0x00, 0xA2, 0x08,
    0xA2, 0x00, 0xA2, 0x00, 0xA2, 0x00, 0xA2, 0x08, 0xA2, 0x08, 0xA2, 0x08, 0x82, 0x00, 0x62, 0x00,
    0xE2, 0x10, 0x29, 0x6B, 0xA9, 0x5A, 0x61, 0x00, 0x82, 0x00, 0x82, 0x00, 0x82, 0x00, 0x82, 0x00,
    0x82, 0x00, 0x82, 0x00, 0x82, 0x00, 0x82, 0x00, 0xA1, 0x00, 0x02, 0x09, 0x63, 0x11, 0xA4, 0x11,
    0xA3, 0x11, 0xA4, 0x11, 0xA4, 0x11, 0xC4, 0x11, 0xE5, 0x19, 0x83, 0x09, 0x05, 0x1A, 0xC4, 0x11,
    0x43, 0x09, 0x63, 0x11, 0x04, 0x1A, 0xE3, 0x19, 0x62, 0x09, 0x65, 0x1A, 0x25, 0x1A, 0x43, 0x09,
    0x02, 0x09, 0xA1, 0x00, 0x81, 0x00, 0xC2, 0x08, 0xE2, 0x08, 0xC2, 0x00, 0xE2, 0x08, 0x23, 0x11,
    0x03, 0x09, 0x81, 0x00, 0x82, 0x00, 0x62, 0x00, 0xC4, 0x11, 0x46, 0x2B, 0xA4, 0x1A, 0x63, 0x1A,
    0x43, 0x1A, 0x64, 0x22, 0x06, 0x2B, 0xA9, 0x3B, 0x85, 0x1A, 0x85, 0x22, 0x65, 0x1A, 0x85, 0x1A,
    0x86, 0x22, 0xA5, 0x22, 0x49, 0x5C, 0x29, 0x5C, 0x85, 0x1A, 0x24, 0x12, 0x50, 0x95, 0xED, 0x8C,
    0xA5, 0x42, 0x4C, 0x74, 0xC6, 0x32, 0x43, 0x09, 0xC2, 0x08, 0x23, 0x11, 0x43, 0x11, 0x43, 0x11,
    0x23, 0x09, 0xE2, 0x08, 0xC2, 0x08, 0xC2, 0x08, 0xE2, 0x08, 0xC2, 0x00, 0xA4, 0x11, 0xA6, 0x2A,
    0xA4, 0x11, 0xC5, 0x19, 0xE5, 0x19, 0xE5, 0x11, 0xE5, 0x19, 0xC5, 0x19, 0xC4, 0x11, 0xA4, 0x11,
    0xC4, 0x11, 0xC5, 0x11, 0xA4, 0x11, 0x83, 0x11, 0x64, 0x11, 0xA2, 0x00, 0x82, 0x00, 0x82, 0x00,
    0xA2, 0x00, 0xA2, 0x00, 0x61, 0x00, 0x61, 0x00, 0x41, 0x00, 0x41, 0x00, 0x41, 0x00, 0x41, 0x00,
    0x41, 0x00, 0x62, 0x00, 0xA2, 0x08, 0xE3, 0x08, 0x23, 0x11, 0x23, 0x09, 0x22, 0x09, 0x43, 0x11,
    0x23, 0x09, 0x23, 0x09, 0x23, 0x09, 0x84, 0x11, 0x63, 0x11, 0x84, 0x11, 0x84, 0x19, 0x84, 0x11,
    0x83, 0x11, 0x83, 0x11, 0xA3, 0x11, 0xE4, 0x11, 0x63, 0x11, 0x03, 0x09, 0xC3, 0x08, 0xE2, 0x08,
    0xE3, 0x08, 0xC3, 0x08, 0xC2, 0x00, 0xC2, 0x08, 0xA2, 0x00, 0xA2, 0x00, 0x82, 0x00, 0x82, 0x00,
    0xC3, 0x10, 0xA3, 0x08, 0x82, 0x00, 0x82, 0x00, 0x61, 0x00, 0x82, 0x00, 0x65, 0x11, 0xC6, 0x11,
    0xE6, 0x19, 0xA5, 0x11, 0xA5, 0x11, 0xA5, 0x11, 0x85, 0x11, 0x64, 0x11, 0x44, 0x11, 0x44, 0x11,
    0x44, 0x11, 0x23, 0x09, 0xE3, 0x08, 0x24, 0x11, 0x03, 0x01, 0x23, 0x09, 0x64, 0x11, 0x64, 0x11,
    0x44, 0x09, 0x44, 0x09, 0x64, 0x11, 0x23, 0x11, 0xE2, 0x08, 0xE2, 0x08, 0xE2, 0x08, 0xE2, 0x08,
    0xE3, 0x08, 0x82, 0x00, 0x81, 0x00, 0x82, 0x00, 0x03, 0x09, 0x26, 0x22, 0x06, 0x1A, 0x26, 0x1A,
    0x66, 0x1A, 0x67, 0x22, 0x05, 0x1A, 0x06, 0x1A, 0xC5, 0x11, 0xE5, 0x19, 0xC4, 0x11, 0x26, 0x1A,
    0xE5, 0x19, 0xA1, 0x00, 0xA2, 0x00, 0xA2, 0x08, 0xC2, 0x08, 0xC3, 0x08, 0x61, 0x00, 0x02, 0x09,
    0xA7, 0x2A, 0xC6, 0x2A, 0x24, 0x1A, 0x45, 0x1A, 0x69, 0x33, 0x8A, 0x33, 0xCB, 0x43, 0x25, 0x1A,
    0x82, 0x09, 0x04, 0x1A, 0xA6, 0x22, 0xE4, 0x11, 0xC5, 0x11, 0x05, 0x1A, 0xA4, 0x11, 0x05, 0x1A,
    0xA6, 0x2A, 0xC6, 0x2A, 0x07, 0x33, 0xC4, 0x19, 0xE1, 0x00, 0xA4, 0x11, 0x63, 0x11, 0xC1, 0x00,
    0xC2, 0x08, 0xC2, 0x00, 0x82, 0x00, 0x61, 0x00, 0x41, 0x00, 0x21, 0x00, 0x84, 0x11, 0xC6, 0x2A,
    0x85, 0x1A, 0xA5, 0x22, 0x64, 0x1A, 0x44, 0x1A, 0xE6, 0x2A, 0x45, 0x22, 0x81, 0x00, 0xA2, 0x00,
    0xA2, 0x00, 0xC2, 0x08, 0xC2, 0x08, 0xA2, 0x08, 0xA2, 0x08, 0xA2, 0x08, 0x82, 0x00, 0x61, 0x00,
    0x83, 0x21, 0x28, 0x63, 0xE3, 0x18, 0x61, 0x00, 0x81, 0x00, 0x82, 0x00, 0x82, 0x00, 0x82, 0x00,
    0x82, 0x00, 0xA2, 0x00, 0x82, 0x00, 0xA2, 0x08, 0xE2, 0x08, 0x83, 0x11, 0xA3, 0x11, 0xA3, 0x11,
    0xA3, 0x11, 0xC4, 0x11, 0xE4, 0x11, 0x86, 0x22, 0x86, 0x22, 0xE5, 0x11, 0xA4, 0x11, 0xA4, 0x11,
    0xA4, 0x11, 0x86, 0x22, 0x44, 0x1A, 0x23, 0x1A, 0x83, 0x11, 0x05, 0x1A, 0x43, 0x09, 0xC2, 0x00,
    0xA1, 0x00, 0xC2, 0x08, 0xE3, 0x10, 0xE3, 0x08, 0xE2, 0x08, 0x24, 0x11, 0x03, 0x09, 0x03, 0x09,
    0x44, 0x11, 0xA2, 0x08, 0x82, 0x08, 0x82, 0x08, 0xE4, 0x19, 0x66, 0x33, 0xA4, 0x1A, 0x84, 0x22,
    0x43, 0x1A, 0x43, 0x1A, 0xA5, 0x22, 0x47, 0x2B, 0x88, 0x3B, 0x44, 0x12, 0xE6, 0x2A, 0x44, 0x12,
    0xA6, 0x22, 0x44, 0x1A, 0x26, 0x3B, 0x89, 0x6C, 0xC6, 0x2A, 0x02, 0x09, 0x8F, 0x8C, 0x71, 0xAD,
    0x2B, 0x7C, 0xA9, 0x5B, 0x68, 0x4B, 0x62, 0x11, 0x03, 0x09, 0x84, 0x11, 0xA4, 0x11, 0xA5, 0x11,
    0x23, 0x09, 0xE2, 0x08, 0x02, 0x09, 0x02, 0x09, 0x23, 0x09, 0x02, 0x09, 0xA1, 0x00, 0x63, 0x09,
    0xA4, 0x11, 0xE5, 0x19, 0xE5, 0x19, 0x05, 0x1A, 0xE5, 0x11, 0x05, 0x1A, 0xE5, 0x11, 0x05, 0x1A,
    0x05, 0x1A, 0xC4, 0x11, 0xC4, 0x11, 0x83, 0x11, 0x23, 0x11, 0xE3, 0x08, 0xC3, 0x00, 0x24, 0x11,
    0xE3, 0x08, 0xE3, 0x08, 0xE3, 0x08, 0xA2, 0x08, 0xA2, 0x08, 0x61, 0x00, 0x41, 0x00, 0x41, 0x00,
    0x61, 0x00, 0xA2, 0x08, 0xE3, 0x08, 0x03, 0x09, 0x23, 0x11, 0x02, 0x09, 0x23, 0x09, 0x23, 0x09,
    0x23, 0x09, 0x02, 0x09, 0x43, 0x11, 0x43, 0x09, 0x63, 0x11, 0x63, 0x09, 0x63, 0x11, 0x63, 0x11,
    0x63, 0x09, 0x83, 0x11, 0xA3, 0x11, 0x04, 0x12, 0x86, 0x22, 0xA5, 0x19, 0xC2, 0x08, 0xC2, 0x08,
    0xA2, 0x08, 0xA2, 0x00, 0xA2, 0x00, 0xA2, 0x00, 0xA2, 0x00, 0xA2, 0x00, 0xC2, 0x08, 0xC2, 0x08,
    0xA2, 0x08, 0x82, 0x00, 0x82, 0x00, 0xA2, 0x08, 0x82, 0x00, 0x82, 0x00, 0x03, 0x09, 0x85, 0x11,
    0xE6, 0x19, 0xC5, 0x19, 0xC6, 0x19, 0xA5, 0x11, 0x84, 0x09, 0x64, 0x09, 0x44, 0x09, 0x23, 0x09,
    0xE3, 0x08, 0xE3, 0x08, 0x24, 0x11, 0xC2, 0x00, 0x23, 0x09, 0x85, 0x11, 0xA5, 0x11, 0x84, 0x11,
    0x84, 0x11, 0x84, 0x11, 0x23, 0x09, 0xE2, 0x08, 0xE2, 0x08, 0xE3, 0x08, 0x03, 0x09, 0x03, 0x09,
    0x03, 0x09, 0x61, 0x00, 0x61, 0x00, 0x62, 0x08, 0x41, 0x00, 0xE3, 0x08, 0xE6, 0x19, 0x46, 0x1A,
    0x67, 0x1A, 0x67, 0x22, 0x05, 0x1A, 0x46, 0x22, 0x25, 0x12, 0xE5, 0x11, 0x25, 0x1A, 0x05, 0x1A,
    0x64, 0x11, 0xA2, 0x00, 0xC2, 0x08, 0xA2, 0x00, 0xC2, 0x08, 0xE3, 0x08, 0xE3, 0x08, 0x61, 0x00,
    0x03, 0x09, 0xA7, 0x2A, 0x44, 0x1A, 0x24, 0x12, 0x69, 0x3B, 0xEB, 0x43, 0xCB, 0x43, 0xC4, 0x11,
    0xC3, 0x11, 0xA2, 0x09, 0x65, 0x1A, 0xC6, 0x22, 0x83, 0x09, 0xC4, 0x19, 0xA4, 0x11, 0x88, 0x2A,
    0xC9, 0x3A, 0x04, 0x12, 0x07, 0x2B, 0x48, 0x33, 0x46, 0x22, 0x02, 0x09, 0x02, 0x09, 0xA2, 0x08,
    0x82, 0x00, 0x61, 0x00, 0x21, 0x00, 0x41, 0x00, 0x41, 0x00, 0x42, 0x00, 0x61, 0x00, 0x83, 0x11,
    0x05, 0x1A, 0xC5, 0x22, 0x07, 0x2B, 0x84, 0x1A, 0xE6, 0x2A, 0x05, 0x1A, 0x81, 0x00, 0xA2, 0x00,
    0xC2, 0x00, 0xC2, 0x08, 0xC2, 0x00, 0xA2, 0x08, 0xA2, 0x08, 0xA2, 0x08, 0x82, 0x08, 0x82, 0x00,
    0xA4, 0x21, 0xE5, 0x31, 0x61, 0x00, 0x82, 0x00, 0x81, 0x00, 0x82, 0x00, 0x82, 0x00, 0x82, 0x00,
    0xA2, 0x08, 0xA2, 0x08, 0xA2, 0x08, 0xE2, 0x08, 0x63, 0x11, 0xC4, 0x19, 0xE4, 0x11, 0xE4, 0x19,
    0xE4, 0x19, 0x25, 0x1A, 0x66, 0x22, 0xA6, 0x22, 0x25, 0x12, 0x46, 0x1A, 0x05, 0x12, 0xC5, 0x11,
    0x45, 0x1A, 0x47, 0x33, 0xE2, 0x11, 0x63, 0x22, 0x62, 0x09, 0xC2, 0x08, 0xC2, 0x08, 0xE2, 0x08,
    0x03, 0x11, 0x03, 0x09, 0xE2, 0x08, 0x23, 0x09, 0x03, 0x09, 0x03, 0x09, 0x64, 0x11, 0x23, 0x09,
    0x23, 0x09, 0x03, 0x11, 0x82, 0x00, 0x61, 0x00, 0x25, 0x22, 0x67, 0x33, 0xA4, 0x1A, 0x84, 0x22,
    0x43, 0x1A, 0x23, 0x1A, 0x84, 0x22, 0xC5, 0x22, 0x88, 0x33, 0xA5, 0x22, 0x04, 0x12, 0xA7, 0x2A,
    0xC4, 0x11, 0x05, 0x1A, 0x62, 0x09, 0x09, 0x5C, 0xE6, 0x3A, 0x20, 0x00, 0xA5, 0x29, 0x74, 0xB5,
    0x32, 0xAD, 0x4C, 0x84, 0x44, 0x2A, 0xA6, 0x32, 0xA4, 0x11, 0xC5, 0x19, 0x26, 0x1A, 0xE5, 0x19,
    0x02, 0x09, 0x22, 0x09, 0x42, 0x09, 0x62, 0x11, 0x62, 0x09, 0x43, 0x11, 0xE2, 0x08, 0x42, 0x09,
    0x83, 0x11, 0x05, 0x1A, 0xC4, 0x11, 0x06, 0x1A, 0xE5, 0x11, 0x45, 0x1A, 0x25, 0x1A, 0x46, 0x1A,
    0x05, 0x1A, 0xE5, 0x19, 0xC4, 0x11, 0x84, 0x11, 0x23, 0x11, 0x03, 0x09, 0xE3, 0x08, 0xC3, 0x00,
    0x04, 0x09, 0xA2, 0x00, 0xC3, 0x08, 0xA2, 0x08, 0xC3, 0x08, 0xA2, 0x08, 0x61, 0x00, 0x41, 0x00,
    0xC2, 0x08, 0xE2, 0x08, 0xE2, 0x08, 0x22, 0x09, 0x23, 0x09, 0x02, 0x09, 0x23, 0x09, 0x02, 0x09,
    0x02, 0x09, 0x02, 0x09, 0x22, 0x09, 0x23, 0x11, 0x02, 0x09, 0x23, 0x09, 0x42, 0x09, 0x83, 0x11,
    0x83, 0x11, 0xC4, 0x11, 0x04, 0x1A, 0x45, 0x1A, 0xA4, 0x11, 0xE2, 0x08, 0xC2, 0x08, 0x82, 0x00,
    0x82, 0x08, 0xA2, 0x08, 0xA2, 0x08, 0xA2, 0x08, 0xA2, 0x00, 0xC2, 0x08, 0xC3, 0x08, 0xC3, 0x08,
    0xC3, 0x08, 0xA2, 0x08, 0xA2, 0x08, 0xC3, 0x08, 0x82, 0x08, 0x82, 0x00, 0x44, 0x11, 0x64, 0x09,
    0xA5, 0x11, 0xE6, 0x19, 0xA5, 0x11, 0x43, 0x09, 0x64, 0x11, 0xA5, 0x19, 0x64, 0x11, 0x65, 0x11,
    0x44, 0x11, 0x03, 0x09, 0xE3, 0x08, 0x23, 0x09, 0xA5, 0x19, 0xA5, 0x11, 0xA4, 0x11, 0xA4, 0x11,
    0xA5, 0x11, 0x64, 0x11, 0x23, 0x09, 0xE2, 0x08, 0xE2, 0x08, 0x23, 0x09, 0x44, 0x11, 0x24, 0x09,
    0x03, 0x09, 0x41, 0x00, 0x41, 0x00, 0x62, 0x00, 0x42, 0x00, 0x41, 0x00, 0xE3, 0x08, 0xE6, 0x19,
    0x67, 0x22, 0x67, 0x1A, 0x46, 0x1A, 0x66, 0x1A, 0x87, 0x1A, 0xC4, 0x11, 0x25, 0x1A, 0x86, 0x22,
    0x02, 0x01, 0xC2, 0x08, 0xE2, 0x08, 0xE3, 0x08, 0x03, 0x09, 0xE2, 0x00, 0xE2, 0x08, 0xA2, 0x00,
    0x82, 0x00, 0x23, 0x09, 0x49, 0x3B, 0xE7, 0x2A, 0x89, 0x3B, 0xAA, 0x3B, 0x49, 0x33, 0x83, 0x09,
    0x45, 0x1A, 0xE3, 0x11, 0xC2, 0x11, 0x06, 0x23, 0xC6, 0x22, 0x83, 0x09, 0x84, 0x09, 0xA9, 0x32,
    0x71, 0x74, 0x02, 0x09, 0x25, 0x1A, 0x28, 0x33, 0x68, 0x33, 0x86, 0x2A, 0xE2, 0x08, 0xE3, 0x10,
    0xE3, 0x08, 0xC2, 0x08, 0xA2, 0x08, 0x82, 0x00, 0x61, 0x00, 0x61, 0x00, 0x41, 0x00, 0x41, 0x00,
    0xA1, 0x00, 0xC4, 0x11, 0x48, 0x33, 0x27, 0x2B, 0xE6, 0x2A, 0x43, 0x09, 0x82, 0x00, 0xC2, 0x00,
    0xC2, 0x00, 0xC2, 0x00, 0xC2, 0x00, 0xC2, 0x00, 0xA2, 0x00, 0xA2, 0x08, 0x62, 0x00, 0x82, 0x00,
    0x81, 0x00, 0x81, 0x00, 0x81, 0x00, 0x82, 0x08, 0x82, 0x08, 0x82, 0x08, 0x82, 0x08, 0xA2, 0x08,
    0x82, 0x08, 0x62, 0x00, 0xA2, 0x00, 0x63, 0x11, 0xE4, 0x11, 0xE4, 0x11, 0x04, 0x1A, 0x05, 0x1A,
    0x25, 0x1A, 0x66, 0x22, 0x66, 0x1A, 0x46, 0x1A, 0x86, 0x22, 0xA7, 0x22, 0x66, 0x1A, 0xE4, 0x11,
    0x07, 0x33, 0xC5, 0x2A, 0xC2, 0x11, 0xC5, 0x2A, 0xA3, 0x11, 0xE2, 0x08, 0x23, 0x11, 0x44, 0x11,
    0x03, 0x09, 0x02, 0x09, 0x44, 0x11, 0x43, 0x11, 0x43, 0x11, 0x43, 0x09, 0x23, 0x09, 0xA5, 0x19,
    0x84, 0x11, 0x43, 0x09, 0xC3, 0x08, 0x82, 0x00, 0xA6, 0x2A, 0x05, 0x23, 0xC4, 0x22, 0x84, 0x22,
    0x63, 0x1A, 0x23, 0x1A, 0x64, 0x1A, 0xA4, 0x22, 0x06, 0x23, 0x68, 0x33, 0xC4, 0x11, 0x03, 0x09,
    0xE3, 0x08, 0xA2, 0x00, 0xA1, 0x00, 0x05, 0x22, 0x4A, 0x64, 0x63, 0x11, 0x81, 0x00, 0x0F, 0x84,
    0x55, 0xB5, 0xF0, 0x9C, 0x65, 0x32, 0x45, 0x22, 0x86, 0x2A, 0x05, 0x12, 0x87, 0x22, 0xA4, 0x11,
    0x63, 0x11, 0x63, 0x11, 0x83, 0x11, 0x25, 0x1A, 0x25, 0x1A, 0x02, 0x09, 0x43, 0x09, 0xC4, 0x19,
    0x63, 0x09, 0xC5, 0x11, 0xC4, 0x11, 0x06, 0x1A, 0xE5, 0x11, 0x25, 0x1A, 0x05, 0x1A, 0x05, 0x1A,
    0xE5, 0x19, 0x25, 0x1A, 0x25, 0x1A, 0xC4, 0x11, 0x23, 0x09, 0xE3, 0x08, 0xE3, 0x08, 0xE3, 0x08,
    0xC2, 0x00, 0xE3, 0x08, 0xA2, 0x00, 0xC3, 0x08, 0xA2, 0x00, 0xA2, 0x08, 0x82, 0x08, 0xA2, 0x00,
    0xC2, 0x08, 0xE2, 0x08, 0xE2, 0x08, 0x02, 0x09, 0x02, 0x09, 0x02, 0x09, 0x02, 0x09, 0x02, 0x09,
    0x23, 0x11, 0x02, 0x09, 0x22, 0x09, 0x02, 0x09, 0x43, 0x11, 0x43, 0x09, 0xC4, 0x19, 0xC4, 0x11,
    0xE4, 0x11, 0x25, 0x1A, 0x45, 0x1A, 0x22, 0x09, 0xA1, 0x00, 0xA2, 0x00, 0xA2, 0x00, 0xA2, 0x00,
    0xC2, 0x08, 0xA2, 0x08, 0x81, 0x00, 0x61, 0x00, 0xA2, 0x00, 0xC3, 0x08, 0xC2, 0x08, 0xE3, 0x08,
    0xC2, 0x08, 0xA2, 0x00, 0xE3, 0x08, 0xA2, 0x08, 0x82, 0x08, 0x61, 0x00, 0x24, 0x11, 0xA6, 0x19,
    0xA5, 0x11, 0xC5, 0x11, 0x84, 0x09, 0x06, 0x22, 0x07, 0x22, 0x64, 0x09, 0x44, 0x09, 0x03, 0x09,
    0x03, 0x09, 0xE3, 0x08, 0xA2, 0x08, 0x23, 0x09, 0x84, 0x11, 0xA4, 0x11, 0xC5, 0x11, 0xA5, 0x19,
    0x43, 0x11, 0x23, 0x09, 0x43, 0x11, 0x23, 0x09, 0x23, 0x09, 0x43, 0x09, 0xA5, 0x11, 0x44, 0x11,
    0xA2, 0x00, 0x41, 0x00, 0x41, 0x00, 0x41, 0x00, 0x61, 0x00, 0xA2, 0x08, 0x62, 0x08, 0xC2, 0x08,
    0x84, 0x11, 0x26, 0x1A, 0x66, 0x1A, 0x67, 0x22, 0xA7, 0x22, 0x26, 0x1A, 0x25, 0x1A, 0xE5, 0x19,
    0x02, 0x09, 0xE2, 0x08, 0xE2, 0x08, 0xE2, 0x08, 0x03, 0x09, 0x43, 0x11, 0x23, 0x09, 0xC2, 0x08,
    0xA2, 0x00, 0xA1, 0x00, 0x88, 0x32, 0x69, 0x3B, 0x89, 0x33, 0xA6, 0x1A, 0x83, 0x09, 0x22, 0x09,
    0x65, 0x22, 0x64, 0x1A, 0xA2, 0x11, 0x23, 0x12, 0x68, 0x33, 0x86, 0x1A, 0x42, 0x01, 0xC9, 0x3A,
    0x99, 0xC6, 0xE7, 0x31, 0x60, 0x00, 0xC5, 0x19, 0x08, 0x2B, 0xA9, 0x3B, 0x46, 0x22, 0x81, 0x00,
    0x03, 0x09, 0x48, 0x22, 0xA9, 0x32, 0xE6, 0x19, 0xC2, 0x08, 0xA3, 0x08, 0x62, 0x00, 0x61, 0x00,
    0x41, 0x00, 0x61, 0x00, 0x63, 0x11, 0x86, 0x22, 0x86, 0x2A, 0x22, 0x09, 0xC2, 0x08, 0xE3, 0x08,
    0xE3, 0x08, 0xC2, 0x08, 0xC2, 0x08, 0xC2, 0x08, 0xC2, 0x08, 0xA2, 0x08, 0x61, 0x00, 0x82, 0x08,
    0x41, 0x00, 0x41, 0x00, 0x41, 0x00, 0x61, 0x00, 0x61, 0x00, 0x61, 0x00, 0x62, 0x00, 0x61, 0x00,
    0x61, 0x00, 0x41, 0x00, 0xA1, 0x08, 0xA3, 0x11, 0x04, 0x12, 0x04, 0x12, 0x25, 0x1A, 0x66, 0x1A,
    0x86, 0x22, 0x66, 0x1A, 0x46, 0x1A, 0xA7, 0x22, 0xA7, 0x22, 0xA7, 0x22, 0x46, 0x1A, 0x86, 0x1A,
    0x88, 0x3B, 0x43, 0x1A, 0xE2, 0x11, 0x25, 0x33, 0x44, 0x22, 0x43, 0x11, 0x84, 0x11, 0x43, 0x09,
    0x64, 0x11, 0x64, 0x11, 0x23, 0x09, 0x64, 0x11, 0x43, 0x11, 0x84, 0x11, 0x64, 0x11, 0x43, 0x09,
    0xC5, 0x19, 0xA4, 0x11, 0xE2, 0x08, 0xA2, 0x08, 0xE4, 0x19, 0x47, 0x33, 0xC4, 0x22, 0xA4, 0x22,
    0x84, 0x1A, 0x43, 0x1A, 0x43, 0x1A, 0x64, 0x1A, 0xA4, 0x22, 0x67, 0x2B, 0xC7, 0x22, 0xE3, 0x08,
    0xE3, 0x10, 0xC3, 0x08, 0xA2, 0x00, 0x81, 0x00, 0xA6, 0x3A, 0xC9, 0x5B, 0xA0, 0x00, 0x65, 0x21,
    0xB3, 0x94, 0xE9, 0x52, 0x09, 0x53, 0x23, 0x09, 0xE4, 0x11, 0xA7, 0x22, 0xA7, 0x2A, 0x63, 0x09,
    0xC4, 0x11, 0xC4, 0x11, 0x04, 0x1A, 0x86, 0x22, 0x46, 0x22, 0x61, 0x00, 0x83, 0x11, 0x24, 0x1A,
    0x23, 0x09, 0x64, 0x11, 0x84, 0x11, 0xA5, 0x19, 0xA4, 0x11, 0xA4, 0x11, 0xA4, 0x11, 0xA4, 0x11,
    0xE5, 0x11, 0x25, 0x1A, 0x66, 0x1A, 0x65, 0x1A, 0x63, 0x11, 0xE3, 0x08, 0xA2, 0x00, 0xC3, 0x08,
    0xC2, 0x08, 0xC2, 0x00, 0xC3, 0x08, 0xC2, 0x08, 0xA3, 0x08, 0x82, 0x00, 0xA2, 0x08, 0x03, 0x09,
    0x03, 0x09, 0xC2, 0x00, 0x03, 0x09, 0x43, 0x11, 0x02, 0x09, 0x02, 0x09, 0x02, 0x09, 0x02, 0x09,
    0x23, 0x09, 0x23, 0x11, 0x23, 0x09, 0x43, 0x09, 0x23, 0x09, 0x84, 0x11, 0xC4, 0x11, 0x66, 0x22,
    0x86, 0x22, 0x05, 0x1A, 0x03, 0x09, 0xA2, 0x00, 0x03, 0x11, 0x03, 0x09, 0xC2, 0x00, 0x43, 0x11,
    0x84, 0x11, 0x03, 0x09, 0x03, 0x09, 0xE3, 0x08, 0xA2, 0x00, 0xA2, 0x00, 0xC2, 0x08, 0xC3, 0x08,
    0xE3, 0x00, 0x03, 0x09, 0x24, 0x09, 0xA2, 0x00, 0x82, 0x00, 0x62, 0x00, 0x82, 0x00, 0xC2, 0x00,
    0x03, 0x09, 0x24, 0x09, 0x44, 0x09, 0x84, 0x11, 0x06, 0x1A, 0xC5, 0x19, 0xE6, 0x19, 0xE6, 0x19,
    0x24, 0x11, 0x82, 0x00, 0x81, 0x00, 0x03, 0x09, 0xA4, 0x11, 0xE5, 0x11, 0xE5, 0x19, 0x43, 0x09,
    0x43, 0x11, 0x63, 0x11, 0x63, 0x11, 0x43, 0x11, 0x63, 0x11, 0x84, 0x09, 0xE5, 0x11, 0x23, 0x09,
    0x61, 0x00, 0x62, 0x00, 0x61, 0x00, 0xA3, 0x08, 0xE4, 0x10, 0xA2, 0x00, 0x82, 0x08, 0x41, 0x00,
    0x61, 0x00, 0x23, 0x09, 0xC5, 0x19, 0xA4, 0x11, 0xC5, 0x11, 0x67, 0x22, 0x05, 0x12, 0x43, 0x09,
    0x02, 0x09, 0xE2, 0x08, 0x02, 0x09, 0x43, 0x11, 0x23, 0x09, 0x02, 0x01, 0x23, 0x11, 0x03, 0x09,
    0xA2, 0x08, 0xA2, 0x08, 0x03, 0x09, 0x6A, 0x3B, 0x08, 0x2B, 0x22, 0x01, 0xC2, 0x00, 0xC3, 0x08,
    0x43, 0x11, 0x85, 0x22, 0x03, 0x1A, 0xC2, 0x11, 0x84, 0x1A, 0x88, 0x33, 0xA3, 0x11, 0xC6, 0x21,
    0xF3, 0x94, 0x50, 0x7C, 0xC2, 0x08, 0xA2, 0x00, 0x84, 0x11, 0xE7, 0x2A, 0x88, 0x3B, 0xE4, 0x19,
    0x81, 0x00, 0xC2, 0x08, 0xA5, 0x11, 0x27, 0x22, 0xE3, 0x10, 0x41, 0x00, 0x41, 0x00, 0x41, 0x00,
    0x42, 0x00, 0x82, 0x08, 0xC2, 0x08, 0xE2, 0x08, 0x43, 0x11, 0x02, 0x09, 0x02, 0x09, 0xE2, 0x08,
    0xE3, 0x08, 0xE3, 0x08, 0xE3, 0x08, 0xC2, 0x08, 0xC2, 0x08, 0xA2, 0x08, 0x41, 0x00, 0x81, 0x00,
    0x61, 0x00, 0x62, 0x00, 0x61, 0x00, 0x61, 0x00, 0x61, 0x00, 0x61, 0x00, 0x61, 0x00, 0x41, 0x00,
    0x41, 0x00, 0x41, 0x00, 0x43, 0x11, 0xE4, 0x11, 0x04, 0x1A, 0xE4, 0x11, 0x45, 0x1A, 0xA7, 0x22,
    0x66, 0x1A, 0x87, 0x22, 0x86, 0x1A, 0xA7, 0x22, 0xA7, 0x22, 0x87, 0x22, 0x46, 0x1A, 0x68, 0x33,
    0x67, 0x33, 0x03, 0x1A, 0x03, 0x1A, 0x24, 0x2B, 0xA5, 0x2A, 0x63, 0x11, 0x63, 0x11, 0xE5, 0x19,
    0x84, 0x11, 0x23, 0x09, 0x64, 0x11, 0x84, 0x11, 0x84, 0x11, 0x63, 0x11, 0xA4, 0x11, 0xA4, 0x11,
    0x43, 0x09, 0xC4, 0x19, 0x02, 0x09, 0xA2, 0x08, 0x22, 0x09, 0x47, 0x33, 0x06, 0x2B, 0xC4, 0x22,
    0x84, 0x22, 0x43, 0x1A, 0x44, 0x1A, 0xA4, 0x1A, 0xA4, 0x1A, 0x05, 0x23, 0xC6, 0x2A, 0x03, 0x09,
    0xA3, 0x08, 0xA2, 0x00, 0xC2, 0x00, 0xC2, 0x08, 0x81, 0x00, 0x64, 0x2A, 0xE4, 0x21, 0x20, 0x00,
    0xC7, 0x29, 0xA4, 0x21, 0x67, 0x3A, 0x87, 0x3A, 0x04, 0x12, 0x08, 0x2B, 0x05, 0x12, 0xE4, 0x11,
    0x25, 0x1A, 0xC7, 0x2A, 0xA6, 0x22, 0xA6, 0x22, 0x23, 0x09, 0x61, 0x00, 0xC4, 0x19, 0x65, 0x22,
    0xC2, 0x08, 0xE3, 0x08, 0x03, 0x09, 0x22, 0x09, 0x43, 0x09, 0x23, 0x09, 0x43, 0x09, 0x22, 0x09,
    0x63, 0x09, 0x63, 0x09, 0x83, 0x09, 0x63, 0x09, 0x02, 0x09, 0xE2, 0x08, 0xC2, 0x08, 0xE3, 0x08,
    0xC2, 0x00, 0xC2, 0x00, 0xC2, 0x08, 0xA2, 0x08, 0xA2, 0x08, 0x82, 0x08, 0x82, 0x08, 0xE2, 0x08,
    0x43, 0x11, 0x02, 0x09, 0xC2, 0x00, 0x64, 0x11, 0x05, 0x22, 0x22, 0x09, 0x03, 0x09, 0x23, 0x11,
    0x23, 0x09, 0x63, 0x11, 0x63, 0x11, 0x23, 0x09, 0x63, 0x11, 0xA3, 0x11, 0x45, 0x1A, 0x05, 0x1A,
    0xA5, 0x19, 0x02, 0x01, 0xC2, 0x08, 0x02, 0x09, 0x84, 0x11, 0x06, 0x1A, 0xE5, 0x19, 0x63, 0x09,
    0x63, 0x09, 0xE5, 0x19, 0x84, 0x11, 0x84, 0x11, 0x03, 0x09, 0xC2, 0x08, 0xA2, 0x00, 0xE3, 0x08,
    0x04, 0x09, 0x24, 0x09, 0x65, 0x11, 0x07, 0x1A, 0x07, 0x1A, 0x65, 0x19, 0xE3, 0x00, 0x65, 0x09,
    0x23, 0x09, 0xE2, 0x08, 0x24, 0x11, 0x64, 0x11, 0x23, 0x09, 0x03, 0x09, 0x64, 0x11, 0xC6, 0x19,
    0x44, 0x11, 0xE3, 0x08, 0xA2, 0x00, 0x23, 0x09, 0xC5, 0x19, 0xC5, 0x19, 0x84, 0x11, 0x84, 0x11,
    0x84, 0x11, 0xA4, 0x11, 0xA4, 0x11, 0x63, 0x11, 0xA4, 0x11, 0xC5, 0x11, 0x03, 0x09, 0xA2, 0x00,
    0xA2, 0x08, 0xA2, 0x08, 0xA2, 0x00, 0xE3, 0x08, 0xA3, 0x08, 0x82, 0x00, 0xC3, 0x08, 0x81, 0x00,
    0x61, 0x00, 0x81, 0x00, 0x03, 0x09, 0x43, 0x11, 0x23, 0x09, 0xE5, 0x11, 0x46, 0x1A, 0x63, 0x09,
    0x23, 0x11, 0x03, 0x09, 0x23, 0x11, 0x23, 0x09, 0x63, 0x11, 0xA4, 0x11, 0x84, 0x11, 0x03, 0x09,
    0xC2, 0x00, 0xE3, 0x08, 0xA2, 0x00, 0x66, 0x22, 0xC8, 0x2A, 0xC1, 0x00, 0xE2, 0x08, 0xE3, 0x08,
    0xC2, 0x00, 0x25, 0x22, 0xC5, 0x2A, 0xE2, 0x11, 0xE2, 0x11, 0x26, 0x23, 0xC7, 0x2A, 0xC2, 0x00,
    0x89, 0x42, 0xF5, 0xAD, 0x2B, 0x5B, 0xC2, 0x00, 0x03, 0x09, 0xC3, 0x11, 0x47, 0x33, 0x27, 0x3B,
    0x22, 0x09, 0xA2, 0x08, 0x81, 0x00, 0xE2, 0x08, 0x85, 0x19, 0x44, 0x11, 0xA2, 0x08, 0x41, 0x00,
    0x41, 0x00, 0xA2, 0x08, 0xE3, 0x08, 0xE2, 0x08, 0x03, 0x09, 0x23, 0x09, 0x43, 0x09, 0x03, 0x09,
    0x03, 0x09, 0xE3, 0x08, 0xE3, 0x08, 0xC3, 0x08, 0xA2, 0x00, 0x82, 0x00, 0x82, 0x00, 0xE3, 0x08,
    0x03, 0x09, 0x44, 0x11, 0x64, 0x11, 0x65, 0x11, 0xE3, 0x08, 0xA2, 0x00, 0x82, 0x08, 0x62, 0x00,
    0x62, 0x00, 0x81, 0x00, 0xA3, 0x11, 0xE4, 0x19, 0x04, 0x12, 0x45, 0x1A, 0x66, 0x22, 0x66, 0x1A,
    0x86, 0x22, 0xA7, 0x22, 0x87, 0x22, 0x86, 0x22, 0xA7, 0x22, 0x46, 0x12, 0xA6, 0x22, 0xC9, 0x3B,
    0xE5, 0x22, 0xE2, 0x11, 0x43, 0x1A, 0x65, 0x33, 0x24, 0x1A, 0x43, 0x09, 0x05, 0x1A, 0x63, 0x11,
    0x84, 0x11, 0xE5, 0x19, 0xA4, 0x11, 0xC5, 0x19, 0x84, 0x11, 0xC5, 0x19, 0x84, 0x11, 0xC5, 0x11,
    0xE5, 0x11, 0x63, 0x09, 0x02, 0x09, 0xE2, 0x08, 0xC1, 0x00, 0xE4, 0x19, 0x67, 0x33, 0x05, 0x2B,
    0x84, 0x22, 0x64, 0x1A, 0x23, 0x1A, 0xA4, 0x1A, 0xA4, 0x1A, 0xC4, 0x22, 0x85, 0x22, 0xE3, 0x00,
    0xA3, 0x00, 0xC2, 0x00, 0x23, 0x11, 0x23, 0x11, 0x23, 0x11, 0x42, 0x11, 0xC4, 0x21, 0x61, 0x00,
    0x41, 0x00, 0x40, 0x00, 0xC2, 0x08, 0xE5, 0x21, 0x66, 0x1A, 0x09, 0x2B, 0x46, 0x1A, 0x86, 0x22,
    0x86, 0x1A, 0x49, 0x3B, 0x86, 0x22, 0xA7, 0x22, 0x23, 0x09, 0x81, 0x00, 0x04, 0x1A, 0x85, 0x1A,
    0xA2, 0x08, 0xA2, 0x00, 0xA2, 0x00, 0x82, 0x00, 0xA2, 0x00, 0x82, 0x00, 0x82, 0x00, 0xA2, 0x00,
    0xC2, 0x00, 0xC2, 0x00, 0xC2, 0x08, 0xC2, 0x08, 0xC2, 0x00, 0xC2, 0x08, 0xE3, 0x08, 0xC2, 0x08,
    0xE3, 0x08, 0xC2, 0x08, 0xC2, 0x08, 0xA2, 0x08, 0x82, 0x00, 0x62, 0x00, 0x81, 0x00, 0x02, 0x09,
    0x42, 0x09, 0x63, 0x11, 0x22, 0x09, 0xE2, 0x00, 0xE5, 0x19, 0xE4, 0x19, 0x22, 0x09, 0x02, 0x09,
    0x43, 0x11, 0x43, 0x09, 0x63, 0x09, 0xC5, 0x19, 0xC4, 0x11, 0x66, 0x22, 0x05, 0x1A, 0x22, 0x09,
    0xA1, 0x00, 0x84, 0x19, 0x06, 0x1A, 0x05, 0x1A, 0xC5, 0x19, 0xA4, 0x11, 0xC5, 0x11, 0x06, 0x1A,
    0xC5, 0x11, 0xA4, 0x11, 0xE5, 0x19, 0x84, 0x11, 0xC5, 0x19, 0x84, 0x11, 0x03, 0x09, 0x03, 0x09,
    0xE3, 0x08, 0xA6, 0x19, 0x48, 0x22, 0xC9, 0x2A, 0xE6, 0x19, 0x85, 0x09, 0x89, 0x2A, 0x89, 0x2A,
    0x64, 0x09, 0x03, 0x09, 0x44, 0x11, 0x85, 0x19, 0x44, 0x11, 0x23, 0x11, 0xA2, 0x08, 0x41, 0x00,
    0x81, 0x00, 0xA2, 0x00, 0xC2, 0x08, 0x44, 0x11, 0xC4, 0x11, 0xA4, 0x11, 0xA5, 0x11, 0xC5, 0x19,
    0xA5, 0x11, 0xC5, 0x19, 0xE5, 0x11, 0xC5, 0x11, 0xC5, 0x11, 0x43, 0x09, 0x61, 0x00, 0x82, 0x00,
    0xA2, 0x00, 0x82, 0x00, 0xA2, 0x00, 0x82, 0x00, 0x61, 0x00, 0x82, 0x00, 0xA2, 0x08, 0x82, 0x00,
    0x82, 0x00, 0xA2, 0x08, 0x03, 0x09, 0x63, 0x09, 0x84, 0x11, 0x84, 0x11, 0xE5, 0x19, 0x84, 0x11,
    0x63, 0x09, 0x43, 0x09, 0x43, 0x11, 0x84, 0x11, 0x63, 0x09, 0x83, 0x09, 0x26, 0x1A, 0x64, 0x11,
    0xE2, 0x00, 0x03, 0x09, 0xE3, 0x08, 0x43, 0x09, 0xC4, 0x19, 0x02, 0x09, 0xE3, 0x08, 0xE2, 0x08,
    0xC2, 0x00, 0x83, 0x11, 0x06, 0x33, 0x84, 0x22, 0xE2, 0x11, 0x02, 0x12, 0x89, 0x3B, 0x45, 0x22,
    0x43, 0x11, 0xAC, 0x6B, 0x2F, 0x7C, 0x43, 0x11, 0x84, 0x11, 0xA4, 0x11, 0x45, 0x1A, 0xE7, 0x2A,
    0x46, 0x22, 0x23, 0x09, 0xA2, 0x00, 0xA1, 0x00, 0xA1, 0x00, 0xE3, 0x08, 0x23, 0x11, 0x03, 0x11,
    0x81, 0x00, 0x82, 0x00, 0xE3, 0x08, 0x44, 0x11, 0x64, 0x11, 0x44, 0x09, 0x23, 0x09, 0x03, 0x11,
    0x03, 0x09, 0xE3, 0x08, 0xA2, 0x00, 0xC2, 0x00, 0xC3, 0x08, 0xE3, 0x08, 0x04, 0x11, 0xC3, 0x08,
    0xA2, 0x00, 0xA2, 0x00, 0xA2, 0x00, 0x04, 0x09, 0x04, 0x11, 0xE3, 0x08, 0x03, 0x09, 0xC3, 0x08,
    0x82, 0x00, 0xE2, 0x08, 0xC4, 0x19, 0x04, 0x1A, 0x65, 0x1A, 0xC7, 0x22, 0x45, 0x1A, 0xA7, 0x2A,
    0xA7, 0x22, 0xE8, 0x22, 0xA7, 0x22, 0x66, 0x1A, 0x86, 0x22, 0x25, 0x12, 0x48, 0x33, 0xA8, 0x3B,
    0x64, 0x22, 0x02, 0x1A, 0x83, 0x22, 0x86, 0x33, 0xE4, 0x11, 0xE5, 0x19, 0x83, 0x09, 0xE5, 0x19,
    0x05, 0x1A, 0x83, 0x09, 0xA4, 0x11, 0xC4, 0x11, 0xE5, 0x19, 0xA4, 0x11, 0x05, 0x1A, 0xA4, 0x11,
    0x06, 0x22, 0x26, 0x1A, 0x02, 0x09, 0xE2, 0x08, 0x02, 0x09, 0xC2, 0x08, 0xA6, 0x32, 0x46, 0x33,
    0xA4, 0x22, 0xA4, 0x22, 0x63, 0x1A, 0xA5, 0x22, 0xE5, 0x22, 0xE5, 0x22, 0x65, 0x22, 0xC2, 0x00,
    0x84, 0x19, 0x43, 0x11, 0x42, 0x11, 0x42, 0x11, 0x42, 0x09, 0x43, 0x11, 0x63, 0x11, 0xE2, 0x08,
    0xA1, 0x00, 0xA2, 0x08, 0x81, 0x00, 0x63, 0x09, 0xE7, 0x2A, 0xE8, 0x22, 0x66, 0x1A, 0xA6, 0x22,
    0xC7, 0x2A, 0x66, 0x22, 0x04, 0x12, 0xA7, 0x22, 0x23, 0x09, 0xA2, 0x00, 0xE4, 0x19, 0xA5, 0x22,
    0xA2, 0x08, 0xA2, 0x08, 0xA2, 0x00, 0x82, 0x00, 0x82, 0x00, 0x82, 0x00, 0x82, 0x08, 0xA3, 0x08,
    0xC3, 0x08, 0xC3, 0x08, 0xE3, 0x08, 0xE3, 0x08, 0xE3, 0x08, 0x03, 0x09, 0x03, 0x09, 0xE2, 0x08,
    0xC2, 0x08, 0xC2, 0x08, 0xC2, 0x08, 0xA2, 0x08, 0xA2, 0x00, 0xE3, 0x08, 0xC2, 0x08, 0x43, 0x11,
    0x22, 0x09, 0x62, 0x11, 0x83, 0x11, 0x03, 0x09, 0x02, 0x09, 0x45, 0x22, 0xC3, 0x11, 0x23, 0x09,
    0x23, 0x09, 0x84, 0x11, 0xC4, 0x11, 0x04, 0x1A, 0x66, 0x22, 0x83, 0x09, 0x43, 0x11, 0x84, 0x11,
    0xA4, 0x11, 0x84, 0x11, 0x84, 0x11, 0xE5, 0x11, 0x26, 0x1A, 0x26, 0x1A, 0x05, 0x1A, 0xC4, 0x11,
    0xE5, 0x11, 0xC5, 0x11, 0xA4, 0x11, 0xC5, 0x11, 0xE5, 0x11, 0x06, 0x1A, 0x03, 0x09, 0xC3, 0x08,
    0xC3, 0x00, 0xA6, 0x11, 0xC6, 0x11, 0x44, 0x09, 0x65, 0x09, 0xEA, 0x32, 0x48, 0x22, 0x65, 0x11,
    0x48, 0x22, 0xA9, 0x2A, 0xC6, 0x11, 0x44, 0x09, 0x43, 0x11, 0x43, 0x11, 0x84, 0x19, 0x43, 0x11,
    0x81, 0x00, 0x41, 0x00, 0xA2, 0x00, 0x64, 0x11, 0xE5, 0x11, 0x26, 0x1A, 0x05, 0x1A, 0x05, 0x1A,
    0xC5, 0x19, 0xE5, 0x19, 0xE5, 0x19, 0x85, 0x11, 0xE2, 0x08, 0xA2, 0x00, 0xA2, 0x08, 0x82, 0x00,
    0x81, 0x00, 0x61, 0x00, 0x61, 0x00, 0x41, 0x00, 0xA2, 0x08, 0xA2, 0x08, 0x82, 0x00, 0x81, 0x00,
    0x82, 0x08, 0xA2, 0x08, 0x03, 0x09, 0xE5, 0x19, 0xA4, 0x11, 0xA4, 0x11, 0xC4, 0x11, 0xC5, 0x11,
    0x05, 0x1A, 0x84, 0x11, 0x84, 0x11, 0x84, 0x11, 0xE4, 0x19, 0x05, 0x1A, 0xC4, 0x11, 0x03, 0x09,
    0x23, 0x11, 0x23, 0x09, 0x44, 0x11, 0x43, 0x11, 0x22, 0x01, 0x43, 0x09, 0x03, 0x09, 0xC2, 0x08,
    0x03, 0x09, 0xE2, 0x00, 0x21, 0x09, 0xA6, 0x2A, 0x84, 0x22, 0xE1, 0x11, 0x84, 0x1A, 0xA8, 0x3B,
    0xE4, 0x19, 0xA7, 0x42, 0x26, 0x32, 0x64, 0x19, 0x63, 0x11, 0xC5, 0x19, 0x05, 0x1A, 0xA7, 0x22,
    0xA7, 0x22, 0x06, 0x1A, 0x23, 0x09, 0xE2, 0x08, 0xA2, 0x08, 0xA1, 0x00, 0xC1, 0x00, 0xC2, 0x00,
    0x03, 0x09, 0xC2, 0x00, 0xE3, 0x08, 0x44, 0x11, 0x03, 0x09, 0x44, 0x09, 0x44, 0x09, 0x03, 0x11,
    0xE2, 0x08, 0xE3, 0x08, 0x23, 0x11, 0x44, 0x11, 0x24, 0x11, 0x24, 0x11, 0xA2, 0x08, 0x82, 0x00,
    0x82, 0x00, 0x82, 0x00, 0x82, 0x00, 0x61, 0x00, 0x82, 0x00, 0xA2, 0x08, 0xC2, 0x00, 0xE3, 0x08,
    0xA2, 0x00, 0x43, 0x09, 0xC4, 0x11, 0x25, 0x1A, 0xA5, 0x22, 0x86, 0x1A, 0x86, 0x22, 0xC8, 0x2A,
    0xA7, 0x22, 0xC8, 0x22, 0x66, 0x1A, 0x25, 0x1A, 0x05, 0x1A, 0x04, 0x12, 0x88, 0x3B, 0x67, 0x3B,
    0x23, 0x1A, 0x22, 0x1A, 0xA3, 0x2A, 0xC5, 0x2A, 0xA4, 0x11, 0x83, 0x09, 0x66, 0x22, 0xE5, 0x19,
    0xC3, 0x09, 0x25, 0x1A, 0xE5, 0x19, 0x25, 0x22, 0xC4, 0x11, 0x05, 0x1A, 0xE5, 0x11, 0x46, 0x22,
    0xA4, 0x11, 0x46, 0x1A, 0x23, 0x11, 0xC1, 0x08, 0x43, 0x09, 0xC2, 0x08, 0x22, 0x09, 0x06, 0x2B,
    0x26, 0x2B, 0xE5, 0x22, 0x84, 0x22, 0x84, 0x22, 0xE5, 0x22, 0x06, 0x2B, 0xA3, 0x11, 0xA1, 0x00,
    0x05, 0x2A, 0xA4, 0x21, 0x22, 0x11, 0xA3, 0x11, 0x83, 0x11, 0x63, 0x11, 0x63, 0x09, 0x63, 0x11,
    0x02, 0x09, 0xA2, 0x00, 0xA2, 0x00, 0x64, 0x11, 0x08, 0x2B, 0xE7, 0x2A, 0x45, 0x1A, 0x25, 0x1A,
    0xE5, 0x19, 0x43, 0x09, 0xA4, 0x11, 0x87, 0x22, 0x23, 0x09, 0x03, 0x09, 0x25, 0x1A, 0xA5, 0x22,
    0xC2, 0x08, 0x82, 0x00, 0xA2, 0x08, 0xA2, 0x08, 0x82, 0x00, 0x62, 0x00, 0x82, 0x00, 0xA2, 0x08,
    0xC3, 0x08, 0xE3, 0x08, 0xE2, 0x08, 0xE2, 0x00, 0xE2, 0x00, 0xE3, 0x08, 0xC2, 0x00, 0xE3, 0x08,
    0xC3, 0x08, 0xE3, 0x08, 0xA2, 0x00, 0xA2, 0x08, 0x03, 0x09, 0xE3, 0x08, 0xA2, 0x08, 0x63, 0x11,
    0x42, 0x09, 0x41, 0x09, 0xA3, 0x11, 0x22, 0x09, 0xE2, 0x08, 0xC4, 0x11, 0xA6, 0x2A, 0x43, 0x09,
    0x43, 0x11, 0x43, 0x09, 0xA4, 0x11, 0xA4, 0x11, 0xE2, 0x08, 0x43, 0x11, 0x43, 0x09, 0xC5, 0x11,
    0xE5, 0x11, 0xE5, 0x11, 0xE4, 0x11, 0xE4, 0x11, 0xE5, 0x19, 0xE5, 0x11, 0xE5, 0x11, 0xE5, 0x11,
    0xE5, 0x19, 0xC5, 0x11, 0xC5, 0x11, 0xC5, 0x11, 0xE5, 0x11, 0xA4, 0x11, 0xA2, 0x00, 0x82, 0x00,
    0xE3, 0x08, 0x86, 0x11, 0x24, 0x09, 0x45, 0x11, 0x48, 0x22, 0xA5, 0x11, 0x07, 0x22, 0x68, 0x22,
    0x27, 0x1A, 0xE6, 0x11, 0x27, 0x22, 0x07, 0x1A, 0x63, 0x09, 0x42, 0x09, 0x01, 0x09, 0x83, 0x11,
    0x64, 0x11, 0xC2, 0x00, 0xA2, 0x00, 0x84, 0x11, 0xA8, 0x2A, 0x46, 0x1A, 0x05, 0x1A, 0x05, 0x1A,
    0xA4, 0x11, 0x84, 0x11, 0x23, 0x09, 0x82, 0x00, 0x61, 0x00, 0x82, 0x00, 0x82, 0x08, 0x82, 0x00,
    0x81, 0x00, 0x82, 0x08, 0x61, 0x00, 0x61, 0x00, 0xC2, 0x08, 0xA2, 0x08, 0xA2, 0x08, 0x82, 0x08,
    0xA2, 0x08, 0x82, 0x00, 0xA2, 0x00, 0x64, 0x11, 0x05, 0x1A, 0xE5, 0x11, 0x26, 0x1A, 0x25, 0x12,
    0x05, 0x1A, 0x83, 0x11, 0xA4, 0x11, 0xE4, 0x11, 0xC3, 0x11, 0x25, 0x12, 0x66, 0x22, 0x43, 0x09,
    0x23, 0x09, 0x23, 0x11, 0x23, 0x09, 0x43, 0x11, 0x64, 0x11, 0x43, 0x11, 0x23, 0x11, 0x03, 0x09,
    0x03, 0x09, 0xA2, 0x08, 0x82, 0x00, 0x22, 0x09, 0xE6, 0x32, 0xE5, 0x2A, 0x42, 0x12, 0x45, 0x2B,
    0xE7, 0x32, 0x65, 0x2A, 0x86, 0x32, 0x84, 0x19, 0x63, 0x11, 0x83, 0x11, 0x06, 0x1A, 0x46, 0x1A,
    0xA7, 0x22, 0x88, 0x22, 0x84, 0x11, 0x44, 0x11, 0xE3, 0x08, 0x23, 0x11, 0x03, 0x09, 0xC3, 0x08,
    0x61, 0x00, 0x81, 0x00, 0x85, 0x19, 0x85, 0x11, 0xE3, 0x08, 0x24, 0x09, 0x24, 0x09, 0x04, 0x09,
    0xE3, 0x08, 0xC2, 0x08, 0x24, 0x11, 0x85, 0x19, 0xA6, 0x19, 0xC3, 0x08, 0xE3, 0x08, 0xE3, 0x08,
    0xA2, 0x00, 0x82, 0x00, 0x82, 0x00, 0x82, 0x00, 0x82, 0x00, 0x61, 0x00, 0x81, 0x00, 0x82, 0x08,
    0xC2, 0x08, 0xA3, 0x11, 0x65, 0x1A, 0x85, 0x22, 0x85, 0x1A, 0x08, 0x2B, 0xE8, 0x2A, 0x08, 0x2B,
    0xC7, 0x22, 0x86, 0x1A, 0x05, 0x1A, 0xA4, 0x11, 0x43, 0x11, 0x04, 0x1A, 0xA7, 0x3B, 0xC5, 0x2A,
    0x23, 0x1A, 0x63, 0x1A, 0xA5, 0x2A, 0x41, 0x09, 0xA4, 0x11, 0xA7, 0x22, 0x25, 0x1A, 0x25, 0x12,
    0xA7, 0x22, 0xE4, 0x11, 0x83, 0x09, 0xE4, 0x11, 0x25, 0x1A, 0x05, 0x1A, 0x05, 0x1A, 0x05, 0x12,
    0x66, 0x22, 0xA4, 0x11, 0x23, 0x09, 0xC2, 0x08, 0x23, 0x09, 0x23, 0x11, 0x04, 0x1A, 0xA4, 0x1A,
    0x06, 0x2B, 0x26, 0x2B, 0xA4, 0x22, 0xA4, 0x22, 0x05, 0x2B, 0xE6, 0x2A, 0x01, 0x01, 0x43, 0x19,
    0x86, 0x32, 0xA4, 0x21, 0x43, 0x11, 0x63, 0x09, 0x83, 0x11, 0xA3, 0x11, 0xC3, 0x11, 0xA3, 0x11,
    0x63, 0x11, 0x23, 0x11, 0xC2, 0x08, 0xE2, 0x00, 0x25, 0x1A, 0x25, 0x1A, 0xA4, 0x19, 0x43, 0x11,
    0xC2, 0x00, 0xA2, 0x00, 0x64, 0x11, 0x26, 0x1A, 0x64, 0x11, 0x03, 0x09, 0xC4, 0x11, 0xA6, 0x2A,
    0x03, 0x11, 0xA2, 0x00, 0x62, 0x00, 0x82, 0x00, 0x82, 0x00, 0x41, 0x00, 0x62, 0x00, 0xC3, 0x08,
    0xC3, 0x08, 0xE3, 0x08, 0xE3, 0x08, 0xE3, 0x08, 0xC3, 0x08, 0xC3, 0x08, 0xE3, 0x08, 0xC3, 0x00,
    0x04, 0x09, 0x03, 0x09, 0xA2, 0x00, 0xE3, 0x08, 0xE3, 0x08, 0xC3, 0x08, 0xA2, 0x08, 0x63, 0x11,
    0x83, 0x11, 0x22, 0x09, 0xA3, 0x11, 0x83, 0x11, 0xA2, 0x00, 0xC2, 0x00, 0x45, 0x22, 0xA4, 0x11,
    0xC1, 0x00, 0xC2, 0x08, 0xA2, 0x00, 0xA2, 0x08, 0xC2, 0x00, 0xC5, 0x19, 0x46, 0x1A, 0x26, 0x12,
    0x05, 0x1A, 0xE5, 0x11, 0xE5, 0x11, 0xE5, 0x11, 0xE5, 0x11, 0x05, 0x1A, 0x26, 0x1A, 0x46, 0x1A,
    0x05, 0x1A, 0xE5, 0x19, 0xE5, 0x19, 0xA4, 0x11, 0x43, 0x09, 0xE2, 0x08, 0xC2, 0x08, 0xA2, 0x00,
    0x03, 0x09, 0x64, 0x11, 0x23, 0x09, 0xC6, 0x19, 0xC6, 0x11, 0x27, 0x1A, 0xE7, 0x19, 0xC6, 0x11,
    0x07, 0x1A, 0x68, 0x22, 0x48, 0x1A, 0xE6, 0x19, 0x84, 0x11, 0x63, 0x11, 0x22, 0x09, 0x22, 0x09,
    0x63, 0x11, 0x83, 0x11, 0xC1, 0x00, 0x43, 0x11, 0x84, 0x11, 0x03, 0x09, 0x43, 0x09, 0x23, 0x09,
    0xC2, 0x08, 0x82, 0x00, 0x41, 0x00, 0x61, 0x00, 0x62, 0x00, 0x82, 0x00, 0x82, 0x00, 0x82, 0x00,
    0x82, 0x08, 0x82, 0x08, 0x61, 0x00, 0xA2, 0x00, 0xE3, 0x08, 0xC2, 0x08, 0xA2, 0x08, 0xA2, 0x08,
    0x82, 0x00, 0x82, 0x00, 0x61, 0x00, 0x03, 0x09, 0x26, 0x1A, 0x26, 0x1A, 0x46, 0x1A, 0x26, 0x1A,
    0x25, 0x1A, 0x46, 0x22, 0xE4, 0x19, 0x25, 0x1A, 0x04, 0x1A, 0x05, 0x1A, 0xA4, 0x11, 0x64, 0x11,
    0xA4, 0x11, 0x64, 0x09, 0x64, 0x09, 0x64, 0x11, 0x64, 0x11, 0x63, 0x11, 0x23, 0x09, 0x23, 0x09,
    0xE2, 0x08, 0x82, 0x00, 0xA2, 0x08, 0xE2, 0x08, 0x43, 0x11, 0x04, 0x1A, 0xA4, 0x22, 0x05, 0x2B,
    0xC5, 0x32, 0x82, 0x09, 0x48, 0x43, 0xA7, 0x32, 0x63, 0x09, 0xC5, 0x19, 0x46, 0x1A, 0x66, 0x1A,
    0x26, 0x1A, 0xC5, 0x11, 0x64, 0x11, 0x64, 0x11, 0x43, 0x09, 0x64, 0x11, 0x84, 0x11, 0x43, 0x11,
    0xA2, 0x08, 0x44, 0x11, 0x89, 0x2A, 0x04, 0x09, 0x04, 0x11, 0xE3, 0x08, 0xC3, 0x08, 0xA2, 0x00,
    0x61, 0x00, 0x41, 0x00, 0x41, 0x00, 0x41, 0x00, 0x82, 0x00, 0x82, 0x00, 0x03, 0x09, 0x44, 0x11,
    0xE2, 0x08, 0xC2, 0x08, 0xC2, 0x08, 0xE2, 0x08, 0xC2, 0x08, 0xA2, 0x08, 0xA2, 0x08, 0x82, 0x08,
    0xC2, 0x00, 0x04, 0x1A, 0x85, 0x1A, 0xC6, 0x22, 0x07, 0x2B, 0x28, 0x2B, 0x07, 0x2B, 0xE7, 0x2A,
    0x25, 0x1A, 0xA4, 0x19, 0x43, 0x09, 0xA1, 0x00, 0xA1, 0x00, 0x85, 0x2A, 0xA6, 0x3B, 0x84, 0x22,
    0x02, 0x1A, 0xC4, 0x2A, 0x82, 0x11, 0x63, 0x09, 0x29, 0x2B, 0xC4, 0x11, 0x46, 0x1A, 0xE8, 0x2A,
    0x05, 0x12, 0x87, 0x22, 0x66, 0x1A, 0x46, 0x1A, 0x46, 0x1A, 0x46, 0x1A, 0x66, 0x1A, 0x05, 0x12,
    0x46, 0x1A, 0xE4, 0x19, 0xC2, 0x00, 0xE2, 0x08, 0x02, 0x09, 0xC3, 0x11, 0xE5, 0x2A, 0xA4, 0x22,
    0x23, 0x1A, 0x26, 0x33, 0x05, 0x2B, 0xC4, 0x22, 0x66, 0x33, 0x44, 0x1A, 0x80, 0x00, 0xEC, 0x73,
    0x28, 0x43, 0xA3, 0x19, 0x42, 0x09, 0x25, 0x22, 0xC3, 0x11, 0xE4, 0x19, 0xC3, 0x11, 0xE4, 0x19,
    0xA3, 0x11, 0x63, 0x11, 0x43, 0x11, 0xE2, 0x08, 0x63, 0x11, 0x22, 0x09, 0xA2, 0x00, 0xA2, 0x00,
    0xA2, 0x08, 0xA2, 0x08, 0x23, 0x09, 0xE5, 0x11, 0xA4, 0x11, 0x64, 0x09, 0x22, 0x09, 0x45, 0x1A,
    0xE2, 0x08, 0xA2, 0x00, 0x62, 0x00, 0xA2, 0x08, 0xA2, 0x08, 0x61, 0x00, 0x82, 0x00, 0xC3, 0x08,
    0xC3, 0x08, 0xC3, 0x08, 0x03, 0x11, 0xE3, 0x08, 0xE3, 0x08, 0x03, 0x09, 0x03, 0x09, 0x03, 0x09,
    0x65, 0x11, 0xE3, 0x08, 0xA2, 0x08, 0xA2, 0x00, 0xE3, 0x08, 0xE3, 0x08, 0xA2, 0x00, 0x63, 0x11,
    0xC3, 0x19, 0x42, 0x09, 0x62, 0x11, 0xC4, 0x19, 0x03, 0x09, 0xC2, 0x08, 0x02, 0x09, 0x63, 0x11,
    0xE2, 0x00, 0x82, 0x00, 0x41, 0x00, 0x43, 0x09, 0x67, 0x1A, 0x06, 0x1A, 0xE5, 0x19, 0xE5, 0x11,
    0xE5, 0x19, 0xC5, 0x11, 0xC5, 0x11, 0xE5, 0x19, 0xE5, 0x19, 0x06, 0x1A, 0x25, 0x1A, 0x05, 0x12,
    0xE5, 0x19, 0x43, 0x09, 0x84, 0x11, 0x43, 0x11, 0xE2, 0x08, 0xC2, 0x08, 0xC2, 0x00, 0x44, 0x11,
    0xE5, 0x19, 0x26, 0x1A, 0xC4, 0x11, 0x63, 0x11, 0x85, 0x11, 0xA5, 0x11, 0x27, 0x1A, 0x27, 0x1A,
    0x07, 0x1A, 0xE6, 0x19, 0x07, 0x1A, 0xE6, 0x19, 0x84, 0x11, 0xA4, 0x11, 0x63, 0x11, 0x22, 0x09,
    0x22, 0x09, 0x63, 0x11, 0x04, 0x1A, 0x83, 0x11, 0xA1, 0x00, 0x40, 0x00, 0x41, 0x00, 0x61, 0x00,
    0x61, 0x00, 0x61, 0x00, 0x62, 0x00, 0x62, 0x00, 0x82, 0x00, 0xA2, 0x00, 0xC2, 0x08, 0xA2, 0x00,
    0xA2, 0x08, 0xA2, 0x08, 0x82, 0x00, 0xC2, 0x08, 0x03, 0x09, 0xC2, 0x08, 0xA2, 0x08, 0xA2, 0x08,
    0x82, 0x00, 0xA2, 0x08, 0x82, 0x00, 0xA2, 0x08, 0xA5, 0x11, 0xA7, 0x22, 0x66, 0x1A, 0x87, 0x22,
    0xA7, 0x22, 0x25, 0x1A, 0x83, 0x09, 0x05, 0x1A, 0x04, 0x1A, 0x66, 0x22, 0xE5, 0x19, 0xA5, 0x11,
    0xA5, 0x11, 0xE5, 0x11, 0xC5, 0x11, 0xC5, 0x11, 0xC5, 0x11, 0x64, 0x11, 0x44, 0x11, 0x03, 0x09,
    0x03, 0x09, 0xA3, 0x00, 0xC2, 0x00, 0x03, 0x09, 0xE3, 0x08, 0x02, 0x09, 0x23, 0x09, 0x85, 0x2A,
    0x48, 0x43, 0xE4, 0x11, 0xC6, 0x2A, 0xE7, 0x32, 0x26, 0x1A, 0x46, 0x1A, 0xE9, 0x2A, 0xE9, 0x2A,
    0xE5, 0x11, 0x84, 0x11, 0xA5, 0x11, 0x84, 0x11, 0x84, 0x11, 0x64, 0x11, 0x84, 0x11, 0xA5, 0x11,
    0x43, 0x09, 0xA6, 0x19, 0x03, 0x09, 0xA2, 0x00, 0x82, 0x08, 0x62, 0x00, 0x82, 0x00, 0xA2, 0x00,
    0x82, 0x08, 0x82, 0x08, 0xA2, 0x08, 0xA2, 0x08, 0x82, 0x08, 0xA2, 0x08, 0xA2, 0x00, 0xE2, 0x08,
    0x43, 0x11, 0x43, 0x11, 0x23, 0x09, 0x22, 0x09, 0x02, 0x09, 0x02, 0x09, 0xE3, 0x08, 0xC2, 0x08,
    0x22, 0x09, 0x45, 0x22, 0xE6, 0x2A, 0xE7, 0x2A, 0xA6, 0x2A, 0x65, 0x22, 0x04, 0x1A, 0xA3, 0x11,
    0x22, 0x09, 0xE1, 0x00, 0x02, 0x01, 0x63, 0x09, 0xA4, 0x11, 0x06, 0x33, 0x65, 0x33, 0x43, 0x22,
    0x83, 0x22, 0x45, 0x22, 0xC2, 0x08, 0xE2, 0x08, 0xC4, 0x09, 0xC7, 0x2A, 0xC7, 0x22, 0x25, 0x12,
    0x07, 0x23, 0x66, 0x1A, 0xC4, 0x11, 0xA7, 0x22, 0x66, 0x1A, 0x86, 0x22, 0x45, 0x1A, 0x86, 0x22,
    0xC4, 0x11, 0x43, 0x09, 0xC2, 0x08, 0x03, 0x09, 0x42, 0x09, 0x44, 0x1A, 0xE5, 0x22, 0x84, 0x22,
    0x03, 0x1A, 0x43, 0x1A, 0x46, 0x33, 0x25, 0x2B, 0x67, 0x33, 0xE4, 0x19, 0x27, 0x3A, 0xAB, 0x6B,
    0x45, 0x2A, 0xE4, 0x21, 0x83, 0x11, 0x45, 0x1A, 0xA3, 0x11, 0xC3, 0x11, 0x24, 0x1A, 0x04, 0x1A,
    0x04, 0x1A, 0x04, 0x1A, 0xA3, 0x11, 0x02, 0x09, 0xC2, 0x00, 0xA2, 0x08, 0xC2, 0x08, 0xA2, 0x00,
    0xA2, 0x08, 0x82, 0x00, 0xC2, 0x00, 0x84, 0x11, 0xE5, 0x19, 0xE6, 0x11, 0xA5, 0x19, 0xC4, 0x11,
    0x81, 0x00, 0x82, 0x08, 0x62, 0x08, 0x61, 0x00, 0x61, 0x00, 0x82, 0x00, 0xC3, 0x08, 0xA2, 0x08,
    0x82, 0x00, 0x81, 0x00, 0xA2, 0x08, 0xE3, 0x08, 0x04, 0x09, 0x24, 0x09, 0x04, 0x09, 0x24, 0x09,
    0x24, 0x09, 0xE3, 0x00, 0xC3, 0x08, 0xE3, 0x08, 0xE2, 0x08, 0xC2, 0x08, 0xC2, 0x00, 0x02, 0x09,
    0x03, 0x1A, 0x82, 0x11, 0x42, 0x09, 0x04, 0x1A, 0x83, 0x11, 0xE2, 0x08, 0x02, 0x09, 0xE2, 0x08,
    0x23, 0x09, 0xC3, 0x08, 0x41, 0x00, 0x43, 0x09, 0x25, 0x1A, 0x26, 0x1A, 0x26, 0x1A, 0x46, 0x1A,
    0x46, 0x1A, 0x46, 0x1A, 0x46, 0x1A, 0x25, 0x1A, 0x05, 0x1A, 0x86, 0x22, 0xE7, 0x22, 0x04, 0x1A,
    0x83, 0x11, 0x82, 0x11, 0x83, 0x11, 0x43, 0x11, 0x02, 0x09, 0x23, 0x09, 0x22, 0x09, 0x63, 0x11,
    0x62, 0x11, 0x83, 0x09, 0xA3, 0x11, 0xA3, 0x11, 0x83, 0x11, 0xC5, 0x19, 0x64, 0x09, 0xA6, 0x11,
    0xC6, 0x11, 0x27, 0x22, 0x07, 0x1A, 0xC6, 0x19, 0x84, 0x11, 0x43, 0x09, 0xA4, 0x11, 0x62, 0x09,
    0x42, 0x11, 0x22, 0x09, 0xA3, 0x09, 0x66, 0x1A, 0xE4, 0x11, 0x23, 0x11, 0x81, 0x00, 0x41, 0x00,
    0x61, 0x00, 0x61, 0x00, 0x61, 0x00, 0x82, 0x00, 0xC2, 0x08, 0xC2, 0x08, 0xC2, 0x08, 0xA2, 0x00,
    0xA2, 0x08, 0xA2, 0x08, 0x61, 0x00, 0x82, 0x00, 0x03, 0x09, 0xC2, 0x08, 0xC2, 0x08, 0xC2, 0x08,
    0xA2, 0x08, 0x82, 0x00, 0x61, 0x00, 0x41, 0x00, 0x04, 0x11, 0xE5, 0x19, 0xA7, 0x22, 0xA7, 0x22,
    0xA7, 0x22, 0x86, 0x1A, 0x25, 0x1A, 0x45, 0x1A, 0xA6, 0x22, 0x86, 0x1A, 0xC4, 0x11, 0xA5, 0x11,
    0xC5, 0x11, 0xE5, 0x11, 0x06, 0x1A, 0xC5, 0x19, 0x84, 0x09, 0x84, 0x11, 0x03, 0x09, 0xE2, 0x08,
    0xE2, 0x08, 0xC2, 0x00, 0xA4, 0x19, 0x05, 0x1A, 0xA3, 0x11, 0x64, 0x11, 0x03, 0x09, 0x23, 0x09,
    0xE5, 0x19, 0x85, 0x11, 0x23, 0x09, 0x84, 0x11, 0x64, 0x11, 0x84, 0x11, 0xE5, 0x19, 0x84, 0x11,
    0x64, 0x09, 0xE5, 0x11, 0xC5, 0x11, 0x06, 0x1A, 0xC5, 0x11, 0x84, 0x11, 0xC5, 0x11, 0xE5, 0x11,
    0xA4, 0x11, 0x23, 0x09, 0xE3, 0x08, 0x23, 0x09, 0x03, 0x09, 0xC2, 0x00, 0x61, 0x00, 0x61, 0x00,
    0x82, 0x00, 0x82, 0x08, 0x82, 0x08, 0x82, 0x00, 0x61, 0x00, 0x61, 0x00, 0xE2, 0x08, 0x63, 0x09,
    0x63, 0x11, 0x43, 0x09, 0x42, 0x09, 0x02, 0x09, 0x02, 0x09, 0xE2, 0x08, 0xE2, 0x08, 0xC1, 0x00,
    0xA4, 0x19, 0x25, 0x1A, 0x25, 0x1A, 0xA4, 0x11, 0x84, 0x11, 0x64, 0x11, 0x84, 0x19, 0x02, 0x09,
    0x63, 0x09, 0x05, 0x1A, 0x25, 0x1A, 0xC3, 0x11, 0xA3, 0x11, 0x06, 0x33, 0x25, 0x2B, 0x23, 0x1A,
    0xC5, 0x2A, 0x02, 0x09, 0x62, 0x00, 0x81, 0x00, 0x87, 0x2A, 0x08, 0x2B, 0x45, 0x1A, 0x28, 0x2B,
    0x65, 0x1A, 0x86, 0x1A, 0xA6, 0x22, 0x65, 0x1A, 0xC7, 0x22, 0x86, 0x1A, 0x86, 0x22, 0x45, 0x1A,
    0x46, 0x22, 0xE2, 0x08, 0x02, 0x09, 0x43, 0x11, 0x83, 0x11, 0x64, 0x1A, 0xC5, 0x22, 0x63, 0x1A,
    0x23, 0x1A, 0xC2, 0x11, 0xC4, 0x2A, 0x08, 0x44, 0x06, 0x33, 0x88, 0x3A, 0x24, 0x19, 0x02, 0x01,
    0xA6, 0x2A, 0xC7, 0x3A, 0x83, 0x11, 0x24, 0x12, 0x65, 0x1A, 0xE4, 0x19, 0x45, 0x1A, 0x25, 0x1A,
    0x45, 0x1A, 0x65, 0x22, 0x64, 0x1A, 0x04, 0x1A, 0x03, 0x09, 0xC2, 0x00, 0xC2, 0x08, 0xC2, 0x08,
    0xA2, 0x08, 0xA2, 0x08, 0xA2, 0x08, 0x43, 0x11, 0xC5, 0x11, 0xC5, 0x11, 0x23, 0x11, 0x84, 0x11,
    0x62, 0x00, 0x61, 0x00, 0x41, 0x00, 0x61, 0x00, 0x61, 0x00, 0x62, 0x00, 0x62, 0x00, 0xC2, 0x08,
    0xC2, 0x00, 0x82, 0x00, 0x61, 0x00, 0x82, 0x00, 0x82, 0x00, 0xE3, 0x08, 0xE3, 0x08, 0xC3, 0x08,
    0xC3, 0x08, 0x82, 0x00, 0xA2, 0x08, 0x24, 0x11, 0xC2, 0x00, 0xC2, 0x08, 0xC2, 0x08, 0xC2, 0x00,
    0x62, 0x09, 0x04, 0x22, 0x62, 0x09, 0xE3, 0x19, 0x44, 0x1A, 0x22, 0x09, 0x03, 0x09, 0x02, 0x09,
    0x03, 0x09, 0xC2, 0x08, 0xE2, 0x00, 0xE5, 0x19, 0x05, 0x1A, 0x05, 0x12, 0x05, 0x12, 0x05, 0x1A,
    0x05, 0x12, 0x05, 0x1A, 0x05, 0x1A, 0x45, 0x1A, 0xA5, 0x22, 0x64, 0x22, 0x04, 0x1A, 0xE3, 0x11,
    0x03, 0x1A, 0x04, 0x1A, 0xA3, 0x19, 0x83, 0x11, 0xA3, 0x11, 0x04, 0x1A, 0xE3, 0x19, 0x83, 0x11,
    0x62, 0x11, 0x83, 0x11, 0xA3, 0x11, 0xA3, 0x19, 0xC3, 0x11, 0xC4, 0x11, 0xE2, 0x08, 0xE3, 0x00,
    0x44, 0x11, 0x07, 0x22, 0xE6, 0x19, 0xC5, 0x11, 0xA5, 0x11, 0x64, 0x09, 0xA4, 0x11, 0xC3, 0x11,
    0x62, 0x11, 0x22, 0x11, 0x22, 0x11, 0x63, 0x09, 0x25, 0x22, 0x25, 0x1A, 0x83, 0x11, 0xA1, 0x00,
    0x61, 0x00, 0x61, 0x00, 0x61, 0x00, 0xC2, 0x08, 0xC3, 0x08, 0xA2, 0x08, 0x81, 0x00, 0xC2, 0x08,
    0x03, 0x11, 0x23, 0x09, 0x43, 0x11, 0x64, 0x11, 0xC5, 0x19, 0xA5, 0x19, 0x64, 0x11, 0xE3, 0x08,
    0xE3, 0x08, 0xA2, 0x00, 0x61, 0x00, 0x81, 0x00, 0x61, 0x00, 0x23, 0x09, 0xC8, 0x2A, 0xC7, 0x1A,
    0xC8, 0x22, 0x08, 0x23, 0x86, 0x1A, 0x25, 0x12, 0xA6, 0x22, 0x26, 0x1A, 0xE2, 0x00, 0x84, 0x11,
    0xC5, 0x11, 0xE5, 0x19, 0xA5, 0x11, 0x84, 0x11, 0xC5, 0x19, 0x43, 0x09, 0x23, 0x09, 0xC2, 0x00,
    0x02, 0x09, 0x84, 0x11, 0xA3, 0x11, 0x24, 0x1A, 0x65, 0x1A, 0x66, 0x22, 0xC4, 0x19, 0xE2, 0x00,
    0x81, 0x00, 0x82, 0x08, 0x21, 0x00, 0x24, 0x19, 0xE3, 0x08, 0x61, 0x00, 0x61, 0x00, 0x64, 0x09,
    0xC6, 0x11, 0xA5, 0x11, 0x06, 0x1A, 0x06, 0x1A, 0x06, 0x1A, 0xC5, 0x11, 0xC5, 0x11, 0x26, 0x1A,
    0x06, 0x1A, 0x84, 0x11, 0x64, 0x11, 0x44, 0x09, 0x44, 0x09, 0x85, 0x11, 0x65, 0x11, 0xE3, 0x08,
    0x82, 0x00, 0x81, 0x00, 0x81, 0x00, 0x61, 0x00, 0x81, 0x00, 0x02, 0x09, 0x63, 0x11, 0x63, 0x11,
    0x62, 0x11, 0x43, 0x09, 0x22, 0x09, 0x22, 0x09, 0x02, 0x09, 0x02, 0x09, 0x03, 0x09, 0x23, 0x09,
    0x84, 0x11, 0x84, 0x11, 0x43, 0x09, 0x23, 0x09, 0xE2, 0x08, 0xA2, 0x08, 0x63, 0x11, 0x86, 0x22,
    0x86, 0x22, 0x45, 0x1A, 0xE4, 0x11, 0x25, 0x22, 0x25, 0x2A, 0xE5, 0x32, 0x04, 0x2B, 0xA4, 0x22,
    0xC3, 0x19, 0xA1, 0x00, 0xA2, 0x00, 0xA1, 0x00, 0x23, 0x09, 0x46, 0x22, 0x69, 0x33, 0x86, 0x1A,
    0x08, 0x2B, 0xC6, 0x22, 0x85, 0x1A, 0xC7, 0x22, 0xA6, 0x1A, 0xC7, 0x22, 0xA6, 0x22, 0x85, 0x1A,
    0x83, 0x11, 0x02, 0x09, 0x23, 0x09, 0x63, 0x11, 0xA3, 0x11, 0xC5, 0x2A, 0xC4, 0x22, 0x63, 0x22,
    0x43, 0x1A, 0xC2, 0x11, 0x84, 0x2A, 0x2A, 0x54, 0xC5, 0x2A, 0x84, 0x11, 0x62, 0x00, 0x83, 0x11,
    0xC5, 0x2A, 0xA6, 0x32, 0x63, 0x09, 0xA6, 0x22, 0x65, 0x1A, 0xC3, 0x11, 0x25, 0x22, 0x65, 0x1A,
    0x44, 0x1A, 0xA6, 0x22, 0xE6, 0x22, 0xA5, 0x22, 0x86, 0x22, 0x22, 0x09, 0xC2, 0x08, 0xE3, 0x08,
    0xC2, 0x08, 0x61, 0x00, 0x82, 0x00, 0xE3, 0x08, 0x23, 0x09, 0x02, 0x09, 0x02, 0x09, 0x43, 0x09,
    0x62, 0x00, 0x62, 0x00, 0x62, 0x00, 0x62, 0x00, 0x82, 0x00, 0x62, 0x00, 0x82, 0x08, 0x03, 0x09,
    0x23, 0x09, 0xA2, 0x00, 0x61, 0x00, 0x82, 0x00, 0x82, 0x00, 0x82, 0x00, 0x61, 0x00, 0x61, 0x00,
    0x61, 0x00, 0x41, 0x00, 0x82, 0x00, 0xC3, 0x08, 0xE3, 0x08, 0xC2, 0x08, 0xE2, 0x08, 0xE3, 0x08,
    0xE2, 0x08, 0x62, 0x09, 0xC3, 0x19, 0xA2, 0x11, 0xC6, 0x2A, 0xC4, 0x19, 0xE2, 0x08, 0x23, 0x11,
    0x43, 0x11, 0x43, 0x11, 0xA5, 0x11, 0xA4, 0x19, 0xE5, 0x19, 0xE5, 0x19, 0xE5, 0x11, 0xE5, 0x11,
    0x26, 0x1A, 0x87, 0x22, 0xE6, 0x2A, 0x85, 0x22, 0x44, 0x1A, 0xE3, 0x11, 0xC3, 0x11, 0x44, 0x22,
    0xC3, 0x11, 0x03, 0x1A, 0x45, 0x22, 0x24, 0x22, 0xC3, 0x11, 0xE4, 0x19, 0xC3, 0x11, 0x62, 0x11,
    0x82, 0x11, 0x83, 0x11, 0x83, 0x11, 0xA3, 0x11, 0x04, 0x1A, 0x45, 0x1A, 0x84, 0x11, 0xE3, 0x08,
    0x03, 0x09, 0x03, 0x01, 0x64, 0x09, 0x06, 0x1A, 0xE6, 0x19, 0x84, 0x11, 0x02, 0x01, 0xA3, 0x11,
    0xA3, 0x11, 0x42, 0x11, 0x43, 0x11, 0x42, 0x09, 0x63, 0x09, 0x25, 0x1A, 0x25, 0x1A, 0x84, 0x11,
    0x82, 0x00, 0x61, 0x00, 0x82, 0x00, 0xE3, 0x08, 0xE2, 0x08, 0x23, 0x09, 0xA4, 0x11, 0xE5, 0x19,
    0x46, 0x1A, 0x66, 0x1A, 0x46, 0x22, 0xE5, 0x19, 0xE5, 0x19, 0x84, 0x11, 0x63, 0x09, 0x23, 0x09,
    0xE3, 0x08, 0xC3, 0x08, 0xA2, 0x00, 0x82, 0x00, 0x82, 0x00, 0x03, 0x09, 0x84, 0x11, 0x09, 0x2B,
    0xE8, 0x22, 0x28, 0x2B, 0x66, 0x1A, 0x66, 0x1A, 0x86, 0x1A, 0x43, 0x09, 0x61, 0x00, 0xA1, 0x00,
    0x23, 0x09, 0x23, 0x09, 0x23, 0x09, 0xA4, 0x11, 0x25, 0x1A, 0xE4, 0x19, 0x23, 0x09, 0x41, 0x00,
    0x63, 0x11, 0xA4, 0x19, 0x83, 0x11, 0xC3, 0x11, 0x45, 0x12, 0x45, 0x1A, 0xC7, 0x22, 0xE8, 0x2A,
    0x84, 0x11, 0x81, 0x00, 0xC3, 0x10, 0x04, 0x11, 0xE3, 0x08, 0x82, 0x00, 0x41, 0x00, 0x44, 0x09,
    0x88, 0x2A, 0x06, 0x1A, 0xC5, 0x11, 0xE6, 0x19, 0x27, 0x1A, 0x26, 0x1A, 0xC5, 0x11, 0x46, 0x1A,
    0xC5, 0x11, 0x84, 0x11, 0x43, 0x09, 0x44, 0x11, 0xC6, 0x19, 0xE6, 0x11, 0xC6, 0x11, 0x44, 0x09,
    0xE3, 0x08, 0xA2, 0x00, 0x81, 0x00, 0x82, 0x00, 0xC2, 0x08, 0x63, 0x11, 0x83, 0x11, 0x63, 0x11,
    0x83, 0x11, 0x63, 0x11, 0x63, 0x11, 0xA4, 0x11, 0xA4, 0x11, 0xA4, 0x11, 0x84, 0x11, 0x84, 0x11,
    0x84, 0x11, 0x44, 0x11, 0x03, 0x09, 0xE2, 0x08, 0xC2, 0x00, 0xE2, 0x08, 0x45, 0x22, 0xA6, 0x22,
    0x25, 0x1A, 0x04, 0x1A, 0x6A, 0x43, 0xA8, 0x3A, 0xC9, 0x42, 0x68, 0x4B, 0x05, 0x33, 0x04, 0x22,
    0x02, 0x09, 0x03, 0x09, 0xC2, 0x00, 0x81, 0x00, 0xC2, 0x08, 0x86, 0x2A, 0x85, 0x1A, 0x28, 0x33,
    0xE7, 0x22, 0xA5, 0x1A, 0x65, 0x22, 0x07, 0x2B, 0xE7, 0x22, 0xE7, 0x22, 0xA6, 0x1A, 0x08, 0x2B,
    0x63, 0x11, 0x02, 0x09, 0x63, 0x11, 0x83, 0x11, 0xC3, 0x11, 0xA5, 0x22, 0xC4, 0x22, 0x63, 0x22,
    0x02, 0x1A, 0xE2, 0x11, 0x43, 0x22, 0xC5, 0x2A, 0xA5, 0x22, 0x43, 0x09, 0xA2, 0x00, 0xA3, 0x11,
    0xC5, 0x22, 0x24, 0x22, 0xC4, 0x11, 0x45, 0x1A, 0xC7, 0x22, 0x04, 0x1A, 0x04, 0x1A, 0x44, 0x1A,
    0xA6, 0x22, 0x44, 0x12, 0xC6, 0x22, 0xE6, 0x2A, 0x85, 0x1A, 0x23, 0x09, 0xC2, 0x08, 0x03, 0x09,
    0xE3, 0x08, 0x61, 0x00, 0x41, 0x00, 0xC2, 0x08, 0xE2, 0x08, 0x02, 0x09, 0x03, 0x09, 0x22, 0x09,
};

const lv_img_dsc_t bg_image2 = {
    { LV_IMG_CF_TRUE_COLOR, 0, 0, 240, 240 },
    115200,
    bg_image2_map,
};

#endif // BG_IMAGE2_H
