// Auto-generated Sharingan symbol — TRUE_COLOR_ALPHA (RGB565 + 8-bit alpha)
// 180x180, 3 bytes per pixel

#ifndef SHARINGAN_H
#define SHARINGAN_H

#include "lvgl.h"

#ifndef LV_ATTRIBUTE_MEM_ALIGN
#define LV_ATTRIBUTE_MEM_ALIGN
#endif

static const LV_ATTRIBUTE_MEM_ALIGN uint8_t sharingan_map[] = {
    0xE2, 0x11, 0x00, 0x03, 0x1A, 0x00, 0x03, 0x1A, 0x00, 0x03, 0x1A, 0x00, 0x23, 0x1A, 0x00, 0xE2, 0x11, 0x00,
    0xE3, 0x11, 0x00, 0x03, 0x1A, 0x00, 0x02, 0x1A, 0x00, 0x03, 0x1A, 0x00, 0x23, 0x1A, 0x00, 0x43, 0x22, 0x00,
    0x83, 0x22, 0x00, 0x45, 0x33, 0x00, 0xA5, 0x2A, 0x00, 0x42, 0x09, 0x00, 0x43, 0x11, 0x00, 0x83, 0x11, 0x00,
    0xA3, 0x11, 0x00, 0xA3, 0x11, 0x00, 0xA3, 0x11, 0x00, 0x83, 0x11, 0x00, 0x83, 0x11, 0x00, 0xA3, 0x11, 0x00,
    0x62, 0x09, 0x00, 0x42, 0x09, 0x00, 0xA4, 0x19, 0x00, 0x63, 0x11, 0x00, 0x63, 0x11, 0x00, 0xA4, 0x19, 0x00,
    0x83, 0x11, 0x00, 0x62, 0x09, 0x00, 0x64, 0x11, 0x00, 0xC2, 0x08, 0x00, 0x62, 0x00, 0x00, 0x82, 0x00, 0x00,
    0xE3, 0x08, 0x00, 0x64, 0x11, 0x00, 0x23, 0x09, 0x00, 0x82, 0x00, 0x00, 0x82, 0x08, 0x00, 0x61, 0x00, 0x00,
    0x63, 0x11, 0x00, 0xE3, 0x11, 0x00, 0xA2, 0x09, 0x00, 0xA3, 0x19, 0x00, 0xA1, 0x08, 0x00, 0x61, 0x00, 0x00,
    0x62, 0x00, 0x00, 0x62, 0x00, 0x00, 0x62, 0x00, 0x00, 0x61, 0x00, 0x00, 0xA1, 0x00, 0x00, 0x42, 0x09, 0x00,
    0xA3, 0x19, 0x00, 0x63, 0x11, 0x00, 0x42, 0x09, 0x00, 0x82, 0x11, 0x00, 0x82, 0x11, 0x00, 0x22, 0x09, 0x00,
    0xC2, 0x00, 0x00, 0xA2, 0x00, 0x00, 0x02, 0x09, 0x00, 0xA3, 0x11, 0x00, 0xA2, 0x11, 0x00, 0x63, 0x11, 0x00,
    0x02, 0x09, 0x00, 0x22, 0x09, 0x00, 0x23, 0x09, 0x00, 0x23, 0x09, 0x00, 0x02, 0x09, 0x00, 0x02, 0x09, 0x00,
    0x02, 0x09, 0x00, 0x02, 0x09, 0x02, 0x42, 0x09, 0x06, 0x63, 0x11, 0x07, 0x81, 0x00, 0x08, 0x41, 0x00, 0x08,
    0x62, 0x00, 0x08, 0x62, 0x00, 0x09, 0x61, 0x00, 0x15, 0x81, 0x00, 0x34, 0x81, 0x00, 0x40, 0x62, 0x00, 0x41,
    0x62, 0x00, 0x41, 0xE3, 0x08, 0x41, 0xA9, 0x2A, 0x41, 0x88, 0x22, 0x41, 0xE2, 0x00, 0x41, 0x81, 0x00, 0x41,
    0x84, 0x19, 0x41, 0xA4, 0x11, 0x41, 0xE5, 0x19, 0x41, 0xC4, 0x11, 0x41, 0x05, 0x1A, 0x41, 0x03, 0x09, 0x41,
    0xE3, 0x10, 0x41, 0x23, 0x09, 0x40, 0x43, 0x11, 0x34, 0x23, 0x09, 0x15, 0x03, 0x09, 0x09, 0x61, 0x00, 0x08,
    0x41, 0x00, 0x08, 0x41, 0x00, 0x08, 0x81, 0x00, 0x07, 0x61, 0x00, 0x06, 0x62, 0x00, 0x02, 0x62, 0x00, 0x00,
    0x82, 0x00, 0x00, 0x82, 0x00, 0x00, 0xA2, 0x00, 0x00, 0xA2, 0x00, 0x00, 0xA2, 0x08, 0x00, 0x62, 0x00, 0x00,
    0x61, 0x00, 0x00, 0x41, 0x00, 0x00, 0x82, 0x00, 0x00, 0x04, 0x11, 0x00, 0xA2, 0x08, 0x00, 0x61, 0x00, 0x00,
    0xA1, 0x00, 0x00, 0xE2, 0x08, 0x00, 0x03, 0x09, 0x00, 0x63, 0x11, 0x00, 0x63, 0x11, 0x00, 0x43, 0x09, 0x00,
    0x43, 0x09, 0x00, 0x64, 0x11, 0x00, 0x64, 0x11, 0x00, 0x44, 0x11, 0x00, 0x44, 0x11, 0x00, 0x43, 0x11, 0x00,
    0x43, 0x11, 0x00, 0x43, 0x11, 0x00, 0x23, 0x11, 0x00, 0x23, 0x09, 0x00, 0x23, 0x09, 0x00, 0x43, 0x11, 0x00,
    0x63, 0x11, 0x00, 0x84, 0x11, 0x00, 0xA4, 0x11, 0x00, 0x63, 0x11, 0x00, 0xA1, 0x00, 0x00, 0xC2, 0x08, 0x00,
    0x23, 0x09, 0x00, 0x84, 0x11, 0x00, 0x02, 0x12, 0x00, 0xC3, 0x22, 0x00, 0x03, 0x23, 0x00, 0x42, 0x23, 0x00,
    0x63, 0x2B, 0x00, 0xC4, 0x22, 0x00, 0x04, 0x1A, 0x00, 0x65, 0x1A, 0x00, 0x65, 0x1A, 0x00, 0x25, 0x1A, 0x00,
    0x42, 0x09, 0x00, 0x62, 0x09, 0x00, 0xA6, 0x2A, 0x00, 0x65, 0x22, 0x00, 0xE4, 0x19, 0x00, 0xC4, 0x19, 0x00,
    0xA4, 0x19, 0x00, 0x83, 0x11, 0x00, 0xC2, 0x08, 0x00, 0x21, 0x00, 0x00, 0x41, 0x00, 0x00, 0x41, 0x00, 0x00,
    0xC2, 0x08, 0x00, 0x82, 0x00, 0x00, 0x62, 0x00, 0x00, 0x41, 0x00, 0x00, 0x62, 0x09, 0x00, 0xC5, 0x2A, 0x00,
    0x47, 0x3B, 0x00, 0xCA, 0x53, 0x00, 0xEA, 0x5B, 0x00, 0xE7, 0x3A, 0x00, 0x44, 0x22, 0x00, 0x24, 0x22, 0x00,
    0x02, 0x12, 0x00, 0x23, 0x1A, 0x00, 0x03, 0x12, 0x00, 0x23, 0x1A, 0x00, 0x03, 0x1A, 0x00, 0x23, 0x1A, 0x00,
    0x23, 0x1A, 0x00, 0x02, 0x12, 0x00, 0x02, 0x12, 0x00, 0x43, 0x1A, 0x00, 0x63, 0x22, 0x00, 0x63, 0x22, 0x00,
    0x83, 0x1A, 0x00, 0xC4, 0x22, 0x00, 0x26, 0x33, 0x00, 0xC3, 0x11, 0x00, 0x63, 0x11, 0x00, 0xA3, 0x11, 0x00,
    0xE4, 0x19, 0x00, 0xE4, 0x19, 0x00, 0x62, 0x11, 0x00, 0x63, 0x11, 0x00, 0x22, 0x09, 0x00, 0x63, 0x11, 0x00,
    0xC3, 0x19, 0x00, 0x62, 0x09, 0x00, 0x63, 0x11, 0x00, 0xC4, 0x19, 0x00, 0x83, 0x11, 0x00, 0x63, 0x09, 0x00,
    0xC4, 0x19, 0x00, 0x83, 0x11, 0x00, 0xC2, 0x08, 0x00, 0x62, 0x00, 0x00, 0x82, 0x00, 0x00, 0x82, 0x00, 0x00,
    0x81, 0x00, 0x00, 0x03, 0x09, 0x00, 0x03, 0x09, 0x00, 0xA2, 0x00, 0x00, 0x61, 0x00, 0x00, 0x42, 0x09, 0x00,
    0x23, 0x1A, 0x00, 0xC2, 0x11, 0x00, 0xC4, 0x19, 0x00, 0xC2, 0x00, 0x00, 0x61, 0x00, 0x00, 0x82, 0x00, 0x00,
    0x81, 0x00, 0x00, 0x62, 0x00, 0x00, 0x62, 0x00, 0x00, 0x61, 0x00, 0x00, 0x02, 0x11, 0x00, 0xA3, 0x11, 0x00,
    0xC3, 0x11, 0x00, 0x42, 0x11, 0x00, 0x62, 0x11, 0x00, 0xA2, 0x11, 0x00, 0xE3, 0x11, 0x00, 0x42, 0x09, 0x00,
    0x81, 0x00, 0x00, 0xA2, 0x08, 0x00, 0x02, 0x09, 0x00, 0x83, 0x11, 0x00, 0xC2, 0x11, 0x00, 0x62, 0x11, 0x00,
    0x22, 0x09, 0x00, 0x62, 0x09, 0x00, 0x63, 0x09, 0x02, 0x43, 0x11, 0x05, 0x02, 0x09, 0x07, 0x22, 0x09, 0x07,
    0x22, 0x09, 0x08, 0x23, 0x11, 0x13, 0x43, 0x09, 0x2F, 0x43, 0x11, 0x39, 0x81, 0x00, 0x3B, 0x61, 0x00, 0x3B,
    0x62, 0x00, 0x3B, 0x61, 0x00, 0x3E, 0x61, 0x00, 0x5B, 0x82, 0x00, 0xA4, 0xA2, 0x08, 0xC1, 0x82, 0x00, 0xC4,
    0x81, 0x00, 0xC4, 0xC2, 0x08, 0xC4, 0xE6, 0x19, 0xC4, 0xE3, 0x08, 0xC4, 0x61, 0x00, 0xC4, 0x82, 0x00, 0xC4,
    0x23, 0x11, 0xC4, 0x23, 0x11, 0xC4, 0x03, 0x09, 0xC4, 0x63, 0x11, 0xC4, 0xA3, 0x11, 0xC4, 0x83, 0x11, 0xC4,
    0x23, 0x09, 0xC4, 0x63, 0x11, 0xC1, 0x23, 0x09, 0xA4, 0xA2, 0x00, 0x5B, 0x41, 0x00, 0x3E, 0x41, 0x00, 0x3B,
    0x61, 0x00, 0x3B, 0x41, 0x00, 0x3B, 0x41, 0x00, 0x39, 0x41, 0x00, 0x2F, 0x41, 0x00, 0x13, 0x41, 0x00, 0x08,
    0x61, 0x00, 0x07, 0x82, 0x08, 0x07, 0xA2, 0x08, 0x05, 0x82, 0x00, 0x02, 0x82, 0x00, 0x00, 0x82, 0x00, 0x00,
    0x61, 0x00, 0x00, 0x61, 0x00, 0x00, 0x41, 0x00, 0x00, 0x62, 0x00, 0x00, 0x82, 0x00, 0x00, 0x81, 0x00, 0x00,
    0xA2, 0x00, 0x00, 0x03, 0x11, 0x00, 0x23, 0x09, 0x00, 0x63, 0x09, 0x00, 0x43, 0x09, 0x00, 0x44, 0x11, 0x00,
    0x03, 0x09, 0x00, 0xC2, 0x00, 0x00, 0xE2, 0x08, 0x00, 0xE3, 0x08, 0x00, 0xC2, 0x00, 0x00, 0xA2, 0x00, 0x00,
    0xE3, 0x08, 0x00, 0xE3, 0x08, 0x00, 0xE2, 0x08, 0x00, 0xE2, 0x08, 0x00, 0xE2, 0x08, 0x00, 0x03, 0x09, 0x00,
    0x23, 0x09, 0x00, 0x43, 0x09, 0x00, 0x63, 0x11, 0x00, 0xA4, 0x11, 0x00, 0x02, 0x09, 0x00, 0x02, 0x09, 0x00,
    0x43, 0x11, 0x00, 0x43, 0x11, 0x00, 0xC3, 0x19, 0x00, 0x24, 0x1A, 0x00, 0x43, 0x22, 0x00, 0x22, 0x1A, 0x00,
    0xA3, 0x22, 0x00, 0x23, 0x1A, 0x00, 0x82, 0x09, 0x00, 0x83, 0x09, 0x00, 0xA3, 0x11, 0x00, 0xC3, 0x11, 0x00,
    0x83, 0x11, 0x00, 0x83, 0x11, 0x00, 0xA3, 0x11, 0x00, 0xA3, 0x11, 0x00, 0xA3, 0x11, 0x00, 0xA3, 0x11, 0x00,
    0xC3, 0x11, 0x00, 0xC3, 0x19, 0x00, 0xE3, 0x19, 0x00, 0x83, 0x11, 0x00, 0xC2, 0x08, 0x00, 0x81, 0x00, 0x00,
    0x02, 0x09, 0x00, 0xA2, 0x00, 0x00, 0x21, 0x00, 0x00, 0x02, 0x09, 0x00, 0x68, 0x43, 0x00, 0x47, 0x3B, 0x00,
    0xE7, 0x3A, 0x00, 0x66, 0x32, 0x00, 0x83, 0x19, 0x00, 0x62, 0x11, 0x00, 0xC3, 0x19, 0x00, 0x42, 0x11, 0x00,
    0xA4, 0x2A, 0x00, 0x02, 0x1A, 0x00, 0x03, 0x1A, 0x00, 0x03, 0x1A, 0x00, 0x02, 0x1A, 0x00, 0x03, 0x1A, 0x00,
    0x23, 0x1A, 0x00, 0x43, 0x1A, 0x00, 0x22, 0x1A, 0x00, 0x23, 0x1A, 0x00, 0x63, 0x22, 0x00, 0x84, 0x22, 0x00,
    0xC4, 0x2A, 0x00, 0xA3, 0x22, 0x00, 0xE5, 0x2A, 0x00, 0x24, 0x1A, 0x00, 0xA4, 0x11, 0x00, 0xE4, 0x19, 0x00,
    0xE3, 0x11, 0x00, 0xC3, 0x11, 0x00, 0x62, 0x09, 0x00, 0xA3, 0x11, 0x00, 0xC4, 0x19, 0x00, 0x42, 0x09, 0x00,
    0x83, 0x11, 0x00, 0x04, 0x1A, 0x00, 0xA2, 0x09, 0x00, 0xA2, 0x11, 0x00, 0xE3, 0x19, 0x00, 0x82, 0x11, 0x00,
    0x83, 0x11, 0x00, 0x02, 0x09, 0x00, 0x60, 0x00, 0x00, 0x61, 0x00, 0x00, 0x62, 0x00, 0x00, 0x82, 0x08, 0x00,
    0x82, 0x00, 0x00, 0xA2, 0x00, 0x00, 0xC3, 0x08, 0x00, 0x42, 0x00, 0x00, 0x62, 0x09, 0x00, 0x83, 0x22, 0x00,
    0xE2, 0x11, 0x00, 0xC3, 0x19, 0x00, 0xC1, 0x00, 0x00, 0x61, 0x00, 0x00, 0x82, 0x00, 0x00, 0x82, 0x00, 0x00,
    0x82, 0x00, 0x00, 0x61, 0x00, 0x00, 0x81, 0x00, 0x00, 0x02, 0x09, 0x00, 0xA3, 0x19, 0x00, 0xC3, 0x19, 0x00,
    0x82, 0x11, 0x00, 0x62, 0x11, 0x00, 0x82, 0x11, 0x00, 0xC2, 0x11, 0x00, 0x03, 0x1A, 0x00, 0xC3, 0x11, 0x00,
    0xA2, 0x08, 0x00, 0xC2, 0x08, 0x00, 0x02, 0x09, 0x00, 0x62, 0x11, 0x00, 0xA3, 0x11, 0x02, 0x62, 0x11, 0x05,
    0x42, 0x09, 0x07, 0x83, 0x11, 0x08, 0xA3, 0x11, 0x13, 0x63, 0x11, 0x2F, 0x22, 0x09, 0x39, 0x62, 0x11, 0x3B,
    0x62, 0x11, 0x3E, 0x42, 0x11, 0x5B, 0x42, 0x09, 0xA4, 0x23, 0x11, 0xC1, 0x61, 0x00, 0xC4, 0x61, 0x00, 0xC4,
    0x61, 0x00, 0xC4, 0x41, 0x00, 0xC6, 0x61, 0x00, 0xD0, 0xA2, 0x08, 0xEC, 0xA2, 0x08, 0xF7, 0x81, 0x00, 0xF8,
    0x81, 0x00, 0xF8, 0x81, 0x00, 0xF8, 0x61, 0x00, 0xF8, 0x61, 0x00, 0xF8, 0x82, 0x00, 0xF8, 0xA2, 0x08, 0xF8,
    0xE3, 0x08, 0xF8, 0x43, 0x11, 0xF8, 0x83, 0x11, 0xF8, 0x45, 0x2A, 0xF8, 0xC3, 0x11, 0xF8, 0x84, 0x1A, 0xF8,
    0x23, 0x1A, 0xF8, 0x43, 0x11, 0xF7, 0x64, 0x11, 0xEC, 0x43, 0x11, 0xD0, 0xC2, 0x08, 0xC6, 0x62, 0x00, 0xC4,
    0x21, 0x00, 0xC4, 0x41, 0x00, 0xC4, 0x41, 0x00, 0xC1, 0x41, 0x00, 0xA4, 0x41, 0x00, 0x5B, 0x41, 0x00, 0x3E,
    0x41, 0x00, 0x3B, 0x61, 0x00, 0x39, 0xA2, 0x08, 0x2F, 0xA2, 0x08, 0x13, 0x82, 0x00, 0x08, 0x82, 0x00, 0x07,
    0x82, 0x00, 0x05, 0x62, 0x00, 0x02, 0x41, 0x00, 0x00, 0x62, 0x00, 0x00, 0x82, 0x00, 0x00, 0x82, 0x00, 0x00,
    0xC2, 0x08, 0x00, 0x03, 0x09, 0x00, 0x22, 0x09, 0x00, 0x43, 0x11, 0x00, 0x44, 0x11, 0x00, 0xE3, 0x08, 0x00,
    0x82, 0x00, 0x00, 0x81, 0x00, 0x00, 0x61, 0x00, 0x00, 0x61, 0x00, 0x00, 0x41, 0x00, 0x00, 0x61, 0x00, 0x00,
    0x82, 0x00, 0x00, 0x82, 0x00, 0x00, 0x82, 0x00, 0x00, 0x82, 0x00, 0x00, 0xA2, 0x08, 0x00, 0xA2, 0x08, 0x00,
    0xC2, 0x08, 0x00, 0x03, 0x09, 0x00, 0x02, 0x09, 0x00, 0x23, 0x09, 0x00, 0x02, 0x09, 0x00, 0x23, 0x11, 0x00,
    0x22, 0x09, 0x00, 0x22, 0x09, 0x00, 0xC4, 0x19, 0x00, 0x83, 0x11, 0x00, 0xE1, 0x00, 0x00, 0x84, 0x11, 0x00,
    0x62, 0x09, 0x00, 0x02, 0x09, 0x00, 0x43, 0x11, 0x00, 0x63, 0x11, 0x00, 0x63, 0x11, 0x00, 0x02, 0x09, 0x00,
    0xE2, 0x08, 0x00, 0xC2, 0x00, 0x00, 0xE2, 0x08, 0x00, 0x43, 0x11, 0x00, 0x02, 0x09, 0x00, 0xC1, 0x08, 0x00,
    0xE2, 0x08, 0x00, 0x02, 0x09, 0x00, 0x42, 0x09, 0x00, 0xA3, 0x11, 0x00, 0xC4, 0x19, 0x00, 0xA3, 0x19, 0x00,
    0x21, 0x09, 0x00, 0xC2, 0x00, 0x00, 0x82, 0x00, 0x00, 0x44, 0x11, 0x00, 0xA4, 0x19, 0x00, 0x42, 0x11, 0x00,
    0xC2, 0x00, 0x00, 0x20, 0x00, 0x00, 0x41, 0x00, 0x00, 0xE3, 0x08, 0x00, 0x83, 0x11, 0x00, 0xE2, 0x08, 0x00,
    0xA9, 0x4B, 0x00, 0x23, 0x1A, 0x00, 0x23, 0x1A, 0x00, 0x02, 0x1A, 0x00, 0xE2, 0x19, 0x00, 0xE2, 0x11, 0x00,
    0x03, 0x1A, 0x00, 0x03, 0x1A, 0x00, 0x43, 0x1A, 0x00, 0x23, 0x1A, 0x00, 0x02, 0x12, 0x00, 0x43, 0x22, 0x00,
    0x83, 0x22, 0x00, 0xA3, 0x1A, 0x00, 0xE4, 0x22, 0x00, 0x64, 0x22, 0x00, 0xE4, 0x11, 0x00, 0x25, 0x1A, 0x00,
    0x25, 0x1A, 0x00, 0xA3, 0x11, 0x00, 0x83, 0x11, 0x00, 0x62, 0x09, 0x00, 0xE3, 0x19, 0x00, 0x04, 0x1A, 0x00,
    0x82, 0x09, 0x00, 0xC3, 0x19, 0x00, 0x24, 0x1A, 0x00, 0x82, 0x09, 0x00, 0xC3, 0x11, 0x00, 0x24, 0x22, 0x00,
    0x22, 0x09, 0x00, 0xA1, 0x00, 0x00, 0x61, 0x00, 0x00, 0x42, 0x00, 0x00, 0x61, 0x00, 0x00, 0x61, 0x00, 0x00,
    0x62, 0x00, 0x00, 0x61, 0x00, 0x00, 0x61, 0x00, 0x00, 0xA2, 0x08, 0x00, 0x45, 0x2A, 0x00, 0xE2, 0x19, 0x00,
    0x83, 0x19, 0x00, 0xA1, 0x00, 0x00, 0x61, 0x00, 0x00, 0x82, 0x00, 0x00, 0x82, 0x00, 0x00, 0x82, 0x00, 0x00,
    0x62, 0x00, 0x00, 0x61, 0x00, 0x00, 0x02, 0x09, 0x00, 0xC3, 0x11, 0x00, 0x23, 0x1A, 0x00, 0x03, 0x1A, 0x00,
    0x62, 0x11, 0x00, 0x82, 0x11, 0x00, 0xA2, 0x11, 0x00, 0xC2, 0x11, 0x00, 0x23, 0x1A, 0x00, 0x04, 0x1A, 0x00,
    0xE2, 0x08, 0x00, 0xC2, 0x08, 0x02, 0x02, 0x09, 0x05, 0x62, 0x11, 0x08, 0x83, 0x11, 0x13, 0x62, 0x11, 0x2F,
    0x62, 0x11, 0x39, 0xC3, 0x11, 0x3E, 0xE3, 0x19, 0x5B, 0x83, 0x11, 0xA4, 0x42, 0x09, 0xC1, 0x62, 0x11, 0xC4,
    0x62, 0x09, 0xC6, 0x62, 0x11, 0xD0, 0x62, 0x11, 0xEC, 0x23, 0x11, 0xF7, 0x41, 0x00, 0xF8, 0x61, 0x00, 0xF8,
    0x41, 0x00, 0xF8, 0x41, 0x00, 0xF8, 0x82, 0x00, 0xFA, 0xA2, 0x08, 0xFD, 0xA2, 0x08, 0xFF, 0x82, 0x00, 0xFF,
    0x81, 0x00, 0xFF, 0x82, 0x00, 0xFF, 0x82, 0x00, 0xFF, 0x82, 0x08, 0xFF, 0x82, 0x00, 0xFF, 0x04, 0x09, 0xFF,
    0x85, 0x11, 0xFF, 0x63, 0x11, 0xFF, 0x23, 0x1A, 0xFF, 0x43, 0x1A, 0xFF, 0xC2, 0x11, 0xFF, 0x22, 0x12, 0xFF,
    0xC5, 0x22, 0xFF, 0x44, 0x1A, 0xFF, 0xE4, 0x11, 0xFD, 0x05, 0x1A, 0xFA, 0xE5, 0x19, 0xF8, 0xE5, 0x19, 0xF8,
    0x23, 0x09, 0xF8, 0x41, 0x00, 0xF8, 0x41, 0x00, 0xF7, 0x41, 0x00, 0xEC, 0x41, 0x00, 0xD0, 0x61, 0x00, 0xC6,
    0x61, 0x00, 0xC4, 0x61, 0x00, 0xC1, 0x61, 0x00, 0xA4, 0x82, 0x08, 0x5B, 0xA2, 0x08, 0x3E, 0x82, 0x00, 0x39,
    0x82, 0x00, 0x2F, 0x82, 0x00, 0x13, 0x61, 0x00, 0x08, 0x82, 0x00, 0x05, 0x82, 0x00, 0x02, 0x82, 0x00, 0x00,
    0xE2, 0x08, 0x00, 0x03, 0x09, 0x00, 0x23, 0x09, 0x00, 0x43, 0x11, 0x00, 0xC3, 0x08, 0x00, 0xA2, 0x08, 0x00,
    0xC3, 0x08, 0x00, 0xC3, 0x08, 0x00, 0xC3, 0x08, 0x00, 0xA2, 0x08, 0x00, 0x82, 0x00, 0x00, 0x82, 0x08, 0x00,
    0xA2, 0x08, 0x00, 0x82, 0x00, 0x00, 0xA2, 0x08, 0x00, 0xA2, 0x08, 0x00, 0xA2, 0x08, 0x00, 0xA2, 0x08, 0x00,
    0xA2, 0x00, 0x00, 0xC2, 0x08, 0x00, 0xE3, 0x08, 0x00, 0x23, 0x11, 0x00, 0x02, 0x09, 0x00, 0x02, 0x09, 0x00,
    0x23, 0x09, 0x00, 0x63, 0x11, 0x00, 0xA3, 0x11, 0x00, 0xC3, 0x11, 0x00, 0x65, 0x22, 0x00, 0x48, 0x2B, 0x00,
    0xC7, 0x22, 0x00, 0x63, 0x09, 0x00, 0xA2, 0x00, 0x00, 0xE2, 0x08, 0x00, 0xC2, 0x08, 0x00, 0x81, 0x00, 0x00,
    0x61, 0x00, 0x00, 0x82, 0x08, 0x00, 0xC3, 0x08, 0x00, 0xE2, 0x08, 0x00, 0xA2, 0x00, 0x00, 0xA2, 0x08, 0x00,
    0xA2, 0x08, 0x00, 0x82, 0x00, 0x00, 0x42, 0x00, 0x00, 0xA2, 0x08, 0x00, 0x01, 0x01, 0x00, 0xA2, 0x11, 0x00,
    0xE4, 0x19, 0x00, 0x23, 0x09, 0x00, 0xA2, 0x00, 0x00, 0x41, 0x00, 0x00, 0x20, 0x00, 0x00, 0x61, 0x00, 0x00,
    0x41, 0x00, 0x00, 0x42, 0x00, 0x00, 0x82, 0x00, 0x00, 0xC3, 0x08, 0x00, 0x22, 0x09, 0x00, 0xE2, 0x08, 0x00,
    0x25, 0x22, 0x00, 0xC7, 0x32, 0x00, 0x44, 0x1A, 0x00, 0x23, 0x1A, 0x00, 0x03, 0x1A, 0x00, 0xE2, 0x11, 0x00,
    0x02, 0x1A, 0x00, 0xE2, 0x19, 0x00, 0x02, 0x1A, 0x00, 0x43, 0x22, 0x00, 0x43, 0x22, 0x00, 0x23, 0x1A, 0x00,
    0x22, 0x1A, 0x00, 0x83, 0x1A, 0x00, 0xE4, 0x2A, 0x00, 0x05, 0x2B, 0x00, 0x44, 0x1A, 0x00, 0x04, 0x1A, 0x00,
    0xC4, 0x11, 0x00, 0x63, 0x09, 0x00, 0x83, 0x11, 0x00, 0xC3, 0x19, 0x00, 0x82, 0x09, 0x00, 0x44, 0x1A, 0x00,
    0x44, 0x1A, 0x00, 0x82, 0x09, 0x00, 0x24, 0x1A, 0x00, 0x25, 0x22, 0x00, 0x82, 0x09, 0x00, 0xA4, 0x11, 0x00,
    0xA1, 0x00, 0x00, 0x61, 0x00, 0x00, 0x61, 0x00, 0x00, 0x41, 0x00, 0x00, 0x61, 0x00, 0x00, 0x61, 0x00, 0x00,
    0x61, 0x00, 0x00, 0x62, 0x00, 0x00, 0x41, 0x00, 0x00, 0x84, 0x19, 0x00, 0x22, 0x11, 0x00, 0x60, 0x00, 0x00,
    0x61, 0x00, 0x00, 0x62, 0x00, 0x00, 0x82, 0x00, 0x00, 0x82, 0x00, 0x00, 0x82, 0x00, 0x00, 0x82, 0x00, 0x00,
    0x61, 0x00, 0x00, 0xC1, 0x08, 0x00, 0xC3, 0x11, 0x00, 0x24, 0x1A, 0x00, 0x64, 0x22, 0x00, 0xC2, 0x11, 0x00,
    0x62, 0x11, 0x00, 0x82, 0x11, 0x00, 0xC2, 0x11, 0x00, 0x23, 0x1A, 0x00, 0x63, 0x1A, 0x02, 0x44, 0x1A, 0x05,
    0xC1, 0x00, 0x08, 0xA2, 0x08, 0x13, 0x23, 0x11, 0x2F, 0x62, 0x11, 0x3D, 0x83, 0x09, 0x5B, 0x62, 0x11, 0xA4,
    0xA3, 0x19, 0xC1, 0xE3, 0x19, 0xC6, 0xC3, 0x11, 0xD0, 0x82, 0x11, 0xEC, 0x62, 0x11, 0xF7, 0x62, 0x11, 0xF8,
    0x62, 0x11, 0xF8, 0x82, 0x11, 0xFA, 0x82, 0x11, 0xFD, 0x02, 0x09, 0xFF, 0x41, 0x00, 0xFF, 0x41, 0x00, 0xFF,
    0x61, 0x00, 0xFF, 0x41, 0x00, 0xFF, 0x82, 0x08, 0xFF, 0x82, 0x00, 0xFF, 0x82, 0x00, 0xFF, 0x82, 0x00, 0xFF,
    0x82, 0x00, 0xFF, 0x82, 0x00, 0xFF, 0x82, 0x00, 0xFF, 0xA2, 0x08, 0xFF, 0x82, 0x00, 0xFF, 0x65, 0x19, 0xFF,
    0x84, 0x11, 0xFF, 0x44, 0x1A, 0xFF, 0xC4, 0x22, 0xFF, 0x62, 0x1A, 0xFF, 0xE2, 0x11, 0xFF, 0xA2, 0x19, 0xFF,
    0xA5, 0x22, 0xFF, 0x26, 0x2B, 0xFF, 0x85, 0x1A, 0xFF, 0x24, 0x1A, 0xFF, 0x24, 0x1A, 0xFF, 0x05, 0x1A, 0xFF,
    0x46, 0x22, 0xFF, 0x43, 0x11, 0xFF, 0x41, 0x00, 0xFF, 0x62, 0x00, 0xFD, 0xA2, 0x08, 0xFA, 0xC3, 0x08, 0xF8,
    0xC3, 0x08, 0xF8, 0xC2, 0x08, 0xF7, 0xC3, 0x08, 0xEC, 0xC3, 0x08, 0xD0, 0xA2, 0x00, 0xC6, 0xA2, 0x00, 0xC1,
    0xA2, 0x00, 0xA4, 0xA2, 0x00, 0x5B, 0x61, 0x00, 0x3D, 0x82, 0x00, 0x2F, 0x82, 0x00, 0x13, 0x81, 0x00, 0x08,
    0xC2, 0x08, 0x05, 0x02, 0x09, 0x02, 0x43, 0x11, 0x00, 0xE2, 0x00, 0x00, 0xA2, 0x00, 0x00, 0xC3, 0x08, 0x00,
    0xE3, 0x00, 0x00, 0xC3, 0x08, 0x00, 0xC3, 0x08, 0x00, 0xC3, 0x08, 0x00, 0xC3, 0x08, 0x00, 0xA2, 0x00, 0x00,
    0xA2, 0x00, 0x00, 0xA2, 0x00, 0x00, 0xA2, 0x00, 0x00, 0xA2, 0x08, 0x00, 0xA2, 0x08, 0x00, 0xA2, 0x08, 0x00,
    0xA2, 0x00, 0x00, 0xA2, 0x00, 0x00, 0xE3, 0x08, 0x00, 0xE2, 0x08, 0x00, 0x23, 0x11, 0x00, 0x23, 0x09, 0x00,
    0x23, 0x09, 0x00, 0x03, 0x09, 0x00, 0x02, 0x09, 0x00, 0xA3, 0x11, 0x00, 0x44, 0x1A, 0x00, 0x64, 0x1A, 0x00,
    0xA5, 0x22, 0x00, 0xA5, 0x22, 0x00, 0xE3, 0x11, 0x00, 0x22, 0x09, 0x00, 0x81, 0x00, 0x00, 0x82, 0x00, 0x00,
    0x82, 0x00, 0x00, 0xA2, 0x00, 0x00, 0xC2, 0x08, 0x00, 0xE2, 0x08, 0x00, 0xC2, 0x08, 0x00, 0xC2, 0x08, 0x00,
    0xA2, 0x08, 0x00, 0x61, 0x00, 0x00, 0x41, 0x00, 0x00, 0x41, 0x00, 0x00, 0xA1, 0x00, 0x00, 0xA2, 0x08, 0x00,
    0xE2, 0x08, 0x00, 0x22, 0x09, 0x00, 0xC2, 0x08, 0x00, 0x82, 0x08, 0x00, 0x41, 0x00, 0x00, 0x42, 0x00, 0x00,
    0x41, 0x00, 0x00, 0x41, 0x00, 0x00, 0x61, 0x00, 0x00, 0xC3, 0x08, 0x00, 0xC1, 0x08, 0x00, 0xA1, 0x00, 0x00,
    0xC1, 0x00, 0x00, 0x63, 0x11, 0x00, 0xE3, 0x19, 0x00, 0x44, 0x1A, 0x00, 0x24, 0x1A, 0x00, 0x03, 0x1A, 0x00,
    0xE2, 0x19, 0x00, 0x02, 0x1A, 0x00, 0x02, 0x1A, 0x00, 0x42, 0x1A, 0x00, 0x83, 0x22, 0x00, 0x84, 0x22, 0x00,
    0x64, 0x1A, 0x00, 0x43, 0x1A, 0x00, 0x64, 0x22, 0x00, 0x05, 0x2B, 0x00, 0xA5, 0x22, 0x00, 0x04, 0x1A, 0x00,
    0x83, 0x11, 0x00, 0x63, 0x11, 0x00, 0x62, 0x11, 0x00, 0xC3, 0x11, 0x00, 0xE3, 0x11, 0x00, 0xC3, 0x11, 0x00,
    0x85, 0x22, 0x00, 0x64, 0x22, 0x00, 0x03, 0x12, 0x00, 0xE4, 0x19, 0x00, 0x23, 0x09, 0x00, 0xE3, 0x08, 0x00,
    0xC3, 0x08, 0x00, 0xC3, 0x08, 0x00, 0xA2, 0x08, 0x00, 0xA2, 0x08, 0x00, 0x62, 0x00, 0x00, 0x81, 0x00, 0x00,
    0x61, 0x00, 0x00, 0x62, 0x00, 0x00, 0x62, 0x00, 0x00, 0xA2, 0x08, 0x00, 0x61, 0x00, 0x00, 0x41, 0x00, 0x00,
    0x62, 0x00, 0x00, 0x82, 0x00, 0x00, 0x82, 0x08, 0x00, 0xA2, 0x08, 0x00, 0x82, 0x00, 0x00, 0x82, 0x00, 0x00,
    0x81, 0x00, 0x00, 0xA3, 0x19, 0x00, 0x44, 0x1A, 0x00, 0x85, 0x22, 0x00, 0x64, 0x22, 0x00, 0xA2, 0x11, 0x00,
    0x83, 0x11, 0x00, 0xA2, 0x11, 0x00, 0xE2, 0x11, 0x02, 0x84, 0x22, 0x07, 0xA5, 0x22, 0x13, 0x62, 0x09, 0x2F,
    0x81, 0x00, 0x3D, 0x82, 0x00, 0x5B, 0xE2, 0x08, 0xA4, 0x83, 0x11, 0xC2, 0xA3, 0x11, 0xD0, 0x83, 0x11, 0xEC,
    0xC4, 0x19, 0xF7, 0xE3, 0x19, 0xF8, 0xE3, 0x19, 0xFA, 0x82, 0x11, 0xFD, 0x82, 0x09, 0xFF, 0x82, 0x11, 0xFF,
    0xA2, 0x11, 0xFF, 0xA2, 0x11, 0xFF, 0x83, 0x11, 0xFF, 0xA1, 0x00, 0xFF, 0x42, 0x00, 0xFF, 0x41, 0x00, 0xFF,
    0x61, 0x00, 0xFF, 0x61, 0x00, 0xFF, 0xA2, 0x08, 0xFF, 0x82, 0x08, 0xFF, 0x82, 0x00, 0xFF, 0x82, 0x00, 0xFF,
    0x82, 0x00, 0xFF, 0x82, 0x00, 0xFF, 0x82, 0x00, 0xFF, 0x82, 0x00, 0xFF, 0xA2, 0x00, 0xFF, 0x65, 0x19, 0xFF,
    0xC4, 0x19, 0xFF, 0x24, 0x23, 0xFF, 0x04, 0x2B, 0xFF, 0x63, 0x1A, 0xFF, 0x02, 0x1A, 0xFF, 0xC2, 0x19, 0xFF,
    0x03, 0x12, 0xFF, 0x46, 0x2B, 0xFF, 0x47, 0x2B, 0xFF, 0xA5, 0x1A, 0xFF, 0x45, 0x1A, 0xFF, 0x84, 0x11, 0xFF,
    0x02, 0x09, 0xFF, 0x63, 0x11, 0xFF, 0x23, 0x11, 0xFF, 0xC2, 0x08, 0xFF, 0xE2, 0x08, 0xFF, 0xE3, 0x08, 0xFF,
    0xE2, 0x08, 0xFF, 0xE2, 0x08, 0xFF, 0x24, 0x09, 0xFD, 0x44, 0x11, 0xFA, 0xE3, 0x08, 0xF8, 0xA2, 0x00, 0xF7,
    0x82, 0x08, 0xEC, 0x82, 0x00, 0xD0, 0xC2, 0x08, 0xC2, 0xA2, 0x08, 0xA4, 0x82, 0x08, 0x5B, 0xA1, 0x00, 0x3D,
    0x02, 0x09, 0x2F, 0x23, 0x11, 0x13, 0xE2, 0x08, 0x07, 0xA2, 0x00, 0x02, 0xC3, 0x08, 0x00, 0xE2, 0x00, 0x00,
    0xC3, 0x08, 0x00, 0xC3, 0x08, 0x00, 0xC3, 0x08, 0x00, 0xC3, 0x08, 0x00, 0xC3, 0x08, 0x00, 0xC3, 0x08, 0x00,
    0xA2, 0x00, 0x00, 0x82, 0x00, 0x00, 0x82, 0x00, 0x00, 0x82, 0x00, 0x00, 0x82, 0x00, 0x00, 0x82, 0x00, 0x00,
    0x61, 0x00, 0x00, 0x82, 0x00, 0x00, 0xC3, 0x08, 0x00, 0x82, 0x00, 0x00, 0xC2, 0x08, 0x00, 0x03, 0x09, 0x00,
    0x03, 0x09, 0x00, 0x02, 0x09, 0x00, 0xE2, 0x08, 0x00, 0x43, 0x09, 0x00, 0x03, 0x1A, 0x00, 0x23, 0x12, 0x00,
    0x03, 0x1A, 0x00, 0x64, 0x22, 0x00, 0xA4, 0x22, 0x00, 0x64, 0x22, 0x00, 0xC4, 0x19, 0x00, 0xA2, 0x00, 0x00,
    0x62, 0x00, 0x00, 0xA2, 0x08, 0x00, 0xC2, 0x08, 0x00, 0xC2, 0x08, 0x00, 0xC2, 0x08, 0x00, 0xA2, 0x08, 0x00,
    0x61, 0x00, 0x00, 0x41, 0x00, 0x00, 0x41, 0x00, 0x00, 0x41, 0x00, 0x00, 0x41, 0x00, 0x00, 0xA2, 0x08, 0x00,
    0xE2, 0x08, 0x00, 0x02, 0x09, 0x00, 0x23, 0x11, 0x00, 0x81, 0x08, 0x00, 0x41, 0x00, 0x00, 0x41, 0x00, 0x00,
    0x62, 0x00, 0x00, 0x62, 0x08, 0x00, 0x62, 0x08, 0x00, 0x81, 0x00, 0x00, 0xC2, 0x08, 0x00, 0xE2, 0x08, 0x00,
    0xA2, 0x08, 0x00, 0x81, 0x00, 0x00, 0xA1, 0x00, 0x00, 0x02, 0x09, 0x00, 0x63, 0x11, 0x00, 0xE4, 0x19, 0x00,
    0x23, 0x1A, 0x00, 0x43, 0x1A, 0x00, 0x43, 0x1A, 0x00, 0x63, 0x1A, 0x00, 0xA3, 0x22, 0x00, 0xA3, 0x22, 0x00,
    0xE4, 0x22, 0x00, 0xE4, 0x22, 0x00, 0x83, 0x22, 0x00, 0xC4, 0x22, 0x00, 0x06, 0x33, 0x00, 0xA2, 0x09, 0x00,
    0x42, 0x09, 0x00, 0xA3, 0x11, 0x00, 0x24, 0x1A, 0x00, 0x03, 0x1A, 0x00, 0x85, 0x22, 0x00, 0xE4, 0x19, 0x00,
    0x24, 0x1A, 0x00, 0xC6, 0x22, 0x00, 0xA3, 0x11, 0x00, 0x22, 0x09, 0x00, 0xC2, 0x08, 0x00, 0xA2, 0x00, 0x00,
    0x82, 0x00, 0x00, 0xA1, 0x00, 0x00, 0x23, 0x11, 0x00, 0x43, 0x19, 0x00, 0x63, 0x19, 0x00, 0x84, 0x19, 0x00,
    0xE2, 0x08, 0x00, 0x82, 0x00, 0x00, 0x62, 0x00, 0x00, 0x62, 0x00, 0x00, 0x82, 0x08, 0x00, 0x41, 0x00, 0x00,
    0x62, 0x00, 0x00, 0x82, 0x08, 0x00, 0x82, 0x00, 0x00, 0x82, 0x00, 0x00, 0x82, 0x00, 0x00, 0x61, 0x00, 0x00,
    0x43, 0x11, 0x00, 0x85, 0x22, 0x00, 0xC5, 0x1A, 0x00, 0xE6, 0x22, 0x00, 0x23, 0x1A, 0x00, 0xA2, 0x11, 0x02,
    0xA3, 0x19, 0x05, 0xE2, 0x11, 0x08, 0x82, 0x12, 0x13, 0x85, 0x22, 0x32, 0x23, 0x09, 0x59, 0xA2, 0x08, 0xA4,
    0x82, 0x08, 0xC2, 0x81, 0x00, 0xD0, 0x81, 0x00, 0xEC, 0xE2, 0x08, 0xF7, 0x83, 0x11, 0xFA, 0xC3, 0x11, 0xFD,
    0x24, 0x1A, 0xFF, 0x24, 0x1A, 0xFF, 0xE3, 0x11, 0xFF, 0x82, 0x11, 0xFF, 0xA3, 0x11, 0xFF, 0xC2, 0x11, 0xFF,
    0xE3, 0x11, 0xFF, 0x23, 0x1A, 0xFF, 0x01, 0x09, 0xFF, 0x81, 0x00, 0xFF, 0x82, 0x00, 0xFF, 0x61, 0x00, 0xFF,
    0x62, 0x00, 0xFF, 0x62, 0x00, 0xFF, 0x82, 0x08, 0xFF, 0x82, 0x00, 0xFF, 0x82, 0x00, 0xFF, 0x82, 0x00, 0xFF,
    0x82, 0x00, 0xFF, 0xA2, 0x08, 0xFF, 0xA2, 0x08, 0xFF, 0xA2, 0x08, 0xFF, 0xC3, 0x08, 0xFF, 0xA2, 0x00, 0xFF,
    0x24, 0x1A, 0xFF, 0x07, 0x44, 0xFF, 0x04, 0x2B, 0xFF, 0x83, 0x1A, 0xFF, 0x22, 0x1A, 0xFF, 0xE2, 0x11, 0xFF,
    0xC2, 0x09, 0xFF, 0xC5, 0x22, 0xFF, 0xA7, 0x33, 0xFF, 0x46, 0x2B, 0xFF, 0x85, 0x22, 0xFF, 0x43, 0x09, 0xFF,
    0x41, 0x00, 0xFF, 0xC2, 0x08, 0xFF, 0x23, 0x09, 0xFF, 0x23, 0x09, 0xFF, 0x24, 0x11, 0xFF, 0x23, 0x09, 0xFF,
    0x23, 0x11, 0xFF, 0x03, 0x09, 0xFF, 0x23, 0x09, 0xFF, 0x23, 0x11, 0xFF, 0x03, 0x09, 0xFF, 0xE3, 0x08, 0xFF,
    0xA2, 0x00, 0xFD, 0x81, 0x00, 0xFA, 0xA2, 0x00, 0xF7, 0xA2, 0x08, 0xEC, 0x81, 0x00, 0xD0, 0xA1, 0x00, 0xC2,
    0x23, 0x09, 0xA4, 0x23, 0x11, 0x59, 0xC2, 0x00, 0x32, 0xC3, 0x08, 0x13, 0xE2, 0x08, 0x08, 0xC2, 0x08, 0x05,
    0xC2, 0x08, 0x02, 0xC2, 0x08, 0x00, 0xC2, 0x08, 0x00, 0xC2, 0x08, 0x00, 0xC3, 0x08, 0x00, 0xC3, 0x08, 0x00,
    0xC3, 0x08, 0x00, 0x62, 0x00, 0x00, 0x61, 0x00, 0x00, 0x62, 0x00, 0x00, 0x61, 0x00, 0x00, 0x41, 0x00, 0x00,
    0x41, 0x00, 0x00, 0x82, 0x00, 0x00, 0xA2, 0x00, 0x00, 0x82, 0x00, 0x00, 0x81, 0x00, 0x00, 0xC2, 0x08, 0x00,
    0x03, 0x09, 0x00, 0x02, 0x09, 0x00, 0xE2, 0x08, 0x00, 0x02, 0x01, 0x00, 0xC4, 0x19, 0x00, 0x04, 0x1A, 0x00,
    0x03, 0x1A, 0x00, 0x03, 0x12, 0x00, 0x63, 0x1A, 0x00, 0x43, 0x1A, 0x00, 0x64, 0x22, 0x00, 0x04, 0x1A, 0x00,
    0x83, 0x11, 0x00, 0xA2, 0x08, 0x00, 0xA2, 0x08, 0x00, 0xC2, 0x08, 0x00, 0xA2, 0x00, 0x00, 0x61, 0x00, 0x00,
    0x41, 0x00, 0x00, 0x61, 0x00, 0x00, 0x41, 0x00, 0x00, 0x41, 0x00, 0x00, 0x61, 0x00, 0x00, 0x82, 0x08, 0x00,
    0xC2, 0x08, 0x00, 0x03, 0x09, 0x00, 0xA2, 0x00, 0x00, 0x20, 0x00, 0x00, 0x41, 0x00, 0x00, 0x61, 0x00, 0x00,
    0x82, 0x08, 0x00, 0x82, 0x08, 0x00, 0x82, 0x00, 0x00, 0xA2, 0x00, 0x00, 0x23, 0x11, 0x00, 0x23, 0x11, 0x00,
    0x82, 0x08, 0x00, 0x62, 0x00, 0x00, 0x41, 0x00, 0x00, 0x41, 0x00, 0x00, 0x61, 0x00, 0x00, 0xA1, 0x00, 0x00,
    0x22, 0x09, 0x00, 0x83, 0x11, 0x00, 0x62, 0x11, 0x00, 0x62, 0x09, 0x00, 0x04, 0x1A, 0x00, 0x64, 0x22, 0x00,
    0xC4, 0x2A, 0x00, 0x24, 0x33, 0x00, 0x25, 0x2B, 0x00, 0x66, 0x33, 0x00, 0x87, 0x3B, 0x00, 0xE6, 0x32, 0x00,
    0x62, 0x09, 0x00, 0xA4, 0x19, 0x00, 0xC4, 0x19, 0x00, 0x22, 0x09, 0x00, 0x43, 0x09, 0x00, 0x02, 0x09, 0x00,
    0x22, 0x09, 0x00, 0x42, 0x09, 0x00, 0x02, 0x09, 0x00, 0xA2, 0x00, 0x00, 0xA2, 0x00, 0x00, 0xA2, 0x08, 0x00,
    0x23, 0x09, 0x00, 0xE5, 0x21, 0x00, 0x26, 0x2A, 0x00, 0x26, 0x32, 0x00, 0xE5, 0x29, 0x00, 0x84, 0x19, 0x00,
    0x23, 0x11, 0x00, 0xE2, 0x08, 0x00, 0xC2, 0x08, 0x00, 0xC3, 0x08, 0x00, 0xA2, 0x00, 0x00, 0xA2, 0x00, 0x00,
    0xC2, 0x08, 0x00, 0xE2, 0x08, 0x00, 0xC2, 0x00, 0x00, 0xC2, 0x00, 0x00, 0xC2, 0x08, 0x00, 0xE2, 0x08, 0x00,
    0x45, 0x1A, 0x00, 0x06, 0x23, 0x00, 0x26, 0x2B, 0x00, 0xE5, 0x22, 0x02, 0xE2, 0x11, 0x07, 0xC2, 0x11, 0x13,
    0xE2, 0x11, 0x2F, 0x84, 0x22, 0x3D, 0x85, 0x22, 0x5B, 0xE2, 0x08, 0xA6, 0x82, 0x00, 0xCD, 0xC3, 0x08, 0xEC,
    0xA2, 0x08, 0xF7, 0x82, 0x00, 0xFA, 0xA2, 0x00, 0xFD, 0xA2, 0x08, 0xFF, 0xE2, 0x08, 0xFF, 0x83, 0x11, 0xFF,
    0x65, 0x22, 0xFF, 0xA6, 0x22, 0xFF, 0x64, 0x22, 0xFF, 0xA3, 0x11, 0xFF, 0xC3, 0x11, 0xFF, 0x04, 0x1A, 0xFF,
    0x25, 0x1A, 0xFF, 0x42, 0x11, 0xFF, 0x61, 0x00, 0xFF, 0x82, 0x00, 0xFF, 0xC3, 0x08, 0xFF, 0xA3, 0x08, 0xFF,
    0x62, 0x00, 0xFF, 0x62, 0x00, 0xFF, 0x82, 0x00, 0xFF, 0x82, 0x00, 0xFF, 0x82, 0x00, 0xFF, 0xC3, 0x08, 0xFF,
    0xA2, 0x08, 0xFF, 0xC3, 0x08, 0xFF, 0xA2, 0x00, 0xFF, 0xA2, 0x08, 0xFF, 0xC3, 0x08, 0xFF, 0x82, 0x00, 0xFF,
    0xE4, 0x19, 0xFF, 0x28, 0x44, 0xFF, 0x03, 0x2B, 0xFF, 0xE3, 0x22, 0xFF, 0x42, 0x1A, 0xFF, 0x02, 0x12, 0xFF,
    0xE2, 0x11, 0xFF, 0x02, 0x12, 0xFF, 0x87, 0x33, 0xFF, 0xC7, 0x33, 0xFF, 0x26, 0x2B, 0xFF, 0xA6, 0x22, 0xFF,
    0x63, 0x09, 0xFF, 0xC2, 0x00, 0xFF, 0x44, 0x09, 0xFF, 0x64, 0x09, 0xFF, 0x64, 0x11, 0xFF, 0x44, 0x11, 0xFF,
    0x44, 0x09, 0xFF, 0x43, 0x09, 0xFF, 0x43, 0x09, 0xFF, 0x43, 0x11, 0xFF, 0x23, 0x09, 0xFF, 0x03, 0x09, 0xFF,
    0xE3, 0x08, 0xFF, 0xA2, 0x00, 0xFF, 0x81, 0x00, 0xFF, 0x81, 0x00, 0xFD, 0x81, 0x00, 0xFA, 0xE2, 0x08, 0xF7,
    0x43, 0x11, 0xEC, 0x23, 0x11, 0xCD, 0xC2, 0x00, 0xA6, 0xC3, 0x00, 0x5B, 0xC2, 0x00, 0x3D, 0xE2, 0x08, 0x2F,
    0x02, 0x09, 0x13, 0x22, 0x09, 0x07, 0x42, 0x09, 0x02, 0x83, 0x11, 0x00, 0x63, 0x11, 0x00, 0x22, 0x09, 0x00,
    0xE2, 0x08, 0x00, 0x82, 0x00, 0x00, 0x61, 0x00, 0x00, 0x62, 0x00, 0x00, 0x62, 0x00, 0x00, 0x61, 0x00, 0x00,
    0x41, 0x00, 0x00, 0x61, 0x00, 0x00, 0x82, 0x00, 0x00, 0x82, 0x00, 0x00, 0x82, 0x00, 0x00, 0x82, 0x00, 0x00,
    0xC2, 0x08, 0x00, 0xE3, 0x08, 0x00, 0xE2, 0x08, 0x00, 0xC2, 0x08, 0x00, 0x22, 0x09, 0x00, 0xC4, 0x19, 0x00,
    0x23, 0x1A, 0x00, 0x23, 0x12, 0x00, 0x03, 0x12, 0x00, 0x03, 0x12, 0x00, 0x23, 0x12, 0x00, 0x64, 0x1A, 0x00,
    0xA4, 0x22, 0x00, 0xE3, 0x19, 0x00, 0xA2, 0x08, 0x00, 0xA2, 0x08, 0x00, 0xA2, 0x00, 0x00, 0x61, 0x00, 0x00,
    0x41, 0x00, 0x00, 0x61, 0x00, 0x00, 0x61, 0x00, 0x00, 0xA2, 0x08, 0x00, 0x82, 0x00, 0x00, 0x81, 0x00, 0x00,
    0xC2, 0x08, 0x00, 0x03, 0x09, 0x00, 0xE3, 0x08, 0x00, 0x82, 0x00, 0x00, 0x62, 0x00, 0x00, 0xA3, 0x08, 0x00,
    0xA2, 0x00, 0x00, 0xC2, 0x00, 0x00, 0x43, 0x11, 0x00, 0xC4, 0x19, 0x00, 0xC4, 0x11, 0x00, 0xA4, 0x11, 0x00,
    0x82, 0x00, 0x00, 0x41, 0x00, 0x00, 0x42, 0x00, 0x00, 0x42, 0x00, 0x00, 0x42, 0x00, 0x00, 0x41, 0x00, 0x00,
    0x41, 0x00, 0x00, 0x61, 0x00, 0x00, 0x61, 0x00, 0x00, 0x61, 0x00, 0x00, 0x81, 0x00, 0x00, 0xE2, 0x08, 0x00,
    0x43, 0x09, 0x00, 0xE4, 0x19, 0x00, 0x45, 0x22, 0x00, 0x44, 0x1A, 0x00, 0x68, 0x3B, 0x00, 0xCA, 0x4B, 0x00,
    0x65, 0x2A, 0x00, 0xE2, 0x08, 0x00, 0x81, 0x00, 0x00, 0xA2, 0x00, 0x00, 0xE3, 0x08, 0x00, 0xE3, 0x08, 0x00,
    0xC3, 0x08, 0x00, 0xA2, 0x08, 0x00, 0xA1, 0x00, 0x00, 0xE2, 0x00, 0x00, 0x43, 0x11, 0x00, 0xA4, 0x19, 0x00,
    0x84, 0x11, 0x00, 0x84, 0x19, 0x00, 0x43, 0x11, 0x00, 0x23, 0x11, 0x00, 0xC2, 0x08, 0x00, 0xE2, 0x08, 0x00,
    0xE2, 0x08, 0x00, 0x02, 0x09, 0x00, 0x03, 0x09, 0x00, 0x23, 0x09, 0x00, 0x23, 0x09, 0x00, 0x23, 0x09, 0x00,
    0x02, 0x09, 0x00, 0x23, 0x09, 0x00, 0x84, 0x11, 0x00, 0x83, 0x11, 0x00, 0x43, 0x09, 0x00, 0x84, 0x11, 0x00,
    0x27, 0x2B, 0x00, 0x46, 0x23, 0x02, 0x86, 0x33, 0x07, 0xA4, 0x22, 0x13, 0xE2, 0x11, 0x32, 0x22, 0x1A, 0x59,
    0x83, 0x22, 0xA4, 0x44, 0x22, 0xC2, 0xE2, 0x08, 0xD0, 0x62, 0x00, 0xEC, 0xA2, 0x08, 0xF8, 0xE2, 0x08, 0xFD,
    0xC2, 0x00, 0xFF, 0xA2, 0x00, 0xFF, 0xA2, 0x00, 0xFF, 0xA2, 0x00, 0xFF, 0xA2, 0x00, 0xFF, 0xA1, 0x00, 0xFF,
    0xE4, 0x11, 0xFF, 0x65, 0x22, 0xFF, 0x04, 0x1A, 0xFF, 0xC3, 0x11, 0xFF, 0x44, 0x1A, 0xFF, 0x45, 0x22, 0xFF,
    0x03, 0x09, 0xFF, 0x41, 0x00, 0xFF, 0x82, 0x08, 0xFF, 0xA2, 0x08, 0xFF, 0xA2, 0x00, 0xFF, 0x82, 0x00, 0xFF,
    0x62, 0x00, 0xFF, 0x62, 0x00, 0xFF, 0x61, 0x00, 0xFF, 0x61, 0x00, 0xFF, 0x82, 0x00, 0xFF, 0xC3, 0x08, 0xFF,
    0xC2, 0x08, 0xFF, 0xA2, 0x00, 0xFF, 0xA2, 0x00, 0xFF, 0xA2, 0x08, 0xFF, 0xA3, 0x08, 0xFF, 0xC3, 0x08, 0xFF,
    0xA1, 0x08, 0xFF, 0x46, 0x33, 0xFF, 0x07, 0x44, 0xFF, 0xC3, 0x22, 0xFF, 0x83, 0x22, 0xFF, 0x43, 0x1A, 0xFF,
    0x23, 0x1A, 0xFF, 0xE2, 0x11, 0xFF, 0xC5, 0x2A, 0xFF, 0xC8, 0x3B, 0xFF, 0xA7, 0x33, 0xFF, 0x46, 0x2B, 0xFF,
    0xA5, 0x22, 0xFF, 0x83, 0x11, 0xFF, 0x64, 0x11, 0xFF, 0x85, 0x11, 0xFF, 0x64, 0x11, 0xFF, 0x64, 0x11, 0xFF,
    0x64, 0x11, 0xFF, 0x43, 0x09, 0xFF, 0x43, 0x11, 0xFF, 0x23, 0x09, 0xFF, 0x03, 0x09, 0xFF, 0x03, 0x09, 0xFF,
    0xE3, 0x08, 0xFF, 0xA2, 0x08, 0xFF, 0xA2, 0x08, 0xFF, 0xA2, 0x08, 0xFF, 0x02, 0x11, 0xFF, 0x43, 0x11, 0xFF,
    0x63, 0x11, 0xFD, 0xE2, 0x08, 0xF8, 0xC2, 0x08, 0xEC, 0xC2, 0x00, 0xD0, 0x02, 0x09, 0xC2, 0x43, 0x11, 0xA4,
    0x63, 0x11, 0x59, 0x62, 0x11, 0x32, 0x82, 0x11, 0x13, 0x03, 0x1A, 0x07, 0x04, 0x1A, 0x02, 0xA3, 0x11, 0x00,
    0x83, 0x11, 0x00, 0xE2, 0x08, 0x00, 0x61, 0x00, 0x00, 0x62, 0x00, 0x00, 0x61, 0x00, 0x00, 0x61, 0x00, 0x00,
    0x41, 0x00, 0x00, 0x41, 0x00, 0x00, 0x82, 0x08, 0x00, 0x82, 0x00, 0x00, 0x82, 0x00, 0x00, 0x82, 0x00, 0x00,
    0xA2, 0x00, 0x00, 0xA2, 0x00, 0x00, 0xC2, 0x08, 0x00, 0xC2, 0x08, 0x00, 0xC2, 0x08, 0x00, 0x22, 0x09, 0x00,
    0x04, 0x1A, 0x00, 0x44, 0x1A, 0x00, 0x43, 0x1A, 0x00, 0x85, 0x22, 0x00, 0x85, 0x22, 0x00, 0x84, 0x22, 0x00,
    0x83, 0x1A, 0x00, 0xA3, 0x22, 0x00, 0xE3, 0x19, 0x00, 0xA1, 0x00, 0x00, 0x82, 0x00, 0x00, 0x61, 0x00, 0x00,
    0x41, 0x00, 0x00, 0x41, 0x00, 0x00, 0xE3, 0x08, 0x00, 0x23, 0x11, 0x00, 0x03, 0x11, 0x00, 0xC2, 0x08, 0x00,
    0x81, 0x00, 0x00, 0xA2, 0x08, 0x00, 0xC2, 0x08, 0x00, 0xE3, 0x08, 0x00, 0xC3, 0x08, 0x00, 0xE2, 0x00, 0x00,
    0x43, 0x09, 0x00, 0xC4, 0x19, 0x00, 0xE4, 0x19, 0x00, 0xE4, 0x19, 0x00, 0xE4, 0x11, 0x00, 0xC3, 0x11, 0x00,
    0x41, 0x00, 0x00, 0x61, 0x00, 0x00, 0x62, 0x00, 0x00, 0x62, 0x00, 0x00, 0x62, 0x00, 0x00, 0x82, 0x00, 0x00,
    0x62, 0x00, 0x00, 0x62, 0x00, 0x00, 0x61, 0x00, 0x00, 0x62, 0x00, 0x00, 0x62, 0x00, 0x00, 0xA2, 0x00, 0x00,
    0xA2, 0x00, 0x00, 0xC2, 0x08, 0x00, 0x63, 0x11, 0x00, 0xA4, 0x11, 0x00, 0xE4, 0x11, 0x00, 0x24, 0x1A, 0x00,
    0xC4, 0x19, 0x00, 0xA1, 0x00, 0x00, 0xA2, 0x00, 0x00, 0xC2, 0x08, 0x00, 0xA2, 0x08, 0x00, 0xA2, 0x00, 0x00,
    0xA2, 0x00, 0x00, 0xE2, 0x00, 0x00, 0x63, 0x11, 0x00, 0xA4, 0x11, 0x00, 0x83, 0x11, 0x00, 0x23, 0x09, 0x00,
    0xC1, 0x00, 0x00, 0xA1, 0x00, 0x00, 0xC2, 0x08, 0x00, 0xC2, 0x08, 0x00, 0xC2, 0x08, 0x00, 0xE2, 0x08, 0x00,
    0xE2, 0x08, 0x00, 0x02, 0x09, 0x00, 0x22, 0x09, 0x00, 0x43, 0x11, 0x00, 0x63, 0x11, 0x00, 0x63, 0x11, 0x00,
    0x02, 0x09, 0x00, 0xC1, 0x00, 0x00, 0xC4, 0x19, 0x00, 0x45, 0x22, 0x00, 0xA4, 0x11, 0x00, 0x83, 0x09, 0x02,
    0x06, 0x2B, 0x07, 0xC7, 0x33, 0x13, 0xA7, 0x33, 0x32, 0x43, 0x1A, 0x59, 0x64, 0x22, 0xA6, 0xC5, 0x2A, 0xCD,
    0xE3, 0x19, 0xEC, 0xC1, 0x00, 0xF7, 0x82, 0x00, 0xFA, 0x62, 0x00, 0xFD, 0xA2, 0x00, 0xFF, 0xE2, 0x08, 0xFF,
    0xE2, 0x08, 0xFF, 0xC2, 0x08, 0xFF, 0xA2, 0x00, 0xFF, 0xA2, 0x00, 0xFF, 0xA2, 0x08, 0xFF, 0xA2, 0x00, 0xFF,
    0xC2, 0x00, 0xFF, 0x43, 0x09, 0xFF, 0x04, 0x1A, 0xFF, 0x45, 0x22, 0xFF, 0x05, 0x1A, 0xFF, 0x02, 0x01, 0xFF,
    0x62, 0x00, 0xFF, 0x82, 0x00, 0xFF, 0xA2, 0x08, 0xFF, 0xA2, 0x08, 0xFF, 0xA2, 0x08, 0xFF, 0x82, 0x00, 0xFF,
    0xA2, 0x08, 0xFF, 0xA2, 0x08, 0xFF, 0xC2, 0x08, 0xFF, 0x02, 0x09, 0xFF, 0x03, 0x09, 0xFF, 0x43, 0x11, 0xFF,
    0x64, 0x11, 0xFF, 0x02, 0x09, 0xFF, 0xE2, 0x08, 0xFF, 0xE2, 0x08, 0xFF, 0xC2, 0x08, 0xFF, 0xA2, 0x00, 0xFF,
    0x00, 0x00, 0xFF, 0x24, 0x22, 0xFF, 0x28, 0x4C, 0xFF, 0x64, 0x33, 0xFF, 0xA2, 0x22, 0xFF, 0x83, 0x22, 0xFF,
    0x02, 0x1A, 0xFF, 0x02, 0x1A, 0xFF, 0x22, 0x1A, 0xFF, 0xA8, 0x3B, 0xFF, 0x09, 0x44, 0xFF, 0xC8, 0x33, 0xFF,
    0x67, 0x2B, 0xFF, 0xC6, 0x22, 0xFF, 0xA4, 0x11, 0xFF, 0x65, 0x11, 0xFF, 0x44, 0x11, 0xFF, 0x23, 0x09, 0xFF,
    0x23, 0x09, 0xFF, 0x03, 0x09, 0xFF, 0x02, 0x09, 0xFF, 0xE2, 0x08, 0xFF, 0xE2, 0x08, 0xFF, 0xE2, 0x08, 0xFF,
    0xE3, 0x08, 0xFF, 0xA2, 0x00, 0xFF, 0x62, 0x00, 0xFF, 0x81, 0x00, 0xFF, 0xE2, 0x08, 0xFF, 0x44, 0x11, 0xFF,
    0xE2, 0x08, 0xFF, 0xA2, 0x00, 0xFF, 0xA2, 0x00, 0xFD, 0xE2, 0x08, 0xFA, 0x43, 0x11, 0xF7, 0x63, 0x11, 0xEC,
    0x83, 0x11, 0xCD, 0x63, 0x11, 0xA6, 0x82, 0x11, 0x59, 0xE3, 0x19, 0x32, 0x04, 0x1A, 0x13, 0xC3, 0x11, 0x07,
    0xE4, 0x11, 0x02, 0xE4, 0x19, 0x00, 0xC2, 0x08, 0x00, 0x62, 0x00, 0x00, 0x61, 0x00, 0x00, 0x61, 0x00, 0x00,
    0x41, 0x00, 0x00, 0x41, 0x00, 0x00, 0x82, 0x08, 0x00, 0x82, 0x00, 0x00, 0x82, 0x00, 0x00, 0x82, 0x00, 0x00,
    0x82, 0x00, 0x00, 0x82, 0x00, 0x00, 0x82, 0x00, 0x00, 0x82, 0x00, 0x00, 0xA2, 0x00, 0x00, 0xA2, 0x00, 0x00,
    0x02, 0x09, 0x00, 0x04, 0x1A, 0x00, 0x63, 0x1A, 0x00, 0x84, 0x22, 0x00, 0xA4, 0x1A, 0x00, 0x84, 0x22, 0x00,
    0x64, 0x22, 0x00, 0xA4, 0x22, 0x00, 0xC5, 0x2A, 0x00, 0xC4, 0x19, 0x00, 0x61, 0x00, 0x00, 0x41, 0x00, 0x00,
    0x21, 0x00, 0x00, 0x81, 0x00, 0x00, 0xC5, 0x19, 0x00, 0xC4, 0x11, 0x00, 0x63, 0x11, 0x00, 0x22, 0x09, 0x00,
    0xE2, 0x08, 0x00, 0xA1, 0x00, 0x00, 0xA1, 0x00, 0x00, 0xA2, 0x00, 0x00, 0x02, 0x09, 0x00, 0xC4, 0x19, 0x00,
    0xE5, 0x19, 0x00, 0xC4, 0x11, 0x00, 0xC3, 0x11, 0x00, 0xC3, 0x11, 0x00, 0xC4, 0x11, 0x00, 0xC4, 0x11, 0x00,
    0x41, 0x00, 0x00, 0x41, 0x00, 0x00, 0x41, 0x00, 0x00, 0x41, 0x00, 0x00, 0x41, 0x00, 0x00, 0x62, 0x00, 0x00,
    0x82, 0x00, 0x00, 0x82, 0x08, 0x00, 0x82, 0x00, 0x00, 0x82, 0x00, 0x00, 0x82, 0x00, 0x00, 0xC2, 0x08, 0x00,
    0xC2, 0x08, 0x00, 0xC2, 0x08, 0x00, 0x03, 0x09, 0x00, 0xA4, 0x19, 0x00, 0x04, 0x1A, 0x00, 0xE4, 0x11, 0x00,
    0x63, 0x11, 0x00, 0x82, 0x00, 0x00, 0xA2, 0x00, 0x00, 0xA2, 0x00, 0x00, 0xA1, 0x00, 0x00, 0xC1, 0x00, 0x00,
    0x43, 0x11, 0x00, 0x84, 0x19, 0x00, 0x83, 0x11, 0x00, 0x02, 0x09, 0x00, 0xC1, 0x00, 0x00, 0xC2, 0x08, 0x00,
    0xC2, 0x08, 0x00, 0xC2, 0x08, 0x00, 0xC2, 0x08, 0x00, 0xC2, 0x08, 0x00, 0xE2, 0x08, 0x00, 0xE2, 0x08, 0x00,
    0x03, 0x09, 0x00, 0x43, 0x11, 0x00, 0x43, 0x11, 0x00, 0x43, 0x11, 0x00, 0x43, 0x09, 0x00, 0x22, 0x09, 0x00,
    0x02, 0x09, 0x00, 0x23, 0x11, 0x00, 0xC1, 0x00, 0x00, 0x63, 0x09, 0x02, 0xE5, 0x19, 0x07, 0xE5, 0x11, 0x13,
    0x24, 0x12, 0x32, 0xE8, 0x43, 0x59, 0x25, 0x2B, 0xA6, 0x84, 0x1A, 0xCD, 0x44, 0x22, 0xEC, 0x63, 0x11, 0xF8,
    0xA2, 0x00, 0xFD, 0x82, 0x08, 0xFF, 0x82, 0x08, 0xFF, 0x82, 0x00, 0xFF, 0xA2, 0x00, 0xFF, 0xE2, 0x08, 0xFF,
    0x03, 0x09, 0xFF, 0x03, 0x09, 0xFF, 0xE2, 0x08, 0xFF, 0xC2, 0x08, 0xFF, 0xC2, 0x08, 0xFF, 0xC2, 0x00, 0xFF,
    0xA2, 0x08, 0xFF, 0x81, 0x00, 0xFF, 0xC8, 0x2A, 0xFF, 0x66, 0x22, 0xFF, 0xA1, 0x00, 0xFF, 0x82, 0x00, 0xFF,
    0x82, 0x08, 0xFF, 0x81, 0x00, 0xFF, 0xA2, 0x08, 0xFF, 0x82, 0x00, 0xFF, 0xA2, 0x00, 0xFF, 0xC2, 0x08, 0xFF,
    0x02, 0x09, 0xFF, 0x22, 0x11, 0xFF, 0x42, 0x11, 0xFF, 0x22, 0x09, 0xFF, 0x42, 0x09, 0xFF, 0x83, 0x11, 0xFF,
    0xA3, 0x11, 0xFF, 0x83, 0x11, 0xFF, 0x83, 0x11, 0xFF, 0x83, 0x11, 0xFF, 0x63, 0x11, 0xFF, 0x42, 0x09, 0xFF,
    0x02, 0x09, 0xFF, 0xA1, 0x00, 0xFF, 0xA5, 0x32, 0xFF, 0xE5, 0x43, 0xFF, 0x43, 0x33, 0xFF, 0x81, 0x1A, 0xFF,
    0x63, 0x1A, 0xFF, 0x02, 0x1A, 0xFF, 0x02, 0x12, 0xFF, 0xC4, 0x22, 0xFF, 0x09, 0x44, 0xFF, 0xE8, 0x3B, 0xFF,
    0xC7, 0x33, 0xFF, 0x67, 0x33, 0xFF, 0x45, 0x22, 0xFF, 0x02, 0x01, 0xFF, 0xE2, 0x08, 0xFF, 0xE2, 0x08, 0xFF,
    0xE2, 0x08, 0xFF, 0xE2, 0x00, 0xFF, 0xE3, 0x08, 0xFF, 0xE2, 0x08, 0xFF, 0xE2, 0x08, 0xFF, 0xC2, 0x08, 0xFF,
    0xC2, 0x08, 0xFF, 0xA2, 0x00, 0xFF, 0x81, 0x00, 0xFF, 0x61, 0x00, 0xFF, 0xA2, 0x08, 0xFF, 0xC3, 0x08, 0xFF,
    0x61, 0x00, 0xFF, 0x82, 0x00, 0xFF, 0xC2, 0x00, 0xFF, 0x23, 0x11, 0xFF, 0x63, 0x11, 0xFF, 0xA3, 0x11, 0xFD,
    0xA3, 0x11, 0xF8, 0x83, 0x11, 0xEC, 0xC3, 0x11, 0xCD, 0x44, 0x1A, 0xA6, 0x03, 0x1A, 0x59, 0xE3, 0x11, 0x32,
    0xE4, 0x11, 0x13, 0x24, 0x1A, 0x07, 0xA4, 0x19, 0x02, 0x61, 0x00, 0x00, 0x42, 0x00, 0x00, 0x61, 0x00, 0x00,
    0x41, 0x00, 0x00, 0x41, 0x00, 0x00, 0x62, 0x00, 0x00, 0x82, 0x00, 0x00, 0xA2, 0x08, 0x00, 0xA2, 0x08, 0x00,
    0xA2, 0x08, 0x00, 0xA2, 0x08, 0x00, 0x82, 0x00, 0x00, 0x82, 0x00, 0x00, 0x82, 0x00, 0x00, 0x62, 0x00, 0x00,
    0x81, 0x00, 0x00, 0xE1, 0x00, 0x00, 0xC4, 0x19, 0x00, 0x64, 0x1A, 0x00, 0xA4, 0x1A, 0x00, 0x63, 0x1A, 0x00,
    0x03, 0x12, 0x00, 0x03, 0x1A, 0x00, 0x64, 0x1A, 0x00, 0xA6, 0x2A, 0x00, 0x22, 0x09, 0x00, 0x42, 0x00, 0x00,
    0x82, 0x00, 0x00, 0x02, 0x09, 0x00, 0x25, 0x1A, 0x00, 0x25, 0x1A, 0x00, 0x83, 0x09, 0x00, 0x63, 0x11, 0x00,
    0x43, 0x11, 0x00, 0x01, 0x09, 0x00, 0x02, 0x09, 0x00, 0x03, 0x09, 0x00, 0x02, 0x09, 0x00, 0x84, 0x19, 0x00,
    0x63, 0x11, 0x00, 0x83, 0x11, 0x00, 0xA3, 0x11, 0x00, 0xA3, 0x11, 0x00, 0xA3, 0x11, 0x00, 0xA4, 0x11, 0x00,
    0x41, 0x00, 0x00, 0x41, 0x00, 0x00, 0x41, 0x00, 0x00, 0x41, 0x00, 0x00, 0x41, 0x00, 0x00, 0x41, 0x00, 0x00,
    0x41, 0x00, 0x00, 0x82, 0x00, 0x00, 0x82, 0x08, 0x00, 0x82, 0x00, 0x00, 0xA2, 0x08, 0x00, 0xC3, 0x08, 0x00,
    0xA2, 0x08, 0x00, 0xA2, 0x08, 0x00, 0xA2, 0x08, 0x00, 0x43, 0x11, 0x00, 0x04, 0x1A, 0x00, 0x83, 0x09, 0x00,
    0xA1, 0x00, 0x00, 0x82, 0x08, 0x00, 0xA2, 0x00, 0x00, 0xA2, 0x00, 0x00, 0x23, 0x09, 0x00, 0x84, 0x11, 0x00,
    0x43, 0x11, 0x00, 0x02, 0x09, 0x00, 0xC1, 0x00, 0x00, 0xC1, 0x00, 0x00, 0xC2, 0x08, 0x00, 0xC2, 0x08, 0x00,
    0xC2, 0x08, 0x00, 0xE2, 0x08, 0x00, 0xC2, 0x00, 0x00, 0xE2, 0x08, 0x00, 0x03, 0x09, 0x00, 0x23, 0x11, 0x00,
    0x43, 0x11, 0x00, 0x43, 0x11, 0x00, 0x23, 0x09, 0x00, 0x43, 0x11, 0x00, 0x63, 0x11, 0x00, 0x84, 0x11, 0x00,
    0x63, 0x11, 0x00, 0x43, 0x11, 0x00, 0xA2, 0x00, 0x03, 0x82, 0x00, 0x11, 0x03, 0x09, 0x32, 0x44, 0x11, 0x59,
    0x02, 0x01, 0xA6, 0xE6, 0x32, 0xCD, 0x46, 0x33, 0xEC, 0xC5, 0x32, 0xF8, 0xA1, 0x00, 0xFD, 0x61, 0x00, 0xFF,
    0x82, 0x00, 0xFF, 0x82, 0x00, 0xFF, 0x82, 0x00, 0xFF, 0x81, 0x00, 0xFF, 0xA1, 0x00, 0xFF, 0xE3, 0x08, 0xFF,
    0x23, 0x11, 0xFF, 0x23, 0x09, 0xFF, 0x03, 0x09, 0xFF, 0xE3, 0x08, 0xFF, 0xE2, 0x08, 0xFF, 0xE2, 0x08, 0xFF,
    0xC2, 0x08, 0xFF, 0xC2, 0x00, 0xFF, 0x84, 0x11, 0xFF, 0x23, 0x09, 0xFF, 0x82, 0x00, 0xFF, 0x82, 0x08, 0xFF,
    0x82, 0x00, 0xFF, 0x61, 0x00, 0xFF, 0x81, 0x00, 0xFF, 0xC2, 0x08, 0xFF, 0x03, 0x09, 0xFF, 0x22, 0x09, 0xFF,
    0x22, 0x09, 0xFF, 0x42, 0x09, 0xFF, 0x22, 0x09, 0xFF, 0x42, 0x09, 0xFF, 0x83, 0x11, 0xFF, 0x83, 0x11, 0xFF,
    0xA3, 0x11, 0xFF, 0xA3, 0x11, 0xFF, 0xA3, 0x11, 0xFF, 0xA3, 0x11, 0xFF, 0xA3, 0x11, 0xFF, 0x83, 0x11, 0xFF,
    0xA3, 0x19, 0xFF, 0x84, 0x11, 0xFF, 0x42, 0x09, 0xFF, 0x87, 0x43, 0xFF, 0xE6, 0x43, 0xFF, 0x23, 0x2B, 0xFF,
    0xA3, 0x22, 0xFF, 0x42, 0x1A, 0xFF, 0x42, 0x1A, 0xFF, 0x42, 0x1A, 0xFF, 0xA7, 0x3B, 0xFF, 0x09, 0x44, 0xFF,
    0xC8, 0x3B, 0xFF, 0xC8, 0x33, 0xFF, 0x67, 0x33, 0xFF, 0xC3, 0x11, 0xFF, 0xE2, 0x08, 0xFF, 0x03, 0x09, 0xFF,
    0xE3, 0x08, 0xFF, 0xE3, 0x08, 0xFF, 0xC2, 0x00, 0xFF, 0xA2, 0x08, 0xFF, 0xA2, 0x08, 0xFF, 0xA2, 0x08, 0xFF,
    0xA2, 0x00, 0xFF, 0x81, 0x00, 0xFF, 0x81, 0x00, 0xFF, 0xA1, 0x00, 0xFF, 0xE2, 0x08, 0xFF, 0x23, 0x09, 0xFF,
    0xE2, 0x08, 0xFF, 0x02, 0x09, 0xFF, 0x63, 0x11, 0xFF, 0x82, 0x11, 0xFF, 0xA2, 0x11, 0xFF, 0xE3, 0x19, 0xFF,
    0xE3, 0x19, 0xFF, 0xC3, 0x11, 0xFD, 0x24, 0x1A, 0xF8, 0x44, 0x1A, 0xEC, 0x03, 0x12, 0xCD, 0x24, 0x1A, 0xA6,
    0x44, 0x1A, 0x59, 0x44, 0x1A, 0x32, 0x45, 0x1A, 0x11, 0xE2, 0x00, 0x03, 0x41, 0x00, 0x00, 0x41, 0x00, 0x00,
    0x41, 0x00, 0x00, 0x41, 0x00, 0x00, 0x82, 0x08, 0x00, 0x82, 0x00, 0x00, 0xA2, 0x08, 0x00, 0xA2, 0x08, 0x00,
    0x82, 0x00, 0x00, 0x82, 0x08, 0x00, 0x82, 0x08, 0x00, 0x82, 0x08, 0x00, 0x82, 0x00, 0x00, 0x82, 0x00, 0x00,
    0x82, 0x00, 0x00, 0x81, 0x00, 0x00, 0xA1, 0x00, 0x00, 0xA3, 0x11, 0x00, 0x64, 0x22, 0x00, 0xA4, 0x22, 0x00,
    0xA5, 0x22, 0x00, 0x64, 0x1A, 0x00, 0x23, 0x1A, 0x00, 0xC5, 0x22, 0x00, 0xE3, 0x11, 0x00, 0xE3, 0x08, 0x00,
    0x23, 0x11, 0x00, 0x84, 0x11, 0x00, 0xE5, 0x19, 0x00, 0xA4, 0x11, 0x00, 0xC4, 0x19, 0x00, 0xE2, 0x08, 0x00,
    0xC1, 0x00, 0x00, 0x02, 0x09, 0x00, 0x03, 0x11, 0x00, 0xE3, 0x10, 0x00, 0x82, 0x00, 0x00, 0x82, 0x00, 0x00,
    0xA2, 0x00, 0x00, 0xA2, 0x08, 0x00, 0xE2, 0x08, 0x00, 0x23, 0x11, 0x00, 0x83, 0x11, 0x00, 0xA3, 0x11, 0x00,
    0x41, 0x00, 0x00, 0x41, 0x00, 0x00, 0x41, 0x00, 0x00, 0x41, 0x00, 0x00, 0x41, 0x00, 0x00, 0x41, 0x00, 0x00,
    0x41, 0x00, 0x00, 0x41, 0x00, 0x00, 0x62, 0x00, 0x00, 0x62, 0x00, 0x00, 0xA2, 0x08, 0x00, 0xC3, 0x08, 0x00,
    0xA2, 0x08, 0x00, 0xA2, 0x08, 0x00, 0xA2, 0x08, 0x00, 0xC2, 0x00, 0x00, 0xA4, 0x19, 0x00, 0x84, 0x11, 0x00,
    0xA2, 0x00, 0x00, 0xA3, 0x08, 0x00, 0xA2, 0x00, 0x00, 0x44, 0x11, 0x00, 0x64, 0x11, 0x00, 0xC2, 0x08, 0x00,
    0xA1, 0x00, 0x00, 0xC2, 0x08, 0x00, 0xC2, 0x08, 0x00, 0xC2, 0x08, 0x00, 0xE2, 0x08, 0x00, 0xE2, 0x08, 0x00,
    0xE2, 0x08, 0x00, 0x02, 0x09, 0x00, 0x02, 0x09, 0x00, 0x23, 0x09, 0x00, 0x43, 0x11, 0x00, 0x23, 0x11, 0x00,
    0x23, 0x11, 0x00, 0x23, 0x09, 0x00, 0x43, 0x09, 0x00, 0x83, 0x11, 0x00, 0xA5, 0x19, 0x00, 0x23, 0x11, 0x00,
    0xE2, 0x08, 0x02, 0xC2, 0x00, 0x07, 0xA2, 0x08, 0x17, 0xA2, 0x08, 0x4E, 0xA2, 0x00, 0xA4, 0xC2, 0x00, 0xCD,
    0x81, 0x00, 0xEC, 0x86, 0x2A, 0xF8, 0xAC, 0x64, 0xFD, 0xA2, 0x11, 0xFF, 0x61, 0x00, 0xFF, 0x83, 0x08, 0xFF,
    0x82, 0x00, 0xFF, 0x82, 0x00, 0xFF, 0x81, 0x00, 0xFF, 0x81, 0x00, 0xFF, 0xA2, 0x00, 0xFF, 0x03, 0x09, 0xFF,
    0x85, 0x19, 0xFF, 0xE6, 0x19, 0xFF, 0x43, 0x09, 0xFF, 0x23, 0x11, 0xFF, 0x03, 0x09, 0xFF, 0x03, 0x09, 0xFF,
    0x02, 0x09, 0xFF, 0xE2, 0x08, 0xFF, 0xC2, 0x08, 0xFF, 0xC3, 0x00, 0xFF, 0xA2, 0x00, 0xFF, 0xA2, 0x00, 0xFF,
    0x81, 0x00, 0xFF, 0xC2, 0x08, 0xFF, 0x23, 0x11, 0xFF, 0x02, 0x09, 0xFF, 0x62, 0x11, 0xFF, 0x83, 0x11, 0xFF,
    0xA3, 0x11, 0xFF, 0x83, 0x11, 0xFF, 0xA3, 0x11, 0xFF, 0xA4, 0x11, 0xFF, 0xA3, 0x11, 0xFF, 0xA3, 0x11, 0xFF,
    0xC3, 0x11, 0xFF, 0xC4, 0x19, 0xFF, 0xC3, 0x19, 0xFF, 0xC3, 0x11, 0xFF, 0xA3, 0x11, 0xFF, 0xA3, 0x11, 0xFF,
    0xA3, 0x11, 0xFF, 0xC3, 0x11, 0xFF, 0x83, 0x09, 0xFF, 0xA3, 0x11, 0xFF, 0x25, 0x33, 0xFF, 0x07, 0x4C, 0xFF,
    0xE2, 0x22, 0xFF, 0xC3, 0x22, 0xFF, 0x22, 0x1A, 0xFF, 0x22, 0x1A, 0xFF, 0x04, 0x2B, 0xFF, 0x29, 0x44, 0xFF,
    0xE9, 0x43, 0xFF, 0xE8, 0x3B, 0xFF, 0xC8, 0x3B, 0xFF, 0xC5, 0x22, 0xFF, 0xC2, 0x08, 0xFF, 0x82, 0x08, 0xFF,
    0xC2, 0x08, 0xFF, 0xC2, 0x08, 0xFF, 0x61, 0x00, 0xFF, 0x82, 0x00, 0xFF, 0xA2, 0x00, 0xFF, 0x82, 0x08, 0xFF,
    0x81, 0x00, 0xFF, 0xA1, 0x00, 0xFF, 0x22, 0x11, 0xFF, 0x62, 0x11, 0xFF, 0x42, 0x09, 0xFF, 0x62, 0x09, 0xFF,
    0xC4, 0x19, 0xFF, 0x62, 0x09, 0xFF, 0xA3, 0x19, 0xFF, 0xC3, 0x19, 0xFF, 0xC2, 0x11, 0xFF, 0xE2, 0x11, 0xFF,
    0xC2, 0x11, 0xFF, 0x03, 0x12, 0xFF, 0x23, 0x1A, 0xFF, 0x23, 0x1A, 0xFD, 0x44, 0x1A, 0xF8, 0x24, 0x1A, 0xEC,
    0x24, 0x1A, 0xCD, 0x86, 0x22, 0xA4, 0xC7, 0x2A, 0x4E, 0x63, 0x09, 0x17, 0x41, 0x00, 0x07, 0x41, 0x00, 0x02,
    0x41, 0x00, 0x00, 0x62, 0x00, 0x00, 0x82, 0x00, 0x00, 0xA2, 0x00, 0x00, 0xA2, 0x08, 0x00, 0xA2, 0x08, 0x00,
    0x82, 0x00, 0x00, 0x82, 0x00, 0x00, 0x82, 0x08, 0x00, 0x82, 0x08, 0x00, 0x82, 0x00, 0x00, 0x82, 0x00, 0x00,
    0x82, 0x08, 0x00, 0x82, 0x00, 0x00, 0x61, 0x00, 0x00, 0x82, 0x00, 0x00, 0x63, 0x11, 0x00, 0x64, 0x22, 0x00,
    0xC4, 0x22, 0x00, 0xC5, 0x22, 0x00, 0x84, 0x22, 0x00, 0xC5, 0x22, 0x00, 0xE3, 0x11, 0x00, 0xE2, 0x08, 0x00,
    0xE2, 0x00, 0x00, 0xE2, 0x08, 0x00, 0x02, 0x09, 0x00, 0xE2, 0x00, 0x00, 0x02, 0x09, 0x00, 0xA1, 0x00, 0x00,
    0x81, 0x00, 0x00, 0xC2, 0x08, 0x00, 0x61, 0x00, 0x00, 0x41, 0x00, 0x00, 0x21, 0x00, 0x00, 0x21, 0x00, 0x00,
    0x41, 0x00, 0x00, 0x41, 0x00, 0x00, 0x62, 0x00, 0x00, 0x62, 0x00, 0x00, 0x81, 0x00, 0x00, 0x23, 0x09, 0x00,
    0x61, 0x00, 0x00, 0x61, 0x00, 0x00, 0x61, 0x00, 0x00, 0x41, 0x00, 0x00, 0x41, 0x00, 0x00, 0x41, 0x00, 0x00,
    0x41, 0x00, 0x00, 0x41, 0x00, 0x00, 0x41, 0x00, 0x00, 0x41, 0x00, 0x00, 0x82, 0x00, 0x00, 0xC2, 0x08, 0x00,
    0xA2, 0x08, 0x00, 0xC2, 0x08, 0x00, 0xA2, 0x08, 0x00, 0xC2, 0x00, 0x00, 0xE2, 0x08, 0x00, 0xE3, 0x08, 0x00,
    0xC2, 0x00, 0x00, 0xC2, 0x08, 0x00, 0xC2, 0x08, 0x00, 0x23, 0x11, 0x00, 0x81, 0x00, 0x00, 0x81, 0x00, 0x00,
    0xC2, 0x08, 0x00, 0xE2, 0x08, 0x00, 0xE2, 0x08, 0x00, 0xE2, 0x08, 0x00, 0xE2, 0x08, 0x00, 0x02, 0x09, 0x00,
    0x03, 0x09, 0x00, 0x23, 0x09, 0x00, 0x63, 0x11, 0x00, 0x84, 0x11, 0x00, 0x43, 0x11, 0x00, 0x23, 0x11, 0x00,
    0x23, 0x09, 0x00, 0x43, 0x09, 0x00, 0x63, 0x11, 0x00, 0xC4, 0x19, 0x00, 0x43, 0x11, 0x02, 0x61, 0x00, 0x07,
    0x61, 0x00, 0x13, 0x82, 0x00, 0x32, 0xA2, 0x00, 0x5B, 0xA2, 0x08, 0xB1, 0xC2, 0x08, 0xE8, 0xC2, 0x08, 0xF8,
    0x61, 0x00, 0xFD, 0xE5, 0x21, 0xFF, 0x08, 0x3B, 0xFF, 0xA1, 0x00, 0xFF, 0xC2, 0x00, 0xFF, 0xA2, 0x08, 0xFF,
    0xA2, 0x08, 0xFF, 0xA2, 0x00, 0xFF, 0xA2, 0x00, 0xFF, 0xA2, 0x08, 0xFF, 0xE3, 0x08, 0xFF, 0x64, 0x11, 0xFF,
    0xC5, 0x19, 0xFF, 0x06, 0x1A, 0xFF, 0xC5, 0x11, 0xFF, 0x84, 0x11, 0xFF, 0x65, 0x11, 0xFF, 0x64, 0x11, 0xFF,
    0x43, 0x11, 0xFF, 0x23, 0x09, 0xFF, 0xE3, 0x08, 0xFF, 0xC3, 0x08, 0xFF, 0x82, 0x00, 0xFF, 0x82, 0x00, 0xFF,
    0xA2, 0x08, 0xFF, 0x23, 0x11, 0xFF, 0xC4, 0x19, 0xFF, 0xC3, 0x19, 0xFF, 0x03, 0x1A, 0xFF, 0xE3, 0x11, 0xFF,
    0xC3, 0x19, 0xFF, 0xE4, 0x19, 0xFF, 0xA3, 0x11, 0xFF, 0xC3, 0x11, 0xFF, 0xA3, 0x11, 0xFF, 0x83, 0x11, 0xFF,
    0xA3, 0x19, 0xFF, 0xA3, 0x11, 0xFF, 0xC4, 0x19, 0xFF, 0xC3, 0x11, 0xFF, 0xA3, 0x11, 0xFF, 0xA3, 0x11, 0xFF,
    0xA3, 0x11, 0xFF, 0xA2, 0x11, 0xFF, 0xA3, 0x19, 0xFF, 0x63, 0x11, 0xFF, 0x02, 0x09, 0xFF, 0xC5, 0x2A, 0xFF,
    0x85, 0x3B, 0xFF, 0xC2, 0x22, 0xFF, 0x83, 0x22, 0xFF, 0x63, 0x1A, 0xFF, 0x63, 0x1A, 0xFF, 0xC8, 0x3B, 0xFF,
    0x6A, 0x4C, 0xFF, 0x29, 0x44, 0xFF, 0x09, 0x3C, 0xFF, 0x87, 0x33, 0xFF, 0x42, 0x09, 0xFF, 0x01, 0x00, 0xFF,
    0x61, 0x00, 0xFF, 0x61, 0x00, 0xFF, 0x82, 0x00, 0xFF, 0xA2, 0x08, 0xFF, 0xA2, 0x08, 0xFF, 0xA2, 0x08, 0xFF,
    0xC1, 0x08, 0xFF, 0xA3, 0x11, 0xFF, 0xE3, 0x19, 0xFF, 0xA2, 0x11, 0xFF, 0x82, 0x11, 0xFF, 0xC3, 0x11, 0xFF,
    0x03, 0x1A, 0xFF, 0x82, 0x11, 0xFF, 0x62, 0x11, 0xFF, 0xE4, 0x19, 0xFF, 0x64, 0x1A, 0xFF, 0x64, 0x1A, 0xFF,
    0x44, 0x1A, 0xFF, 0x23, 0x1A, 0xFF, 0x44, 0x1A, 0xFF, 0x23, 0x1A, 0xFF, 0x44, 0x1A, 0xFF, 0x24, 0x1A, 0xFD,
    0x04, 0x1A, 0xF8, 0xA6, 0x22, 0xE8, 0x07, 0x2B, 0xB1, 0x25, 0x1A, 0x5B, 0x61, 0x00, 0x32, 0x41, 0x00, 0x13,
    0x62, 0x00, 0x07, 0x82, 0x08, 0x02, 0xC2, 0x08, 0x00, 0xE3, 0x08, 0x00, 0x03, 0x11, 0x00, 0x03, 0x09, 0x00,
    0xC2, 0x00, 0x00, 0xA2, 0x08, 0x00, 0xA2, 0x00, 0x00, 0xA2, 0x00, 0x00, 0xA2, 0x00, 0x00, 0x82, 0x08, 0x00,
    0xA2, 0x08, 0x00, 0x82, 0x00, 0x00, 0x82, 0x00, 0x00, 0x82, 0x08, 0x00, 0x81, 0x00, 0x00, 0x42, 0x09, 0x00,
    0x64, 0x22, 0x00, 0xC5, 0x22, 0x00, 0xA5, 0x1A, 0x00, 0xC5, 0x22, 0x00, 0xC4, 0x19, 0x00, 0x81, 0x00, 0x00,
    0xE2, 0x00, 0x00, 0xC2, 0x00, 0x00, 0xA2, 0x08, 0x00, 0x03, 0x11, 0x00, 0x23, 0x11, 0x00, 0xC2, 0x08, 0x00,
    0xA2, 0x08, 0x00, 0xA2, 0x08, 0x00, 0x21, 0x00, 0x00, 0x41, 0x00, 0x00, 0x41, 0x00, 0x00, 0x41, 0x00, 0x00,
    0x42, 0x00, 0x00, 0x42, 0x00, 0x00, 0x61, 0x00, 0x00, 0x41, 0x00, 0x00, 0x41, 0x00, 0x00, 0xA2, 0x00, 0x00,
    0x62, 0x00, 0x00, 0x62, 0x00, 0x00, 0x62, 0x00, 0x00, 0x62, 0x00, 0x00, 0x61, 0x00, 0x00, 0x61, 0x00, 0x00,
    0x41, 0x00, 0x00, 0x41, 0x00, 0x00, 0x41, 0x00, 0x00, 0x21, 0x00, 0x00, 0x61, 0x00, 0x00, 0xC2, 0x08, 0x00,
    0xC3, 0x08, 0x00, 0xC3, 0x08, 0x00, 0xC3, 0x08, 0x00, 0xC2, 0x08, 0x00, 0xC2, 0x08, 0x00, 0xA2, 0x08, 0x00,
    0xA2, 0x08, 0x00, 0x62, 0x00, 0x00, 0x82, 0x00, 0x00, 0x61, 0x00, 0x00, 0x81, 0x00, 0x00, 0xC2, 0x08, 0x00,
    0xE2, 0x08, 0x00, 0xE2, 0x08, 0x00, 0xE2, 0x08, 0x00, 0x23, 0x09, 0x00, 0x23, 0x09, 0x00, 0x43, 0x11, 0x00,
    0x64, 0x11, 0x00, 0x84, 0x11, 0x00, 0x84, 0x11, 0x00, 0x43, 0x09, 0x00, 0x43, 0x09, 0x00, 0x43, 0x09, 0x00,
    0x63, 0x11, 0x00, 0x63, 0x11, 0x00, 0x22, 0x09, 0x00, 0x23, 0x09, 0x03, 0x81, 0x00, 0x11, 0x61, 0x00, 0x32,
    0x41, 0x00, 0x59, 0x61, 0x00, 0xA6, 0x41, 0x00, 0xCD, 0x61, 0x00, 0xEE, 0x61, 0x00, 0xFC, 0x41, 0x00, 0xFF,
    0x41, 0x00, 0xFF, 0xC2, 0x08, 0xFF, 0xE2, 0x08, 0xFF, 0xE3, 0x08, 0xFF, 0xC2, 0x08, 0xFF, 0xC2, 0x08, 0xFF,
    0xC2, 0x08, 0xFF, 0xE2, 0x08, 0xFF, 0xC2, 0x08, 0xFF, 0xE2, 0x08, 0xFF, 0xC2, 0x08, 0xFF, 0x44, 0x11, 0xFF,
    0xC5, 0x11, 0xFF, 0xA5, 0x11, 0xFF, 0xC5, 0x19, 0xFF, 0x43, 0x09, 0xFF, 0x44, 0x09, 0xFF, 0x85, 0x11, 0xFF,
    0x84, 0x11, 0xFF, 0x63, 0x09, 0xFF, 0x22, 0x09, 0xFF, 0x61, 0x00, 0xFF, 0x41, 0x00, 0xFF, 0xA2, 0x00, 0xFF,
    0xE2, 0x08, 0xFF, 0x22, 0x09, 0xFF, 0x62, 0x09, 0xFF, 0x82, 0x09, 0xFF, 0xE3, 0x11, 0xFF, 0x44, 0x1A, 0xFF,
    0x03, 0x1A, 0xFF, 0xC2, 0x11, 0xFF, 0xE3, 0x11, 0xFF, 0xE3, 0x11, 0xFF, 0xE3, 0x11, 0xFF, 0xC3, 0x11, 0xFF,
    0xE3, 0x11, 0xFF, 0xC3, 0x11, 0xFF, 0x04, 0x12, 0xFF, 0x24, 0x1A, 0xFF, 0xE3, 0x11, 0xFF, 0xC3, 0x11, 0xFF,
    0xE3, 0x11, 0xFF, 0xE4, 0x19, 0xFF, 0xE4, 0x19, 0xFF, 0x63, 0x11, 0xFF, 0x83, 0x00, 0xFF, 0xC2, 0x00, 0xFF,
    0x44, 0x22, 0xFF, 0x45, 0x3B, 0xFF, 0x23, 0x2B, 0xFF, 0xA1, 0x1A, 0xFF, 0x62, 0x1A, 0xFF, 0x05, 0x2B, 0xFF,
    0x08, 0x44, 0xFF, 0x4A, 0x4C, 0xFF, 0x4A, 0x4C, 0xFF, 0x88, 0x33, 0xFF, 0x43, 0x09, 0xFF, 0x21, 0x00, 0xFF,
    0x61, 0x00, 0xFF, 0x62, 0x00, 0xFF, 0xA2, 0x00, 0xFF, 0xA2, 0x00, 0xFF, 0xA2, 0x08, 0xFF, 0xA2, 0x00, 0xFF,
    0x83, 0x11, 0xFF, 0x42, 0x22, 0xFF, 0xE2, 0x11, 0xFF, 0xC3, 0x19, 0xFF, 0xC3, 0x11, 0xFF, 0xE3, 0x19, 0xFF,
    0x03, 0x12, 0xFF, 0x82, 0x11, 0xFF, 0x42, 0x09, 0xFF, 0x82, 0x09, 0xFF, 0x26, 0x2B, 0xFF, 0xC9, 0x3B, 0xFF,
    0x68, 0x33, 0xFF, 0xC5, 0x22, 0xFF, 0x84, 0x22, 0xFF, 0x84, 0x1A, 0xFF, 0xA5, 0x22, 0xFF, 0x85, 0x22, 0xFF,
    0x86, 0x1A, 0xFF, 0xC7, 0x22, 0xFC, 0x49, 0x33, 0xEE, 0x87, 0x22, 0xCD, 0xC2, 0x00, 0xA6, 0x61, 0x00, 0x59,
    0x81, 0x00, 0x32, 0xE3, 0x08, 0x11, 0x23, 0x11, 0x03, 0x03, 0x09, 0x00, 0x23, 0x09, 0x00, 0x44, 0x11, 0x00,
    0x44, 0x11, 0x00, 0x03, 0x09, 0x00, 0x03, 0x09, 0x00, 0xC2, 0x08, 0x00, 0xA2, 0x00, 0x00, 0x82, 0x00, 0x00,
    0x82, 0x00, 0x00, 0x82, 0x00, 0x00, 0x81, 0x00, 0x00, 0x82, 0x00, 0x00, 0x82, 0x00, 0x00, 0x61, 0x00, 0x00,
    0x23, 0x09, 0x00, 0x85, 0x22, 0x00, 0xE5, 0x22, 0x00, 0xA5, 0x22, 0x00, 0x22, 0x09, 0x00, 0xA3, 0x08, 0x00,
    0xA2, 0x00, 0x00, 0x61, 0x00, 0x00, 0x61, 0x00, 0x00, 0xC2, 0x00, 0x00, 0x03, 0x09, 0x00, 0xA2, 0x08, 0x00,
    0x61, 0x00, 0x00, 0xC2, 0x08, 0x00, 0x41, 0x00, 0x00, 0x41, 0x00, 0x00, 0x42, 0x00, 0x00, 0x42, 0x00, 0x00,
    0x42, 0x00, 0x00, 0x41, 0x00, 0x00, 0x41, 0x00, 0x00, 0x41, 0x00, 0x00, 0xA2, 0x08, 0x00, 0xC2, 0x08, 0x00,
    0x62, 0x00, 0x00, 0x62, 0x00, 0x00, 0x82, 0x00, 0x00, 0x82, 0x00, 0x00, 0x62, 0x00, 0x00, 0x62, 0x00, 0x00,
    0x62, 0x00, 0x00, 0x62, 0x00, 0x00, 0x42, 0x00, 0x00, 0x21, 0x00, 0x00, 0x61, 0x00, 0x00, 0xC3, 0x08, 0x00,
    0xA3, 0x08, 0x00, 0x82, 0x08, 0x00, 0xA2, 0x08, 0x00, 0x82, 0x00, 0x00, 0x61, 0x00, 0x00, 0x61, 0x00, 0x00,
    0x61, 0x00, 0x00, 0x41, 0x00, 0x00, 0x41, 0x00, 0x00, 0x61, 0x00, 0x00, 0xA2, 0x08, 0x00, 0xE2, 0x08, 0x00,
    0xE2, 0x08, 0x00, 0x02, 0x09, 0x00, 0x22, 0x09, 0x00, 0x63, 0x11, 0x00, 0x84, 0x11, 0x00, 0x84, 0x11, 0x00,
    0xA4, 0x11, 0x00, 0xA4, 0x11, 0x00, 0x84, 0x09, 0x00, 0x63, 0x09, 0x00, 0x64, 0x11, 0x00, 0x43, 0x11, 0x00,
    0x23, 0x11, 0x00, 0xA1, 0x00, 0x00, 0x81, 0x00, 0x03, 0x82, 0x00, 0x16, 0x82, 0x00, 0x4E, 0x62, 0x00, 0xA4,
    0x41, 0x00, 0xCD, 0x41, 0x00, 0xEC, 0x41, 0x00, 0xF8, 0x41, 0x00, 0xFD, 0x41, 0x00, 0xFF, 0x81, 0x00, 0xFF,
    0xE3, 0x08, 0xFF, 0x23, 0x11, 0xFF, 0x23, 0x09, 0xFF, 0x22, 0x09, 0xFF, 0x22, 0x09, 0xFF, 0x22, 0x09, 0xFF,
    0x03, 0x09, 0xFF, 0x03, 0x09, 0xFF, 0x03, 0x09, 0xFF, 0xE2, 0x00, 0xFF, 0xC2, 0x08, 0xFF, 0xC2, 0x00, 0xFF,
    0x64, 0x11, 0xFF, 0xE5, 0x19, 0xFF, 0x43, 0x09, 0xFF, 0x84, 0x19, 0xFF, 0x05, 0x22, 0xFF, 0x63, 0x11, 0xFF,
    0x23, 0x09, 0xFF, 0xE4, 0x19, 0xFF, 0x84, 0x22, 0xFF, 0x23, 0x1A, 0xFF, 0x02, 0x09, 0xFF, 0xC1, 0x00, 0xFF,
    0x02, 0x09, 0xFF, 0x02, 0x09, 0xFF, 0x22, 0x09, 0xFF, 0x43, 0x09, 0xFF, 0x83, 0x09, 0xFF, 0x85, 0x22, 0xFF,
    0x64, 0x1A, 0xFF, 0x85, 0x22, 0xFF, 0x04, 0x1A, 0xFF, 0xE4, 0x19, 0xFF, 0xA3, 0x19, 0xFF, 0x62, 0x11, 0xFF,
    0x82, 0x11, 0xFF, 0x62, 0x11, 0xFF, 0x63, 0x11, 0xFF, 0x83, 0x11, 0xFF, 0x42, 0x11, 0xFF, 0x42, 0x09, 0xFF,
    0x43, 0x11, 0xFF, 0x43, 0x11, 0xFF, 0x63, 0x19, 0xFF, 0xC2, 0x08, 0xFF, 0x62, 0x08, 0xFF, 0x42, 0x00, 0xFF,
    0xA2, 0x08, 0xFF, 0xE4, 0x21, 0xFF, 0x05, 0x33, 0xFF, 0x85, 0x3B, 0xFF, 0xC2, 0x22, 0xFF, 0x04, 0x23, 0xFF,
    0x28, 0x44, 0xFF, 0x09, 0x44, 0xFF, 0x6A, 0x4C, 0xFF, 0x27, 0x33, 0xFF, 0xC2, 0x00, 0xFF, 0x62, 0x00, 0xFF,
    0x81, 0x00, 0xFF, 0x82, 0x00, 0xFF, 0xA2, 0x00, 0xFF, 0xA2, 0x00, 0xFF, 0xC2, 0x08, 0xFF, 0xC2, 0x00, 0xFF,
    0xE3, 0x19, 0xFF, 0x02, 0x1A, 0xFF, 0xC3, 0x11, 0xFF, 0xC2, 0x11, 0xFF, 0xC2, 0x11, 0xFF, 0x23, 0x1A, 0xFF,
    0x44, 0x22, 0xFF, 0x03, 0x1A, 0xFF, 0xE3, 0x11, 0xFF, 0xE3, 0x11, 0xFF, 0xA5, 0x1A, 0xFF, 0xE9, 0x3B, 0xFF,
    0x88, 0x33, 0xFF, 0xA4, 0x1A, 0xFF, 0xA5, 0x22, 0xFF, 0x06, 0x2B, 0xFF, 0x07, 0x2B, 0xFF, 0x27, 0x2B, 0xFF,
    0xE7, 0x22, 0xFF, 0xE7, 0x22, 0xFF, 0x8A, 0x3B, 0xFD, 0xC7, 0x2A, 0xF8, 0x64, 0x11, 0xEC, 0x61, 0x00, 0xCD,
    0xC2, 0x08, 0xA4, 0x23, 0x11, 0x4E, 0x03, 0x09, 0x16, 0x23, 0x09, 0x03, 0x23, 0x09, 0x00, 0x43, 0x09, 0x00,
    0x64, 0x11, 0x00, 0x63, 0x09, 0x00, 0x84, 0x11, 0x00, 0x43, 0x11, 0x00, 0x03, 0x09, 0x00, 0xC3, 0x08, 0x00,
    0xC2, 0x08, 0x00, 0xA2, 0x00, 0x00, 0xA2, 0x00, 0x00, 0xA2, 0x00, 0x00, 0x82, 0x00, 0x00, 0x82, 0x00, 0x00,
    0x61, 0x00, 0x00, 0x43, 0x09, 0x00, 0x27, 0x2B, 0x00, 0x04, 0x1A, 0x00, 0x82, 0x00, 0x00, 0xA2, 0x08, 0x00,
    0x41, 0x00, 0x00, 0x61, 0x00, 0x00, 0xA2, 0x08, 0x00, 0xC2, 0x08, 0x00, 0xA2, 0x00, 0x00, 0x20, 0x00, 0x00,
    0x61, 0x00, 0x00, 0xC2, 0x08, 0x00, 0x41, 0x00, 0x00, 0x41, 0x00, 0x00, 0x21, 0x00, 0x00, 0x21, 0x00, 0x00,
    0x42, 0x00, 0x00, 0x41, 0x00, 0x00, 0x21, 0x00, 0x00, 0x61, 0x00, 0x00, 0xE3, 0x08, 0x00, 0xC3, 0x08, 0x00,
    0x61, 0x00, 0x00, 0x82, 0x00, 0x00, 0x82, 0x00, 0x00, 0x82, 0x00, 0x00, 0x82, 0x00, 0x00, 0x82, 0x00, 0x00,
    0x82, 0x00, 0x00, 0x82, 0x00, 0x00, 0x82, 0x00, 0x00, 0x61, 0x00, 0x00, 0x61, 0x00, 0x00, 0x82, 0x00, 0x00,
    0x61, 0x00, 0x00, 0x41, 0x00, 0x00, 0x41, 0x00, 0x00, 0x41, 0x00, 0x00, 0x41, 0x00, 0x00, 0x41, 0x00, 0x00,
    0x41, 0x00, 0x00, 0x41, 0x00, 0x00, 0x41, 0x00, 0x00, 0x41, 0x00, 0x00, 0xC3, 0x08, 0x00, 0x03, 0x09, 0x00,
    0x02, 0x09, 0x00, 0x43, 0x09, 0x00, 0x64, 0x11, 0x00, 0x64, 0x11, 0x00, 0x84, 0x11, 0x00, 0x64, 0x11, 0x00,
    0x64, 0x11, 0x00, 0x64, 0x11, 0x00, 0x43, 0x11, 0x00, 0x43, 0x11, 0x00, 0xC2, 0x00, 0x00, 0xA2, 0x00, 0x00,
    0x82, 0x00, 0x02, 0x82, 0x00, 0x07, 0x82, 0x00, 0x17, 0x62, 0x00, 0x50, 0x62, 0x00, 0xAF, 0x62, 0x00, 0xE8,
    0x41, 0x00, 0xF8, 0x41, 0x00, 0xFD, 0x41, 0x00, 0xFF, 0x61, 0x00, 0xFF, 0xC2, 0x08, 0xFF, 0x64, 0x11, 0xFF,
    0x63, 0x11, 0xFF, 0x63, 0x11, 0xFF, 0xE4, 0x19, 0xFF, 0x04, 0x1A, 0xFF, 0xE3, 0x19, 0xFF, 0xE4, 0x11, 0xFF,
    0xE4, 0x11, 0xFF, 0xA4, 0x11, 0xFF, 0x83, 0x11, 0xFF, 0x83, 0x11, 0xFF, 0x43, 0x09, 0xFF, 0x23, 0x11, 0xFF,
    0x63, 0x09, 0xFF, 0x84, 0x11, 0xFF, 0x43, 0x11, 0xFF, 0x65, 0x32, 0xFF, 0x66, 0x32, 0xFF, 0x06, 0x2A, 0xFF,
    0x01, 0x11, 0xFF, 0x62, 0x11, 0xFF, 0x02, 0x12, 0xFF, 0xA4, 0x22, 0xFF, 0x26, 0x33, 0xFF, 0xE3, 0x11, 0xFF,
    0xE2, 0x08, 0xFF, 0x03, 0x09, 0xFF, 0x03, 0x11, 0xFF, 0x03, 0x11, 0xFF, 0xE2, 0x08, 0xFF, 0x22, 0x11, 0xFF,
    0x22, 0x19, 0xFF, 0xE1, 0x10, 0xFF, 0x40, 0x00, 0xFF, 0x61, 0x08, 0xFF, 0x20, 0x00, 0xFF, 0x00, 0x00, 0xFF,
    0x00, 0x00, 0xFF, 0x00, 0x00, 0xFF, 0x00, 0x00, 0xFF, 0x00, 0x00, 0xFF, 0x00, 0x00, 0xFF, 0x00, 0x00, 0xFF,
    0x00, 0x00, 0xFF, 0x00, 0x00, 0xFF, 0x00, 0x00, 0xFF, 0x00, 0x00, 0xFF, 0x00, 0x00, 0xFF, 0x00, 0x00, 0xFF,
    0x21, 0x00, 0xFF, 0x00, 0x00, 0xFF, 0x81, 0x08, 0xFF, 0x42, 0x19, 0xFF, 0x63, 0x19, 0xFF, 0xA3, 0x19, 0xFF,
    0xA5, 0x2A, 0xFF, 0xE9, 0x4B, 0xFF, 0x88, 0x3B, 0xFF, 0xC4, 0x11, 0xFF, 0xA2, 0x00, 0xFF, 0xA2, 0x00, 0xFF,
    0x81, 0x00, 0xFF, 0xA2, 0x00, 0xFF, 0xA2, 0x08, 0xFF, 0xA2, 0x08, 0xFF, 0xA3, 0x08, 0xFF, 0xC2, 0x00, 0xFF,
    0xA3, 0x19, 0xFF, 0xE2, 0x11, 0xFF, 0xC2, 0x11, 0xFF, 0xE2, 0x19, 0xFF, 0x02, 0x1A, 0xFF, 0x02, 0x12, 0xFF,
    0x43, 0x1A, 0xFF, 0x22, 0x1A, 0xFF, 0x23, 0x1A, 0xFF, 0x84, 0x22, 0xFF, 0x84, 0x1A, 0xFF, 0x06, 0x2B, 0xFF,
    0x88, 0x33, 0xFF, 0xC5, 0x22, 0xFF, 0xA4, 0x1A, 0xFF, 0xE5, 0x1A, 0xFF, 0x47, 0x2B, 0xFF, 0x69, 0x33, 0xFF,
    0xC7, 0x22, 0xFF, 0xC5, 0x11, 0xFF, 0x43, 0x09, 0xFF, 0x02, 0x09, 0xFF, 0xC2, 0x08, 0xFD, 0x81, 0x00, 0xF8,
    0xC2, 0x08, 0xE8, 0x23, 0x09, 0xAF, 0x23, 0x09, 0x50, 0x43, 0x09, 0x17, 0x43, 0x09, 0x07, 0x43, 0x09, 0x02,
    0x64, 0x11, 0x00, 0x44, 0x09, 0x00, 0x43, 0x09, 0x00, 0x23, 0x09, 0x00, 0x23, 0x09, 0x00, 0x23, 0x09, 0x00,
    0x23, 0x09, 0x00, 0x43, 0x11, 0x00, 0x64, 0x11, 0x00, 0x64, 0x11, 0x00, 0xE3, 0x08, 0x00, 0xC2, 0x00, 0x00,
    0xC2, 0x08, 0x00, 0xC1, 0x00, 0x00, 0x45, 0x22, 0x00, 0xA4, 0x19, 0x00, 0x21, 0x00, 0x00, 0x41, 0x00, 0x00,
    0xC2, 0x10, 0x00, 0x02, 0x09, 0x00, 0xC2, 0x08, 0x00, 0x02, 0x09, 0x00, 0xE2, 0x08, 0x00, 0x04, 0x11, 0x00,
    0xE2, 0x08, 0x00, 0xC2, 0x08, 0x00, 0xC3, 0x10, 0x00, 0x81, 0x00, 0x00, 0xC2, 0x08, 0x00, 0xA2, 0x08, 0x00,
    0x40, 0x00, 0x00, 0x21, 0x00, 0x00, 0x21, 0x00, 0x00, 0x41, 0x00, 0x00, 0xE3, 0x08, 0x00, 0xC3, 0x08, 0x00,
    0x82, 0x00, 0x00, 0x82, 0x00, 0x00, 0x82, 0x00, 0x00, 0x82, 0x00, 0x00, 0x82, 0x00, 0x00, 0x82, 0x00, 0x00,
    0x82, 0x00, 0x00, 0x82, 0x00, 0x00, 0x82, 0x00, 0x00, 0x82, 0x00, 0x00, 0x62, 0x00, 0x00, 0x41, 0x00, 0x00,
    0x41, 0x00, 0x00, 0x41, 0x00, 0x00, 0x41, 0x00, 0x00, 0x41, 0x00, 0x00, 0x41, 0x00, 0x00, 0x41, 0x00, 0x00,
    0x41, 0x00, 0x00, 0x41, 0x00, 0x00, 0x41, 0x00, 0x00, 0x61, 0x00, 0x00, 0xC3, 0x08, 0x00, 0xE3, 0x08, 0x00,
    0x03, 0x11, 0x00, 0x43, 0x11, 0x00, 0x23, 0x11, 0x00, 0x23, 0x09, 0x00, 0x03, 0x09, 0x00, 0xE2, 0x08, 0x00,
    0xE2, 0x00, 0x00, 0xA2, 0x00, 0x00, 0x81, 0x00, 0x00, 0xA2, 0x00, 0x00, 0x81, 0x00, 0x00, 0x82, 0x00, 0x03,
    0x82, 0x00, 0x11, 0xA2, 0x08, 0x32, 0x82, 0x08, 0x5B, 0x61, 0x00, 0xB1, 0x61, 0x00, 0xE9, 0x61, 0x00, 0xFC,
    0x61, 0x00, 0xFF, 0x62, 0x00, 0xFF, 0x61, 0x00, 0xFF, 0xA1, 0x00, 0xFF, 0x23, 0x11, 0xFF, 0x63, 0x11, 0xFF,
    0x43, 0x09, 0xFF, 0x45, 0x1A, 0xFF, 0xC6, 0x22, 0xFF, 0x85, 0x22, 0xFF, 0x65, 0x1A, 0xFF, 0xA6, 0x22, 0xFF,
    0xA5, 0x22, 0xFF, 0x65, 0x22, 0xFF, 0x45, 0x1A, 0xFF, 0x66, 0x22, 0xFF, 0x25, 0x22, 0xFF, 0x04, 0x1A, 0xFF,
    0xE4, 0x19, 0xFF, 0xC4, 0x11, 0xFF, 0x83, 0x19, 0xFF, 0x66, 0x53, 0xFF, 0x83, 0x22, 0xFF, 0xC6, 0x42, 0xFF,
    0x67, 0x63, 0xFF, 0x41, 0x19, 0xFF, 0x42, 0x09, 0xFF, 0x82, 0x11, 0xFF, 0x63, 0x22, 0xFF, 0x65, 0x32, 0xFF,
    0xA1, 0x08, 0xFF, 0x81, 0x00, 0xFF, 0x40, 0x00, 0xFF, 0x20, 0x00, 0xFF, 0x00, 0x00, 0xFF, 0x00, 0x00, 0xFF,
    0x00, 0x00, 0xFF, 0x00, 0x00, 0xFF, 0x00, 0x00, 0xFF, 0x00, 0x00, 0xFF, 0x00, 0x00, 0xFF, 0x00, 0x00, 0xFF,
    0x00, 0x00, 0xFF, 0x00, 0x00, 0xFF, 0x00, 0x00, 0xFF, 0x00, 0x00, 0xFF, 0x00, 0x00, 0xFF, 0x00, 0x00, 0xFF,
    0x00, 0x00, 0xFF, 0x00, 0x00, 0xFF, 0x00, 0x00, 0xFF, 0x00, 0x00, 0xFF, 0x00, 0x00, 0xFF, 0x00, 0x00, 0xFF,
    0x00, 0x00, 0xFF, 0x00, 0x00, 0xFF, 0x00, 0x00, 0xFF, 0x00, 0x00, 0xFF, 0x00, 0x00, 0xFF, 0x00, 0x00, 0xFF,
    0x00, 0x00, 0xFF, 0x80, 0x00, 0xFF, 0xC2, 0x08, 0xFF, 0x61, 0x08, 0xFF, 0x82, 0x08, 0xFF, 0x82, 0x08, 0xFF,
    0x82, 0x08, 0xFF, 0xA2, 0x08, 0xFF, 0xC3, 0x08, 0xFF, 0xC3, 0x08, 0xFF, 0xC3, 0x00, 0xFF, 0xA2, 0x00, 0xFF,
    0x83, 0x11, 0xFF, 0x23, 0x12, 0xFF, 0x02, 0x12, 0xFF, 0x03, 0x1A, 0xFF, 0x22, 0x1A, 0xFF, 0x02, 0x1A, 0xFF,
    0x43, 0x1A, 0xFF, 0x43, 0x1A, 0xFF, 0x63, 0x1A, 0xFF, 0xA4, 0x22, 0xFF, 0xC5, 0x22, 0xFF, 0xA4, 0x1A, 0xFF,
    0x44, 0x1A, 0xFF, 0xA2, 0x09, 0xFF, 0x04, 0x1A, 0xFF, 0xE3, 0x19, 0xFF, 0xA3, 0x11, 0xFF, 0x43, 0x09, 0xFF,
    0xC2, 0x00, 0xFF, 0xA2, 0x00, 0xFF, 0xA2, 0x00, 0xFF, 0xA2, 0x00, 0xFF, 0xC2, 0x08, 0xFF, 0x03, 0x09, 0xFF,
    0x03, 0x09, 0xFC, 0x23, 0x09, 0xE9, 0x23, 0x09, 0xB1, 0x23, 0x09, 0x5B, 0x43, 0x11, 0x32, 0x23, 0x09, 0x11,
    0x03, 0x09, 0x03, 0x02, 0x09, 0x00, 0x02, 0x09, 0x00, 0x23, 0x09, 0x00, 0x63, 0x11, 0x00, 0x84, 0x11, 0x00,
    0x83, 0x11, 0x00, 0x83, 0x11, 0x00, 0x63, 0x11, 0x00, 0x63, 0x11, 0x00, 0x43, 0x09, 0x00, 0x43, 0x09, 0x00,
    0x63, 0x11, 0x00, 0xA4, 0x11, 0x00, 0xE4, 0x19, 0x00, 0xA4, 0x19, 0x00, 0xA2, 0x00, 0x00, 0x61, 0x00, 0x00,
    0xC2, 0x08, 0x00, 0xE3, 0x08, 0x00, 0x82, 0x00, 0x00, 0xA1, 0x00, 0x00, 0x03, 0x09, 0x00, 0x24, 0x11, 0x00,
    0xE2, 0x08, 0x00, 0xC2, 0x08, 0x00, 0xA2, 0x08, 0x00, 0x02, 0x09, 0x00, 0x22, 0x09, 0x00, 0x64, 0x11, 0x00,
    0xC2, 0x08, 0x00, 0x21, 0x00, 0x00, 0x21, 0x00, 0x00, 0x61, 0x00, 0x00, 0x61, 0x00, 0x00, 0x82, 0x00, 0x00,
    0x82, 0x00, 0x00, 0x82, 0x00, 0x00, 0x82, 0x00, 0x00, 0x82, 0x00, 0x00, 0x82, 0x00, 0x00, 0x82, 0x00, 0x00,
    0x82, 0x00, 0x00, 0x82, 0x00, 0x00, 0x82, 0x00, 0x00, 0x82, 0x00, 0x00, 0xA2, 0x08, 0x00, 0x82, 0x00, 0x00,
    0x61, 0x00, 0x00, 0x41, 0x00, 0x00, 0x41, 0x00, 0x00, 0x41, 0x00, 0x00, 0x41, 0x00, 0x00, 0x41, 0x00, 0x00,
    0x41, 0x00, 0x00, 0x41, 0x00, 0x00, 0x41, 0x00, 0x00, 0x41, 0x00, 0x00, 0x61, 0x00, 0x00, 0x61, 0x00, 0x00,
    0xA2, 0x08, 0x00, 0xA2, 0x08, 0x00, 0xA2, 0x08, 0x00, 0xA2, 0x08, 0x00, 0x81, 0x00, 0x00, 0x81, 0x00, 0x00,
    0x81, 0x00, 0x00, 0x82, 0x00, 0x00, 0xA2, 0x08, 0x00, 0xA2, 0x08, 0x00, 0x82, 0x00, 0x03, 0xA2, 0x00, 0x16,
    0xA2, 0x00, 0x4E, 0x82, 0x08, 0xA4, 0x62, 0x00, 0xCD, 0x61, 0x00, 0xEE, 0x61, 0x00, 0xFC, 0x82, 0x00, 0xFF,
    0x62, 0x00, 0xFF, 0x81, 0x00, 0xFF, 0xA2, 0x00, 0xFF, 0x23, 0x11, 0xFF, 0x63, 0x11, 0xFF, 0x63, 0x09, 0xFF,
    0x45, 0x1A, 0xFF, 0x47, 0x2B, 0xFF, 0xE5, 0x22, 0xFF, 0xA5, 0x1A, 0xFF, 0x85, 0x1A, 0xFF, 0x64, 0x1A, 0xFF,
    0x44, 0x1A, 0xFF, 0x44, 0x1A, 0xFF, 0x45, 0x1A, 0xFF, 0x45, 0x1A, 0xFF, 0x45, 0x22, 0xFF, 0x44, 0x1A, 0xFF,
    0x04, 0x1A, 0xFF, 0xC3, 0x11, 0xFF, 0x04, 0x22, 0xFF, 0x49, 0x6C, 0xFF, 0xE3, 0x2A, 0xFF, 0xC5, 0x42, 0xFF,
    0xC8, 0x73, 0xFF, 0x25, 0x3A, 0xFF, 0xA2, 0x08, 0xFF, 0x81, 0x08, 0xFF, 0x40, 0x00, 0xFF, 0x00, 0x00, 0xFF,
    0x00, 0x00, 0xFF, 0x00, 0x00, 0xFF, 0x00, 0x00, 0xFF, 0x00, 0x00, 0xFF, 0x00, 0x00, 0xFF, 0x00, 0x00, 0xFF,
    0x00, 0x00, 0xFF, 0x00, 0x00, 0xFF, 0x00, 0x00, 0xFF, 0x00, 0x00, 0xFF, 0x00, 0x00, 0xFF, 0x00, 0x00, 0xFF,
    0x00, 0x00, 0xFF, 0x00, 0x00, 0xFF, 0x00, 0x00, 0xFF, 0x00, 0x00, 0xFF, 0x00, 0x00, 0xFF, 0x00, 0x00, 0xFF,
    0x00, 0x00, 0xFF, 0x00, 0x00, 0xFF, 0x00, 0x00, 0xFF, 0x00, 0x00, 0xFF, 0x00, 0x00, 0xFF, 0x00, 0x00, 0xFF,
    0x00, 0x00, 0xFF, 0x00, 0x00, 0xFF, 0x00, 0x00, 0xFF, 0x00, 0x00, 0xFF, 0x00, 0x00, 0xFF, 0x00, 0x00, 0xFF,
    0x00, 0x00, 0xFF, 0x00, 0x00, 0xFF, 0x00, 0x00, 0xFF, 0x00, 0x00, 0xFF, 0x00, 0x00, 0xFF, 0x00, 0x00, 0xFF,
    0x21, 0x00, 0xFF, 0x61, 0x08, 0xFF, 0xA2, 0x08, 0xFF, 0xC3, 0x08, 0xFF, 0xE3, 0x08, 0xFF, 0xA3, 0x08, 0xFF,
    0xE2, 0x00, 0xFF, 0xE3, 0x19, 0xFF, 0x22, 0x1A, 0xFF, 0x23, 0x1A, 0xFF, 0x43, 0x22, 0xFF, 0x22, 0x1A, 0xFF,
    0x22, 0x1A, 0xFF, 0x43, 0x1A, 0xFF, 0x84, 0x22, 0xFF, 0xC4, 0x22, 0xFF, 0xC4, 0x22, 0xFF, 0xC4, 0x22, 0xFF,
    0x85, 0x22, 0xFF, 0xC1, 0x00, 0xFF, 0xA2, 0x08, 0xFF, 0xA2, 0x00, 0xFF, 0xA2, 0x00, 0xFF, 0x82, 0x00, 0xFF,
    0xA3, 0x08, 0xFF, 0xC2, 0x00, 0xFF, 0xA2, 0x00, 0xFF, 0xA2, 0x00, 0xFF, 0xA2, 0x00, 0xFF, 0x03, 0x09, 0xFF,
    0x24, 0x11, 0xFF, 0x44, 0x11, 0xFC, 0x64, 0x11, 0xEE, 0x23, 0x09, 0xCD, 0x03, 0x09, 0xA4, 0xE3, 0x08, 0x4E,
    0xE2, 0x08, 0x16, 0x23, 0x09, 0x03, 0x63, 0x11, 0x00, 0x43, 0x11, 0x00, 0x43, 0x11, 0x00, 0x43, 0x09, 0x00,
    0x23, 0x09, 0x00, 0x43, 0x09, 0x00, 0x43, 0x11, 0x00, 0x63, 0x11, 0x00, 0x43, 0x09, 0x00, 0x84, 0x11, 0x00,
    0xE5, 0x19, 0x00, 0x05, 0x1A, 0x00, 0xE4, 0x11, 0x00, 0xC5, 0x11, 0x00, 0x84, 0x11, 0x00, 0x44, 0x11, 0x00,
    0x64, 0x19, 0x00, 0x03, 0x11, 0x00, 0x83, 0x21, 0x00, 0x05, 0x32, 0x00, 0x03, 0x11, 0x00, 0x62, 0x00, 0x00,
    0x62, 0x00, 0x00, 0x41, 0x00, 0x00, 0x41, 0x00, 0x00, 0x23, 0x11, 0x00, 0xE4, 0x19, 0x00, 0xA3, 0x11, 0x00,
    0x43, 0x11, 0x00, 0x61, 0x00, 0x00, 0xE2, 0x10, 0x00, 0xC2, 0x08, 0x00, 0xA2, 0x08, 0x00, 0xC3, 0x08, 0x00,
    0x82, 0x00, 0x00, 0x82, 0x00, 0x00, 0x82, 0x00, 0x00, 0x82, 0x00, 0x00, 0x82, 0x00, 0x00, 0x82, 0x00, 0x00,
    0x82, 0x00, 0x00, 0xA2, 0x08, 0x00, 0x82, 0x00, 0x00, 0x82, 0x00, 0x00, 0xA2, 0x08, 0x00, 0xA2, 0x08, 0x00,
    0x62, 0x00, 0x00, 0x41, 0x00, 0x00, 0x41, 0x00, 0x00, 0x41, 0x00, 0x00, 0x41, 0x00, 0x00, 0x41, 0x00, 0x00,
    0x41, 0x00, 0x00, 0x41, 0x00, 0x00, 0x41, 0x00, 0x00, 0x41, 0x00, 0x00, 0x41, 0x00, 0x00, 0x41, 0x00, 0x00,
    0x41, 0x00, 0x00, 0x40, 0x00, 0x00, 0x81, 0x08, 0x00, 0xA2, 0x08, 0x00, 0x82, 0x08, 0x00, 0x82, 0x08, 0x00,
    0x82, 0x08, 0x00, 0x82, 0x08, 0x00, 0x82, 0x08, 0x02, 0xA2, 0x08, 0x07, 0xA2, 0x08, 0x17, 0xA2, 0x08, 0x50,
    0xA2, 0x08, 0xAF, 0x61, 0x00, 0xE8, 0x61, 0x00, 0xF8, 0x61, 0x00, 0xFD, 0x82, 0x00, 0xFF, 0x82, 0x00, 0xFF,
    0x61, 0x00, 0xFF, 0xA1, 0x00, 0xFF, 0x02, 0x09, 0xFF, 0x83, 0x11, 0xFF, 0x63, 0x11, 0xFF, 0x62, 0x09, 0xFF,
    0xE7, 0x2A, 0xFF, 0x87, 0x33, 0xFF, 0xE5, 0x22, 0xFF, 0xA5, 0x1A, 0xFF, 0x64, 0x1A, 0xFF, 0x44, 0x1A, 0xFF,
    0x24, 0x1A, 0xFF, 0x03, 0x1A, 0xFF, 0xE3, 0x11, 0xFF, 0xC3, 0x11, 0xFF, 0xC3, 0x11, 0xFF, 0xC3, 0x19, 0xFF,
    0xA3, 0x11, 0xFF, 0x83, 0x11, 0xFF, 0x62, 0x09, 0xFF, 0x24, 0x4B, 0xFF, 0xA3, 0x3A, 0xFF, 0xA3, 0x29, 0xFF,
    0x23, 0x21, 0xFF, 0x20, 0x00, 0xFF, 0x00, 0x00, 0xFF, 0x00, 0x00, 0xFF, 0x00, 0x00, 0xFF, 0x00, 0x00, 0xFF,
    0x00, 0x00, 0xFF, 0x00, 0x00, 0xFF, 0x00, 0x00, 0xFF, 0x00, 0x00, 0xFF, 0x00, 0x00, 0xFF, 0x00, 0x00, 0xFF,
    0x00, 0x00, 0xFF, 0x00, 0x00, 0xFF, 0x00, 0x00, 0xFF, 0x00, 0x00, 0xFF, 0x00, 0x00, 0xFF, 0x00, 0x00, 0xFF,
    0x00, 0x00, 0xFF, 0x00, 0x00, 0xFF, 0x00, 0x00, 0xFF, 0x00, 0x00, 0xFF, 0x00, 0x00, 0xFF, 0x00, 0x00, 0xFF,
    0x00, 0x00, 0xFF, 0x00, 0x00, 0xFF, 0x00, 0x00, 0xFF, 0x00, 0x00, 0xFF, 0x00, 0x00, 0xFF, 0x00, 0x00, 0xFF,
    0x00, 0x00, 0xFF, 0x00, 0x00, 0xFF, 0x00, 0x00, 0xFF, 0x00, 0x00, 0xFF, 0x00, 0x00, 0xFF, 0x00, 0x00, 0xFF,
    0x00, 0x00, 0xFF, 0x00, 0x00, 0xFF, 0x00, 0x00, 0xFF, 0x00, 0x00, 0xFF, 0x00, 0x00, 0xFF, 0x00, 0x00, 0xFF,
    0x00, 0x00, 0xFF, 0x00, 0x00, 0xFF, 0x00, 0x00, 0xFF, 0x21, 0x00, 0xFF, 0x81, 0x08, 0xFF, 0xA3, 0x10, 0xFF,
    0xA2, 0x08, 0xFF, 0x22, 0x11, 0xFF, 0x23, 0x22, 0xFF, 0x42, 0x22, 0xFF, 0x22, 0x1A, 0xFF, 0x42, 0x1A, 0xFF,
    0x22, 0x1A, 0xFF, 0x22, 0x12, 0xFF, 0x42, 0x1A, 0xFF, 0xA3, 0x22, 0xFF, 0xA4, 0x22, 0xFF, 0xE4, 0x22, 0xFF,
    0xA5, 0x22, 0xFF, 0xE2, 0x00, 0xFF, 0xA2, 0x08, 0xFF, 0xC3, 0x08, 0xFF, 0xC2, 0x08, 0xFF, 0xC2, 0x08, 0xFF,
    0xC2, 0x08, 0xFF, 0xC2, 0x08, 0xFF, 0xE3, 0x08, 0xFF, 0xE3, 0x08, 0xFF, 0xC2, 0x08, 0xFF, 0xC2, 0x08, 0xFF,
    0xA2, 0x00, 0xFF, 0xE2, 0x08, 0xFF, 0x03, 0x09, 0xFD, 0x23, 0x09, 0xF8, 0x43, 0x11, 0xE8, 0x63, 0x11, 0xAF,
    0x43, 0x09, 0x50, 0x22, 0x09, 0x17, 0x63, 0x11, 0x07, 0x43, 0x11, 0x02, 0x23, 0x09, 0x00, 0x23, 0x09, 0x00,
    0x43, 0x11, 0x00, 0x43, 0x11, 0x00, 0x64, 0x11, 0x00, 0x84, 0x11, 0x00, 0x63, 0x11, 0x00, 0x84, 0x11, 0x00,
    0xA4, 0x11, 0x00, 0x83, 0x11, 0x00, 0x84, 0x11, 0x00, 0x84, 0x11, 0x00, 0x84, 0x11, 0x00, 0xE5, 0x19, 0x00,
    0x87, 0x2A, 0x00, 0xC7, 0x3A, 0x00, 0x48, 0x4B, 0x00, 0x44, 0x3A, 0x00, 0x67, 0x5B, 0x00, 0x45, 0x3A, 0x00,
    0x61, 0x00, 0x00, 0x00, 0x00, 0x00, 0x41, 0x00, 0x00, 0x61, 0x00, 0x00, 0x66, 0x2A, 0x00, 0x24, 0x1A, 0x00,
    0x42, 0x09, 0x00, 0x42, 0x11, 0x00, 0x83, 0x19, 0x00, 0x63, 0x19, 0x00, 0xE3, 0x10, 0x00, 0xA2, 0x08, 0x00,
    0xA2, 0x00, 0x00, 0x82, 0x00, 0x00, 0xA2, 0x00, 0x00, 0xA2, 0x00, 0x00, 0x82, 0x00, 0x00, 0xA2, 0x00, 0x00,
    0x82, 0x00, 0x00, 0xA2, 0x08, 0x00, 0x82, 0x00, 0x00, 0xA2, 0x08, 0x00, 0xA2, 0x08, 0x00, 0xA2, 0x08, 0x00,
    0x82, 0x00, 0x00, 0x62, 0x00, 0x00, 0x41, 0x00, 0x00, 0x41, 0x00, 0x00, 0x41, 0x00, 0x00, 0x41, 0x00, 0x00,
    0x41, 0x00, 0x00, 0x41, 0x00, 0x00, 0x41, 0x00, 0x00, 0x41, 0x00, 0x00, 0x41, 0x00, 0x00, 0x41, 0x00, 0x00,
    0x41, 0x00, 0x00, 0x41, 0x00, 0x00, 0x82, 0x00, 0x00, 0xC2, 0x08, 0x00, 0xA2, 0x08, 0x00, 0xC2, 0x08, 0x00,
    0xC2, 0x08, 0x00, 0xA2, 0x08, 0x03, 0xA2, 0x08, 0x11, 0xA2, 0x08, 0x32, 0xC3, 0x08, 0x5B, 0x82, 0x00, 0xB1,
    0x61, 0x00, 0xE9, 0x61, 0x00, 0xFC, 0x82, 0x00, 0xFF, 0x82, 0x00, 0xFF, 0x61, 0x00, 0xFF, 0x61, 0x00, 0xFF,
    0x82, 0x00, 0xFF, 0x43, 0x09, 0xFF, 0x63, 0x11, 0xFF, 0xE5, 0x19, 0xFF, 0xA4, 0x11, 0xFF, 0x63, 0x09, 0xFF,
    0xC6, 0x22, 0xFF, 0x67, 0x33, 0xFF, 0xE4, 0x22, 0xFF, 0x84, 0x1A, 0xFF, 0x64, 0x1A, 0xFF, 0x44, 0x1A, 0xFF,
    0x03, 0x1A, 0xFF, 0xE3, 0x11, 0xFF, 0x82, 0x09, 0xFF, 0x62, 0x11, 0xFF, 0x83, 0x11, 0xFF, 0x82, 0x11, 0xFF,
    0x62, 0x11, 0xFF, 0x42, 0x11, 0xFF, 0xE2, 0x08, 0xFF, 0x81, 0x08, 0xFF, 0x20, 0x08, 0xFF, 0x00, 0x00, 0xFF,
    0x00, 0x00, 0xFF, 0x00, 0x00, 0xFF, 0x00, 0x00, 0xFF, 0x00, 0x00, 0xFF, 0x00, 0x00, 0xFF, 0x00, 0x00, 0xFF,
    0x20, 0x00, 0xFF, 0x00, 0x00, 0xFF, 0x00, 0x00, 0xFF, 0x00, 0x00, 0xFF, 0x00, 0x00, 0xFF, 0x00, 0x00, 0xFF,
    0x00, 0x00, 0xFF, 0x00, 0x08, 0xFF, 0x00, 0x18, 0xFF, 0x00, 0x20, 0xFF, 0x00, 0x28, 0xFF, 0x00, 0x30, 0xFF,
    0x20, 0x40, 0xFF, 0x21, 0x48, 0xFF, 0x20, 0x50, 0xFF, 0x20, 0x50, 0xFF, 0x20, 0x50, 0xFF, 0x20, 0x50, 0xFF,
    0x20, 0x50, 0xFF, 0x20, 0x58, 0xFF, 0x20, 0x50, 0xFF, 0x20, 0x40, 0xFF, 0x20, 0x30, 0xFF, 0x00, 0x30, 0xFF,
    0x00, 0x20, 0xFF, 0x00, 0x20, 0xFF, 0x00, 0x18, 0xFF, 0x00, 0x00, 0xFF, 0x00, 0x00, 0xFF, 0x00, 0x00, 0xFF,
    0x00, 0x00, 0xFF, 0x00, 0x00, 0xFF, 0x00, 0x00, 0xFF, 0x00, 0x00, 0xFF, 0x00, 0x00, 0xFF, 0x00, 0x00, 0xFF,
    0x00, 0x00, 0xFF, 0x00, 0x00, 0xFF, 0x00, 0x00, 0xFF, 0x00, 0x00, 0xFF, 0x00, 0x00, 0xFF, 0x00, 0x00, 0xFF,
    0x20, 0x00, 0xFF, 0x81, 0x00, 0xFF, 0x42, 0x11, 0xFF, 0x24, 0x22, 0xFF, 0x42, 0x1A, 0xFF, 0x22, 0x1A, 0xFF,
    0x22, 0x1A, 0xFF, 0x22, 0x1A, 0xFF, 0x43, 0x1A, 0xFF, 0x63, 0x1A, 0xFF, 0xA4, 0x22, 0xFF, 0x05, 0x23, 0xFF,
    0x44, 0x1A, 0xFF, 0xA1, 0x00, 0xFF, 0xC2, 0x08, 0xFF, 0xC2, 0x08, 0xFF, 0xC2, 0x08, 0xFF, 0xA2, 0x08, 0xFF,
    0xA2, 0x08, 0xFF, 0xC2, 0x00, 0xFF, 0xA2, 0x00, 0xFF, 0xA2, 0x08, 0xFF, 0xA2, 0x08, 0xFF, 0xC3, 0x08, 0xFF,
    0xE3, 0x08, 0xFF, 0xE2, 0x08, 0xFF, 0xE2, 0x08, 0xFF, 0x02, 0x09, 0xFF, 0x02, 0x09, 0xFC, 0x63, 0x11, 0xE9,
    0xC3, 0x11, 0xB1, 0xA3, 0x11, 0x5B, 0x62, 0x09, 0x32, 0x63, 0x11, 0x11, 0x43, 0x11, 0x03, 0x43, 0x11, 0x00,
    0x23, 0x09, 0x00, 0x22, 0x09, 0x00, 0x43, 0x09, 0x00, 0x43, 0x09, 0x00, 0x63, 0x09, 0x00, 0x63, 0x09, 0x00,
    0x63, 0x09, 0x00, 0x84, 0x11, 0x00, 0xC4, 0x19, 0x00, 0xC5, 0x19, 0x00, 0xE5, 0x19, 0x00, 0x05, 0x1A, 0x00,
    0x25, 0x1A, 0x00, 0xA6, 0x2A, 0x00, 0xE4, 0x21, 0x00, 0xE4, 0x29, 0x00, 0xE6, 0x63, 0x00, 0x65, 0x53, 0x00,
    0x03, 0x22, 0x00, 0x83, 0x19, 0x00, 0x61, 0x00, 0x00, 0xA1, 0x00, 0x00, 0xE3, 0x11, 0x00, 0x84, 0x22, 0x00,
    0xA2, 0x11, 0x00, 0x82, 0x11, 0x00, 0x83, 0x11, 0x00, 0x42, 0x19, 0x00, 0x43, 0x21, 0x00, 0x61, 0x00, 0x00,
    0xA2, 0x00, 0x00, 0x82, 0x00, 0x00, 0xA2, 0x00, 0x00, 0x82, 0x00, 0x00, 0xA2, 0x00, 0x00, 0xA2, 0x00, 0x00,
    0xA2, 0x00, 0x00, 0xA2, 0x08, 0x00, 0x82, 0x00, 0x00, 0xA2, 0x08, 0x00, 0xA2, 0x00, 0x00, 0xA2, 0x08, 0x00,
    0x82, 0x08, 0x00, 0x82, 0x00, 0x00, 0x41, 0x00, 0x00, 0x41, 0x00, 0x00, 0x41, 0x00, 0x00, 0x41, 0x00, 0x00,
    0x41, 0x00, 0x00, 0x41, 0x00, 0x00, 0x41, 0x00, 0x00, 0x41, 0x00, 0x00, 0x41, 0x00, 0x00, 0x41, 0x00, 0x00,
    0x41, 0x00, 0x00, 0x41, 0x00, 0x00, 0x61, 0x00, 0x00, 0xE3, 0x08, 0x00, 0xC2, 0x08, 0x00, 0xC2, 0x00, 0x00,
    0xE3, 0x08, 0x03, 0xE3, 0x08, 0x16, 0xC2, 0x08, 0x4E, 0xC2, 0x08, 0xA4, 0xA2, 0x08, 0xCD, 0x82, 0x00, 0xEE,
    0x82, 0x00, 0xFC, 0x82, 0x00, 0xFF, 0x82, 0x00, 0xFF, 0x81, 0x00, 0xFF, 0x82, 0x00, 0xFF, 0x61, 0x00, 0xFF,
    0x02, 0x09, 0xFF, 0x63, 0x11, 0xFF, 0xE5, 0x19, 0xFF, 0xC4, 0x19, 0xFF, 0x83, 0x11, 0xFF, 0x84, 0x11, 0xFF,
    0x85, 0x1A, 0xFF, 0x66, 0x33, 0xFF, 0xE4, 0x1A, 0xFF, 0x63, 0x1A, 0xFF, 0x43, 0x1A, 0xFF, 0xE3, 0x11, 0xFF,
    0xA2, 0x11, 0xFF, 0x82, 0x11, 0xFF, 0xA2, 0x11, 0xFF, 0xC3, 0x11, 0xFF, 0xA3, 0x11, 0xFF, 0x42, 0x11, 0xFF,
    0xC1, 0x08, 0xFF, 0x40, 0x00, 0xFF, 0x00, 0x00, 0xFF, 0x00, 0x00, 0xFF, 0x00, 0x00, 0xFF, 0x00, 0x00, 0xFF,
    0x00, 0x00, 0xFF, 0x00, 0x08, 0xFF, 0x00, 0x00, 0xFF, 0x00, 0x00, 0xFF, 0x00, 0x00, 0xFF, 0x00, 0x00, 0xFF,
    0x00, 0x00, 0xFF, 0x00, 0x00, 0xFF, 0x00, 0x18, 0xFF, 0x00, 0x28, 0xFF, 0x20, 0x40, 0xFF, 0x40, 0x50, 0xFF,
    0x20, 0x68, 0xFF, 0x21, 0x78, 0xFF, 0x21, 0x88, 0xFF, 0x21, 0x98, 0xFF, 0x20, 0x98, 0xFF, 0x20, 0x98, 0xFF,
    0x20, 0xA0, 0xFF, 0x20, 0xA8, 0xFF, 0x20, 0xA0, 0xFF, 0x20, 0xA0, 0xFF, 0x00, 0xA8, 0xFF, 0x00, 0xA8, 0xFF,
    0x00, 0xA8, 0xFF, 0x20, 0xA0, 0xFF, 0x20, 0xA0, 0xFF, 0x20, 0xA8, 0xFF, 0x20, 0xA8, 0xFF, 0x41, 0x98, 0xFF,
    0x41, 0x78, 0xFF, 0x40, 0x58, 0xFF, 0x41, 0x28, 0xFF, 0x20, 0x08, 0xFF, 0x00, 0x00, 0xFF, 0x00, 0x08, 0xFF,
    0x21, 0x20, 0xFF, 0x00, 0x18, 0xFF, 0x20, 0x08, 0xFF, 0x00, 0x00, 0xFF, 0x00, 0x00, 0xFF, 0x00, 0x00, 0xFF,
    0x00, 0x00, 0xFF, 0x00, 0x00, 0xFF, 0x00, 0x00, 0xFF, 0x00, 0x00, 0xFF, 0x00, 0x00, 0xFF, 0x00, 0x00, 0xFF,
    0x00, 0x00, 0xFF, 0x00, 0x00, 0xFF, 0x00, 0x00, 0xFF, 0xA1, 0x08, 0xFF, 0x62, 0x19, 0xFF, 0x03, 0x22, 0xFF,
    0x43, 0x22, 0xFF, 0x22, 0x1A, 0xFF, 0x42, 0x1A, 0xFF, 0x83, 0x22, 0xFF, 0xA4, 0x22, 0xFF, 0x05, 0x33, 0xFF,
    0x62, 0x09, 0xFF, 0x82, 0x00, 0xFF, 0xA2, 0x08, 0xFF, 0xC2, 0x08, 0xFF, 0xC2, 0x08, 0xFF, 0xA2, 0x08, 0xFF,
    0xC2, 0x08, 0xFF, 0xC2, 0x08, 0xFF, 0xA2, 0x08, 0xFF, 0xA3, 0x08, 0xFF, 0x82, 0x00, 0xFF, 0xC2, 0x08, 0xFF,
    0x23, 0x11, 0xFF, 0x03, 0x09, 0xFF, 0xE2, 0x08, 0xFF, 0x02, 0x09, 0xFF, 0x02, 0x09, 0xFF, 0xA3, 0x19, 0xFC,
    0xE3, 0x19, 0xEE, 0xC3, 0x19, 0xCD, 0x03, 0x1A, 0xA4, 0x03, 0x1A, 0x4E, 0x62, 0x09, 0x16, 0x43, 0x09, 0x03,
    0x63, 0x09, 0x00, 0x63, 0x11, 0x00, 0x84, 0x11, 0x00, 0x84, 0x11, 0x00, 0xA4, 0x11, 0x00, 0xA4, 0x11, 0x00,
    0xA4, 0x11, 0x00, 0x84, 0x11, 0x00, 0xA4, 0x11, 0x00, 0xC4, 0x11, 0x00, 0xA4, 0x11, 0x00, 0x83, 0x11, 0x00,
    0x63, 0x09, 0x00, 0x62, 0x09, 0x00, 0x42, 0x09, 0x00, 0xA3, 0x19, 0x00, 0xC4, 0x3A, 0x00, 0xE7, 0x5B, 0x00,
    0x03, 0x33, 0x00, 0xC4, 0x2A, 0x00, 0x03, 0x1A, 0x00, 0x23, 0x1A, 0x00, 0xE4, 0x22, 0x00, 0x45, 0x2B, 0x00,
    0x62, 0x1A, 0x00, 0x02, 0x1A, 0x00, 0x23, 0x22, 0x00, 0xE3, 0x29, 0x00, 0x42, 0x19, 0x00, 0xA3, 0x19, 0x00,
    0xA2, 0x00, 0x00, 0xA2, 0x00, 0x00, 0xA2, 0x08, 0x00, 0x81, 0x00, 0x00, 0xA2, 0x08, 0x00, 0x82, 0x00, 0x00,
    0xA2, 0x00, 0x00, 0xA2, 0x00, 0x00, 0xA2, 0x08, 0x00, 0xA2, 0x08, 0x00, 0x82, 0x00, 0x00, 0xA2, 0x08, 0x00,
    0x82, 0x00, 0x00, 0x82, 0x00, 0x00, 0x62, 0x00, 0x00, 0x41, 0x00, 0x00, 0x41, 0x00, 0x00, 0x41, 0x00, 0x00,
    0x41, 0x00, 0x00, 0x41, 0x00, 0x00, 0x41, 0x00, 0x00, 0x41, 0x00, 0x00, 0x41, 0x00, 0x00, 0x41, 0x00, 0x00,
    0x41, 0x00, 0x00, 0x41, 0x00, 0x00, 0x61, 0x00, 0x00, 0xC2, 0x08, 0x00, 0xE3, 0x08, 0x00, 0x03, 0x09, 0x03,
    0x24, 0x09, 0x16, 0x03, 0x09, 0x50, 0xC2, 0x00, 0xAF, 0x82, 0x00, 0xE8, 0x81, 0x00, 0xF8, 0xA2, 0x08, 0xFD,
    0xA2, 0x08, 0xFF, 0x82, 0x00, 0xFF, 0x82, 0x00, 0xFF, 0xA1, 0x00, 0xFF, 0x82, 0x00, 0xFF, 0x02, 0x09, 0xFF,
    0x83, 0x11, 0xFF, 0x62, 0x09, 0xFF, 0xA3, 0x11, 0xFF, 0xC4, 0x11, 0xFF, 0xA4, 0x11, 0xFF, 0xC4, 0x19, 0xFF,
    0x04, 0x12, 0xFF, 0x67, 0x3B, 0xFF, 0xE5, 0x2A, 0xFF, 0x23, 0x1A, 0xFF, 0xE2, 0x11, 0xFF, 0xC2, 0x11, 0xFF,
    0xC2, 0x11, 0xFF, 0xE3, 0x11, 0xFF, 0xA3, 0x19, 0xFF, 0x42, 0x11, 0xFF, 0x81, 0x08, 0xFF, 0x20, 0x00, 0xFF,
    0x00, 0x00, 0xFF, 0x00, 0x00, 0xFF, 0x00, 0x00, 0xFF, 0x00, 0x00, 0xFF, 0x00, 0x00, 0xFF, 0x00, 0x00, 0xFF,
    0x00, 0x00, 0xFF, 0x00, 0x00, 0xFF, 0x00, 0x00, 0xFF, 0x00, 0x00, 0xFF, 0x00, 0x18, 0xFF, 0x20, 0x28, 0xFF,
    0x20, 0x48, 0xFF, 0x40, 0x68, 0xFF, 0x41, 0x88, 0xFF, 0x21, 0x98, 0xFF, 0x20, 0xA0, 0xFF, 0x00, 0xA8, 0xFF,
    0x00, 0xA0, 0xFF, 0x00, 0xA0, 0xFF, 0x00, 0xA0, 0xFF, 0x00, 0xA0, 0xFF, 0x00, 0xA0, 0xFF, 0x00, 0xA0, 0xFF,
    0x00, 0xA0, 0xFF, 0x00, 0xA0, 0xFF, 0x00, 0xA0, 0xFF, 0x00, 0xA0, 0xFF, 0x00, 0xA0, 0xFF, 0x00, 0xA0, 0xFF,
    0x20, 0x98, 0xFF, 0x00, 0xA0, 0xFF, 0x00, 0x98, 0xFF, 0x20, 0x80, 0xFF, 0x21, 0x50, 0xFF, 0x00, 0x30, 0xFF,
    0x00, 0x10, 0xFF, 0x00, 0x00, 0xFF, 0x00, 0x00, 0xFF, 0x00, 0x00, 0xFF, 0x00, 0x00, 0xFF, 0x20, 0x40, 0xFF,
    0x21, 0x98, 0xFF, 0x01, 0x90, 0xFF, 0x21, 0x78, 0xFF, 0x20, 0x60, 0xFF, 0x00, 0x40, 0xFF, 0x00, 0x20, 0xFF,
    0x00, 0x08, 0xFF, 0x00, 0x00, 0xFF, 0x00, 0x00, 0xFF, 0x00, 0x00, 0xFF, 0x00, 0x00, 0xFF, 0x00, 0x00, 0xFF,
    0x00, 0x00, 0xFF, 0x00, 0x00, 0xFF, 0x00, 0x00, 0xFF, 0x00, 0x00, 0xFF, 0x00, 0x00, 0xFF, 0x60, 0x00, 0xFF,
    0x42, 0x11, 0xFF, 0x03, 0x1A, 0xFF, 0x63, 0x1A, 0xFF, 0x83, 0x1A, 0xFF, 0xC4, 0x22, 0xFF, 0xE3, 0x19, 0xFF,
    0xA1, 0x00, 0xFF, 0xA2, 0x08, 0xFF, 0xA2, 0x08, 0xFF, 0xC2, 0x08, 0xFF, 0xC2, 0x08, 0xFF, 0xC2, 0x08, 0xFF,
    0xE2, 0x08, 0xFF, 0xE2, 0x08, 0xFF, 0xC2, 0x08, 0xFF, 0xA2, 0x00, 0xFF, 0xA2, 0x00, 0xFF, 0xA1, 0x00, 0xFF,
    0x03, 0x11, 0xFF, 0x44, 0x11, 0xFF, 0xE3, 0x08, 0xFF, 0xE3, 0x08, 0xFF, 0x02, 0x09, 0xFF, 0xC3, 0x19, 0xFF,
    0xE3, 0x19, 0xFD, 0x03, 0x1A, 0xF8, 0xE2, 0x11, 0xE8, 0x43, 0x1A, 0xAF, 0x83, 0x22, 0x50, 0xC3, 0x11, 0x16,
    0xE5, 0x19, 0x03, 0xA4, 0x11, 0x00, 0x84, 0x11, 0x00, 0x83, 0x11, 0x00, 0x63, 0x09, 0x00, 0x83, 0x09, 0x00,
    0x63, 0x09, 0x00, 0x42, 0x09, 0x00, 0x83, 0x11, 0x00, 0xA4, 0x11, 0x00, 0xE5, 0x19, 0x00, 0x46, 0x1A, 0x00,
    0x46, 0x1A, 0x00, 0x45, 0x1A, 0x00, 0x25, 0x1A, 0x00, 0x84, 0x09, 0x00, 0xA2, 0x09, 0x00, 0xE7, 0x53, 0x00,
    0x03, 0x33, 0x00, 0xC4, 0x2A, 0x00, 0x84, 0x22, 0x00, 0x22, 0x1A, 0x00, 0x42, 0x12, 0x00, 0x63, 0x1A, 0x00,
    0xC5, 0x2A, 0x00, 0xA4, 0x22, 0x00, 0xA3, 0x2A, 0x00, 0xC3, 0x21, 0x00, 0x22, 0x09, 0x00, 0x83, 0x11, 0x00,
    0xA2, 0x00, 0x00, 0xA2, 0x00, 0x00, 0xA2, 0x08, 0x00, 0xA2, 0x00, 0x00, 0xA2, 0x00, 0x00, 0x82, 0x00, 0x00,
    0xA2, 0x08, 0x00, 0x82, 0x00, 0x00, 0xA2, 0x08, 0x00, 0xA2, 0x08, 0x00, 0xA2, 0x08, 0x00, 0xA2, 0x08, 0x00,
    0x82, 0x00, 0x00, 0xA2, 0x08, 0x00, 0x82, 0x00, 0x00, 0x41, 0x00, 0x00, 0x41, 0x00, 0x00, 0x41, 0x00, 0x00,
    0x41, 0x00, 0x00, 0x41, 0x00, 0x00, 0x41, 0x00, 0x00, 0x41, 0x00, 0x00, 0x41, 0x00, 0x00, 0x41, 0x00, 0x00,
    0x41, 0x00, 0x00, 0x61, 0x00, 0x00, 0x82, 0x00, 0x00, 0xE3, 0x08, 0x00, 0x64, 0x11, 0x03, 0x64, 0x09, 0x16,
    0x03, 0x09, 0x50, 0xC2, 0x08, 0xAF, 0xA2, 0x00, 0xE9, 0x82, 0x00, 0xFC, 0x82, 0x08, 0xFF, 0x82, 0x08, 0xFF,
    0xA2, 0x08, 0xFF, 0xA2, 0x08, 0xFF, 0x82, 0x00, 0xFF, 0x82, 0x00, 0xFF, 0x02, 0x09, 0xFF, 0xC3, 0x19, 0xFF,
    0x82, 0x11, 0xFF, 0xC4, 0x11, 0xFF, 0xE4, 0x19, 0xFF, 0xC4, 0x11, 0xFF, 0x04, 0x1A, 0xFF, 0x46, 0x1A, 0xFF,
    0xC3, 0x11, 0xFF, 0x24, 0x1A, 0xFF, 0xC5, 0x2A, 0xFF, 0xC2, 0x09, 0xFF, 0x64, 0x22, 0xFF, 0x84, 0x22, 0xFF,
    0xE2, 0x11, 0xFF, 0x83, 0x11, 0xFF, 0xA1, 0x08, 0xFF, 0x00, 0x00, 0xFF, 0x00, 0x00, 0xFF, 0x00, 0x00, 0xFF,
    0x00, 0x00, 0xFF, 0x00, 0x00, 0xFF, 0x00, 0x00, 0xFF, 0x00, 0x00, 0xFF, 0x00, 0x00, 0xFF, 0x00, 0x00, 0xFF,
    0x00, 0x08, 0xFF, 0x00, 0x20, 0xFF, 0x00, 0x48, 0xFF, 0x20, 0x68, 0xFF, 0x40, 0x80, 0xFF, 0x20, 0x98, 0xFF,
    0x00, 0xA8, 0xFF, 0x00, 0xA8, 0xFF, 0x00, 0xA0, 0xFF, 0x00, 0xA0, 0xFF, 0x00, 0xA0, 0xFF, 0x00, 0xA0, 0xFF,
    0x00, 0xA0, 0xFF, 0x00, 0xA0, 0xFF, 0x00, 0xA0, 0xFF, 0x00, 0xA0, 0xFF, 0x00, 0xA0, 0xFF, 0x00, 0xA0, 0xFF,
    0x00, 0xA0, 0xFF, 0x00, 0xA0, 0xFF, 0x00, 0xA0, 0xFF, 0x00, 0xA0, 0xFF, 0x00, 0xA0, 0xFF, 0x00, 0xA8, 0xFF,
    0x01, 0xA0, 0xFF, 0x21, 0x70, 0xFF, 0x20, 0x38, 0xFF, 0x00, 0x10, 0xFF, 0x00, 0x00, 0xFF, 0x00, 0x00, 0xFF,
    0x00, 0x00, 0xFF, 0x00, 0x00, 0xFF, 0x00, 0x00, 0xFF, 0x00, 0x00, 0xFF, 0x00, 0x20, 0xFF, 0x21, 0x88, 0xFF,
    0x00, 0xA8, 0xFF, 0x00, 0xA0, 0xFF, 0x20, 0xA0, 0xFF, 0x20, 0xA0, 0xFF, 0x20, 0xA0, 0xFF, 0x21, 0x90, 0xFF,
    0x21, 0x78, 0xFF, 0x20, 0x50, 0xFF, 0x00, 0x28, 0xFF, 0x00, 0x10, 0xFF, 0x00, 0x00, 0xFF, 0x00, 0x00, 0xFF,
    0x00, 0x00, 0xFF, 0x00, 0x00, 0xFF, 0x00, 0x00, 0xFF, 0x00, 0x00, 0xFF, 0x00, 0x00, 0xFF, 0x00, 0x00, 0xFF,
    0x00, 0x00, 0xFF, 0x40, 0x08, 0xFF, 0x42, 0x11, 0xFF, 0xA5, 0x2A, 0xFF, 0x65, 0x22, 0xFF, 0xC1, 0x00, 0xFF,
    0xA2, 0x00, 0xFF, 0xC3, 0x00, 0xFF, 0xC2, 0x08, 0xFF, 0xE2, 0x08, 0xFF, 0xE2, 0x08, 0xFF, 0xE2, 0x08, 0xFF,
    0xE2, 0x08, 0xFF, 0xE2, 0x08, 0xFF, 0xE2, 0x08, 0xFF, 0xC2, 0x08, 0xFF, 0x82, 0x08, 0xFF, 0x82, 0x00, 0xFF,
    0xA2, 0x00, 0xFF, 0x44, 0x11, 0xFF, 0x64, 0x11, 0xFF, 0x02, 0x09, 0xFF, 0xA2, 0x11, 0xFF, 0x43, 0x1A, 0xFF,
    0x22, 0x1A, 0xFF, 0x42, 0x1A, 0xFF, 0x02, 0x1A, 0xFC, 0x22, 0x1A, 0xE9, 0xE4, 0x2A, 0xAF, 0x84, 0x22, 0x50,
    0xE4, 0x11, 0x16, 0xA3, 0x11, 0x03, 0xE4, 0x19, 0x00, 0x05, 0x1A, 0x00, 0xC4, 0x11, 0x00, 0xA4, 0x11, 0x00,
    0xA3, 0x11, 0x00, 0xA4, 0x11, 0x00, 0xC5, 0x19, 0x00, 0xC4, 0x19, 0x00, 0xE5, 0x19, 0x00, 0x05, 0x1A, 0x00,
    0x05, 0x1A, 0x00, 0xE4, 0x19, 0x00, 0xC3, 0x11, 0x00, 0xA3, 0x11, 0x00, 0x44, 0x1A, 0x00, 0x05, 0x33, 0x00,
    0x63, 0x22, 0x00, 0x43, 0x1A, 0x00, 0x83, 0x22, 0x00, 0x63, 0x22, 0x00, 0xE2, 0x11, 0x00, 0xC2, 0x11, 0x00,
    0xE2, 0x11, 0x00, 0xA4, 0x22, 0x00, 0x66, 0x43, 0x00, 0x85, 0x32, 0x00, 0x02, 0x09, 0x00, 0xE2, 0x08, 0x00,
    0xC3, 0x08, 0x00, 0xC2, 0x08, 0x00, 0xA2, 0x00, 0x00, 0xA2, 0x00, 0x00, 0xA2, 0x08, 0x00, 0xA2, 0x00, 0x00,
    0xC3, 0x08, 0x00, 0x82, 0x00, 0x00, 0xC3, 0x08, 0x00, 0xA2, 0x00, 0x00, 0xC3, 0x08, 0x00, 0xA2, 0x08, 0x00,
    0xA2, 0x08, 0x00, 0xA2, 0x08, 0x00, 0x82, 0x00, 0x00, 0x61, 0x00, 0x00, 0x41, 0x00, 0x00, 0x41, 0x00, 0x00,
    0x41, 0x00, 0x00, 0x41, 0x00, 0x00, 0x41, 0x00, 0x00, 0x41, 0x00, 0x00, 0x41, 0x00, 0x00, 0x41, 0x00, 0x00,
    0x61, 0x00, 0x00, 0x82, 0x08, 0x00, 0x82, 0x08, 0x00, 0x24, 0x09, 0x03, 0xA5, 0x19, 0x16, 0xE3, 0x00, 0x50,
    0x82, 0x00, 0xAF, 0xA2, 0x08, 0xE9, 0xA2, 0x08, 0xFC, 0xA2, 0x08, 0xFF, 0xA2, 0x08, 0xFF, 0xC2, 0x08, 0xFF,
    0xC3, 0x08, 0xFF, 0xA2, 0x08, 0xFF, 0x82, 0x00, 0xFF, 0xE2, 0x08, 0xFF, 0x03, 0x1A, 0xFF, 0x02, 0x1A, 0xFF,
    0x62, 0x11, 0xFF, 0xE4, 0x19, 0xFF, 0x45, 0x22, 0xFF, 0x25, 0x1A, 0xFF, 0x66, 0x22, 0xFF, 0x45, 0x1A, 0xFF,
    0xC4, 0x11, 0xFF, 0xA2, 0x11, 0xFF, 0x83, 0x22, 0xFF, 0x84, 0x1A, 0xFF, 0x24, 0x1A, 0xFF, 0xE4, 0x21, 0xFF,
    0xA1, 0x08, 0xFF, 0x00, 0x00, 0xFF, 0x00, 0x00, 0xFF, 0x00, 0x00, 0xFF, 0x00, 0x00, 0xFF, 0x00, 0x00, 0xFF,
    0x00, 0x00, 0xFF, 0x00, 0x00, 0xFF, 0x00, 0x00, 0xFF, 0x00, 0x00, 0xFF, 0x00, 0x10, 0xFF, 0x20, 0x40, 0xFF,
    0x20, 0x68, 0xFF, 0x20, 0x88, 0xFF, 0x20, 0x98, 0xFF, 0x00, 0xA8, 0xFF, 0x00, 0xA0, 0xFF, 0x00, 0xA0, 0xFF,
    0x00, 0xA0, 0xFF, 0x00, 0x98, 0xFF, 0x00, 0xA0, 0xFF, 0x00, 0xA0, 0xFF, 0x00, 0xA0, 0xFF, 0x00, 0xA0, 0xFF,
    0x00, 0xA0, 0xFF, 0x00, 0xA0, 0xFF, 0x00, 0xA0, 0xFF, 0x00, 0xA0, 0xFF, 0x00, 0xA0, 0xFF, 0x00, 0xA8, 0xFF,
    0x00, 0xA0, 0xFF, 0x00, 0xA8, 0xFF, 0x00, 0xA0, 0xFF, 0x00, 0xA8, 0xFF, 0x20, 0xA0, 0xFF, 0x21, 0x70, 0xFF,
    0x00, 0x30, 0xFF, 0x00, 0x08, 0xFF, 0x00, 0x00, 0xFF, 0x00, 0x00, 0xFF, 0x00, 0x00, 0xFF, 0x00, 0x00, 0xFF,
    0x00, 0x00, 0xFF, 0x00, 0x00, 0xFF, 0x00, 0x00, 0xFF, 0x00, 0x08, 0xFF, 0x20, 0x68, 0xFF, 0x00, 0xA8, 0xFF,
    0x00, 0xA0, 0xFF, 0x00, 0xA0, 0xFF, 0x00, 0xA0, 0xFF, 0x00, 0xA0, 0xFF, 0x00, 0x98, 0xFF, 0x00, 0xA0, 0xFF,
    0x00, 0xA0, 0xFF, 0x20, 0xA0, 0xFF, 0x20, 0x98, 0xFF, 0x20, 0x80, 0xFF, 0x20, 0x50, 0xFF, 0x00, 0x28, 0xFF,
    0x00, 0x08, 0xFF, 0x00, 0x00, 0xFF, 0x00, 0x00, 0xFF, 0x00, 0x00, 0xFF, 0x00, 0x00, 0xFF, 0x00, 0x00, 0xFF,
    0x00, 0x00, 0xFF, 0x00, 0x00, 0xFF, 0x00, 0x00, 0xFF, 0x81, 0x08, 0xFF, 0xE2, 0x10, 0xFF, 0xC2, 0x08, 0xFF,
    0xC2, 0x08, 0xFF, 0xC2, 0x08, 0xFF, 0xC2, 0x08, 0xFF, 0xE2, 0x08, 0xFF, 0xE2, 0x08, 0xFF, 0xE2, 0x08, 0xFF,
    0x03, 0x09, 0xFF, 0x03, 0x09, 0xFF, 0x03, 0x09, 0xFF, 0x03, 0x11, 0xFF, 0x81, 0x08, 0xFF, 0xA2, 0x00, 0xFF,
    0x82, 0x00, 0xFF, 0xC2, 0x00, 0xFF, 0x43, 0x11, 0xFF, 0x04, 0x1A, 0xFF, 0xA3, 0x22, 0xFF, 0x62, 0x1A, 0xFF,
    0xA3, 0x1A, 0xFF, 0x62, 0x12, 0xFF, 0x83, 0x22, 0xFF, 0x22, 0x12, 0xFC, 0x63, 0x1A, 0xE9, 0x25, 0x2B, 0xAF,
    0xA4, 0x22, 0x50, 0xC3, 0x11, 0x16, 0x83, 0x11, 0x03, 0x05, 0x1A, 0x00, 0x66, 0x22, 0x00, 0x25, 0x1A, 0x00,
    0xC4, 0x19, 0x00, 0x83, 0x11, 0x00, 0x63, 0x11, 0x00, 0x63, 0x11, 0x00, 0x63, 0x11, 0x00, 0x83, 0x11, 0x00,
    0x63, 0x11, 0x00, 0x63, 0x11, 0x00, 0x63, 0x11, 0x00, 0x83, 0x11, 0x00, 0x03, 0x1A, 0x00, 0x64, 0x1A, 0x00,
    0xA5, 0x22, 0x00, 0x43, 0x1A, 0x00, 0x22, 0x12, 0x00, 0xA4, 0x22, 0x00, 0xA4, 0x2A, 0x00, 0x63, 0x22, 0x00,
    0x22, 0x12, 0x00, 0x62, 0x22, 0x00, 0xE7, 0x53, 0x00, 0x46, 0x43, 0x00, 0x61, 0x11, 0x00, 0x02, 0x09, 0x00,
    0xA2, 0x00, 0x00, 0xC2, 0x08, 0x00, 0xC2, 0x08, 0x00, 0xC2, 0x08, 0x00, 0xA2, 0x08, 0x00, 0xC2, 0x08, 0x00,
    0xC2, 0x08, 0x00, 0xA2, 0x00, 0x00, 0xC3, 0x08, 0x00, 0xA2, 0x00, 0x00, 0xE3, 0x08, 0x00, 0xA2, 0x00, 0x00,
    0xA2, 0x08, 0x00, 0xA2, 0x08, 0x00, 0xA2, 0x08, 0x00, 0x82, 0x08, 0x00, 0x41, 0x00, 0x00, 0x41, 0x00, 0x00,
    0x41, 0x00, 0x00, 0x41, 0x00, 0x00, 0x41, 0x00, 0x00, 0x41, 0x00, 0x00, 0x41, 0x00, 0x00, 0x41, 0x00, 0x00,
    0xA2, 0x08, 0x00, 0xA3, 0x08, 0x00, 0xA2, 0x00, 0x03, 0xE3, 0x08, 0x16, 0xE3, 0x08, 0x50, 0xC2, 0x00, 0xAF,
    0xC3, 0x08, 0xE9, 0xC2, 0x08, 0xFC, 0xC2, 0x00, 0xFF, 0xE3, 0x08, 0xFF, 0x03, 0x09, 0xFF, 0xE3, 0x08, 0xFF,
    0xA2, 0x08, 0xFF, 0xA2, 0x00, 0xFF, 0xC2, 0x00, 0xFF, 0xE4, 0x19, 0xFF, 0x43, 0x1A, 0xFF, 0xC2, 0x11, 0xFF,
    0x62, 0x11, 0xFF, 0xC3, 0x11, 0xFF, 0x66, 0x1A, 0xFF, 0x86, 0x1A, 0xFF, 0x66, 0x1A, 0xFF, 0x45, 0x1A, 0xFF,
    0x83, 0x09, 0xFF, 0x65, 0x22, 0xFF, 0xC9, 0x4B, 0xFF, 0x45, 0x2A, 0xFF, 0x80, 0x00, 0xFF, 0x40, 0x00, 0xFF,
    0x00, 0x00, 0xFF, 0x00, 0x00, 0xFF, 0x00, 0x00, 0xFF, 0x00, 0x00, 0xFF, 0x00, 0x00, 0xFF, 0x00, 0x00, 0xFF,
    0x00, 0x00, 0xFF, 0x00, 0x00, 0xFF, 0x20, 0x20, 0xFF, 0x20, 0x50, 0xFF, 0x01, 0x88, 0xFF, 0x20, 0xA0, 0xFF,
    0x20, 0xA0, 0xFF, 0x00, 0xA0, 0xFF, 0x00, 0xA0, 0xFF, 0x00, 0xA0, 0xFF, 0x00, 0xA0, 0xFF, 0x00, 0xA0, 0xFF,
    0x00, 0xA0, 0xFF, 0x00, 0xA0, 0xFF, 0x00, 0xA0, 0xFF, 0x00, 0xA0, 0xFF, 0x00, 0xA0, 0xFF, 0x00, 0xA0, 0xFF,
    0x00, 0xA0, 0xFF, 0x00, 0xA0, 0xFF, 0x00, 0xA0, 0xFF, 0x00, 0xA0, 0xFF, 0x00, 0xA8, 0xFF, 0x00, 0xA0, 0xFF,
    0x20, 0xA0, 0xFF, 0x00, 0xA0, 0xFF, 0x00, 0xB0, 0xFF, 0x21, 0x88, 0xFF, 0x00, 0x48, 0xFF, 0x00, 0x08, 0xFF,
    0x00, 0x00, 0xFF, 0x00, 0x00, 0xFF, 0x00, 0x00, 0xFF, 0x00, 0x00, 0xFF, 0x00, 0x00, 0xFF, 0x00, 0x00, 0xFF,
    0x00, 0x00, 0xFF, 0x00, 0x00, 0xFF, 0x00, 0x00, 0xFF, 0x20, 0x48, 0xFF, 0x20, 0xA0, 0xFF, 0x00, 0xA8, 0xFF,
    0x00, 0xA0, 0xFF, 0x00, 0xA0, 0xFF, 0x00, 0xA0, 0xFF, 0x00, 0xA0, 0xFF, 0x00, 0xA0, 0xFF, 0x00, 0xA0, 0xFF,
    0x00, 0xA0, 0xFF, 0x00, 0x98, 0xFF, 0x00, 0xA0, 0xFF, 0x00, 0xA8, 0xFF, 0x21, 0xA0, 0xFF, 0x41, 0x90, 0xFF,
    0x20, 0x70, 0xFF, 0x20, 0x38, 0xFF, 0x00, 0x10, 0xFF, 0x00, 0x00, 0xFF, 0x00, 0x00, 0xFF, 0x00, 0x08, 0xFF,
    0x00, 0x00, 0xFF, 0x00, 0x00, 0xFF, 0x00, 0x00, 0xFF, 0x00, 0x00, 0xFF, 0x00, 0x00, 0xFF, 0x41, 0x00, 0xFF,
    0xA2, 0x08, 0xFF, 0xE3, 0x10, 0xFF, 0xC2, 0x08, 0xFF, 0xE2, 0x00, 0xFF, 0xE2, 0x08, 0xFF, 0x02, 0x09, 0xFF,
    0x23, 0x11, 0xFF, 0x23, 0x11, 0xFF, 0x43, 0x11, 0xFF, 0x64, 0x19, 0xFF, 0xE2, 0x08, 0xFF, 0x82, 0x00, 0xFF,
    0x82, 0x08, 0xFF, 0x82, 0x00, 0xFF, 0xA2, 0x00, 0xFF, 0xE4, 0x19, 0xFF, 0x83, 0x1A, 0xFF, 0xC4, 0x2A, 0xFF,
    0xA3, 0x1A, 0xFF, 0xE4, 0x22, 0xFF, 0xC3, 0x22, 0xFF, 0x83, 0x22, 0xFF, 0x63, 0x1A, 0xFC, 0x45, 0x2B, 0xE9,
    0x66, 0x33, 0xAF, 0x06, 0x2B, 0x50, 0x04, 0x1A, 0x16, 0x62, 0x09, 0x03, 0x83, 0x11, 0x00, 0xE4, 0x19, 0x00,
    0x46, 0x22, 0x00, 0x86, 0x22, 0x00, 0x45, 0x1A, 0x00, 0x05, 0x12, 0x00, 0x05, 0x1A, 0x00, 0xE5, 0x19, 0x00,
    0xC4, 0x19, 0x00, 0x84, 0x11, 0x00, 0xA3, 0x11, 0x00, 0xE4, 0x11, 0x00, 0x24, 0x1A, 0x00, 0x44, 0x1A, 0x00,
    0x44, 0x1A, 0x00, 0x65, 0x22, 0x00, 0x44, 0x1A, 0x00, 0x44, 0x1A, 0x00, 0x84, 0x22, 0x00, 0xE5, 0x2A, 0x00,
    0x63, 0x22, 0x00, 0x63, 0x2A, 0x00, 0x66, 0x4B, 0x00, 0xA3, 0x32, 0x00, 0x64, 0x2A, 0x00, 0xA2, 0x11, 0x00,
    0xE3, 0x08, 0x00, 0xA2, 0x08, 0x00, 0xA2, 0x00, 0x00, 0xA2, 0x00, 0x00, 0xA2, 0x00, 0x00, 0xC2, 0x08, 0x00,
    0xA2, 0x00, 0x00, 0xA2, 0x08, 0x00, 0xC3, 0x08, 0x00, 0xA2, 0x00, 0x00, 0xE3, 0x08, 0x00, 0xA2, 0x00, 0x00,
    0xC3, 0x08, 0x00, 0xA2, 0x00, 0x00, 0xA2, 0x00, 0x00, 0xA2, 0x00, 0x00, 0x62, 0x00, 0x00, 0x41, 0x00, 0x00,
    0x41, 0x00, 0x00, 0x41, 0x00, 0x00, 0x41, 0x00, 0x00, 0x41, 0x00, 0x00, 0x41, 0x00, 0x00, 0x82, 0x00, 0x00,
    0xA3, 0x08, 0x00, 0xC3, 0x08, 0x03, 0xC3, 0x08, 0x16, 0xA2, 0x00, 0x50, 0xE3, 0x08, 0xAF, 0xE3, 0x08, 0xE9,
    0xE3, 0x00, 0xFC, 0x03, 0x09, 0xFF, 0x24, 0x11, 0xFF, 0x03, 0x09, 0xFF, 0xE2, 0x00, 0xFF, 0xC2, 0x08, 0xFF,
    0xC3, 0x08, 0xFF, 0xC1, 0x00, 0xFF, 0xA3, 0x11, 0xFF, 0xA4, 0x22, 0xFF, 0x22, 0x12, 0xFF, 0xC3, 0x11, 0xFF,
    0x62, 0x11, 0xFF, 0xA3, 0x11, 0xFF, 0xC7, 0x2A, 0xFF, 0xE7, 0x22, 0xFF, 0xE7, 0x22, 0xFF, 0xE7, 0x22, 0xFF,
    0xC4, 0x11, 0xFF, 0xE7, 0x3A, 0xFF, 0x46, 0x32, 0xFF, 0x40, 0x00, 0xFF, 0x00, 0x00, 0xFF, 0x00, 0x00, 0xFF,
    0x00, 0x00, 0xFF, 0x00, 0x00, 0xFF, 0x00, 0x00, 0xFF, 0x00, 0x00, 0xFF, 0x00, 0x00, 0xFF, 0x00, 0x08, 0xFF,
    0x20, 0x30, 0xFF, 0x20, 0x68, 0xFF, 0x21, 0x98, 0xFF, 0x01, 0xA8, 0xFF, 0x00, 0xA0, 0xFF, 0x00, 0xA0, 0xFF,
    0x00, 0xA0, 0xFF, 0x00, 0xA8, 0xFF, 0x00, 0xA0, 0xFF, 0x00, 0xA0, 0xFF, 0x00, 0xA0, 0xFF, 0x00, 0xA0, 0xFF,
    0x00, 0xA0, 0xFF, 0x00, 0xA0, 0xFF, 0x00, 0xA0, 0xFF, 0x00, 0xA0, 0xFF, 0x00, 0xA0, 0xFF, 0x00, 0xA0, 0xFF,
    0x00, 0xA0, 0xFF, 0x00, 0xA0, 0xFF, 0x00, 0xA0, 0xFF, 0x00, 0xA0, 0xFF, 0x00, 0xA0, 0xFF, 0x00, 0xA0, 0xFF,
    0x00, 0xA8, 0xFF, 0x20, 0xA0, 0xFF, 0x40, 0x68, 0xFF, 0x00, 0x18, 0xFF, 0x00, 0x00, 0xFF, 0x00, 0x00, 0xFF,
    0x00, 0x00, 0xFF, 0x00, 0x00, 0xFF, 0x00, 0x00, 0xFF, 0x00, 0x00, 0xFF, 0x00, 0x00, 0xFF, 0x00, 0x00, 0xFF,
    0x00, 0x00, 0xFF, 0x00, 0x00, 0xFF, 0x20, 0x18, 0xFF, 0x40, 0x90, 0xFF, 0x00, 0xA8, 0xFF, 0x00, 0xA0, 0xFF,
    0x00, 0xA0, 0xFF, 0x00, 0xA0, 0xFF, 0x00, 0xA0, 0xFF, 0x00, 0xA0, 0xFF, 0x00, 0xA0, 0xFF, 0x00, 0xA0, 0xFF,
    0x00, 0xA0, 0xFF, 0x00, 0xA0, 0xFF, 0x00, 0xA0, 0xFF, 0x00, 0xA0, 0xFF, 0x00, 0xA0, 0xFF, 0x00, 0xA0, 0xFF,
    0x00, 0xA8, 0xFF, 0x20, 0xA0, 0xFF, 0x40, 0x80, 0xFF, 0x20, 0x50, 0xFF, 0x00, 0x18, 0xFF, 0x00, 0x00, 0xFF,
    0x00, 0x00, 0xFF, 0x00, 0x00, 0xFF, 0x00, 0x00, 0xFF, 0x00, 0x00, 0xFF, 0x00, 0x00, 0xFF, 0x00, 0x00, 0xFF,
    0x00, 0x00, 0xFF, 0x61, 0x00, 0xFF, 0xE3, 0x08, 0xFF, 0x23, 0x11, 0xFF, 0x03, 0x09, 0xFF, 0x23, 0x11, 0xFF,
    0x23, 0x11, 0xFF, 0x23, 0x09, 0xFF, 0x63, 0x11, 0xFF, 0x84, 0x11, 0xFF, 0x43, 0x11, 0xFF, 0xA2, 0x00, 0xFF,
    0x82, 0x08, 0xFF, 0x82, 0x08, 0xFF, 0x82, 0x00, 0xFF, 0x42, 0x09, 0xFF, 0xE4, 0x2A, 0xFF, 0xC3, 0x2A, 0xFF,
    0xE3, 0x22, 0xFF, 0xE3, 0x22, 0xFF, 0xA2, 0x1A, 0xFF, 0xC3, 0x22, 0xFF, 0x42, 0x1A, 0xFF, 0x82, 0x1A, 0xFC,
    0x65, 0x33, 0xE9, 0x86, 0x2B, 0xAF, 0x67, 0x2B, 0x50, 0xA6, 0x22, 0x16, 0x62, 0x09, 0x03, 0x63, 0x09, 0x00,
    0xC4, 0x09, 0x00, 0xE4, 0x11, 0x00, 0x25, 0x1A, 0x00, 0xE4, 0x11, 0x00, 0xE4, 0x11, 0x00, 0xA3, 0x11, 0x00,
    0x42, 0x09, 0x00, 0x42, 0x09, 0x00, 0xA3, 0x11, 0x00, 0x45, 0x1A, 0x00, 0x24, 0x1A, 0x00, 0x24, 0x1A, 0x00,
    0x24, 0x1A, 0x00, 0x24, 0x1A, 0x00, 0x04, 0x1A, 0x00, 0xC3, 0x11, 0x00, 0xC2, 0x11, 0x00, 0x64, 0x22, 0x00,
    0xE1, 0x11, 0x00, 0xC9, 0x63, 0x00, 0x44, 0x2A, 0x00, 0xA2, 0x11, 0x00, 0x03, 0x1A, 0x00, 0x03, 0x1A, 0x00,
    0xC2, 0x08, 0x00, 0xE3, 0x08, 0x00, 0xE3, 0x08, 0x00, 0xE3, 0x08, 0x00, 0xA2, 0x00, 0x00, 0xC2, 0x08, 0x00,
    0xA2, 0x00, 0x00, 0xE3, 0x08, 0x00, 0xA2, 0x08, 0x00, 0xC3, 0x08, 0x00, 0xC3, 0x08, 0x00, 0xA2, 0x00, 0x00,
    0xE3, 0x08, 0x00, 0xA2, 0x00, 0x00, 0xA2, 0x00, 0x00, 0xC3, 0x08, 0x00, 0x82, 0x00, 0x00, 0x41, 0x00, 0x00,
    0x41, 0x00, 0x00, 0x41, 0x00, 0x00, 0x41, 0x00, 0x00, 0x41, 0x00, 0x00, 0x61, 0x00, 0x00, 0xA3, 0x08, 0x00,
    0xE3, 0x08, 0x03, 0xC3, 0x08, 0x16, 0x04, 0x09, 0x50, 0xE3, 0x08, 0xAF, 0xE3, 0x08, 0xE9, 0x24, 0x11, 0xFC,
    0xC2, 0x00, 0xFF, 0x24, 0x11, 0xFF, 0x44, 0x11, 0xFF, 0xA2, 0x00, 0xFF, 0xC2, 0x08, 0xFF, 0xE3, 0x08, 0xFF,
    0xC3, 0x08, 0xFF, 0x02, 0x09, 0xFF, 0x84, 0x22, 0xFF, 0x63, 0x22, 0xFF, 0x03, 0x1A, 0xFF, 0xA3, 0x11, 0xFF,
    0x82, 0x11, 0xFF, 0x42, 0x09, 0xFF, 0x86, 0x22, 0xFF, 0x49, 0x33, 0xFF, 0x08, 0x2B, 0xFF, 0x28, 0x2B, 0xFF,
    0xA4, 0x19, 0xFF, 0x40, 0x00, 0xFF, 0x00, 0x00, 0xFF, 0x00, 0x00, 0xFF, 0x00, 0x00, 0xFF, 0x00, 0x00, 0xFF,
    0x00, 0x00, 0xFF, 0x00, 0x00, 0xFF, 0x00, 0x00, 0xFF, 0x00, 0x10, 0xFF, 0x20, 0x40, 0xFF, 0x40, 0x70, 0xFF,
    0x20, 0xA0, 0xFF, 0x00, 0xA8, 0xFF, 0x00, 0xA0, 0xFF, 0x00, 0xA0, 0xFF, 0x00, 0xA0, 0xFF, 0x00, 0xA0, 0xFF,
    0x00, 0xA0, 0xFF, 0x00, 0xA0, 0xFF, 0x00, 0xA0, 0xFF, 0x00, 0xA0, 0xFF, 0x00, 0xA0, 0xFF, 0x00, 0xA0, 0xFF,
    0x00, 0xA0, 0xFF, 0x00, 0xA0, 0xFF, 0x00, 0xA0, 0xFF, 0x00, 0xA8, 0xFF, 0x00, 0xA8, 0xFF, 0x00, 0xA8, 0xFF,
    0x00, 0xA8, 0xFF, 0x00, 0xA8, 0xFF, 0x00, 0xA8, 0xFF, 0x00, 0xA8, 0xFF, 0x00, 0xA8, 0xFF, 0x00, 0xA8, 0xFF,
    0x21, 0xA0, 0xFF, 0x21, 0x50, 0xFF, 0x00, 0x00, 0xFF, 0x00, 0x00, 0xFF, 0x00, 0x00, 0xFF, 0x00, 0x00, 0xFF,
    0x00, 0x00, 0xFF, 0x00, 0x00, 0xFF, 0x00, 0x00, 0xFF, 0x00, 0x00, 0xFF, 0x00, 0x00, 0xFF, 0x00, 0x00, 0xFF,
    0x00, 0x00, 0xFF, 0x00, 0x00, 0xFF, 0x40, 0x68, 0xFF, 0x20, 0xA0, 0xFF, 0x00, 0xA8, 0xFF, 0x00, 0xA0, 0xFF,
    0x00, 0xA0, 0xFF, 0x00, 0xA8, 0xFF, 0x00, 0xA8, 0xFF, 0x00, 0xA0, 0xFF, 0x00, 0xA0, 0xFF, 0x00, 0xA0, 0xFF,
    0x00, 0xA0, 0xFF, 0x00, 0xA8, 0xFF, 0x00, 0xA0, 0xFF, 0x00, 0xA0, 0xFF, 0x00, 0xA0, 0xFF, 0x00, 0xA0, 0xFF,
    0x00, 0xA0, 0xFF, 0x00, 0xA0, 0xFF, 0x00, 0xA8, 0xFF, 0x00, 0xA8, 0xFF, 0x20, 0x88, 0xFF, 0x20, 0x58, 0xFF,
    0x00, 0x20, 0xFF, 0x00, 0x00, 0xFF, 0x00, 0x00, 0xFF, 0x00, 0x00, 0xFF, 0x00, 0x00, 0xFF, 0x00, 0x00, 0xFF,
    0x00, 0x00, 0xFF, 0x00, 0x00, 0xFF, 0x20, 0x00, 0xFF, 0xC2, 0x08, 0xFF, 0x43, 0x11, 0xFF, 0x43, 0x11, 0xFF,
    0x43, 0x09, 0xFF, 0x43, 0x11, 0xFF, 0x63, 0x09, 0xFF, 0x63, 0x09, 0xFF, 0x84, 0x11, 0xFF, 0x44, 0x11, 0xFF,
    0x82, 0x00, 0xFF, 0x82, 0x00, 0xFF, 0x62, 0x00, 0xFF, 0xC3, 0x19, 0xFF, 0x25, 0x2B, 0xFF, 0xE4, 0x22, 0xFF,
    0xA6, 0x33, 0xFF, 0xA2, 0x1A, 0xFF, 0x04, 0x2B, 0xFF, 0xC3, 0x22, 0xFF, 0xA4, 0x22, 0xFF, 0x83, 0x1A, 0xFF,
    0x45, 0x2B, 0xFC, 0xE8, 0x3B, 0xE9, 0xA7, 0x33, 0xAF, 0xA8, 0x33, 0x50, 0x06, 0x2B, 0x16, 0x82, 0x09, 0x03,
    0x63, 0x11, 0x00, 0x83, 0x11, 0x00, 0x83, 0x09, 0x00, 0xC4, 0x11, 0x00, 0x46, 0x1A, 0x00, 0xA7, 0x22, 0x00,
    0x25, 0x1A, 0x00, 0xC4, 0x11, 0x00, 0xE4, 0x19, 0x00, 0x45, 0x1A, 0x00, 0x24, 0x1A, 0x00, 0x04, 0x1A, 0x00,
    0x04, 0x1A, 0x00, 0x03, 0x1A, 0x00, 0xC3, 0x11, 0x00, 0x83, 0x11, 0x00, 0x22, 0x09, 0x00, 0x01, 0x09, 0x00,
    0xA6, 0x32, 0x00, 0xE6, 0x42, 0x00, 0xC1, 0x11, 0x00, 0x23, 0x1A, 0x00, 0x03, 0x1A, 0x00, 0xE3, 0x19, 0x00,
    0xC2, 0x08, 0x00, 0xA2, 0x00, 0x00, 0xA2, 0x08, 0x00, 0xA2, 0x08, 0x00, 0xC3, 0x08, 0x00, 0xE3, 0x08, 0x00,
    0xA2, 0x00, 0x00, 0x03, 0x09, 0x00, 0xC2, 0x00, 0x00, 0xE3, 0x08, 0x00, 0xA2, 0x00, 0x00, 0xC3, 0x08, 0x00,
    0xE3, 0x08, 0x00, 0xA2, 0x00, 0x00, 0xE3, 0x08, 0x00, 0xE3, 0x08, 0x00, 0x82, 0x00, 0x00, 0x41, 0x00, 0x00,
    0x41, 0x00, 0x00, 0x41, 0x00, 0x00, 0x41, 0x00, 0x00, 0x41, 0x00, 0x00, 0x82, 0x00, 0x00, 0xC3, 0x00, 0x03,
    0x03, 0x09, 0x16, 0x24, 0x09, 0x50, 0x03, 0x09, 0xAF, 0x44, 0x11, 0xE9, 0x24, 0x09, 0xFC, 0x04, 0x09, 0xFF,
    0xE3, 0x08, 0xFF, 0xC2, 0x08, 0xFF, 0xE3, 0x08, 0xFF, 0x23, 0x11, 0xFF, 0x23, 0x11, 0xFF, 0xE3, 0x08, 0xFF,
    0x82, 0x00, 0xFF, 0xA3, 0x11, 0xFF, 0x25, 0x2B, 0xFF, 0x63, 0x1A, 0xFF, 0x02, 0x1A, 0xFF, 0xC2, 0x11, 0xFF,
    0xA2, 0x11, 0xFF, 0x82, 0x11, 0xFF, 0xA2, 0x09, 0xFF, 0x85, 0x1A, 0xFF, 0x08, 0x33, 0xFF, 0xA5, 0x19, 0xFF,
    0x20, 0x00, 0xFF, 0x00, 0x00, 0xFF, 0x00, 0x00, 0xFF, 0x00, 0x00, 0xFF, 0x00, 0x00, 0xFF, 0x00, 0x00, 0xFF,
    0x00, 0x00, 0xFF, 0x00, 0x08, 0xFF, 0x20, 0x30, 0xFF, 0x40, 0x78, 0xFF, 0x20, 0xA0, 0xFF, 0x00, 0xA0, 0xFF,
    0x00, 0xA0, 0xFF, 0x00, 0xA0, 0xFF, 0x00, 0xA0, 0xFF, 0x00, 0xA0, 0xFF, 0x00, 0xA8, 0xFF, 0x00, 0xA0, 0xFF,
    0x00, 0xA0, 0xFF, 0x00, 0xA0, 0xFF, 0x00, 0xA0, 0xFF, 0x00, 0xA0, 0xFF, 0x00, 0xA0, 0xFF, 0x00, 0xA8, 0xFF,
    0x00, 0xA8, 0xFF, 0x00, 0xA8, 0xFF, 0x00, 0xA8, 0xFF, 0x00, 0xA8, 0xFF, 0x00, 0xA8, 0xFF, 0x00, 0xA8, 0xFF,
    0x00, 0xA8, 0xFF, 0x00, 0xA8, 0xFF, 0x00, 0xA8, 0xFF, 0x00, 0xA8, 0xFF, 0x20, 0xA0, 0xFF, 0x21, 0xA0, 0xFF,
    0x00, 0x40, 0xFF, 0x00, 0x00, 0xFF, 0x00, 0x00, 0xFF, 0x00, 0x00, 0xFF, 0x00, 0x00, 0xFF, 0x00, 0x00, 0xFF,
    0x00, 0x00, 0xFF, 0x00, 0x00, 0xFF, 0x00, 0x00, 0xFF, 0x00, 0x00, 0xFF, 0x00, 0x00, 0xFF, 0x00, 0x00, 0xFF,
    0x00, 0x00, 0xFF, 0x00, 0x38, 0xFF, 0x20, 0xA0, 0xFF, 0x00, 0xA8, 0xFF, 0x00, 0xA8, 0xFF, 0x00, 0xA8, 0xFF,
    0x00, 0xA8, 0xFF, 0x00, 0xA8, 0xFF, 0x00, 0xA8, 0xFF, 0x00, 0xA8, 0xFF, 0x00, 0xA0, 0xFF, 0x00, 0xA0, 0xFF,
    0x00, 0xA0, 0xFF, 0x00, 0xA0, 0xFF, 0x00, 0xA0, 0xFF, 0x00, 0xA0, 0xFF, 0x00, 0xA0, 0xFF, 0x00, 0xA0, 0xFF,
    0x00, 0xA0, 0xFF, 0x00, 0xA0, 0xFF, 0x00, 0xA0, 0xFF, 0x00, 0x98, 0xFF, 0x00, 0xA8, 0xFF, 0x01, 0xA0, 0xFF,
    0x21, 0x88, 0xFF, 0x20, 0x58, 0xFF, 0x00, 0x18, 0xFF, 0x00, 0x00, 0xFF, 0x00, 0x00, 0xFF, 0x00, 0x00, 0xFF,
    0x00, 0x00, 0xFF, 0x00, 0x00, 0xFF, 0x00, 0x00, 0xFF, 0x00, 0x00, 0xFF, 0x61, 0x08, 0xFF, 0x23, 0x11, 0xFF,
    0xA4, 0x11, 0xFF, 0xA4, 0x11, 0xFF, 0xA4, 0x11, 0xFF, 0x83, 0x11, 0xFF, 0x84, 0x09, 0xFF, 0x84, 0x09, 0xFF,
    0xC2, 0x08, 0xFF, 0xA2, 0x00, 0xFF, 0x82, 0x00, 0xFF, 0xC4, 0x19, 0xFF, 0xC3, 0x22, 0xFF, 0xC6, 0x3B, 0xFF,
    0x45, 0x2B, 0xFF, 0x44, 0x2B, 0xFF, 0xA5, 0x33, 0xFF, 0xC3, 0x22, 0xFF, 0xE4, 0x22, 0xFF, 0x82, 0x1A, 0xFF,
    0xA2, 0x1A, 0xFF, 0xA7, 0x3B, 0xFC, 0x08, 0x44, 0xE9, 0xC8, 0x33, 0xAF, 0xE8, 0x3B, 0x50, 0x27, 0x33, 0x16,
    0x82, 0x09, 0x03, 0xA3, 0x11, 0x00, 0x83, 0x11, 0x00, 0x62, 0x09, 0x00, 0xA3, 0x11, 0x00, 0xE4, 0x11, 0x00,
    0x25, 0x1A, 0x00, 0x05, 0x1A, 0x00, 0xE4, 0x19, 0x00, 0xC3, 0x11, 0x00, 0x04, 0x1A, 0x00, 0x24, 0x1A, 0x00,
    0xC3, 0x11, 0x00, 0xC3, 0x11, 0x00, 0xC3, 0x11, 0x00, 0x83, 0x11, 0x00, 0x42, 0x09, 0x00, 0x05, 0x22, 0x00,
    0xC7, 0x3A, 0x00, 0xA2, 0x11, 0x00, 0x23, 0x1A, 0x00, 0xA3, 0x2A, 0x00, 0x84, 0x2A, 0x00, 0x02, 0x1A, 0x00,
    0xE3, 0x08, 0x00, 0x03, 0x11, 0x00, 0x03, 0x11, 0x00, 0xE3, 0x08, 0x00, 0xC2, 0x08, 0x00, 0xA2, 0x00, 0x00,
    0xA2, 0x00, 0x00, 0xE3, 0x08, 0x00, 0xC2, 0x00, 0x00, 0x03, 0x09, 0x00, 0xA2, 0x00, 0x00, 0xE3, 0x08, 0x00,
    0xC3, 0x00, 0x00, 0xC2, 0x00, 0x00, 0x03, 0x09, 0x00, 0xC2, 0x00, 0x00, 0xA2, 0x08, 0x00, 0x61, 0x00, 0x00,
    0x41, 0x00, 0x00, 0x61, 0x00, 0x00, 0x41, 0x00, 0x00, 0x61, 0x00, 0x00, 0x03, 0x09, 0x03, 0x24, 0x09, 0x16,
    0x03, 0x09, 0x50, 0x44, 0x11, 0xAF, 0x65, 0x11, 0xE9, 0x24, 0x09, 0xFC, 0x44, 0x11, 0xFF, 0x04, 0x09, 0xFF,
    0xE3, 0x08, 0xFF, 0x23, 0x09, 0xFF, 0x84, 0x11, 0xFF, 0x44, 0x11, 0xFF, 0xC2, 0x00, 0xFF, 0xE2, 0x08, 0xFF,
    0xC3, 0x08, 0xFF, 0x04, 0x1A, 0xFF, 0x65, 0x2B, 0xFF, 0xA3, 0x1A, 0xFF, 0x22, 0x1A, 0xFF, 0xE3, 0x19, 0xFF,
    0xA2, 0x11, 0xFF, 0xC2, 0x11, 0xFF, 0x24, 0x22, 0xFF, 0xA3, 0x11, 0xFF, 0xC1, 0x08, 0xFF, 0x00, 0x00, 0xFF,
    0x00, 0x00, 0xFF, 0x00, 0x00, 0xFF, 0x00, 0x00, 0xFF, 0x00, 0x00, 0xFF, 0x00, 0x00, 0xFF, 0x00, 0x00, 0xFF,
    0x00, 0x28, 0xFF, 0x21, 0x68, 0xFF, 0x21, 0xA0, 0xFF, 0x00, 0xA8, 0xFF, 0x00, 0x98, 0xFF, 0x00, 0xA0, 0xFF,
    0x00, 0xA0, 0xFF, 0x00, 0xA0, 0xFF, 0x00, 0xA0, 0xFF, 0x00, 0xA0, 0xFF, 0x00, 0xA0, 0xFF, 0x00, 0xA0, 0xFF,
    0x00, 0xA0, 0xFF, 0x00, 0xA0, 0xFF, 0x00, 0xA0, 0xFF, 0x00, 0xA0, 0xFF, 0x00, 0xA8, 0xFF, 0x00, 0xA8, 0xFF,
    0x00, 0xA8, 0xFF, 0x00, 0xA8, 0xFF, 0x00, 0xA8, 0xFF, 0x00, 0xA8, 0xFF, 0x00, 0xA8, 0xFF, 0x00, 0xA8, 0xFF,
    0x00, 0xA8, 0xFF, 0x00, 0xA8, 0xFF, 0x00, 0xA0, 0xFF, 0x00, 0xA8, 0xFF, 0x21, 0x98, 0xFF, 0x00, 0x40, 0xFF,
    0x00, 0x00, 0xFF, 0x00, 0x00, 0xFF, 0x00, 0x00, 0xFF, 0x00, 0x00, 0xFF, 0x00, 0x00, 0xFF, 0x00, 0x00, 0xFF,
    0x00, 0x00, 0xFF, 0x00, 0x00, 0xFF, 0x00, 0x00, 0xFF, 0x00, 0x00, 0xFF, 0x00, 0x00, 0xFF, 0x01, 0x00, 0xFF,
    0x00, 0x08, 0xFF, 0x21, 0x80, 0xFF, 0x00, 0xA8, 0xFF, 0x00, 0xA0, 0xFF, 0x00, 0xA8, 0xFF, 0x00, 0xA8, 0xFF,
    0x00, 0xA8, 0xFF, 0x00, 0xA8, 0xFF, 0x00, 0xA8, 0xFF, 0x00, 0xA8, 0xFF, 0x00, 0xA8, 0xFF, 0x00, 0xA8, 0xFF,
    0x00, 0xA0, 0xFF, 0x00, 0xA0, 0xFF, 0x00, 0xA0, 0xFF, 0x00, 0xA0, 0xFF, 0x00, 0xA8, 0xFF, 0x00, 0xA0, 0xFF,
    0x00, 0xA0, 0xFF, 0x00, 0xA0, 0xFF, 0x00, 0xA0, 0xFF, 0x00, 0xA0, 0xFF, 0x00, 0xA0, 0xFF, 0x00, 0xA0, 0xFF,
    0x00, 0x98, 0xFF, 0x20, 0xA0, 0xFF, 0x40, 0x88, 0xFF, 0x20, 0x48, 0xFF, 0x00, 0x10, 0xFF, 0x00, 0x00, 0xFF,
    0x00, 0x00, 0xFF, 0x00, 0x00, 0xFF, 0x00, 0x00, 0xFF, 0x00, 0x00, 0xFF, 0x00, 0x00, 0xFF, 0x20, 0x00, 0xFF,
    0xE2, 0x08, 0xFF, 0xA4, 0x19, 0xFF, 0xE5, 0x19, 0xFF, 0x05, 0x1A, 0xFF, 0x46, 0x1A, 0xFF, 0xE5, 0x11, 0xFF,
    0xA2, 0x00, 0xFF, 0xA2, 0x00, 0xFF, 0x81, 0x00, 0xFF, 0x22, 0x09, 0xFF, 0x46, 0x33, 0xFF, 0xA5, 0x33, 0xFF,
    0xE3, 0x22, 0xFF, 0x27, 0x44, 0xFF, 0x44, 0x2B, 0xFF, 0x03, 0x23, 0xFF, 0xE3, 0x22, 0xFF, 0xE3, 0x22, 0xFF,
    0xC3, 0x22, 0xFF, 0x66, 0x33, 0xFF, 0x49, 0x4C, 0xFC, 0x08, 0x44, 0xE9, 0xE8, 0x3B, 0xAF, 0xE8, 0x3B, 0x50,
    0x26, 0x2B, 0x16, 0xA2, 0x09, 0x03, 0xA3, 0x11, 0x00, 0x63, 0x11, 0x00, 0xA3, 0x11, 0x00, 0xC4, 0x11, 0x00,
    0x63, 0x09, 0x00, 0xA4, 0x11, 0x00, 0xC4, 0x11, 0x00, 0xC3, 0x11, 0x00, 0xC4, 0x11, 0x00, 0xC4, 0x11, 0x00,
    0x83, 0x11, 0x00, 0xA3, 0x11, 0x00, 0xC4, 0x11, 0x00, 0xA4, 0x11, 0x00, 0xC3, 0x11, 0x00, 0xA6, 0x2A, 0x00,
    0xE2, 0x19, 0x00, 0xE3, 0x11, 0x00, 0x24, 0x1A, 0x00, 0x43, 0x22, 0x00, 0xE4, 0x2A, 0x00, 0xE4, 0x2A, 0x00,
    0xC2, 0x00, 0x00, 0xC2, 0x00, 0x00, 0xC2, 0x00, 0x00, 0xE3, 0x08, 0x00, 0x03, 0x11, 0x00, 0x03, 0x09, 0x00,
    0xE3, 0x08, 0x00, 0xC2, 0x08, 0x00, 0xE3, 0x08, 0x00, 0xE3, 0x08, 0x00, 0xC3, 0x00, 0x00, 0x24, 0x11, 0x00,
    0xA2, 0x00, 0x00, 0x03, 0x09, 0x00, 0xE3, 0x08, 0x00, 0xC2, 0x00, 0x00, 0xC3, 0x08, 0x00, 0x61, 0x00, 0x00,
    0x41, 0x00, 0x00, 0x62, 0x00, 0x00, 0x82, 0x08, 0x00, 0xA3, 0x08, 0x03, 0x04, 0x09, 0x16, 0x44, 0x09, 0x50,
    0x44, 0x11, 0xAF, 0x24, 0x09, 0xE9, 0x44, 0x11, 0xFC, 0x65, 0x11, 0xFF, 0x04, 0x09, 0xFF, 0x24, 0x11, 0xFF,
    0xC3, 0x08, 0xFF, 0xC6, 0x19, 0xFF, 0x64, 0x11, 0xFF, 0xE2, 0x00, 0xFF, 0x23, 0x09, 0xFF, 0x24, 0x11, 0xFF,
    0xC2, 0x00, 0xFF, 0x86, 0x2A, 0xFF, 0xC7, 0x3B, 0xFF, 0xC3, 0x22, 0xFF, 0x22, 0x1A, 0xFF, 0xE2, 0x19, 0xFF,
    0xC2, 0x11, 0xFF, 0xE2, 0x11, 0xFF, 0x83, 0x19, 0xFF, 0x40, 0x00, 0xFF, 0x00, 0x00, 0xFF, 0x00, 0x00, 0xFF,
    0x00, 0x00, 0xFF, 0x00, 0x00, 0xFF, 0x00, 0x00, 0xFF, 0x00, 0x00, 0xFF, 0x00, 0x18, 0xFF, 0x40, 0x58, 0xFF,
    0x20, 0x98, 0xFF, 0x00, 0xA8, 0xFF, 0x00, 0xA0, 0xFF, 0x00, 0xA0, 0xFF, 0x00, 0xA0, 0xFF, 0x00, 0xA0, 0xFF,
    0x00, 0xA0, 0xFF, 0x00, 0xA0, 0xFF, 0x00, 0xA0, 0xFF, 0x00, 0xA0, 0xFF, 0x00, 0xA0, 0xFF, 0x00, 0xA0, 0xFF,
    0x00, 0xA8, 0xFF, 0x00, 0xA8, 0xFF, 0x00, 0xA8, 0xFF, 0x00, 0xA8, 0xFF, 0x00, 0xA8, 0xFF, 0x00, 0xA8, 0xFF,
    0x00, 0xA8, 0xFF, 0x00, 0xA8, 0xFF, 0x00, 0xA8, 0xFF, 0x00, 0xA8, 0xFF, 0x00, 0xA8, 0xFF, 0x00, 0xA8, 0xFF,
    0x00, 0xA8, 0xFF, 0x00, 0xA0, 0xFF, 0x00, 0xB0, 0xFF, 0x21, 0xA0, 0xFF, 0x20, 0x40, 0xFF, 0x00, 0x00, 0xFF,
    0x01, 0x00, 0xFF, 0x00, 0x00, 0xFF, 0x00, 0x00, 0xFF, 0x00, 0x00, 0xFF, 0x00, 0x00, 0xFF, 0x00, 0x00, 0xFF,
    0x00, 0x00, 0xFF, 0x00, 0x00, 0xFF, 0x00, 0x00, 0xFF, 0x00, 0x00, 0xFF, 0x00, 0x00, 0xFF, 0x00, 0x00, 0xFF,
    0x21, 0x40, 0xFF, 0x20, 0xB0, 0xFF, 0x00, 0xA8, 0xFF, 0x00, 0xA8, 0xFF, 0x00, 0xA8, 0xFF, 0x00, 0xA8, 0xFF,
    0x00, 0xA8, 0xFF, 0x00, 0xA8, 0xFF, 0x00, 0xA8, 0xFF, 0x00, 0xA8, 0xFF, 0x00, 0xA8, 0xFF, 0x00, 0xA8, 0xFF,
    0x00, 0xA8, 0xFF, 0x00, 0xA8, 0xFF, 0x00, 0xA8, 0xFF, 0x00, 0xA8, 0xFF, 0x00, 0xA8, 0xFF, 0x00, 0xA0, 0xFF,
    0x00, 0xA0, 0xFF, 0x00, 0xA0, 0xFF, 0x00, 0xA0, 0xFF, 0x00, 0xA0, 0xFF, 0x00, 0xA0, 0xFF, 0x00, 0xA8, 0xFF,
    0x00, 0xA0, 0xFF, 0x00, 0xA0, 0xFF, 0x00, 0xA0, 0xFF, 0x00, 0xA8, 0xFF, 0x20, 0x78, 0xFF, 0x20, 0x30, 0xFF,
    0x00, 0x08, 0xFF, 0x00, 0x00, 0xFF, 0x00, 0x00, 0xFF, 0x00, 0x00, 0xFF, 0x00, 0x00, 0xFF, 0x00, 0x00, 0xFF,
    0x00, 0x00, 0xFF, 0xA2, 0x08, 0xFF, 0x64, 0x11, 0xFF, 0xC5, 0x11, 0xFF, 0x46, 0x1A, 0xFF, 0xE5, 0x19, 0xFF,
    0xA1, 0x00, 0xFF, 0x81, 0x00, 0xFF, 0x61, 0x00, 0xFF, 0xA1, 0x08, 0xFF, 0x47, 0x3B, 0xFF, 0x24, 0x2B, 0xFF,
    0xC6, 0x43, 0xFF, 0x06, 0x44, 0xFF, 0x23, 0x23, 0xFF, 0xA5, 0x33, 0xFF, 0x03, 0x23, 0xFF, 0x24, 0x2B, 0xFF,
    0xC3, 0x22, 0xFF, 0x82, 0x1A, 0xFF, 0xC7, 0x3B, 0xFF, 0x49, 0x4C, 0xFC, 0x28, 0x44, 0xE9, 0x29, 0x44, 0xAF,
    0x29, 0x44, 0x50, 0xE5, 0x2A, 0x16, 0xA2, 0x09, 0x03, 0xA3, 0x11, 0x00, 0x62, 0x09, 0x00, 0xC4, 0x11, 0x00,
    0x83, 0x11, 0x00, 0x63, 0x11, 0x00, 0xA3, 0x11, 0x00, 0x83, 0x11, 0x00, 0xA3, 0x11, 0x00, 0xC4, 0x19, 0x00,
    0xE4, 0x19, 0x00, 0xA3, 0x11, 0x00, 0x62, 0x09, 0x00, 0x83, 0x09, 0x00, 0x83, 0x11, 0x00, 0x62, 0x09, 0x00,
    0x62, 0x11, 0x00, 0x43, 0x11, 0x00, 0x83, 0x11, 0x00, 0x24, 0x1A, 0x00, 0x63, 0x22, 0x00, 0xA3, 0x22, 0x00,
    0x03, 0x11, 0x00, 0x23, 0x11, 0x00, 0x24, 0x09, 0x00, 0x23, 0x09, 0x00, 0xE3, 0x08, 0x00, 0xE2, 0x08, 0x00,
    0xE3, 0x08, 0x00, 0xE3, 0x08, 0x00, 0xE3, 0x08, 0x00, 0xC3, 0x00, 0x00, 0xE3, 0x08, 0x00, 0x03, 0x09, 0x00,
    0xA2, 0x00, 0x00, 0x03, 0x09, 0x00, 0xA2, 0x00, 0x00, 0xC2, 0x00, 0x00, 0xE3, 0x08, 0x00, 0x82, 0x00, 0x00,
    0x41, 0x00, 0x00, 0x62, 0x08, 0x00, 0x82, 0x08, 0x03, 0xE3, 0x08, 0x15, 0x44, 0x09, 0x50, 0x64, 0x11, 0xAF,
    0x44, 0x09, 0xE9, 0x65, 0x11, 0xFC, 0x24, 0x09, 0xFF, 0x24, 0x09, 0xFF, 0x24, 0x11, 0xFF, 0x03, 0x09, 0xFF,
    0xE3, 0x08, 0xFF, 0x03, 0x09, 0xFF, 0x23, 0x09, 0xFF, 0x85, 0x11, 0xFF, 0x64, 0x11, 0xFF, 0xC2, 0x08, 0xFF,
    0xC2, 0x08, 0xFF, 0x04, 0x1A, 0xFF, 0xA7, 0x3B, 0xFF, 0xC3, 0x22, 0xFF, 0x42, 0x1A, 0xFF, 0x02, 0x1A, 0xFF,
    0xE2, 0x19, 0xFF, 0xE1, 0x10, 0xFF, 0x00, 0x00, 0xFF, 0x00, 0x00, 0xFF, 0x00, 0x00, 0xFF, 0x00, 0x00, 0xFF,
    0x00, 0x00, 0xFF, 0x00, 0x00, 0xFF, 0x00, 0x08, 0xFF, 0x20, 0x38, 0xFF, 0x20, 0x80, 0xFF, 0x20, 0xA0, 0xFF,
    0x00, 0xA0, 0xFF, 0x00, 0xA0, 0xFF, 0x00, 0x98, 0xFF, 0x00, 0xA0, 0xFF, 0x00, 0xA0, 0xFF, 0x00, 0xA0, 0xFF,
    0x00, 0xA0, 0xFF, 0x00, 0xA0, 0xFF, 0x00, 0xA0, 0xFF, 0x00, 0xA8, 0xFF, 0x00, 0xA8, 0xFF, 0x00, 0xA8, 0xFF,
    0x00, 0xA8, 0xFF, 0x00, 0xA8, 0xFF, 0x00, 0xA8, 0xFF, 0x00, 0xA8, 0xFF, 0x00, 0xA8, 0xFF, 0x00, 0xA8, 0xFF,
    0x00, 0xA8, 0xFF, 0x00, 0xA8, 0xFF, 0x00, 0xA8, 0xFF, 0x00, 0xA8, 0xFF, 0x00, 0xA8, 0xFF, 0x00, 0xA8, 0xFF,
    0x00, 0xA8, 0xFF, 0x00, 0xA8, 0xFF, 0x21, 0xA8, 0xFF, 0x21, 0x48, 0xFF, 0x00, 0x00, 0xFF, 0x00, 0x00, 0xFF,
    0x00, 0x00, 0xFF, 0x00, 0x00, 0xFF, 0x00, 0x00, 0xFF, 0x00, 0x00, 0xFF, 0x00, 0x00, 0xFF, 0x00, 0x00, 0xFF,
    0x00, 0x00, 0xFF, 0x00, 0x00, 0xFF, 0x00, 0x00, 0xFF, 0x00, 0x00, 0xFF, 0x00, 0x00, 0xFF, 0x00, 0x10, 0xFF,
    0x21, 0x90, 0xFF, 0x00, 0xB0, 0xFF, 0x00, 0xA8, 0xFF, 0x00, 0xA8, 0xFF, 0x00, 0xA8, 0xFF, 0x00, 0xA8, 0xFF,
    0x00, 0xA8, 0xFF, 0x00, 0xA8, 0xFF, 0x00, 0xA8, 0xFF, 0x00, 0xA8, 0xFF, 0x00, 0xA8, 0xFF, 0x00, 0xA8, 0xFF,
    0x00, 0xA8, 0xFF, 0x00, 0xA8, 0xFF, 0x00, 0xA8, 0xFF, 0x00, 0xA8, 0xFF, 0x00, 0xA8, 0xFF, 0x00, 0xA8, 0xFF,
    0x00, 0xA0, 0xFF, 0x00, 0xA0, 0xFF, 0x00, 0xA0, 0xFF, 0x00, 0xA0, 0xFF, 0x00, 0xA0, 0xFF, 0x00, 0xA0, 0xFF,
    0x00, 0xA0, 0xFF, 0x00, 0xA8, 0xFF, 0x00, 0x98, 0xFF, 0x00, 0x98, 0xFF, 0x00, 0xA8, 0xFF, 0x40, 0x98, 0xFF,
    0x40, 0x60, 0xFF, 0x00, 0x18, 0xFF, 0x00, 0x00, 0xFF, 0x00, 0x00, 0xFF, 0x00, 0x00, 0xFF, 0x00, 0x00, 0xFF,
    0x00, 0x00, 0xFF, 0x00, 0x00, 0xFF, 0x61, 0x00, 0xFF, 0x23, 0x11, 0xFF, 0xA4, 0x11, 0xFF, 0xE5, 0x19, 0xFF,
    0xC2, 0x08, 0xFF, 0x61, 0x00, 0xFF, 0x61, 0x00, 0xFF, 0x61, 0x00, 0xFF, 0xE2, 0x19, 0xFF, 0xA6, 0x3B, 0xFF,
    0x68, 0x5C, 0xFF, 0x84, 0x33, 0xFF, 0x47, 0x4C, 0xFF, 0xE6, 0x3B, 0xFF, 0x23, 0x23, 0xFF, 0x44, 0x2B, 0xFF,
    0xE3, 0x22, 0xFF, 0xE3, 0x22, 0xFF, 0x24, 0x2B, 0xFF, 0x4A, 0x54, 0xFF, 0x4A, 0x54, 0xFC, 0x6A, 0x54, 0xE9,
    0x69, 0x4C, 0xAF, 0x29, 0x44, 0x50, 0x85, 0x22, 0x15, 0x82, 0x11, 0x03, 0x83, 0x11, 0x00, 0x63, 0x09, 0x00,
    0xA4, 0x19, 0x00, 0x42, 0x09, 0x00, 0x83, 0x11, 0x00, 0x83, 0x11, 0x00, 0x42, 0x09, 0x00, 0x83, 0x11, 0x00,
    0x83, 0x11, 0x00, 0xE4, 0x19, 0x00, 0xC4, 0x19, 0x00, 0x83, 0x11, 0x00, 0xA4, 0x19, 0x00, 0xC4, 0x19, 0x00,
    0xA4, 0x11, 0x00, 0xC1, 0x00, 0x00, 0xA1, 0x00, 0x00, 0x22, 0x09, 0x00, 0x42, 0x11, 0x00, 0x22, 0x09, 0x00,
    0xA2, 0x00, 0x00, 0xE3, 0x08, 0x00, 0xE3, 0x08, 0x00, 0x03, 0x09, 0x00, 0x03, 0x09, 0x00, 0x23, 0x11, 0x00,
    0xE3, 0x08, 0x00, 0xE3, 0x08, 0x00, 0xE2, 0x08, 0x00, 0xC2, 0x00, 0x00, 0x04, 0x09, 0x00, 0xE3, 0x08, 0x00,
    0xE3, 0x08, 0x00, 0xC3, 0x08, 0x00, 0xC3, 0x00, 0x00, 0x44, 0x11, 0x00, 0xE3, 0x08, 0x00, 0x62, 0x00, 0x00,
    0x41, 0x00, 0x00, 0x62, 0x00, 0x01, 0x82, 0x00, 0x11, 0x04, 0x09, 0x4E, 0x65, 0x11, 0xAF, 0x85, 0x11, 0xE9,
    0x85, 0x11, 0xFC, 0x44, 0x09, 0xFF, 0x65, 0x11, 0xFF, 0x04, 0x09, 0xFF, 0x03, 0x09, 0xFF, 0x04, 0x09, 0xFF,
    0xC3, 0x08, 0xFF, 0xE3, 0x08, 0xFF, 0xA5, 0x11, 0xFF, 0x64, 0x19, 0xFF, 0xE2, 0x00, 0xFF, 0x64, 0x09, 0xFF,
    0x24, 0x11, 0xFF, 0x22, 0x09, 0xFF, 0x46, 0x3B, 0xFF, 0x04, 0x2B, 0xFF, 0x61, 0x12, 0xFF, 0x23, 0x22, 0xFF,
    0x81, 0x08, 0xFF, 0x00, 0x00, 0xFF, 0x00, 0x00, 0xFF, 0x00, 0x00, 0xFF, 0x00, 0x00, 0xFF, 0x00, 0x00, 0xFF,
    0x00, 0x00, 0xFF, 0x00, 0x18, 0xFF, 0x20, 0x68, 0xFF, 0x20, 0xA0, 0xFF, 0x00, 0xA0, 0xFF, 0x00, 0xA0, 0xFF,
    0x00, 0xA0, 0xFF, 0x00, 0xA0, 0xFF, 0x00, 0xA0, 0xFF, 0x00, 0xA0, 0xFF, 0x00, 0xA0, 0xFF, 0x00, 0xA0, 0xFF,
    0x00, 0xA0, 0xFF, 0x00, 0xA0, 0xFF, 0x00, 0xA0, 0xFF, 0x00, 0xA8, 0xFF, 0x00, 0xA8, 0xFF, 0x00, 0xA8, 0xFF,
    0x00, 0xA8, 0xFF, 0x00, 0xA8, 0xFF, 0x00, 0xA8, 0xFF, 0x00, 0xA8, 0xFF, 0x00, 0xA8, 0xFF, 0x00, 0xA8, 0xFF,
    0x00, 0xA8, 0xFF, 0x00, 0xA8, 0xFF, 0x00, 0xA8, 0xFF, 0x00, 0xA8, 0xFF, 0x00, 0xA8, 0xFF, 0x00, 0xA8, 0xFF,
    0x00, 0xA8, 0xFF, 0x00, 0xB0, 0xFF, 0x20, 0x60, 0xFF, 0x00, 0x00, 0xFF, 0x00, 0x00, 0xFF, 0x00, 0x00, 0xFF,
    0x00, 0x00, 0xFF, 0x00, 0x00, 0xFF, 0x00, 0x00, 0xFF, 0x00, 0x00, 0xFF, 0x00, 0x00, 0xFF, 0x00, 0x00, 0xFF,
    0x00, 0x00, 0xFF, 0x00, 0x00, 0xFF, 0x00, 0x00, 0xFF, 0x00, 0x00, 0xFF, 0x00, 0x00, 0xFF, 0x20, 0x48, 0xFF,
    0x20, 0xA8, 0xFF, 0x00, 0xA8, 0xFF, 0x00, 0xA8, 0xFF, 0x00, 0xA8, 0xFF, 0x00, 0xA8, 0xFF, 0x00, 0xA8, 0xFF,
    0x00, 0xA8, 0xFF, 0x00, 0xA8, 0xFF, 0x00, 0xA8, 0xFF, 0x00, 0xA8, 0xFF, 0x00, 0xA8, 0xFF, 0x00, 0xA8, 0xFF,
    0x00, 0xA8, 0xFF, 0x00, 0xA8, 0xFF, 0x00, 0xA8, 0xFF, 0x00, 0xA8, 0xFF, 0x00, 0xA8, 0xFF, 0x00, 0xA8, 0xFF,
    0x00, 0xA8, 0xFF, 0x00, 0xA8, 0xFF, 0x00, 0xA8, 0xFF, 0x00, 0xA0, 0xFF, 0x00, 0xA0, 0xFF, 0x00, 0xA0, 0xFF,
    0x00, 0xA0, 0xFF, 0x00, 0xA0, 0xFF, 0x00, 0xA0, 0xFF, 0x00, 0xA0, 0xFF, 0x00, 0xA0, 0xFF, 0x00, 0xA0, 0xFF,
    0x20, 0xA0, 0xFF, 0x41, 0x80, 0xFF, 0x20, 0x38, 0xFF, 0x00, 0x00, 0xFF, 0x00, 0x00, 0xFF, 0x00, 0x00, 0xFF,
    0x00, 0x00, 0xFF, 0x00, 0x00, 0xFF, 0x00, 0x00, 0xFF, 0x20, 0x00, 0xFF, 0x03, 0x11, 0xFF, 0x84, 0x11, 0xFF,
    0x03, 0x09, 0xFF, 0x81, 0x00, 0xFF, 0x41, 0x00, 0xFF, 0x82, 0x08, 0xFF, 0xA1, 0x00, 0xFF, 0x26, 0x3B, 0xFF,
    0x47, 0x4C, 0xFF, 0xC5, 0x3B, 0xFF, 0xC8, 0x5C, 0xFF, 0x64, 0x33, 0xFF, 0x64, 0x33, 0xFF, 0x23, 0x2B, 0xFF,
    0x03, 0x23, 0xFF, 0xE3, 0x22, 0xFF, 0x82, 0x1A, 0xFF, 0x86, 0x3B, 0xFF, 0xAA, 0x5C, 0xFF, 0x8A, 0x54, 0xFC,
    0x6A, 0x54, 0xE9, 0x6A, 0x54, 0xAF, 0x49, 0x4C, 0x4E, 0x64, 0x1A, 0x11, 0x83, 0x11, 0x01, 0x63, 0x11, 0x00,
    0x83, 0x11, 0x00, 0x83, 0x11, 0x00, 0x42, 0x09, 0x00, 0x84, 0x11, 0x00, 0x43, 0x11, 0x00, 0x22, 0x09, 0x00,
    0x83, 0x11, 0x00, 0x83, 0x11, 0x00, 0x62, 0x11, 0x00, 0x63, 0x11, 0x00, 0x63, 0x11, 0x00, 0x83, 0x11, 0x00,
    0x83, 0x11, 0x00, 0x22, 0x09, 0x00, 0x81, 0x00, 0x00, 0x81, 0x00, 0x00, 0xA2, 0x08, 0x00, 0xC1, 0x00, 0x00,
    0xC2, 0x08, 0x00, 0x03, 0x09, 0x00, 0x85, 0x19, 0x00, 0x65, 0x11, 0x00, 0x24, 0x09, 0x00, 0x03, 0x09, 0x00,
    0xE3, 0x00, 0x00, 0xC2, 0x00, 0x00, 0xE3, 0x08, 0x00, 0xC2, 0x00, 0x00, 0x04, 0x09, 0x00, 0xC3, 0x08, 0x00,
    0xE3, 0x08, 0x00, 0xC2, 0x08, 0x00, 0x24, 0x11, 0x00, 0x03, 0x09, 0x00, 0xC2, 0x08, 0x00, 0x61, 0x00, 0x00,
    0x41, 0x00, 0x00, 0x41, 0x00, 0x07, 0x82, 0x00, 0x33, 0x65, 0x11, 0xA4, 0x44, 0x09, 0xE8, 0x24, 0x09, 0xFC,
    0x85, 0x11, 0xFF, 0x85, 0x11, 0xFF, 0x24, 0x09, 0xFF, 0x85, 0x11, 0xFF, 0x44, 0x11, 0xFF, 0x44, 0x11, 0xFF,
    0x03, 0x09, 0xFF, 0x03, 0x09, 0xFF, 0x84, 0x11, 0xFF, 0x03, 0x09, 0xFF, 0x84, 0x11, 0xFF, 0x84, 0x11, 0xFF,
    0x03, 0x09, 0xFF, 0x03, 0x09, 0xFF, 0xC3, 0x11, 0xFF, 0xE5, 0x2A, 0xFF, 0x64, 0x2A, 0xFF, 0xA0, 0x08, 0xFF,
    0x00, 0x00, 0xFF, 0x00, 0x00, 0xFF, 0x00, 0x00, 0xFF, 0x00, 0x00, 0xFF, 0x00, 0x00, 0xFF, 0x00, 0x00, 0xFF,
    0x00, 0x38, 0xFF, 0x41, 0x80, 0xFF, 0x01, 0xA0, 0xFF, 0x00, 0xA0, 0xFF, 0x00, 0xA0, 0xFF, 0x00, 0xA0, 0xFF,
    0x00, 0xA0, 0xFF, 0x00, 0xA0, 0xFF, 0x00, 0xA0, 0xFF, 0x00, 0xA0, 0xFF, 0x00, 0xA0, 0xFF, 0x00, 0xA0, 0xFF,
    0x00, 0xA0, 0xFF, 0x00, 0xA0, 0xFF, 0x00, 0xA8, 0xFF, 0x00, 0xA8, 0xFF, 0x00, 0xA8, 0xFF, 0x00, 0xA8, 0xFF,
    0x00, 0xA8, 0xFF, 0x00, 0xA8, 0xFF, 0x00, 0xA8, 0xFF, 0x00, 0xA8, 0xFF, 0x00, 0xA8, 0xFF, 0x00, 0xA8, 0xFF,
    0x00, 0xA8, 0xFF, 0x00, 0xA8, 0xFF, 0x00, 0xA8, 0xFF, 0x00, 0xA8, 0xFF, 0x00, 0xA8, 0xFF, 0x00, 0xA8, 0xFF,
    0x20, 0xA8, 0xFF, 0x21, 0x80, 0xFF, 0x00, 0x08, 0xFF, 0x20, 0x00, 0xFF, 0x00, 0x00, 0xFF, 0x00, 0x00, 0xFF,
    0x00, 0x00, 0xFF, 0x00, 0x00, 0xFF, 0x00, 0x00, 0xFF, 0x00, 0x00, 0xFF, 0x00, 0x00, 0xFF, 0x00, 0x00, 0xFF,
    0x00, 0x00, 0xFF, 0x00, 0x00, 0xFF, 0x00, 0x00, 0xFF, 0x00, 0x00, 0xFF, 0x00, 0x10, 0xFF, 0x41, 0x88, 0xFF,
    0x00, 0xA8, 0xFF, 0x00, 0xA8, 0xFF, 0x00, 0xA8, 0xFF, 0x00, 0xA8, 0xFF, 0x00, 0xA8, 0xFF, 0x00, 0xA8, 0xFF,
    0x00, 0xA8, 0xFF, 0x00, 0xA8, 0xFF, 0x00, 0xA8, 0xFF, 0x00, 0xA8, 0xFF, 0x00, 0xA8, 0xFF, 0x00, 0xA8, 0xFF,
    0x00, 0xA8, 0xFF, 0x00, 0xA8, 0xFF, 0x00, 0xA8, 0xFF, 0x00, 0xA8, 0xFF, 0x00, 0xA8, 0xFF, 0x00, 0xA8, 0xFF,
    0x00, 0xA8, 0xFF, 0x00, 0xA8, 0xFF, 0x00, 0xA8, 0xFF, 0x00, 0xA0, 0xFF, 0x00, 0xA0, 0xFF, 0x00, 0xA0, 0xFF,
    0x00, 0xA0, 0xFF, 0x00, 0xA0, 0xFF, 0x00, 0xA0, 0xFF, 0x00, 0xA0, 0xFF, 0x00, 0xA0, 0xFF, 0x00, 0xA0, 0xFF,
    0x00, 0xA0, 0xFF, 0x00, 0xA0, 0xFF, 0x21, 0x98, 0xFF, 0x20, 0x58, 0xFF, 0x20, 0x08, 0xFF, 0x00, 0x00, 0xFF,
    0x00, 0x00, 0xFF, 0x00, 0x00, 0xFF, 0x00, 0x00, 0xFF, 0x00, 0x00, 0xFF, 0x20, 0x00, 0xFF, 0x64, 0x19, 0xFF,
    0x03, 0x11, 0xFF, 0x81, 0x00, 0xFF, 0x82, 0x00, 0xFF, 0xA2, 0x08, 0xFF, 0x81, 0x00, 0xFF, 0xC3, 0x19, 0xFF,
    0xE7, 0x4B, 0xFF, 0x67, 0x4C, 0xFF, 0x27, 0x4C, 0xFF, 0x04, 0x23, 0xFF, 0xE6, 0x3B, 0xFF, 0x23, 0x23, 0xFF,
    0x65, 0x33, 0xFF, 0xC2, 0x1A, 0xFF, 0xE3, 0x22, 0xFF, 0x04, 0x2B, 0xFF, 0x8A, 0x54, 0xFF, 0xAA, 0x5C, 0xFF,
    0x8B, 0x5C, 0xFC, 0x8B, 0x5C, 0xE8, 0xAA, 0x5C, 0xA4, 0x4A, 0x54, 0x33, 0x44, 0x1A, 0x07, 0x83, 0x11, 0x00,
    0x42, 0x09, 0x00, 0xA4, 0x19, 0x00, 0x83, 0x11, 0x00, 0x42, 0x09, 0x00, 0x83, 0x11, 0x00, 0x22, 0x09, 0x00,
    0x42, 0x11, 0x00, 0x83, 0x11, 0x00, 0x42, 0x09, 0x00, 0x42, 0x09, 0x00, 0x42, 0x11, 0x00, 0x42, 0x11, 0x00,
    0x62, 0x09, 0x00, 0x63, 0x11, 0x00, 0x23, 0x11, 0x00, 0xA2, 0x08, 0x00, 0xC2, 0x08, 0x00, 0x63, 0x11, 0x00,
    0xE3, 0x08, 0x00, 0xA2, 0x00, 0x00, 0x23, 0x09, 0x00, 0x64, 0x11, 0x00, 0x84, 0x11, 0x00, 0x26, 0x2A, 0x00,
    0xA6, 0x32, 0x00, 0xE4, 0x19, 0x00, 0x02, 0x09, 0x00, 0xA1, 0x00, 0x00, 0xE3, 0x08, 0x00, 0xE3, 0x08, 0x00,
    0xC3, 0x08, 0x00, 0x03, 0x09, 0x00, 0x04, 0x09, 0x00, 0xC3, 0x00, 0x00, 0xC2, 0x08, 0x00, 0x41, 0x00, 0x00,
    0x41, 0x00, 0x03, 0x41, 0x00, 0x17, 0x82, 0x00, 0x5B, 0xA6, 0x19, 0xCC, 0xE6, 0x19, 0xF8, 0x64, 0x09, 0xFF,
    0x03, 0x09, 0xFF, 0x85, 0x19, 0xFF, 0x85, 0x11, 0xFF, 0x24, 0x09, 0xFF, 0x65, 0x11, 0xFF, 0x44, 0x11, 0xFF,
    0xE3, 0x00, 0xFF, 0xE3, 0x08, 0xFF, 0x64, 0x11, 0xFF, 0xE6, 0x19, 0xFF, 0xE6, 0x19, 0xFF, 0x03, 0x09, 0xFF,
    0x44, 0x11, 0xFF, 0x64, 0x11, 0xFF, 0x02, 0x01, 0xFF, 0xA3, 0x11, 0xFF, 0x81, 0x08, 0xFF, 0x00, 0x00, 0xFF,
    0x00, 0x00, 0xFF, 0x00, 0x00, 0xFF, 0x00, 0x00, 0xFF, 0x00, 0x00, 0xFF, 0x00, 0x08, 0xFF, 0x21, 0x58, 0xFF,
    0x20, 0x98, 0xFF, 0x00, 0xA8, 0xFF, 0x00, 0xA0, 0xFF, 0x00, 0xA0, 0xFF, 0x00, 0xA0, 0xFF, 0x00, 0xA0, 0xFF,
    0x00, 0xA0, 0xFF, 0x00, 0xA0, 0xFF, 0x00, 0xA0, 0xFF, 0x00, 0xA0, 0xFF, 0x00, 0xA8, 0xFF, 0x00, 0xA8, 0xFF,
    0x00, 0xA8, 0xFF, 0x00, 0xA8, 0xFF, 0x00, 0xA8, 0xFF, 0x00, 0xA8, 0xFF, 0x00, 0xA8, 0xFF, 0x00, 0xA8, 0xFF,
    0x00, 0xA8, 0xFF, 0x00, 0xA8, 0xFF, 0x00, 0xA8, 0xFF, 0x00, 0xA8, 0xFF, 0x00, 0xA8, 0xFF, 0x00, 0xA8, 0xFF,
    0x00, 0xA8, 0xFF, 0x00, 0xA8, 0xFF, 0x00, 0xA8, 0xFF, 0x00, 0xB0, 0xFF, 0x00, 0xA8, 0xFF, 0x00, 0xA8, 0xFF,
    0x21, 0x98, 0xFF, 0x00, 0x28, 0xFF, 0x01, 0x00, 0xFF, 0x00, 0x00, 0xFF, 0x00, 0x00, 0xFF, 0x00, 0x00, 0xFF,
    0x00, 0x00, 0xFF, 0x00, 0x00, 0xFF, 0x00, 0x00, 0xFF, 0x00, 0x00, 0xFF, 0x00, 0x00, 0xFF, 0x00, 0x00, 0xFF,
    0x00, 0x00, 0xFF, 0x00, 0x00, 0xFF, 0x00, 0x00, 0xFF, 0x00, 0x00, 0xFF, 0x20, 0x48, 0xFF, 0x21, 0xB0, 0xFF,
    0x00, 0xA8, 0xFF, 0x00, 0xB0, 0xFF, 0x00, 0xA8, 0xFF, 0x00, 0xA8, 0xFF, 0x00, 0xA8, 0xFF, 0x00, 0xA8, 0xFF,
    0x00, 0xA8, 0xFF, 0x00, 0xA8, 0xFF, 0x00, 0xA8, 0xFF, 0x00, 0xA8, 0xFF, 0x00, 0xA8, 0xFF, 0x00, 0xA8, 0xFF,
    0x00, 0xA8, 0xFF, 0x00, 0xA8, 0xFF, 0x00, 0xA8, 0xFF, 0x00, 0xA8, 0xFF, 0x00, 0xA8, 0xFF, 0x00, 0xA8, 0xFF,
    0x00, 0xA8, 0xFF, 0x00, 0xA8, 0xFF, 0x00, 0xA8, 0xFF, 0x00, 0xA8, 0xFF, 0x00, 0xA8, 0xFF, 0x00, 0xA0, 0xFF,
    0x00, 0xA0, 0xFF, 0x00, 0xA0, 0xFF, 0x00, 0xA0, 0xFF, 0x00, 0xA0, 0xFF, 0x00, 0xA0, 0xFF, 0x00, 0xA8, 0xFF,
    0x00, 0xA0, 0xFF, 0x00, 0xA0, 0xFF, 0x00, 0xA0, 0xFF, 0x20, 0xA0, 0xFF, 0x21, 0x78, 0xFF, 0x00, 0x28, 0xFF,
    0x00, 0x00, 0xFF, 0x00, 0x00, 0xFF, 0x00, 0x00, 0xFF, 0x00, 0x00, 0xFF, 0x00, 0x00, 0xFF, 0x00, 0x00, 0xFF,
    0x81, 0x08, 0xFF, 0xC2, 0x08, 0xFF, 0xA2, 0x00, 0xFF, 0xA2, 0x00, 0xFF, 0x82, 0x00, 0xFF, 0xC1, 0x00, 0xFF,
    0xA3, 0x19, 0xFF, 0xE8, 0x4B, 0xFF, 0x65, 0x33, 0xFF, 0x86, 0x33, 0xFF, 0x06, 0x44, 0xFF, 0x24, 0x2B, 0xFF,
    0x85, 0x33, 0xFF, 0xE2, 0x1A, 0xFF, 0x44, 0x2B, 0xFF, 0xA3, 0x1A, 0xFF, 0xC7, 0x43, 0xFF, 0xCA, 0x5C, 0xFF,
    0xCB, 0x5C, 0xFF, 0xAB, 0x64, 0xF8, 0xCA, 0x5C, 0xCC, 0xCB, 0x64, 0x5B, 0x09, 0x4C, 0x17, 0x44, 0x1A, 0x03,
    0xC4, 0x19, 0x00, 0x83, 0x11, 0x00, 0x05, 0x1A, 0x00, 0x83, 0x11, 0x00, 0x62, 0x09, 0x00, 0xA3, 0x11, 0x00,
    0x62, 0x09, 0x00, 0x62, 0x11, 0x00, 0x83, 0x11, 0x00, 0x42, 0x09, 0x00, 0x42, 0x09, 0x00, 0x42, 0x09, 0x00,
    0x62, 0x09, 0x00, 0x63, 0x11, 0x00, 0x83, 0x11, 0x00, 0xA3, 0x11, 0x00, 0x83, 0x11, 0x00, 0x24, 0x1A, 0x00,
    0xE3, 0x00, 0x00, 0x03, 0x09, 0x00, 0xA2, 0x00, 0x00, 0xC3, 0x08, 0x00, 0x03, 0x09, 0x00, 0x22, 0x09, 0x00,
    0x65, 0x2A, 0x00, 0xE6, 0x3A, 0x00, 0xA5, 0x3A, 0x00, 0x25, 0x2A, 0x00, 0x43, 0x11, 0x00, 0xE3, 0x08, 0x00,
    0xC3, 0x08, 0x00, 0x04, 0x09, 0x00, 0xC3, 0x00, 0x00, 0xE3, 0x08, 0x00, 0x81, 0x00, 0x00, 0x21, 0x00, 0x03,
    0x41, 0x00, 0x15, 0x41, 0x00, 0x50, 0x61, 0x00, 0xB1, 0x04, 0x09, 0xEE, 0x85, 0x11, 0xFE, 0x07, 0x1A, 0xFF,
    0xA5, 0x11, 0xFF, 0x24, 0x09, 0xFF, 0x65, 0x11, 0xFF, 0x85, 0x11, 0xFF, 0x24, 0x09, 0xFF, 0x24, 0x11, 0xFF,
    0x03, 0x09, 0xFF, 0x03, 0x09, 0xFF, 0x03, 0x09, 0xFF, 0x26, 0x1A, 0xFF, 0x64, 0x09, 0xFF, 0x84, 0x11, 0xFF,
    0xC5, 0x19, 0xFF, 0x23, 0x09, 0xFF, 0xE3, 0x10, 0xFF, 0x20, 0x00, 0xFF, 0x00, 0x00, 0xFF, 0x00, 0x00, 0xFF,
    0x00, 0x00, 0xFF, 0x00, 0x00, 0xFF, 0x00, 0x00, 0xFF, 0x00, 0x10, 0xFF, 0x21, 0x68, 0xFF, 0x20, 0xA0, 0xFF,
    0x00, 0xA0, 0xFF, 0x00, 0xA0, 0xFF, 0x00, 0xA0, 0xFF, 0x00, 0xA0, 0xFF, 0x00, 0xA0, 0xFF, 0x00, 0xA8, 0xFF,
    0x00, 0xA8, 0xFF, 0x00, 0xA8, 0xFF, 0x00, 0xA8, 0xFF, 0x00, 0xA8, 0xFF, 0x00, 0xA8, 0xFF, 0x00, 0xA8, 0xFF,
    0x00, 0xA8, 0xFF, 0x00, 0xA8, 0xFF, 0x00, 0xA8, 0xFF, 0x00, 0xA8, 0xFF, 0x00, 0xA8, 0xFF, 0x00, 0xA8, 0xFF,
    0x00, 0xA8, 0xFF, 0x00, 0xA8, 0xFF, 0x00, 0xA8, 0xFF, 0x00, 0xA8, 0xFF, 0x00, 0xA8, 0xFF, 0x00, 0xA8, 0xFF,
    0x00, 0xA8, 0xFF, 0x00, 0xA8, 0xFF, 0x00, 0xA8, 0xFF, 0x00, 0xA8, 0xFF, 0x00, 0xA8, 0xFF, 0x21, 0xA8, 0xFF,
    0x20, 0x50, 0xFF, 0x00, 0x00, 0xFF, 0x00, 0x00, 0xFF, 0x00, 0x00, 0xFF, 0x00, 0x00, 0xFF, 0x00, 0x00, 0xFF,
    0x00, 0x00, 0xFF, 0x00, 0x00, 0xFF, 0x00, 0x00, 0xFF, 0x00, 0x00, 0xFF, 0x00, 0x00, 0xFF, 0x00, 0x00, 0xFF,
    0x00, 0x00, 0xFF, 0x00, 0x00, 0xFF, 0x00, 0x00, 0xFF, 0x00, 0x08, 0xFF, 0x21, 0x80, 0xFF, 0x00, 0xB0, 0xFF,
    0x00, 0xB0, 0xFF, 0x00, 0xA8, 0xFF, 0x00, 0xA8, 0xFF, 0x00, 0xB0, 0xFF, 0x00, 0xB0, 0xFF, 0x00, 0xB0, 0xFF,
    0x00, 0xA8, 0xFF, 0x00, 0xA8, 0xFF, 0x00, 0xA8, 0xFF, 0x00, 0xA8, 0xFF, 0x00, 0xA8, 0xFF, 0x00, 0xA8, 0xFF,
    0x00, 0xA8, 0xFF, 0x00, 0xA8, 0xFF, 0x00, 0xA8, 0xFF, 0x00, 0xA8, 0xFF, 0x00, 0xA8, 0xFF, 0x00, 0xA8, 0xFF,
    0x00, 0xA8, 0xFF, 0x00, 0xA8, 0xFF, 0x00, 0xA8, 0xFF, 0x00, 0xA8, 0xFF, 0x00, 0xA8, 0xFF, 0x00, 0xA8, 0xFF,
    0x00, 0xA8, 0xFF, 0x00, 0xA8, 0xFF, 0x00, 0xA8, 0xFF, 0x00, 0xA8, 0xFF, 0x00, 0xA8, 0xFF, 0x00, 0xA0, 0xFF,
    0x00, 0xA0, 0xFF, 0x00, 0xA0, 0xFF, 0x00, 0xA0, 0xFF, 0x00, 0xA0, 0xFF, 0x00, 0xA0, 0xFF, 0x21, 0x90, 0xFF,
    0x20, 0x38, 0xFF, 0x00, 0x00, 0xFF, 0x00, 0x00, 0xFF, 0x00, 0x00, 0xFF, 0x00, 0x00, 0xFF, 0x00, 0x00, 0xFF,
    0x00, 0x00, 0xFF, 0x81, 0x08, 0xFF, 0xA2, 0x08, 0xFF, 0x82, 0x00, 0xFF, 0x62, 0x00, 0xFF, 0x61, 0x00, 0xFF,
    0x61, 0x00, 0xFF, 0x26, 0x2A, 0xFF, 0x86, 0x43, 0xFF, 0x89, 0x5C, 0xFF, 0x65, 0x33, 0xFF, 0xC6, 0x3B, 0xFF,
    0x64, 0x2B, 0xFF, 0x23, 0x23, 0xFF, 0x44, 0x2B, 0xFF, 0x82, 0x1A, 0xFF, 0xC3, 0x22, 0xFF, 0x08, 0x4C, 0xFF,
    0xCB, 0x64, 0xFF, 0xEB, 0x64, 0xFE, 0xAB, 0x5C, 0xEE, 0xCC, 0x64, 0xB1, 0xEC, 0x64, 0x50, 0x88, 0x3B, 0x15,
    0x45, 0x22, 0x03, 0xE4, 0x11, 0x00, 0xE4, 0x11, 0x00, 0x25, 0x22, 0x00, 0xA3, 0x11, 0x00, 0xC4, 0x19, 0x00,
    0xC4, 0x19, 0x00, 0x63, 0x11, 0x00, 0x83, 0x11, 0x00, 0xA3, 0x11, 0x00, 0x83, 0x11, 0x00, 0xA3, 0x11, 0x00,
    0xC3, 0x19, 0x00, 0xC4, 0x19, 0x00, 0x22, 0x09, 0x00, 0x02, 0x09, 0x00, 0x63, 0x11, 0x00, 0xA3, 0x11, 0x00,
    0x27, 0x22, 0x00, 0x64, 0x11, 0x00, 0xC2, 0x08, 0x00, 0xC3, 0x08, 0x00, 0x85, 0x11, 0x00, 0x84, 0x11, 0x00,
    0x84, 0x11, 0x00, 0xE5, 0x21, 0x00, 0x44, 0x2A, 0x00, 0xE6, 0x3A, 0x00, 0xA6, 0x32, 0x00, 0x84, 0x19, 0x00,
    0x03, 0x09, 0x00, 0xE2, 0x00, 0x00, 0xC3, 0x08, 0x00, 0xE4, 0x10, 0x00, 0x61, 0x00, 0x01, 0x41, 0x00, 0x11,
    0x41, 0x00, 0x4E, 0x41, 0x00, 0xAF, 0x41, 0x00, 0xEA, 0x04, 0x09, 0xFC, 0x44, 0x09, 0xFF, 0x24, 0x09, 0xFF,
    0xC6, 0x19, 0xFF, 0xC6, 0x19, 0xFF, 0x24, 0x09, 0xFF, 0x65, 0x11, 0xFF, 0x65, 0x11, 0xFF, 0x65, 0x11, 0xFF,
    0x24, 0x11, 0xFF, 0xA2, 0x00, 0xFF, 0xE2, 0x00, 0xFF, 0xA4, 0x11, 0xFF, 0xE5, 0x19, 0xFF, 0x47, 0x22, 0xFF,
    0x64, 0x09, 0xFF, 0xE2, 0x08, 0xFF, 0x20, 0x00, 0xFF, 0x00, 0x00, 0xFF, 0x00, 0x00, 0xFF, 0x00, 0x00, 0xFF,
    0x00, 0x00, 0xFF, 0x00, 0x00, 0xFF, 0x00, 0x20, 0xFF, 0x21, 0x80, 0xFF, 0x20, 0xA0, 0xFF, 0x00, 0xA0, 0xFF,
    0x00, 0xA0, 0xFF, 0x00, 0xA0, 0xFF, 0x00, 0xA0, 0xFF, 0x00, 0xA0, 0xFF, 0x00, 0xA0, 0xFF, 0x00, 0xA0, 0xFF,
    0x00, 0xA0, 0xFF, 0x00, 0xA8, 0xFF, 0x00, 0xA8, 0xFF, 0x00, 0xA8, 0xFF, 0x00, 0xA8, 0xFF, 0x00, 0xA8, 0xFF,
    0x00, 0xA8, 0xFF, 0x00, 0xA8, 0xFF, 0x00, 0xA8, 0xFF, 0x00, 0xA8, 0xFF, 0x00, 0xA8, 0xFF, 0x00, 0xA8, 0xFF,
    0x00, 0xA8, 0xFF, 0x00, 0xA8, 0xFF, 0x00, 0xA8, 0xFF, 0x00, 0xA8, 0xFF, 0x00, 0xA8, 0xFF, 0x00, 0xA8, 0xFF,
    0x00, 0xA8, 0xFF, 0x00, 0xB0, 0xFF, 0x00, 0xA8, 0xFF, 0x00, 0xA8, 0xFF, 0x00, 0xB8, 0xFF, 0x21, 0x80, 0xFF,
    0x00, 0x08, 0xFF, 0x00, 0x00, 0xFF, 0x00, 0x00, 0xFF, 0x00, 0x00, 0xFF, 0x00, 0x00, 0xFF, 0x00, 0x00, 0xFF,
    0x00, 0x00, 0xFF, 0x00, 0x00, 0xFF, 0x00, 0x00, 0xFF, 0x00, 0x00, 0xFF, 0x00, 0x00, 0xFF, 0x00, 0x00, 0xFF,
    0x00, 0x00, 0xFF, 0x00, 0x00, 0xFF, 0x00, 0x00, 0xFF, 0x20, 0x38, 0xFF, 0x20, 0xA8, 0xFF, 0x00, 0xA8, 0xFF,
    0x00, 0xB0, 0xFF, 0x00, 0xB0, 0xFF, 0x00, 0xB0, 0xFF, 0x00, 0xB0, 0xFF, 0x00, 0xB0, 0xFF, 0x00, 0xB0, 0xFF,
    0x00, 0xA8, 0xFF, 0x00, 0xA8, 0xFF, 0x00, 0xA8, 0xFF, 0x00, 0xA8, 0xFF, 0x00, 0xA8, 0xFF, 0x00, 0xA8, 0xFF,
    0x00, 0xA8, 0xFF, 0x00, 0xA8, 0xFF, 0x00, 0xA8, 0xFF, 0x00, 0xA8, 0xFF, 0x00, 0xA8, 0xFF, 0x00, 0xA8, 0xFF,
    0x00, 0xA8, 0xFF, 0x00, 0xA8, 0xFF, 0x00, 0xA8, 0xFF, 0x00, 0xA8, 0xFF, 0x00, 0xA8, 0xFF, 0x00, 0xA8, 0xFF,
    0x00, 0xA8, 0xFF, 0x00, 0xA8, 0xFF, 0x00, 0xA8, 0xFF, 0x00, 0xA8, 0xFF, 0x00, 0xA8, 0xFF, 0x00, 0xA0, 0xFF,
    0x00, 0xA0, 0xFF, 0x00, 0xA0, 0xFF, 0x00, 0xA0, 0xFF, 0x00, 0xA0, 0xFF, 0x00, 0xA0, 0xFF, 0x00, 0xA0, 0xFF,
    0x21, 0x98, 0xFF, 0x20, 0x50, 0xFF, 0x00, 0x00, 0xFF, 0x00, 0x00, 0xFF, 0x00, 0x00, 0xFF, 0x00, 0x00, 0xFF,
    0x00, 0x00, 0xFF, 0x00, 0x00, 0xFF, 0x61, 0x08, 0xFF, 0xA2, 0x08, 0xFF, 0xA2, 0x00, 0xFF, 0xC3, 0x08, 0xFF,
    0x62, 0x00, 0xFF, 0x81, 0x00, 0xFF, 0x85, 0x2A, 0xFF, 0x49, 0x54, 0xFF, 0x85, 0x33, 0xFF, 0x69, 0x54, 0xFF,
    0x64, 0x2B, 0xFF, 0xC5, 0x33, 0xFF, 0x23, 0x23, 0xFF, 0xC3, 0x1A, 0xFF, 0xE3, 0x22, 0xFF, 0xC6, 0x3B, 0xFF,
    0xEC, 0x64, 0xFF, 0xCB, 0x64, 0xFF, 0xCC, 0x64, 0xFC, 0xAB, 0x5C, 0xEA, 0xCC, 0x64, 0xAF, 0x8B, 0x5C, 0x4E,
    0x07, 0x2B, 0x11, 0x86, 0x22, 0x01, 0x05, 0x1A, 0x00, 0x65, 0x1A, 0x00, 0x45, 0x1A, 0x00, 0xC4, 0x11, 0x00,
    0x25, 0x1A, 0x00, 0xE4, 0x11, 0x00, 0xE4, 0x19, 0x00, 0x25, 0x1A, 0x00, 0x25, 0x1A, 0x00, 0x04, 0x1A, 0x00,
    0xA4, 0x11, 0x00, 0x43, 0x11, 0x00, 0x81, 0x00, 0x00, 0x41, 0x00, 0x00, 0x82, 0x08, 0x00, 0x02, 0x09, 0x00,
    0x64, 0x11, 0x00, 0x64, 0x11, 0x00, 0x84, 0x11, 0x00, 0x43, 0x09, 0x00, 0x22, 0x09, 0x00, 0x43, 0x09, 0x00,
    0x43, 0x09, 0x00, 0x44, 0x09, 0x00, 0x23, 0x09, 0x00, 0x02, 0x01, 0x00, 0x43, 0x09, 0x00, 0x23, 0x09, 0x00,
    0x64, 0x11, 0x00, 0x23, 0x09, 0x00, 0xA2, 0x00, 0x00, 0x62, 0x00, 0x00, 0x42, 0x00, 0x07, 0x42, 0x08, 0x33,
    0x41, 0x00, 0xA4, 0x41, 0x00, 0xE8, 0x41, 0x00, 0xFC, 0x04, 0x09, 0xFF, 0x27, 0x22, 0xFF, 0x65, 0x09, 0xFF,
    0xE3, 0x08, 0xFF, 0x65, 0x11, 0xFF, 0xC6, 0x11, 0xFF, 0x44, 0x09, 0xFF, 0x24, 0x09, 0xFF, 0x44, 0x11, 0xFF,
    0xC3, 0x00, 0xFF, 0xE3, 0x08, 0xFF, 0x04, 0x11, 0xFF, 0x23, 0x09, 0xFF, 0xA8, 0x2A, 0xFF, 0x88, 0x22, 0xFF,
    0xC2, 0x08, 0xFF, 0x20, 0x00, 0xFF, 0x00, 0x00, 0xFF, 0x00, 0x00, 0xFF, 0x00, 0x00, 0xFF, 0x00, 0x00, 0xFF,
    0x00, 0x00, 0xFF, 0x20, 0x28, 0xFF, 0x21, 0x90, 0xFF, 0x00, 0xA8, 0xFF, 0x00, 0xA0, 0xFF, 0x00, 0xA0, 0xFF,
    0x00, 0xA0, 0xFF, 0x00, 0xA0, 0xFF, 0x00, 0xA0, 0xFF, 0x00, 0xA0, 0xFF, 0x00, 0xA0, 0xFF, 0x00, 0xA0, 0xFF,
    0x00, 0xA8, 0xFF, 0x00, 0xA8, 0xFF, 0x00, 0xA8, 0xFF, 0x00, 0xA8, 0xFF, 0x00, 0xA8, 0xFF, 0x00, 0xA8, 0xFF,
    0x00, 0xA8, 0xFF, 0x00, 0xA8, 0xFF, 0x00, 0xA8, 0xFF, 0x00, 0xA8, 0xFF, 0x00, 0xA8, 0xFF, 0x00, 0xA8, 0xFF,
    0x00, 0xA8, 0xFF, 0x00, 0xA8, 0xFF, 0x00, 0xA8, 0xFF, 0x00, 0xA8, 0xFF, 0x00, 0xA8, 0xFF, 0x00, 0xA8, 0xFF,
    0x00, 0xA8, 0xFF, 0x00, 0xB0, 0xFF, 0x00, 0xB0, 0xFF, 0x00, 0xB0, 0xFF, 0x21, 0xA8, 0xFF, 0x20, 0x38, 0xFF,
    0x00, 0x00, 0xFF, 0x00, 0x00, 0xFF, 0x00, 0x00, 0xFF, 0x00, 0x00, 0xFF, 0x00, 0x00, 0xFF, 0x00, 0x00, 0xFF,
    0x00, 0x00, 0xFF, 0x00, 0x00, 0xFF, 0x00, 0x00, 0xFF, 0x00, 0x00, 0xFF, 0x00, 0x00, 0xFF, 0x00, 0x00, 0xFF,
    0x00, 0x00, 0xFF, 0x00, 0x00, 0xFF, 0x00, 0x00, 0xFF, 0x21, 0x70, 0xFF, 0x20, 0xB0, 0xFF, 0x00, 0xB0, 0xFF,
    0x00, 0xB0, 0xFF, 0x00, 0xB0, 0xFF, 0x00, 0xB0, 0xFF, 0x00, 0xB0, 0xFF, 0x00, 0xB0, 0xFF, 0x00, 0xB0, 0xFF,
    0x00, 0xB0, 0xFF, 0x00, 0xB0, 0xFF, 0x00, 0xB0, 0xFF, 0x00, 0xB0, 0xFF, 0x00, 0xA8, 0xFF, 0x00, 0xA8, 0xFF,
    0x00, 0xA8, 0xFF, 0x00, 0xA8, 0xFF, 0x00, 0xA8, 0xFF, 0x00, 0xA8, 0xFF, 0x00, 0xA8, 0xFF, 0x00, 0xA8, 0xFF,
    0x00, 0xA8, 0xFF, 0x00, 0xA8, 0xFF, 0x00, 0xA8, 0xFF, 0x00, 0xA8, 0xFF, 0x00, 0xA8, 0xFF, 0x00, 0xA8, 0xFF,
    0x00, 0xA8, 0xFF, 0x00, 0xA8, 0xFF, 0x00, 0xA8, 0xFF, 0x00, 0xA8, 0xFF, 0x00, 0xA8, 0xFF, 0x00, 0xA8, 0xFF,
    0x00, 0xA0, 0xFF, 0x00, 0xA0, 0xFF, 0x00, 0xA0, 0xFF, 0x00, 0xA0, 0xFF, 0x00, 0xA0, 0xFF, 0x00, 0xA0, 0xFF,
    0x00, 0xA0, 0xFF, 0x21, 0xA0, 0xFF, 0x20, 0x60, 0xFF, 0x00, 0x08, 0xFF, 0x00, 0x00, 0xFF, 0x00, 0x00, 0xFF,
    0x00, 0x00, 0xFF, 0x00, 0x00, 0xFF, 0x00, 0x00, 0xFF, 0x61, 0x08, 0xFF, 0xA2, 0x08, 0xFF, 0x82, 0x00, 0xFF,
    0x82, 0x00, 0xFF, 0x61, 0x00, 0xFF, 0xE1, 0x00, 0xFF, 0x85, 0x2A, 0xFF, 0x67, 0x43, 0xFF, 0x27, 0x4C, 0xFF,
    0x63, 0x2B, 0xFF, 0x26, 0x44, 0xFF, 0xE3, 0x22, 0xFF, 0x44, 0x2B, 0xFF, 0x23, 0x2B, 0xFF, 0xC2, 0x1A, 0xFF,
    0x8A, 0x54, 0xFF, 0xEC, 0x6C, 0xFF, 0xCB, 0x64, 0xFF, 0xCC, 0x64, 0xFC, 0x8A, 0x5C, 0xE8, 0xEC, 0x64, 0xA4,
    0xA9, 0x43, 0x33, 0x63, 0x09, 0x07, 0xC5, 0x19, 0x00, 0x86, 0x1A, 0x00, 0x86, 0x22, 0x00, 0x25, 0x1A, 0x00,
    0xA6, 0x22, 0x00, 0xC7, 0x22, 0x00, 0x45, 0x1A, 0x00, 0x86, 0x22, 0x00, 0x26, 0x22, 0x00, 0x02, 0x09, 0x00,
    0xA1, 0x00, 0x00, 0xC2, 0x08, 0x00, 0x82, 0x00, 0x00, 0x41, 0x00, 0x00, 0x41, 0x00, 0x00, 0xA1, 0x00, 0x00,
    0x87, 0x1A, 0x00, 0xA7, 0x22, 0x00, 0xC7, 0x22, 0x00, 0xC7, 0x22, 0x00, 0xC7, 0x22, 0x00, 0xA7, 0x22, 0x00,
    0x87, 0x1A, 0x00, 0x46, 0x1A, 0x00, 0x67, 0x22, 0x00, 0x26, 0x1A, 0x00, 0xA4, 0x11, 0x00, 0x23, 0x09, 0x00,
    0xC2, 0x08, 0x00, 0xC2, 0x08, 0x00, 0xE3, 0x08, 0x00, 0xC2, 0x08, 0x03, 0x61, 0x00, 0x17, 0x41, 0x00, 0x5B,
    0x41, 0x00, 0xCC, 0x61, 0x00, 0xF8, 0x41, 0x00, 0xFF, 0x82, 0x00, 0xFF, 0x65, 0x09, 0xFF, 0x07, 0x1A, 0xFF,
    0xE7, 0x19, 0xFF, 0x03, 0x09, 0xFF, 0x04, 0x09, 0xFF, 0x85, 0x19, 0xFF, 0x24, 0x09, 0xFF, 0x24, 0x11, 0xFF,
    0x44, 0x11, 0xFF, 0x04, 0x11, 0xFF, 0xC3, 0x08, 0xFF, 0xA2, 0x00, 0xFF, 0x64, 0x09, 0xFF, 0x64, 0x11, 0xFF,
    0x20, 0x00, 0xFF, 0x00, 0x00, 0xFF, 0x00, 0x00, 0xFF, 0x00, 0x00, 0xFF, 0x20, 0x00, 0xFF, 0x00, 0x00, 0xFF,
    0x20, 0x40, 0xFF, 0x21, 0x90, 0xFF, 0x00, 0xA8, 0xFF, 0x00, 0xA0, 0xFF, 0x00, 0xA0, 0xFF, 0x00, 0xA0, 0xFF,
    0x00, 0xA0, 0xFF, 0x00, 0xA0, 0xFF, 0x00, 0xA8, 0xFF, 0x00, 0xA8, 0xFF, 0x00, 0xA8, 0xFF, 0x00, 0xA8, 0xFF,
    0x00, 0xA8, 0xFF, 0x00, 0xA8, 0xFF, 0x00, 0xA8, 0xFF, 0x00, 0xA8, 0xFF, 0x00, 0xA8, 0xFF, 0x00, 0xA8, 0xFF,
    0x00, 0xA8, 0xFF, 0x00, 0xA8, 0xFF, 0x00, 0xA8, 0xFF, 0x00, 0xA8, 0xFF, 0x00, 0xA8, 0xFF, 0x00, 0xA8, 0xFF,
    0x00, 0xB0, 0xFF, 0x00, 0xB0, 0xFF, 0x00, 0xB0, 0xFF, 0x00, 0xB0, 0xFF, 0x00, 0xB0, 0xFF, 0x00, 0xB0, 0xFF,
    0x00, 0xA8, 0xFF, 0x00, 0xA8, 0xFF, 0x00, 0xB0, 0xFF, 0x00, 0xB0, 0xFF, 0x21, 0x68, 0xFF, 0x00, 0x00, 0xFF,
    0x00, 0x00, 0xFF, 0x00, 0x00, 0xFF, 0x00, 0x00, 0xFF, 0x00, 0x00, 0xFF, 0x00, 0x00, 0xFF, 0x00, 0x00, 0xFF,
    0x00, 0x00, 0xFF, 0x00, 0x00, 0xFF, 0x00, 0x00, 0xFF, 0x00, 0x00, 0xFF, 0x00, 0x00, 0xFF, 0x00, 0x00, 0xFF,
    0x00, 0x00, 0xFF, 0x00, 0x00, 0xFF, 0x00, 0x20, 0xFF, 0x20, 0xA0, 0xFF, 0x00, 0xB0, 0xFF, 0x00, 0xB0, 0xFF,
    0x00, 0xB0, 0xFF, 0x00, 0xB0, 0xFF, 0x00, 0xB0, 0xFF, 0x00, 0xB0, 0xFF, 0x00, 0xB0, 0xFF, 0x00, 0xB0, 0xFF,
    0x00, 0xB0, 0xFF, 0x00, 0xB0, 0xFF, 0x00, 0xB0, 0xFF, 0x00, 0xB0, 0xFF, 0x00, 0xB0, 0xFF, 0x00, 0xB0, 0xFF,
    0x00, 0xB0, 0xFF, 0x00, 0xB0, 0xFF, 0x00, 0xB0, 0xFF, 0x00, 0xB0, 0xFF, 0x00, 0xA8, 0xFF, 0x00, 0xA8, 0xFF,
    0x00, 0xA8, 0xFF, 0x00, 0xA8, 0xFF, 0x00, 0xA8, 0xFF, 0x00, 0xA8, 0xFF, 0x00, 0xA8, 0xFF, 0x00, 0xA8, 0xFF,
    0x00, 0xA8, 0xFF, 0x00, 0xA8, 0xFF, 0x00, 0xA8, 0xFF, 0x00, 0xA8, 0xFF, 0x00, 0xA8, 0xFF, 0x00, 0xA8, 0xFF,
    0x00, 0xA8, 0xFF, 0x00, 0xA0, 0xFF, 0x00, 0xA0, 0xFF, 0x00, 0xA0, 0xFF, 0x00, 0xA0, 0xFF, 0x00, 0xA8, 0xFF,
    0x00, 0xA0, 0xFF, 0x00, 0xA0, 0xFF, 0x00, 0xA0, 0xFF, 0x41, 0x68, 0xFF, 0x00, 0x10, 0xFF, 0x00, 0x00, 0xFF,
    0x00, 0x00, 0xFF, 0x00, 0x00, 0xFF, 0x00, 0x00, 0xFF, 0x00, 0x00, 0xFF, 0x61, 0x08, 0xFF, 0xA2, 0x08, 0xFF,
    0x61, 0x00, 0xFF, 0x81, 0x00, 0xFF, 0xA1, 0x00, 0xFF, 0xE1, 0x08, 0xFF, 0xA3, 0x19, 0xFF, 0xC8, 0x4B, 0xFF,
    0xC5, 0x43, 0xFF, 0x47, 0x4C, 0xFF, 0x03, 0x23, 0xFF, 0x06, 0x44, 0xFF, 0x23, 0x2B, 0xFF, 0xA2, 0x1A, 0xFF,
    0xE7, 0x43, 0xFF, 0xEB, 0x64, 0xFF, 0xEC, 0x6C, 0xFF, 0xCC, 0x64, 0xFF, 0xAB, 0x64, 0xF8, 0xCB, 0x64, 0xCC,
    0x6B, 0x5C, 0x5B, 0x23, 0x09, 0x17, 0x61, 0x00, 0x03, 0x63, 0x11, 0x00, 0xA4, 0x19, 0x00, 0xC1, 0x00, 0x00,
    0xC4, 0x19, 0x00, 0x05, 0x1A, 0x00, 0xC1, 0x00, 0x00, 0xC2, 0x08, 0x00, 0xC2, 0x08, 0x00, 0x82, 0x00, 0x00,
    0xA2, 0x08, 0x00, 0xC3, 0x08, 0x00, 0x82, 0x00, 0x00, 0x41, 0x00, 0x00, 0x41, 0x00, 0x00, 0x62, 0x00, 0x00,
    0xAA, 0x3B, 0x00, 0xAA, 0x3B, 0x00, 0x69, 0x33, 0x00, 0x29, 0x2B, 0x00, 0x29, 0x2B, 0x00, 0x49, 0x2B, 0x00,
    0x8A, 0x33, 0x00, 0x6A, 0x33, 0x00, 0x49, 0x33, 0x00, 0x29, 0x2B, 0x00, 0x08, 0x2B, 0x00, 0x86, 0x22, 0x00,
    0xE4, 0x19, 0x00, 0x62, 0x11, 0x00, 0xA2, 0x11, 0x03, 0x04, 0x1A, 0x15, 0x63, 0x11, 0x50, 0xA1, 0x00, 0xB1,
    0x41, 0x00, 0xEE, 0x61, 0x00, 0xFE, 0x41, 0x00, 0xFF, 0x41, 0x00, 0xFF, 0x04, 0x09, 0xFF, 0x24, 0x09, 0xFF,
    0x85, 0x11, 0xFF, 0xC6, 0x11, 0xFF, 0x44, 0x11, 0xFF, 0xE3, 0x08, 0xFF, 0x03, 0x09, 0xFF, 0x86, 0x19, 0xFF,
    0x44, 0x11, 0xFF, 0xC3, 0x08, 0xFF, 0x03, 0x09, 0xFF, 0x64, 0x11, 0xFF, 0xE3, 0x10, 0xFF, 0x20, 0x00, 0xFF,
    0x00, 0x00, 0xFF, 0x00, 0x00, 0xFF, 0x00, 0x00, 0xFF, 0x00, 0x00, 0xFF, 0x00, 0x00, 0xFF, 0x20, 0x40, 0xFF,
    0x20, 0xA0, 0xFF, 0x00, 0xA0, 0xFF, 0x00, 0x98, 0xFF, 0x00, 0xA8, 0xFF, 0x00, 0xA0, 0xFF, 0x00, 0xA0, 0xFF,
    0x00, 0xA0, 0xFF, 0x00, 0xA8, 0xFF, 0x00, 0xA8, 0xFF, 0x00, 0xA8, 0xFF, 0x00, 0xA8, 0xFF, 0x00, 0xA8, 0xFF,
    0x00, 0xA8, 0xFF, 0x00, 0xA8, 0xFF, 0x00, 0xA8, 0xFF, 0x00, 0xA8, 0xFF, 0x00, 0xA8, 0xFF, 0x00, 0xA8, 0xFF,
    0x00, 0xA8, 0xFF, 0x00, 0xA8, 0xFF, 0x00, 0xA8, 0xFF, 0x00, 0xA8, 0xFF, 0x00, 0xA8, 0xFF, 0x00, 0xB0, 0xFF,
    0x00, 0xB0, 0xFF, 0x00, 0xB0, 0xFF, 0x00, 0xB0, 0xFF, 0x00, 0xB0, 0xFF, 0x00, 0xB0, 0xFF, 0x00, 0xB0, 0xFF,
    0x00, 0xA8, 0xFF, 0x00, 0xA8, 0xFF, 0x00, 0xB0, 0xFF, 0x21, 0xA8, 0xFF, 0x00, 0x28, 0xFF, 0x00, 0x00, 0xFF,
    0x00, 0x00, 0xFF, 0x00, 0x00, 0xFF, 0x00, 0x00, 0xFF, 0x00, 0x00, 0xFF, 0x00, 0x00, 0xFF, 0x00, 0x00, 0xFF,
    0x00, 0x00, 0xFF, 0x00, 0x00, 0xFF, 0x00, 0x00, 0xFF, 0x00, 0x00, 0xFF, 0x00, 0x00, 0xFF, 0x00, 0x00, 0xFF,
    0x00, 0x00, 0xFF, 0x00, 0x00, 0xFF, 0x01, 0x50, 0xFF, 0x20, 0xB0, 0xFF, 0x00, 0xB0, 0xFF, 0x00, 0xB0, 0xFF,
    0x00, 0xB0, 0xFF, 0x00, 0xB0, 0xFF, 0x00, 0xB0, 0xFF, 0x00, 0xB0, 0xFF, 0x00, 0xB0, 0xFF, 0x00, 0xB0, 0xFF,
    0x00, 0xB0, 0xFF, 0x00, 0xB0, 0xFF, 0x00, 0xB0, 0xFF, 0x00, 0xB0, 0xFF, 0x00, 0xB0, 0xFF, 0x00, 0xB0, 0xFF,
    0x00, 0xB0, 0xFF, 0x00, 0xB0, 0xFF, 0x00, 0xB0, 0xFF, 0x00, 0xB0, 0xFF, 0x00, 0xB0, 0xFF, 0x00, 0xB0, 0xFF,
    0x00, 0xA8, 0xFF, 0x00, 0xA8, 0xFF, 0x00, 0xA8, 0xFF, 0x00, 0xA8, 0xFF, 0x00, 0xA8, 0xFF, 0x00, 0xA8, 0xFF,
    0x00, 0xA8, 0xFF, 0x00, 0xA8, 0xFF, 0x00, 0xA8, 0xFF, 0x00, 0xA8, 0xFF, 0x00, 0xA8, 0xFF, 0x00, 0xA8, 0xFF,
    0x00, 0xA8, 0xFF, 0x00, 0xA8, 0xFF, 0x00, 0xA0, 0xFF, 0x00, 0xA0, 0xFF, 0x00, 0xA0, 0xFF, 0x00, 0xA0, 0xFF,
    0x00, 0xA0, 0xFF, 0x00, 0xA0, 0xFF, 0x00, 0xA0, 0xFF, 0x00, 0xA8, 0xFF, 0x21, 0x70, 0xFF, 0x00, 0x18, 0xFF,
    0x00, 0x00, 0xFF, 0x00, 0x00, 0xFF, 0x00, 0x00, 0xFF, 0x00, 0x00, 0xFF, 0x00, 0x00, 0xFF, 0xA2, 0x10, 0xFF,
    0xC2, 0x08, 0xFF, 0xC2, 0x08, 0xFF, 0xE3, 0x08, 0xFF, 0xC2, 0x08, 0xFF, 0xA1, 0x00, 0xFF, 0x24, 0x22, 0xFF,
    0x86, 0x43, 0xFF, 0xE6, 0x43, 0xFF, 0x64, 0x33, 0xFF, 0xC8, 0x5C, 0xFF, 0x03, 0x23, 0xFF, 0x85, 0x33, 0xFF,
    0x44, 0x33, 0xFF, 0xCA, 0x64, 0xFF, 0xEB, 0x64, 0xFF, 0xCB, 0x64, 0xFF, 0xCC, 0x64, 0xFE, 0x8B, 0x5C, 0xEE,
    0xED, 0x64, 0xB1, 0xE5, 0x19, 0x50, 0x61, 0x00, 0x15, 0x81, 0x00, 0x03, 0x82, 0x00, 0x00, 0x61, 0x00, 0x00,
    0x61, 0x00, 0x00, 0xA2, 0x00, 0x00, 0x82, 0x00, 0x00, 0x62, 0x00, 0x00, 0x61, 0x00, 0x00, 0x82, 0x00, 0x00,
    0x03, 0x11, 0x00, 0xE3, 0x08, 0x00, 0xA2, 0x00, 0x00, 0x41, 0x00, 0x00, 0x21, 0x00, 0x00, 0x82, 0x08, 0x00,
    0x68, 0x2B, 0x00, 0x69, 0x33, 0x00, 0x49, 0x33, 0x00, 0x08, 0x2B, 0x00, 0xE7, 0x22, 0x00, 0xE7, 0x22, 0x00,
    0x08, 0x2B, 0x00, 0x28, 0x2B, 0x00, 0x08, 0x2B, 0x00, 0x28, 0x2B, 0x00, 0xC6, 0x22, 0x00, 0xA6, 0x22, 0x00,
    0x64, 0x1A, 0x00, 0x63, 0x22, 0x01, 0x84, 0x22, 0x11, 0xC3, 0x11, 0x4E, 0x84, 0x11, 0xAF, 0x23, 0x11, 0xEA,
    0xA2, 0x08, 0xFC, 0x61, 0x00, 0xFF, 0x41, 0x00, 0xFF, 0x21, 0x00, 0xFF, 0xA3, 0x00, 0xFF, 0xC7, 0x19, 0xFF,
    0x64, 0x09, 0xFF, 0x24, 0x09, 0xFF, 0x44, 0x09, 0xFF, 0x24, 0x09, 0xFF, 0x24, 0x11, 0xFF, 0x24, 0x11, 0xFF,
    0x03, 0x09, 0xFF, 0x85, 0x11, 0xFF, 0xC6, 0x19, 0xFF, 0x24, 0x11, 0xFF, 0x41, 0x00, 0xFF, 0x00, 0x00, 0xFF,
    0x00, 0x08, 0xFF, 0x00, 0x00, 0xFF, 0x00, 0x00, 0xFF, 0x00, 0x00, 0xFF, 0x20, 0x40, 0xFF, 0x20, 0x98, 0xFF,
    0x00, 0xA8, 0xFF, 0x00, 0xA0, 0xFF, 0x00, 0xA0, 0xFF, 0x00, 0xA0, 0xFF, 0x00, 0xA0, 0xFF, 0x00, 0xA0, 0xFF,
    0x00, 0xA0, 0xFF, 0x00, 0xA8, 0xFF, 0x00, 0xA8, 0xFF, 0x00, 0xA8, 0xFF, 0x00, 0xA8, 0xFF, 0x00, 0xA8, 0xFF,
    0x00, 0xA8, 0xFF, 0x00, 0xA8, 0xFF, 0x00, 0xA8, 0xFF, 0x00, 0xA8, 0xFF, 0x00, 0xA8, 0xFF, 0x00, 0xA8, 0xFF,
    0x00, 0xA8, 0xFF, 0x00, 0xA8, 0xFF, 0x00, 0xA8, 0xFF, 0x00, 0xA8, 0xFF, 0x00, 0xA8, 0xFF, 0x00, 0xA8, 0xFF,
    0x00, 0xB0, 0xFF, 0x00, 0xB0, 0xFF, 0x00, 0xB0, 0xFF, 0x00, 0xB0, 0xFF, 0x00, 0xB0, 0xFF, 0x00, 0xB0, 0xFF,
    0x00, 0xB0, 0xFF, 0x00, 0xB0, 0xFF, 0x00, 0xB8, 0xFF, 0x21, 0x70, 0xFF, 0x00, 0x00, 0xFF, 0x00, 0x00, 0xFF,
    0x00, 0x00, 0xFF, 0x00, 0x00, 0xFF, 0x00, 0x00, 0xFF, 0x00, 0x00, 0xFF, 0x00, 0x00, 0xFF, 0x00, 0x00, 0xFF,
    0x00, 0x00, 0xFF, 0x00, 0x00, 0xFF, 0x00, 0x00, 0xFF, 0x00, 0x00, 0xFF, 0x00, 0x00, 0xFF, 0x00, 0x00, 0xFF,
    0x00, 0x00, 0xFF, 0x00, 0x00, 0xFF, 0x21, 0x78, 0xFF, 0x00, 0xB8, 0xFF, 0x00, 0xB0, 0xFF, 0x00, 0xB0, 0xFF,
    0x00, 0xB0, 0xFF, 0x00, 0xB0, 0xFF, 0x00, 0xB0, 0xFF, 0x00, 0xB0, 0xFF, 0x00, 0xB0, 0xFF, 0x00, 0xB0, 0xFF,
    0x00, 0xB0, 0xFF, 0x00, 0xB0, 0xFF, 0x00, 0xB0, 0xFF, 0x00, 0xB0, 0xFF, 0x00, 0xB0, 0xFF, 0x00, 0xB0, 0xFF,
    0x00, 0xB0, 0xFF, 0x00, 0xB0, 0xFF, 0x00, 0xB0, 0xFF, 0x00, 0xB0, 0xFF, 0x00, 0xB0, 0xFF, 0x00, 0xB0, 0xFF,
    0x00, 0xA8, 0xFF, 0x00, 0xA8, 0xFF, 0x00, 0xA8, 0xFF, 0x00, 0xA8, 0xFF, 0x00, 0xA8, 0xFF, 0x00, 0xA8, 0xFF,
    0x00, 0xA8, 0xFF, 0x00, 0xA8, 0xFF, 0x00, 0xA8, 0xFF, 0x00, 0xA8, 0xFF, 0x00, 0xA8, 0xFF, 0x00, 0xA8, 0xFF,
    0x00, 0xA8, 0xFF, 0x00, 0xA8, 0xFF, 0x00, 0xA8, 0xFF, 0x00, 0xA8, 0xFF, 0x00, 0xA0, 0xFF, 0x00, 0xA0, 0xFF,
    0x00, 0xA0, 0xFF, 0x00, 0xA0, 0xFF, 0x00, 0xA0, 0xFF, 0x00, 0xA0, 0xFF, 0x20, 0xA0, 0xFF, 0x41, 0x78, 0xFF,
    0x00, 0x18, 0xFF, 0x00, 0x00, 0xFF, 0x00, 0x00, 0xFF, 0x00, 0x00, 0xFF, 0x00, 0x00, 0xFF, 0x00, 0x00, 0xFF,
    0xA2, 0x08, 0xFF, 0xE3, 0x08, 0xFF, 0x24, 0x11, 0xFF, 0xC2, 0x08, 0xFF, 0x61, 0x00, 0xFF, 0x61, 0x00, 0xFF,
    0x62, 0x19, 0xFF, 0x46, 0x43, 0xFF, 0x06, 0x44, 0xFF, 0x67, 0x5C, 0xFF, 0x04, 0x2B, 0xFF, 0xC5, 0x3B, 0xFF,
    0x02, 0x23, 0xFF, 0x07, 0x44, 0xFF, 0x0C, 0x6D, 0xFF, 0xCC, 0x64, 0xFF, 0xCC, 0x64, 0xFF, 0xCB, 0x5C, 0xFC,
    0x4A, 0x4C, 0xEA, 0xA6, 0x2A, 0xAF, 0xC2, 0x00, 0x4E, 0xC3, 0x00, 0x11, 0x82, 0x00, 0x01, 0x62, 0x00, 0x00,
    0x82, 0x00, 0x00, 0xA2, 0x00, 0x00, 0xA2, 0x08, 0x00, 0x82, 0x08, 0x00, 0x62, 0x00, 0x00, 0x82, 0x08, 0x00,
    0x84, 0x21, 0x00, 0x44, 0x19, 0x00, 0xA2, 0x08, 0x00, 0x41, 0x00, 0x00, 0x41, 0x00, 0x00, 0x03, 0x11, 0x00,
    0x47, 0x23, 0x00, 0x27, 0x23, 0x00, 0x28, 0x2B, 0x00, 0xE7, 0x22, 0x00, 0xC6, 0x22, 0x00, 0xA6, 0x22, 0x00,
    0x86, 0x22, 0x00, 0x45, 0x1A, 0x00, 0x25, 0x1A, 0x00, 0x44, 0x1A, 0x00, 0xC4, 0x2A, 0x00, 0xA4, 0x22, 0x00,
    0xE4, 0x22, 0x00, 0xE4, 0x2A, 0x07, 0x22, 0x1A, 0x33, 0xA3, 0x11, 0xA4, 0xC4, 0x19, 0xE8, 0x43, 0x11, 0xFC,
    0x03, 0x09, 0xFF, 0xC2, 0x08, 0xFF, 0x61, 0x00, 0xFF, 0x41, 0x00, 0xFF, 0x41, 0x00, 0xFF, 0x24, 0x11, 0xFF,
    0x65, 0x11, 0xFF, 0x24, 0x09, 0xFF, 0xE3, 0x08, 0xFF, 0xC3, 0x08, 0xFF, 0x03, 0x09, 0xFF, 0x44, 0x11, 0xFF,
    0x64, 0x11, 0xFF, 0x44, 0x09, 0xFF, 0x03, 0x09, 0xFF, 0x20, 0x00, 0xFF, 0x00, 0x00, 0xFF, 0x00, 0x08, 0xFF,
    0x00, 0x00, 0xFF, 0x00, 0x00, 0xFF, 0x00, 0x00, 0xFF, 0x20, 0x40, 0xFF, 0x21, 0xA0, 0xFF, 0x00, 0xA0, 0xFF,
    0x00, 0x98, 0xFF, 0x00, 0xA0, 0xFF, 0x00, 0xA0, 0xFF, 0x00, 0xA0, 0xFF, 0x00, 0xA0, 0xFF, 0x00, 0xA0, 0xFF,
    0x00, 0xA8, 0xFF, 0x00, 0xA8, 0xFF, 0x00, 0xA8, 0xFF, 0x00, 0xA8, 0xFF, 0x00, 0xA8, 0xFF, 0x00, 0xA8, 0xFF,
    0x00, 0xA8, 0xFF, 0x00, 0xA8, 0xFF, 0x00, 0xA8, 0xFF, 0x00, 0xA8, 0xFF, 0x00, 0xA8, 0xFF, 0x00, 0xA8, 0xFF,
    0x00, 0xA8, 0xFF, 0x00, 0xA8, 0xFF, 0x00, 0xB0, 0xFF, 0x00, 0xB0, 0xFF, 0x00, 0xB0, 0xFF, 0x00, 0xB0, 0xFF,
    0x00, 0xB0, 0xFF, 0x00, 0xB0, 0xFF, 0x00, 0xB0, 0xFF, 0x00, 0xB0, 0xFF, 0x00, 0xB0, 0xFF, 0x00, 0xB0, 0xFF,
    0x00, 0xB0, 0xFF, 0x00, 0xB0, 0xFF, 0x20, 0xA8, 0xFF, 0x20, 0x30, 0xFF, 0x00, 0x00, 0xFF, 0x00, 0x00, 0xFF,
    0x00, 0x00, 0xFF, 0x00, 0x00, 0xFF, 0x00, 0x00, 0xFF, 0x00, 0x00, 0xFF, 0x00, 0x00, 0xFF, 0x00, 0x00, 0xFF,
    0x00, 0x00, 0xFF, 0x00, 0x00, 0xFF, 0x00, 0x00, 0xFF, 0x00, 0x00, 0xFF, 0x00, 0x00, 0xFF, 0x00, 0x00, 0xFF,
    0x00, 0x00, 0xFF, 0x00, 0x18, 0xFF, 0x41, 0x98, 0xFF, 0x00, 0xB8, 0xFF, 0x00, 0xB0, 0xFF, 0x00, 0xB0, 0xFF,
    0x00, 0xB0, 0xFF, 0x00, 0xB0, 0xFF, 0x00, 0xB0, 0xFF, 0x00, 0xB0, 0xFF, 0x00, 0xB0, 0xFF, 0x00, 0xB0, 0xFF,
    0x00, 0xB0, 0xFF, 0x00, 0xB0, 0xFF, 0x00, 0xB0, 0xFF, 0x00, 0xB0, 0xFF, 0x00, 0xB0, 0xFF, 0x00, 0xB0, 0xFF,
    0x00, 0xB0, 0xFF, 0x00, 0xB0, 0xFF, 0x00, 0xB0, 0xFF, 0x00, 0xB0, 0xFF, 0x00, 0xB0, 0xFF, 0x00, 0xB0, 0xFF,
    0x00, 0xB0, 0xFF, 0x00, 0xB0, 0xFF, 0x00, 0xA8, 0xFF, 0x00, 0xA8, 0xFF, 0x00, 0xA8, 0xFF, 0x00, 0xA8, 0xFF,
    0x00, 0xA8, 0xFF, 0x00, 0xA8, 0xFF, 0x00, 0xA8, 0xFF, 0x00, 0xA8, 0xFF, 0x00, 0xA8, 0xFF, 0x00, 0xA8, 0xFF,
    0x00, 0xA8, 0xFF, 0x00, 0xA8, 0xFF, 0x00, 0xA8, 0xFF, 0x00, 0xA8, 0xFF, 0x00, 0xA8, 0xFF, 0x00, 0xA0, 0xFF,
    0x00, 0xA0, 0xFF, 0x00, 0xA0, 0xFF, 0x00, 0xA0, 0xFF, 0x00, 0xA0, 0xFF, 0x00, 0xA0, 0xFF, 0x00, 0xA0, 0xFF,
    0x21, 0x70, 0xFF, 0x00, 0x18, 0xFF, 0x00, 0x00, 0xFF, 0x00, 0x00, 0xFF, 0x00, 0x00, 0xFF, 0x00, 0x00, 0xFF,
    0x00, 0x00, 0xFF, 0x82, 0x08, 0xFF, 0xA2, 0x08, 0xFF, 0x82, 0x08, 0xFF, 0x61, 0x00, 0xFF, 0x81, 0x00, 0xFF,
    0x41, 0x00, 0xFF, 0xE4, 0x21, 0xFF, 0xEC, 0x74, 0xFF, 0x48, 0x5C, 0xFF, 0x84, 0x3B, 0xFF, 0xA5, 0x3B, 0xFF,
    0x24, 0x2B, 0xFF, 0xA5, 0x3B, 0xFF, 0xEC, 0x64, 0xFF, 0xED, 0x6C, 0xFF, 0xAC, 0x64, 0xFF, 0xAB, 0x5C, 0xFF,
    0xCC, 0x5C, 0xFC, 0x66, 0x2A, 0xE8, 0xC2, 0x00, 0xA4, 0xE3, 0x08, 0x33, 0xA2, 0x00, 0x07, 0x61, 0x00, 0x00,
    0x61, 0x00, 0x00, 0xA2, 0x08, 0x00, 0xC3, 0x08, 0x00, 0xA2, 0x08, 0x00, 0x62, 0x00, 0x00, 0x82, 0x08, 0x00,
    0x64, 0x21, 0x00, 0x64, 0x19, 0x00, 0xA2, 0x00, 0x00, 0x61, 0x00, 0x00, 0x62, 0x00, 0x00, 0x44, 0x19, 0x00,
    0x47, 0x2B, 0x00, 0xA6, 0x22, 0x00, 0x85, 0x22, 0x00, 0x24, 0x1A, 0x00, 0xC3, 0x11, 0x00, 0xC3, 0x11, 0x00,
    0x83, 0x11, 0x00, 0x83, 0x11, 0x00, 0x42, 0x09, 0x00, 0x64, 0x2A, 0x00, 0xE5, 0x3A, 0x00, 0xC2, 0x11, 0x00,
    0x43, 0x1A, 0x01, 0xA2, 0x11, 0x13, 0x22, 0x09, 0x59, 0x42, 0x09, 0xCC, 0x22, 0x09, 0xF8, 0x23, 0x09, 0xFF,
    0x43, 0x11, 0xFF, 0xC2, 0x00, 0xFF, 0xC2, 0x00, 0xFF, 0x82, 0x00, 0xFF, 0x41, 0x00, 0xFF, 0x82, 0x08, 0xFF,
    0x24, 0x11, 0xFF, 0x44, 0x11, 0xFF, 0x03, 0x09, 0xFF, 0xC3, 0x08, 0xFF, 0x03, 0x09, 0xFF, 0x04, 0x09, 0xFF,
    0x44, 0x11, 0xFF, 0x44, 0x11, 0xFF, 0x82, 0x08, 0xFF, 0x00, 0x00, 0xFF, 0x00, 0x00, 0xFF, 0x00, 0x00, 0xFF,
    0x00, 0x00, 0xFF, 0x00, 0x00, 0xFF, 0x20, 0x40, 0xFF, 0x20, 0x98, 0xFF, 0x00, 0xA0, 0xFF, 0x00, 0x98, 0xFF,
    0x00, 0xA0, 0xFF, 0x00, 0xA0, 0xFF, 0x00, 0xA0, 0xFF, 0x00, 0xA0, 0xFF, 0x00, 0xA0, 0xFF, 0x00, 0xA8, 0xFF,
    0x00, 0xA8, 0xFF, 0x00, 0xA8, 0xFF, 0x00, 0xA8, 0xFF, 0x00, 0xA8, 0xFF, 0x00, 0xA8, 0xFF, 0x00, 0xA8, 0xFF,
    0x00, 0xA8, 0xFF, 0x00, 0xA8, 0xFF, 0x00, 0xA8, 0xFF, 0x00, 0xA8, 0xFF, 0x00, 0xA8, 0xFF, 0x00, 0xA8, 0xFF,
    0x00, 0xB0, 0xFF, 0x00, 0xB0, 0xFF, 0x00, 0xB0, 0xFF, 0x00, 0xB0, 0xFF, 0x00, 0xB0, 0xFF, 0x00, 0xB0, 0xFF,
    0x00, 0xB0, 0xFF, 0x00, 0xB0, 0xFF, 0x00, 0xB0, 0xFF, 0x00, 0xB0, 0xFF, 0x00, 0xB0, 0xFF, 0x00, 0xB0, 0xFF,
    0x00, 0xB0, 0xFF, 0x00, 0xB0, 0xFF, 0x41, 0x78, 0xFF, 0x00, 0x08, 0xFF, 0x00, 0x00, 0xFF, 0x00, 0x00, 0xFF,
    0x00, 0x00, 0xFF, 0x00, 0x00, 0xFF, 0x00, 0x00, 0xFF, 0x00, 0x00, 0xFF, 0x00, 0x00, 0xFF, 0x00, 0x00, 0xFF,
    0x00, 0x00, 0xFF, 0x00, 0x00, 0xFF, 0x00, 0x00, 0xFF, 0x00, 0x00, 0xFF, 0x00, 0x00, 0xFF, 0x00, 0x00, 0xFF,
    0x00, 0x00, 0xFF, 0x20, 0x40, 0xFF, 0x20, 0xB0, 0xFF, 0x00, 0xB8, 0xFF, 0x00, 0xB0, 0xFF, 0x00, 0xB0, 0xFF,
    0x00, 0xB0, 0xFF, 0x00, 0xB0, 0xFF, 0x00, 0xB0, 0xFF, 0x00, 0xB0, 0xFF, 0x00, 0xB0, 0xFF, 0x00, 0xB0, 0xFF,
    0x00, 0xB0, 0xFF, 0x00, 0xB0, 0xFF, 0x00, 0xB0, 0xFF, 0x00, 0xB0, 0xFF, 0x00, 0xB0, 0xFF, 0x00, 0xB0, 0xFF,
    0x00, 0xB0, 0xFF, 0x00, 0xB0, 0xFF, 0x00, 0xB0, 0xFF, 0x00, 0xB0, 0xFF, 0x00, 0xB0, 0xFF, 0x00, 0xB0, 0xFF,
    0x00, 0xB0, 0xFF, 0x00, 0xB0, 0xFF, 0x00, 0xB0, 0xFF, 0x00, 0xB0, 0xFF, 0x00, 0xB0, 0xFF, 0x00, 0xA8, 0xFF,
    0x00, 0xA8, 0xFF, 0x00, 0xA8, 0xFF, 0x00, 0xA8, 0xFF, 0x00, 0xA8, 0xFF, 0x00, 0xA8, 0xFF, 0x00, 0xA8, 0xFF,
    0x00, 0xA8, 0xFF, 0x00, 0xA8, 0xFF, 0x00, 0xA8, 0xFF, 0x00, 0xA8, 0xFF, 0x00, 0xA8, 0xFF, 0x00, 0xA8, 0xFF,
    0x00, 0xA0, 0xFF, 0x00, 0xA0, 0xFF, 0x00, 0xA0, 0xFF, 0x00, 0xA0, 0xFF, 0x00, 0xA0, 0xFF, 0x00, 0x98, 0xFF,
    0x00, 0xA8, 0xFF, 0x21, 0x70, 0xFF, 0x00, 0x10, 0xFF, 0x00, 0x00, 0xFF, 0x00, 0x00, 0xFF, 0x00, 0x00, 0xFF,
    0x00, 0x00, 0xFF, 0x00, 0x00, 0xFF, 0x82, 0x08, 0xFF, 0x81, 0x00, 0xFF, 0x61, 0x00, 0xFF, 0x81, 0x08, 0xFF,
    0xA3, 0x08, 0xFF, 0x61, 0x00, 0xFF, 0x87, 0x3A, 0xFF, 0xEC, 0x74, 0xFF, 0xC9, 0x6C, 0xFF, 0x64, 0x33, 0xFF,
    0xA5, 0x3B, 0xFF, 0x85, 0x33, 0xFF, 0xCA, 0x5C, 0xFF, 0xEC, 0x64, 0xFF, 0xAC, 0x64, 0xFF, 0xCC, 0x64, 0xFF,
    0x8B, 0x54, 0xFF, 0xE4, 0x19, 0xF8, 0xC2, 0x08, 0xCC, 0x03, 0x11, 0x59, 0xA2, 0x08, 0x13, 0x61, 0x00, 0x01,
    0x41, 0x00, 0x00, 0x82, 0x00, 0x00, 0xC3, 0x08, 0x00, 0xE3, 0x08, 0x00, 0xA2, 0x08, 0x00, 0x81, 0x00, 0x00,
    0x23, 0x19, 0x00, 0x24, 0x19, 0x00, 0x81, 0x00, 0x00, 0x82, 0x00, 0x00, 0x41, 0x00, 0x00, 0x44, 0x19, 0x00,
    0x23, 0x1A, 0x00, 0xE3, 0x11, 0x00, 0xA2, 0x19, 0x00, 0x82, 0x11, 0x00, 0x82, 0x11, 0x00, 0x82, 0x11, 0x00,
    0x62, 0x11, 0x00, 0x62, 0x11, 0x00, 0x83, 0x09, 0x00, 0xC2, 0x11, 0x00, 0x61, 0x09, 0x00, 0x42, 0x09, 0x00,
    0x41, 0x09, 0x07, 0x42, 0x09, 0x33, 0x43, 0x11, 0xA6, 0x43, 0x11, 0xEC, 0x43, 0x11, 0xFE, 0x02, 0x09, 0xFF,
    0x64, 0x11, 0xFF, 0xA5, 0x19, 0xFF, 0x03, 0x09, 0xFF, 0xC2, 0x08, 0xFF, 0x41, 0x00, 0xFF, 0x61, 0x00, 0xFF,
    0x85, 0x11, 0xFF, 0xC6, 0x19, 0xFF, 0x03, 0x09, 0xFF, 0x03, 0x09, 0xFF, 0x24, 0x11, 0xFF, 0x04, 0x09, 0xFF,
    0x04, 0x11, 0xFF, 0xA2, 0x08, 0xFF, 0x00, 0x00, 0xFF, 0x00, 0x00, 0xFF, 0x00, 0x00, 0xFF, 0x00, 0x00, 0xFF,
    0x00, 0x00, 0xFF, 0x01, 0x38, 0xFF, 0x21, 0x98, 0xFF, 0x00, 0xA0, 0xFF, 0x20, 0x98, 0xFF, 0x00, 0xA8, 0xFF,
    0x00, 0xA0, 0xFF, 0x00, 0xA0, 0xFF, 0x00, 0xA0, 0xFF, 0x00, 0xA0, 0xFF, 0x00, 0xA0, 0xFF, 0x00, 0xA8, 0xFF,
    0x00, 0xA8, 0xFF, 0x00, 0xA8, 0xFF, 0x00, 0xA8, 0xFF, 0x00, 0xA8, 0xFF, 0x00, 0xA8, 0xFF, 0x00, 0xA8, 0xFF,
    0x00, 0xA8, 0xFF, 0x00, 0xA8, 0xFF, 0x00, 0xA8, 0xFF, 0x00, 0xA8, 0xFF, 0x00, 0xB0, 0xFF, 0x00, 0xB0, 0xFF,
    0x00, 0xB0, 0xFF, 0x00, 0xB0, 0xFF, 0x00, 0xB0, 0xFF, 0x00, 0xB0, 0xFF, 0x00, 0xB0, 0xFF, 0x00, 0xB0, 0xFF,
    0x00, 0xB0, 0xFF, 0x00, 0xB0, 0xFF, 0x00, 0xB0, 0xFF, 0x00, 0xB0, 0xFF, 0x00, 0xB0, 0xFF, 0x00, 0xB8, 0xFF,
    0x00, 0xB0, 0xFF, 0x20, 0xB0, 0xFF, 0x20, 0x48, 0xFF, 0x00, 0x00, 0xFF, 0x00, 0x00, 0xFF, 0x20, 0x00, 0xFF,
    0x00, 0x00, 0xFF, 0x00, 0x00, 0xFF, 0x00, 0x00, 0xFF, 0x00, 0x00, 0xFF, 0x00, 0x00, 0xFF, 0x00, 0x00, 0xFF,
    0x00, 0x00, 0xFF, 0x00, 0x00, 0xFF, 0x00, 0x00, 0xFF, 0x00, 0x00, 0xFF, 0x00, 0x00, 0xFF, 0x00, 0x00, 0xFF,
    0x00, 0x00, 0xFF, 0x20, 0x58, 0xFF, 0x00, 0xC0, 0xFF, 0x00, 0xB0, 0xFF, 0x00, 0xB0, 0xFF, 0x00, 0xB0, 0xFF,
    0x00, 0xB0, 0xFF, 0x00, 0xB0, 0xFF, 0x00, 0xB0, 0xFF, 0x00, 0xB0, 0xFF, 0x00, 0xB0, 0xFF, 0x00, 0xB0, 0xFF,
    0x00, 0xB0, 0xFF, 0x00, 0xB0, 0xFF, 0x00, 0xB0, 0xFF, 0x00, 0xB0, 0xFF, 0x00, 0xB0, 0xFF, 0x00, 0xB0, 0xFF,
    0x00, 0xB0, 0xFF, 0x00, 0xB0, 0xFF, 0x00, 0xB0, 0xFF, 0x00, 0xB0, 0xFF, 0x00, 0xB0, 0xFF, 0x00, 0xB0, 0xFF,
    0x00, 0xB0, 0xFF, 0x00, 0xB0, 0xFF, 0x00, 0xB0, 0xFF, 0x00, 0xB0, 0xFF, 0x00, 0xB0, 0xFF, 0x00, 0xA8, 0xFF,
    0x00, 0xA8, 0xFF, 0x00, 0xA8, 0xFF, 0x00, 0xA8, 0xFF, 0x00, 0xA8, 0xFF, 0x00, 0xA8, 0xFF, 0x00, 0xA8, 0xFF,
    0x00, 0xA8, 0xFF, 0x00, 0xA8, 0xFF, 0x00, 0xA8, 0xFF, 0x00, 0xA8, 0xFF, 0x00, 0xA8, 0xFF, 0x00, 0xA8, 0xFF,
    0x00, 0xA8, 0xFF, 0x00, 0xA0, 0xFF, 0x00, 0xA0, 0xFF, 0x00, 0xA0, 0xFF, 0x00, 0xA0, 0xFF, 0x00, 0xA0, 0xFF,
    0x00, 0xA0, 0xFF, 0x00, 0xA0, 0xFF, 0x41, 0x68, 0xFF, 0x00, 0x10, 0xFF, 0x00, 0x00, 0xFF, 0x00, 0x00, 0xFF,
    0x00, 0x00, 0xFF, 0x00, 0x00, 0xFF, 0x20, 0x00, 0xFF, 0x81, 0x00, 0xFF, 0x81, 0x00, 0xFF, 0xA2, 0x08, 0xFF,
    0x81, 0x00, 0xFF, 0x82, 0x00, 0xFF, 0x00, 0x00, 0xFF, 0x04, 0x22, 0xFF, 0xC5, 0x32, 0xFF, 0xE8, 0x4B, 0xFF,
    0xE6, 0x43, 0xFF, 0xA6, 0x3B, 0xFF, 0xA6, 0x3B, 0xFF, 0x8A, 0x5C, 0xFF, 0xCC, 0x64, 0xFF, 0xED, 0x64, 0xFF,
    0x4B, 0x54, 0xFF, 0x63, 0x09, 0xFE, 0x03, 0x09, 0xEC, 0x23, 0x11, 0xA6, 0xC2, 0x08, 0x33, 0x61, 0x00, 0x07,
    0x41, 0x00, 0x00, 0x61, 0x00, 0x00, 0x61, 0x00, 0x00, 0xA2, 0x00, 0x00, 0x82, 0x00, 0x00, 0x81, 0x00, 0x00,
    0x43, 0x19, 0x00, 0xE2, 0x08, 0x00, 0x81, 0x00, 0x00, 0x82, 0x08, 0x00, 0x41, 0x00, 0x00, 0xE3, 0x10, 0x00,
    0xE2, 0x11, 0x00, 0xE2, 0x11, 0x00, 0xC2, 0x11, 0x00, 0xC3, 0x11, 0x00, 0xA2, 0x11, 0x00, 0xA3, 0x11, 0x00,
    0x82, 0x11, 0x00, 0xA3, 0x11, 0x00, 0x62, 0x11, 0x00, 0x62, 0x09, 0x00, 0x63, 0x11, 0x00, 0x83, 0x11, 0x03,
    0xC3, 0x11, 0x17, 0x83, 0x11, 0x5B, 0x63, 0x11, 0xCC, 0x63, 0x11, 0xF8, 0xE2, 0x08, 0xFF, 0xA2, 0x08, 0xFF,
    0xC2, 0x08, 0xFF, 0x64, 0x11, 0xFF, 0x85, 0x19, 0xFF, 0xA2, 0x00, 0xFF, 0x82, 0x00, 0xFF, 0x65, 0x11, 0xFF,
    0x68, 0x22, 0xFF, 0x85, 0x11, 0xFF, 0xC3, 0x00, 0xFF, 0x81, 0x00, 0xFF, 0xC2, 0x00, 0xFF, 0x03, 0x11, 0xFF,
    0x61, 0x08, 0xFF, 0x00, 0x00, 0xFF, 0x00, 0x00, 0xFF, 0x00, 0x00, 0xFF, 0x00, 0x00, 0xFF, 0x00, 0x00, 0xFF,
    0x00, 0x28, 0xFF, 0x21, 0x90, 0xFF, 0x00, 0xA0, 0xFF, 0x00, 0xA0, 0xFF, 0x00, 0xA0, 0xFF, 0x00, 0xA0, 0xFF,
    0x00, 0xA0, 0xFF, 0x00, 0xA0, 0xFF, 0x00, 0xA0, 0xFF, 0x00, 0xA8, 0xFF, 0x00, 0xA8, 0xFF, 0x00, 0xA8, 0xFF,
    0x00, 0xA8, 0xFF, 0x00, 0xA8, 0xFF, 0x00, 0xA8, 0xFF, 0x00, 0xA8, 0xFF, 0x00, 0xA8, 0xFF, 0x00, 0xA8, 0xFF,
    0x00, 0xA8, 0xFF, 0x00, 0xA8, 0xFF, 0x00, 0xA8, 0xFF, 0x00, 0xA8, 0xFF, 0x00, 0xA8, 0xFF, 0x00, 0xA8, 0xFF,
    0x00, 0xB0, 0xFF, 0x00, 0xB0, 0xFF, 0x00, 0xB0, 0xFF, 0x00, 0xB0, 0xFF, 0x00, 0xB0, 0xFF, 0x00, 0xB0, 0xFF,
    0x00, 0xB0, 0xFF, 0x00, 0xB0, 0xFF, 0x00, 0xB0, 0xFF, 0x00, 0xB0, 0xFF, 0x00, 0xB0, 0xFF, 0x00, 0xB8, 0xFF,
    0x00, 0xB0, 0xFF, 0x21, 0x98, 0xFF, 0x00, 0x18, 0xFF, 0x00, 0x00, 0xFF, 0x00, 0x00, 0xFF, 0x00, 0x00, 0xFF,
    0x00, 0x00, 0xFF, 0x00, 0x00, 0xFF, 0x00, 0x00, 0xFF, 0x00, 0x00, 0xFF, 0x00, 0x00, 0xFF, 0x00, 0x00, 0xFF,
    0x00, 0x00, 0xFF, 0x00, 0x00, 0xFF, 0x00, 0x00, 0xFF, 0x00, 0x00, 0xFF, 0x00, 0x00, 0xFF, 0x00, 0x00, 0xFF,
    0x00, 0x08, 0xFF, 0x40, 0x78, 0xFF, 0x00, 0xC0, 0xFF, 0x00, 0xB8, 0xFF, 0x00, 0xB8, 0xFF, 0x00, 0xB8, 0xFF,
    0x00, 0xB8, 0xFF, 0x00, 0xB8, 0xFF, 0x00, 0xB8, 0xFF, 0x00, 0xB8, 0xFF, 0x00, 0xB8, 0xFF, 0x00, 0xB8, 0xFF,
    0x00, 0xB8, 0xFF, 0x00, 0xB8, 0xFF, 0x00, 0xB8, 0xFF, 0x00, 0xB0, 0xFF, 0x00, 0xB0, 0xFF, 0x00, 0xB0, 0xFF,
    0x00, 0xB0, 0xFF, 0x00, 0xB0, 0xFF, 0x00, 0xB0, 0xFF, 0x00, 0xB0, 0xFF, 0x00, 0xB0, 0xFF, 0x00, 0xB0, 0xFF,
    0x00, 0xB0, 0xFF, 0x00, 0xB0, 0xFF, 0x00, 0xB0, 0xFF, 0x00, 0xB0, 0xFF, 0x00, 0xA8, 0xFF, 0x00, 0xA8, 0xFF,
    0x00, 0xA8, 0xFF, 0x00, 0xB0, 0xFF, 0x00, 0xA8, 0xFF, 0x00, 0xA8, 0xFF, 0x00, 0xA8, 0xFF, 0x00, 0xA8, 0xFF,
    0x00, 0xA8, 0xFF, 0x00, 0xA8, 0xFF, 0x00, 0xA8, 0xFF, 0x00, 0xA8, 0xFF, 0x00, 0xA8, 0xFF, 0x00, 0xA8, 0xFF,
    0x00, 0xA8, 0xFF, 0x00, 0xA0, 0xFF, 0x00, 0xA0, 0xFF, 0x00, 0xA0, 0xFF, 0x00, 0xA0, 0xFF, 0x00, 0xA0, 0xFF,
    0x00, 0xA0, 0xFF, 0x00, 0x98, 0xFF, 0x20, 0xA0, 0xFF, 0x20, 0x58, 0xFF, 0x00, 0x08, 0xFF, 0x00, 0x00, 0xFF,
    0x00, 0x00, 0xFF, 0x00, 0x00, 0xFF, 0x00, 0x00, 0xFF, 0x41, 0x00, 0xFF, 0xC2, 0x08, 0xFF, 0x81, 0x00, 0xFF,
    0x61, 0x00, 0xFF, 0x61, 0x00, 0xFF, 0x82, 0x00, 0xFF, 0x41, 0x00, 0xFF, 0x42, 0x11, 0xFF, 0xA8, 0x4B, 0xFF,
    0x66, 0x33, 0xFF, 0xC7, 0x3B, 0xFF, 0xA6, 0x3B, 0xFF, 0xC7, 0x43, 0xFF, 0xAA, 0x5C, 0xFF, 0xCC, 0x64, 0xFF,
    0xA6, 0x2A, 0xFF, 0x02, 0x09, 0xFF, 0x23, 0x09, 0xF8, 0x43, 0x11, 0xCC, 0xA3, 0x08, 0x5B, 0x62, 0x00, 0x17,
    0x41, 0x00, 0x03, 0x41, 0x00, 0x00, 0x41, 0x00, 0x00, 0x41, 0x00, 0x00, 0xC2, 0x08, 0x00, 0x22, 0x11, 0x00,
    0xC3, 0x21, 0x00, 0xE5, 0x21, 0x00, 0xA1, 0x00, 0x00, 0x82, 0x00, 0x00, 0x81, 0x00, 0x00, 0xE3, 0x10, 0x00,
    0x65, 0x2A, 0x00, 0x64, 0x22, 0x00, 0x44, 0x1A, 0x00, 0x03, 0x1A, 0x00, 0xE3, 0x19, 0x00, 0xC3, 0x11, 0x00,
    0xE3, 0x19, 0x00, 0xA2, 0x11, 0x00, 0xC3, 0x11, 0x00, 0xC3, 0x11, 0x00, 0xE4, 0x19, 0x01, 0xE4, 0x19, 0x11,
    0x83, 0x11, 0x4E, 0xE2, 0x08, 0xB1, 0xC3, 0x08, 0xEE, 0xC2, 0x00, 0xFE, 0xA2, 0x00, 0xFF, 0xA2, 0x00, 0xFF,
    0xA2, 0x00, 0xFF, 0xA2, 0x00, 0xFF, 0xC2, 0x08, 0xFF, 0xC2, 0x08, 0xFF, 0x44, 0x11, 0xFF, 0x47, 0x22, 0xFF,
    0x85, 0x11, 0xFF, 0x23, 0x09, 0xFF, 0x03, 0x09, 0xFF, 0xC2, 0x08, 0xFF, 0xC2, 0x08, 0xFF, 0xA2, 0x08, 0xFF,
    0x20, 0x00, 0xFF, 0x00, 0x00, 0xFF, 0x00, 0x00, 0xFF, 0x00, 0x00, 0xFF, 0x00, 0x00, 0xFF, 0x00, 0x18, 0xFF,
    0x21, 0x90, 0xFF, 0x00, 0xA8, 0xFF, 0x00, 0x98, 0xFF, 0x00, 0xA0, 0xFF, 0x00, 0xA0, 0xFF, 0x00, 0xA0, 0xFF,
    0x00, 0xA0, 0xFF, 0x00, 0xA0, 0xFF, 0x00, 0xA0, 0xFF, 0x00, 0xA8, 0xFF, 0x00, 0xA8, 0xFF, 0x00, 0xA8, 0xFF,
    0x00, 0xA8, 0xFF, 0x00, 0xA8, 0xFF, 0x00, 0xA8, 0xFF, 0x00, 0xA8, 0xFF, 0x00, 0xA8, 0xFF, 0x00, 0xA8, 0xFF,
    0x00, 0xA8, 0xFF, 0x00, 0xA8, 0xFF, 0x00, 0xA8, 0xFF, 0x00, 0xA8, 0xFF, 0x00, 0xA8, 0xFF, 0x00, 0xB0, 0xFF,
    0x00, 0xB0, 0xFF, 0x00, 0xB0, 0xFF, 0x00, 0xB0, 0xFF, 0x00, 0xB0, 0xFF, 0x00, 0xB0, 0xFF, 0x00, 0xB0, 0xFF,
    0x00, 0xB0, 0xFF, 0x00, 0xB0, 0xFF, 0x00, 0xB0, 0xFF, 0x00, 0xB0, 0xFF, 0x00, 0xB8, 0xFF, 0x00, 0xB0, 0xFF,
    0x00, 0xC0, 0xFF, 0x20, 0x68, 0xFF, 0x00, 0x00, 0xFF, 0x00, 0x00, 0xFF, 0x00, 0x00, 0xFF, 0x00, 0x00, 0xFF,
    0x00, 0x00, 0xFF, 0x00, 0x00, 0xFF, 0x00, 0x00, 0xFF, 0x00, 0x00, 0xFF, 0x00, 0x00, 0xFF, 0x00, 0x00, 0xFF,
    0x00, 0x00, 0xFF, 0x00, 0x00, 0xFF, 0x00, 0x00, 0xFF, 0x00, 0x00, 0xFF, 0x00, 0x00, 0xFF, 0x00, 0x00, 0xFF,
    0x00, 0x10, 0xFF, 0x40, 0x90, 0xFF, 0x00, 0xB8, 0xFF, 0x00, 0xB8, 0xFF, 0x00, 0xB8, 0xFF, 0x00, 0xB8, 0xFF,
    0x00, 0xB8, 0xFF, 0x00, 0xB8, 0xFF, 0x00, 0xB8, 0xFF, 0x00, 0xB8, 0xFF, 0x00, 0xB8, 0xFF, 0x00, 0xB8, 0xFF,
    0x00, 0xB8, 0xFF, 0x00, 0xB8, 0xFF, 0x00, 0xB8, 0xFF, 0x00, 0xB8, 0xFF, 0x00, 0xB0, 0xFF, 0x00, 0xB0, 0xFF,
    0x00, 0xB0, 0xFF, 0x00, 0xB0, 0xFF, 0x00, 0xB0, 0xFF, 0x00, 0xB0, 0xFF, 0x00, 0xB0, 0xFF, 0x00, 0xB0, 0xFF,
    0x00, 0xB0, 0xFF, 0x00, 0xB0, 0xFF, 0x00, 0xB0, 0xFF, 0x00, 0xB0, 0xFF, 0x00, 0xB0, 0xFF, 0x00, 0xB0, 0xFF,
    0x00, 0xB0, 0xFF, 0x00, 0xB0, 0xFF, 0x00, 0xA8, 0xFF, 0x00, 0xA8, 0xFF, 0x00, 0xA8, 0xFF, 0x00, 0xA8, 0xFF,
    0x00, 0xA8, 0xFF, 0x00, 0xA8, 0xFF, 0x00, 0xA8, 0xFF, 0x00, 0xA8, 0xFF, 0x00, 0xA8, 0xFF, 0x00, 0xA8, 0xFF,
    0x00, 0xA8, 0xFF, 0x00, 0xA0, 0xFF, 0x00, 0xA0, 0xFF, 0x00, 0xA0, 0xFF, 0x00, 0xA0, 0xFF, 0x00, 0xA0, 0xFF,
    0x00, 0xA0, 0xFF, 0x00, 0xA0, 0xFF, 0x00, 0xA0, 0xFF, 0x20, 0x98, 0xFF, 0x00, 0x50, 0xFF, 0x00, 0x00, 0xFF,
    0x00, 0x00, 0xFF, 0x00, 0x00, 0xFF, 0x00, 0x00, 0xFF, 0x00, 0x00, 0xFF, 0x61, 0x00, 0xFF, 0xC3, 0x08, 0xFF,
    0xA2, 0x08, 0xFF, 0xA2, 0x08, 0xFF, 0x81, 0x00, 0xFF, 0xA1, 0x08, 0xFF, 0xA2, 0x00, 0xFF, 0xE3, 0x19, 0xFF,
    0xE8, 0x4B, 0xFF, 0x08, 0x4C, 0xFF, 0xA6, 0x3B, 0xFF, 0x66, 0x33, 0xFF, 0x49, 0x54, 0xFF, 0xE9, 0x4B, 0xFF,
    0x83, 0x09, 0xFF, 0x23, 0x09, 0xFF, 0x64, 0x11, 0xFE, 0x43, 0x09, 0xEE, 0xA2, 0x08, 0xB1, 0x62, 0x00, 0x4E,
    0x41, 0x00, 0x11, 0x41, 0x00, 0x01, 0x41, 0x00, 0x00, 0x61, 0x00, 0x00, 0x61, 0x00, 0x00, 0x22, 0x11, 0x00,
    0x25, 0x2A, 0x00, 0xA4, 0x19, 0x00, 0x82, 0x00, 0x00, 0x41, 0x00, 0x00, 0x82, 0x00, 0x00, 0xE3, 0x10, 0x00,
    0x22, 0x09, 0x00, 0x42, 0x11, 0x00, 0xA3, 0x11, 0x00, 0x24, 0x22, 0x00, 0x64, 0x22, 0x00, 0x64, 0x22, 0x00,
    0x44, 0x1A, 0x00, 0x44, 0x1A, 0x00, 0xE3, 0x19, 0x00, 0x24, 0x22, 0x00, 0xC3, 0x11, 0x07, 0x62, 0x09, 0x33,
    0xC1, 0x00, 0xA4, 0xA2, 0x08, 0xE8, 0xC3, 0x08, 0xFC, 0xA2, 0x00, 0xFF, 0xC3, 0x08, 0xFF, 0xC2, 0x00, 0xFF,
    0xA2, 0x08, 0xFF, 0xA2, 0x08, 0xFF, 0x82, 0x00, 0xFF, 0xC2, 0x08, 0xFF, 0xA5, 0x19, 0xFF, 0xC5, 0x11, 0xFF,
    0x64, 0x11, 0xFF, 0x23, 0x09, 0xFF, 0x03, 0x09, 0xFF, 0xE3, 0x08, 0xFF, 0xC2, 0x08, 0xFF, 0x21, 0x00, 0xFF,
    0x00, 0x00, 0xFF, 0x00, 0x00, 0xFF, 0x00, 0x00, 0xFF, 0x00, 0x00, 0xFF, 0x00, 0x10, 0xFF, 0x21, 0x70, 0xFF,
    0x00, 0xA8, 0xFF, 0x00, 0x98, 0xFF, 0x00, 0xA8, 0xFF, 0x00, 0xA0, 0xFF, 0x00, 0xA0, 0xFF, 0x00, 0xA0, 0xFF,
    0x00, 0xA0, 0xFF, 0x00, 0xA8, 0xFF, 0x00, 0xA8, 0xFF, 0x00, 0xA8, 0xFF, 0x00, 0xA8, 0xFF, 0x00, 0xA8, 0xFF,
    0x00, 0xA8, 0xFF, 0x00, 0xA8, 0xFF, 0x00, 0xA8, 0xFF, 0x00, 0xA8, 0xFF, 0x00, 0xA8, 0xFF, 0x00, 0xA8, 0xFF,
    0x00, 0xA8, 0xFF, 0x00, 0xB0, 0xFF, 0x00, 0xB0, 0xFF, 0x00, 0xB0, 0xFF, 0x00, 0xB0, 0xFF, 0x00, 0xB0, 0xFF,
    0x00, 0xB0, 0xFF, 0x00, 0xB0, 0xFF, 0x00, 0xB0, 0xFF, 0x00, 0xB0, 0xFF, 0x00, 0xB0, 0xFF, 0x00, 0xB0, 0xFF,
    0x00, 0xB0, 0xFF, 0x00, 0xB0, 0xFF, 0x00, 0xB8, 0xFF, 0x00, 0xB8, 0xFF, 0x00, 0xB8, 0xFF, 0x00, 0xB0, 0xFF,
    0x20, 0xB0, 0xFF, 0x20, 0x30, 0xFF, 0x00, 0x00, 0xFF, 0x00, 0x00, 0xFF, 0x00, 0x00, 0xFF, 0x00, 0x00, 0xFF,
    0x00, 0x00, 0xFF, 0x00, 0x00, 0xFF, 0x00, 0x00, 0xFF, 0x00, 0x00, 0xFF, 0x00, 0x00, 0xFF, 0x00, 0x00, 0xFF,
    0x00, 0x00, 0xFF, 0x00, 0x00, 0xFF, 0x00, 0x00, 0xFF, 0x00, 0x00, 0xFF, 0x00, 0x00, 0xFF, 0x00, 0x00, 0xFF,
    0x00, 0x20, 0xFF, 0x21, 0xA8, 0xFF, 0x00, 0xB8, 0xFF, 0x00, 0xB8, 0xFF, 0x00, 0xB8, 0xFF, 0x00, 0xB8, 0xFF,
    0x00, 0xB8, 0xFF, 0x00, 0xB8, 0xFF, 0x00, 0xB8, 0xFF, 0x00, 0xB8, 0xFF, 0x00, 0xB8, 0xFF, 0x00, 0xB8, 0xFF,
    0x00, 0xB8, 0xFF, 0x00, 0xB8, 0xFF, 0x00, 0xB8, 0xFF, 0x00, 0xB8, 0xFF, 0x00, 0xB8, 0xFF, 0x00, 0xB8, 0xFF,
    0x00, 0xB8, 0xFF, 0x00, 0xB8, 0xFF, 0x00, 0xB0, 0xFF, 0x00, 0xB0, 0xFF, 0x00, 0xB0, 0xFF, 0x00, 0xB0, 0xFF,
    0x00, 0xB0, 0xFF, 0x00, 0xB0, 0xFF, 0x00, 0xB0, 0xFF, 0x00, 0xB0, 0xFF, 0x00, 0xB0, 0xFF, 0x00, 0xB0, 0xFF,
    0x00, 0xB0, 0xFF, 0x00, 0xB0, 0xFF, 0x00, 0xB0, 0xFF, 0x00, 0xB0, 0xFF, 0x00, 0xB0, 0xFF, 0x00, 0xA8, 0xFF,
    0x00, 0xA8, 0xFF, 0x00, 0xA8, 0xFF, 0x00, 0xA8, 0xFF, 0x00, 0xA8, 0xFF, 0x00, 0xA8, 0xFF, 0x00, 0xA8, 0xFF,
    0x00, 0xA8, 0xFF, 0x00, 0xA8, 0xFF, 0x00, 0xA8, 0xFF, 0x00, 0xA8, 0xFF, 0x00, 0xA8, 0xFF, 0x00, 0xA0, 0xFF,
    0x00, 0xA0, 0xFF, 0x00, 0xA0, 0xFF, 0x00, 0xA0, 0xFF, 0x00, 0xA8, 0xFF, 0x20, 0x90, 0xFF, 0x20, 0x30, 0xFF,
    0x00, 0x00, 0xFF, 0x00, 0x00, 0xFF, 0x00, 0x00, 0xFF, 0x00, 0x00, 0xFF, 0x00, 0x00, 0xFF, 0x82, 0x08, 0xFF,
    0xC2, 0x08, 0xFF, 0xC2, 0x08, 0xFF, 0xC2, 0x08, 0xFF, 0xC2, 0x08, 0xFF, 0xA2, 0x00, 0xFF, 0xE2, 0x08, 0xFF,
    0xE7, 0x3A, 0xFF, 0xE8, 0x4B, 0xFF, 0x49, 0x4C, 0xFF, 0x66, 0x33, 0xFF, 0x49, 0x54, 0xFF, 0xE6, 0x32, 0xFF,
    0x02, 0x01, 0xFF, 0x84, 0x11, 0xFF, 0xE5, 0x19, 0xFF, 0x23, 0x09, 0xFC, 0xA2, 0x08, 0xE8, 0x61, 0x00, 0xA4,
    0x61, 0x00, 0x33, 0x61, 0x00, 0x07, 0x41, 0x00, 0x00, 0x41, 0x00, 0x00, 0x41, 0x00, 0x00, 0x62, 0x00, 0x00,
    0xA2, 0x00, 0x00, 0x61, 0x00, 0x00, 0x41, 0x00, 0x00, 0x41, 0x00, 0x00, 0x61, 0x00, 0x00, 0x41, 0x00, 0x00,
    0x82, 0x00, 0x00, 0x61, 0x00, 0x00, 0x61, 0x00, 0x00, 0x81, 0x00, 0x00, 0xC2, 0x08, 0x00, 0x02, 0x09, 0x00,
    0xE2, 0x08, 0x00, 0x03, 0x09, 0x00, 0xC2, 0x08, 0x00, 0xA1, 0x00, 0x01, 0xA1, 0x00, 0x13, 0x64, 0x19, 0x59,
    0x23, 0x11, 0xCC, 0xC2, 0x08, 0xF8, 0xC2, 0x08, 0xFF, 0xC3, 0x08, 0xFF, 0xE2, 0x08, 0xFF, 0x03, 0x09, 0xFF,
    0xC2, 0x08, 0xFF, 0xA2, 0x08, 0xFF, 0x82, 0x00, 0xFF, 0xE3, 0x08, 0xFF, 0x84, 0x11, 0xFF, 0xA4, 0x11, 0xFF,
    0x64, 0x11, 0xFF, 0x24, 0x11, 0xFF, 0x03, 0x09, 0xFF, 0xE3, 0x08, 0xFF, 0x61, 0x08, 0xFF, 0x00, 0x00, 0xFF,
    0x00, 0x00, 0xFF, 0x00, 0x00, 0xFF, 0x00, 0x00, 0xFF, 0x00, 0x08, 0xFF, 0x21, 0x60, 0xFF, 0x20, 0x98, 0xFF,
    0x00, 0xA0, 0xFF, 0x00, 0xA0, 0xFF, 0x00, 0xA0, 0xFF, 0x00, 0xA0, 0xFF, 0x00, 0xA0, 0xFF, 0x00, 0xA0, 0xFF,
    0x00, 0xA0, 0xFF, 0x00, 0xA8, 0xFF, 0x00, 0xA8, 0xFF, 0x00, 0xA8, 0xFF, 0x00, 0xA8, 0xFF, 0x00, 0xA8, 0xFF,
    0x00, 0xA8, 0xFF, 0x00, 0xA8, 0xFF, 0x00, 0xA8, 0xFF, 0x00, 0xA8, 0xFF, 0x00, 0xA8, 0xFF, 0x00, 0xB0, 0xFF,
    0x00, 0xB0, 0xFF, 0x00, 0xB0, 0xFF, 0x00, 0xB0, 0xFF, 0x00, 0xB0, 0xFF, 0x00, 0xB0, 0xFF, 0x00, 0xB0, 0xFF,
    0x00, 0xB0, 0xFF, 0x00, 0xB0, 0xFF, 0x00, 0xB0, 0xFF, 0x00, 0xB0, 0xFF, 0x00, 0xB0, 0xFF, 0x00, 0xB0, 0xFF,
    0x00, 0xB0, 0xFF, 0x00, 0xB8, 0xFF, 0x00, 0xB8, 0xFF, 0x00, 0xB8, 0xFF, 0x00, 0xB0, 0xFF, 0x00, 0xC0, 0xFF,
    0x20, 0x90, 0xFF, 0x00, 0x10, 0xFF, 0x00, 0x00, 0xFF, 0x00, 0x00, 0xFF, 0x00, 0x00, 0xFF, 0x00, 0x00, 0xFF,
    0x00, 0x00, 0xFF, 0x00, 0x00, 0xFF, 0x00, 0x00, 0xFF, 0x00, 0x00, 0xFF, 0x00, 0x00, 0xFF, 0x00, 0x00, 0xFF,
    0x00, 0x00, 0xFF, 0x00, 0x00, 0xFF, 0x00, 0x00, 0xFF, 0x00, 0x00, 0xFF, 0x00, 0x00, 0xFF, 0x00, 0x00, 0xFF,
    0x20, 0x30, 0xFF, 0x20, 0xB0, 0xFF, 0x00, 0xB8, 0xFF, 0x00, 0xB8, 0xFF, 0x00, 0xB8, 0xFF, 0x00, 0xB8, 0xFF,
    0x00, 0xB8, 0xFF, 0x00, 0xB8, 0xFF, 0x00, 0xB8, 0xFF, 0x00, 0xB8, 0xFF, 0x00, 0xB8, 0xFF, 0x00, 0xB8, 0xFF,
    0x00, 0xB8, 0xFF, 0x00, 0xB8, 0xFF, 0x00, 0xB8, 0xFF, 0x00, 0xB8, 0xFF, 0x00, 0xB8, 0xFF, 0x00, 0xB8, 0xFF,
    0x00, 0xB8, 0xFF, 0x00, 0xB8, 0xFF, 0x00, 0xB0, 0xFF, 0x00, 0xB0, 0xFF, 0x00, 0xB0, 0xFF, 0x00, 0xB0, 0xFF,
    0x00, 0xB0, 0xFF, 0x00, 0xB0, 0xFF, 0x00, 0xB0, 0xFF, 0x00, 0xB0, 0xFF, 0x00, 0xB0, 0xFF, 0x00, 0xB0, 0xFF,
    0x00, 0xB0, 0xFF, 0x00, 0xB0, 0xFF, 0x00, 0xB0, 0xFF, 0x00, 0xB0, 0xFF, 0x00, 0xB0, 0xFF, 0x00, 0xA8, 0xFF,
    0x00, 0xA8, 0xFF, 0x00, 0xA8, 0xFF, 0x00, 0xA8, 0xFF, 0x00, 0xA8, 0xFF, 0x00, 0xA8, 0xFF, 0x00, 0xA8, 0xFF,
    0x00, 0xA8, 0xFF, 0x00, 0xA8, 0xFF, 0x00, 0xA8, 0xFF, 0x00, 0xA8, 0xFF, 0x00, 0xA8, 0xFF, 0x00, 0xA8, 0xFF,
    0x00, 0xA0, 0xFF, 0x00, 0xA0, 0xFF, 0x00, 0xA0, 0xFF, 0x00, 0xA0, 0xFF, 0x00, 0xA8, 0xFF, 0x21, 0x90, 0xFF,
    0x00, 0x20, 0xFF, 0x00, 0x00, 0xFF, 0x00, 0x00, 0xFF, 0x00, 0x00, 0xFF, 0x00, 0x00, 0xFF, 0x20, 0x00, 0xFF,
    0xA2, 0x08, 0xFF, 0xC2, 0x00, 0xFF, 0xC2, 0x00, 0xFF, 0xC2, 0x08, 0xFF, 0xC2, 0x08, 0xFF, 0xA1, 0x00, 0xFF,
    0x22, 0x09, 0xFF, 0xC5, 0x32, 0xFF, 0x8B, 0x5C, 0xFF, 0x07, 0x44, 0xFF, 0x8A, 0x5C, 0xFF, 0x85, 0x2A, 0xFF,
    0x02, 0x01, 0xFF, 0xC6, 0x19, 0xFF, 0x05, 0x1A, 0xFF, 0xE2, 0x00, 0xFF, 0xA2, 0x08, 0xF8, 0x41, 0x00, 0xCC,
    0x61, 0x00, 0x59, 0x61, 0x00, 0x13, 0x61, 0x00, 0x01, 0x41, 0x00, 0x00, 0x41, 0x00, 0x00, 0x41, 0x00, 0x00,
    0x41, 0x00, 0x00, 0x41, 0x00, 0x00, 0x41, 0x00, 0x00, 0x82, 0x08, 0x00, 0x62, 0x00, 0x00, 0x41, 0x00, 0x00,
    0xC2, 0x08, 0x00, 0xA2, 0x00, 0x00, 0xA1, 0x00, 0x00, 0xA1, 0x00, 0x00, 0xC2, 0x08, 0x00, 0xA2, 0x00, 0x00,
    0xA2, 0x08, 0x00, 0x82, 0x00, 0x00, 0x61, 0x00, 0x00, 0x81, 0x00, 0x07, 0x61, 0x00, 0x33, 0x03, 0x11, 0xA6,
    0xC2, 0x08, 0xEC, 0xA2, 0x00, 0xFE, 0xC3, 0x08, 0xFF, 0xC2, 0x08, 0xFF, 0xE3, 0x08, 0xFF, 0xE3, 0x08, 0xFF,
    0x03, 0x09, 0xFF, 0xE3, 0x08, 0xFF, 0xA2, 0x08, 0xFF, 0xE3, 0x08, 0xFF, 0x64, 0x11, 0xFF, 0x63, 0x11, 0xFF,
    0x64, 0x11, 0xFF, 0x03, 0x09, 0xFF, 0xE2, 0x08, 0xFF, 0xC2, 0x08, 0xFF, 0x00, 0x00, 0xFF, 0x00, 0x00, 0xFF,
    0x00, 0x00, 0xFF, 0x00, 0x00, 0xFF, 0x00, 0x00, 0xFF, 0x20, 0x40, 0xFF, 0x21, 0x98, 0xFF, 0x00, 0xA0, 0xFF,
    0x00, 0xA0, 0xFF, 0x00, 0xA0, 0xFF, 0x00, 0xA0, 0xFF, 0x00, 0xA8, 0xFF, 0x00, 0xA8, 0xFF, 0x00, 0xA8, 0xFF,
    0x00, 0xA8, 0xFF, 0x00, 0xA8, 0xFF, 0x00, 0xA8, 0xFF, 0x00, 0xA8, 0xFF, 0x00, 0xA8, 0xFF, 0x00, 0xA8, 0xFF,
    0x00, 0xA8, 0xFF, 0x00, 0xA8, 0xFF, 0x00, 0xA8, 0xFF, 0x00, 0xB0, 0xFF, 0x00, 0xB0, 0xFF, 0x00, 0xB0, 0xFF,
    0x00, 0xB0, 0xFF, 0x00, 0xB0, 0xFF, 0x00, 0xB0, 0xFF, 0x00, 0xB0, 0xFF, 0x00, 0xB0, 0xFF, 0x00, 0xB0, 0xFF,
    0x00, 0xB0, 0xFF, 0x00, 0xB0, 0xFF, 0x00, 0xB0, 0xFF, 0x00, 0xB0, 0xFF, 0x00, 0xB0, 0xFF, 0x00, 0xB8, 0xFF,
    0x00, 0xB8, 0xFF, 0x00, 0xB8, 0xFF, 0x00, 0xB8, 0xFF, 0x00, 0xB8, 0xFF, 0x00, 0xB0, 0xFF, 0x00, 0xC0, 0xFF,
    0x21, 0x70, 0xFF, 0x00, 0x00, 0xFF, 0x00, 0x00, 0xFF, 0x00, 0x00, 0xFF, 0x00, 0x00, 0xFF, 0x00, 0x00, 0xFF,
    0x00, 0x00, 0xFF, 0x00, 0x00, 0xFF, 0x00, 0x00, 0xFF, 0x00, 0x00, 0xFF, 0x00, 0x00, 0xFF, 0x00, 0x00, 0xFF,
    0x00, 0x00, 0xFF, 0x00, 0x00, 0xFF, 0x00, 0x00, 0xFF, 0x00, 0x00, 0xFF, 0x00, 0x00, 0xFF, 0x00, 0x00, 0xFF,
    0x20, 0x38, 0xFF, 0x20, 0xB0, 0xFF, 0x00, 0xB8, 0xFF, 0x00, 0xC0, 0xFF, 0x00, 0xB8, 0xFF, 0x00, 0xB8, 0xFF,
    0x00, 0xB8, 0xFF, 0x00, 0xB8, 0xFF, 0x00, 0xB8, 0xFF, 0x00, 0xB8, 0xFF, 0x00, 0xB8, 0xFF, 0x00, 0xB8, 0xFF,
    0x00, 0xB8, 0xFF, 0x00, 0xB8, 0xFF, 0x00, 0xB8, 0xFF, 0x00, 0xB8, 0xFF, 0x00, 0xB8, 0xFF, 0x00, 0xB8, 0xFF,
    0x00, 0xB8, 0xFF, 0x00, 0xB8, 0xFF, 0x00, 0xB0, 0xFF, 0x00, 0xB0, 0xFF, 0x00, 0xB0, 0xFF, 0x00, 0xB0, 0xFF,
    0x00, 0xB0, 0xFF, 0x00, 0xB0, 0xFF, 0x00, 0xB0, 0xFF, 0x00, 0xB0, 0xFF, 0x00, 0xB0, 0xFF, 0x00, 0xB0, 0xFF,
    0x00, 0xB0, 0xFF, 0x00, 0xB0, 0xFF, 0x00, 0xB0, 0xFF, 0x00, 0xB0, 0xFF, 0x00, 0xB0, 0xFF, 0x00, 0xB0, 0xFF,
    0x00, 0xB0, 0xFF, 0x00, 0xA8, 0xFF, 0x00, 0xA8, 0xFF, 0x00, 0xA8, 0xFF, 0x00, 0xA8, 0xFF, 0x00, 0xA8, 0xFF,
    0x00, 0xA8, 0xFF, 0x00, 0xA8, 0xFF, 0x00, 0xA8, 0xFF, 0x00, 0xA8, 0xFF, 0x00, 0xA8, 0xFF, 0x00, 0xA0, 0xFF,
    0x00, 0xA0, 0xFF, 0x00, 0xA0, 0xFF, 0x00, 0xA0, 0xFF, 0x00, 0xA0, 0xFF, 0x00, 0xA0, 0xFF, 0x00, 0xA8, 0xFF,
    0x41, 0x70, 0xFF, 0x00, 0x10, 0xFF, 0x00, 0x00, 0xFF, 0x00, 0x00, 0xFF, 0x00, 0x00, 0xFF, 0x00, 0x00, 0xFF,
    0x41, 0x00, 0xFF, 0xC2, 0x08, 0xFF, 0xC2, 0x00, 0xFF, 0xC2, 0x08, 0xFF, 0xC2, 0x00, 0xFF, 0xC2, 0x00, 0xFF,
    0xC2, 0x00, 0xFF, 0x42, 0x09, 0xFF, 0xC5, 0x2A, 0xFF, 0x49, 0x4C, 0xFF, 0xE8, 0x4B, 0xFF, 0xC3, 0x11, 0xFF,
    0x43, 0x09, 0xFF, 0x64, 0x11, 0xFF, 0x63, 0x11, 0xFF, 0xE2, 0x08, 0xFF, 0x82, 0x08, 0xFE, 0x61, 0x00, 0xEC,
    0x41, 0x00, 0xA6, 0x82, 0x00, 0x33, 0xA2, 0x08, 0x07, 0x62, 0x00, 0x00, 0x61, 0x00, 0x00, 0x61, 0x00, 0x00,
    0x41, 0x00, 0x00, 0x41, 0x00, 0x00, 0x41, 0x00, 0x00, 0xA2, 0x08, 0x00, 0xA3, 0x08, 0x00, 0x61, 0x00, 0x00,
    0x63, 0x11, 0x00, 0x43, 0x11, 0x00, 0x22, 0x09, 0x00, 0x43, 0x11, 0x00, 0xE6, 0x29, 0x00, 0xC6, 0x21, 0x00,
    0x65, 0x19, 0x00, 0x85, 0x21, 0x00, 0xA5, 0x21, 0x01, 0x84, 0x19, 0x13, 0xC2, 0x00, 0x59, 0x81, 0x00, 0xCC,
    0xA2, 0x00, 0xF8, 0xC2, 0x08, 0xFF, 0xE3, 0x08, 0xFF, 0x03, 0x09, 0xFF, 0xE3, 0x08, 0xFF, 0x03, 0x09, 0xFF,
    0x24, 0x09, 0xFF, 0x04, 0x09, 0xFF, 0xE3, 0x08, 0xFF, 0xE2, 0x08, 0xFF, 0x63, 0x11, 0xFF, 0xA4, 0x19, 0xFF,
    0x23, 0x09, 0xFF, 0x23, 0x09, 0xFF, 0x23, 0x11, 0xFF, 0x41, 0x00, 0xFF, 0x00, 0x00, 0xFF, 0x00, 0x00, 0xFF,
    0x00, 0x00, 0xFF, 0x00, 0x00, 0xFF, 0x00, 0x20, 0xFF, 0x21, 0x90, 0xFF, 0x00, 0xA0, 0xFF, 0x00, 0xA0, 0xFF,
    0x00, 0xA0, 0xFF, 0x00, 0xA0, 0xFF, 0x00, 0xA0, 0xFF, 0x00, 0xA8, 0xFF, 0x00, 0xA8, 0xFF, 0x00, 0xA8, 0xFF,
    0x00, 0xA8, 0xFF, 0x00, 0xA8, 0xFF, 0x00, 0xA8, 0xFF, 0x00, 0xA8, 0xFF, 0x00, 0xA8, 0xFF, 0x00, 0xA8, 0xFF,
    0x00, 0xA8, 0xFF, 0x00, 0xA8, 0xFF, 0x00, 0xA8, 0xFF, 0x00, 0xB0, 0xFF, 0x00, 0xB0, 0xFF, 0x00, 0xB0, 0xFF,
    0x00, 0xB0, 0xFF, 0x00, 0xB0, 0xFF, 0x00, 0xB0, 0xFF, 0x00, 0xB0, 0xFF, 0x00, 0xB0, 0xFF, 0x00, 0xB0, 0xFF,
    0x00, 0xB0, 0xFF, 0x00, 0xB0, 0xFF, 0x00, 0xB0, 0xFF, 0x00, 0xB0, 0xFF, 0x00, 0xB8, 0xFF, 0x00, 0xB8, 0xFF,
    0x00, 0xB8, 0xFF, 0x00, 0xB8, 0xFF, 0x00, 0xB8, 0xFF, 0x00, 0xB8, 0xFF, 0x00, 0xB8, 0xFF, 0x20, 0xB0, 0xFF,
    0x20, 0x48, 0xFF, 0x00, 0x00, 0xFF, 0x00, 0x00, 0xFF, 0x00, 0x00, 0xFF, 0x00, 0x00, 0xFF, 0x00, 0x00, 0xFF,
    0x00, 0x00, 0xFF, 0x00, 0x00, 0xFF, 0x00, 0x00, 0xFF, 0x00, 0x00, 0xFF, 0x00, 0x00, 0xFF, 0x00, 0x00, 0xFF,
    0x00, 0x00, 0xFF, 0x00, 0x00, 0xFF, 0x00, 0x00, 0xFF, 0x00, 0x00, 0xFF, 0x00, 0x00, 0xFF, 0x00, 0x00, 0xFF,
    0x20, 0x40, 0xFF, 0x21, 0xB8, 0xFF, 0x00, 0xB8, 0xFF, 0x00, 0xB8, 0xFF, 0x00, 0xB8, 0xFF, 0x00, 0xB8, 0xFF,
    0x00, 0xB8, 0xFF, 0x00, 0xB8, 0xFF, 0x00, 0xB8, 0xFF, 0x00, 0xB8, 0xFF, 0x00, 0xB8, 0xFF, 0x00, 0xB8, 0xFF,
    0x00, 0xB8, 0xFF, 0x00, 0xB8, 0xFF, 0x00, 0xB8, 0xFF, 0x00, 0xB8, 0xFF, 0x00, 0xB8, 0xFF, 0x00, 0xB8, 0xFF,
    0x00, 0xB8, 0xFF, 0x00, 0xB8, 0xFF, 0x00, 0xB8, 0xFF, 0x00, 0xB8, 0xFF, 0x00, 0xB0, 0xFF, 0x00, 0xB0, 0xFF,
    0x00, 0xB0, 0xFF, 0x00, 0xB0, 0xFF, 0x00, 0xB0, 0xFF, 0x00, 0xB0, 0xFF, 0x00, 0xB0, 0xFF, 0x00, 0xB0, 0xFF,
    0x00, 0xB0, 0xFF, 0x00, 0xB0, 0xFF, 0x00, 0xB0, 0xFF, 0x00, 0xB0, 0xFF, 0x00, 0xB0, 0xFF, 0x00, 0xB0, 0xFF,
    0x00, 0xB0, 0xFF, 0x00, 0xA8, 0xFF, 0x00, 0xA8, 0xFF, 0x00, 0xA8, 0xFF, 0x00, 0xA8, 0xFF, 0x00, 0xA8, 0xFF,
    0x00, 0xA8, 0xFF, 0x00, 0xA8, 0xFF, 0x00, 0xA8, 0xFF, 0x00, 0xA8, 0xFF, 0x00, 0xA8, 0xFF, 0x00, 0xA0, 0xFF,
    0x00, 0xA0, 0xFF, 0x00, 0xA0, 0xFF, 0x00, 0xA0, 0xFF, 0x00, 0xA0, 0xFF, 0x00, 0x98, 0xFF, 0x00, 0xA0, 0xFF,
    0x21, 0xA0, 0xFF, 0x20, 0x50, 0xFF, 0x00, 0x00, 0xFF, 0x01, 0x00, 0xFF, 0x00, 0x00, 0xFF, 0x00, 0x00, 0xFF,
    0x00, 0x00, 0xFF, 0x81, 0x08, 0xFF, 0xC2, 0x08, 0xFF, 0xC2, 0x08, 0xFF, 0xC3, 0x08, 0xFF, 0xE2, 0x08, 0xFF,
    0xE3, 0x08, 0xFF, 0xA2, 0x00, 0xFF, 0xE4, 0x19, 0xFF, 0xCB, 0x64, 0xFF, 0xA7, 0x43, 0xFF, 0x83, 0x09, 0xFF,
    0x84, 0x11, 0xFF, 0x44, 0x11, 0xFF, 0x44, 0x11, 0xFF, 0x03, 0x09, 0xFF, 0x81, 0x00, 0xFF, 0x82, 0x00, 0xF8,
    0x62, 0x00, 0xCC, 0xC3, 0x08, 0x59, 0xA2, 0x00, 0x13, 0x82, 0x00, 0x01, 0x82, 0x00, 0x00, 0x62, 0x00, 0x00,
    0x61, 0x00, 0x00, 0x41, 0x00, 0x00, 0x41, 0x00, 0x00, 0x61, 0x00, 0x00, 0x82, 0x00, 0x00, 0x62, 0x00, 0x00,
    0x62, 0x09, 0x00, 0x83, 0x11, 0x00, 0x83, 0x11, 0x00, 0x83, 0x11, 0x00, 0x43, 0x11, 0x00, 0xA4, 0x19, 0x00,
    0x44, 0x19, 0x00, 0x24, 0x11, 0x00, 0xE5, 0x21, 0x07, 0x0A, 0x4B, 0x33, 0x6C, 0x5B, 0xA6, 0x03, 0x11, 0xEC,
    0xA1, 0x00, 0xFE, 0xA2, 0x00, 0xFF, 0xC3, 0x08, 0xFF, 0x03, 0x09, 0xFF, 0x03, 0x09, 0xFF, 0x03, 0x09, 0xFF,
    0x44, 0x09, 0xFF, 0x64, 0x11, 0xFF, 0x84, 0x11, 0xFF, 0x43, 0x09, 0xFF, 0xC5, 0x19, 0xFF, 0x26, 0x22, 0xFF,
    0x84, 0x11, 0xFF, 0xA4, 0x19, 0xFF, 0xE3, 0x10, 0xFF, 0x00, 0x00, 0xFF, 0x00, 0x00, 0xFF, 0x00, 0x00, 0xFF,
    0x00, 0x00, 0xFF, 0x00, 0x08, 0xFF, 0x41, 0x68, 0xFF, 0x00, 0xA8, 0xFF, 0x00, 0xA0, 0xFF, 0x00, 0xA0, 0xFF,
    0x00, 0xA0, 0xFF, 0x00, 0xA0, 0xFF, 0x00, 0xA0, 0xFF, 0x00, 0xA8, 0xFF, 0x00, 0xA8, 0xFF, 0x00, 0xA8, 0xFF,
    0x00, 0xA8, 0xFF, 0x00, 0xA8, 0xFF, 0x00, 0xA8, 0xFF, 0x00, 0xA8, 0xFF, 0x00, 0xA8, 0xFF, 0x00, 0xA8, 0xFF,
    0x00, 0xA8, 0xFF, 0x00, 0xA8, 0xFF, 0x00, 0xB0, 0xFF, 0x00, 0xB0, 0xFF, 0x00, 0xB0, 0xFF, 0x00, 0xB0, 0xFF,
    0x00, 0xB0, 0xFF, 0x00, 0xB0, 0xFF, 0x00, 0xB0, 0xFF, 0x00, 0xB0, 0xFF, 0x00, 0xB0, 0xFF, 0x00, 0xB0, 0xFF,
    0x00, 0xB0, 0xFF, 0x00, 0xB8, 0xFF, 0x00, 0xB8, 0xFF, 0x00, 0xB8, 0xFF, 0x00, 0xB8, 0xFF, 0x00, 0xB8, 0xFF,
    0x00, 0xB8, 0xFF, 0x00, 0xB8, 0xFF, 0x00, 0xB8, 0xFF, 0x00, 0xB8, 0xFF, 0x00, 0xB8, 0xFF, 0x41, 0xA0, 0xFF,
    0x00, 0x18, 0xFF, 0x00, 0x00, 0xFF, 0x00, 0x00, 0xFF, 0x00, 0x00, 0xFF, 0x00, 0x00, 0xFF, 0x00, 0x00, 0xFF,
    0x00, 0x00, 0xFF, 0x00, 0x00, 0xFF, 0x00, 0x00, 0xFF, 0x00, 0x00, 0xFF, 0x00, 0x00, 0xFF, 0x00, 0x00, 0xFF,
    0x00, 0x00, 0xFF, 0x00, 0x00, 0xFF, 0x00, 0x00, 0xFF, 0x00, 0x00, 0xFF, 0x00, 0x00, 0xFF, 0x00, 0x00, 0xFF,
    0x21, 0x48, 0xFF, 0x21, 0xB8, 0xFF, 0x00, 0xB8, 0xFF, 0x00, 0xB8, 0xFF, 0x00, 0xB8, 0xFF, 0x00, 0xB8, 0xFF,
    0x00, 0xB8, 0xFF, 0x00, 0xB8, 0xFF, 0x00, 0xB8, 0xFF, 0x00, 0xB8, 0xFF, 0x00, 0xB8, 0xFF, 0x00, 0xB8, 0xFF,
    0x00, 0xB8, 0xFF, 0x00, 0xB8, 0xFF, 0x00, 0xB8, 0xFF, 0x00, 0xB8, 0xFF, 0x00, 0xB8, 0xFF, 0x00, 0xB8, 0xFF,
    0x00, 0xB8, 0xFF, 0x00, 0xB8, 0xFF, 0x00, 0xB8, 0xFF, 0x00, 0xB8, 0xFF, 0x00, 0xB8, 0xFF, 0x00, 0xB8, 0xFF,
    0x00, 0xB8, 0xFF, 0x00, 0xB8, 0xFF, 0x00, 0xB8, 0xFF, 0x00, 0xB0, 0xFF, 0x00, 0xB0, 0xFF, 0x00, 0xB0, 0xFF,
    0x00, 0xB0, 0xFF, 0x00, 0xB0, 0xFF, 0x00, 0xB0, 0xFF, 0x00, 0xB0, 0xFF, 0x00, 0xB0, 0xFF, 0x00, 0xB0, 0xFF,
    0x00, 0xB0, 0xFF, 0x00, 0xB0, 0xFF, 0x00, 0xB0, 0xFF, 0x00, 0xA8, 0xFF, 0x00, 0xA8, 0xFF, 0x00, 0xA8, 0xFF,
    0x00, 0xA8, 0xFF, 0x00, 0xA8, 0xFF, 0x00, 0xA8, 0xFF, 0x00, 0xA8, 0xFF, 0x00, 0xA8, 0xFF, 0x00, 0xA8, 0xFF,
    0x00, 0xA0, 0xFF, 0x00, 0xA0, 0xFF, 0x00, 0xA0, 0xFF, 0x00, 0xA0, 0xFF, 0x00, 0xA0, 0xFF, 0x00, 0xA0, 0xFF,
    0x00, 0xA0, 0xFF, 0x21, 0x98, 0xFF, 0x00, 0x30, 0xFF, 0x00, 0x00, 0xFF, 0x00, 0x00, 0xFF, 0x00, 0x00, 0xFF,
    0x00, 0x00, 0xFF, 0x20, 0x00, 0xFF, 0xC2, 0x08, 0xFF, 0xC2, 0x08, 0xFF, 0xE3, 0x08, 0xFF, 0x03, 0x09, 0xFF,
    0xE3, 0x08, 0xFF, 0xE3, 0x08, 0xFF, 0xC1, 0x00, 0xFF, 0x45, 0x2A, 0xFF, 0x65, 0x22, 0xFF, 0xC4, 0x11, 0xFF,
    0xC5, 0x19, 0xFF, 0xA2, 0x00, 0xFF, 0x44, 0x11, 0xFF, 0x23, 0x11, 0xFF, 0x81, 0x00, 0xFF, 0x82, 0x00, 0xFE,
    0xA2, 0x08, 0xEC, 0xE3, 0x10, 0xA6, 0xC3, 0x08, 0x33, 0xA2, 0x00, 0x07, 0x82, 0x00, 0x00, 0x82, 0x00, 0x00,
    0x41, 0x00, 0x00, 0x41, 0x00, 0x00, 0x41, 0x00, 0x00, 0x61, 0x00, 0x00, 0x61, 0x00, 0x00, 0x61, 0x00, 0x00,
    0xC3, 0x19, 0x00, 0xE4, 0x19, 0x00, 0xC3, 0x11, 0x00, 0xA3, 0x11, 0x00, 0xC3, 0x11, 0x00, 0x83, 0x11, 0x00,
    0xE2, 0x08, 0x00, 0xC3, 0x08, 0x01, 0xC3, 0x08, 0x13, 0xC6, 0x29, 0x59, 0xEB, 0x4A, 0xCC, 0x85, 0x19, 0xF8,
    0x64, 0x19, 0xFF, 0xA2, 0x08, 0xFF, 0xA2, 0x08, 0xFF, 0x03, 0x09, 0xFF, 0x02, 0x09, 0xFF, 0x23, 0x09, 0xFF,
    0x63, 0x11, 0xFF, 0xE4, 0x19, 0xFF, 0x05, 0x22, 0xFF, 0x84, 0x11, 0xFF, 0x43, 0x09, 0xFF, 0xC4, 0x11, 0xFF,
    0x46, 0x22, 0xFF, 0xC4, 0x19, 0xFF, 0x00, 0x00, 0xFF, 0x00, 0x00, 0xFF, 0x00, 0x00, 0xFF, 0x00, 0x00, 0xFF,
    0x00, 0x00, 0xFF, 0x20, 0x48, 0xFF, 0x01, 0xA8, 0xFF, 0x00, 0xA0, 0xFF, 0x00, 0xA0, 0xFF, 0x00, 0xA0, 0xFF,
    0x00, 0xA0, 0xFF, 0x00, 0xA0, 0xFF, 0x00, 0xA0, 0xFF, 0x00, 0xA8, 0xFF, 0x00, 0xA8, 0xFF, 0x00, 0xA8, 0xFF,
    0x00, 0xA8, 0xFF, 0x00, 0xA8, 0xFF, 0x00, 0xA8, 0xFF, 0x00, 0xA8, 0xFF, 0x00, 0xA8, 0xFF, 0x00, 0xA8, 0xFF,
    0x00, 0xB0, 0xFF, 0x00, 0xB0, 0xFF, 0x00, 0xB0, 0xFF, 0x00, 0xB0, 0xFF, 0x00, 0xB0, 0xFF, 0x00, 0xB0, 0xFF,
    0x00, 0xB0, 0xFF, 0x00, 0xB0, 0xFF, 0x00, 0xB0, 0xFF, 0x00, 0xB0, 0xFF, 0x00, 0xB0, 0xFF, 0x00, 0xB8, 0xFF,
    0x00, 0xB8, 0xFF, 0x00, 0xB8, 0xFF, 0x00, 0xB8, 0xFF, 0x00, 0xB8, 0xFF, 0x00, 0xB8, 0xFF, 0x00, 0xB8, 0xFF,
    0x00, 0xB8, 0xFF, 0x00, 0xB8, 0xFF, 0x00, 0xB8, 0xFF, 0x00, 0xB8, 0xFF, 0x00, 0xC0, 0xFF, 0x20, 0x80, 0xFF,
    0x00, 0x00, 0xFF, 0x00, 0x00, 0xFF, 0x00, 0x00, 0xFF, 0x00, 0x00, 0xFF, 0x00, 0x00, 0xFF, 0x00, 0x00, 0xFF,
    0x00, 0x00, 0xFF, 0x00, 0x00, 0xFF, 0x00, 0x00, 0xFF, 0x00, 0x00, 0xFF, 0x00, 0x00, 0xFF, 0x00, 0x00, 0xFF,
    0x00, 0x00, 0xFF, 0x00, 0x00, 0xFF, 0x00, 0x00, 0xFF, 0x00, 0x00, 0xFF, 0x00, 0x00, 0xFF, 0x00, 0x00, 0xFF,
    0x21, 0x40, 0xFF, 0x21, 0xB8, 0xFF, 0x00, 0xC0, 0xFF, 0x00, 0xB8, 0xFF, 0x00, 0xC0, 0xFF, 0x00, 0xC0, 0xFF,
    0x00, 0xC0, 0xFF, 0x00, 0xC0, 0xFF, 0x00, 0xB8, 0xFF, 0x00, 0xB8, 0xFF, 0x00, 0xC0, 0xFF, 0x00, 0xB8, 0xFF,
    0x00, 0xB8, 0xFF, 0x00, 0xB8, 0xFF, 0x00, 0xB8, 0xFF, 0x00, 0xB8, 0xFF, 0x00, 0xB8, 0xFF, 0x00, 0xB8, 0xFF,
    0x00, 0xB8, 0xFF, 0x00, 0xB8, 0xFF, 0x00, 0xB8, 0xFF, 0x00, 0xB8, 0xFF, 0x00, 0xB8, 0xFF, 0x00, 0xB8, 0xFF,
    0x00, 0xB8, 0xFF, 0x00, 0xB8, 0xFF, 0x00, 0xB8, 0xFF, 0x00, 0xB0, 0xFF, 0x00, 0xB0, 0xFF, 0x00, 0xB0, 0xFF,
    0x00, 0xB0, 0xFF, 0x00, 0xB0, 0xFF, 0x00, 0xB0, 0xFF, 0x00, 0xB0, 0xFF, 0x00, 0xB0, 0xFF, 0x00, 0xB0, 0xFF,
    0x00, 0xB0, 0xFF, 0x00, 0xB0, 0xFF, 0x00, 0xB0, 0xFF, 0x00, 0xA8, 0xFF, 0x00, 0xA8, 0xFF, 0x00, 0xA8, 0xFF,
    0x00, 0xA8, 0xFF, 0x00, 0xA8, 0xFF, 0x00, 0xA8, 0xFF, 0x00, 0xA8, 0xFF, 0x00, 0xA8, 0xFF, 0x00, 0xA8, 0xFF,
    0x00, 0xA8, 0xFF, 0x00, 0xA0, 0xFF, 0x00, 0xA0, 0xFF, 0x00, 0xA0, 0xFF, 0x00, 0xA8, 0xFF, 0x00, 0xA0, 0xFF,
    0x00, 0x98, 0xFF, 0x00, 0xA8, 0xFF, 0x21, 0x88, 0xFF, 0x00, 0x10, 0xFF, 0x00, 0x00, 0xFF, 0x00, 0x00, 0xFF,
    0x00, 0x00, 0xFF, 0x00, 0x00, 0xFF, 0x61, 0x08, 0xFF, 0xE3, 0x08, 0xFF, 0x03, 0x09, 0xFF, 0x03, 0x09, 0xFF,
    0x23, 0x09, 0xFF, 0x43, 0x11, 0xFF, 0x64, 0x19, 0xFF, 0xC1, 0x00, 0xFF, 0x22, 0x09, 0xFF, 0x85, 0x11, 0xFF,
    0x02, 0x01, 0xFF, 0x82, 0x00, 0xFF, 0xC2, 0x08, 0xFF, 0xC2, 0x00, 0xFF, 0xA2, 0x08, 0xFF, 0x82, 0x08, 0xFF,
    0xA2, 0x08, 0xF8, 0xE3, 0x08, 0xCC, 0xE3, 0x08, 0x59, 0xA2, 0x00, 0x13, 0x82, 0x00, 0x01, 0x82, 0x08, 0x00,
    0x62, 0x00, 0x00, 0x62, 0x00, 0x00, 0x61, 0x00, 0x00, 0x61, 0x00, 0x00, 0x61, 0x00, 0x00, 0x41, 0x00, 0x00,
    0xE3, 0x19, 0x00, 0xE3, 0x11, 0x00, 0xE3, 0x11, 0x00, 0x45, 0x1A, 0x00, 0x04, 0x1A, 0x00, 0x84, 0x11, 0x00,
    0xA2, 0x00, 0x00, 0xA2, 0x00, 0x07, 0x82, 0x08, 0x33, 0x61, 0x00, 0xA6, 0x62, 0x00, 0xEC, 0xC3, 0x08, 0xFE,
    0x44, 0x19, 0xFF, 0xC5, 0x19, 0xFF, 0xE4, 0x11, 0xFF, 0x25, 0x1A, 0xFF, 0x46, 0x22, 0xFF, 0x25, 0x22, 0xFF,
    0x25, 0x22, 0xFF, 0x25, 0x1A, 0xFF, 0x25, 0x1A, 0xFF, 0xE4, 0x11, 0xFF, 0x22, 0x09, 0xFF, 0x22, 0x09, 0xFF,
    0xC7, 0x3A, 0xFF, 0xC1, 0x08, 0xFF, 0x00, 0x00, 0xFF, 0x00, 0x00, 0xFF, 0x00, 0x00, 0xFF, 0x00, 0x00, 0xFF,
    0x00, 0x28, 0xFF, 0x40, 0x88, 0xFF, 0x00, 0xA0, 0xFF, 0x00, 0xA0, 0xFF, 0x00, 0xA0, 0xFF, 0x00, 0xA0, 0xFF,
    0x00, 0xA0, 0xFF, 0x00, 0xA8, 0xFF, 0x00, 0xA8, 0xFF, 0x00, 0xA8, 0xFF, 0x00, 0xA8, 0xFF, 0x00, 0xA8, 0xFF,
    0x00, 0xA8, 0xFF, 0x00, 0xA8, 0xFF, 0x00, 0xA8, 0xFF, 0x00, 0xA8, 0xFF, 0x00, 0xA8, 0xFF, 0x00, 0xB0, 0xFF,
    0x00, 0xB0, 0xFF, 0x00, 0xB0, 0xFF, 0x00, 0xB0, 0xFF, 0x00, 0xB0, 0xFF, 0x00, 0xB0, 0xFF, 0x00, 0xB0, 0xFF,
    0x00, 0xB0, 0xFF, 0x00, 0xB0, 0xFF, 0x00, 0xB0, 0xFF, 0x00, 0xB0, 0xFF, 0x00, 0xB0, 0xFF, 0x00, 0xB0, 0xFF,
    0x00, 0xB0, 0xFF, 0x00, 0xB0, 0xFF, 0x00, 0xB8, 0xFF, 0x00, 0xB8, 0xFF, 0x00, 0xB8, 0xFF, 0x00, 0xB8, 0xFF,
    0x00, 0xB8, 0xFF, 0x00, 0xB8, 0xFF, 0x00, 0xB8, 0xFF, 0x00, 0xB8, 0xFF, 0x20, 0xC0, 0xFF, 0x01, 0x68, 0xFF,
    0x00, 0x00, 0xFF, 0x00, 0x00, 0xFF, 0x00, 0x00, 0xFF, 0x00, 0x00, 0xFF, 0x00, 0x00, 0xFF, 0x00, 0x00, 0xFF,
    0x00, 0x00, 0xFF, 0x00, 0x00, 0xFF, 0x00, 0x00, 0xFF, 0x00, 0x00, 0xFF, 0x00, 0x00, 0xFF, 0x00, 0x00, 0xFF,
    0x00, 0x00, 0xFF, 0x00, 0x00, 0xFF, 0x00, 0x00, 0xFF, 0x00, 0x00, 0xFF, 0x00, 0x00, 0xFF, 0x00, 0x00, 0xFF,
    0x20, 0x38, 0xFF, 0x40, 0xB8, 0xFF, 0x00, 0xC0, 0xFF, 0x00, 0xB8, 0xFF, 0x00, 0xC0, 0xFF, 0x00, 0xC0, 0xFF,
    0x00, 0xC0, 0xFF, 0x00, 0xC0, 0xFF, 0x00, 0xB8, 0xFF, 0x00, 0xB8, 0xFF, 0x00, 0xB8, 0xFF, 0x00, 0xB8, 0xFF,
    0x00, 0xB8, 0xFF, 0x00, 0xB8, 0xFF, 0x00, 0xB8, 0xFF, 0x00, 0xB8, 0xFF, 0x00, 0xB8, 0xFF, 0x00, 0xB8, 0xFF,
    0x00, 0xB8, 0xFF, 0x00, 0xB8, 0xFF, 0x00, 0xB8, 0xFF, 0x00, 0xB8, 0xFF, 0x00, 0xB8, 0xFF, 0x00, 0xB8, 0xFF,
    0x00, 0xB8, 0xFF, 0x00, 0xB8, 0xFF, 0x00, 0xB8, 0xFF, 0x00, 0xB8, 0xFF, 0x00, 0xB8, 0xFF, 0x00, 0xB8, 0xFF,
    0x00, 0xB0, 0xFF, 0x00, 0xB0, 0xFF, 0x00, 0xB0, 0xFF, 0x00, 0xB0, 0xFF, 0x00, 0xB0, 0xFF, 0x00, 0xB0, 0xFF,
    0x00, 0xB0, 0xFF, 0x00, 0xB0, 0xFF, 0x00, 0xB0, 0xFF, 0x00, 0xB0, 0xFF, 0x00, 0xB0, 0xFF, 0x00, 0xA8, 0xFF,
    0x00, 0xA8, 0xFF, 0x00, 0xA8, 0xFF, 0x00, 0xA8, 0xFF, 0x00, 0xA8, 0xFF, 0x00, 0xA8, 0xFF, 0x00, 0xA8, 0xFF,
    0x00, 0xA8, 0xFF, 0x00, 0xA8, 0xFF, 0x00, 0xA0, 0xFF, 0x00, 0xA8, 0xFF, 0x00, 0xA0, 0xFF, 0x00, 0xA0, 0xFF,
    0x00, 0xA0, 0xFF, 0x00, 0xA0, 0xFF, 0x00, 0xA8, 0xFF, 0x20, 0x50, 0xFF, 0x00, 0x00, 0xFF, 0x00, 0x00, 0xFF,
    0x00, 0x00, 0xFF, 0x00, 0x00, 0xFF, 0x00, 0x00, 0xFF, 0xE2, 0x08, 0xFF, 0x23, 0x09, 0xFF, 0x43, 0x09, 0xFF,
    0x64, 0x11, 0xFF, 0x64, 0x09, 0xFF, 0xA4, 0x19, 0xFF, 0xA5, 0x11, 0xFF, 0xA2, 0x00, 0xFF, 0xA2, 0x00, 0xFF,
    0xA2, 0x00, 0xFF, 0xA2, 0x08, 0xFF, 0xA2, 0x08, 0xFF, 0x82, 0x00, 0xFF, 0xA2, 0x08, 0xFF, 0xA2, 0x08, 0xFF,
    0xA2, 0x08, 0xFE, 0xC3, 0x08, 0xEC, 0x04, 0x09, 0xA6, 0xE3, 0x08, 0x33, 0x82, 0x00, 0x07, 0x82, 0x00, 0x00,
    0x82, 0x08, 0x00, 0x61, 0x00, 0x00, 0x62, 0x00, 0x00, 0x61, 0x00, 0x00, 0x61, 0x00, 0x00, 0x41, 0x00, 0x00,
    0x23, 0x1A, 0x00, 0x44, 0x1A, 0x00, 0x86, 0x2A, 0x00, 0x83, 0x11, 0x00, 0xE2, 0x08, 0x00, 0x81, 0x00, 0x00,
    0xA3, 0x08, 0x01, 0x82, 0x08, 0x13, 0x82, 0x00, 0x59, 0x82, 0x08, 0xCC, 0x82, 0x08, 0xF8, 0x81, 0x00, 0xFF,
    0xC5, 0x19, 0xFF, 0x28, 0x2B, 0xFF, 0xA6, 0x1A, 0xFF, 0x86, 0x1A, 0xFF, 0x66, 0x1A, 0xFF, 0x45, 0x1A, 0xFF,
    0x45, 0x1A, 0xFF, 0x25, 0x12, 0xFF, 0x66, 0x22, 0xFF, 0x65, 0x22, 0xFF, 0x21, 0x01, 0xFF, 0xE9, 0x4A, 0xFF,
    0xA8, 0x42, 0xFF, 0x00, 0x00, 0xFF, 0x00, 0x00, 0xFF, 0x00, 0x00, 0xFF, 0x00, 0x00, 0xFF, 0x00, 0x00, 0xFF,
    0x20, 0x68, 0xFF, 0x00, 0xA0, 0xFF, 0x00, 0xA8, 0xFF, 0x00, 0xA0, 0xFF, 0x00, 0xA0, 0xFF, 0x00, 0xA0, 0xFF,
    0x00, 0xA0, 0xFF, 0x00, 0xA8, 0xFF, 0x00, 0xA8, 0xFF, 0x00, 0xA8, 0xFF, 0x00, 0xA8, 0xFF, 0x00, 0xA8, 0xFF,
    0x00, 0xA8, 0xFF, 0x00, 0xA8, 0xFF, 0x00, 0xA8, 0xFF, 0x00, 0xA8, 0xFF, 0x00, 0xA8, 0xFF, 0x00, 0xB0, 0xFF,
    0x00, 0xB0, 0xFF, 0x00, 0xB0, 0xFF, 0x00, 0xB0, 0xFF, 0x00, 0xB0, 0xFF, 0x00, 0xB0, 0xFF, 0x00, 0xB0, 0xFF,
    0x00, 0xB0, 0xFF, 0x00, 0xB0, 0xFF, 0x00, 0xB0, 0xFF, 0x00, 0xB0, 0xFF, 0x00, 0xB0, 0xFF, 0x00, 0xB8, 0xFF,
    0x00, 0xB8, 0xFF, 0x00, 0xB8, 0xFF, 0x00, 0xB8, 0xFF, 0x00, 0xB8, 0xFF, 0x00, 0xB8, 0xFF, 0x00, 0xB8, 0xFF,
    0x00, 0xB8, 0xFF, 0x00, 0xB8, 0xFF, 0x00, 0xB8, 0xFF, 0x00, 0xB8, 0xFF, 0x20, 0xB8, 0xFF, 0x20, 0x48, 0xFF,
    0x00, 0x00, 0xFF, 0x00, 0x00, 0xFF, 0x00, 0x00, 0xFF, 0x00, 0x00, 0xFF, 0x00, 0x00, 0xFF, 0x00, 0x00, 0xFF,
    0x00, 0x00, 0xFF, 0x00, 0x00, 0xFF, 0x00, 0x00, 0xFF, 0x00, 0x00, 0xFF, 0x00, 0x00, 0xFF, 0x00, 0x00, 0xFF,
    0x00, 0x00, 0xFF, 0x00, 0x00, 0xFF, 0x00, 0x00, 0xFF, 0x00, 0x00, 0xFF, 0x00, 0x00, 0xFF, 0x00, 0x00, 0xFF,
    0x00, 0x30, 0xFF, 0x20, 0xB0, 0xFF, 0x00, 0xC0, 0xFF, 0x00, 0xC0, 0xFF, 0x00, 0xC0, 0xFF, 0x00, 0xC0, 0xFF,
    0x00, 0xC0, 0xFF, 0x00, 0xC0, 0xFF, 0x00, 0xC0, 0xFF, 0x00, 0xC0, 0xFF, 0x00, 0xC0, 0xFF, 0x00, 0xC0, 0xFF,
    0x00, 0xB8, 0xFF, 0x00, 0xB8, 0xFF, 0x00, 0xB8, 0xFF, 0x00, 0xB8, 0xFF, 0x00, 0xB8, 0xFF, 0x00, 0xB8, 0xFF,
    0x00, 0xB8, 0xFF, 0x00, 0xB8, 0xFF, 0x00, 0xB8, 0xFF, 0x00, 0xB8, 0xFF, 0x00, 0xB8, 0xFF, 0x00, 0xB8, 0xFF,
    0x00, 0xB8, 0xFF, 0x00, 0xB8, 0xFF, 0x00, 0xB8, 0xFF, 0x00, 0xB8, 0xFF, 0x00, 0xB8, 0xFF, 0x00, 0xB8, 0xFF,
    0x00, 0xB8, 0xFF, 0x00, 0xB0, 0xFF, 0x00, 0xB0, 0xFF, 0x00, 0xB0, 0xFF, 0x00, 0xB0, 0xFF, 0x00, 0xB0, 0xFF,
    0x00, 0xB0, 0xFF, 0x00, 0xB0, 0xFF, 0x00, 0xB0, 0xFF, 0x00, 0xB0, 0xFF, 0x00, 0xB0, 0xFF, 0x00, 0xA8, 0xFF,
    0x00, 0xA8, 0xFF, 0x00, 0xA8, 0xFF, 0x00, 0xA8, 0xFF, 0x00, 0xA8, 0xFF, 0x00, 0xA8, 0xFF, 0x00, 0xA8, 0xFF,
    0x00, 0xA8, 0xFF, 0x00, 0xA8, 0xFF, 0x00, 0xA8, 0xFF, 0x00, 0xA8, 0xFF, 0x00, 0xA0, 0xFF, 0x00, 0xA0, 0xFF,
    0x00, 0xA0, 0xFF, 0x00, 0xA0, 0xFF, 0x00, 0xA0, 0xFF, 0x21, 0x90, 0xFF, 0x20, 0x28, 0xFF, 0x00, 0x00, 0xFF,
    0x00, 0x00, 0xFF, 0x00, 0x00, 0xFF, 0x00, 0x00, 0xFF, 0x61, 0x00, 0xFF, 0x44, 0x11, 0xFF, 0x63, 0x11, 0xFF,
    0x64, 0x11, 0xFF, 0x64, 0x11, 0xFF, 0x84, 0x11, 0xFF, 0xC5, 0x11, 0xFF, 0x03, 0x09, 0xFF, 0xC2, 0x00, 0xFF,
    0xA2, 0x00, 0xFF, 0xA2, 0x08, 0xFF, 0xC2, 0x08, 0xFF, 0xA2, 0x08, 0xFF, 0xA2, 0x08, 0xFF, 0xC2, 0x08, 0xFF,
    0xC2, 0x08, 0xFF, 0xC3, 0x08, 0xF8, 0x24, 0x09, 0xCC, 0x03, 0x09, 0x59, 0xC2, 0x00, 0x13, 0x82, 0x00, 0x01,
    0x82, 0x00, 0x00, 0x82, 0x08, 0x00, 0x62, 0x00, 0x00, 0x62, 0x00, 0x00, 0x61, 0x00, 0x00, 0x41, 0x00, 0x00,
    0x64, 0x1A, 0x00, 0xA6, 0x2A, 0x00, 0x63, 0x09, 0x00, 0xA1, 0x00, 0x00, 0x82, 0x00, 0x00, 0xC3, 0x08, 0x00,
    0xC3, 0x08, 0x06, 0xC3, 0x08, 0x2F, 0x82, 0x00, 0xA4, 0x62, 0x00, 0xEB, 0xA1, 0x00, 0xFE, 0x63, 0x11, 0xFF,
    0x25, 0x1A, 0xFF, 0x25, 0x12, 0xFF, 0x25, 0x1A, 0xFF, 0x86, 0x1A, 0xFF, 0xE7, 0x22, 0xFF, 0xE7, 0x2A, 0xFF,
    0xA6, 0x22, 0xFF, 0x45, 0x1A, 0xFF, 0x65, 0x22, 0xFF, 0xC3, 0x11, 0xFF, 0x84, 0x11, 0xFF, 0x4F, 0x7C, 0xFF,
    0x23, 0x19, 0xFF, 0x00, 0x00, 0xFF, 0x00, 0x00, 0xFF, 0x00, 0x00, 0xFF, 0x00, 0x00, 0xFF, 0x20, 0x38, 0xFF,
    0x20, 0xA0, 0xFF, 0x00, 0xA0, 0xFF, 0x00, 0xA0, 0xFF, 0x00, 0xA0, 0xFF, 0x00, 0xA0, 0xFF, 0x00, 0xA0, 0xFF,
    0x00, 0xA0, 0xFF, 0x00, 0xA8, 0xFF, 0x00, 0xA8, 0xFF, 0x00, 0xA8, 0xFF, 0x00, 0xA8, 0xFF, 0x00, 0xA8, 0xFF,
    0x00, 0xA8, 0xFF, 0x00, 0xA8, 0xFF, 0x00, 0xA8, 0xFF, 0x00, 0xA8, 0xFF, 0x00, 0xB0, 0xFF, 0x00, 0xB0, 0xFF,
    0x00, 0xB0, 0xFF, 0x00, 0xB0, 0xFF, 0x00, 0xB0, 0xFF, 0x00, 0xB0, 0xFF, 0x00, 0xB0, 0xFF, 0x00, 0xB0, 0xFF,
    0x00, 0xB0, 0xFF, 0x00, 0xB0, 0xFF, 0x00, 0xB8, 0xFF, 0x00, 0xB8, 0xFF, 0x00, 0xB8, 0xFF, 0x00, 0xB8, 0xFF,
    0x00, 0xB8, 0xFF, 0x00, 0xB8, 0xFF, 0x00, 0xB8, 0xFF, 0x00, 0xB8, 0xFF, 0x00, 0xB8, 0xFF, 0x00, 0xB8, 0xFF,
    0x00, 0xB8, 0xFF, 0x00, 0xB8, 0xFF, 0x00, 0xB8, 0xFF, 0x00, 0xC0, 0xFF, 0x40, 0xA8, 0xFF, 0x20, 0x20, 0xFF,
    0x00, 0x00, 0xFF, 0x00, 0x00, 0xFF, 0x00, 0x00, 0xFF, 0x00, 0x00, 0xFF, 0x00, 0x00, 0xFF, 0x00, 0x00, 0xFF,
    0x00, 0x00, 0xFF, 0x00, 0x00, 0xFF, 0x00, 0x00, 0xFF, 0x00, 0x00, 0xFF, 0x00, 0x00, 0xFF, 0x00, 0x00, 0xFF,
    0x00, 0x00, 0xFF, 0x00, 0x00, 0xFF, 0x00, 0x00, 0xFF, 0x00, 0x00, 0xFF, 0x00, 0x00, 0xFF, 0x00, 0x00, 0xFF,
    0x00, 0x20, 0xFF, 0x20, 0xA8, 0xFF, 0x00, 0xC0, 0xFF, 0x00, 0xC0, 0xFF, 0x00, 0xC0, 0xFF, 0x00, 0xC0, 0xFF,
    0x00, 0xC0, 0xFF, 0x00, 0xC0, 0xFF, 0x00, 0xC0, 0xFF, 0x00, 0xC0, 0xFF, 0x00, 0xC0, 0xFF, 0x00, 0xC0, 0xFF,
    0x00, 0xC0, 0xFF, 0x00, 0xC0, 0xFF, 0x00, 0xC0, 0xFF, 0x00, 0xC0, 0xFF, 0x00, 0xC0, 0xFF, 0x00, 0xC0, 0xFF,
    0x00, 0xC0, 0xFF, 0x00, 0xB8, 0xFF, 0x00, 0xB8, 0xFF, 0x00, 0xB8, 0xFF, 0x00, 0xB8, 0xFF, 0x00, 0xB8, 0xFF,
    0x00, 0xB8, 0xFF, 0x00, 0xB8, 0xFF, 0x00, 0xB8, 0xFF, 0x00, 0xB8, 0xFF, 0x00, 0xB8, 0xFF, 0x00, 0xB8, 0xFF,
    0x00, 0xB8, 0xFF, 0x00, 0xB0, 0xFF, 0x00, 0xB0, 0xFF, 0x00, 0xB0, 0xFF, 0x00, 0xB0, 0xFF, 0x00, 0xB0, 0xFF,
    0x00, 0xB0, 0xFF, 0x00, 0xB0, 0xFF, 0x00, 0xB0, 0xFF, 0x00, 0xB0, 0xFF, 0x00, 0xB0, 0xFF, 0x00, 0xB0, 0xFF,
    0x00, 0xB0, 0xFF, 0x00, 0xA8, 0xFF, 0x00, 0xA8, 0xFF, 0x00, 0xA8, 0xFF, 0x00, 0xA8, 0xFF, 0x00, 0xA8, 0xFF,
    0x00, 0xA8, 0xFF, 0x00, 0xA8, 0xFF, 0x00, 0xA8, 0xFF, 0x00, 0xA8, 0xFF, 0x00, 0xA0, 0xFF, 0x00, 0xA0, 0xFF,
    0x00, 0xA0, 0xFF, 0x00, 0xA0, 0xFF, 0x00, 0xA0, 0xFF, 0x00, 0xA8, 0xFF, 0x40, 0x70, 0xFF, 0x00, 0x10, 0xFF,
    0x00, 0x00, 0xFF, 0x00, 0x00, 0xFF, 0x00, 0x00, 0xFF, 0x00, 0x00, 0xFF, 0xE3, 0x08, 0xFF, 0x63, 0x11, 0xFF,
    0x64, 0x09, 0xFF, 0x84, 0x11, 0xFF, 0xA4, 0x11, 0xFF, 0xC5, 0x11, 0xFF, 0x23, 0x09, 0xFF, 0xE3, 0x08, 0xFF,
    0xC2, 0x08, 0xFF, 0xC2, 0x08, 0xFF, 0xE3, 0x08, 0xFF, 0xC3, 0x08, 0xFF, 0xC3, 0x08, 0xFF, 0xC2, 0x08, 0xFF,
    0xC3, 0x08, 0xFF, 0xE3, 0x08, 0xFE, 0x24, 0x09, 0xEB, 0x44, 0x11, 0xA4, 0x04, 0x09, 0x2F, 0xC2, 0x00, 0x06,
    0xA2, 0x08, 0x00, 0x82, 0x08, 0x00, 0x62, 0x00, 0x00, 0x62, 0x00, 0x00, 0x62, 0x00, 0x00, 0x61, 0x00, 0x00,
    0xE4, 0x19, 0x00, 0x22, 0x01, 0x00, 0x81, 0x00, 0x00, 0xA3, 0x08, 0x00, 0xC3, 0x08, 0x00, 0xA2, 0x08, 0x00,
    0xA2, 0x00, 0x09, 0x81, 0x00, 0x3D, 0x82, 0x00, 0xC2, 0xC2, 0x08, 0xF6, 0x43, 0x09, 0xFF, 0x25, 0x12, 0xFF,
    0x86, 0x22, 0xFF, 0x28, 0x33, 0xFF, 0x8A, 0x33, 0xFF, 0x49, 0x2B, 0xFF, 0xA6, 0x22, 0xFF, 0x86, 0x22, 0xFF,
    0x86, 0x22, 0xFF, 0x24, 0x1A, 0xFF, 0x44, 0x1A, 0xFF, 0x62, 0x09, 0xFF, 0x4B, 0x53, 0xFF, 0x2C, 0x5B, 0xFF,
    0x00, 0x00, 0xFF, 0x00, 0x00, 0xFF, 0x00, 0x00, 0xFF, 0x00, 0x00, 0xFF, 0x00, 0x10, 0xFF, 0x21, 0x80, 0xFF,
    0x00, 0xA0, 0xFF, 0x00, 0xA0, 0xFF, 0x00, 0xA0, 0xFF, 0x00, 0xA0, 0xFF, 0x00, 0xA8, 0xFF, 0x00, 0xA8, 0xFF,
    0x00, 0xA8, 0xFF, 0x00, 0xA8, 0xFF, 0x00, 0xA8, 0xFF, 0x00, 0xA8, 0xFF, 0x00, 0xA8, 0xFF, 0x00, 0xA8, 0xFF,
    0x00, 0xA8, 0xFF, 0x00, 0xA8, 0xFF, 0x00, 0xA8, 0xFF, 0x00, 0xA8, 0xFF, 0x00, 0xB0, 0xFF, 0x00, 0xB0, 0xFF,
    0x00, 0xB0, 0xFF, 0x00, 0xB0, 0xFF, 0x00, 0xB0, 0xFF, 0x00, 0xB0, 0xFF, 0x00, 0xB0, 0xFF, 0x00, 0xB0, 0xFF,
    0x00, 0xB0, 0xFF, 0x00, 0xB8, 0xFF, 0x00, 0xB8, 0xFF, 0x00, 0xB8, 0xFF, 0x00, 0xB8, 0xFF, 0x00, 0xB8, 0xFF,
    0x00, 0xB8, 0xFF, 0x00, 0xB8, 0xFF, 0x00, 0xB8, 0xFF, 0x00, 0xB8, 0xFF, 0x00, 0xB8, 0xFF, 0x00, 0xB8, 0xFF,
    0x00, 0xB8, 0xFF, 0x00, 0xB8, 0xFF, 0x00, 0xB8, 0xFF, 0x00, 0xC0, 0xFF, 0x21, 0x98, 0xFF, 0x00, 0x08, 0xFF,
    0x00, 0x00, 0xFF, 0x00, 0x00, 0xFF, 0x00, 0x00, 0xFF, 0x00, 0x00, 0xFF, 0x00, 0x00, 0xFF, 0x00, 0x00, 0xFF,
    0x00, 0x00, 0xFF, 0x00, 0x00, 0xFF, 0x00, 0x00, 0xFF, 0x00, 0x00, 0xFF, 0x00, 0x00, 0xFF, 0x00, 0x00, 0xFF,
    0x00, 0x00, 0xFF, 0x00, 0x00, 0xFF, 0x00, 0x00, 0xFF, 0x00, 0x00, 0xFF, 0x00, 0x00, 0xFF, 0x00, 0x00, 0xFF,
    0x00, 0x10, 0xFF, 0x41, 0x90, 0xFF, 0x20, 0xC0, 0xFF, 0x00, 0xB8, 0xFF, 0x00, 0xC0, 0xFF, 0x00, 0xC0, 0xFF,
    0x00, 0xC0, 0xFF, 0x00, 0xC0, 0xFF, 0x00, 0xC0, 0xFF, 0x00, 0xC0, 0xFF, 0x00, 0xC0, 0xFF, 0x00, 0xC0, 0xFF,
    0x00, 0xC0, 0xFF, 0x00, 0xC0, 0xFF, 0x00, 0xC0, 0xFF, 0x00, 0xC0, 0xFF, 0x00, 0xC0, 0xFF, 0x00, 0xC0, 0xFF,
    0x00, 0xC0, 0xFF, 0x00, 0xB8, 0xFF, 0x00, 0xB8, 0xFF, 0x00, 0xB8, 0xFF, 0x00, 0xB8, 0xFF, 0x00, 0xB8, 0xFF,
    0x00, 0xB8, 0xFF, 0x00, 0xB8, 0xFF, 0x00, 0xB8, 0xFF, 0x00, 0xB8, 0xFF, 0x00, 0xB8, 0xFF, 0x00, 0xB8, 0xFF,
    0x00, 0xB8, 0xFF, 0x00, 0xB0, 0xFF, 0x00, 0xB0, 0xFF, 0x00, 0xB0, 0xFF, 0x00, 0xB0, 0xFF, 0x00, 0xB0, 0xFF,
    0x00, 0xB0, 0xFF, 0x00, 0xB0, 0xFF, 0x00, 0xB0, 0xFF, 0x00, 0xB0, 0xFF, 0x00, 0xB0, 0xFF, 0x00, 0xB0, 0xFF,
    0x00, 0xB0, 0xFF, 0x00, 0xA8, 0xFF, 0x00, 0xA8, 0xFF, 0x00, 0xA8, 0xFF, 0x00, 0xA8, 0xFF, 0x00, 0xA8, 0xFF,
    0x00, 0xA8, 0xFF, 0x00, 0xA8, 0xFF, 0x00, 0xA8, 0xFF, 0x00, 0xA8, 0xFF, 0x00, 0xA8, 0xFF, 0x00, 0xA0, 0xFF,
    0x00, 0xA0, 0xFF, 0x00, 0xA0, 0xFF, 0x00, 0xA0, 0xFF, 0x00, 0xA0, 0xFF, 0x20, 0xA0, 0xFF, 0x20, 0x38, 0xFF,
    0x00, 0x00, 0xFF, 0x00, 0x00, 0xFF, 0x00, 0x00, 0xFF, 0x00, 0x00, 0xFF, 0x61, 0x00, 0xFF, 0x84, 0x11, 0xFF,
    0x84, 0x11, 0xFF, 0x84, 0x11, 0xFF, 0xC4, 0x11, 0xFF, 0xE5, 0x11, 0xFF, 0x43, 0x09, 0xFF, 0x24, 0x11, 0xFF,
    0x03, 0x09, 0xFF, 0xC2, 0x08, 0xFF, 0xE3, 0x08, 0xFF, 0xE3, 0x08, 0xFF, 0xE3, 0x08, 0xFF, 0xE3, 0x08, 0xFF,
    0xA2, 0x00, 0xFF, 0xE3, 0x08, 0xFF, 0x65, 0x11, 0xF6, 0x85, 0x11, 0xC2, 0x85, 0x19, 0x3D, 0x03, 0x09, 0x09,
    0xC3, 0x08, 0x00, 0x82, 0x08, 0x00, 0x82, 0x00, 0x00, 0x61, 0x00, 0x00, 0x82, 0x08, 0x00, 0x62, 0x00, 0x00,
    0x82, 0x00, 0x00, 0x81, 0x00, 0x00, 0x65, 0x19, 0x00, 0x24, 0x11, 0x00, 0xC3, 0x08, 0x00, 0xC3, 0x08, 0x01,
    0xE3, 0x08, 0x14, 0x43, 0x09, 0x5B, 0xC5, 0x19, 0xD0, 0x63, 0x11, 0xF9, 0xE4, 0x11, 0xFF, 0x08, 0x2B, 0xFF,
    0x08, 0x2B, 0xFF, 0x86, 0x1A, 0xFF, 0x66, 0x1A, 0xFF, 0xA6, 0x22, 0xFF, 0xC7, 0x22, 0xFF, 0xC6, 0x22, 0xFF,
    0x65, 0x1A, 0xFF, 0x45, 0x1A, 0xFF, 0xE3, 0x11, 0xFF, 0x82, 0x09, 0xFF, 0x87, 0x3A, 0xFF, 0xA2, 0x10, 0xFF,
    0x00, 0x00, 0xFF, 0x00, 0x00, 0xFF, 0x00, 0x00, 0xFF, 0x00, 0x00, 0xFF, 0x20, 0x40, 0xFF, 0x00, 0xA0, 0xFF,
    0x00, 0xA0, 0xFF, 0x00, 0xA0, 0xFF, 0x00, 0xA0, 0xFF, 0x00, 0xA0, 0xFF, 0x00, 0xA0, 0xFF, 0x00, 0xA8, 0xFF,
    0x00, 0xA8, 0xFF, 0x00, 0xA8, 0xFF, 0x00, 0xA8, 0xFF, 0x00, 0xA8, 0xFF, 0x00, 0xA8, 0xFF, 0x00, 0xA8, 0xFF,
    0x00, 0xA8, 0xFF, 0x00, 0xA8, 0xFF, 0x00, 0xA8, 0xFF, 0x00, 0xB0, 0xFF, 0x00, 0xB0, 0xFF, 0x00, 0xB0, 0xFF,
    0x00, 0xB0, 0xFF, 0x00, 0xB0, 0xFF, 0x00, 0xB0, 0xFF, 0x00, 0xB0, 0xFF, 0x00, 0xB0, 0xFF, 0x00, 0xB0, 0xFF,
    0x00, 0xB8, 0xFF, 0x00, 0xB8, 0xFF, 0x00, 0xB8, 0xFF, 0x00, 0xB8, 0xFF, 0x00, 0xB8, 0xFF, 0x00, 0xB8, 0xFF,
    0x00, 0xB8, 0xFF, 0x00, 0xB8, 0xFF, 0x00, 0xB8, 0xFF, 0x00, 0xB8, 0xFF, 0x00, 0xB8, 0xFF, 0x00, 0xB8, 0xFF,
    0x00, 0xB8, 0xFF, 0x00, 0xC0, 0xFF, 0x00, 0xB8, 0xFF, 0x00, 0xC0, 0xFF, 0x21, 0x80, 0xFF, 0x00, 0x00, 0xFF,
    0x00, 0x00, 0xFF, 0x00, 0x00, 0xFF, 0x00, 0x00, 0xFF, 0x00, 0x00, 0xFF, 0x00, 0x00, 0xFF, 0x00, 0x00, 0xFF,
    0x00, 0x00, 0xFF, 0x00, 0x00, 0xFF, 0x00, 0x00, 0xFF, 0x00, 0x00, 0xFF, 0x00, 0x00, 0xFF, 0x00, 0x00, 0xFF,
    0x00, 0x00, 0xFF, 0x00, 0x00, 0xFF, 0x00, 0x00, 0xFF, 0x00, 0x00, 0xFF, 0x00, 0x00, 0xFF, 0x00, 0x00, 0xFF,
    0x00, 0x00, 0xFF, 0x21, 0x70, 0xFF, 0x00, 0xC0, 0xFF, 0x00, 0xB8, 0xFF, 0x00, 0xB8, 0xFF, 0x00, 0xB8, 0xFF,
    0x00, 0xB8, 0xFF, 0x00, 0xB8, 0xFF, 0x00, 0xC0, 0xFF, 0x00, 0xC0, 0xFF, 0x00, 0xC0, 0xFF, 0x00, 0xC0, 0xFF,
    0x00, 0xC0, 0xFF, 0x00, 0xC0, 0xFF, 0x00, 0xC0, 0xFF, 0x00, 0xC0, 0xFF, 0x00, 0xC0, 0xFF, 0x00, 0xC0, 0xFF,
    0x00, 0xB8, 0xFF, 0x00, 0xB8, 0xFF, 0x00, 0xB8, 0xFF, 0x00, 0xB8, 0xFF, 0x00, 0xB8, 0xFF, 0x00, 0xB8, 0xFF,
    0x00, 0xB8, 0xFF, 0x00, 0xB8, 0xFF, 0x00, 0xB8, 0xFF, 0x00, 0xB8, 0xFF, 0x00, 0xB8, 0xFF, 0x00, 0xB8, 0xFF,
    0x00, 0xB8, 0xFF, 0x00, 0xB8, 0xFF, 0x00, 0xB8, 0xFF, 0x00, 0xB8, 0xFF, 0x00, 0xB8, 0xFF, 0x00, 0xB0, 0xFF,
    0x00, 0xB0, 0xFF, 0x00, 0xB0, 0xFF, 0x00, 0xB0, 0xFF, 0x00, 0xB0, 0xFF, 0x00, 0xB0, 0xFF, 0x00, 0xB0, 0xFF,
    0x00, 0xB0, 0xFF, 0x00, 0xB0, 0xFF, 0x00, 0xA8, 0xFF, 0x00, 0xA8, 0xFF, 0x00, 0xA8, 0xFF, 0x00, 0xA8, 0xFF,
    0x00, 0xA8, 0xFF, 0x00, 0xA8, 0xFF, 0x00, 0xA8, 0xFF, 0x00, 0xA8, 0xFF, 0x00, 0xA8, 0xFF, 0x00, 0xA0, 0xFF,
    0x00, 0xA0, 0xFF, 0x00, 0xA0, 0xFF, 0x00, 0xA0, 0xFF, 0x00, 0xA0, 0xFF, 0x00, 0xA8, 0xFF, 0x40, 0x78, 0xFF,
    0x00, 0x10, 0xFF, 0x00, 0x00, 0xFF, 0x00, 0x00, 0xFF, 0x00, 0x00, 0xFF, 0x00, 0x00, 0xFF, 0x03, 0x11, 0xFF,
    0xA4, 0x11, 0xFF, 0x84, 0x11, 0xFF, 0xC4, 0x11, 0xFF, 0xE5, 0x11, 0xFF, 0x84, 0x11, 0xFF, 0x44, 0x11, 0xFF,
    0x64, 0x11, 0xFF, 0x03, 0x09, 0xFF, 0xE2, 0x00, 0xFF, 0xE3, 0x08, 0xFF, 0x03, 0x09, 0xFF, 0x03, 0x09, 0xFF,
    0xA2, 0x08, 0xFF, 0x24, 0x11, 0xFF, 0x85, 0x11, 0xF9, 0xA5, 0x11, 0xD0, 0xC6, 0x19, 0x5B, 0x65, 0x11, 0x14,
    0xE3, 0x08, 0x01, 0xC3, 0x08, 0x00, 0x82, 0x08, 0x00, 0x41, 0x00, 0x00, 0x61, 0x00, 0x00, 0x61, 0x00, 0x00,
    0x81, 0x00, 0x00, 0xA2, 0x00, 0x00, 0xE3, 0x10, 0x00, 0xE2, 0x08, 0x00, 0x44, 0x11, 0x00, 0x84, 0x11, 0x07,
    0xC5, 0x19, 0x33, 0x26, 0x22, 0xA6, 0x06, 0x1A, 0xEC, 0x83, 0x09, 0xFE, 0x25, 0x1A, 0xFF, 0x65, 0x1A, 0xFF,
    0x45, 0x12, 0xFF, 0x07, 0x23, 0xFF, 0x49, 0x33, 0xFF, 0x48, 0x2B, 0xFF, 0x07, 0x23, 0xFF, 0x85, 0x1A, 0xFF,
    0x44, 0x1A, 0xFF, 0x44, 0x22, 0xFF, 0xE3, 0x11, 0xFF, 0xC3, 0x11, 0xFF, 0xE1, 0x08, 0xFF, 0x00, 0x00, 0xFF,
    0x00, 0x00, 0xFF, 0x00, 0x00, 0xFF, 0x00, 0x00, 0xFF, 0x00, 0x18, 0xFF, 0x21, 0x88, 0xFF, 0x00, 0xA0, 0xFF,
    0x00, 0xA0, 0xFF, 0x00, 0xA0, 0xFF, 0x00, 0xA0, 0xFF, 0x00, 0xA0, 0xFF, 0x00, 0xA0, 0xFF, 0x00, 0xA8, 0xFF,
    0x00, 0xA8, 0xFF, 0x00, 0xA8, 0xFF, 0x00, 0xA8, 0xFF, 0x00, 0xA8, 0xFF, 0x00, 0xA8, 0xFF, 0x00, 0xA8, 0xFF,
    0x00, 0xA8, 0xFF, 0x00, 0xA8, 0xFF, 0x00, 0xA8, 0xFF, 0x00, 0xB0, 0xFF, 0x00, 0xB0, 0xFF, 0x00, 0xB0, 0xFF,
    0x00, 0xB0, 0xFF, 0x00, 0xB0, 0xFF, 0x00, 0xB0, 0xFF, 0x00, 0xB0, 0xFF, 0x00, 0xB0, 0xFF, 0x00, 0xB0, 0xFF,
    0x00, 0xB8, 0xFF, 0x00, 0xB8, 0xFF, 0x00, 0xB8, 0xFF, 0x00, 0xB8, 0xFF, 0x00, 0xB8, 0xFF, 0x00, 0xB8, 0xFF,
    0x00, 0xB8, 0xFF, 0x00, 0xB8, 0xFF, 0x00, 0xB8, 0xFF, 0x00, 0xB8, 0xFF, 0x00, 0xB8, 0xFF, 0x00, 0xB8, 0xFF,
    0x00, 0xB8, 0xFF, 0x00, 0xB8, 0xFF, 0x00, 0xC0, 0xFF, 0x20, 0xC0, 0xFF, 0x20, 0x60, 0xFF, 0x00, 0x00, 0xFF,
    0x00, 0x00, 0xFF, 0x00, 0x00, 0xFF, 0x00, 0x00, 0xFF, 0x00, 0x00, 0xFF, 0x00, 0x00, 0xFF, 0x00, 0x00, 0xFF,
    0x00, 0x00, 0xFF, 0x00, 0x00, 0xFF, 0x00, 0x00, 0xFF, 0x00, 0x00, 0xFF, 0x00, 0x00, 0xFF, 0x00, 0x00, 0xFF,
    0x00, 0x00, 0xFF, 0x00, 0x00, 0xFF, 0x00, 0x00, 0xFF, 0x00, 0x00, 0xFF, 0x00, 0x00, 0xFF, 0x00, 0x00, 0xFF,
    0x00, 0x00, 0xFF, 0x00, 0x50, 0xFF, 0x20, 0xB8, 0xFF, 0x00, 0xB0, 0xFF, 0x00, 0xB8, 0xFF, 0x00, 0xB8, 0xFF,
    0x00, 0xB8, 0xFF, 0x00, 0xB8, 0xFF, 0x00, 0xB8, 0xFF, 0x00, 0xB8, 0xFF, 0x00, 0xB8, 0xFF, 0x00, 0xB8, 0xFF,
    0x00, 0xB8, 0xFF, 0x00, 0xC0, 0xFF, 0x00, 0xC0, 0xFF, 0x00, 0xC0, 0xFF, 0x00, 0xC0, 0xFF, 0x00, 0xC0, 0xFF,
    0x00, 0xC0, 0xFF, 0x00, 0xC0, 0xFF, 0x00, 0xC0, 0xFF, 0x00, 0xB8, 0xFF, 0x00, 0xB8, 0xFF, 0x00, 0xB8, 0xFF,
    0x00, 0xB8, 0xFF, 0x00, 0xB8, 0xFF, 0x00, 0xB8, 0xFF, 0x00, 0xB8, 0xFF, 0x00, 0xB8, 0xFF, 0x00, 0xB8, 0xFF,
    0x00, 0xB8, 0xFF, 0x00, 0xB8, 0xFF, 0x00, 0xB8, 0xFF, 0x00, 0xB8, 0xFF, 0x00, 0xB8, 0xFF, 0x00, 0xB0, 0xFF,
    0x00, 0xB0, 0xFF, 0x00, 0xB0, 0xFF, 0x00, 0xB0, 0xFF, 0x00, 0xB0, 0xFF, 0x00, 0xB0, 0xFF, 0x00, 0xB0, 0xFF,
    0x00, 0xB0, 0xFF, 0x00, 0xB0, 0xFF, 0x00, 0xA8, 0xFF, 0x00, 0xA8, 0xFF, 0x00, 0xA8, 0xFF, 0x00, 0xA8, 0xFF,
    0x00, 0xA8, 0xFF, 0x00, 0xA8, 0xFF, 0x00, 0xA8, 0xFF, 0x00, 0xA8, 0xFF, 0x00, 0xA8, 0xFF, 0x00, 0xA0, 0xFF,
    0x00, 0xA0, 0xFF, 0x00, 0xA0, 0xFF, 0x00, 0xA0, 0xFF, 0x00, 0xA0, 0xFF, 0x00, 0xA0, 0xFF, 0x20, 0xA0, 0xFF,
    0x20, 0x48, 0xFF, 0x00, 0x00, 0xFF, 0x00, 0x00, 0xFF, 0x00, 0x00, 0xFF, 0x00, 0x00, 0xFF, 0x61, 0x00, 0xFF,
    0xA4, 0x19, 0xFF, 0xA4, 0x11, 0xFF, 0xE5, 0x11, 0xFF, 0xC4, 0x11, 0xFF, 0xA4, 0x11, 0xFF, 0x84, 0x11, 0xFF,
    0x84, 0x11, 0xFF, 0x24, 0x11, 0xFF, 0xE2, 0x08, 0xFF, 0x03, 0x09, 0xFF, 0xE3, 0x08, 0xFF, 0xE2, 0x08, 0xFF,
    0xA2, 0x00, 0xFF, 0xC3, 0x00, 0xFF, 0x85, 0x11, 0xFE, 0xA5, 0x11, 0xEC, 0xC6, 0x11, 0xA6, 0xA6, 0x19, 0x33,
    0x03, 0x09, 0x07, 0xC3, 0x08, 0x00, 0xA2, 0x00, 0x00, 0x61, 0x00, 0x00, 0x61, 0x00, 0x00, 0x61, 0x00, 0x00,
    0xA2, 0x00, 0x00, 0xC2, 0x00, 0x00, 0x24, 0x09, 0x00, 0x43, 0x09, 0x00, 0xA5, 0x19, 0x01, 0x64, 0x11, 0x13,
    0xE2, 0x00, 0x59, 0xE3, 0x08, 0xCC, 0xC2, 0x08, 0xF8, 0x63, 0x11, 0xFF, 0xE4, 0x19, 0xFF, 0x65, 0x1A, 0xFF,
    0x89, 0x33, 0xFF, 0x48, 0x2B, 0xFF, 0xE6, 0x1A, 0xFF, 0xE6, 0x1A, 0xFF, 0xC6, 0x22, 0xFF, 0x65, 0x1A, 0xFF,
    0x45, 0x22, 0xFF, 0xC2, 0x11, 0xFF, 0xE3, 0x11, 0xFF, 0xE3, 0x11, 0xFF, 0x60, 0x00, 0xFF, 0x00, 0x00, 0xFF,
    0x00, 0x00, 0xFF, 0x00, 0x00, 0xFF, 0x00, 0x00, 0xFF, 0x20, 0x50, 0xFF, 0x01, 0xA8, 0xFF, 0x00, 0xA0, 0xFF,
    0x00, 0xA0, 0xFF, 0x00, 0xA0, 0xFF, 0x00, 0xA0, 0xFF, 0x00, 0xA0, 0xFF, 0x00, 0xA0, 0xFF, 0x00, 0xA8, 0xFF,
    0x00, 0xA8, 0xFF, 0x00, 0xA8, 0xFF, 0x00, 0xA8, 0xFF, 0x00, 0xA8, 0xFF, 0x00, 0xA8, 0xFF, 0x00, 0xA8, 0xFF,
    0x00, 0xA8, 0xFF, 0x00, 0xA8, 0xFF, 0x00, 0xB0, 0xFF, 0x00, 0xB0, 0xFF, 0x00, 0xB0, 0xFF, 0x00, 0xB0, 0xFF,
    0x00, 0xB0, 0xFF, 0x00, 0xB0, 0xFF, 0x00, 0xB0, 0xFF, 0x00, 0xB0, 0xFF, 0x00, 0xB0, 0xFF, 0x00, 0xB8, 0xFF,
    0x00, 0xB8, 0xFF, 0x00, 0xB8, 0xFF, 0x00, 0xB8, 0xFF, 0x00, 0xB8, 0xFF, 0x00, 0xB8, 0xFF, 0x00, 0xB8, 0xFF,
    0x00, 0xB8, 0xFF, 0x00, 0xB8, 0xFF, 0x00, 0xB8, 0xFF, 0x00, 0xB8, 0xFF, 0x00, 0xB8, 0xFF, 0x00, 0xB8, 0xFF,
    0x00, 0xC0, 0xFF, 0x00, 0xB8, 0xFF, 0x00, 0xC0, 0xFF, 0x20, 0xB8, 0xFF, 0x20, 0x40, 0xFF, 0x00, 0x00, 0xFF,
    0x00, 0x00, 0xFF, 0x00, 0x00, 0xFF, 0x00, 0x00, 0xFF, 0x00, 0x00, 0xFF, 0x00, 0x00, 0xFF, 0x00, 0x00, 0xFF,
    0x00, 0x00, 0xFF, 0x00, 0x00, 0xFF, 0x00, 0x00, 0xFF, 0x00, 0x00, 0xFF, 0x00, 0x00, 0xFF, 0x00, 0x00, 0xFF,
    0x00, 0x00, 0xFF, 0x00, 0x00, 0xFF, 0x00, 0x00, 0xFF, 0x00, 0x00, 0xFF, 0x00, 0x00, 0xFF, 0x00, 0x00, 0xFF,
    0x00, 0x00, 0xFF, 0x00, 0x28, 0xFF, 0x41, 0xA0, 0xFF, 0x00, 0xB0, 0xFF, 0x00, 0xB8, 0xFF, 0x00, 0xB0, 0xFF,
    0x00, 0xB0, 0xFF, 0x00, 0xB0, 0xFF, 0x00, 0xB8, 0xFF, 0x00, 0xB8, 0xFF, 0x00, 0xB8, 0xFF, 0x00, 0xB8, 0xFF,
    0x00, 0xB8, 0xFF, 0x00, 0xB8, 0xFF, 0x00, 0xC0, 0xFF, 0x00, 0xC0, 0xFF, 0x00, 0xC0, 0xFF, 0x00, 0xC0, 0xFF,
    0x00, 0xC0, 0xFF, 0x00, 0xC0, 0xFF, 0x00, 0xC0, 0xFF, 0x00, 0xC0, 0xFF, 0x00, 0xB8, 0xFF, 0x00, 0xB8, 0xFF,
    0x00, 0xB8, 0xFF, 0x00, 0xB8, 0xFF, 0x00, 0xB8, 0xFF, 0x00, 0xB8, 0xFF, 0x00, 0xB8, 0xFF, 0x00, 0xB8, 0xFF,
    0x00, 0xB8, 0xFF, 0x00, 0xB8, 0xFF, 0x00, 0xB8, 0xFF, 0x00, 0xB8, 0xFF, 0x00, 0xB8, 0xFF, 0x00, 0xB0, 0xFF,
    0x00, 0xB0, 0xFF, 0x00, 0xB0, 0xFF, 0x00, 0xB0, 0xFF, 0x00, 0xB0, 0xFF, 0x00, 0xB0, 0xFF, 0x00, 0xB0, 0xFF,
    0x00, 0xB0, 0xFF, 0x00, 0xB0, 0xFF, 0x00, 0xB0, 0xFF, 0x00, 0xA8, 0xFF, 0x00, 0xA8, 0xFF, 0x00, 0xA8, 0xFF,
    0x00, 0xA8, 0xFF, 0x00, 0xA8, 0xFF, 0x00, 0xA8, 0xFF, 0x00, 0xA8, 0xFF, 0x00, 0xA8, 0xFF, 0x00, 0xA8, 0xFF,
    0x00, 0xA0, 0xFF, 0x00, 0xA0, 0xFF, 0x00, 0xA0, 0xFF, 0x00, 0xA0, 0xFF, 0x00, 0xA0, 0xFF, 0x00, 0xA8, 0xFF,
    0x41, 0x80, 0xFF, 0x00, 0x18, 0xFF, 0x00, 0x00, 0xFF, 0x00, 0x00, 0xFF, 0x00, 0x00, 0xFF, 0x00, 0x00, 0xFF,
    0x43, 0x11, 0xFF, 0x84, 0x11, 0xFF, 0xC4, 0x11, 0xFF, 0xA4, 0x11, 0xFF, 0xA4, 0x11, 0xFF, 0xC4, 0x11, 0xFF,
    0x84, 0x11, 0xFF, 0x23, 0x11, 0xFF, 0xE2, 0x08, 0xFF, 0x03, 0x09, 0xFF, 0xE2, 0x08, 0xFF, 0xC2, 0x08, 0xFF,
    0x82, 0x00, 0xFF, 0x61, 0x00, 0xFF, 0xE3, 0x08, 0xFF, 0xA5, 0x11, 0xF8, 0xE6, 0x19, 0xCC, 0x07, 0x1A, 0x59,
    0x65, 0x11, 0x13, 0xE3, 0x08, 0x01, 0xA2, 0x00, 0x00, 0x82, 0x00, 0x00, 0x61, 0x00, 0x00, 0x62, 0x00, 0x00,
    0xC2, 0x08, 0x00, 0x03, 0x09, 0x00, 0x24, 0x11, 0x00, 0xC2, 0x00, 0x00, 0xC2, 0x00, 0x06, 0x81, 0x00, 0x2F,
    0x81, 0x00, 0xA4, 0x61, 0x00, 0xEB, 0x61, 0x00, 0xFE, 0x43, 0x11, 0xFF, 0x25, 0x1A, 0xFF, 0xC6, 0x22, 0xFF,
    0xC6, 0x22, 0xFF, 0xA6, 0x1A, 0xFF, 0xC6, 0x22, 0xFF, 0xC6, 0x22, 0xFF, 0x85, 0x22, 0xFF, 0x65, 0x22, 0xFF,
    0x24, 0x1A, 0xFF, 0xC2, 0x11, 0xFF, 0x03, 0x1A, 0xFF, 0xA4, 0x19, 0xFF, 0x00, 0x00, 0xFF, 0x00, 0x00, 0xFF,
    0x00, 0x00, 0xFF, 0x00, 0x00, 0xFF, 0x00, 0x18, 0xFF, 0x40, 0x88, 0xFF, 0x00, 0xA0, 0xFF, 0x00, 0xA0, 0xFF,
    0x00, 0xA0, 0xFF, 0x00, 0xA0, 0xFF, 0x00, 0xA0, 0xFF, 0x00, 0xA0, 0xFF, 0x00, 0xA8, 0xFF, 0x00, 0xA8, 0xFF,
    0x00, 0xA8, 0xFF, 0x00, 0xA8, 0xFF, 0x00, 0xA8, 0xFF, 0x00, 0xA8, 0xFF, 0x00, 0xA8, 0xFF, 0x00, 0xA8, 0xFF,
    0x00, 0xA8, 0xFF, 0x00, 0xA8, 0xFF, 0x00, 0xB0, 0xFF, 0x00, 0xB0, 0xFF, 0x00, 0xB0, 0xFF, 0x00, 0xB0, 0xFF,
    0x00, 0xB0, 0xFF, 0x00, 0xB0, 0xFF, 0x00, 0xB0, 0xFF, 0x00, 0xB0, 0xFF, 0x00, 0xB8, 0xFF, 0x00, 0xB8, 0xFF,
    0x00, 0xB8, 0xFF, 0x00, 0xB8, 0xFF, 0x00, 0xB8, 0xFF, 0x00, 0xB8, 0xFF, 0x00, 0xB8, 0xFF, 0x00, 0xB8, 0xFF,
    0x00, 0xB8, 0xFF, 0x00, 0xB8, 0xFF, 0x00, 0xB8, 0xFF, 0x00, 0xB8, 0xFF, 0x00, 0xB8, 0xFF, 0x00, 0xB8, 0xFF,
    0x00, 0xC0, 0xFF, 0x00, 0xB8, 0xFF, 0x00, 0xC8, 0xFF, 0x20, 0xB8, 0xFF, 0x00, 0x30, 0xFF, 0x00, 0x00, 0xFF,
    0x00, 0x00, 0xFF, 0x00, 0x00, 0xFF, 0x00, 0x00, 0xFF, 0x00, 0x00, 0xFF, 0x00, 0x00, 0xFF, 0x00, 0x00, 0xFF,
    0x00, 0x00, 0xFF, 0x00, 0x00, 0xFF, 0x00, 0x00, 0xFF, 0x00, 0x00, 0xFF, 0x00, 0x00, 0xFF, 0x00, 0x00, 0xFF,
    0x00, 0x00, 0xFF, 0x00, 0x00, 0xFF, 0x00, 0x00, 0xFF, 0x00, 0x00, 0xFF, 0x00, 0x00, 0xFF, 0x00, 0x00, 0xFF,
    0x00, 0x00, 0xFF, 0x00, 0x08, 0xFF, 0x41, 0x80, 0xFF, 0x00, 0xB8, 0xFF, 0x00, 0xB0, 0xFF, 0x00, 0xB0, 0xFF,
    0x00, 0xB0, 0xFF, 0x00, 0xB8, 0xFF, 0x00, 0xB8, 0xFF, 0x00, 0xB8, 0xFF, 0x00, 0xB8, 0xFF, 0x00, 0xB8, 0xFF,
    0x00, 0xB8, 0xFF, 0x00, 0xB8, 0xFF, 0x00, 0xB8, 0xFF, 0x00, 0xB8, 0xFF, 0x00, 0xB8, 0xFF, 0x00, 0xC0, 0xFF,
    0x00, 0xC0, 0xFF, 0x00, 0xC0, 0xFF, 0x00, 0xC0, 0xFF, 0x00, 0xC0, 0xFF, 0x00, 0xC0, 0xFF, 0x00, 0xB8, 0xFF,
    0x00, 0xB8, 0xFF, 0x00, 0xB8, 0xFF, 0x00, 0xB8, 0xFF, 0x00, 0xB8, 0xFF, 0x00, 0xB8, 0xFF, 0x00, 0xB8, 0xFF,
    0x00, 0xB8, 0xFF, 0x00, 0xB8, 0xFF, 0x00, 0xB8, 0xFF, 0x00, 0xB8, 0xFF, 0x00, 0xB8, 0xFF, 0x00, 0xB0, 0xFF,
    0x00, 0xB0, 0xFF, 0x00, 0xB0, 0xFF, 0x00, 0xB0, 0xFF, 0x00, 0xB0, 0xFF, 0x00, 0xB0, 0xFF, 0x00, 0xB0, 0xFF,
    0x00, 0xB0, 0xFF, 0x00, 0xB0, 0xFF, 0x00, 0xB0, 0xFF, 0x00, 0xB0, 0xFF, 0x00, 0xA8, 0xFF, 0x00, 0xA8, 0xFF,
    0x00, 0xA8, 0xFF, 0x00, 0xA8, 0xFF, 0x00, 0xA8, 0xFF, 0x00, 0xA8, 0xFF, 0x00, 0xA8, 0xFF, 0x00, 0xA8, 0xFF,
    0x00, 0xA0, 0xFF, 0x00, 0xA0, 0xFF, 0x00, 0xA0, 0xFF, 0x00, 0xA0, 0xFF, 0x00, 0xA0, 0xFF, 0x00, 0xA0, 0xFF,
    0x20, 0xA0, 0xFF, 0x00, 0x58, 0xFF, 0x00, 0x00, 0xFF, 0x00, 0x00, 0xFF, 0x00, 0x00, 0xFF, 0x00, 0x00, 0xFF,
    0x81, 0x08, 0xFF, 0x84, 0x11, 0xFF, 0xC4, 0x11, 0xFF, 0xC5, 0x11, 0xFF, 0xE5, 0x11, 0xFF, 0xE5, 0x11, 0xFF,
    0x84, 0x11, 0xFF, 0x03, 0x09, 0xFF, 0xE3, 0x08, 0xFF, 0x24, 0x11, 0xFF, 0xE3, 0x08, 0xFF, 0xA2, 0x00, 0xFF,
    0x82, 0x00, 0xFF, 0x82, 0x00, 0xFF, 0x61, 0x00, 0xFF, 0xC3, 0x08, 0xFE, 0xA6, 0x11, 0xEB, 0x27, 0x22, 0xA4,
    0xA6, 0x19, 0x2F, 0xC3, 0x08, 0x06, 0xA2, 0x08, 0x00, 0x82, 0x00, 0x00, 0x61, 0x00, 0x00, 0x61, 0x00, 0x00,
    0xC2, 0x08, 0x00, 0xA2, 0x00, 0x00, 0x82, 0x00, 0x00, 0x82, 0x00, 0x00, 0x81, 0x00, 0x09, 0x81, 0x00, 0x3D,
    0x61, 0x00, 0xC2, 0x81, 0x00, 0xF6, 0x61, 0x00, 0xFF, 0xE2, 0x08, 0xFF, 0x04, 0x1A, 0xFF, 0x64, 0x1A, 0xFF,
    0xE6, 0x2A, 0xFF, 0xE6, 0x22, 0xFF, 0x06, 0x23, 0xFF, 0xC5, 0x1A, 0xFF, 0xC5, 0x22, 0xFF, 0x64, 0x1A, 0xFF,
    0xE3, 0x11, 0xFF, 0x03, 0x1A, 0xFF, 0xE3, 0x11, 0xFF, 0x81, 0x08, 0xFF, 0x00, 0x00, 0xFF, 0x00, 0x00, 0xFF,
    0x00, 0x00, 0xFF, 0x00, 0x00, 0xFF, 0x20, 0x48, 0xFF, 0x20, 0xA0, 0xFF, 0x00, 0xA0, 0xFF, 0x00, 0xA0, 0xFF,
    0x00, 0xA0, 0xFF, 0x00, 0xA0, 0xFF, 0x00, 0xA0, 0xFF, 0x00, 0xA8, 0xFF, 0x00, 0xA8, 0xFF, 0x00, 0xA8, 0xFF,
    0x00, 0xA8, 0xFF, 0x00, 0xA8, 0xFF, 0x00, 0xA8, 0xFF, 0x00, 0xA8, 0xFF, 0x00, 0xA8, 0xFF, 0x00, 0xA8, 0xFF,
    0x00, 0xB0, 0xFF, 0x00, 0xB0, 0xFF, 0x00, 0xB0, 0xFF, 0x00, 0xB0, 0xFF, 0x00, 0xB0, 0xFF, 0x00, 0xB0, 0xFF,
    0x00, 0xB0, 0xFF, 0x00, 0xB0, 0xFF, 0x00, 0xB0, 0xFF, 0x00, 0xB8, 0xFF, 0x00, 0xB8, 0xFF, 0x00, 0xB8, 0xFF,
    0x00, 0xB8, 0xFF, 0x00, 0xB8, 0xFF, 0x00, 0xB8, 0xFF, 0x00, 0xB8, 0xFF, 0x00, 0xB8, 0xFF, 0x00, 0xB8, 0xFF,
    0x00, 0xB8, 0xFF, 0x00, 0xB8, 0xFF, 0x00, 0xB8, 0xFF, 0x00, 0xC0, 0xFF, 0x00, 0xC0, 0xFF, 0x00, 0xC0, 0xFF,
    0x00, 0xC0, 0xFF, 0x00, 0xB8, 0xFF, 0x00, 0xC0, 0xFF, 0x21, 0xA8, 0xFF, 0x00, 0x18, 0xFF, 0x00, 0x00, 0xFF,
    0x00, 0x00, 0xFF, 0x00, 0x00, 0xFF, 0x00, 0x00, 0xFF, 0x00, 0x00, 0xFF, 0x00, 0x00, 0xFF, 0x00, 0x00, 0xFF,
    0x00, 0x00, 0xFF, 0x00, 0x00, 0xFF, 0x00, 0x00, 0xFF, 0x00, 0x00, 0xFF, 0x00, 0x00, 0xFF, 0x00, 0x00, 0xFF,
    0x00, 0x00, 0xFF, 0x00, 0x00, 0xFF, 0x00, 0x00, 0xFF, 0x00, 0x00, 0xFF, 0x00, 0x00, 0xFF, 0x00, 0x00, 0xFF,
    0x00, 0x00, 0xFF, 0x00, 0x00, 0xFF, 0x20, 0x48, 0xFF, 0x20, 0xB0, 0xFF, 0x00, 0xB0, 0xFF, 0x00, 0xB0, 0xFF,
    0x00, 0xB0, 0xFF, 0x00, 0xB0, 0xFF, 0x00, 0xB0, 0xFF, 0x00, 0xB0, 0xFF, 0x00, 0xB8, 0xFF, 0x00, 0xB8, 0xFF,
    0x00, 0xB8, 0xFF, 0x00, 0xB8, 0xFF, 0x00, 0xB8, 0xFF, 0x00, 0xB8, 0xFF, 0x00, 0xB8, 0xFF, 0x00, 0xB8, 0xFF,
    0x00, 0xC0, 0xFF, 0x00, 0xC0, 0xFF, 0x00, 0xC0, 0xFF, 0x00, 0xC0, 0xFF, 0x00, 0xC0, 0xFF, 0x00, 0xC0, 0xFF,
    0x00, 0xC0, 0xFF, 0x00, 0xB8, 0xFF, 0x00, 0xB8, 0xFF, 0x00, 0xB8, 0xFF, 0x00, 0xB8, 0xFF, 0x00, 0xB8, 0xFF,
    0x00, 0xB8, 0xFF, 0x00, 0xB8, 0xFF, 0x00, 0xB8, 0xFF, 0x00, 0xB8, 0xFF, 0x00, 0xB8, 0xFF, 0x00, 0xB8, 0xFF,
    0x00, 0xB8, 0xFF, 0x00, 0xB8, 0xFF, 0x00, 0xB0, 0xFF, 0x00, 0xB0, 0xFF, 0x00, 0xB0, 0xFF, 0x00, 0xB0, 0xFF,
    0x00, 0xB0, 0xFF, 0x00, 0xB0, 0xFF, 0x00, 0xB0, 0xFF, 0x00, 0xB0, 0xFF, 0x00, 0xA8, 0xFF, 0x00, 0xA8, 0xFF,
    0x00, 0xA8, 0xFF, 0x00, 0xA8, 0xFF, 0x00, 0xA8, 0xFF, 0x00, 0xA8, 0xFF, 0x00, 0xA8, 0xFF, 0x00, 0xA8, 0xFF,
    0x00, 0xA8, 0xFF, 0x00, 0xA8, 0xFF, 0x00, 0xA0, 0xFF, 0x00, 0xA0, 0xFF, 0x00, 0xA0, 0xFF, 0x00, 0xA0, 0xFF,
    0x20, 0xA0, 0xFF, 0x20, 0x80, 0xFF, 0x00, 0x10, 0xFF, 0x00, 0x00, 0xFF, 0x00, 0x00, 0xFF, 0x00, 0x00, 0xFF,
    0x00, 0x00, 0xFF, 0x23, 0x11, 0xFF, 0xA4, 0x11, 0xFF, 0xE5, 0x19, 0xFF, 0xE5, 0x19, 0xFF, 0xE5, 0x19, 0xFF,
    0xC5, 0x11, 0xFF, 0x22, 0x09, 0xFF, 0xE2, 0x08, 0xFF, 0x44, 0x11, 0xFF, 0xC1, 0x00, 0xFF, 0xA2, 0x00, 0xFF,
    0xC3, 0x08, 0xFF, 0xA2, 0x00, 0xFF, 0x82, 0x00, 0xFF, 0x61, 0x00, 0xFF, 0xA2, 0x00, 0xF6, 0xA6, 0x19, 0xC2,
    0xC6, 0x19, 0x3D, 0xA2, 0x08, 0x09, 0x82, 0x08, 0x00, 0x82, 0x00, 0x00, 0x82, 0x00, 0x00, 0xC3, 0x08, 0x00,
    0x82, 0x00, 0x00, 0x81, 0x00, 0x00, 0x81, 0x00, 0x00, 0x81, 0x00, 0x01, 0x81, 0x00, 0x13, 0x81, 0x00, 0x5B,
    0x81, 0x00, 0xD0, 0x82, 0x00, 0xF9, 0x61, 0x00, 0xFF, 0x22, 0x09, 0xFF, 0x25, 0x1A, 0xFF, 0xA5, 0x22, 0xFF,
    0xE6, 0x22, 0xFF, 0x06, 0x23, 0xFF, 0xE6, 0x22, 0xFF, 0x26, 0x2B, 0xFF, 0xE6, 0x22, 0xFF, 0xE2, 0x11, 0xFF,
    0xC2, 0x11, 0xFF, 0x43, 0x22, 0xFF, 0xA3, 0x19, 0xFF, 0x00, 0x00, 0xFF, 0x00, 0x00, 0xFF, 0x00, 0x00, 0xFF,
    0x00, 0x00, 0xFF, 0x00, 0x10, 0xFF, 0x41, 0x80, 0xFF, 0x00, 0xA0, 0xFF, 0x00, 0xA0, 0xFF, 0x00, 0xA0, 0xFF,
    0x00, 0xA0, 0xFF, 0x00, 0xA0, 0xFF, 0x00, 0xA0, 0xFF, 0x00, 0xA8, 0xFF, 0x00, 0xA8, 0xFF, 0x00, 0xA8, 0xFF,
    0x00, 0xA8, 0xFF, 0x00, 0xA8, 0xFF, 0x00, 0xA8, 0xFF, 0x00, 0xA8, 0xFF, 0x00, 0xA8, 0xFF, 0x00, 0xA8, 0xFF,
    0x00, 0xB0, 0xFF, 0x00, 0xB0, 0xFF, 0x00, 0xB0, 0xFF, 0x00, 0xB0, 0xFF, 0x00, 0xB0, 0xFF, 0x00, 0xB0, 0xFF,
    0x00, 0xB0, 0xFF, 0x00, 0xB0, 0xFF, 0x00, 0xB0, 0xFF, 0x00, 0xB8, 0xFF, 0x00, 0xB8, 0xFF, 0x00, 0xB8, 0xFF,
    0x00, 0xB8, 0xFF, 0x00, 0xB8, 0xFF, 0x00, 0xB8, 0xFF, 0x00, 0xB8, 0xFF, 0x00, 0xB8, 0xFF, 0x00, 0xB8, 0xFF,
    0x00, 0xB8, 0xFF, 0x00, 0xB8, 0xFF, 0x00, 0xC0, 0xFF, 0x00, 0xC0, 0xFF, 0x00, 0xC0, 0xFF, 0x00, 0xC0, 0xFF,
    0x00, 0xC0, 0xFF, 0x00, 0xC0, 0xFF, 0x00, 0xC0, 0xFF, 0x41, 0x90, 0xFF, 0x00, 0x08, 0xFF, 0x00, 0x00, 0xFF,
    0x00, 0x00, 0xFF, 0x00, 0x00, 0xFF, 0x00, 0x00, 0xFF, 0x00, 0x00, 0xFF, 0x00, 0x00, 0xFF, 0x00, 0x00, 0xFF,
    0x00, 0x00, 0xFF, 0x00, 0x00, 0xFF, 0x00, 0x00, 0xFF, 0x00, 0x00, 0xFF, 0x00, 0x00, 0xFF, 0x00, 0x00, 0xFF,
    0x00, 0x00, 0xFF, 0x00, 0x00, 0xFF, 0x00, 0x00, 0xFF, 0x00, 0x00, 0xFF, 0x00, 0x00, 0xFF, 0x00, 0x00, 0xFF,
    0x00, 0x00, 0xFF, 0x00, 0x00, 0xFF, 0x00, 0x10, 0xFF, 0x21, 0x90, 0xFF, 0x00, 0xB0, 0xFF, 0x00, 0xB0, 0xFF,
    0x00, 0xB0, 0xFF, 0x00, 0xA8, 0xFF, 0x00, 0xB0, 0xFF, 0x00, 0xB0, 0xFF, 0x00, 0xB0, 0xFF, 0x00, 0xB0, 0xFF,
    0x00, 0xB0, 0xFF, 0x00, 0xB0, 0xFF, 0x00, 0xB8, 0xFF, 0x00, 0xB8, 0xFF, 0x00, 0xB8, 0xFF, 0x00, 0xB8, 0xFF,
    0x00, 0xB8, 0xFF, 0x00, 0xB8, 0xFF, 0x00, 0xC0, 0xFF, 0x00, 0xC0, 0xFF, 0x00, 0xC0, 0xFF, 0x00, 0xC0, 0xFF,
    0x00, 0xC0, 0xFF, 0x00, 0xC0, 0xFF, 0x00, 0xB8, 0xFF, 0x00, 0xB8, 0xFF, 0x00, 0xB8, 0xFF, 0x00, 0xB8, 0xFF,
    0x00, 0xB8, 0xFF, 0x00, 0xB8, 0xFF, 0x00, 0xB8, 0xFF, 0x00, 0xB8, 0xFF, 0x00, 0xB8, 0xFF, 0x00, 0xB8, 0xFF,
    0x00, 0xB8, 0xFF, 0x00, 0xB8, 0xFF, 0x00, 0xB0, 0xFF, 0x00, 0xB0, 0xFF, 0x00, 0xB0, 0xFF, 0x00, 0xB0, 0xFF,
    0x00, 0xB0, 0xFF, 0x00, 0xB0, 0xFF, 0x00, 0xB0, 0xFF, 0x00, 0xB0, 0xFF, 0x00, 0xA8, 0xFF, 0x00, 0xA8, 0xFF,
    0x00, 0xA8, 0xFF, 0x00, 0xA8, 0xFF, 0x00, 0xA8, 0xFF, 0x00, 0xA8, 0xFF, 0x00, 0xA8, 0xFF, 0x00, 0xA8, 0xFF,
    0x00, 0xA8, 0xFF, 0x00, 0xA8, 0xFF, 0x00, 0xA0, 0xFF, 0x00, 0xA0, 0xFF, 0x00, 0xA0, 0xFF, 0x00, 0xA0, 0xFF,
    0x00, 0xA0, 0xFF, 0x21, 0x98, 0xFF, 0x20, 0x40, 0xFF, 0x00, 0x00, 0xFF, 0x20, 0x00, 0xFF, 0x00, 0x00, 0xFF,
    0x00, 0x00, 0xFF, 0xA1, 0x08, 0xFF, 0x64, 0x11, 0xFF, 0x64, 0x11, 0xFF, 0x64, 0x11, 0xFF, 0x84, 0x11, 0xFF,
    0xA4, 0x11, 0xFF, 0x43, 0x09, 0xFF, 0x43, 0x09, 0xFF, 0x83, 0x11, 0xFF, 0x63, 0x11, 0xFF, 0xE2, 0x00, 0xFF,
    0xE3, 0x00, 0xFF, 0x03, 0x09, 0xFF, 0xE3, 0x08, 0xFF, 0xC2, 0x08, 0xFF, 0xA2, 0x08, 0xF9, 0xC2, 0x00, 0xD0,
    0x03, 0x09, 0x5B, 0xE2, 0x08, 0x13, 0x81, 0x00, 0x01, 0xC2, 0x08, 0x00, 0x03, 0x09, 0x00, 0x03, 0x09, 0x00,
    0x81, 0x00, 0x00, 0x81, 0x00, 0x00, 0x82, 0x00, 0x00, 0x82, 0x00, 0x06, 0x82, 0x00, 0x2F, 0x82, 0x08, 0xA4,
    0xA2, 0x08, 0xEC, 0x82, 0x00, 0xFE, 0xC2, 0x08, 0xFF, 0x04, 0x1A, 0xFF, 0xA5, 0x1A, 0xFF, 0x27, 0x2B, 0xFF,
    0x27, 0x2B, 0xFF, 0xE6, 0x22, 0xFF, 0x06, 0x23, 0xFF, 0xE6, 0x22, 0xFF, 0x43, 0x1A, 0xFF, 0xC2, 0x11, 0xFF,
    0x02, 0x1A, 0xFF, 0x84, 0x1A, 0xFF, 0x22, 0x11, 0xFF, 0x00, 0x00, 0xFF, 0x00, 0x00, 0xFF, 0x00, 0x00, 0xFF,
    0x00, 0x00, 0xFF, 0x20, 0x40, 0xFF, 0x20, 0xA0, 0xFF, 0x00, 0xA0, 0xFF, 0x00, 0xA0, 0xFF, 0x00, 0xA0, 0xFF,
    0x00, 0xA8, 0xFF, 0x00, 0xA0, 0xFF, 0x00, 0xA0, 0xFF, 0x00, 0xA8, 0xFF, 0x00, 0xA8, 0xFF, 0x00, 0xA8, 0xFF,
    0x00, 0xA8, 0xFF, 0x00, 0xA8, 0xFF, 0x00, 0xA8, 0xFF, 0x00, 0xA8, 0xFF, 0x00, 0xA8, 0xFF, 0x00, 0xB0, 0xFF,
    0x00, 0xB0, 0xFF, 0x00, 0xB0, 0xFF, 0x00, 0xB0, 0xFF, 0x00, 0xB0, 0xFF, 0x00, 0xB0, 0xFF, 0x00, 0xB0, 0xFF,
    0x00, 0xB0, 0xFF, 0x00, 0xB0, 0xFF, 0x00, 0xB0, 0xFF, 0x00, 0xB8, 0xFF, 0x00, 0xB8, 0xFF, 0x00, 0xB8, 0xFF,
    0x00, 0xB8, 0xFF, 0x00, 0xB8, 0xFF, 0x00, 0xB8, 0xFF, 0x00, 0xB8, 0xFF, 0x00, 0xB8, 0xFF, 0x00, 0xB8, 0xFF,
    0x00, 0xB8, 0xFF, 0x00, 0xB8, 0xFF, 0x00, 0xC0, 0xFF, 0x00, 0xC0, 0xFF, 0x00, 0xC0, 0xFF, 0x00, 0xC0, 0xFF,
    0x00, 0xC0, 0xFF, 0x00, 0xC0, 0xFF, 0x00, 0xC0, 0xFF, 0x41, 0x78, 0xFF, 0x00, 0x00, 0xFF, 0x00, 0x00, 0xFF,
    0x00, 0x00, 0xFF, 0x00, 0x00, 0xFF, 0x00, 0x00, 0xFF, 0x00, 0x00, 0xFF, 0x00, 0x00, 0xFF, 0x00, 0x00, 0xFF,
    0x00, 0x00, 0xFF, 0x00, 0x00, 0xFF, 0x00, 0x00, 0xFF, 0x00, 0x00, 0xFF, 0x00, 0x00, 0xFF, 0x00, 0x00, 0xFF,
    0x00, 0x00, 0xFF, 0x00, 0x00, 0xFF, 0x00, 0x00, 0xFF, 0x00, 0x00, 0xFF, 0x00, 0x00, 0xFF, 0x00, 0x00, 0xFF,
    0x00, 0x00, 0xFF, 0x00, 0x00, 0xFF, 0x20, 0x00, 0xFF, 0x21, 0x48, 0xFF, 0x20, 0xA8, 0xFF, 0x00, 0xA8, 0xFF,
    0x00, 0xB0, 0xFF, 0x00, 0xA8, 0xFF, 0x00, 0xB0, 0xFF, 0x00, 0xB0, 0xFF, 0x00, 0xB0, 0xFF, 0x00, 0xB0, 0xFF,
    0x00, 0xB0, 0xFF, 0x00, 0xB0, 0xFF, 0x00, 0xB0, 0xFF, 0x00, 0xB8, 0xFF, 0x00, 0xB8, 0xFF, 0x00, 0xB8, 0xFF,
    0x00, 0xB8, 0xFF, 0x00, 0xB8, 0xFF, 0x00, 0xC0, 0xFF, 0x00, 0xC0, 0xFF, 0x00, 0xC0, 0xFF, 0x00, 0xC0, 0xFF,
    0x00, 0xC0, 0xFF, 0x00, 0xC0, 0xFF, 0x00, 0xC0, 0xFF, 0x00, 0xB8, 0xFF, 0x00, 0xB8, 0xFF, 0x00, 0xB8, 0xFF,
    0x00, 0xB8, 0xFF, 0x00, 0xB8, 0xFF, 0x00, 0xB8, 0xFF, 0x00, 0xB8, 0xFF, 0x00, 0xB8, 0xFF, 0x00, 0xB8, 0xFF,
    0x00, 0xB8, 0xFF, 0x00, 0xB8, 0xFF, 0x00, 0xB8, 0xFF, 0x00, 0xB0, 0xFF, 0x00, 0xB0, 0xFF, 0x00, 0xB0, 0xFF,
    0x00, 0xB0, 0xFF, 0x00, 0xB0, 0xFF, 0x00, 0xB0, 0xFF, 0x00, 0xB0, 0xFF, 0x00, 0xA8, 0xFF, 0x00, 0xA8, 0xFF,
    0x00, 0xA8, 0xFF, 0x00, 0xA8, 0xFF, 0x00, 0xA8, 0xFF, 0x00, 0xA8, 0xFF, 0x00, 0xA8, 0xFF, 0x00, 0xA8, 0xFF,
    0x00, 0xA8, 0xFF, 0x00, 0xA8, 0xFF, 0x00, 0xA0, 0xFF, 0x00, 0xA0, 0xFF, 0x00, 0xA0, 0xFF, 0x00, 0xA0, 0xFF,
    0x00, 0xA0, 0xFF, 0x20, 0xA0, 0xFF, 0x21, 0x78, 0xFF, 0x00, 0x10, 0xFF, 0x00, 0x00, 0xFF, 0x00, 0x00, 0xFF,
    0x00, 0x00, 0xFF, 0x20, 0x00, 0xFF, 0xE3, 0x10, 0xFF, 0x03, 0x09, 0xFF, 0xE3, 0x08, 0xFF, 0xE3, 0x08, 0xFF,
    0xC2, 0x08, 0xFF, 0x43, 0x11, 0xFF, 0x83, 0x11, 0xFF, 0x83, 0x11, 0xFF, 0x83, 0x11, 0xFF, 0x43, 0x11, 0xFF,
    0x02, 0x01, 0xFF, 0x23, 0x09, 0xFF, 0x23, 0x09, 0xFF, 0x23, 0x09, 0xFF, 0x24, 0x11, 0xFE, 0x24, 0x11, 0xEC,
    0x23, 0x09, 0xA4, 0x23, 0x09, 0x2F, 0x23, 0x09, 0x06, 0x24, 0x11, 0x00, 0x24, 0x11, 0x00, 0x23, 0x09, 0x00,
    0xA2, 0x08, 0x00, 0xA2, 0x08, 0x00, 0xA2, 0x08, 0x00, 0xA2, 0x00, 0x09, 0xA2, 0x00, 0x3D, 0xA2, 0x08, 0xC2,
    0xA2, 0x08, 0xF6, 0x81, 0x08, 0xFF, 0x42, 0x09, 0xFF, 0x84, 0x1A, 0xFF, 0x06, 0x23, 0xFF, 0x07, 0x23, 0xFF,
    0x27, 0x2B, 0xFF, 0x27, 0x2B, 0xFF, 0x27, 0x2B, 0xFF, 0xC5, 0x2A, 0xFF, 0xE2, 0x11, 0xFF, 0x02, 0x1A, 0xFF,
    0x43, 0x1A, 0xFF, 0x43, 0x1A, 0xFF, 0x60, 0x00, 0xFF, 0x00, 0x00, 0xFF, 0x00, 0x00, 0xFF, 0x00, 0x00, 0xFF,
    0x00, 0x08, 0xFF, 0x40, 0x70, 0xFF, 0x20, 0xA0, 0xFF, 0x00, 0xA0, 0xFF, 0x00, 0xA0, 0xFF, 0x00, 0xA0, 0xFF,
    0x00, 0xA0, 0xFF, 0x00, 0xA0, 0xFF, 0x00, 0xA0, 0xFF, 0x00, 0xA8, 0xFF, 0x00, 0xA8, 0xFF, 0x00, 0xA8, 0xFF,
    0x00, 0xA8, 0xFF, 0x00, 0xA8, 0xFF, 0x00, 0xA8, 0xFF, 0x00, 0xA8, 0xFF, 0x00, 0xA8, 0xFF, 0x00, 0xB0, 0xFF,
    0x00, 0xB0, 0xFF, 0x00, 0xB0, 0xFF, 0x00, 0xB0, 0xFF, 0x00, 0xB0, 0xFF, 0x00, 0xB0, 0xFF, 0x00, 0xB0, 0xFF,
    0x00, 0xB0, 0xFF, 0x00, 0xB0, 0xFF, 0x00, 0xB0, 0xFF, 0x00, 0xB8, 0xFF, 0x00, 0xB8, 0xFF, 0x00, 0xB8, 0xFF,
    0x00, 0xB8, 0xFF, 0x00, 0xB8, 0xFF, 0x00, 0xB8, 0xFF, 0x00, 0xB8, 0xFF, 0x00, 0xB8, 0xFF, 0x00, 0xB8, 0xFF,
    0x00, 0xB8, 0xFF, 0x00, 0xB8, 0xFF, 0x00, 0xC0, 0xFF, 0x00, 0xC0, 0xFF, 0x00, 0xC0, 0xFF, 0x00, 0xC0, 0xFF,
    0x00, 0xC0, 0xFF, 0x00, 0xB8, 0xFF, 0x00, 0xC0, 0xFF, 0x21, 0x68, 0xFF, 0x00, 0x00, 0xFF, 0x00, 0x00, 0xFF,
    0x00, 0x00, 0xFF, 0x00, 0x00, 0xFF, 0x00, 0x00, 0xFF, 0x00, 0x00, 0xFF, 0x00, 0x00, 0xFF, 0x00, 0x00, 0xFF,
    0x00, 0x00, 0xFF, 0x00, 0x00, 0xFF, 0x00, 0x00, 0xFF, 0x00, 0x00, 0xFF, 0x00, 0x00, 0xFF, 0x00, 0x00, 0xFF,
    0x00, 0x00, 0xFF, 0x00, 0x00, 0xFF, 0x00, 0x00, 0xFF, 0x00, 0x00, 0xFF, 0x00, 0x00, 0xFF, 0x00, 0x00, 0xFF,
    0x00, 0x00, 0xFF, 0x00, 0x00, 0xFF, 0x00, 0x00, 0xFF, 0x00, 0x10, 0xFF, 0x20, 0x88, 0xFF, 0x00, 0xB0, 0xFF,
    0x00, 0xA8, 0xFF, 0x00, 0xB0, 0xFF, 0x00, 0xA8, 0xFF, 0x00, 0xA8, 0xFF, 0x00, 0xB0, 0xFF, 0x00, 0xB0, 0xFF,
    0x00, 0xB0, 0xFF, 0x00, 0xB0, 0xFF, 0x00, 0xB0, 0xFF, 0x00, 0xB0, 0xFF, 0x00, 0xB8, 0xFF, 0x00, 0xB8, 0xFF,
    0x00, 0xB8, 0xFF, 0x00, 0xB8, 0xFF, 0x00, 0xB8, 0xFF, 0x00, 0xC0, 0xFF, 0x00, 0xC0, 0xFF, 0x00, 0xC0, 0xFF,
    0x00, 0xC0, 0xFF, 0x00, 0xC0, 0xFF, 0x00, 0xC0, 0xFF, 0x00, 0xC0, 0xFF, 0x00, 0xB8, 0xFF, 0x00, 0xB8, 0xFF,
    0x00, 0xB8, 0xFF, 0x00, 0xB8, 0xFF, 0x00, 0xB8, 0xFF, 0x00, 0xB8, 0xFF, 0x00, 0xB8, 0xFF, 0x00, 0xB8, 0xFF,
    0x00, 0xB8, 0xFF, 0x00, 0xB8, 0xFF, 0x00, 0xB8, 0xFF, 0x00, 0xB0, 0xFF, 0x00, 0xB0, 0xFF, 0x00, 0xB0, 0xFF,
    0x00, 0xB0, 0xFF, 0x00, 0xB0, 0xFF, 0x00, 0xB0, 0xFF, 0x00, 0xB0, 0xFF, 0x00, 0xA8, 0xFF, 0x00, 0xB0, 0xFF,
    0x00, 0xA8, 0xFF, 0x00, 0xA8, 0xFF, 0x00, 0xA8, 0xFF, 0x00, 0xA8, 0xFF, 0x00, 0xA8, 0xFF, 0x00, 0xA8, 0xFF,
    0x00, 0xA8, 0xFF, 0x00, 0xA8, 0xFF, 0x00, 0xA8, 0xFF, 0x00, 0xA0, 0xFF, 0x00, 0xA0, 0xFF, 0x00, 0xA0, 0xFF,
    0x00, 0xA0, 0xFF, 0x00, 0xA0, 0xFF, 0x20, 0x98, 0xFF, 0x00, 0x30, 0xFF, 0x00, 0x00, 0xFF, 0x00, 0x00, 0xFF,
    0x00, 0x00, 0xFF, 0x00, 0x00, 0xFF, 0x61, 0x00, 0xFF, 0xA2, 0x08, 0xFF, 0xA2, 0x08, 0xFF, 0x82, 0x08, 0xFF,
    0x61, 0x00, 0xFF, 0xE2, 0x08, 0xFF, 0x64, 0x11, 0xFF, 0x83, 0x09, 0xFF, 0xA3, 0x11, 0xFF, 0xA3, 0x11, 0xFF,
    0xA4, 0x11, 0xFF, 0x84, 0x11, 0xFF, 0x44, 0x09, 0xFF, 0x23, 0x09, 0xFF, 0xC2, 0x00, 0xFF, 0xE2, 0x08, 0xF6,
    0x23, 0x09, 0xC2, 0x63, 0x11, 0x3D, 0x43, 0x11, 0x09, 0x43, 0x11, 0x00, 0x43, 0x11, 0x00, 0x43, 0x11, 0x00,
    0xE2, 0x00, 0x00, 0xC2, 0x00, 0x00, 0xC2, 0x00, 0x01, 0xE2, 0x08, 0x13, 0xE2, 0x08, 0x5B, 0xC2, 0x08, 0xD0,
    0xC2, 0x08, 0xF9, 0xC2, 0x08, 0xFF, 0xE4, 0x19, 0xFF, 0xE6, 0x22, 0xFF, 0xE6, 0x22, 0xFF, 0x47, 0x2B, 0xFF,
    0x47, 0x2B, 0xFF, 0x27, 0x23, 0xFF, 0x27, 0x2B, 0xFF, 0x43, 0x1A, 0xFF, 0xE2, 0x11, 0xFF, 0x43, 0x1A, 0xFF,
    0x83, 0x22, 0xFF, 0x62, 0x11, 0xFF, 0x00, 0x00, 0xFF, 0x00, 0x00, 0xFF, 0x00, 0x00, 0xFF, 0x00, 0x00, 0xFF,
    0x00, 0x28, 0xFF, 0x21, 0x98, 0xFF, 0x00, 0xA0, 0xFF, 0x00, 0xA0, 0xFF, 0x00, 0xA0, 0xFF, 0x00, 0xA0, 0xFF,
    0x00, 0xA0, 0xFF, 0x00, 0xA0, 0xFF, 0x00, 0xA8, 0xFF, 0x00, 0xA8, 0xFF, 0x00, 0xA8, 0xFF, 0x00, 0xA8, 0xFF,
    0x00, 0xA8, 0xFF, 0x00, 0xA8, 0xFF, 0x00, 0xA8, 0xFF, 0x00, 0xA8, 0xFF, 0x00, 0xB0, 0xFF, 0x00, 0xB0, 0xFF,
    0x00, 0xB0, 0xFF, 0x00, 0xB0, 0xFF, 0x00, 0xB0, 0xFF, 0x00, 0xB0, 0xFF, 0x00, 0xB0, 0xFF, 0x00, 0xB0, 0xFF,
    0x00, 0xB8, 0xFF, 0x00, 0xB8, 0xFF, 0x00, 0xB8, 0xFF, 0x00, 0xB8, 0xFF, 0x00, 0xB8, 0xFF, 0x00, 0xB8, 0xFF,
    0x00, 0xB8, 0xFF, 0x00, 0xB8, 0xFF, 0x00, 0xB8, 0xFF, 0x00, 0xB8, 0xFF, 0x00, 0xB8, 0xFF, 0x00, 0xC0, 0xFF,
    0x00, 0xC0, 0xFF, 0x00, 0xC0, 0xFF, 0x00, 0xC0, 0xFF, 0x00, 0xC0, 0xFF, 0x00, 0xC0, 0xFF, 0x00, 0xB8, 0xFF,
    0x00, 0xC0, 0xFF, 0x00, 0xB8, 0xFF, 0x20, 0xB8, 0xFF, 0x20, 0x58, 0xFF, 0x00, 0x00, 0xFF, 0x00, 0x00, 0xFF,
    0x00, 0x00, 0xFF, 0x00, 0x00, 0xFF, 0x00, 0x00, 0xFF, 0x00, 0x00, 0xFF, 0x00, 0x00, 0xFF, 0x00, 0x00, 0xFF,
    0x00, 0x00, 0xFF, 0x00, 0x00, 0xFF, 0x00, 0x00, 0xFF, 0x00, 0x00, 0xFF, 0x00, 0x00, 0xFF, 0x00, 0x00, 0xFF,
    0x00, 0x00, 0xFF, 0x00, 0x00, 0xFF, 0x00, 0x00, 0xFF, 0x00, 0x00, 0xFF, 0x00, 0x00, 0xFF, 0x00, 0x00, 0xFF,
    0x00, 0x00, 0xFF, 0x00, 0x00, 0xFF, 0x00, 0x00, 0xFF, 0x00, 0x00, 0xFF, 0x20, 0x38, 0xFF, 0x21, 0xA0, 0xFF,
    0x00, 0xA8, 0xFF, 0x00, 0xA8, 0xFF, 0x00, 0xA8, 0xFF, 0x00, 0xA8, 0xFF, 0x00, 0xA8, 0xFF, 0x00, 0xA8, 0xFF,
    0x00, 0xA8, 0xFF, 0x00, 0xB0, 0xFF, 0x00, 0xB0, 0xFF, 0x00, 0xB0, 0xFF, 0x00, 0xB0, 0xFF, 0x00, 0xB0, 0xFF,
    0x00, 0xB8, 0xFF, 0x00, 0xB8, 0xFF, 0x00, 0xB8, 0xFF, 0x00, 0xB8, 0xFF, 0x00, 0xC0, 0xFF, 0x00, 0xC0, 0xFF,
    0x00, 0xC0, 0xFF, 0x00, 0xC0, 0xFF, 0x00, 0xC0, 0xFF, 0x00, 0xC0, 0xFF, 0x00, 0xC0, 0xFF, 0x00, 0xC0, 0xFF,
    0x00, 0xC0, 0xFF, 0x00, 0xB8, 0xFF, 0x00, 0xB8, 0xFF, 0x00, 0xB8, 0xFF, 0x00, 0xB8, 0xFF, 0x00, 0xB8, 0xFF,
    0x00, 0xB8, 0xFF, 0x00, 0xB8, 0xFF, 0x00, 0xB8, 0xFF, 0x00, 0xB0, 0xFF, 0x00, 0xB0, 0xFF, 0x00, 0xB0, 0xFF,
    0x00, 0xB0, 0xFF, 0x00, 0xB0, 0xFF, 0x00, 0xB0, 0xFF, 0x00, 0xB0, 0xFF, 0x00, 0xA8, 0xFF, 0x00, 0xB0, 0xFF,
    0x00, 0xB0, 0xFF, 0x00, 0xA8, 0xFF, 0x00, 0xA8, 0xFF, 0x00, 0xA8, 0xFF, 0x00, 0xA8, 0xFF, 0x00, 0xA8, 0xFF,
    0x00, 0xA8, 0xFF, 0x00, 0xA8, 0xFF, 0x00, 0xA8, 0xFF, 0x00, 0xA0, 0xFF, 0x00, 0xA0, 0xFF, 0x00, 0xA0, 0xFF,
    0x00, 0xA0, 0xFF, 0x00, 0xA0, 0xFF, 0x00, 0xA8, 0xFF, 0x40, 0x58, 0xFF, 0x00, 0x00, 0xFF, 0x00, 0x00, 0xFF,
    0x00, 0x00, 0xFF, 0x00, 0x00, 0xFF, 0x20, 0x00, 0xFF, 0x61, 0x00, 0xFF, 0x61, 0x00, 0xFF, 0x62, 0x00, 0xFF,
    0x61, 0x00, 0xFF, 0x81, 0x00, 0xFF, 0x43, 0x11, 0xFF, 0x83, 0x11, 0xFF, 0x83, 0x11, 0xFF, 0xA3, 0x11, 0xFF,
    0xC4, 0x11, 0xFF, 0xE5, 0x19, 0xFF, 0xA5, 0x19, 0xFF, 0x44, 0x11, 0xFF, 0xC2, 0x08, 0xFF, 0xC2, 0x08, 0xF9,
    0x43, 0x11, 0xD0, 0x43, 0x09, 0x5B, 0x63, 0x11, 0x13, 0x63, 0x11, 0x01, 0x63, 0x11, 0x00, 0x84, 0x11, 0x00,
    0xE2, 0x08, 0x00, 0xE2, 0x08, 0x00, 0x23, 0x09, 0x06, 0x23, 0x11, 0x2F, 0xE2, 0x08, 0xA4, 0xE2, 0x08, 0xEC,
    0xE2, 0x08, 0xFE, 0xE2, 0x08, 0xFF, 0x24, 0x1A, 0xFF, 0x48, 0x2B, 0xFF, 0x68, 0x33, 0xFF, 0x27, 0x23, 0xFF,
    0x67, 0x2B, 0xFF, 0x26, 0x23, 0xFF, 0x26, 0x2B, 0xFF, 0x02, 0x12, 0xFF, 0xE2, 0x11, 0xFF, 0x43, 0x1A, 0xFF,
    0xC5, 0x2A, 0xFF, 0x01, 0x11, 0xFF, 0x00, 0x00, 0xFF, 0x00, 0x00, 0xFF, 0x00, 0x00, 0xFF, 0x00, 0x00, 0xFF,
    0x21, 0x58, 0xFF, 0x00, 0xA0, 0xFF, 0x00, 0xA0, 0xFF, 0x00, 0xA0, 0xFF, 0x00, 0xA0, 0xFF, 0x00, 0xA0, 0xFF,
    0x00, 0xA0, 0xFF, 0x00, 0xA8, 0xFF, 0x00, 0xA8, 0xFF, 0x00, 0xA8, 0xFF, 0x00, 0xA8, 0xFF, 0x00, 0xA8, 0xFF,
    0x00, 0xA8, 0xFF, 0x00, 0xA8, 0xFF, 0x00, 0xA8, 0xFF, 0x00, 0xA8, 0xFF, 0x00, 0xB0, 0xFF, 0x00, 0xB0, 0xFF,
    0x00, 0xB0, 0xFF, 0x00, 0xB0, 0xFF, 0x00, 0xB0, 0xFF, 0x00, 0xB0, 0xFF, 0x00, 0xB0, 0xFF, 0x00, 0xB8, 0xFF,
    0x00, 0xB8, 0xFF, 0x00, 0xB8, 0xFF, 0x00, 0xB8, 0xFF, 0x00, 0xB8, 0xFF, 0x00, 0xB8, 0xFF, 0x00, 0xB8, 0xFF,
    0x00, 0xB8, 0xFF, 0x00, 0xB8, 0xFF, 0x00, 0xB8, 0xFF, 0x00, 0xB8, 0xFF, 0x00, 0xC0, 0xFF, 0x00, 0xC0, 0xFF,
    0x00, 0xC0, 0xFF, 0x00, 0xC0, 0xFF, 0x00, 0xC0, 0xFF, 0x00, 0xC0, 0xFF, 0x00, 0xB8, 0xFF, 0x00, 0xB8, 0xFF,
    0x00, 0xB8, 0xFF, 0x00, 0xB8, 0xFF, 0x20, 0xB0, 0xFF, 0x20, 0x48, 0xFF, 0x00, 0x00, 0xFF, 0x00, 0x00, 0xFF,
    0x00, 0x00, 0xFF, 0x00, 0x00, 0xFF, 0x00, 0x00, 0xFF, 0x00, 0x00, 0xFF, 0x00, 0x00, 0xFF, 0x00, 0x00, 0xFF,
    0x00, 0x00, 0xFF, 0x00, 0x00, 0xFF, 0x00, 0x00, 0xFF, 0x00, 0x00, 0xFF, 0x00, 0x00, 0xFF, 0x00, 0x00, 0xFF,
    0x00, 0x00, 0xFF, 0x00, 0x00, 0xFF, 0x00, 0x00, 0xFF, 0x00, 0x00, 0xFF, 0x00, 0x00, 0xFF, 0x00, 0x00, 0xFF,
    0x00, 0x00, 0xFF, 0x00, 0x00, 0xFF, 0x00, 0x00, 0xFF, 0x00, 0x00, 0xFF, 0x00, 0x00, 0xFF, 0x20, 0x60, 0xFF,
    0x00, 0xB0, 0xFF, 0x20, 0xA0, 0xFF, 0x00, 0xA8, 0xFF, 0x00, 0xA8, 0xFF, 0x00, 0xA8, 0xFF, 0x00, 0xA8, 0xFF,
    0x00, 0xA8, 0xFF, 0x00, 0xA8, 0xFF, 0x00, 0xB0, 0xFF, 0x00, 0xB0, 0xFF, 0x00, 0xB0, 0xFF, 0x00, 0xB0, 0xFF,
    0x00, 0xB0, 0xFF, 0x00, 0xB0, 0xFF, 0x00, 0xB8, 0xFF, 0x00, 0xB8, 0xFF, 0x00, 0xB8, 0xFF, 0x00, 0xC0, 0xFF,
    0x00, 0xC0, 0xFF, 0x00, 0xC0, 0xFF, 0x00, 0xC0, 0xFF, 0x00, 0xC0, 0xFF, 0x00, 0xC0, 0xFF, 0x00, 0xC0, 0xFF,
    0x00, 0xC0, 0xFF, 0x00, 0xB8, 0xFF, 0x00, 0xB8, 0xFF, 0x00, 0xB8, 0xFF, 0x00, 0xB8, 0xFF, 0x00, 0xB8, 0xFF,
    0x00, 0xB8, 0xFF, 0x00, 0xB8, 0xFF, 0x00, 0xB8, 0xFF, 0x00, 0xB0, 0xFF, 0x00, 0xB0, 0xFF, 0x00, 0xB0, 0xFF,
    0x00, 0xB0, 0xFF, 0x00, 0xB0, 0xFF, 0x00, 0xB0, 0xFF, 0x00, 0xB0, 0xFF, 0x00, 0xB0, 0xFF, 0x00, 0xB0, 0xFF,
    0x00, 0xB0, 0xFF, 0x00, 0xA8, 0xFF, 0x00, 0xA8, 0xFF, 0x00, 0xA8, 0xFF, 0x00, 0xA8, 0xFF, 0x00, 0xA8, 0xFF,
    0x00, 0xA8, 0xFF, 0x00, 0xA8, 0xFF, 0x00, 0xA8, 0xFF, 0x00, 0xA0, 0xFF, 0x00, 0xA0, 0xFF, 0x00, 0xA0, 0xFF,
    0x00, 0xA0, 0xFF, 0x00, 0xA0, 0xFF, 0x00, 0xA0, 0xFF, 0x40, 0x88, 0xFF, 0x00, 0x18, 0xFF, 0x00, 0x00, 0xFF,
    0x00, 0x00, 0xFF, 0x00, 0x00, 0xFF, 0x00, 0x00, 0xFF, 0x61, 0x08, 0xFF, 0x62, 0x00, 0xFF, 0x62, 0x00, 0xFF,
    0x61, 0x00, 0xFF, 0x61, 0x00, 0xFF, 0xE2, 0x08, 0xFF, 0x63, 0x11, 0xFF, 0x83, 0x11, 0xFF, 0x83, 0x11, 0xFF,
    0x83, 0x11, 0xFF, 0xE5, 0x19, 0xFF, 0xA5, 0x19, 0xFF, 0x03, 0x09, 0xFF, 0xC2, 0x08, 0xFF, 0xC2, 0x08, 0xFE,
    0x23, 0x11, 0xEC, 0x43, 0x09, 0xA4, 0x63, 0x09, 0x2F, 0x84, 0x11, 0x06, 0x84, 0x11, 0x00, 0x84, 0x11, 0x00,
    0x02, 0x09, 0x00, 0x23, 0x11, 0x00, 0x43, 0x11, 0x07, 0x02, 0x09, 0x39, 0xE2, 0x08, 0xC0, 0x02, 0x09, 0xF6,
    0xE2, 0x08, 0xFF, 0x62, 0x09, 0xFF, 0x48, 0x2B, 0xFF, 0xA9, 0x33, 0xFF, 0x07, 0x23, 0xFF, 0x68, 0x2B, 0xFF,
    0xE6, 0x22, 0xFF, 0x06, 0x23, 0xFF, 0x43, 0x1A, 0xFF, 0x22, 0x1A, 0xFF, 0x63, 0x22, 0xFF, 0xE3, 0x19, 0xFF,
    0x04, 0x22, 0xFF, 0x40, 0x00, 0xFF, 0x00, 0x00, 0xFF, 0x00, 0x00, 0xFF, 0x00, 0x00, 0xFF, 0x00, 0x10, 0xFF,
    0x21, 0x80, 0xFF, 0x20, 0xA0, 0xFF, 0x00, 0xA0, 0xFF, 0x00, 0xA0, 0xFF, 0x00, 0xA0, 0xFF, 0x00, 0xA0, 0xFF,
    0x00, 0xA0, 0xFF, 0x00, 0xA8, 0xFF, 0x00, 0xA8, 0xFF, 0x00, 0xA8, 0xFF, 0x00, 0xA8, 0xFF, 0x00, 0xA8, 0xFF,
    0x00, 0xA8, 0xFF, 0x00, 0xA8, 0xFF, 0x00, 0xB0, 0xFF, 0x00, 0xB0, 0xFF, 0x00, 0xB0, 0xFF, 0x00, 0xB0, 0xFF,
    0x00, 0xB0, 0xFF, 0x00, 0xB0, 0xFF, 0x00, 0xB0, 0xFF, 0x00, 0xB0, 0xFF, 0x00, 0xB0, 0xFF, 0x00, 0xB8, 0xFF,
    0x00, 0xB8, 0xFF, 0x00, 0xB8, 0xFF, 0x00, 0xB8, 0xFF, 0x00, 0xB8, 0xFF, 0x00, 0xB8, 0xFF, 0x00, 0xB8, 0xFF,
    0x00, 0xC0, 0xFF, 0x00, 0xC0, 0xFF, 0x00, 0xC0, 0xFF, 0x00, 0xC0, 0xFF, 0x00, 0xC0, 0xFF, 0x00, 0xC0, 0xFF,
    0x00, 0xC0, 0xFF, 0x00, 0xC0, 0xFF, 0x00, 0xC0, 0xFF, 0x00, 0xC0, 0xFF, 0x00, 0xB8, 0xFF, 0x00, 0xB8, 0xFF,
    0x00, 0xB0, 0xFF, 0x00, 0xB8, 0xFF, 0x20, 0xA8, 0xFF, 0x20, 0x38, 0xFF, 0x00, 0x00, 0xFF, 0x00, 0x00, 0xFF,
    0x00, 0x00, 0xFF, 0x00, 0x00, 0xFF, 0x00, 0x00, 0xFF, 0x00, 0x00, 0xFF, 0x00, 0x00, 0xFF, 0x00, 0x00, 0xFF,
    0x00, 0x00, 0xFF, 0x00, 0x00, 0xFF, 0x00, 0x00, 0xFF, 0x00, 0x00, 0xFF, 0x00, 0x00, 0xFF, 0x00, 0x00, 0xFF,
    0x00, 0x00, 0xFF, 0x00, 0x00, 0xFF, 0x00, 0x00, 0xFF, 0x00, 0x00, 0xFF, 0x00, 0x00, 0xFF, 0x00, 0x00, 0xFF,
    0x00, 0x00, 0xFF, 0x00, 0x00, 0xFF, 0x00, 0x00, 0xFF, 0x00, 0x00, 0xFF, 0x00, 0x00, 0xFF, 0x00, 0x18, 0xFF,
    0x41, 0x78, 0xFF, 0x00, 0xA8, 0xFF, 0x00, 0xA0, 0xFF, 0x00, 0xA8, 0xFF, 0x00, 0xA8, 0xFF, 0x00, 0xA8, 0xFF,
    0x00, 0xA8, 0xFF, 0x00, 0xA8, 0xFF, 0x00, 0xA8, 0xFF, 0x00, 0xA8, 0xFF, 0x00, 0xA8, 0xFF, 0x00, 0xB0, 0xFF,
    0x00, 0xB0, 0xFF, 0x00, 0xB0, 0xFF, 0x00, 0xB8, 0xFF, 0x00, 0xB8, 0xFF, 0x00, 0xB8, 0xFF, 0x00, 0xB8, 0xFF,
    0x00, 0xC0, 0xFF, 0x00, 0xC0, 0xFF, 0x00, 0xC0, 0xFF, 0x00, 0xC0, 0xFF, 0x00, 0xC0, 0xFF, 0x00, 0xC0, 0xFF,
    0x00, 0xC0, 0xFF, 0x00, 0xB8, 0xFF, 0x00, 0xB8, 0xFF, 0x00, 0xB8, 0xFF, 0x00, 0xB8, 0xFF, 0x00, 0xB8, 0xFF,
    0x00, 0xB8, 0xFF, 0x00, 0xB8, 0xFF, 0x00, 0xB8, 0xFF, 0x00, 0xB0, 0xFF, 0x00, 0xB0, 0xFF, 0x00, 0xB0, 0xFF,
    0x00, 0xB0, 0xFF, 0x00, 0xB0, 0xFF, 0x00, 0xB0, 0xFF, 0x00, 0xB0, 0xFF, 0x00, 0xB0, 0xFF, 0x00, 0xB0, 0xFF,
    0x00, 0xB0, 0xFF, 0x00, 0xA8, 0xFF, 0x00, 0xA8, 0xFF, 0x00, 0xA8, 0xFF, 0x00, 0xA8, 0xFF, 0x00, 0xA8, 0xFF,
    0x00, 0xA8, 0xFF, 0x00, 0xA8, 0xFF, 0x00, 0xA8, 0xFF, 0x00, 0xA0, 0xFF, 0x00, 0xA0, 0xFF, 0x00, 0xA0, 0xFF,
    0x00, 0xA0, 0xFF, 0x00, 0xA0, 0xFF, 0x00, 0xA0, 0xFF, 0x20, 0xA0, 0xFF, 0x20, 0x40, 0xFF, 0x00, 0x00, 0xFF,
    0x00, 0x00, 0xFF, 0x00, 0x00, 0xFF, 0x00, 0x00, 0xFF, 0x41, 0x00, 0xFF, 0x61, 0x00, 0xFF, 0x41, 0x00, 0xFF,
    0x41, 0x00, 0xFF, 0x61, 0x00, 0xFF, 0x03, 0x09, 0xFF, 0x84, 0x11, 0xFF, 0xA3, 0x11, 0xFF, 0x83, 0x11, 0xFF,
    0x84, 0x11, 0xFF, 0x83, 0x09, 0xFF, 0x43, 0x11, 0xFF, 0xE2, 0x08, 0xFF, 0xA2, 0x08, 0xFF, 0x81, 0x00, 0xFF,
    0x43, 0x11, 0xF6, 0x84, 0x11, 0xC0, 0x84, 0x11, 0x39, 0xA4, 0x11, 0x07, 0x84, 0x11, 0x00, 0xA4, 0x11, 0x00,
    0x63, 0x11, 0x00, 0x63, 0x11, 0x00, 0x02, 0x09, 0x09, 0x22, 0x09, 0x3F, 0x22, 0x09, 0xC6, 0x22, 0x09, 0xF8,
    0x02, 0x09, 0xFF, 0xA4, 0x19, 0xFF, 0xE7, 0x2A, 0xFF, 0x07, 0x23, 0xFF, 0x88, 0x33, 0xFF, 0x06, 0x23, 0xFF,
    0xC5, 0x22, 0xFF, 0x84, 0x1A, 0xFF, 0xE2, 0x11, 0xFF, 0xA4, 0x2A, 0xFF, 0x24, 0x1A, 0xFF, 0xA1, 0x00, 0xFF,
    0x81, 0x08, 0xFF, 0x00, 0x00, 0xFF, 0x00, 0x00, 0xFF, 0x00, 0x00, 0xFF, 0x00, 0x00, 0xFF, 0x00, 0x38, 0xFF,
    0x01, 0xA0, 0xFF, 0x00, 0xA0, 0xFF, 0x00, 0xA0, 0xFF, 0x00, 0xA8, 0xFF, 0x00, 0xA0, 0xFF, 0x00, 0xA0, 0xFF,
    0x00, 0xA8, 0xFF, 0x00, 0xA8, 0xFF, 0x00, 0xA8, 0xFF, 0x00, 0xA8, 0xFF, 0x00, 0xA8, 0xFF, 0x00, 0xA8, 0xFF,
    0x00, 0xA8, 0xFF, 0x00, 0xA8, 0xFF, 0x00, 0xB0, 0xFF, 0x00, 0xB0, 0xFF, 0x00, 0xB0, 0xFF, 0x00, 0xB0, 0xFF,
    0x00, 0xB0, 0xFF, 0x00, 0xB0, 0xFF, 0x00, 0xB0, 0xFF, 0x00, 0xB0, 0xFF, 0x00, 0xB0, 0xFF, 0x00, 0xB8, 0xFF,
    0x00, 0xB8, 0xFF, 0x00, 0xB8, 0xFF, 0x00, 0xB8, 0xFF, 0x00, 0xB8, 0xFF, 0x00, 0xB8, 0xFF, 0x00, 0xB8, 0xFF,
    0x00, 0xB8, 0xFF, 0x00, 0xC0, 0xFF, 0x00, 0xC0, 0xFF, 0x00, 0xC0, 0xFF, 0x00, 0xC0, 0xFF, 0x00, 0xC0, 0xFF,
    0x00, 0xC0, 0xFF, 0x00, 0xC0, 0xFF, 0x00, 0xC0, 0xFF, 0x00, 0xB8, 0xFF, 0x00, 0xB8, 0xFF, 0x00, 0xB8, 0xFF,
    0x00, 0xB0, 0xFF, 0x00, 0xB8, 0xFF, 0x20, 0xA8, 0xFF, 0x00, 0x28, 0xFF, 0x00, 0x00, 0xFF, 0x00, 0x00, 0xFF,
    0x00, 0x00, 0xFF, 0x00, 0x00, 0xFF, 0x00, 0x00, 0xFF, 0x00, 0x00, 0xFF, 0x00, 0x00, 0xFF, 0x00, 0x00, 0xFF,
    0x00, 0x00, 0xFF, 0x00, 0x00, 0xFF, 0x00, 0x00, 0xFF, 0x00, 0x00, 0xFF, 0x00, 0x00, 0xFF, 0x00, 0x00, 0xFF,
    0x00, 0x00, 0xFF, 0x00, 0x00, 0xFF, 0x00, 0x00, 0xFF, 0x00, 0x00, 0xFF, 0x00, 0x00, 0xFF, 0x00, 0x00, 0xFF,
    0x00, 0x00, 0xFF, 0x00, 0x00, 0xFF, 0x00, 0x00, 0xFF, 0x00, 0x00, 0xFF, 0x00, 0x00, 0xFF, 0x00, 0x00, 0xFF,
    0x00, 0x20, 0xFF, 0x21, 0x88, 0xFF, 0x00, 0xA0, 0xFF, 0x00, 0xA8, 0xFF, 0x00, 0xA0, 0xFF, 0x00, 0xA8, 0xFF,
    0x00, 0xA8, 0xFF, 0x00, 0xA8, 0xFF, 0x00, 0xA8, 0xFF, 0x00, 0xA8, 0xFF, 0x00, 0xA8, 0xFF, 0x00, 0xA8, 0xFF,
    0x00, 0xB0, 0xFF, 0x00, 0xB0, 0xFF, 0x00, 0xB0, 0xFF, 0x00, 0xB8, 0xFF, 0x00, 0xB8, 0xFF, 0x00, 0xB8, 0xFF,
    0x00, 0xB8, 0xFF, 0x00, 0xB8, 0xFF, 0x00, 0xC0, 0xFF, 0x00, 0xC0, 0xFF, 0x00, 0xC0, 0xFF, 0x00, 0xC0, 0xFF,
    0x00, 0xC0, 0xFF, 0x00, 0xB8, 0xFF, 0x00, 0xB8, 0xFF, 0x00, 0xB8, 0xFF, 0x00, 0xB8, 0xFF, 0x00, 0xB8, 0xFF,
    0x00, 0xB8, 0xFF, 0x00, 0xB8, 0xFF, 0x00, 0xB8, 0xFF, 0x00, 0xB8, 0xFF, 0x00, 0xB8, 0xFF, 0x00, 0xB8, 0xFF,
    0x00, 0xB0, 0xFF, 0x00, 0xB0, 0xFF, 0x00, 0xB0, 0xFF, 0x00, 0xB0, 0xFF, 0x00, 0xB0, 0xFF, 0x00, 0xB0, 0xFF,
    0x00, 0xB0, 0xFF, 0x00, 0xB0, 0xFF, 0x00, 0xA8, 0xFF, 0x00, 0xA8, 0xFF, 0x00, 0xA8, 0xFF, 0x00, 0xA8, 0xFF,
    0x00, 0xA8, 0xFF, 0x00, 0xA8, 0xFF, 0x00, 0xA8, 0xFF, 0x00, 0xA8, 0xFF, 0x00, 0xA0, 0xFF, 0x00, 0xA0, 0xFF,
    0x00, 0xA0, 0xFF, 0x00, 0xA0, 0xFF, 0x00, 0xA0, 0xFF, 0x00, 0xA8, 0xFF, 0x20, 0x68, 0xFF, 0x00, 0x08, 0xFF,
    0x00, 0x00, 0xFF, 0x00, 0x00, 0xFF, 0x00, 0x00, 0xFF, 0x20, 0x00, 0xFF, 0x41, 0x00, 0xFF, 0x41, 0x00, 0xFF,
    0x41, 0x00, 0xFF, 0x82, 0x00, 0xFF, 0x64, 0x11, 0xFF, 0xC5, 0x11, 0xFF, 0xE5, 0x19, 0xFF, 0xA3, 0x11, 0xFF,
    0xA4, 0x11, 0xFF, 0x63, 0x09, 0xFF, 0x02, 0x09, 0xFF, 0xE2, 0x08, 0xFF, 0xC2, 0x08, 0xFF, 0x81, 0x00, 0xFF,
    0x23, 0x09, 0xF8, 0xC5, 0x11, 0xC6, 0x84, 0x11, 0x3F, 0x84, 0x11, 0x09, 0xA4, 0x11, 0x00, 0xC5, 0x11, 0x00,
    0x42, 0x11, 0x00, 0x22, 0x09, 0x01, 0x02, 0x09, 0x13, 0x43, 0x11, 0x5B, 0x63, 0x11, 0xD0, 0x22, 0x09, 0xF9,
    0x42, 0x09, 0xFF, 0x62, 0x09, 0xFF, 0x04, 0x12, 0xFF, 0x27, 0x2B, 0xFF, 0x27, 0x2B, 0xFF, 0x07, 0x2B, 0xFF,
    0x26, 0x2B, 0xFF, 0x63, 0x12, 0xFF, 0x43, 0x1A, 0xFF, 0xE3, 0x19, 0xFF, 0x02, 0x09, 0xFF, 0x82, 0x00, 0xFF,
    0x41, 0x00, 0xFF, 0x00, 0x00, 0xFF, 0x00, 0x00, 0xFF, 0x00, 0x00, 0xFF, 0x00, 0x00, 0xFF, 0x20, 0x60, 0xFF,
    0x00, 0xA0, 0xFF, 0x00, 0xA0, 0xFF, 0x00, 0xA0, 0xFF, 0x00, 0xA8, 0xFF, 0x00, 0xA0, 0xFF, 0x00, 0xA8, 0xFF,
    0x00, 0xA8, 0xFF, 0x00, 0xA8, 0xFF, 0x00, 0xA8, 0xFF, 0x00, 0xA8, 0xFF, 0x00, 0xA8, 0xFF, 0x00, 0xA8, 0xFF,
    0x00, 0xA8, 0xFF, 0x00, 0xA8, 0xFF, 0x00, 0xB0, 0xFF, 0x00, 0xB0, 0xFF, 0x00, 0xB0, 0xFF, 0x00, 0xB0, 0xFF,
    0x00, 0xB0, 0xFF, 0x00, 0xB0, 0xFF, 0x00, 0xB0, 0xFF, 0x00, 0xB0, 0xFF, 0x00, 0xB8, 0xFF, 0x00, 0xB8, 0xFF,
    0x00, 0xB8, 0xFF, 0x00, 0xB8, 0xFF, 0x00, 0xB8, 0xFF, 0x00, 0xB8, 0xFF, 0x00, 0xB8, 0xFF, 0x00, 0xB8, 0xFF,
    0x00, 0xB8, 0xFF, 0x00, 0xB8, 0xFF, 0x00, 0xC0, 0xFF, 0x00, 0xC0, 0xFF, 0x00, 0xC0, 0xFF, 0x00, 0xC0, 0xFF,
    0x00, 0xC0, 0xFF, 0x00, 0xC0, 0xFF, 0x00, 0xB8, 0xFF, 0x00, 0xB8, 0xFF, 0x00, 0xB8, 0xFF, 0x00, 0xB8, 0xFF,
    0x00, 0xB0, 0xFF, 0x00, 0xB8, 0xFF, 0x20, 0xA0, 0xFF, 0x00, 0x20, 0xFF, 0x00, 0x00, 0xFF, 0x00, 0x00, 0xFF,
    0x00, 0x00, 0xFF, 0x00, 0x00, 0xFF, 0x00, 0x00, 0xFF, 0x00, 0x00, 0xFF, 0x00, 0x00, 0xFF, 0x00, 0x00, 0xFF,
    0x00, 0x00, 0xFF, 0x00, 0x00, 0xFF, 0x00, 0x00, 0xFF, 0x00, 0x00, 0xFF, 0x00, 0x00, 0xFF, 0x00, 0x00, 0xFF,
    0x00, 0x00, 0xFF, 0x00, 0x00, 0xFF, 0x00, 0x00, 0xFF, 0x00, 0x00, 0xFF, 0x00, 0x00, 0xFF, 0x00, 0x00, 0xFF,
    0x00, 0x00, 0xFF, 0x00, 0x00, 0xFF, 0x00, 0x00, 0xFF, 0x00, 0x00, 0xFF, 0x00, 0x00, 0xFF, 0x00, 0x00, 0xFF,
    0x00, 0x00, 0xFF, 0x00, 0x30, 0xFF, 0x21, 0x90, 0xFF, 0x00, 0xA8, 0xFF, 0x00, 0xA0, 0xFF, 0x00, 0xA0, 0xFF,
    0x00, 0xA0, 0xFF, 0x00, 0xA8, 0xFF, 0x00, 0xA8, 0xFF, 0x00, 0xA8, 0xFF, 0x00, 0xA8, 0xFF, 0x00, 0xA8, 0xFF,
    0x00, 0xB0, 0xFF, 0x00, 0xB0, 0xFF, 0x00, 0xB0, 0xFF, 0x00, 0xB0, 0xFF, 0x00, 0xB8, 0xFF, 0x00, 0xB8, 0xFF,
    0x00, 0xB8, 0xFF, 0x00, 0xB8, 0xFF, 0x00, 0xB8, 0xFF, 0x00, 0xC0, 0xFF, 0x00, 0xC0, 0xFF, 0x00, 0xC0, 0xFF,
    0x00, 0xC0, 0xFF, 0x00, 0xB8, 0xFF, 0x00, 0xB8, 0xFF, 0x00, 0xB8, 0xFF, 0x00, 0xB8, 0xFF, 0x00, 0xB8, 0xFF,
    0x00, 0xB8, 0xFF, 0x00, 0xB8, 0xFF, 0x00, 0xB8, 0xFF, 0x00, 0xB8, 0xFF, 0x00, 0xB8, 0xFF, 0x00, 0xB8, 0xFF,
    0x00, 0xB8, 0xFF, 0x00, 0xB0, 0xFF, 0x00, 0xB0, 0xFF, 0x00, 0xB0, 0xFF, 0x00, 0xB0, 0xFF, 0x00, 0xB0, 0xFF,
    0x00, 0xB0, 0xFF, 0x00, 0xB0, 0xFF, 0x00, 0xA8, 0xFF, 0x00, 0xA8, 0xFF, 0x00, 0xA8, 0xFF, 0x00, 0xA8, 0xFF,
    0x00, 0xA8, 0xFF, 0x00, 0xA8, 0xFF, 0x00, 0xA8, 0xFF, 0x00, 0xA8, 0xFF, 0x00, 0xA8, 0xFF, 0x00, 0xA8, 0xFF,
    0x00, 0xA0, 0xFF, 0x00, 0xA0, 0xFF, 0x00, 0xA0, 0xFF, 0x00, 0xA0, 0xFF, 0x20, 0x90, 0xFF, 0x00, 0x18, 0xFF,
    0x00, 0x00, 0xFF, 0x00, 0x00, 0xFF, 0x00, 0x00, 0xFF, 0x20, 0x00, 0xFF, 0x82, 0x08, 0xFF, 0x61, 0x00, 0xFF,
    0x41, 0x00, 0xFF, 0xA2, 0x00, 0xFF, 0x64, 0x11, 0xFF, 0xC5, 0x11, 0xFF, 0xC5, 0x19, 0xFF, 0xA4, 0x11, 0xFF,
    0xA3, 0x11, 0xFF, 0xA4, 0x11, 0xFF, 0x23, 0x09, 0xFF, 0xE2, 0x08, 0xFF, 0xC2, 0x08, 0xFF, 0x82, 0x08, 0xFF,
    0xA1, 0x00, 0xF9, 0xA4, 0x11, 0xD0, 0xE5, 0x11, 0x5B, 0xA4, 0x11, 0x13, 0xA5, 0x11, 0x01, 0xC5, 0x19, 0x00,
    0x42, 0x11, 0x00, 0x63, 0x11, 0x06, 0x42, 0x11, 0x2F, 0x63, 0x11, 0xA4, 0x83, 0x11, 0xEC, 0x63, 0x11, 0xFE,
    0x63, 0x11, 0xFF, 0x42, 0x09, 0xFF, 0xE4, 0x19, 0xFF, 0xC6, 0x22, 0xFF, 0x07, 0x2B, 0xFF, 0x07, 0x2B, 0xFF,
    0xE5, 0x22, 0xFF, 0x22, 0x12, 0xFF, 0xE6, 0x32, 0xFF, 0x22, 0x09, 0xFF, 0x41, 0x00, 0xFF, 0x82, 0x08, 0xFF,
    0x20, 0x00, 0xFF, 0x00, 0x00, 0xFF, 0x00, 0x00, 0xFF, 0x00, 0x00, 0xFF, 0x00, 0x10, 0xFF, 0x20, 0x80, 0xFF,
    0x00, 0xA8, 0xFF, 0x00, 0xA0, 0xFF, 0x00, 0xA0, 0xFF, 0x00, 0xA0, 0xFF, 0x00, 0xA0, 0xFF, 0x00, 0xA8, 0xFF,
    0x00, 0xA8, 0xFF, 0x00, 0xA8, 0xFF, 0x00, 0xA8, 0xFF, 0x00, 0xA8, 0xFF, 0x00, 0xA8, 0xFF, 0x00, 0xA8, 0xFF,
    0x00, 0xA8, 0xFF, 0x00, 0xB0, 0xFF, 0x00, 0xB0, 0xFF, 0x00, 0xB0, 0xFF, 0x00, 0xB0, 0xFF, 0x00, 0xB0, 0xFF,
    0x00, 0xB0, 0xFF, 0x00, 0xB0, 0xFF, 0x00, 0xB0, 0xFF, 0x00, 0xB0, 0xFF, 0x00, 0xB8, 0xFF, 0x00, 0xB8, 0xFF,
    0x00, 0xB8, 0xFF, 0x00, 0xB8, 0xFF, 0x00, 0xB8, 0xFF, 0x00, 0xB8, 0xFF, 0x00, 0xB8, 0xFF, 0x00, 0xB8, 0xFF,
    0x00, 0xB8, 0xFF, 0x00, 0xB8, 0xFF, 0x00, 0xC0, 0xFF, 0x00, 0xC0, 0xFF, 0x00, 0xC0, 0xFF, 0x00, 0xC0, 0xFF,
    0x00, 0xC0, 0xFF, 0x00, 0xB8, 0xFF, 0x00, 0xB8, 0xFF, 0x00, 0xB8, 0xFF, 0x00, 0xB0, 0xFF, 0x00, 0xB0, 0xFF,
    0x00, 0xB0, 0xFF, 0x00, 0xB8, 0xFF, 0x20, 0x98, 0xFF, 0x00, 0x18, 0xFF, 0x00, 0x00, 0xFF, 0x00, 0x00, 0xFF,
    0x00, 0x00, 0xFF, 0x00, 0x00, 0xFF, 0x00, 0x00, 0xFF, 0x00, 0x00, 0xFF, 0x00, 0x00, 0xFF, 0x00, 0x00, 0xFF,
    0x00, 0x00, 0xFF, 0x00, 0x00, 0xFF, 0x00, 0x00, 0xFF, 0x00, 0x00, 0xFF, 0x00, 0x00, 0xFF, 0x00, 0x00, 0xFF,
    0x00, 0x00, 0xFF, 0x00, 0x00, 0xFF, 0x00, 0x00, 0xFF, 0x00, 0x00, 0xFF, 0x00, 0x00, 0xFF, 0x00, 0x00, 0xFF,
    0x00, 0x00, 0xFF, 0x00, 0x00, 0xFF, 0x00, 0x00, 0xFF, 0x00, 0x00, 0xFF, 0x00, 0x00, 0xFF, 0x00, 0x00, 0xFF,
    0x00, 0x00, 0xFF, 0x00, 0x00, 0xFF, 0x20, 0x38, 0xFF, 0x40, 0x88, 0xFF, 0x00, 0xA8, 0xFF, 0x00, 0xA0, 0xFF,
    0x00, 0xA0, 0xFF, 0x00, 0xA0, 0xFF, 0x00, 0xA8, 0xFF, 0x00, 0xA8, 0xFF, 0x00, 0xA8, 0xFF, 0x00, 0xA8, 0xFF,
    0x00, 0xA8, 0xFF, 0x00, 0xB0, 0xFF, 0x00, 0xB0, 0xFF, 0x00, 0xB0, 0xFF, 0x00, 0xB0, 0xFF, 0x00, 0xB8, 0xFF,
    0x00, 0xB8, 0xFF, 0x00, 0xB8, 0xFF, 0x00, 0xB8, 0xFF, 0x00, 0xC0, 0xFF, 0x00, 0xC0, 0xFF, 0x00, 0xC0, 0xFF,
    0x00, 0xC0, 0xFF, 0x00, 0xC0, 0xFF, 0x00, 0xB8, 0xFF, 0x00, 0xB8, 0xFF, 0x00, 0xB8, 0xFF, 0x00, 0xB8, 0xFF,
    0x00, 0xB8, 0xFF, 0x00, 0xB8, 0xFF, 0x00, 0xB8, 0xFF, 0x00, 0xB8, 0xFF, 0x00, 0xB8, 0xFF, 0x00, 0xB8, 0xFF,
    0x00, 0xB8, 0xFF, 0x00, 0xB0, 0xFF, 0x00, 0xB0, 0xFF, 0x00, 0xB0, 0xFF, 0x00, 0xB0, 0xFF, 0x00, 0xB0, 0xFF,
    0x00, 0xB0, 0xFF, 0x00, 0xB0, 0xFF, 0x00, 0xA8, 0xFF, 0x00, 0xB0, 0xFF, 0x00, 0xA8, 0xFF, 0x00, 0xA8, 0xFF,
    0x00, 0xA8, 0xFF, 0x00, 0xA8, 0xFF, 0x00, 0xA8, 0xFF, 0x00, 0xA8, 0xFF, 0x00, 0xA8, 0xFF, 0x00, 0xA8, 0xFF,
    0x00, 0xA0, 0xFF, 0x00, 0xA0, 0xFF, 0x00, 0xA0, 0xFF, 0x00, 0xA0, 0xFF, 0x00, 0xA8, 0xFF, 0x20, 0x40, 0xFF,
    0x00, 0x00, 0xFF, 0x00, 0x00, 0xFF, 0x00, 0x00, 0xFF, 0x00, 0x00, 0xFF, 0x62, 0x08, 0xFF, 0x61, 0x00, 0xFF,
    0x41, 0x00, 0xFF, 0xC2, 0x08, 0xFF, 0x85, 0x19, 0xFF, 0x84, 0x11, 0xFF, 0x23, 0x09, 0xFF, 0x43, 0x11, 0xFF,
    0x83, 0x11, 0xFF, 0x83, 0x11, 0xFF, 0x64, 0x11, 0xFF, 0x03, 0x09, 0xFF, 0xA2, 0x00, 0xFF, 0x61, 0x00, 0xFF,
    0x61, 0x00, 0xFE, 0x02, 0x09, 0xEC, 0xA4, 0x11, 0xA4, 0xA4, 0x11, 0x2F, 0x84, 0x11, 0x06, 0x84, 0x11, 0x00,
    0x83, 0x11, 0x00, 0xC4, 0x19, 0x07, 0x83, 0x09, 0x39, 0xE4, 0x19, 0xC0, 0xE4, 0x19, 0xF6, 0x63, 0x11, 0xFF,
    0xA2, 0x08, 0xFF, 0x82, 0x08, 0xFF, 0xE2, 0x08, 0xFF, 0x65, 0x1A, 0xFF, 0x26, 0x2B, 0xFF, 0xE6, 0x22, 0xFF,
    0xA4, 0x1A, 0xFF, 0x03, 0x1A, 0xFF, 0x02, 0x09, 0xFF, 0xA2, 0x00, 0xFF, 0x82, 0x00, 0xFF, 0x81, 0x00, 0xFF,
    0x00, 0x00, 0xFF, 0x00, 0x00, 0xFF, 0x00, 0x00, 0xFF, 0x00, 0x00, 0xFF, 0x00, 0x28, 0xFF, 0x20, 0x98, 0xFF,
    0x00, 0xA0, 0xFF, 0x00, 0xA0, 0xFF, 0x00, 0xA8, 0xFF, 0x00, 0xA0, 0xFF, 0x00, 0xA0, 0xFF, 0x00, 0xA8, 0xFF,
    0x00, 0xA8, 0xFF, 0x00, 0xA8, 0xFF, 0x00, 0xA8, 0xFF, 0x00, 0xA8, 0xFF, 0x00, 0xA8, 0xFF, 0x00, 0xA8, 0xFF,
    0x00, 0xA8, 0xFF, 0x00, 0xB0, 0xFF, 0x00, 0xB0, 0xFF, 0x00, 0xB0, 0xFF, 0x00, 0xB0, 0xFF, 0x00, 0xB0, 0xFF,
    0x00, 0xB0, 0xFF, 0x00, 0xB0, 0xFF, 0x00, 0xB8, 0xFF, 0x00, 0xB8, 0xFF, 0x00, 0xB8, 0xFF, 0x00, 0xB8, 0xFF,
    0x00, 0xB8, 0xFF, 0x00, 0xB8, 0xFF, 0x00, 0xB8, 0xFF, 0x00, 0xB8, 0xFF, 0x00, 0xB8, 0xFF, 0x00, 0xB8, 0xFF,
    0x00, 0xB8, 0xFF, 0x00, 0xB8, 0xFF, 0x00, 0xC0, 0xFF, 0x00, 0xC0, 0xFF, 0x00, 0xC0, 0xFF, 0x00, 0xC0, 0xFF,
    0x00, 0xB8, 0xFF, 0x00, 0xB8, 0xFF, 0x00, 0xB8, 0xFF, 0x00, 0xB8, 0xFF, 0x00, 0xB0, 0xFF, 0x00, 0xB0, 0xFF,
    0x00, 0xB0, 0xFF, 0x00, 0xB8, 0xFF, 0x21, 0x88, 0xFF, 0x00, 0x10, 0xFF, 0x00, 0x00, 0xFF, 0x00, 0x00, 0xFF,
    0x00, 0x00, 0xFF, 0x00, 0x00, 0xFF, 0x00, 0x00, 0xFF, 0x00, 0x00, 0xFF, 0x00, 0x00, 0xFF, 0x00, 0x00, 0xFF,
    0x00, 0x00, 0xFF, 0x00, 0x00, 0xFF, 0x00, 0x00, 0xFF, 0x00, 0x00, 0xFF, 0x00, 0x00, 0xFF, 0x00, 0x00, 0xFF,
    0x00, 0x00, 0xFF, 0x00, 0x00, 0xFF, 0x00, 0x00, 0xFF, 0x00, 0x00, 0xFF, 0x00, 0x00, 0xFF, 0x00, 0x00, 0xFF,
    0x00, 0x00, 0xFF, 0x00, 0x00, 0xFF, 0x00, 0x00, 0xFF, 0x00, 0x00, 0xFF, 0x00, 0x00, 0xFF, 0x00, 0x00, 0xFF,
    0x00, 0x00, 0xFF, 0x00, 0x00, 0xFF, 0x00, 0x00, 0xFF, 0x20, 0x38, 0xFF, 0x21, 0x90, 0xFF, 0x00, 0xA0, 0xFF,
    0x00, 0xA0, 0xFF, 0x00, 0xA0, 0xFF, 0x00, 0xA0, 0xFF, 0x00, 0xA0, 0xFF, 0x00, 0xA8, 0xFF, 0x00, 0xA8, 0xFF,
    0x00, 0xA8, 0xFF, 0x00, 0xA8, 0xFF, 0x00, 0xB0, 0xFF, 0x00, 0xB0, 0xFF, 0x00, 0xB0, 0xFF, 0x00, 0xB0, 0xFF,
    0x00, 0xB8, 0xFF, 0x00, 0xB8, 0xFF, 0x00, 0xB8, 0xFF, 0x00, 0xB8, 0xFF, 0x00, 0xC0, 0xFF, 0x00, 0xC0, 0xFF,
    0x00, 0xC0, 0xFF, 0x00, 0xC0, 0xFF, 0x00, 0xB8, 0xFF, 0x00, 0xB8, 0xFF, 0x00, 0xB8, 0xFF, 0x00, 0xB8, 0xFF,
    0x00, 0xB8, 0xFF, 0x00, 0xB8, 0xFF, 0x00, 0xB8, 0xFF, 0x00, 0xB8, 0xFF, 0x00, 0xB8, 0xFF, 0x00, 0xB8, 0xFF,
    0x00, 0xB8, 0xFF, 0x00, 0xB0, 0xFF, 0x00, 0xB0, 0xFF, 0x00, 0xB0, 0xFF, 0x00, 0xB0, 0xFF, 0x00, 0xB0, 0xFF,
    0x00, 0xB0, 0xFF, 0x00, 0xB0, 0xFF, 0x00, 0xA8, 0xFF, 0x00, 0xB0, 0xFF, 0x00, 0xA8, 0xFF, 0x00, 0xA8, 0xFF,
    0x00, 0xA8, 0xFF, 0x00, 0xA8, 0xFF, 0x00, 0xA8, 0xFF, 0x00, 0xA8, 0xFF, 0x00, 0xA8, 0xFF, 0x00, 0xA8, 0xFF,
    0x00, 0xA0, 0xFF, 0x00, 0xA0, 0xFF, 0x00, 0xA0, 0xFF, 0x00, 0xA0, 0xFF, 0x00, 0xB0, 0xFF, 0x40, 0x60, 0xFF,
    0x00, 0x00, 0xFF, 0x00, 0x00, 0xFF, 0x00, 0x00, 0xFF, 0x00, 0x00, 0xFF, 0x41, 0x00, 0xFF, 0x61, 0x00, 0xFF,
    0x41, 0x00, 0xFF, 0x24, 0x11, 0xFF, 0x44, 0x11, 0xFF, 0x03, 0x09, 0xFF, 0xE2, 0x08, 0xFF, 0x23, 0x11, 0xFF,
    0x84, 0x11, 0xFF, 0xA3, 0x11, 0xFF, 0x84, 0x19, 0xFF, 0xA2, 0x00, 0xFF, 0x62, 0x00, 0xFF, 0x62, 0x00, 0xFF,
    0x82, 0x08, 0xFF, 0x81, 0x00, 0xF6, 0xC1, 0x00, 0xC0, 0x43, 0x11, 0x39, 0x64, 0x11, 0x07, 0x84, 0x11, 0x00,
    0xE4, 0x19, 0x00, 0x24, 0x1A, 0x07, 0xC4, 0x19, 0x3B, 0x63, 0x11, 0xC4, 0x83, 0x19, 0xF8, 0xA1, 0x00, 0xFF,
    0x41, 0x00, 0xFF, 0x42, 0x00, 0xFF, 0x61, 0x00, 0xFF, 0xE4, 0x19, 0xFF, 0x26, 0x2B, 0xFF, 0x88, 0x33, 0xFF,
    0xC5, 0x22, 0xFF, 0xA2, 0x11, 0xFF, 0x81, 0x00, 0xFF, 0x82, 0x00, 0xFF, 0xA1, 0x00, 0xFF, 0x61, 0x08, 0xFF,
    0x00, 0x00, 0xFF, 0x00, 0x00, 0xFF, 0x00, 0x08, 0xFF, 0x00, 0x00, 0xFF, 0x00, 0x50, 0xFF, 0x00, 0xA0, 0xFF,
    0x00, 0xA0, 0xFF, 0x00, 0xA0, 0xFF, 0x00, 0xA0, 0xFF, 0x00, 0xA0, 0xFF, 0x00, 0xA0, 0xFF, 0x00, 0xA8, 0xFF,
    0x00, 0xA8, 0xFF, 0x00, 0xA8, 0xFF, 0x00, 0xA8, 0xFF, 0x00, 0xA8, 0xFF, 0x00, 0xA8, 0xFF, 0x00, 0xA8, 0xFF,
    0x00, 0xA8, 0xFF, 0x00, 0xB0, 0xFF, 0x00, 0xB0, 0xFF, 0x00, 0xB0, 0xFF, 0x00, 0xB0, 0xFF, 0x00, 0xB0, 0xFF,
    0x00, 0xB0, 0xFF, 0x00, 0xB0, 0xFF, 0x00, 0xB8, 0xFF, 0x00, 0xB8, 0xFF, 0x00, 0xB8, 0xFF, 0x00, 0xB8, 0xFF,
    0x00, 0xB8, 0xFF, 0x00, 0xB8, 0xFF, 0x00, 0xB8, 0xFF, 0x00, 0xB8, 0xFF, 0x00, 0xB8, 0xFF, 0x00, 0xB8, 0xFF,
    0x00, 0xB8, 0xFF, 0x00, 0xC0, 0xFF, 0x00, 0xC0, 0xFF, 0x00, 0xC0, 0xFF, 0x00, 0xC0, 0xFF, 0x00, 0xC0, 0xFF,
    0x00, 0xB8, 0xFF, 0x00, 0xB8, 0xFF, 0x00, 0xB8, 0xFF, 0x00, 0xB8, 0xFF, 0x00, 0xB0, 0xFF, 0x00, 0xB0, 0xFF,
    0x00, 0xB0, 0xFF, 0x00, 0xB8, 0xFF, 0x21, 0x80, 0xFF, 0x00, 0x08, 0xFF, 0x00, 0x00, 0xFF, 0x00, 0x00, 0xFF,
    0x00, 0x00, 0xFF, 0x00, 0x00, 0xFF, 0x00, 0x00, 0xFF, 0x00, 0x00, 0xFF, 0x00, 0x00, 0xFF, 0x00, 0x00, 0xFF,
    0x00, 0x00, 0xFF, 0x00, 0x00, 0xFF, 0x00, 0x00, 0xFF, 0x00, 0x00, 0xFF, 0x00, 0x00, 0xFF, 0x00, 0x00, 0xFF,
    0x00, 0x00, 0xFF, 0x00, 0x00, 0xFF, 0x00, 0x00, 0xFF, 0x00, 0x00, 0xFF, 0x00, 0x00, 0xFF, 0x00, 0x00, 0xFF,
    0x00, 0x00, 0xFF, 0x00, 0x00, 0xFF, 0x00, 0x00, 0xFF, 0x00, 0x00, 0xFF, 0x00, 0x00, 0xFF, 0x00, 0x00, 0xFF,
    0x00, 0x00, 0xFF, 0x00, 0x00, 0xFF, 0x00, 0x00, 0xFF, 0x00, 0x00, 0xFF, 0x00, 0x38, 0xFF, 0x41, 0x88, 0xFF,
    0x00, 0xA0, 0xFF, 0x00, 0xA0, 0xFF, 0x00, 0xA0, 0xFF, 0x00, 0xA0, 0xFF, 0x00, 0xA0, 0xFF, 0x00, 0xA8, 0xFF,
    0x00, 0xA8, 0xFF, 0x00, 0xA8, 0xFF, 0x00, 0xA8, 0xFF, 0x00, 0xB0, 0xFF, 0x00, 0xB0, 0xFF, 0x00, 0xB0, 0xFF,
    0x00, 0xB8, 0xFF, 0x00, 0xB8, 0xFF, 0x00, 0xB8, 0xFF, 0x00, 0xB8, 0xFF, 0x00, 0xC0, 0xFF, 0x00, 0xC0, 0xFF,
    0x00, 0xC0, 0xFF, 0x00, 0xC0, 0xFF, 0x00, 0xC0, 0xFF, 0x00, 0xC0, 0xFF, 0x00, 0xB8, 0xFF, 0x00, 0xB8, 0xFF,
    0x00, 0xB8, 0xFF, 0x00, 0xB8, 0xFF, 0x00, 0xB8, 0xFF, 0x00, 0xB8, 0xFF, 0x00, 0xB8, 0xFF, 0x00, 0xB8, 0xFF,
    0x00, 0xB8, 0xFF, 0x00, 0xB0, 0xFF, 0x00, 0xB0, 0xFF, 0x00, 0xB0, 0xFF, 0x00, 0xB0, 0xFF, 0x00, 0xB0, 0xFF,
    0x00, 0xB0, 0xFF, 0x00, 0xB0, 0xFF, 0x00, 0xB0, 0xFF, 0x00, 0xB0, 0xFF, 0x00, 0xA8, 0xFF, 0x00, 0xA8, 0xFF,
    0x00, 0xA8, 0xFF, 0x00, 0xA8, 0xFF, 0x00, 0xA8, 0xFF, 0x00, 0xA8, 0xFF, 0x00, 0xA8, 0xFF, 0x00, 0xA0, 0xFF,
    0x00, 0xA0, 0xFF, 0x00, 0xA0, 0xFF, 0x00, 0xA0, 0xFF, 0x00, 0xA0, 0xFF, 0x00, 0xA0, 0xFF, 0x20, 0x80, 0xFF,
    0x00, 0x10, 0xFF, 0x00, 0x00, 0xFF, 0x00, 0x00, 0xFF, 0x00, 0x00, 0xFF, 0x20, 0x00, 0xFF, 0x62, 0x08, 0xFF,
    0x41, 0x00, 0xFF, 0xA2, 0x08, 0xFF, 0xA2, 0x00, 0xFF, 0xC2, 0x08, 0xFF, 0xA2, 0x00, 0xFF, 0xC2, 0x08, 0xFF,
    0x23, 0x11, 0xFF, 0xE2, 0x08, 0xFF, 0x43, 0x11, 0xFF, 0x81, 0x00, 0xFF, 0x61, 0x00, 0xFF, 0x82, 0x00, 0xFF,
    0x82, 0x08, 0xFF, 0x82, 0x00, 0xF8, 0x81, 0x00, 0xC4, 0x81, 0x00, 0x3B, 0xE3, 0x08, 0x07, 0x64, 0x11, 0x00,
    0x83, 0x19, 0x00, 0xC4, 0x19, 0x09, 0xE2, 0x08, 0x3F, 0x61, 0x00, 0xC6, 0x81, 0x00, 0xF8, 0x61, 0x00, 0xFF,
    0x61, 0x00, 0xFF, 0x62, 0x00, 0xFF, 0x62, 0x00, 0xFF, 0xA1, 0x00, 0xFF, 0x65, 0x22, 0xFF, 0x27, 0x2B, 0xFF,
    0xC4, 0x1A, 0xFF, 0x44, 0x22, 0xFF, 0x82, 0x08, 0xFF, 0xA2, 0x00, 0xFF, 0xA2, 0x08, 0xFF, 0x21, 0x00, 0xFF,
    0x00, 0x00, 0xFF, 0x00, 0x00, 0xFF, 0x00, 0x00, 0xFF, 0x00, 0x00, 0xFF, 0x20, 0x70, 0xFF, 0x00, 0xA8, 0xFF,
    0x00, 0xA0, 0xFF, 0x00, 0xA0, 0xFF, 0x00, 0xA0, 0xFF, 0x00, 0xA0, 0xFF, 0x00, 0xA0, 0xFF, 0x00, 0xA8, 0xFF,
    0x00, 0xA8, 0xFF, 0x00, 0xA8, 0xFF, 0x00, 0xA8, 0xFF, 0x00, 0xA8, 0xFF, 0x00, 0xA8, 0xFF, 0x00, 0xA8, 0xFF,
    0x00, 0xB0, 0xFF, 0x00, 0xB0, 0xFF, 0x00, 0xB0, 0xFF, 0x00, 0xB0, 0xFF, 0x00, 0xB0, 0xFF, 0x00, 0xB0, 0xFF,
    0x00, 0xB0, 0xFF, 0x00, 0xB0, 0xFF, 0x00, 0xB8, 0xFF, 0x00, 0xB8, 0xFF, 0x00, 0xB8, 0xFF, 0x00, 0xB8, 0xFF,
    0x00, 0xB8, 0xFF, 0x00, 0xB8, 0xFF, 0x00, 0xB8, 0xFF, 0x00, 0xB8, 0xFF, 0x00, 0xB8, 0xFF, 0x00, 0xB8, 0xFF,
    0x00, 0xC0, 0xFF, 0x00, 0xC0, 0xFF, 0x00, 0xC0, 0xFF, 0x00, 0xC0, 0xFF, 0x00, 0xC0, 0xFF, 0x00, 0xC0, 0xFF,
    0x00, 0xB8, 0xFF, 0x00, 0xB8, 0xFF, 0x00, 0xB8, 0xFF, 0x00, 0xB0, 0xFF, 0x00, 0xB0, 0xFF, 0x00, 0xB0, 0xFF,
    0x00, 0xA8, 0xFF, 0x00, 0xB0, 0xFF, 0x21, 0x78, 0xFF, 0x00, 0x00, 0xFF, 0x00, 0x00, 0xFF, 0x00, 0x00, 0xFF,
    0x00, 0x00, 0xFF, 0x00, 0x00, 0xFF, 0x00, 0x00, 0xFF, 0x00, 0x00, 0xFF, 0x00, 0x00, 0xFF, 0x00, 0x00, 0xFF,
    0x00, 0x00, 0xFF, 0x00, 0x00, 0xFF, 0x00, 0x00, 0xFF, 0x00, 0x00, 0xFF, 0x00, 0x00, 0xFF, 0x00, 0x00, 0xFF,
    0x00, 0x00, 0xFF, 0x00, 0x00, 0xFF, 0x00, 0x00, 0xFF, 0x00, 0x00, 0xFF, 0x00, 0x00, 0xFF, 0x00, 0x00, 0xFF,
    0x00, 0x00, 0xFF, 0x00, 0x00, 0xFF, 0x00, 0x00, 0xFF, 0x00, 0x00, 0xFF, 0x00, 0x00, 0xFF, 0x00, 0x00, 0xFF,
    0x00, 0x00, 0xFF, 0x00, 0x00, 0xFF, 0x00, 0x00, 0xFF, 0x00, 0x00, 0xFF, 0x00, 0x00, 0xFF, 0x00, 0x28, 0xFF,
    0x21, 0x78, 0xFF, 0x21, 0x98, 0xFF, 0x00, 0xA0, 0xFF, 0x00, 0xA0, 0xFF, 0x00, 0xA0, 0xFF, 0x00, 0xA8, 0xFF,
    0x00, 0xA8, 0xFF, 0x00, 0xA8, 0xFF, 0x00, 0xA8, 0xFF, 0x00, 0xA8, 0xFF, 0x00, 0xB0, 0xFF, 0x00, 0xB0, 0xFF,
    0x00, 0xB0, 0xFF, 0x00, 0xB0, 0xFF, 0x00, 0xB8, 0xFF, 0x00, 0xB8, 0xFF, 0x00, 0xB8, 0xFF, 0x00, 0xC0, 0xFF,
    0x00, 0xC0, 0xFF, 0x00, 0xC0, 0xFF, 0x00, 0xC0, 0xFF, 0x00, 0xC0, 0xFF, 0x00, 0xB8, 0xFF, 0x00, 0xB8, 0xFF,
    0x00, 0xB8, 0xFF, 0x00, 0xB8, 0xFF, 0x00, 0xB8, 0xFF, 0x00, 0xB8, 0xFF, 0x00, 0xB8, 0xFF, 0x00, 0xB8, 0xFF,
    0x00, 0xB8, 0xFF, 0x00, 0xB0, 0xFF, 0x00, 0xB0, 0xFF, 0x00, 0xB0, 0xFF, 0x00, 0xB0, 0xFF, 0x00, 0xB0, 0xFF,
    0x00, 0xB0, 0xFF, 0x00, 0xB0, 0xFF, 0x00, 0xB0, 0xFF, 0x00, 0xB0, 0xFF, 0x00, 0xA8, 0xFF, 0x00, 0xA8, 0xFF,
    0x00, 0xA8, 0xFF, 0x00, 0xA8, 0xFF, 0x00, 0xA8, 0xFF, 0x00, 0xA8, 0xFF, 0x00, 0xA8, 0xFF, 0x00, 0xA0, 0xFF,
    0x00, 0xA0, 0xFF, 0x00, 0xA0, 0xFF, 0x00, 0xA0, 0xFF, 0x00, 0xA0, 0xFF, 0x00, 0xA0, 0xFF, 0x01, 0x98, 0xFF,
    0x00, 0x28, 0xFF, 0x00, 0x00, 0xFF, 0x00, 0x00, 0xFF, 0x00, 0x00, 0xFF, 0x00, 0x00, 0xFF, 0x41, 0x08, 0xFF,
    0x41, 0x00, 0xFF, 0x41, 0x00, 0xFF, 0x61, 0x00, 0xFF, 0x82, 0x08, 0xFF, 0x82, 0x00, 0xFF, 0x82, 0x08, 0xFF,
    0x82, 0x00, 0xFF, 0x81, 0x00, 0xFF, 0xA2, 0x08, 0xFF, 0xA2, 0x00, 0xFF, 0x81, 0x00, 0xFF, 0x82, 0x08, 0xFF,
    0xA2, 0x00, 0xFF, 0xA2, 0x00, 0xF8, 0xA1, 0x00, 0xC6, 0x82, 0x00, 0x3F, 0x62, 0x00, 0x09, 0x61, 0x00, 0x00,
    0x61, 0x00, 0x02, 0x81, 0x00, 0x13, 0x61, 0x00, 0x5B, 0x62, 0x00, 0xD0, 0x81, 0x00, 0xF9, 0x61, 0x00, 0xFF,
    0x62, 0x00, 0xFF, 0x62, 0x00, 0xFF, 0x62, 0x00, 0xFF, 0x61, 0x00, 0xFF, 0xE1, 0x00, 0xFF, 0x04, 0x1A, 0xFF,
    0xA4, 0x22, 0xFF, 0x45, 0x22, 0xFF, 0x82, 0x00, 0xFF, 0xA2, 0x00, 0xFF, 0xA2, 0x08, 0xFF, 0x20, 0x00, 0xFF,
    0x00, 0x00, 0xFF, 0x00, 0x00, 0xFF, 0x00, 0x00, 0xFF, 0x00, 0x18, 0xFF, 0x20, 0x88, 0xFF, 0x00, 0xA0, 0xFF,
    0x00, 0xA0, 0xFF, 0x00, 0xA0, 0xFF, 0x00, 0xA0, 0xFF, 0x00, 0xA0, 0xFF, 0x00, 0xA0, 0xFF, 0x00, 0xA8, 0xFF,
    0x00, 0xA8, 0xFF, 0x00, 0xA8, 0xFF, 0x00, 0xA8, 0xFF, 0x00, 0xA8, 0xFF, 0x00, 0xA8, 0xFF, 0x00, 0xA8, 0xFF,
    0x00, 0xB0, 0xFF, 0x00, 0xB0, 0xFF, 0x00, 0xB0, 0xFF, 0x00, 0xB0, 0xFF, 0x00, 0xB0, 0xFF, 0x00, 0xB0, 0xFF,
    0x00, 0xB0, 0xFF, 0x00, 0xB0, 0xFF, 0x00, 0xB8, 0xFF, 0x00, 0xB8, 0xFF, 0x00, 0xB8, 0xFF, 0x00, 0xB8, 0xFF,
    0x00, 0xB8, 0xFF, 0x00, 0xB8, 0xFF, 0x00, 0xB8, 0xFF, 0x00, 0xB8, 0xFF, 0x00, 0xB8, 0xFF, 0x00, 0xB8, 0xFF,
    0x00, 0xC0, 0xFF, 0x00, 0xC0, 0xFF, 0x00, 0xC0, 0xFF, 0x00, 0xC0, 0xFF, 0x00, 0xC0, 0xFF, 0x00, 0xB8, 0xFF,
    0x00, 0xB8, 0xFF, 0x00, 0xB8, 0xFF, 0x00, 0xB0, 0xFF, 0x00, 0xB0, 0xFF, 0x00, 0xB0, 0xFF, 0x00, 0xA8, 0xFF,
    0x00, 0xA8, 0xFF, 0x00, 0xB0, 0xFF, 0x21, 0x70, 0xFF, 0x00, 0x00, 0xFF, 0x00, 0x00, 0xFF, 0x00, 0x00, 0xFF,
    0x00, 0x00, 0xFF, 0x00, 0x00, 0xFF, 0x00, 0x00, 0xFF, 0x00, 0x00, 0xFF, 0x00, 0x00, 0xFF, 0x00, 0x00, 0xFF,
    0x00, 0x00, 0xFF, 0x00, 0x00, 0xFF, 0x00, 0x00, 0xFF, 0x00, 0x00, 0xFF, 0x00, 0x00, 0xFF, 0x00, 0x00, 0xFF,
    0x00, 0x00, 0xFF, 0x00, 0x00, 0xFF, 0x00, 0x00, 0xFF, 0x00, 0x00, 0xFF, 0x00, 0x00, 0xFF, 0x00, 0x00, 0xFF,
    0x00, 0x00, 0xFF, 0x00, 0x00, 0xFF, 0x00, 0x00, 0xFF, 0x00, 0x00, 0xFF, 0x00, 0x00, 0xFF, 0x00, 0x00, 0xFF,
    0x00, 0x00, 0xFF, 0x00, 0x00, 0xFF, 0x00, 0x00, 0xFF, 0x00, 0x00, 0xFF, 0x00, 0x00, 0xFF, 0x00, 0x00, 0xFF,
    0x00, 0x10, 0xFF, 0x01, 0x68, 0xFF, 0x21, 0x98, 0xFF, 0x20, 0x98, 0xFF, 0x00, 0xA0, 0xFF, 0x00, 0xA8, 0xFF,
    0x00, 0xA8, 0xFF, 0x00, 0xA0, 0xFF, 0x00, 0xA8, 0xFF, 0x00, 0xA8, 0xFF, 0x00, 0xA8, 0xFF, 0x00, 0xB0, 0xFF,
    0x00, 0xB0, 0xFF, 0x00, 0xB0, 0xFF, 0x00, 0xB0, 0xFF, 0x00, 0xB8, 0xFF, 0x00, 0xB8, 0xFF, 0x00, 0xB8, 0xFF,
    0x00, 0xC0, 0xFF, 0x00, 0xC0, 0xFF, 0x00, 0xC0, 0xFF, 0x00, 0xC0, 0xFF, 0x00, 0xB8, 0xFF, 0x00, 0xB8, 0xFF,
    0x00, 0xB8, 0xFF, 0x00, 0xB8, 0xFF, 0x00, 0xB8, 0xFF, 0x00, 0xB8, 0xFF, 0x00, 0xB8, 0xFF, 0x00, 0xB8, 0xFF,
    0x00, 0xB8, 0xFF, 0x00, 0xB0, 0xFF, 0x00, 0xB0, 0xFF, 0x00, 0xB0, 0xFF, 0x00, 0xB0, 0xFF, 0x00, 0xB0, 0xFF,
    0x00, 0xB0, 0xFF, 0x00, 0xB0, 0xFF, 0x00, 0xB0, 0xFF, 0x00, 0xB0, 0xFF, 0x00, 0xB0, 0xFF, 0x00, 0xA8, 0xFF,
    0x00, 0xA8, 0xFF, 0x00, 0xA8, 0xFF, 0x00, 0xA8, 0xFF, 0x00, 0xA8, 0xFF, 0x00, 0xA8, 0xFF, 0x00, 0xA0, 0xFF,
    0x00, 0xA0, 0xFF, 0x00, 0xA0, 0xFF, 0x00, 0xA0, 0xFF, 0x00, 0xA0, 0xFF, 0x00, 0xA0, 0xFF, 0x20, 0xA0, 0xFF,
    0x20, 0x48, 0xFF, 0x00, 0x00, 0xFF, 0x00, 0x00, 0xFF, 0x00, 0x00, 0xFF, 0x00, 0x00, 0xFF, 0x41, 0x08, 0xFF,
    0x41, 0x00, 0xFF, 0x61, 0x00, 0xFF, 0xA2, 0x08, 0xFF, 0xC2, 0x08, 0xFF, 0xE3, 0x08, 0xFF, 0xC3, 0x08, 0xFF,
    0xA2, 0x08, 0xFF, 0xA2, 0x00, 0xFF, 0xA2, 0x08, 0xFF, 0xA2, 0x00, 0xFF, 0xA2, 0x08, 0xFF, 0x81, 0x00, 0xFF,
    0xA2, 0x00, 0xFF, 0xC2, 0x00, 0xF9, 0xE3, 0x08, 0xD0, 0x03, 0x11, 0x5B, 0x24, 0x19, 0x13, 0x07, 0x3A, 0x02,
    0x62, 0x00, 0x06, 0x62, 0x00, 0x2F, 0x82, 0x00, 0xA4, 0x62, 0x00, 0xEC, 0x62, 0x08, 0xFE, 0x82, 0x08, 0xFF,
    0x62, 0x00, 0xFF, 0x61, 0x00, 0xFF, 0x61, 0x00, 0xFF, 0x62, 0x00, 0xFF, 0x61, 0x00, 0xFF, 0x61, 0x00, 0xFF,
    0x83, 0x11, 0xFF, 0xC4, 0x19, 0xFF, 0x82, 0x00, 0xFF, 0xA2, 0x00, 0xFF, 0xA2, 0x08, 0xFF, 0x00, 0x00, 0xFF,
    0x00, 0x00, 0xFF, 0x00, 0x00, 0xFF, 0x00, 0x00, 0xFF, 0x20, 0x28, 0xFF, 0x20, 0x98, 0xFF, 0x00, 0xA0, 0xFF,
    0x00, 0xA0, 0xFF, 0x00, 0xA0, 0xFF, 0x00, 0xA0, 0xFF, 0x00, 0xA0, 0xFF, 0x00, 0xA8, 0xFF, 0x00, 0xA8, 0xFF,
    0x00, 0xA8, 0xFF, 0x00, 0xA8, 0xFF, 0x00, 0xA8, 0xFF, 0x00, 0xA8, 0xFF, 0x00, 0xA8, 0xFF, 0x00, 0xA8, 0xFF,
    0x00, 0xB0, 0xFF, 0x00, 0xB0, 0xFF, 0x00, 0xB0, 0xFF, 0x00, 0xB0, 0xFF, 0x00, 0xB0, 0xFF, 0x00, 0xB0, 0xFF,
    0x00, 0xB0, 0xFF, 0x00, 0xB0, 0xFF, 0x00, 0xB8, 0xFF, 0x00, 0xB8, 0xFF, 0x00, 0xB8, 0xFF, 0x00, 0xB8, 0xFF,
    0x00, 0xB8, 0xFF, 0x00, 0xB8, 0xFF, 0x00, 0xB8, 0xFF, 0x00, 0xB8, 0xFF, 0x00, 0xB8, 0xFF, 0x00, 0xB8, 0xFF,
    0x00, 0xC0, 0xFF, 0x00, 0xC0, 0xFF, 0x00, 0xC0, 0xFF, 0x00, 0xC0, 0xFF, 0x00, 0xB8, 0xFF, 0x00, 0xB8, 0xFF,
    0x00, 0xB8, 0xFF, 0x00, 0xB0, 0xFF, 0x00, 0xB0, 0xFF, 0x00, 0xB0, 0xFF, 0x00, 0xB0, 0xFF, 0x00, 0xA8, 0xFF,
    0x00, 0xA8, 0xFF, 0x00, 0xA8, 0xFF, 0x20, 0x68, 0xFF, 0x00, 0x00, 0xFF, 0x00, 0x00, 0xFF, 0x00, 0x00, 0xFF,
    0x00, 0x00, 0xFF, 0x00, 0x00, 0xFF, 0x00, 0x00, 0xFF, 0x00, 0x00, 0xFF, 0x00, 0x00, 0xFF, 0x00, 0x00, 0xFF,
    0x00, 0x00, 0xFF, 0x00, 0x00, 0xFF, 0x00, 0x00, 0xFF, 0x00, 0x00, 0xFF, 0x00, 0x00, 0xFF, 0x00, 0x00, 0xFF,
    0x00, 0x00, 0xFF, 0x00, 0x00, 0xFF, 0x00, 0x00, 0xFF, 0x00, 0x00, 0xFF, 0x00, 0x00, 0xFF, 0x00, 0x00, 0xFF,
    0x00, 0x00, 0xFF, 0x00, 0x00, 0xFF, 0x00, 0x00, 0xFF, 0x00, 0x00, 0xFF, 0x00, 0x00, 0xFF, 0x00, 0x00, 0xFF,
    0x00, 0x00, 0xFF, 0x00, 0x00, 0xFF, 0x00, 0x00, 0xFF, 0x00, 0x00, 0xFF, 0x00, 0x00, 0xFF, 0x00, 0x00, 0xFF,
    0x00, 0x00, 0xFF, 0x00, 0x00, 0xFF, 0x20, 0x30, 0xFF, 0x21, 0x78, 0xFF, 0x20, 0x98, 0xFF, 0x00, 0xA0, 0xFF,
    0x00, 0xA0, 0xFF, 0x00, 0xA0, 0xFF, 0x00, 0xA8, 0xFF, 0x00, 0xA8, 0xFF, 0x00, 0xA8, 0xFF, 0x00, 0xB0, 0xFF,
    0x00, 0xB0, 0xFF, 0x00, 0xB0, 0xFF, 0x00, 0xB0, 0xFF, 0x00, 0xB8, 0xFF, 0x00, 0xB8, 0xFF, 0x00, 0xB8, 0xFF,
    0x00, 0xB8, 0xFF, 0x00, 0xC0, 0xFF, 0x00, 0xC0, 0xFF, 0x00, 0xC0, 0xFF, 0x00, 0xB8, 0xFF, 0x00, 0xB8, 0xFF,
    0x00, 0xB8, 0xFF, 0x00, 0xB8, 0xFF, 0x00, 0xB8, 0xFF, 0x00, 0xB8, 0xFF, 0x00, 0xB8, 0xFF, 0x00, 0xB8, 0xFF,
    0x00, 0xB8, 0xFF, 0x00, 0xB0, 0xFF, 0x00, 0xB0, 0xFF, 0x00, 0xB0, 0xFF, 0x00, 0xB0, 0xFF, 0x00, 0xB0, 0xFF,
    0x00, 0xB0, 0xFF, 0x00, 0xB0, 0xFF, 0x00, 0xB0, 0xFF, 0x00, 0xB0, 0xFF, 0x00, 0xB0, 0xFF, 0x00, 0xA8, 0xFF,
    0x00, 0xA8, 0xFF, 0x00, 0xA8, 0xFF, 0x00, 0xA8, 0xFF, 0x00, 0xA8, 0xFF, 0x00, 0xA8, 0xFF, 0x00, 0xA0, 0xFF,
    0x00, 0xA0, 0xFF, 0x00, 0xA0, 0xFF, 0x00, 0xA0, 0xFF, 0x00, 0xA0, 0xFF, 0x00, 0xA0, 0xFF, 0x00, 0xA8, 0xFF,
    0x21, 0x60, 0xFF, 0x00, 0x00, 0xFF, 0x00, 0x00, 0xFF, 0x00, 0x00, 0xFF, 0x00, 0x00, 0xFF, 0x41, 0x00, 0xFF,
    0x61, 0x00, 0xFF, 0x61, 0x00, 0xFF, 0xC2, 0x08, 0xFF, 0x44, 0x09, 0xFF, 0x85, 0x11, 0xFF, 0x24, 0x09, 0xFF,
    0xC3, 0x08, 0xFF, 0xA2, 0x00, 0xFF, 0x82, 0x00, 0xFF, 0xA2, 0x08, 0xFF, 0x82, 0x00, 0xFF, 0x41, 0x00, 0xFF,
    0xE3, 0x08, 0xFF, 0x64, 0x11, 0xFE, 0x85, 0x11, 0xEC, 0x65, 0x11, 0xA4, 0x24, 0x11, 0x2F, 0x06, 0x3A, 0x06,
    0x81, 0x00, 0x08, 0x82, 0x08, 0x39, 0x82, 0x00, 0xC0, 0x81, 0x00, 0xF6, 0x81, 0x00, 0xFF, 0x82, 0x00, 0xFF,
    0xA2, 0x00, 0xFF, 0xA2, 0x00, 0xFF, 0x81, 0x00, 0xFF, 0x82, 0x00, 0xFF, 0xA2, 0x08, 0xFF, 0x82, 0x08, 0xFF,
    0xA2, 0x00, 0xFF, 0x44, 0x19, 0xFF, 0xC2, 0x00, 0xFF, 0xC2, 0x00, 0xFF, 0x61, 0x08, 0xFF, 0x00, 0x00, 0xFF,
    0x00, 0x00, 0xFF, 0x00, 0x00, 0xFF, 0x00, 0x00, 0xFF, 0x20, 0x48, 0xFF, 0x00, 0xA0, 0xFF, 0x00, 0xA0, 0xFF,
    0x00, 0xA0, 0xFF, 0x00, 0xA0, 0xFF, 0x00, 0xA0, 0xFF, 0x00, 0xA0, 0xFF, 0x00, 0xA8, 0xFF, 0x00, 0xA8, 0xFF,
    0x00, 0xA8, 0xFF, 0x00, 0xA8, 0xFF, 0x00, 0xA8, 0xFF, 0x00, 0xA8, 0xFF, 0x00, 0xA8, 0xFF, 0x00, 0xB0, 0xFF,
    0x00, 0xB0, 0xFF, 0x00, 0xA8, 0xFF, 0x00, 0xB0, 0xFF, 0x00, 0xB0, 0xFF, 0x00, 0xB0, 0xFF, 0x00, 0xB0, 0xFF,
    0x00, 0xB0, 0xFF, 0x00, 0xB0, 0xFF, 0x00, 0xB8, 0xFF, 0x00, 0xB8, 0xFF, 0x00, 0xB8, 0xFF, 0x00, 0xB8, 0xFF,
    0x00, 0xB8, 0xFF, 0x00, 0xB8, 0xFF, 0x00, 0xB8, 0xFF, 0x00, 0xB8, 0xFF, 0x00, 0xB8, 0xFF, 0x00, 0xC0, 0xFF,
    0x00, 0xC0, 0xFF, 0x00, 0xC0, 0xFF, 0x00, 0xC0, 0xFF, 0x00, 0xB8, 0xFF, 0x00, 0xB8, 0xFF, 0x00, 0xB8, 0xFF,
    0x00, 0xB8, 0xFF, 0x00, 0xB0, 0xFF, 0x00, 0xB0, 0xFF, 0x00, 0xB0, 0xFF, 0x00, 0xB0, 0xFF, 0x00, 0xA8, 0xFF,
    0x00, 0xA8, 0xFF, 0x00, 0xB0, 0xFF, 0x20, 0x60, 0xFF, 0x00, 0x00, 0xFF, 0x00, 0x00, 0xFF, 0x00, 0x00, 0xFF,
    0x00, 0x00, 0xFF, 0x00, 0x00, 0xFF, 0x00, 0x00, 0xFF, 0x00, 0x00, 0xFF, 0x00, 0x00, 0xFF, 0x00, 0x00, 0xFF,
    0x00, 0x00, 0xFF, 0x00, 0x00, 0xFF, 0x00, 0x00, 0xFF, 0x00, 0x00, 0xFF, 0x00, 0x00, 0xFF, 0x00, 0x00, 0xFF,
    0x00, 0x00, 0xFF, 0x00, 0x00, 0xFF, 0x00, 0x00, 0xFF, 0x00, 0x00, 0xFF, 0x00, 0x00, 0xFF, 0x00, 0x00, 0xFF,
    0x00, 0x00, 0xFF, 0x00, 0x00, 0xFF, 0x00, 0x00, 0xFF, 0x00, 0x00, 0xFF, 0x00, 0x00, 0xFF, 0x00, 0x00, 0xFF,
    0x00, 0x00, 0xFF, 0x00, 0x00, 0xFF, 0x00, 0x00, 0xFF, 0x00, 0x00, 0xFF, 0x00, 0x00, 0xFF, 0x00, 0x00, 0xFF,
    0x00, 0x00, 0xFF, 0x00, 0x00, 0xFF, 0x00, 0x00, 0xFF, 0x00, 0x10, 0xFF, 0x20, 0x40, 0xFF, 0x40, 0x80, 0xFF,
    0x20, 0xA0, 0xFF, 0x00, 0xA8, 0xFF, 0x00, 0xA8, 0xFF, 0x00, 0xA8, 0xFF, 0x00, 0xA8, 0xFF, 0x00, 0xA8, 0xFF,
    0x00, 0xB0, 0xFF, 0x00, 0xB0, 0xFF, 0x00, 0xB0, 0xFF, 0x00, 0xB8, 0xFF, 0x00, 0xB8, 0xFF, 0x00, 0xB8, 0xFF,
    0x00, 0xB8, 0xFF, 0x00, 0xC0, 0xFF, 0x00, 0xC0, 0xFF, 0x00, 0xC0, 0xFF, 0x00, 0xC0, 0xFF, 0x00, 0xB8, 0xFF,
    0x00, 0xB8, 0xFF, 0x00, 0xB8, 0xFF, 0x00, 0xB8, 0xFF, 0x00, 0xB8, 0xFF, 0x00, 0xB8, 0xFF, 0x00, 0xB8, 0xFF,
    0x00, 0xB8, 0xFF, 0x00, 0xB0, 0xFF, 0x00, 0xB0, 0xFF, 0x00, 0xB0, 0xFF, 0x00, 0xB0, 0xFF, 0x00, 0xB0, 0xFF,
    0x00, 0xB0, 0xFF, 0x00, 0xB0, 0xFF, 0x00, 0xB0, 0xFF, 0x00, 0xB0, 0xFF, 0x00, 0xB0, 0xFF, 0x00, 0xA8, 0xFF,
    0x00, 0xA8, 0xFF, 0x00, 0xA8, 0xFF, 0x00, 0xA8, 0xFF, 0x00, 0xA8, 0xFF, 0x00, 0xA8, 0xFF, 0x00, 0xA8, 0xFF,
    0x00, 0xA0, 0xFF, 0x00, 0xA0, 0xFF, 0x00, 0xA0, 0xFF, 0x00, 0xA0, 0xFF, 0x00, 0xA0, 0xFF, 0x00, 0xA0, 0xFF,
    0x20, 0x80, 0xFF, 0x00, 0x10, 0xFF, 0x00, 0x00, 0xFF, 0x00, 0x00, 0xFF, 0x00, 0x00, 0xFF, 0x21, 0x00, 0xFF,
    0x61, 0x00, 0xFF, 0x41, 0x00, 0xFF, 0xE3, 0x08, 0xFF, 0xA6, 0x11, 0xFF, 0xC6, 0x11, 0xFF, 0x24, 0x09, 0xFF,
    0xE3, 0x08, 0xFF, 0xE8, 0x31, 0xFF, 0x08, 0x3A, 0xFF, 0xE3, 0x08, 0xFF, 0x42, 0x00, 0xFF, 0xC3, 0x10, 0xFF,
    0x84, 0x19, 0xFF, 0x85, 0x19, 0xFF, 0xA6, 0x11, 0xF6, 0x44, 0x09, 0xC0, 0x61, 0x00, 0x39, 0xC2, 0x10, 0x08,
    0x82, 0x00, 0x08, 0x62, 0x08, 0x3B, 0x82, 0x00, 0xC4, 0xA2, 0x00, 0xF8, 0xE2, 0x08, 0xFF, 0xE2, 0x08, 0xFF,
    0x03, 0x09, 0xFF, 0x23, 0x11, 0xFF, 0xE2, 0x08, 0xFF, 0x23, 0x11, 0xFF, 0x23, 0x11, 0xFF, 0x03, 0x09, 0xFF,
    0x23, 0x11, 0xFF, 0xE3, 0x08, 0xFF, 0x03, 0x09, 0xFF, 0xE3, 0x08, 0xFF, 0x61, 0x08, 0xFF, 0x00, 0x00, 0xFF,
    0x00, 0x00, 0xFF, 0x00, 0x00, 0xFF, 0x00, 0x00, 0xFF, 0x40, 0x60, 0xFF, 0x00, 0xA0, 0xFF, 0x00, 0xA0, 0xFF,
    0x00, 0xA0, 0xFF, 0x00, 0xA0, 0xFF, 0x00, 0xA8, 0xFF, 0x00, 0xA8, 0xFF, 0x00, 0xA8, 0xFF, 0x00, 0xA8, 0xFF,
    0x00, 0xA8, 0xFF, 0x00, 0xA8, 0xFF, 0x00, 0xA8, 0xFF, 0x00, 0xA8, 0xFF, 0x00, 0xA8, 0xFF, 0x00, 0xB0, 0xFF,
    0x00, 0xB0, 0xFF, 0x00, 0xA8, 0xFF, 0x00, 0xB0, 0xFF, 0x00, 0xB0, 0xFF, 0x00, 0xB0, 0xFF, 0x00, 0xB0, 0xFF,
    0x00, 0xB0, 0xFF, 0x00, 0xB0, 0xFF, 0x00, 0xB8, 0xFF, 0x00, 0xB8, 0xFF, 0x00, 0xB8, 0xFF, 0x00, 0xB8, 0xFF,
    0x00, 0xB8, 0xFF, 0x00, 0xB8, 0xFF, 0x00, 0xC0, 0xFF, 0x00, 0xB8, 0xFF, 0x00, 0xC0, 0xFF, 0x00, 0xC0, 0xFF,
    0x00, 0xC0, 0xFF, 0x00, 0xC0, 0xFF, 0x00, 0xC0, 0xFF, 0x00, 0xB8, 0xFF, 0x00, 0xB8, 0xFF, 0x00, 0xB8, 0xFF,
    0x00, 0xB8, 0xFF, 0x00, 0xB0, 0xFF, 0x00, 0xB0, 0xFF, 0x00, 0xB0, 0xFF, 0x00, 0xA8, 0xFF, 0x00, 0xA8, 0xFF,
    0x00, 0xA0, 0xFF, 0x00, 0xB0, 0xFF, 0x20, 0x58, 0xFF, 0x00, 0x00, 0xFF, 0x00, 0x00, 0xFF, 0x00, 0x00, 0xFF,
    0x00, 0x00, 0xFF, 0x00, 0x00, 0xFF, 0x00, 0x00, 0xFF, 0x00, 0x00, 0xFF, 0x00, 0x00, 0xFF, 0x00, 0x00, 0xFF,
    0x00, 0x00, 0xFF, 0x00, 0x00, 0xFF, 0x00, 0x00, 0xFF, 0x00, 0x00, 0xFF, 0x00, 0x00, 0xFF, 0x00, 0x00, 0xFF,
    0x00, 0x00, 0xFF, 0x00, 0x00, 0xFF, 0x00, 0x00, 0xFF, 0x00, 0x00, 0xFF, 0x00, 0x00, 0xFF, 0x00, 0x00, 0xFF,
    0x00, 0x00, 0xFF, 0x00, 0x00, 0xFF, 0x00, 0x00, 0xFF, 0x00, 0x00, 0xFF, 0x00, 0x00, 0xFF, 0x00, 0x00, 0xFF,
    0x00, 0x00, 0xFF, 0x00, 0x00, 0xFF, 0x00, 0x00, 0xFF, 0x00, 0x00, 0xFF, 0x00, 0x00, 0xFF, 0x00, 0x00, 0xFF,
    0x00, 0x00, 0xFF, 0x00, 0x00, 0xFF, 0x00, 0x00, 0xFF, 0x00, 0x00, 0xFF, 0x00, 0x00, 0xFF, 0x00, 0x10, 0xFF,
    0x20, 0x50, 0xFF, 0x21, 0x90, 0xFF, 0x20, 0xA0, 0xFF, 0x00, 0xA0, 0xFF, 0x00, 0xA8, 0xFF, 0x00, 0xA8, 0xFF,
    0x00, 0xA8, 0xFF, 0x00, 0xB0, 0xFF, 0x00, 0xB0, 0xFF, 0x00, 0xB0, 0xFF, 0x00, 0xB8, 0xFF, 0x00, 0xB8, 0xFF,
    0x00, 0xB8, 0xFF, 0x00, 0xC0, 0xFF, 0x00, 0xC0, 0xFF, 0x00, 0xC0, 0xFF, 0x00, 0xC0, 0xFF, 0x00, 0xC0, 0xFF,
    0x00, 0xB8, 0xFF, 0x00, 0xB8, 0xFF, 0x00, 0xB8, 0xFF, 0x00, 0xB8, 0xFF, 0x00, 0xB8, 0xFF, 0x00, 0xB8, 0xFF,
    0x00, 0xB8, 0xFF, 0x00, 0xB0, 0xFF, 0x00, 0xB0, 0xFF, 0x00, 0xB0, 0xFF, 0x00, 0xB0, 0xFF, 0x00, 0xB0, 0xFF,
    0x00, 0xB0, 0xFF, 0x00, 0xB0, 0xFF, 0x00, 0xB0, 0xFF, 0x00, 0xB0, 0xFF, 0x00, 0xB0, 0xFF, 0x00, 0xA8, 0xFF,
    0x00, 0xA8, 0xFF, 0x00, 0xA8, 0xFF, 0x00, 0xA8, 0xFF, 0x00, 0xA8, 0xFF, 0x00, 0xA8, 0xFF, 0x00, 0xA8, 0xFF,
    0x00, 0xA8, 0xFF, 0x00, 0xA8, 0xFF, 0x00, 0xA8, 0xFF, 0x00, 0xA0, 0xFF, 0x00, 0xA0, 0xFF, 0x00, 0xA0, 0xFF,
    0x20, 0x90, 0xFF, 0x00, 0x20, 0xFF, 0x00, 0x00, 0xFF, 0x00, 0x00, 0xFF, 0x00, 0x00, 0xFF, 0x00, 0x00, 0xFF,
    0x41, 0x00, 0xFF, 0x41, 0x00, 0xFF, 0xE3, 0x08, 0xFF, 0x68, 0x22, 0xFF, 0x48, 0x1A, 0xFF, 0x44, 0x09, 0xFF,
    0x45, 0x19, 0xFF, 0x55, 0x9D, 0xFF, 0x4E, 0x74, 0xFF, 0x44, 0x22, 0xFF, 0x63, 0x11, 0xFF, 0x03, 0x19, 0xFF,
    0xC2, 0x08, 0xFF, 0x85, 0x11, 0xFF, 0x06, 0x1A, 0xF8, 0x64, 0x09, 0xC4, 0xA1, 0x00, 0x3B, 0xA2, 0x00, 0x08,
    0x81, 0x00, 0x08, 0xE3, 0x08, 0x3B, 0x03, 0x09, 0xC4, 0x44, 0x09, 0xF8, 0x64, 0x11, 0xFF, 0x64, 0x11, 0xFF,
    0x64, 0x11, 0xFF, 0x23, 0x09, 0xFF, 0x84, 0x11, 0xFF, 0x64, 0x11, 0xFF, 0x63, 0x09, 0xFF, 0x84, 0x11, 0xFF,
    0x63, 0x09, 0xFF, 0x44, 0x11, 0xFF, 0x23, 0x09, 0xFF, 0x03, 0x09, 0xFF, 0x61, 0x08, 0xFF, 0x00, 0x00, 0xFF,
    0x00, 0x00, 0xFF, 0x00, 0x00, 0xFF, 0x00, 0x08, 0xFF, 0x20, 0x78, 0xFF, 0x00, 0xA0, 0xFF, 0x00, 0xA0, 0xFF,
    0x00, 0xA0, 0xFF, 0x00, 0xA0, 0xFF, 0x00, 0xA8, 0xFF, 0x00, 0xA8, 0xFF, 0x00, 0xA8, 0xFF, 0x00, 0xA8, 0xFF,
    0x00, 0xA8, 0xFF, 0x00, 0xA8, 0xFF, 0x00, 0xA8, 0xFF, 0x00, 0xA8, 0xFF, 0x00, 0xA8, 0xFF, 0x00, 0xB0, 0xFF,
    0x00, 0xB0, 0xFF, 0x00, 0xB0, 0xFF, 0x00, 0xB0, 0xFF, 0x00, 0xB0, 0xFF, 0x00, 0xB0, 0xFF, 0x00, 0xB0, 0xFF,
    0x00, 0xB0, 0xFF, 0x00, 0xB0, 0xFF, 0x00, 0xB0, 0xFF, 0x00, 0xB8, 0xFF, 0x00, 0xB8, 0xFF, 0x00, 0xB8, 0xFF,
    0x00, 0xB8, 0xFF, 0x00, 0xB8, 0xFF, 0x00, 0xB8, 0xFF, 0x00, 0xB8, 0xFF, 0x00, 0xC0, 0xFF, 0x00, 0xC0, 0xFF,
    0x00, 0xC0, 0xFF, 0x00, 0xC0, 0xFF, 0x00, 0xC0, 0xFF, 0x00, 0xB8, 0xFF, 0x00, 0xB8, 0xFF, 0x00, 0xB8, 0xFF,
    0x00, 0xB0, 0xFF, 0x00, 0xB0, 0xFF, 0x00, 0xB0, 0xFF, 0x00, 0xB0, 0xFF, 0x00, 0xA8, 0xFF, 0x00, 0xA8, 0xFF,
    0x00, 0xA0, 0xFF, 0x00, 0xA8, 0xFF, 0x20, 0x50, 0xFF, 0x00, 0x00, 0xFF, 0x00, 0x00, 0xFF, 0x00, 0x00, 0xFF,
    0x00, 0x00, 0xFF, 0x00, 0x00, 0xFF, 0x00, 0x00, 0xFF, 0x00, 0x00, 0xFF, 0x00, 0x00, 0xFF, 0x00, 0x00, 0xFF,
    0x00, 0x00, 0xFF, 0x00, 0x00, 0xFF, 0x00, 0x00, 0xFF, 0x00, 0x00, 0xFF, 0x00, 0x00, 0xFF, 0x00, 0x00, 0xFF,
    0x00, 0x00, 0xFF, 0x00, 0x00, 0xFF, 0x00, 0x00, 0xFF, 0x00, 0x00, 0xFF, 0x00, 0x00, 0xFF, 0x00, 0x00, 0xFF,
    0x00, 0x00, 0xFF, 0x00, 0x00, 0xFF, 0x00, 0x00, 0xFF, 0x00, 0x00, 0xFF, 0x00, 0x00, 0xFF, 0x00, 0x00, 0xFF,
    0x00, 0x00, 0xFF, 0x00, 0x00, 0xFF, 0x00, 0x00, 0xFF, 0x00, 0x00, 0xFF, 0x00, 0x00, 0xFF, 0x00, 0x00, 0xFF,
    0x00, 0x00, 0xFF, 0x00, 0x00, 0xFF, 0x00, 0x00, 0xFF, 0x00, 0x00, 0xFF, 0x00, 0x00, 0xFF, 0x01, 0x00, 0xFF,
    0x00, 0x00, 0xFF, 0x00, 0x20, 0xFF, 0x41, 0x60, 0xFF, 0x20, 0xA0, 0xFF, 0x00, 0xB0, 0xFF, 0x00, 0xA8, 0xFF,
    0x00, 0xA8, 0xFF, 0x00, 0xB0, 0xFF, 0x00, 0xB0, 0xFF, 0x00, 0xB0, 0xFF, 0x00, 0xB0, 0xFF, 0x00, 0xB8, 0xFF,
    0x00, 0xB8, 0xFF, 0x00, 0xB8, 0xFF, 0x00, 0xC0, 0xFF, 0x00, 0xC0, 0xFF, 0x00, 0xC0, 0xFF, 0x00, 0xC0, 0xFF,
    0x00, 0xC0, 0xFF, 0x00, 0xB8, 0xFF, 0x00, 0xB8, 0xFF, 0x00, 0xB8, 0xFF, 0x00, 0xB8, 0xFF, 0x00, 0xB8, 0xFF,
    0x00, 0xB8, 0xFF, 0x00, 0xB0, 0xFF, 0x00, 0xB0, 0xFF, 0x00, 0xB0, 0xFF, 0x00, 0xB0, 0xFF, 0x00, 0xB0, 0xFF,
    0x00, 0xB0, 0xFF, 0x00, 0xB0, 0xFF, 0x00, 0xB0, 0xFF, 0x00, 0xB0, 0xFF, 0x00, 0xB0, 0xFF, 0x00, 0xA8, 0xFF,
    0x00, 0xA8, 0xFF, 0x00, 0xA8, 0xFF, 0x00, 0xA8, 0xFF, 0x00, 0xA8, 0xFF, 0x00, 0xA8, 0xFF, 0x00, 0xA8, 0xFF,
    0x00, 0xA8, 0xFF, 0x00, 0xA8, 0xFF, 0x00, 0xA8, 0xFF, 0x00, 0xA0, 0xFF, 0x00, 0xA0, 0xFF, 0x00, 0xA0, 0xFF,
    0x20, 0x98, 0xFF, 0x20, 0x30, 0xFF, 0x00, 0x00, 0xFF, 0x00, 0x00, 0xFF, 0x00, 0x00, 0xFF, 0x00, 0x00, 0xFF,
    0x61, 0x08, 0xFF, 0x21, 0x00, 0xFF, 0x24, 0x09, 0xFF, 0xC9, 0x2A, 0xFF, 0x68, 0x1A, 0xFF, 0xA5, 0x11, 0xFF,
    0x65, 0x19, 0xFF, 0xAC, 0x5B, 0xFF, 0xE3, 0x32, 0xFF, 0xA2, 0x22, 0xFF, 0x63, 0x1A, 0xFF, 0xC1, 0x00, 0xFF,
    0x21, 0x00, 0xFF, 0xA2, 0x08, 0xFF, 0x64, 0x11, 0xF8, 0x03, 0x01, 0xC4, 0x82, 0x00, 0x3B, 0x82, 0x08, 0x08,
    0x63, 0x09, 0x08, 0x63, 0x11, 0x3B, 0x84, 0x11, 0xC4, 0xE5, 0x19, 0xF8, 0xA4, 0x11, 0xFF, 0xC5, 0x19, 0xFF,
    0x63, 0x09, 0xFF, 0xC5, 0x19, 0xFF, 0xA4, 0x11, 0xFF, 0x84, 0x11, 0xFF, 0xC5, 0x19, 0xFF, 0x64, 0x09, 0xFF,
    0xA5, 0x11, 0xFF, 0xE5, 0x19, 0xFF, 0xC3, 0x19, 0xFF, 0xA4, 0x19, 0xFF, 0x40, 0x00, 0xFF, 0x00, 0x00, 0xFF,
    0x00, 0x00, 0xFF, 0x00, 0x00, 0xFF, 0x00, 0x10, 0xFF, 0x21, 0x90, 0xFF, 0x00, 0xA0, 0xFF, 0x00, 0xA0, 0xFF,
    0x00, 0xA0, 0xFF, 0x00, 0xA0, 0xFF, 0x00, 0xA8, 0xFF, 0x00, 0xA8, 0xFF, 0x00, 0xA8, 0xFF, 0x00, 0xA8, 0xFF,
    0x00, 0xA8, 0xFF, 0x00, 0xA8, 0xFF, 0x00, 0xA8, 0xFF, 0x00, 0xA8, 0xFF, 0x00, 0xA8, 0xFF, 0x00, 0xB0, 0xFF,
    0x00, 0xB0, 0xFF, 0x00, 0xB0, 0xFF, 0x00, 0xB0, 0xFF, 0x00, 0xB0, 0xFF, 0x00, 0xB0, 0xFF, 0x00, 0xB0, 0xFF,
    0x00, 0xB0, 0xFF, 0x00, 0xB0, 0xFF, 0x00, 0xB0, 0xFF, 0x00, 0xB8, 0xFF, 0x00, 0xB8, 0xFF, 0x00, 0xB8, 0xFF,
    0x00, 0xB8, 0xFF, 0x00, 0xB8, 0xFF, 0x00, 0xB8, 0xFF, 0x00, 0xB8, 0xFF, 0x00, 0xC0, 0xFF, 0x00, 0xC0, 0xFF,
    0x00, 0xC0, 0xFF, 0x00, 0xC0, 0xFF, 0x00, 0xC0, 0xFF, 0x00, 0xB8, 0xFF, 0x00, 0xB8, 0xFF, 0x00, 0xB0, 0xFF,
    0x00, 0xB0, 0xFF, 0x00, 0xB0, 0xFF, 0x00, 0xB0, 0xFF, 0x00, 0xA8, 0xFF, 0x00, 0xA8, 0xFF, 0x00, 0xA8, 0xFF,
    0x00, 0xA0, 0xFF, 0x00, 0xA8, 0xFF, 0x20, 0x48, 0xFF, 0x00, 0x00, 0xFF, 0x00, 0x00, 0xFF, 0x00, 0x00, 0xFF,
    0x00, 0x00, 0xFF, 0x00, 0x00, 0xFF, 0x00, 0x00, 0xFF, 0x00, 0x00, 0xFF, 0x00, 0x00, 0xFF, 0x00, 0x00, 0xFF,
    0x00, 0x00, 0xFF, 0x00, 0x00, 0xFF, 0x00, 0x00, 0xFF, 0x00, 0x00, 0xFF, 0x00, 0x00, 0xFF, 0x00, 0x00, 0xFF,
    0x00, 0x00, 0xFF, 0x00, 0x00, 0xFF, 0x00, 0x00, 0xFF, 0x00, 0x00, 0xFF, 0x00, 0x00, 0xFF, 0x00, 0x00, 0xFF,
    0x00, 0x00, 0xFF, 0x00, 0x00, 0xFF, 0x00, 0x00, 0xFF, 0x00, 0x00, 0xFF, 0x00, 0x00, 0xFF, 0x00, 0x00, 0xFF,
    0x00, 0x00, 0xFF, 0x00, 0x00, 0xFF, 0x00, 0x00, 0xFF, 0x00, 0x00, 0xFF, 0x00, 0x00, 0xFF, 0x00, 0x00, 0xFF,
    0x00, 0x00, 0xFF, 0x00, 0x00, 0xFF, 0x00, 0x00, 0xFF, 0x00, 0x00, 0xFF, 0x00, 0x00, 0xFF, 0x00, 0x00, 0xFF,
    0x00, 0x00, 0xFF, 0x00, 0x00, 0xFF, 0x00, 0x08, 0xFF, 0x00, 0x30, 0xFF, 0x41, 0x78, 0xFF, 0x20, 0xA8, 0xFF,
    0x00, 0xA8, 0xFF, 0x00, 0xA8, 0xFF, 0x00, 0xB0, 0xFF, 0x00, 0xB0, 0xFF, 0x00, 0xB0, 0xFF, 0x00, 0xB8, 0xFF,
    0x00, 0xB8, 0xFF, 0x00, 0xB8, 0xFF, 0x00, 0xC0, 0xFF, 0x00, 0xC0, 0xFF, 0x00, 0xC0, 0xFF, 0x00, 0xC0, 0xFF,
    0x00, 0xC0, 0xFF, 0x00, 0xC0, 0xFF, 0x00, 0xC0, 0xFF, 0x00, 0xB8, 0xFF, 0x00, 0xB8, 0xFF, 0x00, 0xB8, 0xFF,
    0x00, 0xB8, 0xFF, 0x00, 0xB0, 0xFF, 0x00, 0xB0, 0xFF, 0x00, 0xB0, 0xFF, 0x00, 0xB0, 0xFF, 0x00, 0xB0, 0xFF,
    0x00, 0xB0, 0xFF, 0x00, 0xB0, 0xFF, 0x00, 0xB0, 0xFF, 0x00, 0xB0, 0xFF, 0x00, 0xB0, 0xFF, 0x00, 0xA8, 0xFF,
    0x00, 0xA8, 0xFF, 0x00, 0xA8, 0xFF, 0x00, 0xA8, 0xFF, 0x00, 0xA8, 0xFF, 0x00, 0xA8, 0xFF, 0x00, 0xA8, 0xFF,
    0x00, 0xA8, 0xFF, 0x00, 0xA8, 0xFF, 0x00, 0xA8, 0xFF, 0x00, 0xA0, 0xFF, 0x00, 0xA0, 0xFF, 0x00, 0xA0, 0xFF,
    0x20, 0xA0, 0xFF, 0x20, 0x48, 0xFF, 0x00, 0x00, 0xFF, 0x00, 0x00, 0xFF, 0x00, 0x00, 0xFF, 0x00, 0x00, 0xFF,
    0x61, 0x08, 0xFF, 0x41, 0x00, 0xFF, 0xE3, 0x08, 0xFF, 0x48, 0x22, 0xFF, 0x07, 0x1A, 0xFF, 0x04, 0x09, 0xFF,
    0x61, 0x00, 0xFF, 0xC2, 0x19, 0xFF, 0x84, 0x3B, 0xFF, 0x41, 0x1A, 0xFF, 0x63, 0x22, 0xFF, 0xC4, 0x2A, 0xFF,
    0x03, 0x1A, 0xFF, 0x04, 0x1A, 0xFF, 0xC3, 0x11, 0xF8, 0x83, 0x09, 0xC4, 0x43, 0x09, 0x3B, 0x62, 0x19, 0x08,
    0xAA, 0x43, 0x0A, 0xC4, 0x09, 0x3F, 0xE5, 0x19, 0xC6, 0xA4, 0x11, 0xF8, 0x06, 0x1A, 0xFF, 0x84, 0x09, 0xFF,
    0xE5, 0x19, 0xFF, 0x05, 0x1A, 0xFF, 0x64, 0x11, 0xFF, 0x63, 0x11, 0xFF, 0x43, 0x11, 0xFF, 0x26, 0x2A, 0xFF,
    0x46, 0x32, 0xFF, 0xC8, 0x3A, 0xFF, 0x66, 0x2A, 0xFF, 0xA4, 0x19, 0xFF, 0x40, 0x00, 0xFF, 0x00, 0x00, 0xFF,
    0x00, 0x00, 0xFF, 0x00, 0x00, 0xFF, 0x00, 0x28, 0xFF, 0x20, 0x98, 0xFF, 0x00, 0xA0, 0xFF, 0x00, 0xA0, 0xFF,
    0x00, 0xA0, 0xFF, 0x00, 0xA0, 0xFF, 0x00, 0xA8, 0xFF, 0x00, 0xA8, 0xFF, 0x00, 0xA8, 0xFF, 0x00, 0xA8, 0xFF,
    0x00, 0xA8, 0xFF, 0x00, 0xA8, 0xFF, 0x00, 0xA8, 0xFF, 0x00, 0xA8, 0xFF, 0x00, 0xB0, 0xFF, 0x00, 0xA8, 0xFF,
    0x00, 0xB0, 0xFF, 0x00, 0xB0, 0xFF, 0x00, 0xB0, 0xFF, 0x00, 0xB0, 0xFF, 0x00, 0xB0, 0xFF, 0x00, 0xB0, 0xFF,
    0x00, 0xB8, 0xFF, 0x00, 0xB8, 0xFF, 0x00, 0xB8, 0xFF, 0x00, 0xB8, 0xFF, 0x00, 0xB8, 0xFF, 0x00, 0xB8, 0xFF,
    0x00, 0xB8, 0xFF, 0x00, 0xB8, 0xFF, 0x00, 0xB8, 0xFF, 0x00, 0xB8, 0xFF, 0x00, 0xC0, 0xFF, 0x00, 0xC0, 0xFF,
    0x00, 0xC0, 0xFF, 0x00, 0xC0, 0xFF, 0x00, 0xB8, 0xFF, 0x00, 0xB8, 0xFF, 0x00, 0xB8, 0xFF, 0x00, 0xB0, 0xFF,
    0x00, 0xB0, 0xFF, 0x00, 0xB0, 0xFF, 0x00, 0xA8, 0xFF, 0x00, 0xA8, 0xFF, 0x00, 0xA8, 0xFF, 0x00, 0xA0, 0xFF,
    0x00, 0xA0, 0xFF, 0x00, 0xA8, 0xFF, 0x00, 0x48, 0xFF, 0x00, 0x00, 0xFF, 0x00, 0x00, 0xFF, 0x00, 0x00, 0xFF,
    0x00, 0x00, 0xFF, 0x00, 0x00, 0xFF, 0x00, 0x00, 0xFF, 0x00, 0x00, 0xFF, 0x00, 0x00, 0xFF, 0x00, 0x00, 0xFF,
    0x00, 0x00, 0xFF, 0x00, 0x00, 0xFF, 0x00, 0x00, 0xFF, 0x00, 0x00, 0xFF, 0x00, 0x00, 0xFF, 0x00, 0x00, 0xFF,
    0x00, 0x00, 0xFF, 0x00, 0x00, 0xFF, 0x00, 0x10, 0xFF, 0x00, 0x20, 0xFF, 0x00, 0x30, 0xFF, 0x20, 0x30, 0xFF,
    0x00, 0x28, 0xFF, 0x00, 0x18, 0xFF, 0x00, 0x00, 0xFF, 0x00, 0x00, 0xFF, 0x00, 0x00, 0xFF, 0x20, 0x00, 0xFF,
    0x00, 0x00, 0xFF, 0x00, 0x00, 0xFF, 0x00, 0x00, 0xFF, 0x00, 0x00, 0xFF, 0x00, 0x00, 0xFF, 0x00, 0x00, 0xFF,
    0x00, 0x00, 0xFF, 0x00, 0x00, 0xFF, 0x00, 0x00, 0xFF, 0x00, 0x00, 0xFF, 0x00, 0x00, 0xFF, 0x00, 0x00, 0xFF,
    0x00, 0x00, 0xFF, 0x00, 0x00, 0xFF, 0x00, 0x00, 0xFF, 0x00, 0x00, 0xFF, 0x00, 0x10, 0xFF, 0x21, 0x50, 0xFF,
    0x21, 0x98, 0xFF, 0x00, 0xB0, 0xFF, 0x00, 0xB0, 0xFF, 0x00, 0xB0, 0xFF, 0x00, 0xB0, 0xFF, 0x00, 0xB0, 0xFF,
    0x00, 0xB8, 0xFF, 0x00, 0xB8, 0xFF, 0x00, 0xC0, 0xFF, 0x00, 0xC0, 0xFF, 0x00, 0xC0, 0xFF, 0x00, 0xC0, 0xFF,
    0x00, 0xC0, 0xFF, 0x00, 0xB8, 0xFF, 0x00, 0xB8, 0xFF, 0x00, 0xB8, 0xFF, 0x00, 0xB8, 0xFF, 0x00, 0xB8, 0xFF,
    0x00, 0xB8, 0xFF, 0x00, 0xB8, 0xFF, 0x00, 0xB8, 0xFF, 0x00, 0xB8, 0xFF, 0x00, 0xB8, 0xFF, 0x00, 0xB0, 0xFF,
    0x00, 0xB0, 0xFF, 0x00, 0xB0, 0xFF, 0x00, 0xB0, 0xFF, 0x00, 0xB0, 0xFF, 0x00, 0xB0, 0xFF, 0x00, 0xA8, 0xFF,
    0x00, 0xA8, 0xFF, 0x00, 0xA8, 0xFF, 0x00, 0xA8, 0xFF, 0x00, 0xA8, 0xFF, 0x00, 0xA8, 0xFF, 0x00, 0xA8, 0xFF,
    0x00, 0xA8, 0xFF, 0x00, 0xA0, 0xFF, 0x00, 0xA0, 0xFF, 0x00, 0xA0, 0xFF, 0x00, 0xA0, 0xFF, 0x00, 0xA0, 0xFF,
    0x00, 0xA0, 0xFF, 0x20, 0x60, 0xFF, 0x00, 0x00, 0xFF, 0x00, 0x00, 0xFF, 0x00, 0x00, 0xFF, 0x00, 0x00, 0xFF,
    0xA2, 0x08, 0xFF, 0xC2, 0x08, 0xFF, 0x81, 0x00, 0xFF, 0x03, 0x09, 0xFF, 0xC3, 0x08, 0xFF, 0x82, 0x00, 0xFF,
    0xC2, 0x00, 0xFF, 0x24, 0x3B, 0xFF, 0xC4, 0x43, 0xFF, 0x42, 0x1A, 0xFF, 0x01, 0x12, 0xFF, 0x45, 0x33, 0xFF,
    0xC6, 0x33, 0xFF, 0xA7, 0x33, 0xFF, 0xC8, 0x33, 0xF8, 0xA7, 0x33, 0xC6, 0xE9, 0x3B, 0x3F, 0x89, 0x4B, 0x0A,
    0x69, 0x3B, 0x15, 0xA8, 0x2A, 0x5B, 0xC4, 0x11, 0xD0, 0xC5, 0x11, 0xF9, 0xA4, 0x11, 0xFF, 0xC5, 0x11, 0xFF,
    0xE6, 0x19, 0xFF, 0x23, 0x09, 0xFF, 0x03, 0x09, 0xFF, 0xA4, 0x19, 0xFF, 0x26, 0x22, 0xFF, 0x49, 0x5B, 0xFF,
    0xA6, 0x4A, 0xFF, 0xE4, 0x29, 0xFF, 0xC7, 0x32, 0xFF, 0x25, 0x2A, 0xFF, 0x00, 0x00, 0xFF, 0x00, 0x00, 0xFF,
    0x00, 0x00, 0xFF, 0x00, 0x00, 0xFF, 0x20, 0x38, 0xFF, 0x20, 0xA0, 0xFF, 0x00, 0xA0, 0xFF, 0x00, 0xA0, 0xFF,
    0x00, 0xA0, 0xFF, 0x00, 0xA0, 0xFF, 0x00, 0xA8, 0xFF, 0x00, 0xA8, 0xFF, 0x00, 0xA8, 0xFF, 0x00, 0xA8, 0xFF,
    0x00, 0xA8, 0xFF, 0x00, 0xA8, 0xFF, 0x00, 0xA8, 0xFF, 0x00, 0xA8, 0xFF, 0x00, 0xB0, 0xFF, 0x00, 0xA8, 0xFF,
    0x00, 0xB0, 0xFF, 0x00, 0xB0, 0xFF, 0x00, 0xB0, 0xFF, 0x00, 0xB0, 0xFF, 0x00, 0xB0, 0xFF, 0x00, 0xB0, 0xFF,
    0x00, 0xB8, 0xFF, 0x00, 0xB8, 0xFF, 0x00, 0xB8, 0xFF, 0x00, 0xB8, 0xFF, 0x00, 0xB8, 0xFF, 0x00, 0xB8, 0xFF,
    0x00, 0xB8, 0xFF, 0x00, 0xB8, 0xFF, 0x00, 0xB8, 0xFF, 0x00, 0xB8, 0xFF, 0x00, 0xC0, 0xFF, 0x00, 0xC0, 0xFF,
    0x00, 0xC0, 0xFF, 0x00, 0xC0, 0xFF, 0x00, 0xB8, 0xFF, 0x00, 0xB8, 0xFF, 0x00, 0xB8, 0xFF, 0x00, 0xB0, 0xFF,
    0x00, 0xB0, 0xFF, 0x00, 0xB0, 0xFF, 0x00, 0xA8, 0xFF, 0x00, 0xA8, 0xFF, 0x00, 0xA8, 0xFF, 0x00, 0xA0, 0xFF,
    0x00, 0xA0, 0xFF, 0x00, 0xA8, 0xFF, 0x00, 0x48, 0xFF, 0x00, 0x00, 0xFF, 0x00, 0x00, 0xFF, 0x00, 0x00, 0xFF,
    0x00, 0x00, 0xFF, 0x00, 0x00, 0xFF, 0x00, 0x00, 0xFF, 0x00, 0x00, 0xFF, 0x00, 0x00, 0xFF, 0x00, 0x00, 0xFF,
    0x00, 0x00, 0xFF, 0x00, 0x00, 0xFF, 0x00, 0x00, 0xFF, 0x00, 0x00, 0xFF, 0x00, 0x00, 0xFF, 0x00, 0x00, 0xFF,
    0x20, 0x18, 0xFF, 0x20, 0x58, 0xFF, 0x20, 0x80, 0xFF, 0x21, 0x90, 0xFF, 0x21, 0x98, 0xFF, 0x20, 0x98, 0xFF,
    0x20, 0x98, 0xFF, 0x20, 0x88, 0xFF, 0x21, 0x68, 0xFF, 0x00, 0x38, 0xFF, 0x00, 0x08, 0xFF, 0x00, 0x00, 0xFF,
    0x00, 0x00, 0xFF, 0x00, 0x00, 0xFF, 0x00, 0x00, 0xFF, 0x00, 0x00, 0xFF, 0x00, 0x00, 0xFF, 0x00, 0x00, 0xFF,
    0x00, 0x00, 0xFF, 0x00, 0x00, 0xFF, 0x00, 0x00, 0xFF, 0x00, 0x00, 0xFF, 0x00, 0x00, 0xFF, 0x00, 0x00, 0xFF,
    0x00, 0x00, 0xFF, 0x00, 0x00, 0xFF, 0x00, 0x00, 0xFF, 0x00, 0x00, 0xFF, 0x00, 0x00, 0xFF, 0x00, 0x00, 0xFF,
    0x00, 0x20, 0xFF, 0x21, 0x78, 0xFF, 0x21, 0xA8, 0xFF, 0x00, 0xB0, 0xFF, 0x00, 0xB8, 0xFF, 0x00, 0xB0, 0xFF,
    0x00, 0xB8, 0xFF, 0x00, 0xC0, 0xFF, 0x00, 0xB8, 0xFF, 0x00, 0xC0, 0xFF, 0x00, 0xC0, 0xFF, 0x00, 0xC0, 0xFF,
    0x00, 0xC0, 0xFF, 0x00, 0xB8, 0xFF, 0x00, 0xB8, 0xFF, 0x00, 0xB8, 0xFF, 0x00, 0xB8, 0xFF, 0x00, 0xB8, 0xFF,
    0x00, 0xB8, 0xFF, 0x00, 0xB8, 0xFF, 0x00, 0xB8, 0xFF, 0x00, 0xB8, 0xFF, 0x00, 0xB8, 0xFF, 0x00, 0xB0, 0xFF,
    0x00, 0xB0, 0xFF, 0x00, 0xB0, 0xFF, 0x00, 0xB0, 0xFF, 0x00, 0xB0, 0xFF, 0x00, 0xB0, 0xFF, 0x00, 0xA8, 0xFF,
    0x00, 0xA8, 0xFF, 0x00, 0xA8, 0xFF, 0x00, 0xA8, 0xFF, 0x00, 0xA8, 0xFF, 0x00, 0xA8, 0xFF, 0x00, 0xA8, 0xFF,
    0x00, 0xA8, 0xFF, 0x00, 0xA0, 0xFF, 0x00, 0xA0, 0xFF, 0x00, 0xA0, 0xFF, 0x00, 0xA0, 0xFF, 0x00, 0xA0, 0xFF,
    0x00, 0xA8, 0xFF, 0x21, 0x70, 0xFF, 0x00, 0x00, 0xFF, 0x00, 0x00, 0xFF, 0x00, 0x00, 0xFF, 0x00, 0x00, 0xFF,
    0x81, 0x00, 0xFF, 0x63, 0x11, 0xFF, 0x43, 0x11, 0xFF, 0x64, 0x11, 0xFF, 0x03, 0x11, 0xFF, 0x02, 0x09, 0xFF,
    0x04, 0x1A, 0xFF, 0x26, 0x54, 0xFF, 0x04, 0x4C, 0xFF, 0x62, 0x1A, 0xFF, 0x01, 0x12, 0xFF, 0xC3, 0x22, 0xFF,
    0x65, 0x2B, 0xFF, 0x25, 0x2B, 0xFF, 0x67, 0x2B, 0xF9, 0xA8, 0x33, 0xD0, 0xE9, 0x3B, 0x5B, 0x48, 0x3B, 0x15,
    0x62, 0x09, 0x34, 0xC5, 0x11, 0xA4, 0xC5, 0x11, 0xEC, 0xA4, 0x11, 0xFE, 0xA4, 0x11, 0xFF, 0xC5, 0x19, 0xFF,
    0x03, 0x01, 0xFF, 0x44, 0x09, 0xFF, 0x43, 0x11, 0xFF, 0xA5, 0x19, 0xFF, 0xA4, 0x11, 0xFF, 0xA3, 0x21, 0xFF,
    0x8B, 0x73, 0xFF, 0xC8, 0x52, 0xFF, 0x86, 0x32, 0xFF, 0x26, 0x2A, 0xFF, 0x00, 0x00, 0xFF, 0x00, 0x00, 0xFF,
    0x00, 0x00, 0xFF, 0x00, 0x00, 0xFF, 0x00, 0x48, 0xFF, 0x20, 0xA0, 0xFF, 0x00, 0xA0, 0xFF, 0x00, 0xA0, 0xFF,
    0x00, 0xA0, 0xFF, 0x00, 0xA0, 0xFF, 0x00, 0xA8, 0xFF, 0x00, 0xA8, 0xFF, 0x00, 0xA8, 0xFF, 0x00, 0xA8, 0xFF,
    0x00, 0xA8, 0xFF, 0x00, 0xA8, 0xFF, 0x00, 0xA8, 0xFF, 0x00, 0xA8, 0xFF, 0x00, 0xB0, 0xFF, 0x00, 0xA8, 0xFF,
    0x00, 0xB0, 0xFF, 0x00, 0xB0, 0xFF, 0x00, 0xB0, 0xFF, 0x00, 0xB0, 0xFF, 0x00, 0xB0, 0xFF, 0x00, 0xB0, 0xFF,
    0x00, 0xB8, 0xFF, 0x00, 0xB8, 0xFF, 0x00, 0xB8, 0xFF, 0x00, 0xB8, 0xFF, 0x00, 0xB8, 0xFF, 0x00, 0xB8, 0xFF,
    0x00, 0xB8, 0xFF, 0x00, 0xB8, 0xFF, 0x00, 0xB8, 0xFF, 0x00, 0xB8, 0xFF, 0x00, 0xC0, 0xFF, 0x00, 0xC0, 0xFF,
    0x00, 0xC0, 0xFF, 0x00, 0xC0, 0xFF, 0x00, 0xB8, 0xFF, 0x00, 0xB8, 0xFF, 0x00, 0xB8, 0xFF, 0x00, 0xB0, 0xFF,
    0x00, 0xB0, 0xFF, 0x00, 0xB0, 0xFF, 0x00, 0xA8, 0xFF, 0x00, 0xA8, 0xFF, 0x00, 0xA8, 0xFF, 0x00, 0xA0, 0xFF,
    0x00, 0xA0, 0xFF, 0x00, 0xA0, 0xFF, 0x00, 0x40, 0xFF, 0x00, 0x00, 0xFF, 0x00, 0x00, 0xFF, 0x00, 0x00, 0xFF,
    0x00, 0x00, 0xFF, 0x00, 0x00, 0xFF, 0x00, 0x00, 0xFF, 0x00, 0x00, 0xFF, 0x00, 0x00, 0xFF, 0x00, 0x00, 0xFF,
    0x00, 0x00, 0xFF, 0x00, 0x00, 0xFF, 0x00, 0x00, 0xFF, 0x00, 0x00, 0xFF, 0x00, 0x08, 0xFF, 0x01, 0x48, 0xFF,
    0x21, 0x88, 0xFF, 0x20, 0xA0, 0xFF, 0x00, 0xA0, 0xFF, 0x00, 0xA0, 0xFF, 0x00, 0xA0, 0xFF, 0x00, 0xA0, 0xFF,
    0x00, 0x98, 0xFF, 0x00, 0xA8, 0xFF, 0x00, 0xA8, 0xFF, 0x20, 0x98, 0xFF, 0x21, 0x70, 0xFF, 0x00, 0x20, 0xFF,
    0x00, 0x00, 0xFF, 0x00, 0x00, 0xFF, 0x00, 0x00, 0xFF, 0x00, 0x00, 0xFF, 0x00, 0x00, 0xFF, 0x00, 0x00, 0xFF,
    0x00, 0x00, 0xFF, 0x00, 0x00, 0xFF, 0x00, 0x00, 0xFF, 0x00, 0x00, 0xFF, 0x00, 0x00, 0xFF, 0x00, 0x00, 0xFF,
    0x00, 0x00, 0xFF, 0x00, 0x00, 0xFF, 0x00, 0x00, 0xFF, 0x00, 0x00, 0xFF, 0x00, 0x00, 0xFF, 0x00, 0x00, 0xFF,
    0x00, 0x00, 0xFF, 0x20, 0x00, 0xFF, 0x20, 0x48, 0xFF, 0x21, 0xA0, 0xFF, 0x01, 0xB8, 0xFF, 0x00, 0xB8, 0xFF,
    0x00, 0xB0, 0xFF, 0x00, 0xB8, 0xFF, 0x00, 0xB8, 0xFF, 0x00, 0xC0, 0xFF, 0x00, 0xC0, 0xFF, 0x00, 0xC0, 0xFF,
    0x00, 0xC0, 0xFF, 0x00, 0xB8, 0xFF, 0x00, 0xB8, 0xFF, 0x00, 0xB8, 0xFF, 0x00, 0xB8, 0xFF, 0x00, 0xB8, 0xFF,
    0x00, 0xB8, 0xFF, 0x00, 0xB8, 0xFF, 0x00, 0xB8, 0xFF, 0x00, 0xB8, 0xFF, 0x00, 0xB0, 0xFF, 0x00, 0xB0, 0xFF,
    0x00, 0xB0, 0xFF, 0x00, 0xB0, 0xFF, 0x00, 0xB0, 0xFF, 0x00, 0xB0, 0xFF, 0x00, 0xB0, 0xFF, 0x00, 0xA8, 0xFF,
    0x00, 0xA8, 0xFF, 0x00, 0xA8, 0xFF, 0x00, 0xA8, 0xFF, 0x00, 0xA8, 0xFF, 0x00, 0xA8, 0xFF, 0x00, 0xA8, 0xFF,
    0x00, 0xA8, 0xFF, 0x00, 0xA0, 0xFF, 0x00, 0xA0, 0xFF, 0x00, 0xA0, 0xFF, 0x00, 0xA0, 0xFF, 0x00, 0xA0, 0xFF,
    0x00, 0xA8, 0xFF, 0x21, 0x80, 0xFF, 0x00, 0x08, 0xFF, 0x00, 0x00, 0xFF, 0x00, 0x00, 0xFF, 0x00, 0x00, 0xFF,
    0xA1, 0x08, 0xFF, 0xA4, 0x11, 0xFF, 0x63, 0x11, 0xFF, 0x43, 0x09, 0xFF, 0x43, 0x09, 0xFF, 0x25, 0x22, 0xFF,
    0x85, 0x22, 0xFF, 0x44, 0x3B, 0xFF, 0xE5, 0x4B, 0xFF, 0x82, 0x22, 0xFF, 0x22, 0x1A, 0xFF, 0xA3, 0x22, 0xFF,
    0x44, 0x2B, 0xFF, 0xC4, 0x1A, 0xFF, 0xC5, 0x22, 0xFE, 0xC5, 0x22, 0xEC, 0x67, 0x2B, 0xA4, 0x28, 0x3B, 0x34,
    0x64, 0x11, 0x3F, 0x85, 0x11, 0xC0, 0xC5, 0x19, 0xF6, 0x64, 0x09, 0xFF, 0x24, 0x09, 0xFF, 0x03, 0x09, 0xFF,
    0x64, 0x11, 0xFF, 0x84, 0x11, 0xFF, 0xA4, 0x11, 0xFF, 0x63, 0x09, 0xFF, 0x84, 0x11, 0xFF, 0x64, 0x11, 0xFF,
    0x47, 0x3A, 0xFF, 0x0D, 0x7C, 0xFF, 0x8A, 0x5B, 0xFF, 0x21, 0x09, 0xFF, 0x00, 0x00, 0xFF, 0x00, 0x00, 0xFF,
    0x00, 0x00, 0xFF, 0x00, 0x00, 0xFF, 0x21, 0x58, 0xFF, 0x00, 0xA8, 0xFF, 0x00, 0x98, 0xFF, 0x00, 0xA0, 0xFF,
    0x00, 0xA0, 0xFF, 0x00, 0xA0, 0xFF, 0x00, 0xA8, 0xFF, 0x00, 0xA8, 0xFF, 0x00, 0xA8, 0xFF, 0x00, 0xA8, 0xFF,
    0x00, 0xA8, 0xFF, 0x00, 0xA8, 0xFF, 0x00, 0xA8, 0xFF, 0x00, 0xA8, 0xFF, 0x00, 0xB0, 0xFF, 0x00, 0xA8, 0xFF,
    0x00, 0xB0, 0xFF, 0x00, 0xB0, 0xFF, 0x00, 0xB0, 0xFF, 0x00, 0xB0, 0xFF, 0x00, 0xB0, 0xFF, 0x00, 0xB0, 0xFF,
    0x00, 0xB8, 0xFF, 0x00, 0xB8, 0xFF, 0x00, 0xB8, 0xFF, 0x00, 0xB8, 0xFF, 0x00, 0xB8, 0xFF, 0x00, 0xB8, 0xFF,
    0x00, 0xB8, 0xFF, 0x00, 0xB8, 0xFF, 0x00, 0xB8, 0xFF, 0x00, 0xB8, 0xFF, 0x00, 0xC0, 0xFF, 0x00, 0xC0, 0xFF,
    0x00, 0xC0, 0xFF, 0x00, 0xC0, 0xFF, 0x00, 0xB8, 0xFF, 0x00, 0xB8, 0xFF, 0x00, 0xB8, 0xFF, 0x00, 0xB0, 0xFF,
    0x00, 0xB0, 0xFF, 0x00, 0xB0, 0xFF, 0x00, 0xA8, 0xFF, 0x00, 0xA8, 0xFF, 0x00, 0xA8, 0xFF, 0x00, 0xA0, 0xFF,
    0x00, 0xA0, 0xFF, 0x00, 0xA0, 0xFF, 0x00, 0x40, 0xFF, 0x00, 0x00, 0xFF, 0x00, 0x00, 0xFF, 0x00, 0x00, 0xFF,
    0x00, 0x00, 0xFF, 0x00, 0x00, 0xFF, 0x00, 0x00, 0xFF, 0x00, 0x00, 0xFF, 0x00, 0x00, 0xFF, 0x00, 0x00, 0xFF,
    0x00, 0x00, 0xFF, 0x00, 0x00, 0xFF, 0x00, 0x00, 0xFF, 0x00, 0x08, 0xFF, 0x20, 0x58, 0xFF, 0x21, 0xA0, 0xFF,
    0x00, 0xA0, 0xFF, 0x00, 0xA0, 0xFF, 0x00, 0xA0, 0xFF, 0x00, 0xA0, 0xFF, 0x00, 0xA0, 0xFF, 0x00, 0xA0, 0xFF,
    0x00, 0xA0, 0xFF, 0x00, 0xA0, 0xFF, 0x00, 0x98, 0xFF, 0x00, 0x98, 0xFF, 0x00, 0xA0, 0xFF, 0x20, 0x88, 0xFF,
    0x00, 0x28, 0xFF, 0x00, 0x00, 0xFF, 0x00, 0x00, 0xFF, 0x00, 0x00, 0xFF, 0x00, 0x00, 0xFF, 0x00, 0x00, 0xFF,
    0x00, 0x00, 0xFF, 0x00, 0x00, 0xFF, 0x00, 0x00, 0xFF, 0x00, 0x00, 0xFF, 0x00, 0x00, 0xFF, 0x00, 0x00, 0xFF,
    0x00, 0x00, 0xFF, 0x00, 0x00, 0xFF, 0x00, 0x00, 0xFF, 0x00, 0x00, 0xFF, 0x00, 0x00, 0xFF, 0x00, 0x00, 0xFF,
    0x00, 0x00, 0xFF, 0x00, 0x00, 0xFF, 0x00, 0x00, 0xFF, 0x20, 0x20, 0xFF, 0x41, 0x78, 0xFF, 0x00, 0xB8, 0xFF,
    0x00, 0xB8, 0xFF, 0x00, 0xB8, 0xFF, 0x00, 0xC0, 0xFF, 0x00, 0xC0, 0xFF, 0x00, 0xC0, 0xFF, 0x00, 0xC0, 0xFF,
    0x00, 0xC0, 0xFF, 0x00, 0xB8, 0xFF, 0x00, 0xB8, 0xFF, 0x00, 0xB8, 0xFF, 0x00, 0xB8, 0xFF, 0x00, 0xB8, 0xFF,
    0x00, 0xB8, 0xFF, 0x00, 0xB8, 0xFF, 0x00, 0xB8, 0xFF, 0x00, 0xB8, 0xFF, 0x00, 0xB0, 0xFF, 0x00, 0xB0, 0xFF,
    0x00, 0xB0, 0xFF, 0x00, 0xB0, 0xFF, 0x00, 0xB0, 0xFF, 0x00, 0xB0, 0xFF, 0x00, 0xB0, 0xFF, 0x00, 0xA8, 0xFF,
    0x00, 0xA8, 0xFF, 0x00, 0xA8, 0xFF, 0x00, 0xA8, 0xFF, 0x00, 0xA8, 0xFF, 0x00, 0xA8, 0xFF, 0x00, 0xA8, 0xFF,
    0x00, 0xA8, 0xFF, 0x00, 0xA0, 0xFF, 0x00, 0xA0, 0xFF, 0x00, 0xA0, 0xFF, 0x00, 0xA0, 0xFF, 0x00, 0xA0, 0xFF,
    0x00, 0xA8, 0xFF, 0x21, 0x88, 0xFF, 0x00, 0x10, 0xFF, 0x00, 0x00, 0xFF, 0x00, 0x00, 0xFF, 0x00, 0x00, 0xFF,
    0x41, 0x00, 0xFF, 0xE2, 0x08, 0xFF, 0xE2, 0x08, 0xFF, 0x43, 0x09, 0xFF, 0xA3, 0x11, 0xFF, 0x64, 0x22, 0xFF,
    0x84, 0x1A, 0xFF, 0xA4, 0x2A, 0xFF, 0x87, 0x64, 0xFF, 0xA5, 0x4B, 0xFF, 0x42, 0x1A, 0xFF, 0xA2, 0x22, 0xFF,
    0xA6, 0x3B, 0xFF, 0x83, 0x1A, 0xFF, 0x43, 0x1A, 0xFF, 0xA4, 0x22, 0xF6, 0x26, 0x2B, 0xC0, 0x27, 0x3B, 0x3F,
    0x64, 0x11, 0x41, 0x23, 0x09, 0xC4, 0x64, 0x11, 0xF8, 0x22, 0x09, 0xFF, 0x63, 0x09, 0xFF, 0xE5, 0x19, 0xFF,
    0xA4, 0x11, 0xFF, 0x84, 0x11, 0xFF, 0xC5, 0x19, 0xFF, 0x84, 0x11, 0xFF, 0x64, 0x09, 0xFF, 0x64, 0x09, 0xFF,
    0x43, 0x11, 0xFF, 0x2A, 0x63, 0xFF, 0x4C, 0x6C, 0xFF, 0x62, 0x11, 0xFF, 0x00, 0x00, 0xFF, 0x00, 0x00, 0xFF,
    0x00, 0x00, 0xFF, 0x00, 0x00, 0xFF, 0x20, 0x60, 0xFF, 0x00, 0xA0, 0xFF, 0x00, 0xA0, 0xFF, 0x00, 0xA0, 0xFF,
    0x00, 0xA0, 0xFF, 0x00, 0xA0, 0xFF, 0x00, 0xA8, 0xFF, 0x00, 0xA8, 0xFF, 0x00, 0xA8, 0xFF, 0x00, 0xA8, 0xFF,
    0x00, 0xA8, 0xFF, 0x00, 0xA8, 0xFF, 0x00, 0xA8, 0xFF, 0x00, 0xA8, 0xFF, 0x00, 0xB0, 0xFF, 0x00, 0xB0, 0xFF,
    0x00, 0xB0, 0xFF, 0x00, 0xB0, 0xFF, 0x00, 0xB0, 0xFF, 0x00, 0xB0, 0xFF, 0x00, 0xB0, 0xFF, 0x00, 0xB8, 0xFF,
    0x00, 0xB8, 0xFF, 0x00, 0xB8, 0xFF, 0x00, 0xB8, 0xFF, 0x00, 0xB8, 0xFF, 0x00, 0xB8, 0xFF, 0x00, 0xB8, 0xFF,
    0x00, 0xB8, 0xFF, 0x00, 0xB8, 0xFF, 0x00, 0xB8, 0xFF, 0x00, 0xC0, 0xFF, 0x00, 0xC0, 0xFF, 0x00, 0xC0, 0xFF,
    0x00, 0xC0, 0xFF, 0x00, 0xC0, 0xFF, 0x00, 0xB8, 0xFF, 0x00, 0xB8, 0xFF, 0x00, 0xB0, 0xFF, 0x00, 0xB0, 0xFF,
    0x00, 0xB0, 0xFF, 0x00, 0xA8, 0xFF, 0x00, 0xA8, 0xFF, 0x00, 0xA8, 0xFF, 0x00, 0xA8, 0xFF, 0x00, 0xA0, 0xFF,
    0x00, 0xA0, 0xFF, 0x20, 0xA0, 0xFF, 0x20, 0x38, 0xFF, 0x00, 0x00, 0xFF, 0x00, 0x00, 0xFF, 0x00, 0x00, 0xFF,
    0x00, 0x00, 0xFF, 0x00, 0x00, 0xFF, 0x00, 0x00, 0xFF, 0x00, 0x00, 0xFF, 0x00, 0x00, 0xFF, 0x00, 0x00, 0xFF,
    0x00, 0x00, 0xFF, 0x00, 0x00, 0xFF, 0x00, 0x00, 0xFF, 0x20, 0x50, 0xFF, 0x00, 0xA0, 0xFF, 0x00, 0x98, 0xFF,
    0x00, 0xA0, 0xFF, 0x00, 0x98, 0xFF, 0x00, 0x98, 0xFF, 0x00, 0x98, 0xFF, 0x00, 0x98, 0xFF, 0x00, 0xA0, 0xFF,
    0x00, 0xA0, 0xFF, 0x00, 0x98, 0xFF, 0x00, 0xA0, 0xFF, 0x00, 0xA0, 0xFF, 0x00, 0x98, 0xFF, 0x00, 0xA0, 0xFF,
    0x21, 0x80, 0xFF, 0x00, 0x18, 0xFF, 0x00, 0x00, 0xFF, 0x00, 0x00, 0xFF, 0x00, 0x00, 0xFF, 0x00, 0x00, 0xFF,
    0x00, 0x00, 0xFF, 0x00, 0x00, 0xFF, 0x00, 0x00, 0xFF, 0x00, 0x00, 0xFF, 0x00, 0x00, 0xFF, 0x00, 0x00, 0xFF,
    0x00, 0x00, 0xFF, 0x00, 0x00, 0xFF, 0x00, 0x00, 0xFF, 0x00, 0x00, 0xFF, 0x00, 0x00, 0xFF, 0x00, 0x00, 0xFF,
    0x00, 0x00, 0xFF, 0x00, 0x00, 0xFF, 0x00, 0x00, 0xFF, 0x20, 0x00, 0xFF, 0x00, 0x10, 0xFF, 0x21, 0x60, 0xFF,
    0x41, 0xA8, 0xFF, 0x00, 0xC0, 0xFF, 0x00, 0xB8, 0xFF, 0x00, 0xB8, 0xFF, 0x00, 0xC0, 0xFF, 0x00, 0xC0, 0xFF,
    0x00, 0xC0, 0xFF, 0x00, 0xC0, 0xFF, 0x00, 0xB8, 0xFF, 0x00, 0xB8, 0xFF, 0x00, 0xB8, 0xFF, 0x00, 0xB8, 0xFF,
    0x00, 0xB8, 0xFF, 0x00, 0xB8, 0xFF, 0x00, 0xB8, 0xFF, 0x00, 0xB8, 0xFF, 0x00, 0xB0, 0xFF, 0x00, 0xB0, 0xFF,
    0x00, 0xB0, 0xFF, 0x00, 0xB0, 0xFF, 0x00, 0xB0, 0xFF, 0x00, 0xB0, 0xFF, 0x00, 0xB0, 0xFF, 0x00, 0xB0, 0xFF,
    0x00, 0xA8, 0xFF, 0x00, 0xA8, 0xFF, 0x00, 0xA8, 0xFF, 0x00, 0xA8, 0xFF, 0x00, 0xA8, 0xFF, 0x00, 0xA8, 0xFF,
    0x00, 0xA8, 0xFF, 0x00, 0xA8, 0xFF, 0x00, 0xA0, 0xFF, 0x00, 0xA0, 0xFF, 0x00, 0xA0, 0xFF, 0x00, 0xA0, 0xFF,
    0x00, 0xA8, 0xFF, 0x20, 0x90, 0xFF, 0x00, 0x18, 0xFF, 0x00, 0x00, 0xFF, 0x00, 0x00, 0xFF, 0x00, 0x00, 0xFF,
    0x20, 0x00, 0xFF, 0xC2, 0x08, 0xFF, 0xC3, 0x08, 0xFF, 0xA2, 0x00, 0xFF, 0x02, 0x11, 0xFF, 0xE3, 0x11, 0xFF,
    0x84, 0x22, 0xFF, 0x06, 0x2B, 0xFF, 0xC5, 0x43, 0xFF, 0x65, 0x5C, 0xFF, 0xE3, 0x32, 0xFF, 0x41, 0x1A, 0xFF,
    0xC6, 0x43, 0xFF, 0x04, 0x2B, 0xFF, 0x63, 0x1A, 0xFF, 0x83, 0x1A, 0xF8, 0x83, 0x1A, 0xC4, 0xC5, 0x2A, 0x41,
    0x83, 0x11, 0x41, 0x63, 0x11, 0xC4, 0xA3, 0x11, 0xF8, 0xE3, 0x19, 0xFF, 0x24, 0x1A, 0xFF, 0x04, 0x12, 0xFF,
    0xE4, 0x11, 0xFF, 0xC4, 0x11, 0xFF, 0x43, 0x09, 0xFF, 0x43, 0x09, 0xFF, 0x84, 0x11, 0xFF, 0x85, 0x11, 0xFF,
    0x64, 0x11, 0xFF, 0x84, 0x21, 0xFF, 0xA9, 0x53, 0xFF, 0xE4, 0x21, 0xFF, 0x00, 0x00, 0xFF, 0x00, 0x00, 0xFF,
    0x00, 0x00, 0xFF, 0x00, 0x00, 0xFF, 0x20, 0x68, 0xFF, 0x00, 0xA0, 0xFF, 0x00, 0xA0, 0xFF, 0x00, 0xA0, 0xFF,
    0x00, 0xA0, 0xFF, 0x00, 0xA0, 0xFF, 0x00, 0xA8, 0xFF, 0x00, 0xA8, 0xFF, 0x00, 0xA8, 0xFF, 0x00, 0xA8, 0xFF,
    0x00, 0xA8, 0xFF, 0x00, 0xA8, 0xFF, 0x00, 0xA8, 0xFF, 0x00, 0xA8, 0xFF, 0x00, 0xB0, 0xFF, 0x00, 0xB0, 0xFF,
    0x00, 0xB0, 0xFF, 0x00, 0xB0, 0xFF, 0x00, 0xB0, 0xFF, 0x00, 0xB0, 0xFF, 0x00, 0xB0, 0xFF, 0x00, 0xB8, 0xFF,
    0x00, 0xB8, 0xFF, 0x00, 0xB8, 0xFF, 0x00, 0xB8, 0xFF, 0x00, 0xB8, 0xFF, 0x00, 0xB8, 0xFF, 0x00, 0xB8, 0xFF,
    0x00, 0xB8, 0xFF, 0x00, 0xB8, 0xFF, 0x00, 0xB8, 0xFF, 0x00, 0xC0, 0xFF, 0x00, 0xC0, 0xFF, 0x00, 0xC0, 0xFF,
    0x00, 0xC0, 0xFF, 0x00, 0xB8, 0xFF, 0x00, 0xB8, 0xFF, 0x00, 0xB8, 0xFF, 0x00, 0xB0, 0xFF, 0x00, 0xB0, 0xFF,
    0x00, 0xB0, 0xFF, 0x00, 0xA8, 0xFF, 0x00, 0xA8, 0xFF, 0x00, 0xA8, 0xFF, 0x00, 0xA0, 0xFF, 0x00, 0xA0, 0xFF,
    0x00, 0xA0, 0xFF, 0x20, 0x98, 0xFF, 0x20, 0x28, 0xFF, 0x00, 0x00, 0xFF, 0x00, 0x00, 0xFF, 0x00, 0x00, 0xFF,
    0x00, 0x00, 0xFF, 0x00, 0x00, 0xFF, 0x00, 0x00, 0xFF, 0x00, 0x00, 0xFF, 0x00, 0x00, 0xFF, 0x00, 0x00, 0xFF,
    0x00, 0x00, 0xFF, 0x00, 0x00, 0xFF, 0x00, 0x28, 0xFF, 0x21, 0x90, 0xFF, 0x00, 0xA0, 0xFF, 0x00, 0xA0, 0xFF,
    0x00, 0xA0, 0xFF, 0x00, 0xA0, 0xFF, 0x00, 0xA0, 0xFF, 0x00, 0xA0, 0xFF, 0x00, 0xA0, 0xFF, 0x00, 0xA0, 0xFF,
    0x00, 0xA0, 0xFF, 0x00, 0xA0, 0xFF, 0x00, 0xA0, 0xFF, 0x00, 0xA0, 0xFF, 0x00, 0xA0, 0xFF, 0x00, 0xA0, 0xFF,
    0x01, 0xA0, 0xFF, 0x20, 0x60, 0xFF, 0x00, 0x08, 0xFF, 0x00, 0x00, 0xFF, 0x00, 0x00, 0xFF, 0x00, 0x00, 0xFF,
    0x00, 0x00, 0xFF, 0x00, 0x00, 0xFF, 0x00, 0x00, 0xFF, 0x00, 0x00, 0xFF, 0x00, 0x00, 0xFF, 0x00, 0x00, 0xFF,
    0x00, 0x00, 0xFF, 0x00, 0x00, 0xFF, 0x00, 0x00, 0xFF, 0x00, 0x00, 0xFF, 0x00, 0x00, 0xFF, 0x00, 0x00, 0xFF,
    0x00, 0x00, 0xFF, 0x00, 0x00, 0xFF, 0x00, 0x00, 0xFF, 0x00, 0x08, 0xFF, 0x00, 0x00, 0xFF, 0x20, 0x00, 0xFF,
    0x00, 0x40, 0xFF, 0x21, 0x98, 0xFF, 0x20, 0xB8, 0xFF, 0x00, 0xB8, 0xFF, 0x00, 0xC0, 0xFF, 0x00, 0xC0, 0xFF,
    0x00, 0xC0, 0xFF, 0x00, 0xC0, 0xFF, 0x00, 0xB8, 0xFF, 0x00, 0xB8, 0xFF, 0x00, 0xB8, 0xFF, 0x00, 0xB8, 0xFF,
    0x00, 0xB8, 0xFF, 0x00, 0xB8, 0xFF, 0x00, 0xB8, 0xFF, 0x00, 0xB8, 0xFF, 0x00, 0xB0, 0xFF, 0x00, 0xB0, 0xFF,
    0x00, 0xB0, 0xFF, 0x00, 0xB0, 0xFF, 0x00, 0xB0, 0xFF, 0x00, 0xB0, 0xFF, 0x00, 0xB0, 0xFF, 0x00, 0xB0, 0xFF,
    0x00, 0xA8, 0xFF, 0x00, 0xA8, 0xFF, 0x00, 0xA8, 0xFF, 0x00, 0xA8, 0xFF, 0x00, 0xA8, 0xFF, 0x00, 0xA8, 0xFF,
    0x00, 0xA8, 0xFF, 0x00, 0xA8, 0xFF, 0x00, 0xA8, 0xFF, 0x00, 0xA0, 0xFF, 0x00, 0xA0, 0xFF, 0x00, 0xA0, 0xFF,
    0x00, 0xA0, 0xFF, 0x20, 0x90, 0xFF, 0x00, 0x20, 0xFF, 0x00, 0x00, 0xFF, 0x00, 0x00, 0xFF, 0x00, 0x00, 0xFF,
    0x20, 0x00, 0xFF, 0xC2, 0x08, 0xFF, 0xC2, 0x08, 0xFF, 0xA2, 0x00, 0xFF, 0x82, 0x00, 0xFF, 0xE2, 0x08, 0xFF,
    0xC3, 0x19, 0xFF, 0x27, 0x33, 0xFF, 0xC3, 0x22, 0xFF, 0x64, 0x3B, 0xFF, 0xC3, 0x2A, 0xFF, 0x21, 0x12, 0xFF,
    0x85, 0x3B, 0xFF, 0x85, 0x3B, 0xFF, 0xE4, 0x22, 0xFF, 0x83, 0x1A, 0xF8, 0x43, 0x1A, 0xC4, 0xA4, 0x22, 0x41,
    0xA2, 0x11, 0x41, 0xA2, 0x11, 0xC4, 0xE2, 0x19, 0xF8, 0x02, 0x1A, 0xFF, 0x63, 0x22, 0xFF, 0x84, 0x22, 0xFF,
    0xA4, 0x22, 0xFF, 0xA5, 0x22, 0xFF, 0x45, 0x22, 0xFF, 0xE4, 0x19, 0xFF, 0x83, 0x11, 0xFF, 0x63, 0x11, 0xFF,
    0x84, 0x11, 0xFF, 0x23, 0x09, 0xFF, 0x04, 0x22, 0xFF, 0xC5, 0x21, 0xFF, 0x00, 0x00, 0xFF, 0x00, 0x00, 0xFF,
    0x00, 0x00, 0xFF, 0x00, 0x00, 0xFF, 0x40, 0x70, 0xFF, 0x00, 0xA8, 0xFF, 0x00, 0xA0, 0xFF, 0x00, 0xA0, 0xFF,
    0x00, 0xA0, 0xFF, 0x00, 0xA0, 0xFF, 0x00, 0xA8, 0xFF, 0x00, 0xA8, 0xFF, 0x00, 0xA8, 0xFF, 0x00, 0xA8, 0xFF,
    0x00, 0xA8, 0xFF, 0x00, 0xA8, 0xFF, 0x00, 0xA8, 0xFF, 0x00, 0xA8, 0xFF, 0x00, 0xB0, 0xFF, 0x00, 0xB0, 0xFF,
    0x00, 0xB0, 0xFF, 0x00, 0xB0, 0xFF, 0x00, 0xB0, 0xFF, 0x00, 0xB0, 0xFF, 0x00, 0xB0, 0xFF, 0x00, 0xB8, 0xFF,
    0x00, 0xB8, 0xFF, 0x00, 0xB8, 0xFF, 0x00, 0xB8, 0xFF, 0x00, 0xB8, 0xFF, 0x00, 0xB8, 0xFF, 0x00, 0xB8, 0xFF,
    0x00, 0xB8, 0xFF, 0x00, 0xB8, 0xFF, 0x00, 0xB8, 0xFF, 0x00, 0xC0, 0xFF, 0x00, 0xC0, 0xFF, 0x00, 0xC0, 0xFF,
    0x00, 0xC0, 0xFF, 0x00, 0xB8, 0xFF, 0x00, 0xB8, 0xFF, 0x00, 0xB8, 0xFF, 0x00, 0xB0, 0xFF, 0x00, 0xB0, 0xFF,
    0x00, 0xB0, 0xFF, 0x00, 0xA8, 0xFF, 0x00, 0xA8, 0xFF, 0x00, 0xA8, 0xFF, 0x00, 0xA0, 0xFF, 0x00, 0xA0, 0xFF,
    0x00, 0xA0, 0xFF, 0x20, 0x90, 0xFF, 0x20, 0x20, 0xFF, 0x00, 0x00, 0xFF, 0x00, 0x00, 0xFF, 0x00, 0x00, 0xFF,
    0x00, 0x00, 0xFF, 0x00, 0x00, 0xFF, 0x00, 0x00, 0xFF, 0x00, 0x00, 0xFF, 0x00, 0x00, 0xFF, 0x00, 0x00, 0xFF,
    0x00, 0x00, 0xFF, 0x00, 0x00, 0xFF, 0x21, 0x70, 0xFF, 0x00, 0xA8, 0xFF, 0x00, 0x98, 0xFF, 0x00, 0xA0, 0xFF,
    0x00, 0xA0, 0xFF, 0x00, 0xA0, 0xFF, 0x00, 0xA0, 0xFF, 0x00, 0xA0, 0xFF, 0x00, 0xA0, 0xFF, 0x00, 0xA0, 0xFF,
    0x00, 0xA0, 0xFF, 0x00, 0xA0, 0xFF, 0x00, 0xA0, 0xFF, 0x00, 0xA0, 0xFF, 0x00, 0xA0, 0xFF, 0x00, 0x98, 0xFF,
    0x00, 0xA0, 0xFF, 0x20, 0x90, 0xFF, 0x00, 0x30, 0xFF, 0x00, 0x00, 0xFF, 0x00, 0x00, 0xFF, 0x00, 0x00, 0xFF,
    0x00, 0x00, 0xFF, 0x00, 0x00, 0xFF, 0x00, 0x00, 0xFF, 0x00, 0x00, 0xFF, 0x00, 0x00, 0xFF, 0x00, 0x00, 0xFF,
    0x00, 0x00, 0xFF, 0x00, 0x00, 0xFF, 0x00, 0x00, 0xFF, 0x00, 0x00, 0xFF, 0x00, 0x00, 0xFF, 0x00, 0x00, 0xFF,
    0x00, 0x00, 0xFF, 0x00, 0x00, 0xFF, 0x00, 0x00, 0xFF, 0x00, 0x00, 0xFF, 0x00, 0x00, 0xFF, 0x00, 0x00, 0xFF,
    0x00, 0x00, 0xFF, 0x00, 0x20, 0xFF, 0x41, 0x78, 0xFF, 0x20, 0xC0, 0xFF, 0x00, 0xC0, 0xFF, 0x00, 0xC0, 0xFF,
    0x00, 0xC0, 0xFF, 0x00, 0xC0, 0xFF, 0x00, 0xC0, 0xFF, 0x00, 0xB8, 0xFF, 0x00, 0xB8, 0xFF, 0x00, 0xB8, 0xFF,
    0x00, 0xB8, 0xFF, 0x00, 0xB8, 0xFF, 0x00, 0xB8, 0xFF, 0x00, 0xB8, 0xFF, 0x00, 0xB0, 0xFF, 0x00, 0xB0, 0xFF,
    0x00, 0xB0, 0xFF, 0x00, 0xB0, 0xFF, 0x00, 0xB0, 0xFF, 0x00, 0xB0, 0xFF, 0x00, 0xB0, 0xFF, 0x00, 0xB0, 0xFF,
    0x00, 0xA8, 0xFF, 0x00, 0xA8, 0xFF, 0x00, 0xA8, 0xFF, 0x00, 0xA8, 0xFF, 0x00, 0xA8, 0xFF, 0x00, 0xA8, 0xFF,
    0x00, 0xA8, 0xFF, 0x00, 0xA8, 0xFF, 0x00, 0xA8, 0xFF, 0x00, 0xA0, 0xFF, 0x00, 0xA0, 0xFF, 0x00, 0xA0, 0xFF,
    0x00, 0xA0, 0xFF, 0x20, 0x98, 0xFF, 0x20, 0x30, 0xFF, 0x00, 0x00, 0xFF, 0x00, 0x00, 0xFF, 0x00, 0x00, 0xFF,
    0x20, 0x00, 0xFF, 0xA2, 0x08, 0xFF, 0xA2, 0x00, 0xFF, 0xA2, 0x08, 0xFF, 0xA3, 0x08, 0xFF, 0x82, 0x08, 0xFF,
    0xA1, 0x00, 0xFF, 0x65, 0x22, 0xFF, 0x85, 0x22, 0xFF, 0x63, 0x1A, 0xFF, 0x24, 0x33, 0xFF, 0x42, 0x1A, 0xFF,
    0x65, 0x3B, 0xFF, 0xA5, 0x3B, 0xFF, 0xE3, 0x22, 0xFF, 0x42, 0x12, 0xF8, 0x43, 0x1A, 0xC4, 0xC4, 0x22, 0x41,
    0x02, 0x1A, 0x41, 0xE2, 0x11, 0xC4, 0xE2, 0x11, 0xF8, 0x02, 0x12, 0xFF, 0x64, 0x1A, 0xFF, 0xE5, 0x22, 0xFF,
    0x04, 0x23, 0xFF, 0x05, 0x23, 0xFF, 0x05, 0x23, 0xFF, 0x06, 0x2B, 0xFF, 0xE7, 0x2A, 0xFF, 0xE4, 0x11, 0xFF,
    0x43, 0x09, 0xFF, 0x64, 0x09, 0xFF, 0x23, 0x11, 0xFF, 0x81, 0x00, 0xFF, 0x00, 0x00, 0xFF, 0x00, 0x00, 0xFF,
    0x00, 0x00, 0xFF, 0x00, 0x08, 0xFF, 0x40, 0x78, 0xFF, 0x00, 0xA8, 0xFF, 0x00, 0xA0, 0xFF, 0x00, 0xA0, 0xFF,
    0x00, 0xA0, 0xFF, 0x00, 0xA0, 0xFF, 0x00, 0xA8, 0xFF, 0x00, 0xA8, 0xFF, 0x00, 0xA8, 0xFF, 0x00, 0xA8, 0xFF,
    0x00, 0xA8, 0xFF, 0x00, 0xA8, 0xFF, 0x00, 0xA8, 0xFF, 0x00, 0xA8, 0xFF, 0x00, 0xB0, 0xFF, 0x00, 0xB0, 0xFF,
    0x00, 0xB0, 0xFF, 0x00, 0xB0, 0xFF, 0x00, 0xB0, 0xFF, 0x00, 0xB0, 0xFF, 0x00, 0xB0, 0xFF, 0x00, 0xB8, 0xFF,
    0x00, 0xB8, 0xFF, 0x00, 0xB8, 0xFF, 0x00, 0xB8, 0xFF, 0x00, 0xB8, 0xFF, 0x00, 0xB8, 0xFF, 0x00, 0xB8, 0xFF,
    0x00, 0xB8, 0xFF, 0x00, 0xB8, 0xFF, 0x00, 0xB8, 0xFF, 0x00, 0xC0, 0xFF, 0x00, 0xC0, 0xFF, 0x00, 0xC0, 0xFF,
    0x00, 0xC0, 0xFF, 0x00, 0xB8, 0xFF, 0x00, 0xB8, 0xFF, 0x00, 0xB8, 0xFF, 0x00, 0xB0, 0xFF, 0x00, 0xB0, 0xFF,
    0x00, 0xB0, 0xFF, 0x00, 0xA8, 0xFF, 0x00, 0xA8, 0xFF, 0x00, 0xA8, 0xFF, 0x00, 0xA0, 0xFF, 0x00, 0xA0, 0xFF,
    0x00, 0xA0, 0xFF, 0x20, 0x88, 0xFF, 0x00, 0x10, 0xFF, 0x00, 0x00, 0xFF, 0x00, 0x00, 0xFF, 0x00, 0x00, 0xFF,
    0x00, 0x00, 0xFF, 0x00, 0x00, 0xFF, 0x00, 0x00, 0xFF, 0x00, 0x00, 0xFF, 0x00, 0x00, 0xFF, 0x00, 0x00, 0xFF,
    0x00, 0x00, 0xFF, 0x00, 0x20, 0xFF, 0x20, 0x98, 0xFF, 0x00, 0xA0, 0xFF, 0x00, 0x98, 0xFF, 0x00, 0xA0, 0xFF,
    0x00, 0xA0, 0xFF, 0x00, 0xA0, 0xFF, 0x00, 0xA0, 0xFF, 0x00, 0xA0, 0xFF, 0x00, 0xA0, 0xFF, 0x00, 0xA0, 0xFF,
    0x00, 0xA0, 0xFF, 0x00, 0xA0, 0xFF, 0x00, 0xA0, 0xFF, 0x00, 0xA0, 0xFF, 0x00, 0xA0, 0xFF, 0x00, 0xA0, 0xFF,
    0x00, 0x98, 0xFF, 0x20, 0xA0, 0xFF, 0x20, 0x58, 0xFF, 0x00, 0x00, 0xFF, 0x00, 0x00, 0xFF, 0x00, 0x00, 0xFF,
    0x00, 0x00, 0xFF, 0x00, 0x00, 0xFF, 0x00, 0x00, 0xFF, 0x00, 0x00, 0xFF, 0x00, 0x00, 0xFF, 0x00, 0x00, 0xFF,
    0x00, 0x00, 0xFF, 0x00, 0x00, 0xFF, 0x00, 0x00, 0xFF, 0x00, 0x00, 0xFF, 0x00, 0x00, 0xFF, 0x00, 0x00, 0xFF,
    0x00, 0x00, 0xFF, 0x00, 0x00, 0xFF, 0x00, 0x00, 0xFF, 0x00, 0x00, 0xFF, 0x00, 0x00, 0xFF, 0x00, 0x00, 0xFF,
    0x00, 0x00, 0xFF, 0x00, 0x00, 0xFF, 0x00, 0x10, 0xFF, 0x41, 0x60, 0xFF, 0x21, 0xB0, 0xFF, 0x00, 0xC0, 0xFF,
    0x00, 0xC0, 0xFF, 0x00, 0xC0, 0xFF, 0x00, 0xC0, 0xFF, 0x00, 0xB8, 0xFF, 0x00, 0xB8, 0xFF, 0x00, 0xB8, 0xFF,
    0x00, 0xB8, 0xFF, 0x00, 0xB8, 0xFF, 0x00, 0xB8, 0xFF, 0x00, 0xB8, 0xFF, 0x00, 0xB0, 0xFF, 0x00, 0xB0, 0xFF,
    0x00, 0xB0, 0xFF, 0x00, 0xB0, 0xFF, 0x00, 0xB0, 0xFF, 0x00, 0xB0, 0xFF, 0x00, 0xB0, 0xFF, 0x00, 0xB0, 0xFF,
    0x00, 0xA8, 0xFF, 0x00, 0xA8, 0xFF, 0x00, 0xA8, 0xFF, 0x00, 0xA8, 0xFF, 0x00, 0xA8, 0xFF, 0x00, 0xA8, 0xFF,
    0x00, 0xA8, 0xFF, 0x00, 0xA8, 0xFF, 0x00, 0xA8, 0xFF, 0x00, 0xA0, 0xFF, 0x00, 0xA0, 0xFF, 0x00, 0xA0, 0xFF,
    0x00, 0xA0, 0xFF, 0x20, 0xA0, 0xFF, 0x00, 0x38, 0xFF, 0x00, 0x00, 0xFF, 0x00, 0x00, 0xFF, 0x00, 0x00, 0xFF,
    0x20, 0x00, 0xFF, 0x81, 0x00, 0xFF, 0xA1, 0x00, 0xFF, 0x82, 0x00, 0xFF, 0xA2, 0x08, 0xFF, 0xA2, 0x08, 0xFF,
    0x82, 0x08, 0xFF, 0x22, 0x09, 0xFF, 0x04, 0x1A, 0xFF, 0x43, 0x1A, 0xFF, 0x24, 0x33, 0xFF, 0x82, 0x22, 0xFF,
    0x04, 0x2B, 0xFF, 0x07, 0x4C, 0xFF, 0xC2, 0x1A, 0xFF, 0xC4, 0x22, 0xF8, 0x02, 0x1A, 0xC4, 0xE4, 0x2A, 0x41,
    0x43, 0x1A, 0x41, 0x23, 0x1A, 0xC4, 0x02, 0x12, 0xF8, 0x02, 0x1A, 0xFF, 0x23, 0x1A, 0xFF, 0x63, 0x1A, 0xFF,
    0x05, 0x23, 0xFF, 0x25, 0x23, 0xFF, 0x25, 0x23, 0xFF, 0x46, 0x2B, 0xFF, 0xC8, 0x33, 0xFF, 0x47, 0x2B, 0xFF,
    0xA3, 0x11, 0xFF, 0x44, 0x11, 0xFF, 0x03, 0x09, 0xFF, 0x40, 0x00, 0xFF, 0x00, 0x00, 0xFF, 0x00, 0x00, 0xFF,
    0x00, 0x00, 0xFF, 0x00, 0x08, 0xFF, 0x20, 0x78, 0xFF, 0x00, 0xA0, 0xFF, 0x00, 0xA0, 0xFF, 0x00, 0xA0, 0xFF,
    0x00, 0xA0, 0xFF, 0x00, 0xA8, 0xFF, 0x00, 0xA8, 0xFF, 0x00, 0xA8, 0xFF, 0x00, 0xA8, 0xFF, 0x00, 0xA8, 0xFF,
    0x00, 0xA8, 0xFF, 0x00, 0xA8, 0xFF, 0x00, 0xA8, 0xFF, 0x00, 0xA8, 0xFF, 0x00, 0xB0, 0xFF, 0x00, 0xB0, 0xFF,
    0x00, 0xB0, 0xFF, 0x00, 0xB0, 0xFF, 0x00, 0xB0, 0xFF, 0x00, 0xB0, 0xFF, 0x00, 0xB0, 0xFF, 0x00, 0xB8, 0xFF,
    0x00, 0xB8, 0xFF, 0x00, 0xB8, 0xFF, 0x00, 0xB8, 0xFF, 0x00, 0xB8, 0xFF, 0x00, 0xB8, 0xFF, 0x00, 0xB8, 0xFF,
    0x00, 0xB8, 0xFF, 0x00, 0xC0, 0xFF, 0x00, 0xC0, 0xFF, 0x00, 0xC0, 0xFF, 0x00, 0xC0, 0xFF, 0x00, 0xC0, 0xFF,
    0x00, 0xC0, 0xFF, 0x00, 0xB8, 0xFF, 0x00, 0xB8, 0xFF, 0x00, 0xB8, 0xFF, 0x00, 0xB0, 0xFF, 0x00, 0xB0, 0xFF,
    0x00, 0xB0, 0xFF, 0x00, 0xA8, 0xFF, 0x00, 0xA8, 0xFF, 0x00, 0xA0, 0xFF, 0x00, 0xA0, 0xFF, 0x00, 0xA0, 0xFF,
    0x00, 0xA0, 0xFF, 0x21, 0x80, 0xFF, 0x00, 0x08, 0xFF, 0x00, 0x00, 0xFF, 0x00, 0x00, 0xFF, 0x00, 0x00, 0xFF,
    0x00, 0x00, 0xFF, 0x00, 0x00, 0xFF, 0x00, 0x00, 0xFF, 0x00, 0x00, 0xFF, 0x00, 0x00, 0xFF, 0x00, 0x00, 0xFF,
    0x00, 0x00, 0xFF, 0x20, 0x40, 0xFF, 0x20, 0xA0, 0xFF, 0x00, 0x98, 0xFF, 0x00, 0xA0, 0xFF, 0x00, 0xA0, 0xFF,
    0x00, 0xA0, 0xFF, 0x00, 0xA0, 0xFF, 0x00, 0xA0, 0xFF, 0x00, 0xA0, 0xFF, 0x00, 0xA0, 0xFF, 0x00, 0xA0, 0xFF,
    0x00, 0xA0, 0xFF, 0x00, 0xA0, 0xFF, 0x00, 0xA0, 0xFF, 0x00, 0xA0, 0xFF, 0x00, 0xA0, 0xFF, 0x00, 0xA0, 0xFF,
    0x00, 0x98, 0xFF, 0x00, 0xA0, 0xFF, 0x20, 0x78, 0xFF, 0x00, 0x08, 0xFF, 0x00, 0x00, 0xFF, 0x00, 0x00, 0xFF,
    0x00, 0x00, 0xFF, 0x00, 0x00, 0xFF, 0x00, 0x00, 0xFF, 0x00, 0x00, 0xFF, 0x00, 0x00, 0xFF, 0x00, 0x00, 0xFF,
    0x00, 0x00, 0xFF, 0x00, 0x00, 0xFF, 0x00, 0x00, 0xFF, 0x00, 0x00, 0xFF, 0x00, 0x00, 0xFF, 0x00, 0x00, 0xFF,
    0x00, 0x00, 0xFF, 0x00, 0x00, 0xFF, 0x00, 0x00, 0xFF, 0x00, 0x00, 0xFF, 0x00, 0x00, 0xFF, 0x00, 0x00, 0xFF,
    0x00, 0x00, 0xFF, 0x00, 0x00, 0xFF, 0x00, 0x00, 0xFF, 0x00, 0x00, 0xFF, 0x20, 0x50, 0xFF, 0x21, 0xB0, 0xFF,
    0x00, 0xC0, 0xFF, 0x00, 0xC0, 0xFF, 0x00, 0xB8, 0xFF, 0x00, 0xB8, 0xFF, 0x00, 0xB8, 0xFF, 0x00, 0xB8, 0xFF,
    0x00, 0xB8, 0xFF, 0x00, 0xB8, 0xFF, 0x00, 0xB8, 0xFF, 0x00, 0xB8, 0xFF, 0x00, 0xB0, 0xFF, 0x00, 0xB0, 0xFF,
    0x00, 0xB0, 0xFF, 0x00, 0xB0, 0xFF, 0x00, 0xB0, 0xFF, 0x00, 0xB0, 0xFF, 0x00, 0xB0, 0xFF, 0x00, 0xB0, 0xFF,
    0x00, 0xA8, 0xFF, 0x00, 0xA8, 0xFF, 0x00, 0xA8, 0xFF, 0x00, 0xA8, 0xFF, 0x00, 0xA8, 0xFF, 0x00, 0xA8, 0xFF,
    0x00, 0xA8, 0xFF, 0x00, 0xA8, 0xFF, 0x00, 0xA0, 0xFF, 0x00, 0xA0, 0xFF, 0x00, 0xA0, 0xFF, 0x00, 0xA0, 0xFF,
    0x00, 0xA0, 0xFF, 0x20, 0xA0, 0xFF, 0x20, 0x38, 0xFF, 0x00, 0x00, 0xFF, 0x00, 0x00, 0xFF, 0x00, 0x00, 0xFF,
    0x00, 0x00, 0xFF, 0x03, 0x09, 0xFF, 0xE5, 0x19, 0xFF, 0xC1, 0x00, 0xFF, 0x82, 0x00, 0xFF, 0xA2, 0x08, 0xFF,
    0xA2, 0x08, 0xFF, 0xA1, 0x00, 0xFF, 0xC2, 0x00, 0xFF, 0x42, 0x09, 0xFF, 0xA4, 0x2A, 0xFF, 0x04, 0x33, 0xFF,
    0xC2, 0x22, 0xFF, 0xE6, 0x4B, 0xFF, 0xC2, 0x22, 0xFF, 0x85, 0x33, 0xF8, 0x22, 0x12, 0xC4, 0xE4, 0x22, 0x41,
    0x84, 0x22, 0x41, 0x63, 0x1A, 0xC4, 0x43, 0x1A, 0xF8, 0x23, 0x1A, 0xFF, 0x23, 0x1A, 0xFF, 0x42, 0x1A, 0xFF,
    0xA4, 0x1A, 0xFF, 0x45, 0x2B, 0xFF, 0x45, 0x2B, 0xFF, 0x87, 0x2B, 0xFF, 0xE8, 0x33, 0xFF, 0x68, 0x33, 0xFF,
    0x22, 0x09, 0xFF, 0xA2, 0x00, 0xFF, 0x82, 0x00, 0xFF, 0x20, 0x00, 0xFF, 0x00, 0x00, 0xFF, 0x00, 0x00, 0xFF,
    0x00, 0x00, 0xFF, 0x00, 0x08, 0xFF, 0x20, 0x78, 0xFF, 0x00, 0xA0, 0xFF, 0x00, 0xA0, 0xFF, 0x00, 0xA0, 0xFF,
    0x00, 0xA0, 0xFF, 0x00, 0xA8, 0xFF, 0x00, 0xA8, 0xFF, 0x00, 0xA8, 0xFF, 0x00, 0xA8, 0xFF, 0x00, 0xA8, 0xFF,
    0x00, 0xA8, 0xFF, 0x00, 0xA8, 0xFF, 0x00, 0xA8, 0xFF, 0x00, 0xA8, 0xFF, 0x00, 0xB0, 0xFF, 0x00, 0xB0, 0xFF,
    0x00, 0xB0, 0xFF, 0x00, 0xB0, 0xFF, 0x00, 0xB0, 0xFF, 0x00, 0xB0, 0xFF, 0x00, 0xB0, 0xFF, 0x00, 0xB8, 0xFF,
    0x00, 0xB8, 0xFF, 0x00, 0xB8, 0xFF, 0x00, 0xB8, 0xFF, 0x00, 0xB8, 0xFF, 0x00, 0xB8, 0xFF, 0x00, 0xB8, 0xFF,
    0x00, 0xB8, 0xFF, 0x00, 0xC0, 0xFF, 0x00, 0xC0, 0xFF, 0x00, 0xC0, 0xFF, 0x00, 0xC0, 0xFF, 0x00, 0xC0, 0xFF,
    0x00, 0xC0, 0xFF, 0x00, 0xB8, 0xFF, 0x00, 0xB8, 0xFF, 0x00, 0xB8, 0xFF, 0x00, 0xB0, 0xFF, 0x00, 0xB0, 0xFF,
    0x00, 0xB0, 0xFF, 0x00, 0xA8, 0xFF, 0x00, 0xA8, 0xFF, 0x00, 0xA0, 0xFF, 0x00, 0xA0, 0xFF, 0x00, 0xA0, 0xFF,
    0x00, 0xA0, 0xFF, 0x21, 0x68, 0xFF, 0x00, 0x00, 0xFF, 0x00, 0x00, 0xFF, 0x00, 0x00, 0xFF, 0x00, 0x00, 0xFF,
    0x00, 0x00, 0xFF, 0x00, 0x00, 0xFF, 0x00, 0x00, 0xFF, 0x00, 0x00, 0xFF, 0x00, 0x00, 0xFF, 0x00, 0x00, 0xFF,
    0x00, 0x00, 0xFF, 0x41, 0x58, 0xFF, 0x00, 0xA0, 0xFF, 0x00, 0x98, 0xFF, 0x00, 0xA0, 0xFF, 0x00, 0xA0, 0xFF,
    0x00, 0xA0, 0xFF, 0x00, 0xA0, 0xFF, 0x00, 0xA0, 0xFF, 0x00, 0xA0, 0xFF, 0x00, 0xA0, 0xFF, 0x00, 0xA0, 0xFF,
    0x00, 0xA0, 0xFF, 0x00, 0xA0, 0xFF, 0x00, 0xA0, 0xFF, 0x00, 0xA0, 0xFF, 0x00, 0xA0, 0xFF, 0x00, 0xA0, 0xFF,
    0x00, 0x98, 0xFF, 0x00, 0xA0, 0xFF, 0x21, 0x88, 0xFF, 0x00, 0x18, 0xFF, 0x00, 0x00, 0xFF, 0x00, 0x00, 0xFF,
    0x00, 0x00, 0xFF, 0x00, 0x00, 0xFF, 0x00, 0x00, 0xFF, 0x00, 0x00, 0xFF, 0x00, 0x00, 0xFF, 0x00, 0x00, 0xFF,
    0x00, 0x00, 0xFF, 0x00, 0x00, 0xFF, 0x00, 0x00, 0xFF, 0x00, 0x00, 0xFF, 0x00, 0x00, 0xFF, 0x00, 0x00, 0xFF,
    0x00, 0x00, 0xFF, 0x00, 0x00, 0xFF, 0x00, 0x00, 0xFF, 0x00, 0x00, 0xFF, 0x00, 0x00, 0xFF, 0x00, 0x00, 0xFF,
    0x00, 0x00, 0xFF, 0x00, 0x00, 0xFF, 0x00, 0x00, 0xFF, 0x00, 0x00, 0xFF, 0x00, 0x00, 0xFF, 0x20, 0x38, 0xFF,
    0x41, 0xA0, 0xFF, 0x00, 0xC0, 0xFF, 0x00, 0xB8, 0xFF, 0x00, 0xB8, 0xFF, 0x00, 0xB8, 0xFF, 0x00, 0xB8, 0xFF,
    0x00, 0xB8, 0xFF, 0x00, 0xB8, 0xFF, 0x00, 0xB8, 0xFF, 0x00, 0xB8, 0xFF, 0x00, 0xB0, 0xFF, 0x00, 0xB0, 0xFF,
    0x00, 0xB0, 0xFF, 0x00, 0xB0, 0xFF, 0x00, 0xB0, 0xFF, 0x00, 0xB0, 0xFF, 0x00, 0xB0, 0xFF, 0x00, 0xB0, 0xFF,
    0x00, 0xA8, 0xFF, 0x00, 0xA8, 0xFF, 0x00, 0xA8, 0xFF, 0x00, 0xA8, 0xFF, 0x00, 0xA8, 0xFF, 0x00, 0xA8, 0xFF,
    0x00, 0xA8, 0xFF, 0x00, 0xA8, 0xFF, 0x00, 0xA0, 0xFF, 0x00, 0xA0, 0xFF, 0x00, 0xA0, 0xFF, 0x00, 0xA0, 0xFF,
    0x00, 0xA0, 0xFF, 0x20, 0xA0, 0xFF, 0x20, 0x38, 0xFF, 0x00, 0x00, 0xFF, 0x00, 0x00, 0xFF, 0x00, 0x00, 0xFF,
    0x40, 0x00, 0xFF, 0xA3, 0x11, 0xFF, 0x04, 0x1A, 0xFF, 0x84, 0x11, 0xFF, 0x82, 0x00, 0xFF, 0x62, 0x00, 0xFF,
    0x81, 0x00, 0xFF, 0x82, 0x00, 0xFF, 0x82, 0x00, 0xFF, 0x61, 0x00, 0xFF, 0x42, 0x11, 0xFF, 0x25, 0x33, 0xFF,
    0xC1, 0x22, 0xFF, 0xE5, 0x43, 0xFF, 0x44, 0x33, 0xFF, 0xE3, 0x22, 0xF8, 0x83, 0x22, 0xC4, 0x63, 0x1A, 0x41,
    0xC4, 0x22, 0x41, 0x84, 0x1A, 0xC4, 0x43, 0x1A, 0xF8, 0x43, 0x1A, 0xFF, 0x42, 0x1A, 0xFF, 0x42, 0x1A, 0xFF,
    0x62, 0x1A, 0xFF, 0xC4, 0x22, 0xFF, 0x66, 0x33, 0xFF, 0x86, 0x2B, 0xFF, 0x08, 0x3C, 0xFF, 0xA6, 0x22, 0xFF,
    0x61, 0x00, 0xFF, 0x82, 0x08, 0xFF, 0x82, 0x00, 0xFF, 0x21, 0x00, 0xFF, 0x00, 0x00, 0xFF, 0x00, 0x00, 0xFF,
    0x00, 0x00, 0xFF, 0x00, 0x08, 0xFF, 0x21, 0x78, 0xFF, 0x00, 0xA0, 0xFF, 0x00, 0xA0, 0xFF, 0x00, 0xA0, 0xFF,
    0x00, 0xA0, 0xFF, 0x00, 0xA8, 0xFF, 0x00, 0xA8, 0xFF, 0x00, 0xA8, 0xFF, 0x00, 0xA8, 0xFF, 0x00, 0xA8, 0xFF,
    0x00, 0xA8, 0xFF, 0x00, 0xA8, 0xFF, 0x00, 0xA8, 0xFF, 0x00, 0xA8, 0xFF, 0x00, 0xB0, 0xFF, 0x00, 0xB0, 0xFF,
    0x00, 0xB0, 0xFF, 0x00, 0xB0, 0xFF, 0x00, 0xB0, 0xFF, 0x00, 0xB0, 0xFF, 0x00, 0xB0, 0xFF, 0x00, 0xB8, 0xFF,
    0x00, 0xB8, 0xFF, 0x00, 0xB8, 0xFF, 0x00, 0xB8, 0xFF, 0x00, 0xB8, 0xFF, 0x00, 0xB8, 0xFF, 0x00, 0xB8, 0xFF,
    0x00, 0xB8, 0xFF, 0x00, 0xC0, 0xFF, 0x00, 0xC0, 0xFF, 0x00, 0xC0, 0xFF, 0x00, 0xC0, 0xFF, 0x00, 0xC0, 0xFF,
    0x00, 0xC0, 0xFF, 0x00, 0xB8, 0xFF, 0x00, 0xB8, 0xFF, 0x00, 0xB8, 0xFF, 0x00, 0xB0, 0xFF, 0x00, 0xB0, 0xFF,
    0x00, 0xB0, 0xFF, 0x00, 0xA8, 0xFF, 0x00, 0xA8, 0xFF, 0x00, 0xA0, 0xFF, 0x00, 0xA0, 0xFF, 0x00, 0xA0, 0xFF,
    0x00, 0xA0, 0xFF, 0x40, 0x48, 0xFF, 0x00, 0x00, 0xFF, 0x00, 0x00, 0xFF, 0x00, 0x00, 0xFF, 0x00, 0x00, 0xFF,
    0x00, 0x00, 0xFF, 0x00, 0x00, 0xFF, 0x00, 0x00, 0xFF, 0x00, 0x00, 0xFF, 0x00, 0x00, 0xFF, 0x00, 0x00, 0xFF,
    0x00, 0x00, 0xFF, 0x21, 0x60, 0xFF, 0x00, 0xA0, 0xFF, 0x00, 0x98, 0xFF, 0x00, 0xA0, 0xFF, 0x00, 0xA0, 0xFF,
    0x00, 0xA0, 0xFF, 0x00, 0xA0, 0xFF, 0x00, 0xA0, 0xFF, 0x00, 0xA0, 0xFF, 0x00, 0xA0, 0xFF, 0x00, 0xA0, 0xFF,
    0x00, 0xA0, 0xFF, 0x00, 0xA0, 0xFF, 0x00, 0xA0, 0xFF, 0x00, 0xA0, 0xFF, 0x00, 0xA0, 0xFF, 0x00, 0xA0, 0xFF,
    0x00, 0xA0, 0xFF, 0x00, 0xA0, 0xFF, 0x21, 0x88, 0xFF, 0x00, 0x20, 0xFF, 0x00, 0x00, 0xFF, 0x00, 0x00, 0xFF,
    0x00, 0x00, 0xFF, 0x00, 0x00, 0xFF, 0x00, 0x00, 0xFF, 0x00, 0x00, 0xFF, 0x00, 0x00, 0xFF, 0x00, 0x00, 0xFF,
    0x00, 0x00, 0xFF, 0x00, 0x00, 0xFF, 0x00, 0x00, 0xFF, 0x00, 0x00, 0xFF, 0x00, 0x00, 0xFF, 0x00, 0x00, 0xFF,
    0x00, 0x00, 0xFF, 0x00, 0x00, 0xFF, 0x00, 0x00, 0xFF, 0x00, 0x00, 0xFF, 0x00, 0x00, 0xFF, 0x00, 0x00, 0xFF,
    0x00, 0x00, 0xFF, 0x00, 0x00, 0xFF, 0x00, 0x00, 0xFF, 0x00, 0x00, 0xFF, 0x00, 0x00, 0xFF, 0x00, 0x00, 0xFF,
    0x20, 0x28, 0xFF, 0x41, 0x98, 0xFF, 0x00, 0xC0, 0xFF, 0x00, 0xB8, 0xFF, 0x00, 0xB8, 0xFF, 0x00, 0xB8, 0xFF,
    0x00, 0xB8, 0xFF, 0x00, 0xB8, 0xFF, 0x00, 0xB8, 0xFF, 0x00, 0xB8, 0xFF, 0x00, 0xB0, 0xFF, 0x00, 0xB0, 0xFF,
    0x00, 0xB0, 0xFF, 0x00, 0xB0, 0xFF, 0x00, 0xB0, 0xFF, 0x00, 0xB0, 0xFF, 0x00, 0xB0, 0xFF, 0x00, 0xB0, 0xFF,
    0x00, 0xA8, 0xFF, 0x00, 0xA8, 0xFF, 0x00, 0xA8, 0xFF, 0x00, 0xA8, 0xFF, 0x00, 0xA8, 0xFF, 0x00, 0xA8, 0xFF,
    0x00, 0xA8, 0xFF, 0x00, 0xA8, 0xFF, 0x00, 0xA0, 0xFF, 0x00, 0xA0, 0xFF, 0x00, 0xA0, 0xFF, 0x00, 0xA0, 0xFF,
    0x00, 0xA0, 0xFF, 0x20, 0xA0, 0xFF, 0x20, 0x38, 0xFF, 0x00, 0x00, 0xFF, 0x00, 0x00, 0xFF, 0x00, 0x00, 0xFF,
    0x60, 0x00, 0xFF, 0x66, 0x2A, 0xFF, 0x22, 0x09, 0xFF, 0x23, 0x11, 0xFF, 0xA2, 0x00, 0xFF, 0x61, 0x00, 0xFF,
    0x41, 0x00, 0xFF, 0x61, 0x00, 0xFF, 0x62, 0x00, 0xFF, 0x62, 0x08, 0xFF, 0x41, 0x00, 0xFF, 0xA2, 0x11, 0xFF,
    0x64, 0x3B, 0xFF, 0xE5, 0x4B, 0xFF, 0x28, 0x54, 0xFF, 0x83, 0x1A, 0xF8, 0xE5, 0x2A, 0xC4, 0x22, 0x1A, 0x41,
    0x46, 0x2B, 0x41, 0x05, 0x2B, 0xC4, 0x83, 0x1A, 0xF8, 0x63, 0x1A, 0xFF, 0x63, 0x1A, 0xFF, 0x42, 0x1A, 0xFF,
    0x63, 0x22, 0xFF, 0x42, 0x1A, 0xFF, 0xC4, 0x22, 0xFF, 0xA6, 0x33, 0xFF, 0xE8, 0x3B, 0xFF, 0xE4, 0x19, 0xFF,
    0x61, 0x00, 0xFF, 0x82, 0x08, 0xFF, 0xA2, 0x00, 0xFF, 0x41, 0x00, 0xFF, 0x00, 0x00, 0xFF, 0x00, 0x00, 0xFF,
    0x00, 0x00, 0xFF, 0x00, 0x08, 0xFF, 0x21, 0x78, 0xFF, 0x00, 0xA0, 0xFF, 0x00, 0xA0, 0xFF, 0x00, 0xA0, 0xFF,
    0x00, 0xA0, 0xFF, 0x00, 0xA8, 0xFF, 0x00, 0xA8, 0xFF, 0x00, 0xA8, 0xFF, 0x00, 0xA8, 0xFF, 0x00, 0xA8, 0xFF,
    0x00, 0xA8, 0xFF, 0x00, 0xA8, 0xFF, 0x00, 0xA8, 0xFF, 0x00, 0xA8, 0xFF, 0x00, 0xB0, 0xFF, 0x00, 0xB0, 0xFF,
    0x00, 0xB0, 0xFF, 0x00, 0xB0, 0xFF, 0x00, 0xB0, 0xFF, 0x00, 0xB0, 0xFF, 0x00, 0xB0, 0xFF, 0x00, 0xB8, 0xFF,
    0x00, 0xB8, 0xFF, 0x00, 0xB8, 0xFF, 0x00, 0xB8, 0xFF, 0x00, 0xB8, 0xFF, 0x00, 0xB8, 0xFF, 0x00, 0xB8, 0xFF,
    0x00, 0xB8, 0xFF, 0x00, 0xC0, 0xFF, 0x00, 0xC0, 0xFF, 0x00, 0xC0, 0xFF, 0x00, 0xC0, 0xFF, 0x00, 0xC0, 0xFF,
    0x00, 0xC0, 0xFF, 0x00, 0xB8, 0xFF, 0x00, 0xB8, 0xFF, 0x00, 0xB8, 0xFF, 0x00, 0xB0, 0xFF, 0x00, 0xB0, 0xFF,
    0x00, 0xB0, 0xFF, 0x00, 0xA8, 0xFF, 0x00, 0xA8, 0xFF, 0x00, 0xA0, 0xFF, 0x00, 0xA0, 0xFF, 0x00, 0xA0, 0xFF,
    0x20, 0x98, 0xFF, 0x20, 0x30, 0xFF, 0x00, 0x00, 0xFF, 0x00, 0x00, 0xFF, 0x00, 0x00, 0xFF, 0x00, 0x00, 0xFF,
    0x00, 0x00, 0xFF, 0x00, 0x00, 0xFF, 0x00, 0x00, 0xFF, 0x00, 0x00, 0xFF, 0x00, 0x00, 0xFF, 0x00, 0x00, 0xFF,
    0x00, 0x00, 0xFF, 0x20, 0x60, 0xFF, 0x00, 0xA0, 0xFF, 0x00, 0x98, 0xFF, 0x00, 0xA0, 0xFF, 0x00, 0x98, 0xFF,
    0x00, 0xA0, 0xFF, 0x00, 0xA0, 0xFF, 0x00, 0xA0, 0xFF, 0x00, 0xA0, 0xFF, 0x00, 0xA0, 0xFF, 0x00, 0xA0, 0xFF,
    0x00, 0xA0, 0xFF, 0x00, 0xA0, 0xFF, 0x00, 0xA0, 0xFF, 0x00, 0xA0, 0xFF, 0x00, 0xA0, 0xFF, 0x00, 0xA0, 0xFF,
    0x00, 0xA0, 0xFF, 0x00, 0xA0, 0xFF, 0x41, 0x88, 0xFF, 0x00, 0x18, 0xFF, 0x00, 0x00, 0xFF, 0x00, 0x00, 0xFF,
    0x00, 0x00, 0xFF, 0x00, 0x00, 0xFF, 0x00, 0x00, 0xFF, 0x00, 0x00, 0xFF, 0x00, 0x00, 0xFF, 0x00, 0x00, 0xFF,
    0x00, 0x00, 0xFF, 0x00, 0x00, 0xFF, 0x00, 0x00, 0xFF, 0x00, 0x00, 0xFF, 0x00, 0x00, 0xFF, 0x00, 0x00, 0xFF,
    0x00, 0x00, 0xFF, 0x00, 0x00, 0xFF, 0x00, 0x00, 0xFF, 0x00, 0x00, 0xFF, 0x00, 0x00, 0xFF, 0x00, 0x00, 0xFF,
    0x00, 0x00, 0xFF, 0x00, 0x00, 0xFF, 0x00, 0x00, 0xFF, 0x00, 0x00, 0xFF, 0x00, 0x00, 0xFF, 0x00, 0x00, 0xFF,
    0x00, 0x00, 0xFF, 0x00, 0x18, 0xFF, 0x41, 0x88, 0xFF, 0x00, 0xC0, 0xFF, 0x00, 0xB8, 0xFF, 0x00, 0xB8, 0xFF,
    0x00, 0xB8, 0xFF, 0x00, 0xB8, 0xFF, 0x00, 0xB8, 0xFF, 0x00, 0xB8, 0xFF, 0x00, 0xB0, 0xFF, 0x00, 0xB0, 0xFF,
    0x00, 0xB0, 0xFF, 0x00, 0xB0, 0xFF, 0x00, 0xB0, 0xFF, 0x00, 0xB0, 0xFF, 0x00, 0xB0, 0xFF, 0x00, 0xB0, 0xFF,
    0x00, 0xA8, 0xFF, 0x00, 0xA8, 0xFF, 0x00, 0xA8, 0xFF, 0x00, 0xA8, 0xFF, 0x00, 0xA8, 0xFF, 0x00, 0xA8, 0xFF,
    0x00, 0xA8, 0xFF, 0x00, 0xA8, 0xFF, 0x00, 0xA0, 0xFF, 0x00, 0xA0, 0xFF, 0x00, 0xA0, 0xFF, 0x00, 0xA0, 0xFF,
    0x00, 0xA0, 0xFF, 0x20, 0xA0, 0xFF, 0x20, 0x38, 0xFF, 0x00, 0x00, 0xFF, 0x00, 0x00, 0xFF, 0x00, 0x00, 0xFF,
    0x20, 0x00, 0xFF, 0x23, 0x09, 0xFF, 0x02, 0x09, 0xFF, 0x43, 0x11, 0xFF, 0x84, 0x11, 0xFF, 0x23, 0x09, 0xFF,
    0x41, 0x00, 0xFF, 0x41, 0x00, 0xFF, 0x41, 0x00, 0xFF, 0x61, 0x00, 0xFF, 0x62, 0x00, 0xFF, 0x61, 0x00, 0xFF,
    0xA2, 0x19, 0xFF, 0x65, 0x3B, 0xFF, 0xCA, 0x6C, 0xFF, 0xA4, 0x1A, 0xF8, 0x87, 0x3B, 0xC4, 0x42, 0x1A, 0x41,
    0x45, 0x22, 0x41, 0x87, 0x3B, 0xC4, 0x66, 0x33, 0xF8, 0x25, 0x2B, 0xFF, 0x25, 0x2B, 0xFF, 0xE4, 0x2A, 0xFF,
    0x83, 0x22, 0xFF, 0x83, 0x22, 0xFF, 0x42, 0x1A, 0xFF, 0x24, 0x2B, 0xFF, 0xA8, 0x3B, 0xFF, 0x02, 0x09, 0xFF,
    0x82, 0x00, 0xFF, 0x82, 0x08, 0xFF, 0xA2, 0x00, 0xFF, 0x60, 0x00, 0xFF, 0x00, 0x00, 0xFF, 0x00, 0x00, 0xFF,
    0x00, 0x00, 0xFF, 0x00, 0x08, 0xFF, 0x20, 0x78, 0xFF, 0x00, 0xA8, 0xFF, 0x00, 0xA0, 0xFF, 0x00, 0xA0, 0xFF,
    0x00, 0xA0, 0xFF, 0x00, 0xA0, 0xFF, 0x00, 0xA8, 0xFF, 0x00, 0xA8, 0xFF, 0x00, 0xA8, 0xFF, 0x00, 0xA8, 0xFF,
    0x00, 0xA8, 0xFF, 0x00, 0xA8, 0xFF, 0x00, 0xA8, 0xFF, 0x00, 0xA8, 0xFF, 0x00, 0xB0, 0xFF, 0x00, 0xB0, 0xFF,
    0x00, 0xB0, 0xFF, 0x00, 0xB0, 0xFF, 0x00, 0xB0, 0xFF, 0x00, 0xB0, 0xFF, 0x00, 0xB0, 0xFF, 0x00, 0xB8, 0xFF,
    0x00, 0xB8, 0xFF, 0x00, 0xB8, 0xFF, 0x00, 0xB8, 0xFF, 0x00, 0xB8, 0xFF, 0x00, 0xB8, 0xFF, 0x00, 0xB8, 0xFF,
    0x00, 0xB8, 0xFF, 0x00, 0xB8, 0xFF, 0x00, 0xB8, 0xFF, 0x00, 0xC0, 0xFF, 0x00, 0xC0, 0xFF, 0x00, 0xC0, 0xFF,
    0x00, 0xC0, 0xFF, 0x00, 0xB8, 0xFF, 0x00, 0xB8, 0xFF, 0x00, 0xB8, 0xFF, 0x00, 0xB0, 0xFF, 0x00, 0xB0, 0xFF,
    0x00, 0xB0, 0xFF, 0x00, 0xA8, 0xFF, 0x00, 0xA8, 0xFF, 0x00, 0xA8, 0xFF, 0x00, 0xA0, 0xFF, 0x00, 0xA0, 0xFF,
    0x20, 0x90, 0xFF, 0x00, 0x20, 0xFF, 0x00, 0x00, 0xFF, 0x00, 0x00, 0xFF, 0x00, 0x00, 0xFF, 0x00, 0x00, 0xFF,
    0x00, 0x00, 0xFF, 0x00, 0x00, 0xFF, 0x00, 0x00, 0xFF, 0x00, 0x00, 0xFF, 0x00, 0x00, 0xFF, 0x00, 0x00, 0xFF,
    0x00, 0x00, 0xFF, 0x20, 0x40, 0xFF, 0x00, 0xA0, 0xFF, 0x00, 0x98, 0xFF, 0x00, 0x98, 0xFF, 0x00, 0xA0, 0xFF,
    0x00, 0xA0, 0xFF, 0x00, 0xA0, 0xFF, 0x00, 0xA0, 0xFF, 0x00, 0xA0, 0xFF, 0x00, 0xA0, 0xFF, 0x00, 0xA0, 0xFF,
    0x00, 0xA0, 0xFF, 0x00, 0xA0, 0xFF, 0x00, 0xA0, 0xFF, 0x00, 0xA0, 0xFF, 0x00, 0xA0, 0xFF, 0x00, 0xA0, 0xFF,
    0x00, 0xA0, 0xFF, 0x00, 0xA8, 0xFF, 0x40, 0x78, 0xFF, 0x00, 0x10, 0xFF, 0x00, 0x00, 0xFF, 0x00, 0x00, 0xFF,
    0x00, 0x00, 0xFF, 0x00, 0x00, 0xFF, 0x00, 0x00, 0xFF, 0x00, 0x00, 0xFF, 0x00, 0x00, 0xFF, 0x00, 0x00, 0xFF,
    0x00, 0x00, 0xFF, 0x00, 0x00, 0xFF, 0x00, 0x00, 0xFF, 0x00, 0x00, 0xFF, 0x00, 0x00, 0xFF, 0x00, 0x00, 0xFF,
    0x00, 0x00, 0xFF, 0x00, 0x00, 0xFF, 0x00, 0x00, 0xFF, 0x00, 0x00, 0xFF, 0x00, 0x00, 0xFF, 0x00, 0x00, 0xFF,
    0x00, 0x00, 0xFF, 0x00, 0x00, 0xFF, 0x00, 0x00, 0xFF, 0x00, 0x00, 0xFF, 0x00, 0x00, 0xFF, 0x00, 0x00, 0xFF,
    0x00, 0x00, 0xFF, 0x00, 0x00, 0xFF, 0x00, 0x20, 0xFF, 0x41, 0x80, 0xFF, 0x20, 0xB8, 0xFF, 0x00, 0xB8, 0xFF,
    0x00, 0xB8, 0xFF, 0x00, 0xB8, 0xFF, 0x00, 0xB8, 0xFF, 0x00, 0xB8, 0xFF, 0x00, 0xB8, 0xFF, 0x00, 0xB0, 0xFF,
    0x00, 0xB0, 0xFF, 0x00, 0xB0, 0xFF, 0x00, 0xB0, 0xFF, 0x00, 0xB0, 0xFF, 0x00, 0xB0, 0xFF, 0x00, 0xB0, 0xFF,
    0x00, 0xA8, 0xFF, 0x00, 0xA8, 0xFF, 0x00, 0xA8, 0xFF, 0x00, 0xA8, 0xFF, 0x00, 0xA8, 0xFF, 0x00, 0xA8, 0xFF,
    0x00, 0xA8, 0xFF, 0x00, 0xA8, 0xFF, 0x00, 0xA8, 0xFF, 0x00, 0xA0, 0xFF, 0x00, 0xA0, 0xFF, 0x00, 0xA0, 0xFF,
    0x00, 0xA0, 0xFF, 0x20, 0xA0, 0xFF, 0x20, 0x38, 0xFF, 0x00, 0x00, 0xFF, 0x00, 0x00, 0xFF, 0x00, 0x00, 0xFF,
    0x20, 0x00, 0xFF, 0x03, 0x11, 0xFF, 0x03, 0x01, 0xFF, 0x07, 0x1A, 0xFF, 0x27, 0x1A, 0xFF, 0xE6, 0x19, 0xFF,
    0x65, 0x11, 0xFF, 0x61, 0x00, 0xFF, 0x43, 0x11, 0xFF, 0xE2, 0x08, 0xFF, 0xC2, 0x08, 0xFF, 0xA2, 0x08, 0xFF,
    0x60, 0x00, 0xFF, 0x05, 0x3B, 0xFF, 0xE8, 0x53, 0xFF, 0xE3, 0x11, 0xF8, 0x27, 0x33, 0xC4, 0xA4, 0x22, 0x41,
    0xA1, 0x08, 0x41, 0xA3, 0x19, 0xC4, 0xC6, 0x32, 0xF8, 0xE5, 0x32, 0xFF, 0x26, 0x2B, 0xFF, 0x46, 0x33, 0xFF,
    0xA6, 0x3B, 0xFF, 0x65, 0x33, 0xFF, 0x24, 0x2B, 0xFF, 0xE3, 0x22, 0xFF, 0x25, 0x2B, 0xFF, 0x82, 0x11, 0xFF,
    0x02, 0x09, 0xFF, 0x61, 0x00, 0xFF, 0x62, 0x00, 0xFF, 0x41, 0x00, 0xFF, 0x00, 0x00, 0xFF, 0x00, 0x00, 0xFF,
    0x00, 0x00, 0xFF, 0x00, 0x08, 0xFF, 0x20, 0x78, 0xFF, 0x00, 0xA8, 0xFF, 0x00, 0xA0, 0xFF, 0x00, 0xA0, 0xFF,
    0x00, 0xA0, 0xFF, 0x00, 0xA0, 0xFF, 0x00, 0xA8, 0xFF, 0x00, 0xA8, 0xFF, 0x00, 0xA8, 0xFF, 0x00, 0xA8, 0xFF,
    0x00, 0xA8, 0xFF, 0x00, 0xA8, 0xFF, 0x00, 0xA8, 0xFF, 0x00, 0xA8, 0xFF, 0x00, 0xB0, 0xFF, 0x00, 0xB0, 0xFF,
    0x00, 0xB0, 0xFF, 0x00, 0xB0, 0xFF, 0x00, 0xB0, 0xFF, 0x00, 0xB0, 0xFF, 0x00, 0xB0, 0xFF, 0x00, 0xB8, 0xFF,
    0x00, 0xB8, 0xFF, 0x00, 0xB8, 0xFF, 0x00, 0xB8, 0xFF, 0x00, 0xB8, 0xFF, 0x00, 0xB8, 0xFF, 0x00, 0xB8, 0xFF,
    0x00, 0xB8, 0xFF, 0x00, 0xB8, 0xFF, 0x00, 0xB8, 0xFF, 0x00, 0xC0, 0xFF, 0x00, 0xC0, 0xFF, 0x00, 0xC0, 0xFF,
    0x00, 0xC0, 0xFF, 0x00, 0xB8, 0xFF, 0x00, 0xB8, 0xFF, 0x00, 0xB8, 0xFF, 0x00, 0xB0, 0xFF, 0x00, 0xB0, 0xFF,
    0x00, 0xB0, 0xFF, 0x00, 0xA8, 0xFF, 0x00, 0xA8, 0xFF, 0x00, 0xA8, 0xFF, 0x00, 0xA0, 0xFF, 0x00, 0xA8, 0xFF,
    0x20, 0x78, 0xFF, 0x00, 0x08, 0xFF, 0x00, 0x00, 0xFF, 0x00, 0x00, 0xFF, 0x00, 0x00, 0xFF, 0x00, 0x00, 0xFF,
    0x00, 0x00, 0xFF, 0x00, 0x00, 0xFF, 0x00, 0x00, 0xFF, 0x00, 0x00, 0xFF, 0x00, 0x00, 0xFF, 0x00, 0x00, 0xFF,
    0x00, 0x00, 0xFF, 0x00, 0x28, 0xFF, 0x20, 0x98, 0xFF, 0x00, 0x98, 0xFF, 0x00, 0x98, 0xFF, 0x00, 0xA0, 0xFF,
    0x00, 0xA0, 0xFF, 0x00, 0xA0, 0xFF, 0x00, 0xA0, 0xFF, 0x00, 0xA0, 0xFF, 0x00, 0xA0, 0xFF, 0x00, 0xA0, 0xFF,
    0x00, 0xA0, 0xFF, 0x00, 0xA0, 0xFF, 0x00, 0xA0, 0xFF, 0x00, 0x98, 0xFF, 0x00, 0x98, 0xFF, 0x00, 0xA0, 0xFF,
    0x00, 0x98, 0xFF, 0x00, 0xA0, 0xFF, 0x20, 0x60, 0xFF, 0x00, 0x00, 0xFF, 0x00, 0x00, 0xFF, 0x00, 0x00, 0xFF,
    0x00, 0x00, 0xFF, 0x00, 0x00, 0xFF, 0x00, 0x00, 0xFF, 0x00, 0x00, 0xFF, 0x00, 0x00, 0xFF, 0x00, 0x00, 0xFF,
    0x00, 0x00, 0xFF, 0x00, 0x00, 0xFF, 0x00, 0x00, 0xFF, 0x00, 0x00, 0xFF, 0x00, 0x00, 0xFF, 0x00, 0x00, 0xFF,
    0x00, 0x00, 0xFF, 0x00, 0x00, 0xFF, 0x00, 0x00, 0xFF, 0x00, 0x00, 0xFF, 0x00, 0x00, 0xFF, 0x00, 0x00, 0xFF,
    0x00, 0x00, 0xFF, 0x00, 0x00, 0xFF, 0x00, 0x00, 0xFF, 0x00, 0x00, 0xFF, 0x00, 0x00, 0xFF, 0x00, 0x00, 0xFF,
    0x00, 0x00, 0xFF, 0x00, 0x00, 0xFF, 0x00, 0x00, 0xFF, 0x00, 0x18, 0xFF, 0x21, 0x88, 0xFF, 0x40, 0xB0, 0xFF,
    0x00, 0xC0, 0xFF, 0x00, 0xB8, 0xFF, 0x00, 0xB0, 0xFF, 0x00, 0xB8, 0xFF, 0x00, 0xB8, 0xFF, 0x00, 0xB0, 0xFF,
    0x00, 0xB0, 0xFF, 0x00, 0xB0, 0xFF, 0x00, 0xB0, 0xFF, 0x00, 0xB0, 0xFF, 0x00, 0xB0, 0xFF, 0x00, 0xB0, 0xFF,
    0x00, 0xA8, 0xFF, 0x00, 0xA8, 0xFF, 0x00, 0xA8, 0xFF, 0x00, 0xA8, 0xFF, 0x00, 0xA8, 0xFF, 0x00, 0xA8, 0xFF,
    0x00, 0xA8, 0xFF, 0x00, 0xA8, 0xFF, 0x00, 0xA8, 0xFF, 0x00, 0xA0, 0xFF, 0x00, 0xA0, 0xFF, 0x00, 0xA0, 0xFF,
    0x00, 0xA0, 0xFF, 0x21, 0xA0, 0xFF, 0x20, 0x30, 0xFF, 0x00, 0x00, 0xFF, 0x00, 0x00, 0xFF, 0x00, 0x00, 0xFF,
    0x20, 0x00, 0xFF, 0xC2, 0x08, 0xFF, 0x64, 0x11, 0xFF, 0xE6, 0x19, 0xFF, 0x85, 0x09, 0xFF, 0x85, 0x09, 0xFF,
    0x47, 0x22, 0xFF, 0xA4, 0x09, 0xFF, 0x8A, 0x4B, 0xFF, 0xCA, 0x53, 0xFF, 0x22, 0x09, 0xFF, 0x03, 0x09, 0xFF,
    0xE2, 0x08, 0xFF, 0x48, 0x43, 0xFF, 0x86, 0x22, 0xFF, 0xA5, 0x11, 0xF8, 0xC4, 0x11, 0xC4, 0x24, 0x1A, 0x41,
    0xA2, 0x00, 0x41, 0x81, 0x00, 0xC4, 0x47, 0x42, 0xF8, 0xE4, 0x29, 0xFF, 0xE4, 0x19, 0xFF, 0x61, 0x09, 0xFF,
    0xE3, 0x11, 0xFF, 0xA4, 0x22, 0xFF, 0x66, 0x3B, 0xFF, 0x28, 0x4C, 0xFF, 0xA7, 0x3B, 0xFF, 0xC3, 0x11, 0xFF,
    0x04, 0x1A, 0xFF, 0xC4, 0x19, 0xFF, 0x23, 0x09, 0xFF, 0x40, 0x00, 0xFF, 0x00, 0x00, 0xFF, 0x00, 0x00, 0xFF,
    0x00, 0x00, 0xFF, 0x00, 0x00, 0xFF, 0x40, 0x70, 0xFF, 0x00, 0xA8, 0xFF, 0x00, 0xA0, 0xFF, 0x00, 0xA0, 0xFF,
    0x00, 0xA0, 0xFF, 0x00, 0xA0, 0xFF, 0x00, 0xA8, 0xFF, 0x00, 0xA8, 0xFF, 0x00, 0xA8, 0xFF, 0x00, 0xA8, 0xFF,
    0x00, 0xA8, 0xFF, 0x00, 0xA8, 0xFF, 0x00, 0xA8, 0xFF, 0x00, 0xA8, 0xFF, 0x00, 0xB0, 0xFF, 0x00, 0xB0, 0xFF,
    0x00, 0xB0, 0xFF, 0x00, 0xB0, 0xFF, 0x00, 0xB0, 0xFF, 0x00, 0xB0, 0xFF, 0x00, 0xB0, 0xFF, 0x00, 0xB8, 0xFF,
    0x00, 0xB8, 0xFF, 0x00, 0xB8, 0xFF, 0x00, 0xB8, 0xFF, 0x00, 0xB8, 0xFF, 0x00, 0xB8, 0xFF, 0x00, 0xB8, 0xFF,
    0x00, 0xB8, 0xFF, 0x00, 0xB8, 0xFF, 0x00, 0xB8, 0xFF, 0x00, 0xC0, 0xFF, 0x00, 0xC0, 0xFF, 0x00, 0xC0, 0xFF,
    0x00, 0xC0, 0xFF, 0x00, 0xB8, 0xFF, 0x00, 0xB8, 0xFF, 0x00, 0xB8, 0xFF, 0x00, 0xB0, 0xFF, 0x00, 0xB0, 0xFF,
    0x00, 0xB0, 0xFF, 0x00, 0xA8, 0xFF, 0x00, 0xA8, 0xFF, 0x00, 0xA0, 0xFF, 0x00, 0xA8, 0xFF, 0x20, 0xA0, 0xFF,
    0x20, 0x48, 0xFF, 0x00, 0x00, 0xFF, 0x00, 0x00, 0xFF, 0x00, 0x00, 0xFF, 0x00, 0x00, 0xFF, 0x00, 0x00, 0xFF,
    0x00, 0x00, 0xFF, 0x00, 0x00, 0xFF, 0x00, 0x00, 0xFF, 0x00, 0x00, 0xFF, 0x00, 0x00, 0xFF, 0x00, 0x00, 0xFF,
    0x00, 0x00, 0xFF, 0x00, 0x10, 0xFF, 0x21, 0x78, 0xFF, 0x00, 0xA8, 0xFF, 0x00, 0xA0, 0xFF, 0x00, 0xA0, 0xFF,
    0x00, 0xA0, 0xFF, 0x00, 0xA0, 0xFF, 0x00, 0xA0, 0xFF, 0x00, 0xA0, 0xFF, 0x00, 0xA0, 0xFF, 0x00, 0xA0, 0xFF,
    0x00, 0xA0, 0xFF, 0x00, 0xA0, 0xFF, 0x00, 0xA0, 0xFF, 0x00, 0x98, 0xFF, 0x00, 0x98, 0xFF, 0x00, 0xA0, 0xFF,
    0x00, 0x98, 0xFF, 0x21, 0x98, 0xFF, 0x00, 0x38, 0xFF, 0x00, 0x00, 0xFF, 0x00, 0x00, 0xFF, 0x00, 0x00, 0xFF,
    0x00, 0x00, 0xFF, 0x00, 0x00, 0xFF, 0x00, 0x00, 0xFF, 0x00, 0x00, 0xFF, 0x00, 0x00, 0xFF, 0x00, 0x00, 0xFF,
    0x00, 0x00, 0xFF, 0x00, 0x00, 0xFF, 0x00, 0x00, 0xFF, 0x00, 0x00, 0xFF, 0x00, 0x00, 0xFF, 0x00, 0x00, 0xFF,
    0x00, 0x00, 0xFF, 0x00, 0x00, 0xFF, 0x00, 0x00, 0xFF, 0x00, 0x00, 0xFF, 0x00, 0x00, 0xFF, 0x00, 0x00, 0xFF,
    0x00, 0x00, 0xFF, 0x00, 0x00, 0xFF, 0x00, 0x00, 0xFF, 0x00, 0x00, 0xFF, 0x00, 0x00, 0xFF, 0x00, 0x00, 0xFF,
    0x00, 0x00, 0xFF, 0x00, 0x00, 0xFF, 0x00, 0x00, 0xFF, 0x00, 0x00, 0xFF, 0x00, 0x18, 0xFF, 0x41, 0x88, 0xFF,
    0x20, 0xB8, 0xFF, 0x00, 0xB8, 0xFF, 0x00, 0xB8, 0xFF, 0x00, 0xB8, 0xFF, 0x00, 0xB8, 0xFF, 0x00, 0xB0, 0xFF,
    0x00, 0xB0, 0xFF, 0x00, 0xB0, 0xFF, 0x00, 0xB0, 0xFF, 0x00, 0xB0, 0xFF, 0x00, 0xB0, 0xFF, 0x00, 0xB0, 0xFF,
    0x00, 0xA8, 0xFF, 0x00, 0xA8, 0xFF, 0x00, 0xA8, 0xFF, 0x00, 0xA8, 0xFF, 0x00, 0xA8, 0xFF, 0x00, 0xA8, 0xFF,
    0x00, 0xA8, 0xFF, 0x00, 0xA8, 0xFF, 0x00, 0xA8, 0xFF, 0x00, 0xA0, 0xFF, 0x00, 0xA0, 0xFF, 0x00, 0xA0, 0xFF,
    0x00, 0xA0, 0xFF, 0x21, 0x98, 0xFF, 0x20, 0x30, 0xFF, 0x00, 0x00, 0xFF, 0x00, 0x00, 0xFF, 0x00, 0x00, 0xFF,
    0x20, 0x00, 0xFF, 0xE3, 0x10, 0xFF, 0x44, 0x11, 0xFF, 0x03, 0x09, 0xFF, 0x03, 0x09, 0xFF, 0x03, 0x09, 0xFF,
    0x44, 0x11, 0xFF, 0x45, 0x09, 0xFF, 0x22, 0x09, 0xFF, 0xE8, 0x42, 0xFF, 0x43, 0x11, 0xFF, 0xC2, 0x00, 0xFF,
    0xC2, 0x08, 0xFF, 0xA5, 0x19, 0xFF, 0x47, 0x22, 0xFF, 0xE7, 0x19, 0xF8, 0x84, 0x11, 0xC4, 0x63, 0x09, 0x41,
    0xA2, 0x08, 0x41, 0x81, 0x00, 0xC4, 0xCA, 0x52, 0xF8, 0x6A, 0x5B, 0xFF, 0x68, 0x53, 0xFF, 0x08, 0x53, 0xFF,
    0xA0, 0x00, 0xFF, 0x21, 0x09, 0xFF, 0x41, 0x09, 0xFF, 0x05, 0x33, 0xFF, 0x09, 0x4C, 0xFF, 0xA3, 0x11, 0xFF,
    0xC3, 0x11, 0xFF, 0x64, 0x1A, 0xFF, 0x07, 0x2B, 0xFF, 0x42, 0x11, 0xFF, 0x00, 0x00, 0xFF, 0x00, 0x00, 0xFF,
    0x00, 0x00, 0xFF, 0x00, 0x00, 0xFF, 0x20, 0x68, 0xFF, 0x00, 0xA8, 0xFF, 0x00, 0xA0, 0xFF, 0x00, 0xA0, 0xFF,
    0x00, 0xA0, 0xFF, 0x00, 0xA0, 0xFF, 0x00, 0xA8, 0xFF, 0x00, 0xA8, 0xFF, 0x00, 0xA8, 0xFF, 0x00, 0xA8, 0xFF,
    0x00, 0xA8, 0xFF, 0x00, 0xA8, 0xFF, 0x00, 0xA8, 0xFF, 0x00, 0xA8, 0xFF, 0x00, 0xB0, 0xFF, 0x00, 0xB0, 0xFF,
    0x00, 0xB0, 0xFF, 0x00, 0xB0, 0xFF, 0x00, 0xB0, 0xFF, 0x00, 0xB0, 0xFF, 0x00, 0xB0, 0xFF, 0x00, 0xB8, 0xFF,
    0x00, 0xB8, 0xFF, 0x00, 0xB8, 0xFF, 0x00, 0xB8, 0xFF, 0x00, 0xB8, 0xFF, 0x00, 0xB8, 0xFF, 0x00, 0xB8, 0xFF,
    0x00, 0xB8, 0xFF, 0x00, 0xB8, 0xFF, 0x00, 0xB8, 0xFF, 0x00, 0xC0, 0xFF, 0x00, 0xC0, 0xFF, 0x00, 0xC0, 0xFF,
    0x00, 0xC0, 0xFF, 0x00, 0xB8, 0xFF, 0x00, 0xB8, 0xFF, 0x00, 0xB8, 0xFF, 0x00, 0xB0, 0xFF, 0x00, 0xB0, 0xFF,
    0x00, 0xB0, 0xFF, 0x00, 0xA8, 0xFF, 0x00, 0xA8, 0xFF, 0x20, 0xA8, 0xFF, 0x00, 0xB0, 0xFF, 0x41, 0x90, 0xFF,
    0x00, 0x20, 0xFF, 0x00, 0x00, 0xFF, 0x00, 0x00, 0xFF, 0x00, 0x00, 0xFF, 0x00, 0x00, 0xFF, 0x00, 0x00, 0xFF,
    0x00, 0x00, 0xFF, 0x00, 0x00, 0xFF, 0x00, 0x00, 0xFF, 0x00, 0x00, 0xFF, 0x00, 0x00, 0xFF, 0x00, 0x00, 0xFF,
    0x00, 0x00, 0xFF, 0x00, 0x00, 0xFF, 0x20, 0x38, 0xFF, 0x21, 0x98, 0xFF, 0x00, 0x98, 0xFF, 0x00, 0xA0, 0xFF,
    0x00, 0xA0, 0xFF, 0x00, 0xA0, 0xFF, 0x00, 0xA0, 0xFF, 0x00, 0xA0, 0xFF, 0x00, 0xA0, 0xFF, 0x00, 0xA0, 0xFF,
    0x00, 0x98, 0xFF, 0x00, 0xA0, 0xFF, 0x00, 0xA0, 0xFF, 0x00, 0xA0, 0xFF, 0x00, 0xA0, 0xFF, 0x00, 0xA0, 0xFF,
    0x20, 0x98, 0xFF, 0x20, 0x70, 0xFF, 0x00, 0x08, 0xFF, 0x00, 0x00, 0xFF, 0x00, 0x00, 0xFF, 0x00, 0x00, 0xFF,
    0x00, 0x00, 0xFF, 0x00, 0x00, 0xFF, 0x00, 0x00, 0xFF, 0x00, 0x00, 0xFF, 0x00, 0x00, 0xFF, 0x00, 0x00, 0xFF,
    0x00, 0x00, 0xFF, 0x00, 0x00, 0xFF, 0x00, 0x00, 0xFF, 0x00, 0x00, 0xFF, 0x00, 0x00, 0xFF, 0x00, 0x00, 0xFF,
    0x00, 0x00, 0xFF, 0x00, 0x00, 0xFF, 0x00, 0x00, 0xFF, 0x00, 0x00, 0xFF, 0x00, 0x00, 0xFF, 0x00, 0x00, 0xFF,
    0x00, 0x00, 0xFF, 0x00, 0x00, 0xFF, 0x00, 0x00, 0xFF, 0x00, 0x00, 0xFF, 0x00, 0x00, 0xFF, 0x00, 0x00, 0xFF,
    0x00, 0x00, 0xFF, 0x00, 0x00, 0xFF, 0x00, 0x00, 0xFF, 0x00, 0x00, 0xFF, 0x00, 0x00, 0xFF, 0x00, 0x20, 0xFF,
    0x41, 0x90, 0xFF, 0x00, 0xB8, 0xFF, 0x00, 0xB0, 0xFF, 0x00, 0xB0, 0xFF, 0x00, 0xB8, 0xFF, 0x00, 0xB0, 0xFF,
    0x00, 0xB0, 0xFF, 0x00, 0xB0, 0xFF, 0x00, 0xB0, 0xFF, 0x00, 0xB0, 0xFF, 0x00, 0xB0, 0xFF, 0x00, 0xB0, 0xFF,
    0x00, 0xA8, 0xFF, 0x00, 0xA8, 0xFF, 0x00, 0xA8, 0xFF, 0x00, 0xA8, 0xFF, 0x00, 0xA8, 0xFF, 0x00, 0xA8, 0xFF,
    0x00, 0xA8, 0xFF, 0x00, 0xA8, 0xFF, 0x00, 0xA8, 0xFF, 0x00, 0xA0, 0xFF, 0x00, 0xA0, 0xFF, 0x00, 0xA0, 0xFF,
    0x00, 0xA0, 0xFF, 0x01, 0x98, 0xFF, 0x00, 0x28, 0xFF, 0x00, 0x00, 0xFF, 0x00, 0x00, 0xFF, 0x00, 0x00, 0xFF,
    0x20, 0x00, 0xFF, 0xE3, 0x08, 0xFF, 0x03, 0x09, 0xFF, 0x03, 0x09, 0xFF, 0x03, 0x09, 0xFF, 0x44, 0x11, 0xFF,
    0x63, 0x11, 0xFF, 0x23, 0x09, 0xFF, 0xA4, 0x19, 0xFF, 0xC4, 0x21, 0xFF, 0x26, 0x2A, 0xFF, 0xC2, 0x08, 0xFF,
    0x41, 0x00, 0xFF, 0x41, 0x00, 0xFF, 0x64, 0x11, 0xFF, 0x48, 0x22, 0xF8, 0x64, 0x09, 0xC4, 0x43, 0x11, 0x41,
    0xA2, 0x08, 0x41, 0x62, 0x00, 0xC4, 0xEB, 0x52, 0xF8, 0x4C, 0x74, 0xFF, 0x03, 0x2A, 0xFF, 0x2E, 0x7C, 0xFF,
    0x06, 0x32, 0xFF, 0x01, 0x09, 0xFF, 0x62, 0x11, 0xFF, 0x41, 0x09, 0xFF, 0xE3, 0x11, 0xFF, 0xE3, 0x19, 0xFF,
    0xE3, 0x19, 0xFF, 0x03, 0x12, 0xFF, 0xA4, 0x22, 0xFF, 0x83, 0x11, 0xFF, 0x00, 0x00, 0xFF, 0x00, 0x00, 0xFF,
    0x00, 0x00, 0xFF, 0x00, 0x00, 0xFF, 0x20, 0x60, 0xFF, 0x00, 0xA8, 0xFF, 0x00, 0x98, 0xFF, 0x00, 0xA0, 0xFF,
    0x00, 0xA0, 0xFF, 0x00, 0xA0, 0xFF, 0x00, 0xA8, 0xFF, 0x00, 0xA8, 0xFF, 0x00, 0xA8, 0xFF, 0x00, 0xA8, 0xFF,
    0x00, 0xA8, 0xFF, 0x00, 0xA8, 0xFF, 0x00, 0xA8, 0xFF, 0x00, 0xA8, 0xFF, 0x00, 0xB0, 0xFF, 0x00, 0xA8, 0xFF,
    0x00, 0xB0, 0xFF, 0x00, 0xB0, 0xFF, 0x00, 0xB0, 0xFF, 0x00, 0xB0, 0xFF, 0x00, 0xB0, 0xFF, 0x00, 0xB8, 0xFF,
    0x00, 0xB8, 0xFF, 0x00, 0xB8, 0xFF, 0x00, 0xB8, 0xFF, 0x00, 0xB8, 0xFF, 0x00, 0xB8, 0xFF, 0x00, 0xB8, 0xFF,
    0x00, 0xB8, 0xFF, 0x00, 0xB8, 0xFF, 0x00, 0xB8, 0xFF, 0x00, 0xB8, 0xFF, 0x00, 0xC0, 0xFF, 0x00, 0xC0, 0xFF,
    0x00, 0xC0, 0xFF, 0x00, 0xC0, 0xFF, 0x00, 0xB8, 0xFF, 0x00, 0xB8, 0xFF, 0x00, 0xB0, 0xFF, 0x00, 0xB0, 0xFF,
    0x00, 0xB0, 0xFF, 0x00, 0xA8, 0xFF, 0x00, 0xA8, 0xFF, 0x00, 0xA8, 0xFF, 0x00, 0xA8, 0xFF, 0x21, 0x70, 0xFF,
    0x00, 0x00, 0xFF, 0x00, 0x00, 0xFF, 0x00, 0x00, 0xFF, 0x00, 0x00, 0xFF, 0x00, 0x00, 0xFF, 0x00, 0x00, 0xFF,
    0x00, 0x00, 0xFF, 0x00, 0x00, 0xFF, 0x00, 0x00, 0xFF, 0x00, 0x00, 0xFF, 0x00, 0x00, 0xFF, 0x00, 0x00, 0xFF,
    0x00, 0x00, 0xFF, 0x00, 0x00, 0xFF, 0x00, 0x00, 0xFF, 0x20, 0x60, 0xFF, 0x20, 0xA0, 0xFF, 0x00, 0xA0, 0xFF,
    0x00, 0x98, 0xFF, 0x00, 0xA0, 0xFF, 0x00, 0xA0, 0xFF, 0x00, 0xA0, 0xFF, 0x00, 0xA0, 0xFF, 0x00, 0xA0, 0xFF,
    0x00, 0x98, 0xFF, 0x00, 0x98, 0xFF, 0x00, 0xA0, 0xFF, 0x00, 0xA0, 0xFF, 0x00, 0x98, 0xFF, 0x00, 0xA0, 0xFF,
    0x21, 0x88, 0xFF, 0x00, 0x20, 0xFF, 0x00, 0x00, 0xFF, 0x00, 0x00, 0xFF, 0x00, 0x00, 0xFF, 0x00, 0x00, 0xFF,
    0x00, 0x00, 0xFF, 0x00, 0x00, 0xFF, 0x00, 0x00, 0xFF, 0x00, 0x00, 0xFF, 0x00, 0x00, 0xFF, 0x00, 0x00, 0xFF,
    0x00, 0x00, 0xFF, 0x00, 0x00, 0xFF, 0x00, 0x00, 0xFF, 0x00, 0x00, 0xFF, 0x00, 0x00, 0xFF, 0x00, 0x00, 0xFF,
    0x00, 0x00, 0xFF, 0x00, 0x00, 0xFF, 0x00, 0x00, 0xFF, 0x00, 0x00, 0xFF, 0x00, 0x00, 0xFF, 0x00, 0x00, 0xFF,
    0x00, 0x00, 0xFF, 0x00, 0x00, 0xFF, 0x00, 0x00, 0xFF, 0x00, 0x00, 0xFF, 0x00, 0x00, 0xFF, 0x00, 0x00, 0xFF,
    0x00, 0x00, 0xFF, 0x00, 0x00, 0xFF, 0x00, 0x00, 0xFF, 0x00, 0x00, 0xFF, 0x00, 0x00, 0xFF, 0x00, 0x00, 0xFF,
    0x00, 0x28, 0xFF, 0x21, 0x98, 0xFF, 0x00, 0xB8, 0xFF, 0x00, 0xB8, 0xFF, 0x00, 0xB0, 0xFF, 0x00, 0xB0, 0xFF,
    0x00, 0xB0, 0xFF, 0x00, 0xB0, 0xFF, 0x00, 0xB0, 0xFF, 0x00, 0xB0, 0xFF, 0x00, 0xB0, 0xFF, 0x00, 0xA8, 0xFF,
    0x00, 0xA8, 0xFF, 0x00, 0xA8, 0xFF, 0x00, 0xA8, 0xFF, 0x00, 0xA8, 0xFF, 0x00, 0xA8, 0xFF, 0x00, 0xA8, 0xFF,
    0x00, 0xA8, 0xFF, 0x00, 0xA8, 0xFF, 0x00, 0xA0, 0xFF, 0x00, 0xA0, 0xFF, 0x00, 0xA0, 0xFF, 0x00, 0xA0, 0xFF,
    0x00, 0xA0, 0xFF, 0x20, 0x90, 0xFF, 0x00, 0x18, 0xFF, 0x00, 0x00, 0xFF, 0x00, 0x00, 0xFF, 0x00, 0x00, 0xFF,
    0x20, 0x00, 0xFF, 0xC2, 0x08, 0xFF, 0xC2, 0x08, 0xFF, 0xE3, 0x08, 0xFF, 0xE2, 0x08, 0xFF, 0x23, 0x11, 0xFF,
    0x44, 0x11, 0xFF, 0x63, 0x11, 0xFF, 0x25, 0x2A, 0xFF, 0x86, 0x3A, 0xFF, 0x6A, 0x5B, 0xFF, 0x84, 0x21, 0xFF,
    0xA3, 0x00, 0xFF, 0x61, 0x00, 0xFF, 0x82, 0x00, 0xFF, 0xC6, 0x19, 0xF8, 0x06, 0x1A, 0xC4, 0x43, 0x09, 0x41,
    0xC2, 0x08, 0x41, 0x41, 0x00, 0xC4, 0x0B, 0x53, 0xF8, 0x6C, 0x74, 0xFF, 0x23, 0x22, 0xFF, 0xC4, 0x29, 0xFF,
    0x0E, 0x74, 0xFF, 0x62, 0x11, 0xFF, 0x82, 0x11, 0xFF, 0xA2, 0x11, 0xFF, 0xA2, 0x11, 0xFF, 0xC2, 0x11, 0xFF,
    0xE3, 0x19, 0xFF, 0x23, 0x1A, 0xFF, 0xA4, 0x22, 0xFF, 0xA3, 0x19, 0xFF, 0x00, 0x00, 0xFF, 0x00, 0x00, 0xFF,
    0x00, 0x00, 0xFF, 0x00, 0x00, 0xFF, 0x21, 0x50, 0xFF, 0x00, 0xA8, 0xFF, 0x00, 0xA0, 0xFF, 0x00, 0xA0, 0xFF,
    0x00, 0xA0, 0xFF, 0x00, 0xA0, 0xFF, 0x00, 0xA8, 0xFF, 0x00, 0xA8, 0xFF, 0x00, 0xA8, 0xFF, 0x00, 0xA8, 0xFF,
    0x00, 0xA8, 0xFF, 0x00, 0xA8, 0xFF, 0x00, 0xA8, 0xFF, 0x00, 0xA8, 0xFF, 0x00, 0xB0, 0xFF, 0x00, 0xA8, 0xFF,
    0x00, 0xB0, 0xFF, 0x00, 0xB0, 0xFF, 0x00, 0xB0, 0xFF, 0x00, 0xB0, 0xFF, 0x00, 0xB0, 0xFF, 0x00, 0xB8, 0xFF,
    0x00, 0xB8, 0xFF, 0x00, 0xB8, 0xFF, 0x00, 0xB8, 0xFF, 0x00, 0xB8, 0xFF, 0x00, 0xB8, 0xFF, 0x00, 0xB8, 0xFF,
    0x00, 0xB8, 0xFF, 0x00, 0xB8, 0xFF, 0x00, 0xB8, 0xFF, 0x00, 0xB8, 0xFF, 0x00, 0xC0, 0xFF, 0x00, 0xC0, 0xFF,
    0x00, 0xC0, 0xFF, 0x00, 0xC0, 0xFF, 0x00, 0xB8, 0xFF, 0x00, 0xB8, 0xFF, 0x00, 0xB0, 0xFF, 0x00, 0xB0, 0xFF,
    0x00, 0xB0, 0xFF, 0x00, 0xA8, 0xFF, 0x00, 0xA8, 0xFF, 0x00, 0xA8, 0xFF, 0x00, 0xA8, 0xFF, 0x00, 0x38, 0xFF,
    0x00, 0x00, 0xFF, 0x00, 0x00, 0xFF, 0x00, 0x00, 0xFF, 0x00, 0x00, 0xFF, 0x00, 0x00, 0xFF, 0x00, 0x00, 0xFF,
    0x00, 0x00, 0xFF, 0x00, 0x00, 0xFF, 0x00, 0x00, 0xFF, 0x00, 0x00, 0xFF, 0x00, 0x00, 0xFF, 0x00, 0x00, 0xFF,
    0x00, 0x00, 0xFF, 0x00, 0x00, 0xFF, 0x00, 0x00, 0xFF, 0x00, 0x18, 0xFF, 0x21, 0x68, 0xFF, 0x21, 0x98, 0xFF,
    0x00, 0xA0, 0xFF, 0x00, 0xA0, 0xFF, 0x00, 0xA0, 0xFF, 0x00, 0xA0, 0xFF, 0x00, 0xA0, 0xFF, 0x00, 0xA0, 0xFF,
    0x00, 0xA0, 0xFF, 0x00, 0x98, 0xFF, 0x00, 0x98, 0xFF, 0x00, 0xA0, 0xFF, 0x00, 0xA0, 0xFF, 0x21, 0x90, 0xFF,
    0x00, 0x30, 0xFF, 0x00, 0x00, 0xFF, 0x00, 0x00, 0xFF, 0x00, 0x00, 0xFF, 0x00, 0x00, 0xFF, 0x00, 0x00, 0xFF,
    0x00, 0x00, 0xFF, 0x00, 0x00, 0xFF, 0x00, 0x00, 0xFF, 0x00, 0x00, 0xFF, 0x00, 0x00, 0xFF, 0x00, 0x00, 0xFF,
    0x00, 0x00, 0xFF, 0x00, 0x00, 0xFF, 0x00, 0x00, 0xFF, 0x00, 0x00, 0xFF, 0x00, 0x00, 0xFF, 0x00, 0x00, 0xFF,
    0x00, 0x00, 0xFF, 0x00, 0x00, 0xFF, 0x00, 0x00, 0xFF, 0x00, 0x00, 0xFF, 0x00, 0x00, 0xFF, 0x00, 0x00, 0xFF,
    0x00, 0x00, 0xFF, 0x00, 0x00, 0xFF, 0x00, 0x00, 0xFF, 0x00, 0x00, 0xFF, 0x00, 0x00, 0xFF, 0x00, 0x00, 0xFF,
    0x00, 0x00, 0xFF, 0x00, 0x00, 0xFF, 0x00, 0x00, 0xFF, 0x00, 0x00, 0xFF, 0x00, 0x00, 0xFF, 0x00, 0x00, 0xFF,
    0x00, 0x00, 0xFF, 0x00, 0x28, 0xFF, 0x21, 0xA0, 0xFF, 0x00, 0xB8, 0xFF, 0x00, 0xB0, 0xFF, 0x00, 0xB0, 0xFF,
    0x00, 0xB0, 0xFF, 0x00, 0xB0, 0xFF, 0x00, 0xB0, 0xFF, 0x00, 0xB0, 0xFF, 0x00, 0xB0, 0xFF, 0x00, 0xA8, 0xFF,
    0x00, 0xA8, 0xFF, 0x00, 0xA8, 0xFF, 0x00, 0xA8, 0xFF, 0x00, 0xA8, 0xFF, 0x00, 0xA8, 0xFF, 0x00, 0xA8, 0xFF,
    0x00, 0xA8, 0xFF, 0x00, 0xA8, 0xFF, 0x00, 0xA0, 0xFF, 0x00, 0xA0, 0xFF, 0x00, 0xA0, 0xFF, 0x00, 0xA0, 0xFF,
    0x00, 0xA0, 0xFF, 0x20, 0x88, 0xFF, 0x00, 0x10, 0xFF, 0x00, 0x00, 0xFF, 0x00, 0x00, 0xFF, 0x00, 0x00, 0xFF,
    0x40, 0x00, 0xFF, 0xC2, 0x08, 0xFF, 0xC2, 0x08, 0xFF, 0xC2, 0x08, 0xFF, 0xC2, 0x08, 0xFF, 0xC2, 0x08, 0xFF,
    0xE2, 0x08, 0xFF, 0x02, 0x09, 0xFF, 0x22, 0x09, 0xFF, 0x22, 0x09, 0xFF, 0x22, 0x09, 0xFF, 0x23, 0x11, 0xFF,
    0x03, 0x09, 0xFF, 0x03, 0x09, 0xFF, 0xC3, 0x08, 0xFF, 0x61, 0x00, 0xF8, 0xA5, 0x11, 0xC4, 0xA5, 0x19, 0x41,
    0xC2, 0x08, 0x3F, 0x82, 0x00, 0xC0, 0xC5, 0x21, 0xF6, 0x6B, 0x6C, 0xFF, 0x06, 0x3B, 0xFF, 0x80, 0x00, 0xFF,
    0xC9, 0x42, 0xFF, 0xE7, 0x42, 0xFF, 0x81, 0x09, 0xFF, 0xC2, 0x11, 0xFF, 0xC2, 0x11, 0xFF, 0xC2, 0x11, 0xFF,
    0x02, 0x12, 0xFF, 0x63, 0x1A, 0xFF, 0xC4, 0x22, 0xFF, 0x03, 0x22, 0xFF, 0x00, 0x00, 0xFF, 0x00, 0x00, 0xFF,
    0x00, 0x00, 0xFF, 0x00, 0x00, 0xFF, 0x20, 0x40, 0xFF, 0x00, 0xA0, 0xFF, 0x00, 0xA0, 0xFF, 0x00, 0xA0, 0xFF,
    0x00, 0xA0, 0xFF, 0x00, 0xA0, 0xFF, 0x00, 0xA8, 0xFF, 0x00, 0xA8, 0xFF, 0x00, 0xA8, 0xFF, 0x00, 0xA8, 0xFF,
    0x00, 0xA8, 0xFF, 0x00, 0xA8, 0xFF, 0x00, 0xA8, 0xFF, 0x00, 0xA8, 0xFF, 0x00, 0xB0, 0xFF, 0x00, 0xA8, 0xFF,
    0x00, 0xB0, 0xFF, 0x00, 0xB0, 0xFF, 0x00, 0xB0, 0xFF, 0x00, 0xB0, 0xFF, 0x00, 0xB0, 0xFF, 0x00, 0xB0, 0xFF,
    0x00, 0xB8, 0xFF, 0x00, 0xB8, 0xFF, 0x00, 0xB8, 0xFF, 0x00, 0xB8, 0xFF, 0x00, 0xB8, 0xFF, 0x00, 0xB8, 0xFF,
    0x00, 0xB8, 0xFF, 0x00, 0xB8, 0xFF, 0x00, 0xB8, 0xFF, 0x00, 0xB8, 0xFF, 0x00, 0xC0, 0xFF, 0x00, 0xC0, 0xFF,
    0x00, 0xC0, 0xFF, 0x00, 0xC0, 0xFF, 0x00, 0xB8, 0xFF, 0x00, 0xB8, 0xFF, 0x00, 0xB8, 0xFF, 0x00, 0xB0, 0xFF,
    0x00, 0xB0, 0xFF, 0x00, 0xB0, 0xFF, 0x00, 0xA8, 0xFF, 0x00, 0xA8, 0xFF, 0x21, 0x78, 0xFF, 0x00, 0x08, 0xFF,
    0x00, 0x00, 0xFF, 0x00, 0x00, 0xFF, 0x00, 0x00, 0xFF, 0x00, 0x00, 0xFF, 0x00, 0x00, 0xFF, 0x00, 0x00, 0xFF,
    0x00, 0x00, 0xFF, 0x00, 0x00, 0xFF, 0x00, 0x00, 0xFF, 0x00, 0x00, 0xFF, 0x00, 0x00, 0xFF, 0x00, 0x00, 0xFF,
    0x00, 0x00, 0xFF, 0x00, 0x00, 0xFF, 0x00, 0x00, 0xFF, 0x00, 0x00, 0xFF, 0x00, 0x08, 0xFF, 0x21, 0x60, 0xFF,
    0x21, 0x98, 0xFF, 0x20, 0xA0, 0xFF, 0x00, 0xA0, 0xFF, 0x00, 0xA0, 0xFF, 0x00, 0xA0, 0xFF, 0x00, 0xA0, 0xFF,
    0x00, 0xA0, 0xFF, 0x00, 0xA0, 0xFF, 0x00, 0xA0, 0xFF, 0x20, 0xA0, 0xFF, 0x21, 0x78, 0xFF, 0x20, 0x28, 0xFF,
    0x00, 0x00, 0xFF, 0x00, 0x00, 0xFF, 0x00, 0x00, 0xFF, 0x00, 0x00, 0xFF, 0x00, 0x00, 0xFF, 0x00, 0x00, 0xFF,
    0x00, 0x00, 0xFF, 0x00, 0x00, 0xFF, 0x00, 0x00, 0xFF, 0x00, 0x00, 0xFF, 0x00, 0x00, 0xFF, 0x00, 0x00, 0xFF,
    0x00, 0x00, 0xFF, 0x00, 0x00, 0xFF, 0x00, 0x00, 0xFF, 0x00, 0x00, 0xFF, 0x00, 0x00, 0xFF, 0x00, 0x00, 0xFF,
    0x00, 0x00, 0xFF, 0x00, 0x00, 0xFF, 0x00, 0x00, 0xFF, 0x00, 0x00, 0xFF, 0x00, 0x00, 0xFF, 0x00, 0x00, 0xFF,
    0x00, 0x00, 0xFF, 0x00, 0x00, 0xFF, 0x00, 0x00, 0xFF, 0x00, 0x00, 0xFF, 0x00, 0x00, 0xFF, 0x00, 0x00, 0xFF,
    0x00, 0x00, 0xFF, 0x00, 0x00, 0xFF, 0x00, 0x00, 0xFF, 0x00, 0x00, 0xFF, 0x00, 0x00, 0xFF, 0x00, 0x00, 0xFF,
    0x00, 0x00, 0xFF, 0x00, 0x00, 0xFF, 0x00, 0x40, 0xFF, 0x41, 0xA0, 0xFF, 0x00, 0xB0, 0xFF, 0x00, 0xB0, 0xFF,
    0x00, 0xB0, 0xFF, 0x00, 0xB0, 0xFF, 0x00, 0xB0, 0xFF, 0x00, 0xB0, 0xFF, 0x00, 0xB0, 0xFF, 0x00, 0xA8, 0xFF,
    0x00, 0xA8, 0xFF, 0x00, 0xA8, 0xFF, 0x00, 0xA8, 0xFF, 0x00, 0xA8, 0xFF, 0x00, 0xA8, 0xFF, 0x00, 0xA8, 0xFF,
    0x00, 0xA8, 0xFF, 0x00, 0xA8, 0xFF, 0x00, 0xA0, 0xFF, 0x00, 0xA0, 0xFF, 0x00, 0xA0, 0xFF, 0x00, 0xA0, 0xFF,
    0x00, 0xA8, 0xFF, 0x20, 0x80, 0xFF, 0x00, 0x08, 0xFF, 0x00, 0x00, 0xFF, 0x00, 0x00, 0xFF, 0x00, 0x00, 0xFF,
    0x41, 0x00, 0xFF, 0xC2, 0x08, 0xFF, 0xC2, 0x00, 0xFF, 0xC2, 0x08, 0xFF, 0xE2, 0x08, 0xFF, 0x23, 0x11, 0xFF,
    0x22, 0x09, 0xFF, 0x63, 0x11, 0xFF, 0x44, 0x11, 0xFF, 0x23, 0x09, 0xFF, 0x23, 0x11, 0xFF, 0x64, 0x11, 0xFF,
    0x84, 0x11, 0xFF, 0x23, 0x09, 0xFF, 0x03, 0x11, 0xFF, 0x86, 0x21, 0xF6, 0x03, 0x09, 0xC0, 0x03, 0x09, 0x3F,
    0xE2, 0x08, 0x34, 0xA2, 0x08, 0xA4, 0x22, 0x09, 0xEC, 0xE8, 0x5B, 0xFE, 0xC8, 0x53, 0xFF, 0x02, 0x09, 0xFF,
    0x84, 0x19, 0xFF, 0xA9, 0x4B, 0xFF, 0x43, 0x1A, 0xFF, 0xE2, 0x11, 0xFF, 0x03, 0x1A, 0xFF, 0x22, 0x1A, 0xFF,
    0x22, 0x12, 0xFF, 0x22, 0x1A, 0xFF, 0xC4, 0x2A, 0xFF, 0x23, 0x22, 0xFF, 0x00, 0x00, 0xFF, 0x00, 0x00, 0xFF,
    0x00, 0x00, 0xFF, 0x00, 0x00, 0xFF, 0x20, 0x30, 0xFF, 0x20, 0xA0, 0xFF, 0x00, 0xA0, 0xFF, 0x00, 0xA0, 0xFF,
    0x00, 0xA0, 0xFF, 0x00, 0xA0, 0xFF, 0x00, 0xA8, 0xFF, 0x00, 0xA8, 0xFF, 0x00, 0xA8, 0xFF, 0x00, 0xA8, 0xFF,
    0x00, 0xA8, 0xFF, 0x00, 0xA8, 0xFF, 0x00, 0xA8, 0xFF, 0x00, 0xA8, 0xFF, 0x00, 0xB0, 0xFF, 0x00, 0xA8, 0xFF,
    0x00, 0xB0, 0xFF, 0x00, 0xB0, 0xFF, 0x00, 0xB0, 0xFF, 0x00, 0xB0, 0xFF, 0x00, 0xB0, 0xFF, 0x00, 0xB0, 0xFF,
    0x00, 0xB8, 0xFF, 0x00, 0xB8, 0xFF, 0x00, 0xB8, 0xFF, 0x00, 0xB8, 0xFF, 0x00, 0xB8, 0xFF, 0x00, 0xB8, 0xFF,
    0x00, 0xB8, 0xFF, 0x00, 0xB8, 0xFF, 0x00, 0xB8, 0xFF, 0x00, 0xB8, 0xFF, 0x00, 0xC0, 0xFF, 0x00, 0xC0, 0xFF,
    0x00, 0xC0, 0xFF, 0x00, 0xC0, 0xFF, 0x00, 0xB8, 0xFF, 0x00, 0xB8, 0xFF, 0x00, 0xB8, 0xFF, 0x00, 0xB8, 0xFF,
    0x00, 0xB0, 0xFF, 0x00, 0xB0, 0xFF, 0x00, 0xA8, 0xFF, 0x20, 0xA8, 0xFF, 0x20, 0x38, 0xFF, 0x00, 0x00, 0xFF,
    0x00, 0x00, 0xFF, 0x00, 0x00, 0xFF, 0x00, 0x00, 0xFF, 0x00, 0x00, 0xFF, 0x00, 0x00, 0xFF, 0x00, 0x00, 0xFF,
    0x00, 0x00, 0xFF, 0x00, 0x00, 0xFF, 0x00, 0x00, 0xFF, 0x00, 0x00, 0xFF, 0x00, 0x00, 0xFF, 0x00, 0x00, 0xFF,
    0x00, 0x00, 0xFF, 0x00, 0x00, 0xFF, 0x00, 0x00, 0xFF, 0x00, 0x00, 0xFF, 0x00, 0x00, 0xFF, 0x00, 0x00, 0xFF,
    0x20, 0x28, 0xFF, 0x20, 0x60, 0xFF, 0x20, 0x90, 0xFF, 0x20, 0x98, 0xFF, 0x00, 0xA0, 0xFF, 0x00, 0xA0, 0xFF,
    0x20, 0x98, 0xFF, 0x01, 0x98, 0xFF, 0x21, 0x78, 0xFF, 0x20, 0x48, 0xFF, 0x00, 0x10, 0xFF, 0x00, 0x00, 0xFF,
    0x00, 0x08, 0xFF, 0x00, 0x00, 0xFF, 0x00, 0x00, 0xFF, 0x00, 0x00, 0xFF, 0x00, 0x00, 0xFF, 0x00, 0x00, 0xFF,
    0x00, 0x00, 0xFF, 0x00, 0x00, 0xFF, 0x00, 0x00, 0xFF, 0x00, 0x00, 0xFF, 0x00, 0x00, 0xFF, 0x00, 0x00, 0xFF,
    0x00, 0x00, 0xFF, 0x00, 0x00, 0xFF, 0x00, 0x00, 0xFF, 0x00, 0x00, 0xFF, 0x00, 0x00, 0xFF, 0x00, 0x00, 0xFF,
    0x00, 0x00, 0xFF, 0x00, 0x00, 0xFF, 0x00, 0x00, 0xFF, 0x00, 0x00, 0xFF, 0x00, 0x00, 0xFF, 0x00, 0x00, 0xFF,
    0x00, 0x00, 0xFF, 0x00, 0x00, 0xFF, 0x00, 0x00, 0xFF, 0x00, 0x00, 0xFF, 0x00, 0x00, 0xFF, 0x00, 0x00, 0xFF,
    0x00, 0x00, 0xFF, 0x00, 0x00, 0xFF, 0x00, 0x00, 0xFF, 0x00, 0x00, 0xFF, 0x00, 0x00, 0xFF, 0x00, 0x00, 0xFF,
    0x00, 0x00, 0xFF, 0x00, 0x00, 0xFF, 0x00, 0x00, 0xFF, 0x21, 0x58, 0xFF, 0x00, 0xB8, 0xFF, 0x00, 0xB0, 0xFF,
    0x00, 0xB0, 0xFF, 0x00, 0xB0, 0xFF, 0x00, 0xB0, 0xFF, 0x00, 0xB0, 0xFF, 0x00, 0xB0, 0xFF, 0x00, 0xA8, 0xFF,
    0x00, 0xA8, 0xFF, 0x00, 0xA8, 0xFF, 0x00, 0xA8, 0xFF, 0x00, 0xA8, 0xFF, 0x00, 0xA8, 0xFF, 0x00, 0xA8, 0xFF,
    0x00, 0xA8, 0xFF, 0x00, 0xA8, 0xFF, 0x00, 0xA0, 0xFF, 0x00, 0xA0, 0xFF, 0x00, 0xA0, 0xFF, 0x00, 0xA0, 0xFF,
    0x00, 0xA8, 0xFF, 0x20, 0x70, 0xFF, 0x00, 0x00, 0xFF, 0x00, 0x00, 0xFF, 0x00, 0x00, 0xFF, 0x00, 0x00, 0xFF,
    0x40, 0x00, 0xFF, 0xA2, 0x08, 0xFF, 0xC2, 0x00, 0xFF, 0xE2, 0x08, 0xFF, 0x43, 0x11, 0xFF, 0x43, 0x09, 0xFF,
    0x83, 0x11, 0xFF, 0xA4, 0x11, 0xFF, 0x02, 0x09, 0xFF, 0xE2, 0x08, 0xFF, 0xE2, 0x08, 0xFF, 0x22, 0x09, 0xFF,
    0x23, 0x09, 0xFF, 0x44, 0x11, 0xFF, 0xC2, 0x00, 0xFE, 0x24, 0x11, 0xEC, 0xA6, 0x29, 0xA4, 0x61, 0x00, 0x34,
    0x02, 0x09, 0x15, 0xE2, 0x08, 0x5B, 0x22, 0x09, 0xD0, 0xE8, 0x53, 0xF9, 0x09, 0x54, 0xFF, 0x83, 0x11, 0xFF,
    0xC1, 0x08, 0xFF, 0x85, 0x2A, 0xFF, 0x26, 0x33, 0xFF, 0x63, 0x1A, 0xFF, 0x63, 0x22, 0xFF, 0x42, 0x22, 0xFF,
    0x42, 0x1A, 0xFF, 0x42, 0x1A, 0xFF, 0xA3, 0x22, 0xFF, 0xA4, 0x2A, 0xFF, 0x60, 0x00, 0xFF, 0x00, 0x00, 0xFF,
    0x00, 0x00, 0xFF, 0x00, 0x00, 0xFF, 0x00, 0x28, 0xFF, 0x20, 0x98, 0xFF, 0x00, 0xA0, 0xFF, 0x00, 0xA0, 0xFF,
    0x00, 0xA0, 0xFF, 0x00, 0xA0, 0xFF, 0x00, 0xA8, 0xFF, 0x00, 0xA8, 0xFF, 0x00, 0xA8, 0xFF, 0x00, 0xA8, 0xFF,
    0x00, 0xA8, 0xFF, 0x00, 0xA8, 0xFF, 0x00, 0xA8, 0xFF, 0x00, 0xA8, 0xFF, 0x00, 0xA8, 0xFF, 0x00, 0xA8, 0xFF,
    0x00, 0xB0, 0xFF, 0x00, 0xB0, 0xFF, 0x00, 0xB0, 0xFF, 0x00, 0xB0, 0xFF, 0x00, 0xB0, 0xFF, 0x00, 0xB0, 0xFF,
    0x00, 0xB0, 0xFF, 0x00, 0xB0, 0xFF, 0x00, 0xB8, 0xFF, 0x00, 0xB8, 0xFF, 0x00, 0xB8, 0xFF, 0x00, 0xB8, 0xFF,
    0x00, 0xB8, 0xFF, 0x00, 0xB8, 0xFF, 0x00, 0xB8, 0xFF, 0x00, 0xB8, 0xFF, 0x00, 0xC0, 0xFF, 0x00, 0xC0, 0xFF,
    0x00, 0xC0, 0xFF, 0x00, 0xC0, 0xFF, 0x00, 0xC0, 0xFF, 0x00, 0xB8, 0xFF, 0x00, 0xB8, 0xFF, 0x00, 0xB8, 0xFF,
    0x00, 0xB0, 0xFF, 0x00, 0xA8, 0xFF, 0x00, 0xB0, 0xFF, 0x21, 0x70, 0xFF, 0x00, 0x08, 0xFF, 0x00, 0x00, 0xFF,
    0x00, 0x00, 0xFF, 0x00, 0x00, 0xFF, 0x00, 0x00, 0xFF, 0x00, 0x00, 0xFF, 0x00, 0x00, 0xFF, 0x00, 0x00, 0xFF,
    0x00, 0x00, 0xFF, 0x00, 0x00, 0xFF, 0x00, 0x00, 0xFF, 0x00, 0x00, 0xFF, 0x00, 0x00, 0xFF, 0x00, 0x00, 0xFF,
    0x00, 0x00, 0xFF, 0x00, 0x00, 0xFF, 0x00, 0x00, 0xFF, 0x00, 0x00, 0xFF, 0x00, 0x00, 0xFF, 0x00, 0x00, 0xFF,
    0x00, 0x00, 0xFF, 0x00, 0x08, 0xFF, 0x00, 0x18, 0xFF, 0x20, 0x30, 0xFF, 0x20, 0x48, 0xFF, 0x20, 0x48, 0xFF,
    0x20, 0x38, 0xFF, 0x00, 0x28, 0xFF, 0x00, 0x10, 0xFF, 0x00, 0x00, 0xFF, 0x00, 0x00, 0xFF, 0x00, 0x00, 0xFF,
    0x00, 0x00, 0xFF, 0x00, 0x00, 0xFF, 0x00, 0x00, 0xFF, 0x00, 0x00, 0xFF, 0x00, 0x00, 0xFF, 0x00, 0x00, 0xFF,
    0x00, 0x00, 0xFF, 0x00, 0x00, 0xFF, 0x00, 0x00, 0xFF, 0x00, 0x00, 0xFF, 0x00, 0x00, 0xFF, 0x00, 0x00, 0xFF,
    0x00, 0x00, 0xFF, 0x00, 0x00, 0xFF, 0x00, 0x00, 0xFF, 0x00, 0x00, 0xFF, 0x00, 0x00, 0xFF, 0x00, 0x00, 0xFF,
    0x00, 0x00, 0xFF, 0x00, 0x00, 0xFF, 0x00, 0x00, 0xFF, 0x00, 0x00, 0xFF, 0x00, 0x00, 0xFF, 0x00, 0x00, 0xFF,
    0x00, 0x00, 0xFF, 0x00, 0x00, 0xFF, 0x00, 0x00, 0xFF, 0x00, 0x00, 0xFF, 0x00, 0x00, 0xFF, 0x00, 0x00, 0xFF,
    0x00, 0x00, 0xFF, 0x00, 0x00, 0xFF, 0x00, 0x00, 0xFF, 0x00, 0x00, 0xFF, 0x00, 0x00, 0xFF, 0x00, 0x00, 0xFF,
    0x00, 0x00, 0xFF, 0x00, 0x00, 0xFF, 0x00, 0x00, 0xFF, 0x00, 0x08, 0xFF, 0x21, 0x78, 0xFF, 0x21, 0xB8, 0xFF,
    0x00, 0xB0, 0xFF, 0x00, 0xB0, 0xFF, 0x00, 0xB0, 0xFF, 0x00, 0xB0, 0xFF, 0x00, 0xB0, 0xFF, 0x00, 0xB0, 0xFF,
    0x00, 0xA8, 0xFF, 0x00, 0xA8, 0xFF, 0x00, 0xA8, 0xFF, 0x00, 0xA8, 0xFF, 0x00, 0xA8, 0xFF, 0x00, 0xA8, 0xFF,
    0x00, 0xA8, 0xFF, 0x00, 0xA0, 0xFF, 0x00, 0xA0, 0xFF, 0x00, 0xA0, 0xFF, 0x00, 0xA0, 0xFF, 0x00, 0xA0, 0xFF,
    0x00, 0xA8, 0xFF, 0x40, 0x58, 0xFF, 0x00, 0x00, 0xFF, 0x00, 0x00, 0xFF, 0x00, 0x00, 0xFF, 0x00, 0x00, 0xFF,
    0x81, 0x08, 0xFF, 0xC2, 0x08, 0xFF, 0xE2, 0x08, 0xFF, 0x43, 0x11, 0xFF, 0x63, 0x11, 0xFF, 0x83, 0x11, 0xFF,
    0x83, 0x11, 0xFF, 0x22, 0x09, 0xFF, 0x02, 0x09, 0xFF, 0x02, 0x09, 0xFF, 0xE2, 0x08, 0xFF, 0x02, 0x09, 0xFF,
    0xE2, 0x00, 0xFF, 0xC2, 0x00, 0xFF, 0x03, 0x09, 0xF9, 0x24, 0x11, 0xD0, 0xA2, 0x00, 0x5B, 0xC2, 0x08, 0x15,
    0x02, 0x09, 0x0A, 0x23, 0x11, 0x3F, 0x02, 0x09, 0xC6, 0x46, 0x43, 0xF8, 0x69, 0x5C, 0xFF, 0xE3, 0x19, 0xFF,
    0xC2, 0x08, 0xFF, 0x42, 0x01, 0xFF, 0x65, 0x22, 0xFF, 0x45, 0x33, 0xFF, 0xA2, 0x22, 0xFF, 0x62, 0x22, 0xFF,
    0x83, 0x22, 0xFF, 0x62, 0x1A, 0xFF, 0x82, 0x22, 0xFF, 0xA3, 0x2A, 0xFF, 0x80, 0x08, 0xFF, 0x00, 0x00, 0xFF,
    0x00, 0x00, 0xFF, 0x00, 0x00, 0xFF, 0x00, 0x18, 0xFF, 0x20, 0x88, 0xFF, 0x00, 0xA0, 0xFF, 0x00, 0xA0, 0xFF,
    0x00, 0xA0, 0xFF, 0x00, 0xA0, 0xFF, 0x00, 0xA8, 0xFF, 0x00, 0xA8, 0xFF, 0x00, 0xA8, 0xFF, 0x00, 0xA8, 0xFF,
    0x00, 0xA8, 0xFF, 0x00, 0xA8, 0xFF, 0x00, 0xA8, 0xFF, 0x00, 0xA8, 0xFF, 0x00, 0xA8, 0xFF, 0x00, 0xA8, 0xFF,
    0x00, 0xB0, 0xFF, 0x00, 0xB0, 0xFF, 0x00, 0xB0, 0xFF, 0x00, 0xB0, 0xFF, 0x00, 0xB0, 0xFF, 0x00, 0xB0, 0xFF,
    0x00, 0xB0, 0xFF, 0x00, 0xB0, 0xFF, 0x00, 0xB8, 0xFF, 0x00, 0xB8, 0xFF, 0x00, 0xB8, 0xFF, 0x00, 0xB8, 0xFF,
    0x00, 0xB8, 0xFF, 0x00, 0xB8, 0xFF, 0x00, 0xB8, 0xFF, 0x00, 0xB8, 0xFF, 0x00, 0xC0, 0xFF, 0x00, 0xC0, 0xFF,
    0x00, 0xC0, 0xFF, 0x00, 0xC0, 0xFF, 0x00, 0xC0, 0xFF, 0x00, 0xB8, 0xFF, 0x00, 0xB8, 0xFF, 0x00, 0xB0, 0xFF,
    0x00, 0xB0, 0xFF, 0x00, 0xB8, 0xFF, 0x21, 0x98, 0xFF, 0x20, 0x28, 0xFF, 0x00, 0x00, 0xFF, 0x00, 0x00, 0xFF,
    0x00, 0x00, 0xFF, 0x00, 0x00, 0xFF, 0x00, 0x00, 0xFF, 0x00, 0x00, 0xFF, 0x00, 0x00, 0xFF, 0x00, 0x00, 0xFF,
    0x00, 0x00, 0xFF, 0x00, 0x00, 0xFF, 0x00, 0x00, 0xFF, 0x00, 0x00, 0xFF, 0x00, 0x00, 0xFF, 0x00, 0x00, 0xFF,
    0x00, 0x00, 0xFF, 0x00, 0x00, 0xFF, 0x00, 0x00, 0xFF, 0x00, 0x00, 0xFF, 0x00, 0x00, 0xFF, 0x00, 0x00, 0xFF,
    0x00, 0x00, 0xFF, 0x00, 0x00, 0xFF, 0x00, 0x00, 0xFF, 0x00, 0x00, 0xFF, 0x00, 0x00, 0xFF, 0x00, 0x00, 0xFF,
    0x00, 0x00, 0xFF, 0x00, 0x00, 0xFF, 0x00, 0x00, 0xFF, 0x00, 0x00, 0xFF, 0x00, 0x00, 0xFF, 0x00, 0x00, 0xFF,
    0x00, 0x00, 0xFF, 0x00, 0x00, 0xFF, 0x00, 0x00, 0xFF, 0x00, 0x00, 0xFF, 0x00, 0x00, 0xFF, 0x00, 0x00, 0xFF,
    0x00, 0x00, 0xFF, 0x00, 0x00, 0xFF, 0x00, 0x00, 0xFF, 0x00, 0x00, 0xFF, 0x00, 0x00, 0xFF, 0x00, 0x00, 0xFF,
    0x00, 0x00, 0xFF, 0x00, 0x00, 0xFF, 0x00, 0x00, 0xFF, 0x00, 0x00, 0xFF, 0x00, 0x00, 0xFF, 0x00, 0x00, 0xFF,
    0x00, 0x00, 0xFF, 0x00, 0x00, 0xFF, 0x00, 0x00, 0xFF, 0x00, 0x00, 0xFF, 0x00, 0x00, 0xFF, 0x00, 0x00, 0xFF,
    0x00, 0x00, 0xFF, 0x00, 0x00, 0xFF, 0x00, 0x00, 0xFF, 0x00, 0x00, 0xFF, 0x00, 0x00, 0xFF, 0x00, 0x00, 0xFF,
    0x00, 0x00, 0xFF, 0x00, 0x00, 0xFF, 0x00, 0x00, 0xFF, 0x00, 0x00, 0xFF, 0x00, 0x00, 0xFF, 0x00, 0x00, 0xFF,
    0x00, 0x00, 0xFF, 0x00, 0x00, 0xFF, 0x00, 0x00, 0xFF, 0x00, 0x00, 0xFF, 0x00, 0x18, 0xFF, 0x41, 0x88, 0xFF,
    0x00, 0xB8, 0xFF, 0x20, 0xA8, 0xFF, 0x00, 0xB0, 0xFF, 0x00, 0xB0, 0xFF, 0x00, 0xB0, 0xFF, 0x00, 0xB0, 0xFF,
    0x00, 0xA8, 0xFF, 0x00, 0xA8, 0xFF, 0x00, 0xA8, 0xFF, 0x00, 0xA8, 0xFF, 0x00, 0xA8, 0xFF, 0x00, 0xA8, 0xFF,
    0x00, 0xA8, 0xFF, 0x00, 0xA0, 0xFF, 0x00, 0xA0, 0xFF, 0x00, 0xA0, 0xFF, 0x00, 0xA0, 0xFF, 0x00, 0xA0, 0xFF,
    0x20, 0xA0, 0xFF, 0x20, 0x48, 0xFF, 0x00, 0x00, 0xFF, 0x00, 0x00, 0xFF, 0x00, 0x00, 0xFF, 0x00, 0x00, 0xFF,
    0x81, 0x08, 0xFF, 0xE2, 0x08, 0xFF, 0x43, 0x11, 0xFF, 0x83, 0x11, 0xFF, 0xC4, 0x19, 0xFF, 0xA3, 0x11, 0xFF,
    0x22, 0x09, 0xFF, 0x02, 0x09, 0xFF, 0x23, 0x09, 0xFF, 0x23, 0x09, 0xFF, 0x23, 0x11, 0xFF, 0x03, 0x09, 0xFF,
    0xE6, 0x21, 0xFF, 0x23, 0x11, 0xFF, 0x81, 0x00, 0xF8, 0xA2, 0x08, 0xC6, 0xC2, 0x08, 0x3F, 0xA2, 0x00, 0x0A,
    0x22, 0x09, 0x08, 0x43, 0x11, 0x3B, 0x02, 0x09, 0xC4, 0xC5, 0x32, 0xF8, 0xA9, 0x64, 0xFF, 0x44, 0x22, 0xFF,
    0xC2, 0x08, 0xFF, 0x23, 0x09, 0xFF, 0x01, 0x01, 0xFF, 0xC5, 0x2A, 0xFF, 0x04, 0x33, 0xFF, 0xC3, 0x2A, 0xFF,
    0xE3, 0x2A, 0xFF, 0x81, 0x1A, 0xFF, 0xA2, 0x22, 0xFF, 0xA3, 0x22, 0xFF, 0xE1, 0x08, 0xFF, 0x00, 0x00, 0xFF,
    0x00, 0x00, 0xFF, 0x00, 0x00, 0xFF, 0x00, 0x08, 0xFF, 0x20, 0x78, 0xFF, 0x00, 0xA0, 0xFF, 0x00, 0xA0, 0xFF,
    0x00, 0xA0, 0xFF, 0x00, 0xA0, 0xFF, 0x00, 0xA8, 0xFF, 0x00, 0xA8, 0xFF, 0x00, 0xA8, 0xFF, 0x00, 0xA8, 0xFF,
    0x00, 0xA8, 0xFF, 0x00, 0xA8, 0xFF, 0x00, 0xA8, 0xFF, 0x00, 0xA8, 0xFF, 0x00, 0xA8, 0xFF, 0x00, 0xA8, 0xFF,
    0x00, 0xB0, 0xFF, 0x00, 0xB0, 0xFF, 0x00, 0xB0, 0xFF, 0x00, 0xB0, 0xFF, 0x00, 0xB0, 0xFF, 0x00, 0xB0, 0xFF,
    0x00, 0xB0, 0xFF, 0x00, 0xB0, 0xFF, 0x00, 0xB0, 0xFF, 0x00, 0xB8, 0xFF, 0x00, 0xB8, 0xFF, 0x00, 0xB8, 0xFF,
    0x00, 0xB8, 0xFF, 0x00, 0xB8, 0xFF, 0x00, 0xB8, 0xFF, 0x00, 0xB8, 0xFF, 0x00, 0xC0, 0xFF, 0x00, 0xC0, 0xFF,
    0x00, 0xC0, 0xFF, 0x00, 0xC0, 0xFF, 0x00, 0xC0, 0xFF, 0x00, 0xB8, 0xFF, 0x00, 0xB8, 0xFF, 0x00, 0xB8, 0xFF,
    0x00, 0xB8, 0xFF, 0x21, 0xA8, 0xFF, 0x20, 0x48, 0xFF, 0x00, 0x00, 0xFF, 0x00, 0x00, 0xFF, 0x00, 0x00, 0xFF,
    0x00, 0x00, 0xFF, 0x00, 0x00, 0xFF, 0x00, 0x00, 0xFF, 0x00, 0x00, 0xFF, 0x00, 0x00, 0xFF, 0x00, 0x00, 0xFF,
    0x00, 0x00, 0xFF, 0x00, 0x00, 0xFF, 0x00, 0x00, 0xFF, 0x00, 0x00, 0xFF, 0x00, 0x00, 0xFF, 0x00, 0x00, 0xFF,
    0x00, 0x00, 0xFF, 0x00, 0x00, 0xFF, 0x00, 0x00, 0xFF, 0x00, 0x00, 0xFF, 0x00, 0x00, 0xFF, 0x00, 0x00, 0xFF,
    0x00, 0x00, 0xFF, 0x00, 0x00, 0xFF, 0x00, 0x00, 0xFF, 0x00, 0x00, 0xFF, 0x00, 0x00, 0xFF, 0x00, 0x00, 0xFF,
    0x00, 0x00, 0xFF, 0x00, 0x00, 0xFF, 0x00, 0x00, 0xFF, 0x00, 0x00, 0xFF, 0x00, 0x00, 0xFF, 0x00, 0x00, 0xFF,
    0x00, 0x00, 0xFF, 0x00, 0x00, 0xFF, 0x00, 0x00, 0xFF, 0x00, 0x00, 0xFF, 0x00, 0x00, 0xFF, 0x00, 0x00, 0xFF,
    0x00, 0x00, 0xFF, 0x00, 0x00, 0xFF, 0x00, 0x00, 0xFF, 0x00, 0x00, 0xFF, 0x00, 0x00, 0xFF, 0x00, 0x00, 0xFF,
    0x00, 0x00, 0xFF, 0x00, 0x00, 0xFF, 0x00, 0x00, 0xFF, 0x00, 0x00, 0xFF, 0x00, 0x00, 0xFF, 0x00, 0x00, 0xFF,
    0x00, 0x00, 0xFF, 0x00, 0x00, 0xFF, 0x00, 0x00, 0xFF, 0x00, 0x00, 0xFF, 0x00, 0x00, 0xFF, 0x00, 0x00, 0xFF,
    0x00, 0x00, 0xFF, 0x00, 0x00, 0xFF, 0x00, 0x00, 0xFF, 0x00, 0x00, 0xFF, 0x00, 0x00, 0xFF, 0x00, 0x00, 0xFF,
    0x00, 0x00, 0xFF, 0x00, 0x00, 0xFF, 0x00, 0x00, 0xFF, 0x00, 0x00, 0xFF, 0x00, 0x00, 0xFF, 0x00, 0x00, 0xFF,
    0x00, 0x00, 0xFF, 0x00, 0x00, 0xFF, 0x00, 0x00, 0xFF, 0x00, 0x00, 0xFF, 0x00, 0x00, 0xFF, 0x20, 0x38, 0xFF,
    0x41, 0xA0, 0xFF, 0x00, 0xB0, 0xFF, 0x00, 0xB0, 0xFF, 0x00, 0xB0, 0xFF, 0x00, 0xB0, 0xFF, 0x00, 0xB0, 0xFF,
    0x00, 0xA8, 0xFF, 0x00, 0xA8, 0xFF, 0x00, 0xA8, 0xFF, 0x00, 0xA8, 0xFF, 0x00, 0xA8, 0xFF, 0x00, 0xA8, 0xFF,
    0x00, 0xA8, 0xFF, 0x00, 0xA0, 0xFF, 0x00, 0xA0, 0xFF, 0x00, 0xA0, 0xFF, 0x00, 0xA0, 0xFF, 0x00, 0xA0, 0xFF,
    0x20, 0xA0, 0xFF, 0x20, 0x38, 0xFF, 0x00, 0x00, 0xFF, 0x00, 0x00, 0xFF, 0x00, 0x00, 0xFF, 0x00, 0x00, 0xFF,
    0xA2, 0x08, 0xFF, 0x63, 0x11, 0xFF, 0xA3, 0x11, 0xFF, 0xE4, 0x19, 0xFF, 0xC4, 0x19, 0xFF, 0x23, 0x09, 0xFF,
    0x02, 0x09, 0xFF, 0x03, 0x11, 0xFF, 0xE3, 0x08, 0xFF, 0xC3, 0x08, 0xFF, 0xA2, 0x08, 0xFF, 0x81, 0x00, 0xFF,
    0x24, 0x11, 0xFF, 0xC2, 0x08, 0xFF, 0x81, 0x00, 0xF8, 0x61, 0x00, 0xC4, 0x41, 0x00, 0x3B, 0x61, 0x00, 0x08,
    0x42, 0x09, 0x08, 0x63, 0x11, 0x3B, 0x02, 0x01, 0xC4, 0x03, 0x1A, 0xF8, 0xCA, 0x6C, 0xFF, 0xA5, 0x32, 0xFF,
    0xC2, 0x00, 0xFF, 0x22, 0x09, 0xFF, 0x23, 0x11, 0xFF, 0x63, 0x11, 0xFF, 0xE2, 0x11, 0xFF, 0x04, 0x33, 0xFF,
    0x48, 0x5C, 0xFF, 0xE2, 0x2A, 0xFF, 0xC3, 0x22, 0xFF, 0x24, 0x2B, 0xFF, 0x21, 0x11, 0xFF, 0x00, 0x00, 0xFF,
    0x00, 0x00, 0xFF, 0x00, 0x00, 0xFF, 0x00, 0x00, 0xFF, 0x20, 0x68, 0xFF, 0x00, 0xA8, 0xFF, 0x00, 0xA0, 0xFF,
    0x00, 0xA0, 0xFF, 0x00, 0xA0, 0xFF, 0x00, 0xA0, 0xFF, 0x00, 0xA0, 0xFF, 0x00, 0xA8, 0xFF, 0x00, 0xA8, 0xFF,
    0x00, 0xA8, 0xFF, 0x00, 0xA8, 0xFF, 0x00, 0xA8, 0xFF, 0x00, 0xA8, 0xFF, 0x00, 0xA8, 0xFF, 0x00, 0xA8, 0xFF,
    0x00, 0xB0, 0xFF, 0x00, 0xB0, 0xFF, 0x00, 0xB0, 0xFF, 0x00, 0xB0, 0xFF, 0x00, 0xB0, 0xFF, 0x00, 0xB0, 0xFF,
    0x00, 0xB0, 0xFF, 0x00, 0xB0, 0xFF, 0x00, 0xB0, 0xFF, 0x00, 0xB8, 0xFF, 0x00, 0xB8, 0xFF, 0x00, 0xB8, 0xFF,
    0x00, 0xB8, 0xFF, 0x00, 0xB8, 0xFF, 0x00, 0xB8, 0xFF, 0x00, 0xB8, 0xFF, 0x00, 0xC0, 0xFF, 0x00, 0xC0, 0xFF,
    0x00, 0xC0, 0xFF, 0x00, 0xC0, 0xFF, 0x00, 0xC0, 0xFF, 0x00, 0xB8, 0xFF, 0x00, 0xB8, 0xFF, 0x00, 0xB0, 0xFF,
    0x20, 0xB0, 0xFF, 0x41, 0x68, 0xFF, 0x00, 0x08, 0xFF, 0x00, 0x00, 0xFF, 0x00, 0x00, 0xFF, 0x00, 0x00, 0xFF,
    0x00, 0x00, 0xFF, 0x00, 0x00, 0xFF, 0x00, 0x00, 0xFF, 0x00, 0x00, 0xFF, 0x00, 0x00, 0xFF, 0x00, 0x00, 0xFF,
    0x00, 0x00, 0xFF, 0x00, 0x00, 0xFF, 0x00, 0x00, 0xFF, 0x00, 0x00, 0xFF, 0x00, 0x00, 0xFF, 0x00, 0x00, 0xFF,
    0x00, 0x00, 0xFF, 0x00, 0x00, 0xFF, 0x00, 0x00, 0xFF, 0x00, 0x00, 0xFF, 0x00, 0x00, 0xFF, 0x00, 0x00, 0xFF,
    0x00, 0x00, 0xFF, 0x00, 0x00, 0xFF, 0x00, 0x00, 0xFF, 0x00, 0x00, 0xFF, 0x00, 0x00, 0xFF, 0x00, 0x00, 0xFF,
    0x00, 0x00, 0xFF, 0x00, 0x00, 0xFF, 0x00, 0x00, 0xFF, 0x00, 0x00, 0xFF, 0x00, 0x00, 0xFF, 0x00, 0x00, 0xFF,
    0x00, 0x00, 0xFF, 0x00, 0x00, 0xFF, 0x00, 0x00, 0xFF, 0x00, 0x00, 0xFF, 0x00, 0x00, 0xFF, 0x00, 0x00, 0xFF,
    0x00, 0x00, 0xFF, 0x00, 0x00, 0xFF, 0x00, 0x00, 0xFF, 0x00, 0x00, 0xFF, 0x00, 0x00, 0xFF, 0x00, 0x00, 0xFF,
    0x00, 0x00, 0xFF, 0x00, 0x00, 0xFF, 0x00, 0x00, 0xFF, 0x00, 0x00, 0xFF, 0x00, 0x00, 0xFF, 0x00, 0x00, 0xFF,
    0x00, 0x00, 0xFF, 0x00, 0x00, 0xFF, 0x00, 0x00, 0xFF, 0x00, 0x00, 0xFF, 0x00, 0x00, 0xFF, 0x00, 0x00, 0xFF,
    0x00, 0x00, 0xFF, 0x00, 0x00, 0xFF, 0x00, 0x00, 0xFF, 0x00, 0x00, 0xFF, 0x00, 0x00, 0xFF, 0x00, 0x00, 0xFF,
    0x00, 0x00, 0xFF, 0x00, 0x00, 0xFF, 0x00, 0x00, 0xFF, 0x00, 0x00, 0xFF, 0x00, 0x00, 0xFF, 0x00, 0x00, 0xFF,
    0x00, 0x00, 0xFF, 0x00, 0x00, 0xFF, 0x20, 0x00, 0xFF, 0x00, 0x00, 0xFF, 0x00, 0x00, 0xFF, 0x00, 0x08, 0xFF,
    0x21, 0x60, 0xFF, 0x00, 0xB8, 0xFF, 0x00, 0xB0, 0xFF, 0x00, 0xA8, 0xFF, 0x00, 0xB0, 0xFF, 0x00, 0xB0, 0xFF,
    0x00, 0xA8, 0xFF, 0x00, 0xA8, 0xFF, 0x00, 0xA8, 0xFF, 0x00, 0xA8, 0xFF, 0x00, 0xA8, 0xFF, 0x00, 0xA8, 0xFF,
    0x00, 0xA8, 0xFF, 0x00, 0xA0, 0xFF, 0x00, 0xA0, 0xFF, 0x00, 0xA8, 0xFF, 0x00, 0xA0, 0xFF, 0x00, 0xA0, 0xFF,
    0x20, 0x98, 0xFF, 0x00, 0x20, 0xFF, 0x00, 0x00, 0xFF, 0x00, 0x00, 0xFF, 0x00, 0x00, 0xFF, 0x00, 0x00, 0xFF,
    0x02, 0x11, 0xFF, 0xA3, 0x19, 0xFF, 0xE4, 0x19, 0xFF, 0x83, 0x11, 0xFF, 0xC1, 0x00, 0xFF, 0xA2, 0x00, 0xFF,
    0xA2, 0x00, 0xFF, 0xA2, 0x00, 0xFF, 0x82, 0x00, 0xFF, 0x62, 0x00, 0xFF, 0x61, 0x00, 0xFF, 0x82, 0x00, 0xFF,
    0x61, 0x00, 0xFF, 0x82, 0x00, 0xFF, 0xA2, 0x08, 0xF8, 0xA2, 0x08, 0xC4, 0x82, 0x08, 0x3B, 0x61, 0x00, 0x08,
    0xA3, 0x11, 0x08, 0xA4, 0x11, 0x3B, 0x83, 0x11, 0xC4, 0x42, 0x09, 0xF8, 0x6A, 0x64, 0xFF, 0x26, 0x3B, 0xFF,
    0xC2, 0x00, 0xFF, 0xE2, 0x08, 0xFF, 0x02, 0x09, 0xFF, 0x02, 0x09, 0xFF, 0xA2, 0x00, 0xFF, 0x21, 0x09, 0xFF,
    0xA5, 0x32, 0xFF, 0x04, 0x33, 0xFF, 0x23, 0x33, 0xFF, 0x64, 0x33, 0xFF, 0xE2, 0x21, 0xFF, 0x00, 0x00, 0xFF,
    0x00, 0x00, 0xFF, 0x00, 0x00, 0xFF, 0x00, 0x00, 0xFF, 0x21, 0x48, 0xFF, 0x00, 0xA8, 0xFF, 0x00, 0xA0, 0xFF,
    0x00, 0xA0, 0xFF, 0x00, 0xA0, 0xFF, 0x00, 0xA0, 0xFF, 0x00, 0xA0, 0xFF, 0x00, 0xA8, 0xFF, 0x00, 0xA8, 0xFF,
    0x00, 0xA8, 0xFF, 0x00, 0xA8, 0xFF, 0x00, 0xA8, 0xFF, 0x00, 0xA8, 0xFF, 0x00, 0xA8, 0xFF, 0x00, 0xA8, 0xFF,
    0x00, 0xB0, 0xFF, 0x00, 0xB0, 0xFF, 0x00, 0xB0, 0xFF, 0x00, 0xB0, 0xFF, 0x00, 0xB0, 0xFF, 0x00, 0xB0, 0xFF,
    0x00, 0xB0, 0xFF, 0x00, 0xB8, 0xFF, 0x00, 0xB8, 0xFF, 0x00, 0xB8, 0xFF, 0x00, 0xB8, 0xFF, 0x00, 0xB8, 0xFF,
    0x00, 0xB8, 0xFF, 0x00, 0xB8, 0xFF, 0x00, 0xB8, 0xFF, 0x00, 0xC0, 0xFF, 0x00, 0xC0, 0xFF, 0x00, 0xC0, 0xFF,
    0x00, 0xC0, 0xFF, 0x00, 0xC0, 0xFF, 0x00, 0xC0, 0xFF, 0x00, 0xB8, 0xFF, 0x00, 0xB8, 0xFF, 0x00, 0xB8, 0xFF,
    0x21, 0x78, 0xFF, 0x00, 0x10, 0xFF, 0x00, 0x00, 0xFF, 0x00, 0x00, 0xFF, 0x00, 0x00, 0xFF, 0x00, 0x00, 0xFF,
    0x00, 0x00, 0xFF, 0x00, 0x00, 0xFF, 0x00, 0x00, 0xFF, 0x00, 0x00, 0xFF, 0x00, 0x00, 0xFF, 0x00, 0x00, 0xFF,
    0x00, 0x00, 0xFF, 0x00, 0x00, 0xFF, 0x00, 0x00, 0xFF, 0x00, 0x00, 0xFF, 0x00, 0x00, 0xFF, 0x00, 0x00, 0xFF,
    0x00, 0x00, 0xFF, 0x00, 0x00, 0xFF, 0x00, 0x00, 0xFF, 0x00, 0x00, 0xFF, 0x00, 0x00, 0xFF, 0x00, 0x00, 0xFF,
    0x00, 0x00, 0xFF, 0x00, 0x00, 0xFF, 0x00, 0x00, 0xFF, 0x00, 0x00, 0xFF, 0x00, 0x00, 0xFF, 0x00, 0x00, 0xFF,
    0x00, 0x00, 0xFF, 0x00, 0x00, 0xFF, 0x00, 0x00, 0xFF, 0x00, 0x00, 0xFF, 0x00, 0x00, 0xFF, 0x00, 0x00, 0xFF,
    0x00, 0x00, 0xFF, 0x00, 0x00, 0xFF, 0x00, 0x00, 0xFF, 0x00, 0x00, 0xFF, 0x00, 0x00, 0xFF, 0x00, 0x00, 0xFF,
    0x00, 0x00, 0xFF, 0x00, 0x00, 0xFF, 0x00, 0x00, 0xFF, 0x00, 0x00, 0xFF, 0x00, 0x00, 0xFF, 0x00, 0x00, 0xFF,
    0x00, 0x00, 0xFF, 0x00, 0x00, 0xFF, 0x00, 0x00, 0xFF, 0x00, 0x00, 0xFF, 0x00, 0x00, 0xFF, 0x00, 0x00, 0xFF,
    0x00, 0x00, 0xFF, 0x00, 0x00, 0xFF, 0x00, 0x00, 0xFF, 0x00, 0x00, 0xFF, 0x00, 0x00, 0xFF, 0x00, 0x00, 0xFF,
    0x00, 0x00, 0xFF, 0x00, 0x00, 0xFF, 0x00, 0x00, 0xFF, 0x00, 0x00, 0xFF, 0x00, 0x00, 0xFF, 0x00, 0x00, 0xFF,
    0x00, 0x00, 0xFF, 0x00, 0x00, 0xFF, 0x00, 0x00, 0xFF, 0x00, 0x00, 0xFF, 0x00, 0x00, 0xFF, 0x00, 0x00, 0xFF,
    0x00, 0x00, 0xFF, 0x00, 0x00, 0xFF, 0x00, 0x00, 0xFF, 0x00, 0x00, 0xFF, 0x00, 0x00, 0xFF, 0x00, 0x00, 0xFF,
    0x00, 0x18, 0xFF, 0x40, 0x90, 0xFF, 0x00, 0xB0, 0xFF, 0x00, 0xA8, 0xFF, 0x00, 0xB0, 0xFF, 0x00, 0xA8, 0xFF,
    0x00, 0xA8, 0xFF, 0x00, 0xA8, 0xFF, 0x00, 0xA8, 0xFF, 0x00, 0xA8, 0xFF, 0x00, 0xA8, 0xFF, 0x00, 0xA8, 0xFF,
    0x00, 0xA0, 0xFF, 0x00, 0xA0, 0xFF, 0x00, 0xA0, 0xFF, 0x00, 0xA8, 0xFF, 0x00, 0xA0, 0xFF, 0x00, 0xA8, 0xFF,
    0x21, 0x80, 0xFF, 0x00, 0x10, 0xFF, 0x00, 0x00, 0xFF, 0x00, 0x00, 0xFF, 0x00, 0x00, 0xFF, 0x81, 0x00, 0xFF,
    0x45, 0x22, 0xFF, 0x65, 0x22, 0xFF, 0x63, 0x11, 0xFF, 0x81, 0x00, 0xFF, 0x61, 0x00, 0xFF, 0x82, 0x00, 0xFF,
    0x82, 0x00, 0xFF, 0x62, 0x00, 0xFF, 0x62, 0x00, 0xFF, 0x61, 0x00, 0xFF, 0x82, 0x00, 0xFF, 0x82, 0x00, 0xFF,
    0x82, 0x08, 0xFF, 0xA2, 0x08, 0xFF, 0x82, 0x00, 0xF8, 0xA2, 0x08, 0xC4, 0xA2, 0x08, 0x3B, 0xA2, 0x08, 0x08,
    0x04, 0x12, 0x08, 0x05, 0x1A, 0x39, 0xA4, 0x11, 0xC0, 0x02, 0x01, 0xF6, 0x67, 0x4B, 0xFF, 0x28, 0x5C, 0xFF,
    0xC3, 0x19, 0xFF, 0xA5, 0x21, 0xFF, 0xC4, 0x21, 0xFF, 0xA4, 0x19, 0xFF, 0x24, 0x19, 0xFF, 0xE3, 0x10, 0xFF,
    0xA1, 0x00, 0xFF, 0x62, 0x11, 0xFF, 0x23, 0x22, 0xFF, 0xE4, 0x2A, 0xFF, 0xA5, 0x2A, 0xFF, 0x20, 0x00, 0xFF,
    0x00, 0x00, 0xFF, 0x00, 0x00, 0xFF, 0x00, 0x00, 0xFF, 0x00, 0x30, 0xFF, 0x21, 0xA0, 0xFF, 0x00, 0xA0, 0xFF,
    0x00, 0xA0, 0xFF, 0x00, 0xA0, 0xFF, 0x00, 0xA0, 0xFF, 0x00, 0xA0, 0xFF, 0x00, 0xA8, 0xFF, 0x00, 0xA8, 0xFF,
    0x00, 0xA8, 0xFF, 0x00, 0xA8, 0xFF, 0x00, 0xA8, 0xFF, 0x00, 0xA8, 0xFF, 0x00, 0xA8, 0xFF, 0x00, 0xA8, 0xFF,
    0x00, 0xB0, 0xFF, 0x00, 0xB0, 0xFF, 0x00, 0xB0, 0xFF, 0x00, 0xB0, 0xFF, 0x00, 0xB0, 0xFF, 0x00, 0xB0, 0xFF,
    0x00, 0xB0, 0xFF, 0x00, 0xB8, 0xFF, 0x00, 0xB8, 0xFF, 0x00, 0xB8, 0xFF, 0x00, 0xB8, 0xFF, 0x00, 0xB8, 0xFF,
    0x00, 0xB8, 0xFF, 0x00, 0xB8, 0xFF, 0x00, 0xB8, 0xFF, 0x00, 0xC0, 0xFF, 0x00, 0xC0, 0xFF, 0x00, 0xC0, 0xFF,
    0x00, 0xC0, 0xFF, 0x00, 0xC0, 0xFF, 0x00, 0xB8, 0xFF, 0x00, 0xC0, 0xFF, 0x20, 0xC0, 0xFF, 0x21, 0x88, 0xFF,
    0x00, 0x18, 0xFF, 0x20, 0x00, 0xFF, 0x00, 0x00, 0xFF, 0x00, 0x00, 0xFF, 0x00, 0x00, 0xFF, 0x00, 0x00, 0xFF,
    0x00, 0x00, 0xFF, 0x00, 0x00, 0xFF, 0x00, 0x00, 0xFF, 0x00, 0x00, 0xFF, 0x00, 0x00, 0xFF, 0x00, 0x00, 0xFF,
    0x00, 0x00, 0xFF, 0x00, 0x00, 0xFF, 0x00, 0x00, 0xFF, 0x00, 0x00, 0xFF, 0x00, 0x00, 0xFF, 0x00, 0x00, 0xFF,
    0x00, 0x00, 0xFF, 0x00, 0x00, 0xFF, 0x00, 0x00, 0xFF, 0x00, 0x00, 0xFF, 0x00, 0x00, 0xFF, 0x00, 0x00, 0xFF,
    0x00, 0x00, 0xFF, 0x00, 0x00, 0xFF, 0x00, 0x00, 0xFF, 0x00, 0x00, 0xFF, 0x00, 0x00, 0xFF, 0x00, 0x00, 0xFF,
    0x00, 0x00, 0xFF, 0x00, 0x00, 0xFF, 0x00, 0x00, 0xFF, 0x00, 0x00, 0xFF, 0x00, 0x00, 0xFF, 0x00, 0x00, 0xFF,
    0x00, 0x00, 0xFF, 0x00, 0x00, 0xFF, 0x00, 0x00, 0xFF, 0x00, 0x00, 0xFF, 0x00, 0x00, 0xFF, 0x00, 0x00, 0xFF,
    0x00, 0x00, 0xFF, 0x00, 0x00, 0xFF, 0x00, 0x00, 0xFF, 0x00, 0x00, 0xFF, 0x00, 0x00, 0xFF, 0x00, 0x00, 0xFF,
    0x00, 0x00, 0xFF, 0x00, 0x00, 0xFF, 0x00, 0x00, 0xFF, 0x00, 0x00, 0xFF, 0x00, 0x00, 0xFF, 0x00, 0x00, 0xFF,
    0x00, 0x00, 0xFF, 0x00, 0x00, 0xFF, 0x00, 0x00, 0xFF, 0x00, 0x00, 0xFF, 0x00, 0x00, 0xFF, 0x00, 0x00, 0xFF,
    0x00, 0x00, 0xFF, 0x00, 0x00, 0xFF, 0x00, 0x00, 0xFF, 0x00, 0x00, 0xFF, 0x00, 0x00, 0xFF, 0x00, 0x00, 0xFF,
    0x00, 0x00, 0xFF, 0x00, 0x00, 0xFF, 0x00, 0x00, 0xFF, 0x00, 0x00, 0xFF, 0x00, 0x00, 0xFF, 0x00, 0x00, 0xFF,
    0x00, 0x00, 0xFF, 0x00, 0x00, 0xFF, 0x00, 0x00, 0xFF, 0x00, 0x00, 0xFF, 0x00, 0x00, 0xFF, 0x00, 0x00, 0xFF,
    0x00, 0x00, 0xFF, 0x20, 0x40, 0xFF, 0x20, 0xA8, 0xFF, 0x00, 0xA8, 0xFF, 0x00, 0xA8, 0xFF, 0x00, 0xA8, 0xFF,
    0x00, 0xA8, 0xFF, 0x00, 0xA8, 0xFF, 0x00, 0xA8, 0xFF, 0x00, 0xA8, 0xFF, 0x00, 0xA8, 0xFF, 0x00, 0xA8, 0xFF,
    0x00, 0xA0, 0xFF, 0x00, 0xA0, 0xFF, 0x00, 0xA0, 0xFF, 0x00, 0xA0, 0xFF, 0x00, 0xA0, 0xFF, 0x00, 0xA8, 0xFF,
    0x21, 0x68, 0xFF, 0x00, 0x00, 0xFF, 0x00, 0x00, 0xFF, 0x00, 0x00, 0xFF, 0x00, 0x00, 0xFF, 0x02, 0x11, 0xFF,
    0x86, 0x22, 0xFF, 0x43, 0x09, 0xFF, 0x81, 0x00, 0xFF, 0x81, 0x00, 0xFF, 0x82, 0x08, 0xFF, 0x82, 0x08, 0xFF,
    0x82, 0x00, 0xFF, 0x82, 0x00, 0xFF, 0x61, 0x00, 0xFF, 0x61, 0x00, 0xFF, 0x82, 0x00, 0xFF, 0x82, 0x08, 0xFF,
    0x82, 0x08, 0xFF, 0x82, 0x08, 0xFF, 0xA2, 0x00, 0xF6, 0xA2, 0x00, 0xC0, 0xA2, 0x08, 0x39, 0xA2, 0x08, 0x08,
    0x86, 0x1A, 0x06, 0x45, 0x1A, 0x2F, 0xC3, 0x11, 0xA4, 0x03, 0x1A, 0xEC, 0x46, 0x43, 0xFE, 0xE8, 0x53, 0xFF,
    0x67, 0x43, 0xFF, 0x05, 0x2A, 0xFF, 0xA4, 0x19, 0xFF, 0xA3, 0x19, 0xFF, 0xA7, 0x42, 0xFF, 0xE5, 0x31, 0xFF,
    0x64, 0x19, 0xFF, 0xE2, 0x08, 0xFF, 0xE3, 0x08, 0xFF, 0x62, 0x09, 0xFF, 0xC3, 0x19, 0xFF, 0x60, 0x00, 0xFF,
    0x00, 0x00, 0xFF, 0x00, 0x00, 0xFF, 0x00, 0x00, 0xFF, 0x00, 0x18, 0xFF, 0x21, 0x88, 0xFF, 0x00, 0xA0, 0xFF,
    0x00, 0xA0, 0xFF, 0x00, 0xA0, 0xFF, 0x00, 0xA0, 0xFF, 0x00, 0xA0, 0xFF, 0x00, 0xA0, 0xFF, 0x00, 0xA8, 0xFF,
    0x00, 0xA8, 0xFF, 0x00, 0xA8, 0xFF, 0x00, 0xA8, 0xFF, 0x00, 0xA8, 0xFF, 0x00, 0xA8, 0xFF, 0x00, 0xA8, 0xFF,
    0x00, 0xB0, 0xFF, 0x00, 0xB0, 0xFF, 0x00, 0xB0, 0xFF, 0x00, 0xB0, 0xFF, 0x00, 0xB0, 0xFF, 0x00, 0xB0, 0xFF,
    0x00, 0xB0, 0xFF, 0x00, 0xB8, 0xFF, 0x00, 0xB8, 0xFF, 0x00, 0xB8, 0xFF, 0x00, 0xB8, 0xFF, 0x00, 0xB8, 0xFF,
    0x00, 0xB8, 0xFF, 0x00, 0xB8, 0xFF, 0x00, 0xB8, 0xFF, 0x00, 0xB8, 0xFF, 0x00, 0xB8, 0xFF, 0x00, 0xB8, 0xFF,
    0x00, 0xB8, 0xFF, 0x20, 0xB8, 0xFF, 0x00, 0xC0, 0xFF, 0x21, 0xC0, 0xFF, 0x21, 0x78, 0xFF, 0x00, 0x18, 0xFF,
    0x20, 0x00, 0xFF, 0x00, 0x08, 0xFF, 0x00, 0x00, 0xFF, 0x00, 0x00, 0xFF, 0x00, 0x00, 0xFF, 0x00, 0x00, 0xFF,
    0x00, 0x00, 0xFF, 0x00, 0x00, 0xFF, 0x00, 0x00, 0xFF, 0x00, 0x00, 0xFF, 0x00, 0x00, 0xFF, 0x00, 0x00, 0xFF,
    0x00, 0x00, 0xFF, 0x00, 0x00, 0xFF, 0x00, 0x00, 0xFF, 0x00, 0x00, 0xFF, 0x00, 0x00, 0xFF, 0x00, 0x00, 0xFF,
    0x00, 0x00, 0xFF, 0x00, 0x00, 0xFF, 0x00, 0x00, 0xFF, 0x00, 0x00, 0xFF, 0x00, 0x00, 0xFF, 0x00, 0x00, 0xFF,
    0x00, 0x00, 0xFF, 0x00, 0x00, 0xFF, 0x00, 0x00, 0xFF, 0x00, 0x00, 0xFF, 0x00, 0x00, 0xFF, 0x00, 0x00, 0xFF,
    0x00, 0x00, 0xFF, 0x00, 0x00, 0xFF, 0x00, 0x00, 0xFF, 0x00, 0x00, 0xFF, 0x00, 0x00, 0xFF, 0x00, 0x00, 0xFF,
    0x00, 0x00, 0xFF, 0x00, 0x00, 0xFF, 0x00, 0x00, 0xFF, 0x00, 0x00, 0xFF, 0x00, 0x00, 0xFF, 0x00, 0x00, 0xFF,
    0x00, 0x00, 0xFF, 0x00, 0x00, 0xFF, 0x00, 0x00, 0xFF, 0x00, 0x00, 0xFF, 0x00, 0x00, 0xFF, 0x00, 0x00, 0xFF,
    0x00, 0x00, 0xFF, 0x00, 0x00, 0xFF, 0x00, 0x00, 0xFF, 0x00, 0x00, 0xFF, 0x00, 0x00, 0xFF, 0x00, 0x00, 0xFF,
    0x00, 0x00, 0xFF, 0x00, 0x00, 0xFF, 0x00, 0x00, 0xFF, 0x00, 0x00, 0xFF, 0x00, 0x00, 0xFF, 0x00, 0x00, 0xFF,
    0x00, 0x00, 0xFF, 0x00, 0x00, 0xFF, 0x00, 0x00, 0xFF, 0x00, 0x00, 0xFF, 0x00, 0x00, 0xFF, 0x00, 0x00, 0xFF,
    0x00, 0x00, 0xFF, 0x00, 0x00, 0xFF, 0x00, 0x00, 0xFF, 0x00, 0x00, 0xFF, 0x00, 0x00, 0xFF, 0x00, 0x00, 0xFF,
    0x00, 0x00, 0xFF, 0x00, 0x00, 0xFF, 0x00, 0x00, 0xFF, 0x00, 0x00, 0xFF, 0x00, 0x00, 0xFF, 0x00, 0x00, 0xFF,
    0x00, 0x00, 0xFF, 0x00, 0x08, 0xFF, 0x41, 0x78, 0xFF, 0x20, 0xB0, 0xFF, 0x00, 0xA8, 0xFF, 0x00, 0xA8, 0xFF,
    0x00, 0xA8, 0xFF, 0x00, 0xA8, 0xFF, 0x00, 0xA8, 0xFF, 0x00, 0xA8, 0xFF, 0x00, 0xA8, 0xFF, 0x00, 0xA8, 0xFF,
    0x00, 0xA0, 0xFF, 0x00, 0xA0, 0xFF, 0x00, 0xA0, 0xFF, 0x00, 0xA0, 0xFF, 0x00, 0xA0, 0xFF, 0x00, 0xA8, 0xFF,
    0x20, 0x48, 0xFF, 0x00, 0x00, 0xFF, 0x00, 0x00, 0xFF, 0x00, 0x00, 0xFF, 0x00, 0x00, 0xFF, 0xA2, 0x08, 0xFF,
    0xE2, 0x08, 0xFF, 0x81, 0x00, 0xFF, 0xA2, 0x08, 0xFF, 0xC2, 0x00, 0xFF, 0xC2, 0x00, 0xFF, 0xA2, 0x08, 0xFF,
    0xA3, 0x08, 0xFF, 0xA2, 0x08, 0xFF, 0xA2, 0x00, 0xFF, 0x82, 0x00, 0xFF, 0x82, 0x00, 0xFF, 0xA2, 0x08, 0xFF,
    0x82, 0x08, 0xFF, 0xA2, 0x00, 0xFE, 0xA2, 0x00, 0xEC, 0xA2, 0x00, 0xA4, 0xC2, 0x08, 0x2F, 0xA2, 0x00, 0x06,
    0x68, 0x33, 0x02, 0x06, 0x2B, 0x13, 0x84, 0x22, 0x5B, 0xC4, 0x32, 0xD0, 0x66, 0x4B, 0xF9, 0x46, 0x43, 0xFF,
    0x84, 0x2A, 0xFF, 0xA3, 0x19, 0xFF, 0x62, 0x09, 0xFF, 0x63, 0x22, 0xFF, 0x27, 0x4B, 0xFF, 0x84, 0x21, 0xFF,
    0xE2, 0x08, 0xFF, 0xE2, 0x08, 0xFF, 0x22, 0x11, 0xFF, 0x22, 0x09, 0xFF, 0x22, 0x09, 0xFF, 0x60, 0x00, 0xFF,
    0x00, 0x00, 0xFF, 0x00, 0x00, 0xFF, 0x00, 0x00, 0xFF, 0x00, 0x08, 0xFF, 0x20, 0x70, 0xFF, 0x00, 0xA8, 0xFF,
    0x00, 0xA0, 0xFF, 0x00, 0xA0, 0xFF, 0x00, 0xA0, 0xFF, 0x00, 0xA0, 0xFF, 0x00, 0xA0, 0xFF, 0x00, 0xA8, 0xFF,
    0x00, 0xA8, 0xFF, 0x00, 0xA8, 0xFF, 0x00, 0xA8, 0xFF, 0x00, 0xA8, 0xFF, 0x00, 0xA8, 0xFF, 0x00, 0xA8, 0xFF,
    0x00, 0xB0, 0xFF, 0x00, 0xB0, 0xFF, 0x00, 0xB0, 0xFF, 0x00, 0xB0, 0xFF, 0x00, 0xB0, 0xFF, 0x00, 0xB0, 0xFF,
    0x00, 0xB0, 0xFF, 0x00, 0xB0, 0xFF, 0x00, 0xB8, 0xFF, 0x00, 0xB8, 0xFF, 0x00, 0xB8, 0xFF, 0x00, 0xB8, 0xFF,
    0x00, 0xB8, 0xFF, 0x00, 0xB8, 0xFF, 0x00, 0xB8, 0xFF, 0x00, 0xB8, 0xFF, 0x20, 0xB8, 0xFF, 0x00, 0xB8, 0xFF,
    0x00, 0xC0, 0xFF, 0x00, 0xC0, 0xFF, 0x21, 0xB8, 0xFF, 0x21, 0x68, 0xFF, 0x20, 0x08, 0xFF, 0x00, 0x00, 0xFF,
    0x00, 0x00, 0xFF, 0x00, 0x00, 0xFF, 0x00, 0x00, 0xFF, 0x00, 0x00, 0xFF, 0x00, 0x00, 0xFF, 0x00, 0x00, 0xFF,
    0x00, 0x00, 0xFF, 0x00, 0x00, 0xFF, 0x00, 0x00, 0xFF, 0x00, 0x00, 0xFF, 0x00, 0x00, 0xFF, 0x00, 0x00, 0xFF,
    0x00, 0x00, 0xFF, 0x00, 0x00, 0xFF, 0x00, 0x00, 0xFF, 0x00, 0x00, 0xFF, 0x00, 0x00, 0xFF, 0x00, 0x00, 0xFF,
    0x00, 0x00, 0xFF, 0x00, 0x00, 0xFF, 0x00, 0x00, 0xFF, 0x00, 0x00, 0xFF, 0x00, 0x00, 0xFF, 0x00, 0x00, 0xFF,
    0x00, 0x00, 0xFF, 0x00, 0x00, 0xFF, 0x00, 0x00, 0xFF, 0x00, 0x00, 0xFF, 0x00, 0x00, 0xFF, 0x00, 0x00, 0xFF,
    0x00, 0x00, 0xFF, 0x00, 0x00, 0xFF, 0x00, 0x00, 0xFF, 0x00, 0x00, 0xFF, 0x00, 0x00, 0xFF, 0x00, 0x00, 0xFF,
    0x00, 0x00, 0xFF, 0x00, 0x00, 0xFF, 0x00, 0x00, 0xFF, 0x00, 0x00, 0xFF, 0x00, 0x00, 0xFF, 0x00, 0x00, 0xFF,
    0x00, 0x00, 0xFF, 0x00, 0x00, 0xFF, 0x00, 0x00, 0xFF, 0x00, 0x00, 0xFF, 0x00, 0x00, 0xFF, 0x00, 0x00, 0xFF,
    0x00, 0x00, 0xFF, 0x00, 0x08, 0xFF, 0x00, 0x00, 0xFF, 0x00, 0x00, 0xFF, 0x00, 0x00, 0xFF, 0x00, 0x00, 0xFF,
    0x00, 0x00, 0xFF, 0x00, 0x00, 0xFF, 0x00, 0x00, 0xFF, 0x00, 0x00, 0xFF, 0x00, 0x00, 0xFF, 0x00, 0x00, 0xFF,
    0x00, 0x00, 0xFF, 0x00, 0x00, 0xFF, 0x00, 0x00, 0xFF, 0x00, 0x00, 0xFF, 0x00, 0x00, 0xFF, 0x00, 0x00, 0xFF,
    0x00, 0x00, 0xFF, 0x00, 0x00, 0xFF, 0x00, 0x00, 0xFF, 0x00, 0x00, 0xFF, 0x00, 0x00, 0xFF, 0x00, 0x00, 0xFF,
    0x00, 0x00, 0xFF, 0x00, 0x00, 0xFF, 0x00, 0x00, 0xFF, 0x00, 0x00, 0xFF, 0x00, 0x00, 0xFF, 0x00, 0x00, 0xFF,
    0x00, 0x00, 0xFF, 0x00, 0x00, 0xFF, 0x20, 0x30, 0xFF, 0x21, 0xA0, 0xFF, 0x00, 0xA8, 0xFF, 0x00, 0xA8, 0xFF,
    0x00, 0xA8, 0xFF, 0x00, 0xA8, 0xFF, 0x00, 0xA8, 0xFF, 0x00, 0xA8, 0xFF, 0x00, 0xA8, 0xFF, 0x00, 0xA8, 0xFF,
    0x00, 0xA0, 0xFF, 0x00, 0xA0, 0xFF, 0x00, 0xA0, 0xFF, 0x00, 0xA0, 0xFF, 0x00, 0xA0, 0xFF, 0x20, 0x98, 0xFF,
    0x20, 0x28, 0xFF, 0x00, 0x00, 0xFF, 0x00, 0x00, 0xFF, 0x00, 0x00, 0xFF, 0x00, 0x00, 0xFF, 0x82, 0x08, 0xFF,
    0xC3, 0x08, 0xFF, 0xE2, 0x08, 0xFF, 0xE3, 0x08, 0xFF, 0xE2, 0x08, 0xFF, 0xE3, 0x00, 0xFF, 0xC3, 0x08, 0xFF,
    0xA2, 0x08, 0xFF, 0xC2, 0x08, 0xFF, 0xA2, 0x08, 0xFF, 0xC2, 0x08, 0xFF, 0x44, 0x11, 0xFF, 0x23, 0x09, 0xFF,
    0xE2, 0x08, 0xFF, 0xE2, 0x00, 0xF9, 0xE2, 0x08, 0xD0, 0xC2, 0x08, 0x5B, 0xC2, 0x00, 0x13, 0xC2, 0x08, 0x02,
    0xA5, 0x22, 0x00, 0x65, 0x22, 0x09, 0x43, 0x22, 0x3F, 0xA6, 0x4B, 0xC6, 0xA7, 0x5B, 0xF8, 0x4D, 0x9D, 0xFF,
    0x03, 0x22, 0xFF, 0xE1, 0x00, 0xFF, 0x43, 0x22, 0xFF, 0x45, 0x33, 0xFF, 0x62, 0x09, 0xFF, 0xC2, 0x08, 0xFF,
    0xA4, 0x21, 0xFF, 0x22, 0x11, 0xFF, 0x42, 0x09, 0xFF, 0x82, 0x11, 0xFF, 0x62, 0x11, 0xFF, 0xC1, 0x08, 0xFF,
    0x00, 0x00, 0xFF, 0x00, 0x00, 0xFF, 0x00, 0x00, 0xFF, 0x00, 0x00, 0xFF, 0x20, 0x50, 0xFF, 0x00, 0xA8, 0xFF,
    0x00, 0xA0, 0xFF, 0x00, 0xA0, 0xFF, 0x00, 0xA0, 0xFF, 0x00, 0xA8, 0xFF, 0x00, 0xA0, 0xFF, 0x00, 0xA8, 0xFF,
    0x00, 0xA8, 0xFF, 0x00, 0xA8, 0xFF, 0x00, 0xA8, 0xFF, 0x00, 0xA8, 0xFF, 0x00, 0xA8, 0xFF, 0x00, 0xA8, 0xFF,
    0x00, 0xA8, 0xFF, 0x00, 0xB0, 0xFF, 0x00, 0xB0, 0xFF, 0x00, 0xB0, 0xFF, 0x00, 0xB0, 0xFF, 0x00, 0xB0, 0xFF,
    0x00, 0xB0, 0xFF, 0x00, 0xB0, 0xFF, 0x00, 0xB0, 0xFF, 0x00, 0xB8, 0xFF, 0x00, 0xB8, 0xFF, 0x00, 0xB0, 0xFF,
    0x00, 0xB8, 0xFF, 0x00, 0xB8, 0xFF, 0x00, 0xB8, 0xFF, 0x00, 0xB8, 0xFF, 0x00, 0xB8, 0xFF, 0x00, 0xB8, 0xFF,
    0x20, 0xC0, 0xFF, 0x41, 0x98, 0xFF, 0x20, 0x40, 0xFF, 0x00, 0x00, 0xFF, 0x00, 0x00, 0xFF, 0x00, 0x00, 0xFF,
    0x00, 0x00, 0xFF, 0x00, 0x00, 0xFF, 0x00, 0x00, 0xFF, 0x00, 0x00, 0xFF, 0x00, 0x00, 0xFF, 0x00, 0x00, 0xFF,
    0x00, 0x00, 0xFF, 0x00, 0x00, 0xFF, 0x00, 0x00, 0xFF, 0x00, 0x00, 0xFF, 0x00, 0x00, 0xFF, 0x00, 0x00, 0xFF,
    0x00, 0x00, 0xFF, 0x00, 0x00, 0xFF, 0x00, 0x00, 0xFF, 0x00, 0x00, 0xFF, 0x00, 0x00, 0xFF, 0x00, 0x00, 0xFF,
    0x00, 0x00, 0xFF, 0x00, 0x00, 0xFF, 0x00, 0x00, 0xFF, 0x00, 0x00, 0xFF, 0x00, 0x00, 0xFF, 0x00, 0x00, 0xFF,
    0x00, 0x00, 0xFF, 0x00, 0x00, 0xFF, 0x00, 0x00, 0xFF, 0x00, 0x00, 0xFF, 0x00, 0x00, 0xFF, 0x00, 0x00, 0xFF,
    0x00, 0x00, 0xFF, 0x00, 0x00, 0xFF, 0x00, 0x00, 0xFF, 0x00, 0x00, 0xFF, 0x00, 0x00, 0xFF, 0x00, 0x00, 0xFF,
    0x00, 0x00, 0xFF, 0x00, 0x00, 0xFF, 0x00, 0x00, 0xFF, 0x00, 0x00, 0xFF, 0x00, 0x00, 0xFF, 0x00, 0x08, 0xFF,
    0x00, 0x10, 0xFF, 0x00, 0x28, 0xFF, 0x20, 0x40, 0xFF, 0x20, 0x58, 0xFF, 0x20, 0x68, 0xFF, 0x21, 0x70, 0xFF,
    0x21, 0x78, 0xFF, 0x20, 0x78, 0xFF, 0x20, 0x78, 0xFF, 0x21, 0x78, 0xFF, 0x21, 0x68, 0xFF, 0x20, 0x50, 0xFF,
    0x20, 0x38, 0xFF, 0x00, 0x20, 0xFF, 0x00, 0x00, 0xFF, 0x00, 0x00, 0xFF, 0x00, 0x00, 0xFF, 0x00, 0x00, 0xFF,
    0x00, 0x00, 0xFF, 0x00, 0x00, 0xFF, 0x00, 0x00, 0xFF, 0x00, 0x00, 0xFF, 0x00, 0x00, 0xFF, 0x00, 0x00, 0xFF,
    0x00, 0x00, 0xFF, 0x00, 0x00, 0xFF, 0x00, 0x00, 0xFF, 0x00, 0x00, 0xFF, 0x00, 0x00, 0xFF, 0x00, 0x00, 0xFF,
    0x00, 0x00, 0xFF, 0x00, 0x00, 0xFF, 0x00, 0x00, 0xFF, 0x00, 0x00, 0xFF, 0x00, 0x00, 0xFF, 0x00, 0x00, 0xFF,
    0x00, 0x00, 0xFF, 0x00, 0x00, 0xFF, 0x00, 0x08, 0xFF, 0x21, 0x70, 0xFF, 0x00, 0xB0, 0xFF, 0x00, 0xA8, 0xFF,
    0x00, 0xA8, 0xFF, 0x00, 0xA8, 0xFF, 0x00, 0xA8, 0xFF, 0x00, 0xA8, 0xFF, 0x00, 0xA8, 0xFF, 0x00, 0xA8, 0xFF,
    0x00, 0xA0, 0xFF, 0x00, 0xA0, 0xFF, 0x00, 0xA0, 0xFF, 0x00, 0xA0, 0xFF, 0x00, 0xA0, 0xFF, 0x20, 0x88, 0xFF,
    0x00, 0x10, 0xFF, 0x00, 0x00, 0xFF, 0x00, 0x00, 0xFF, 0x00, 0x00, 0xFF, 0x20, 0x00, 0xFF, 0xC2, 0x08, 0xFF,
    0xE3, 0x08, 0xFF, 0xE3, 0x08, 0xFF, 0xE2, 0x08, 0xFF, 0xE2, 0x08, 0xFF, 0xE3, 0x08, 0xFF, 0xC3, 0x08, 0xFF,
    0xC2, 0x08, 0xFF, 0xC2, 0x08, 0xFF, 0xA2, 0x00, 0xFF, 0xE2, 0x00, 0xFF, 0xC4, 0x11, 0xFF, 0x42, 0x09, 0xFF,
    0x43, 0x11, 0xFF, 0xC3, 0x19, 0xF8, 0x22, 0x09, 0xC6, 0x23, 0x11, 0x3F, 0x43, 0x11, 0x09, 0x43, 0x11, 0x00,
    0x24, 0x22, 0x00, 0x45, 0x32, 0x07, 0xA7, 0x53, 0x3B, 0x65, 0x43, 0xC4, 0x05, 0x43, 0xF8, 0xF0, 0xBD, 0xFF,
    0xA9, 0x63, 0xFF, 0xC2, 0x11, 0xFF, 0x45, 0x43, 0xFF, 0x02, 0x1A, 0xFF, 0x43, 0x09, 0xFF, 0x42, 0x11, 0xFF,
    0xA5, 0x32, 0xFF, 0xC3, 0x19, 0xFF, 0xA2, 0x11, 0xFF, 0x43, 0x22, 0xFF, 0x22, 0x1A, 0xFF, 0x62, 0x11, 0xFF,
    0x00, 0x00, 0xFF, 0x00, 0x00, 0xFF, 0x00, 0x00, 0xFF, 0x00, 0x00, 0xFF, 0x00, 0x30, 0xFF, 0x20, 0x98, 0xFF,
    0x00, 0xA8, 0xFF, 0x00, 0xA0, 0xFF, 0x00, 0xA0, 0xFF, 0x00, 0xA0, 0xFF, 0x00, 0xA0, 0xFF, 0x00, 0xA8, 0xFF,
    0x00, 0xA8, 0xFF, 0x00, 0xA8, 0xFF, 0x00, 0xA8, 0xFF, 0x00, 0xA8, 0xFF, 0x00, 0xA8, 0xFF, 0x00, 0xA8, 0xFF,
    0x00, 0xA8, 0xFF, 0x00, 0xB0, 0xFF, 0x00, 0xB0, 0xFF, 0x00, 0xB0, 0xFF, 0x00, 0xB0, 0xFF, 0x00, 0xB0, 0xFF,
    0x00, 0xB0, 0xFF, 0x00, 0xB0, 0xFF, 0x00, 0xB0, 0xFF, 0x00, 0xB8, 0xFF, 0x00, 0xB0, 0xFF, 0x00, 0xB0, 0xFF,
    0x00, 0xB8, 0xFF, 0x00, 0xB8, 0xFF, 0x00, 0xB8, 0xFF, 0x00, 0xB8, 0xFF, 0x20, 0xC0, 0xFF, 0x21, 0xA8, 0xFF,
    0x21, 0x60, 0xFF, 0x00, 0x18, 0xFF, 0x00, 0x00, 0xFF, 0x00, 0x00, 0xFF, 0x00, 0x00, 0xFF, 0x00, 0x00, 0xFF,
    0x00, 0x00, 0xFF, 0x00, 0x00, 0xFF, 0x00, 0x00, 0xFF, 0x00, 0x00, 0xFF, 0x00, 0x00, 0xFF, 0x00, 0x00, 0xFF,
    0x00, 0x00, 0xFF, 0x00, 0x00, 0xFF, 0x00, 0x00, 0xFF, 0x00, 0x00, 0xFF, 0x00, 0x00, 0xFF, 0x00, 0x00, 0xFF,
    0x00, 0x00, 0xFF, 0x00, 0x00, 0xFF, 0x00, 0x00, 0xFF, 0x00, 0x00, 0xFF, 0x00, 0x00, 0xFF, 0x00, 0x00, 0xFF,
    0x00, 0x00, 0xFF, 0x00, 0x00, 0xFF, 0x00, 0x00, 0xFF, 0x00, 0x00, 0xFF, 0x00, 0x00, 0xFF, 0x00, 0x00, 0xFF,
    0x00, 0x00, 0xFF, 0x00, 0x00, 0xFF, 0x00, 0x00, 0xFF, 0x00, 0x00, 0xFF, 0x00, 0x00, 0xFF, 0x00, 0x00, 0xFF,
    0x00, 0x00, 0xFF, 0x00, 0x00, 0xFF, 0x00, 0x00, 0xFF, 0x00, 0x00, 0xFF, 0x00, 0x00, 0xFF, 0x00, 0x00, 0xFF,
    0x00, 0x00, 0xFF, 0x01, 0x00, 0xFF, 0x00, 0x00, 0xFF, 0x00, 0x20, 0xFF, 0x20, 0x40, 0xFF, 0x20, 0x60, 0xFF,
    0x21, 0x80, 0xFF, 0x41, 0x90, 0xFF, 0x20, 0xA0, 0xFF, 0x00, 0xA8, 0xFF, 0x00, 0xA8, 0xFF, 0x00, 0xB0, 0xFF,
    0x00, 0xB0, 0xFF, 0x00, 0xB0, 0xFF, 0x00, 0xB0, 0xFF, 0x00, 0xB8, 0xFF, 0x00, 0xB8, 0xFF, 0x20, 0xB8, 0xFF,
    0x20, 0xB8, 0xFF, 0x21, 0xA8, 0xFF, 0x21, 0x80, 0xFF, 0x20, 0x58, 0xFF, 0x20, 0x28, 0xFF, 0x00, 0x08, 0xFF,
    0x00, 0x00, 0xFF, 0x00, 0x00, 0xFF, 0x00, 0x00, 0xFF, 0x00, 0x00, 0xFF, 0x00, 0x00, 0xFF, 0x00, 0x00, 0xFF,
    0x00, 0x00, 0xFF, 0x00, 0x00, 0xFF, 0x00, 0x00, 0xFF, 0x00, 0x00, 0xFF, 0x00, 0x00, 0xFF, 0x00, 0x00, 0xFF,
    0x00, 0x00, 0xFF, 0x00, 0x00, 0xFF, 0x00, 0x00, 0xFF, 0x00, 0x00, 0xFF, 0x00, 0x00, 0xFF, 0x00, 0x00, 0xFF,
    0x00, 0x00, 0xFF, 0x00, 0x00, 0xFF, 0x00, 0x00, 0xFF, 0x20, 0x30, 0xFF, 0x21, 0xA8, 0xFF, 0x00, 0xA8, 0xFF,
    0x00, 0xA8, 0xFF, 0x00, 0xA8, 0xFF, 0x00, 0xA8, 0xFF, 0x00, 0xA8, 0xFF, 0x00, 0xA8, 0xFF, 0x00, 0xA8, 0xFF,
    0x00, 0xA0, 0xFF, 0x00, 0xA0, 0xFF, 0x00, 0xA0, 0xFF, 0x00, 0xA0, 0xFF, 0x00, 0xA0, 0xFF, 0x40, 0x60, 0xFF,
    0x00, 0x00, 0xFF, 0x00, 0x00, 0xFF, 0x00, 0x00, 0xFF, 0x00, 0x00, 0xFF, 0x61, 0x00, 0xFF, 0x03, 0x09, 0xFF,
    0x03, 0x09, 0xFF, 0x03, 0x09, 0xFF, 0x23, 0x09, 0xFF, 0x03, 0x09, 0xFF, 0x03, 0x09, 0xFF, 0xE3, 0x08, 0xFF,
    0xC2, 0x08, 0xFF, 0xC2, 0x08, 0xFF, 0xA2, 0x00, 0xFF, 0x02, 0x09, 0xFF, 0xC4, 0x19, 0xFF, 0x63, 0x11, 0xFF,
    0xE2, 0x00, 0xFF, 0xE6, 0x3A, 0xF8, 0x65, 0x2A, 0xC4, 0xE1, 0x00, 0x3B, 0x42, 0x09, 0x07, 0x83, 0x11, 0x00,
    0xE4, 0x19, 0x00, 0xA4, 0x3A, 0x07, 0x67, 0x6C, 0x39, 0x87, 0x53, 0xC0, 0x29, 0x74, 0xF6, 0x0D, 0xA5, 0xFF,
    0xCD, 0x94, 0xFF, 0x25, 0x3B, 0xFF, 0x83, 0x22, 0xFF, 0x63, 0x11, 0xFF, 0x81, 0x00, 0xFF, 0xE3, 0x19, 0xFF,
    0x05, 0x3B, 0xFF, 0x04, 0x22, 0xFF, 0xE3, 0x19, 0xFF, 0x83, 0x22, 0xFF, 0x82, 0x1A, 0xFF, 0x02, 0x1A, 0xFF,
    0x40, 0x00, 0xFF, 0x00, 0x00, 0xFF, 0x20, 0x00, 0xFF, 0x00, 0x00, 0xFF, 0x00, 0x10, 0xFF, 0x40, 0x80, 0xFF,
    0x00, 0xA8, 0xFF, 0x00, 0xA0, 0xFF, 0x00, 0xA0, 0xFF, 0x00, 0xA0, 0xFF, 0x00, 0xA0, 0xFF, 0x00, 0xA8, 0xFF,
    0x00, 0xA8, 0xFF, 0x00, 0xA8, 0xFF, 0x00, 0xA8, 0xFF, 0x00, 0xA8, 0xFF, 0x00, 0xA8, 0xFF, 0x00, 0xA8, 0xFF,
    0x00, 0xA8, 0xFF, 0x00, 0xB0, 0xFF, 0x00, 0xB0, 0xFF, 0x00, 0xB0, 0xFF, 0x00, 0xB0, 0xFF, 0x00, 0xB0, 0xFF,
    0x00, 0xB0, 0xFF, 0x00, 0xB0, 0xFF, 0x00, 0xB0, 0xFF, 0x00, 0xB0, 0xFF, 0x00, 0xB0, 0xFF, 0x00, 0xB8, 0xFF,
    0x00, 0xB8, 0xFF, 0x00, 0xB8, 0xFF, 0x20, 0xB8, 0xFF, 0x21, 0xA8, 0xFF, 0x21, 0x70, 0xFF, 0x00, 0x28, 0xFF,
    0x00, 0x00, 0xFF, 0x00, 0x00, 0xFF, 0x00, 0x00, 0xFF, 0x00, 0x00, 0xFF, 0x00, 0x00, 0xFF, 0x00, 0x00, 0xFF,
    0x00, 0x00, 0xFF, 0x00, 0x00, 0xFF, 0x00, 0x00, 0xFF, 0x00, 0x00, 0xFF, 0x00, 0x00, 0xFF, 0x00, 0x00, 0xFF,
    0x00, 0x00, 0xFF, 0x00, 0x00, 0xFF, 0x00, 0x00, 0xFF, 0x00, 0x00, 0xFF, 0x00, 0x00, 0xFF, 0x00, 0x00, 0xFF,
    0x00, 0x00, 0xFF, 0x00, 0x00, 0xFF, 0x00, 0x00, 0xFF, 0x00, 0x00, 0xFF, 0x00, 0x00, 0xFF, 0x00, 0x00, 0xFF,
    0x00, 0x00, 0xFF, 0x00, 0x00, 0xFF, 0x00, 0x00, 0xFF, 0x00, 0x00, 0xFF, 0x00, 0x00, 0xFF, 0x00, 0x00, 0xFF,
    0x00, 0x00, 0xFF, 0x00, 0x00, 0xFF, 0x00, 0x00, 0xFF, 0x00, 0x00, 0xFF, 0x00, 0x00, 0xFF, 0x00, 0x00, 0xFF,
    0x00, 0x00, 0xFF, 0x00, 0x00, 0xFF, 0x00, 0x00, 0xFF, 0x00, 0x00, 0xFF, 0x00, 0x00, 0xFF, 0x00, 0x00, 0xFF,
    0x00, 0x10, 0xFF, 0x20, 0x30, 0xFF, 0x40, 0x60, 0xFF, 0x41, 0x80, 0xFF, 0x20, 0x98, 0xFF, 0x00, 0xA8, 0xFF,
    0x00, 0xA8, 0xFF, 0x00, 0xA8, 0xFF, 0x00, 0xA0, 0xFF, 0x00, 0xA0, 0xFF, 0x00, 0xA0, 0xFF, 0x00, 0xA8, 0xFF,
    0x00, 0xA8, 0xFF, 0x00, 0xA8, 0xFF, 0x00, 0xA8, 0xFF, 0x00, 0xB0, 0xFF, 0x00, 0xB0, 0xFF, 0x00, 0xB0, 0xFF,
    0x00, 0xB8, 0xFF, 0x00, 0xC0, 0xFF, 0x00, 0xC0, 0xFF, 0x20, 0xC0, 0xFF, 0x40, 0xB0, 0xFF, 0x21, 0x88, 0xFF,
    0x20, 0x38, 0xFF, 0x00, 0x08, 0xFF, 0x00, 0x00, 0xFF, 0x00, 0x00, 0xFF, 0x00, 0x00, 0xFF, 0x00, 0x00, 0xFF,
    0x00, 0x00, 0xFF, 0x00, 0x00, 0xFF, 0x00, 0x00, 0xFF, 0x00, 0x00, 0xFF, 0x00, 0x00, 0xFF, 0x00, 0x00, 0xFF,
    0x00, 0x00, 0xFF, 0x00, 0x00, 0xFF, 0x00, 0x00, 0xFF, 0x00, 0x00, 0xFF, 0x00, 0x00, 0xFF, 0x00, 0x00, 0xFF,
    0x00, 0x00, 0xFF, 0x00, 0x00, 0xFF, 0x00, 0x00, 0xFF, 0x00, 0x00, 0xFF, 0x41, 0x78, 0xFF, 0x00, 0xB0, 0xFF,
    0x00, 0xA8, 0xFF, 0x00, 0xA8, 0xFF, 0x00, 0xA8, 0xFF, 0x00, 0xA8, 0xFF, 0x00, 0xA8, 0xFF, 0x00, 0xA8, 0xFF,
    0x00, 0xA0, 0xFF, 0x00, 0xA0, 0xFF, 0x00, 0xA0, 0xFF, 0x00, 0xA0, 0xFF, 0x20, 0xA0, 0xFF, 0x40, 0x40, 0xFF,
    0x00, 0x00, 0xFF, 0x00, 0x00, 0xFF, 0x00, 0x00, 0xFF, 0x00, 0x00, 0xFF, 0x03, 0x11, 0xFF, 0xA4, 0x11, 0xFF,
    0x63, 0x11, 0xFF, 0x43, 0x09, 0xFF, 0x22, 0x09, 0xFF, 0x22, 0x09, 0xFF, 0x22, 0x09, 0xFF, 0xE2, 0x08, 0xFF,
    0xE2, 0x08, 0xFF, 0xC3, 0x08, 0xFF, 0xA2, 0x00, 0xFF, 0xE2, 0x08, 0xFF, 0xE4, 0x19, 0xFF, 0xA3, 0x11, 0xFF,
    0xC1, 0x00, 0xFF, 0xA3, 0x19, 0xF6, 0xCA, 0x53, 0xC0, 0xE7, 0x3A, 0x39, 0x41, 0x09, 0x07, 0x22, 0x09, 0x00,
    0x21, 0x09, 0x00, 0x49, 0x74, 0x06, 0xE6, 0x63, 0x2F, 0x0E, 0x9D, 0xA4, 0xEA, 0x7B, 0xEC, 0xCA, 0x73, 0xFE,
    0xE8, 0x73, 0xFF, 0x83, 0x2A, 0xFF, 0x03, 0x1A, 0xFF, 0xE3, 0x08, 0xFF, 0xA1, 0x00, 0xFF, 0xC5, 0x32, 0xFF,
    0xC4, 0x32, 0xFF, 0x22, 0x11, 0xFF, 0x05, 0x22, 0xFF, 0xC3, 0x22, 0xFF, 0xA2, 0x1A, 0xFF, 0x62, 0x1A, 0xFF,
    0xC1, 0x08, 0xFF, 0x00, 0x00, 0xFF, 0x00, 0x00, 0xFF, 0x00, 0x00, 0xFF, 0x00, 0x00, 0xFF, 0x20, 0x60, 0xFF,
    0x00, 0xA8, 0xFF, 0x00, 0xA0, 0xFF, 0x00, 0xA0, 0xFF, 0x00, 0xA8, 0xFF, 0x00, 0xA0, 0xFF, 0x00, 0xA0, 0xFF,
    0x00, 0xA0, 0xFF, 0x00, 0xA8, 0xFF, 0x00, 0xA8, 0xFF, 0x00, 0xA8, 0xFF, 0x00, 0xA8, 0xFF, 0x00, 0xA8, 0xFF,
    0x00, 0xA8, 0xFF, 0x00, 0xB0, 0xFF, 0x00, 0xB0, 0xFF, 0x00, 0xB0, 0xFF, 0x00, 0xB0, 0xFF, 0x00, 0xB0, 0xFF,
    0x00, 0xB0, 0xFF, 0x00, 0xB0, 0xFF, 0x00, 0xB0, 0xFF, 0x00, 0xB8, 0xFF, 0x00, 0xB8, 0xFF, 0x20, 0xB8, 0xFF,
    0x20, 0xB0, 0xFF, 0x41, 0x90, 0xFF, 0x20, 0x60, 0xFF, 0x00, 0x20, 0xFF, 0x00, 0x00, 0xFF, 0x00, 0x00, 0xFF,
    0x00, 0x00, 0xFF, 0x00, 0x00, 0xFF, 0x00, 0x00, 0xFF, 0x00, 0x00, 0xFF, 0x00, 0x00, 0xFF, 0x00, 0x00, 0xFF,
    0x00, 0x00, 0xFF, 0x00, 0x00, 0xFF, 0x00, 0x00, 0xFF, 0x00, 0x00, 0xFF, 0x00, 0x00, 0xFF, 0x00, 0x00, 0xFF,
    0x00, 0x00, 0xFF, 0x00, 0x00, 0xFF, 0x00, 0x00, 0xFF, 0x00, 0x00, 0xFF, 0x00, 0x00, 0xFF, 0x00, 0x00, 0xFF,
    0x00, 0x00, 0xFF, 0x00, 0x00, 0xFF, 0x00, 0x00, 0xFF, 0x00, 0x00, 0xFF, 0x00, 0x00, 0xFF, 0x00, 0x00, 0xFF,
    0x00, 0x00, 0xFF, 0x00, 0x00, 0xFF, 0x00, 0x00, 0xFF, 0x00, 0x00, 0xFF, 0x00, 0x00, 0xFF, 0x00, 0x00, 0xFF,
    0x00, 0x00, 0xFF, 0x00, 0x00, 0xFF, 0x00, 0x00, 0xFF, 0x00, 0x00, 0xFF, 0x00, 0x00, 0xFF, 0x00, 0x00, 0xFF,
    0x00, 0x00, 0xFF, 0x00, 0x00, 0xFF, 0x00, 0x00, 0xFF, 0x00, 0x00, 0xFF, 0x00, 0x08, 0xFF, 0x00, 0x40, 0xFF,
    0x21, 0x78, 0xFF, 0x20, 0x98, 0xFF, 0x00, 0xA8, 0xFF, 0x00, 0xA8, 0xFF, 0x00, 0xA0, 0xFF, 0x00, 0xA0, 0xFF,
    0x00, 0xA0, 0xFF, 0x00, 0xA0, 0xFF, 0x00, 0xA8, 0xFF, 0x00, 0xA8, 0xFF, 0x00, 0xA8, 0xFF, 0x00, 0xA8, 0xFF,
    0x00, 0xB0, 0xFF, 0x00, 0xB0, 0xFF, 0x00, 0xB0, 0xFF, 0x00, 0xB0, 0xFF, 0x00, 0xB0, 0xFF, 0x00, 0xB8, 0xFF,
    0x00, 0xB8, 0xFF, 0x00, 0xB8, 0xFF, 0x00, 0xB8, 0xFF, 0x00, 0xC0, 0xFF, 0x00, 0xC0, 0xFF, 0x00, 0xC8, 0xFF,
    0x21, 0xB8, 0xFF, 0x20, 0x88, 0xFF, 0x20, 0x40, 0xFF, 0x00, 0x00, 0xFF, 0x00, 0x00, 0xFF, 0x00, 0x00, 0xFF,
    0x00, 0x00, 0xFF, 0x00, 0x00, 0xFF, 0x00, 0x00, 0xFF, 0x00, 0x00, 0xFF, 0x00, 0x00, 0xFF, 0x00, 0x00, 0xFF,
    0x00, 0x00, 0xFF, 0x00, 0x00, 0xFF, 0x00, 0x00, 0xFF, 0x00, 0x00, 0xFF, 0x00, 0x00, 0xFF, 0x00, 0x00, 0xFF,
    0x00, 0x00, 0xFF, 0x00, 0x00, 0xFF, 0x00, 0x00, 0xFF, 0x00, 0x00, 0xFF, 0x20, 0x40, 0xFF, 0x01, 0xB0, 0xFF,
    0x00, 0xA8, 0xFF, 0x00, 0xA8, 0xFF, 0x00, 0xA8, 0xFF, 0x00, 0xA8, 0xFF, 0x00, 0xA8, 0xFF, 0x00, 0xA0, 0xFF,
    0x00, 0xA0, 0xFF, 0x00, 0xA0, 0xFF, 0x00, 0xA0, 0xFF, 0x00, 0xA0, 0xFF, 0x00, 0x98, 0xFF, 0x00, 0x20, 0xFF,
    0x00, 0x00, 0xFF, 0x00, 0x00, 0xFF, 0x00, 0x00, 0xFF, 0x00, 0x00, 0xFF, 0x64, 0x19, 0xFF, 0xE4, 0x11, 0xFF,
    0xA4, 0x11, 0xFF, 0x83, 0x11, 0xFF, 0x43, 0x09, 0xFF, 0x43, 0x11, 0xFF, 0x23, 0x11, 0xFF, 0x02, 0x09, 0xFF,
    0x02, 0x09, 0xFF, 0xE2, 0x08, 0xFF, 0xC2, 0x08, 0xFF, 0xA1, 0x00, 0xFF, 0xA3, 0x11, 0xFF, 0x03, 0x1A, 0xFF,
    0x62, 0x11, 0xFE, 0xC1, 0x00, 0xEC, 0x83, 0x11, 0xA4, 0xEB, 0x5B, 0x2F, 0x8A, 0x53, 0x06, 0xC4, 0x19, 0x00,
    0xA2, 0x19, 0x00, 0xE8, 0x63, 0x01, 0x2A, 0x74, 0x13, 0x95, 0xDE, 0x5B, 0xD0, 0xA4, 0xD0, 0x49, 0x6B, 0xF9,
    0x25, 0x4B, 0xFF, 0xC2, 0x11, 0xFF, 0x62, 0x09, 0xFF, 0xA2, 0x00, 0xFF, 0xA4, 0x19, 0xFF, 0x05, 0x33, 0xFF,
    0xA4, 0x2A, 0xFF, 0xA1, 0x00, 0xFF, 0x06, 0x2A, 0xFF, 0xC8, 0x4B, 0xFF, 0xE4, 0x2A, 0xFF, 0xC2, 0x22, 0xFF,
    0x82, 0x11, 0xFF, 0x00, 0x00, 0xFF, 0x00, 0x00, 0xFF, 0x00, 0x00, 0xFF, 0x00, 0x00, 0xFF, 0x20, 0x38, 0xFF,
    0x21, 0xA0, 0xFF, 0x00, 0xA0, 0xFF, 0x00, 0xA0, 0xFF, 0x00, 0xA8, 0xFF, 0x00, 0xA8, 0xFF, 0x00, 0xA8, 0xFF,
    0x00, 0xA8, 0xFF, 0x00, 0xA0, 0xFF, 0x00, 0xA0, 0xFF, 0x00, 0xA8, 0xFF, 0x00, 0xA8, 0xFF, 0x00, 0xA8, 0xFF,
    0x00, 0xA8, 0xFF, 0x00, 0xA8, 0xFF, 0x00, 0xA8, 0xFF, 0x00, 0xB0, 0xFF, 0x00, 0xB0, 0xFF, 0x00, 0xB0, 0xFF,
    0x00, 0xB0, 0xFF, 0x00, 0xB8, 0xFF, 0x21, 0xB0, 0xFF, 0x21, 0xA0, 0xFF, 0x41, 0x88, 0xFF, 0x40, 0x60, 0xFF,
    0x00, 0x38, 0xFF, 0x00, 0x10, 0xFF, 0x00, 0x00, 0xFF, 0x00, 0x00, 0xFF, 0x00, 0x00, 0xFF, 0x00, 0x00, 0xFF,
    0x00, 0x00, 0xFF, 0x00, 0x00, 0xFF, 0x00, 0x00, 0xFF, 0x00, 0x00, 0xFF, 0x00, 0x00, 0xFF, 0x00, 0x00, 0xFF,
    0x00, 0x00, 0xFF, 0x00, 0x00, 0xFF, 0x00, 0x00, 0xFF, 0x00, 0x00, 0xFF, 0x00, 0x00, 0xFF, 0x00, 0x00, 0xFF,
    0x00, 0x00, 0xFF, 0x00, 0x00, 0xFF, 0x00, 0x00, 0xFF, 0x00, 0x00, 0xFF, 0x00, 0x00, 0xFF, 0x00, 0x00, 0xFF,
    0x00, 0x00, 0xFF, 0x00, 0x00, 0xFF, 0x00, 0x00, 0xFF, 0x00, 0x00, 0xFF, 0x00, 0x00, 0xFF, 0x00, 0x00, 0xFF,
    0x00, 0x00, 0xFF, 0x00, 0x00, 0xFF, 0x00, 0x00, 0xFF, 0x00, 0x00, 0xFF, 0x00, 0x00, 0xFF, 0x00, 0x00, 0xFF,
    0x00, 0x00, 0xFF, 0x00, 0x00, 0xFF, 0x00, 0x00, 0xFF, 0x00, 0x00, 0xFF, 0x00, 0x00, 0xFF, 0x00, 0x00, 0xFF,
    0x00, 0x00, 0xFF, 0x00, 0x00, 0xFF, 0x00, 0x00, 0xFF, 0x00, 0x38, 0xFF, 0x41, 0x70, 0xFF, 0x20, 0x98, 0xFF,
    0x00, 0xA0, 0xFF, 0x00, 0xA0, 0xFF, 0x00, 0xA0, 0xFF, 0x00, 0xA0, 0xFF, 0x00, 0xA0, 0xFF, 0x00, 0xA8, 0xFF,
    0x00, 0xA8, 0xFF, 0x00, 0xA8, 0xFF, 0x00, 0xA8, 0xFF, 0x00, 0xA8, 0xFF, 0x00, 0xA8, 0xFF, 0x00, 0xA8, 0xFF,
    0x00, 0xB0, 0xFF, 0x00, 0xB0, 0xFF, 0x00, 0xB0, 0xFF, 0x00, 0xB0, 0xFF, 0x00, 0xB8, 0xFF, 0x00, 0xB8, 0xFF,
    0x00, 0xB8, 0xFF, 0x00, 0xB8, 0xFF, 0x00, 0xC0, 0xFF, 0x00, 0xC0, 0xFF, 0x00, 0xC0, 0xFF, 0x00, 0xB8, 0xFF,
    0x00, 0xC0, 0xFF, 0x00, 0xC0, 0xFF, 0x41, 0xB0, 0xFF, 0x21, 0x70, 0xFF, 0x00, 0x20, 0xFF, 0x00, 0x00, 0xFF,
    0x00, 0x00, 0xFF, 0x00, 0x00, 0xFF, 0x00, 0x00, 0xFF, 0x00, 0x00, 0xFF, 0x00, 0x00, 0xFF, 0x00, 0x00, 0xFF,
    0x00, 0x00, 0xFF, 0x00, 0x00, 0xFF, 0x00, 0x00, 0xFF, 0x00, 0x00, 0xFF, 0x00, 0x00, 0xFF, 0x00, 0x00, 0xFF,
    0x00, 0x00, 0xFF, 0x00, 0x00, 0xFF, 0x00, 0x00, 0xFF, 0x20, 0x00, 0xFF, 0x20, 0x18, 0xFF, 0x21, 0x90, 0xFF,
    0x00, 0xA8, 0xFF, 0x00, 0xA8, 0xFF, 0x00, 0xA8, 0xFF, 0x00, 0xA8, 0xFF, 0x00, 0xA8, 0xFF, 0x00, 0xA0, 0xFF,
    0x00, 0xA0, 0xFF, 0x00, 0xA0, 0xFF, 0x00, 0xA0, 0xFF, 0x00, 0xA0, 0xFF, 0x20, 0x70, 0xFF, 0x00, 0x08, 0xFF,
    0x00, 0x00, 0xFF, 0x00, 0x00, 0xFF, 0x00, 0x00, 0xFF, 0x40, 0x00, 0xFF, 0x84, 0x19, 0xFF, 0x86, 0x22, 0xFF,
    0x04, 0x12, 0xFF, 0xA3, 0x11, 0xFF, 0x83, 0x11, 0xFF, 0x63, 0x11, 0xFF, 0x23, 0x11, 0xFF, 0x03, 0x09, 0xFF,
    0x03, 0x09, 0xFF, 0x02, 0x09, 0xFF, 0xE2, 0x08, 0xFF, 0xA1, 0x00, 0xFF, 0x62, 0x11, 0xFF, 0x23, 0x22, 0xFF,
    0xE3, 0x19, 0xF9, 0x22, 0x11, 0xD0, 0x02, 0x09, 0x5B, 0x01, 0x01, 0x13, 0xE4, 0x19, 0x01, 0xE4, 0x19, 0x00,
    0x81, 0x11, 0x00, 0xE5, 0x42, 0x00, 0x93, 0xB5, 0x09, 0xF9, 0xEE, 0x3F, 0x16, 0xCE, 0xC6, 0x2A, 0x63, 0xF8,
    0xE4, 0x21, 0xFF, 0xA4, 0x11, 0xFF, 0x23, 0x09, 0xFF, 0xE2, 0x08, 0xFF, 0x85, 0x2A, 0xFF, 0xE4, 0x2A, 0xFF,
    0xC4, 0x32, 0xFF, 0x80, 0x00, 0xFF, 0xE6, 0x31, 0xFF, 0x28, 0x43, 0xFF, 0x23, 0x22, 0xFF, 0x64, 0x3B, 0xFF,
    0x25, 0x3B, 0xFF, 0x20, 0x00, 0xFF, 0x00, 0x00, 0xFF, 0x00, 0x00, 0xFF, 0x00, 0x00, 0xFF, 0x00, 0x18, 0xFF,
    0x21, 0x68, 0xFF, 0x01, 0x88, 0xFF, 0x20, 0x88, 0xFF, 0x20, 0x98, 0xFF, 0x20, 0xA0, 0xFF, 0x20, 0xA8, 0xFF,
    0x00, 0xA8, 0xFF, 0x00, 0xA8, 0xFF, 0x00, 0xA8, 0xFF, 0x00, 0xA8, 0xFF, 0x00, 0xB0, 0xFF, 0x00, 0xA8, 0xFF,
    0x20, 0xA8, 0xFF, 0x20, 0xA8, 0xFF, 0x20, 0xA8, 0xFF, 0x20, 0xA0, 0xFF, 0x20, 0x98, 0xFF, 0x20, 0x88, 0xFF,
    0x20, 0x70, 0xFF, 0x40, 0x58, 0xFF, 0x20, 0x40, 0xFF, 0x20, 0x20, 0xFF, 0x00, 0x08, 0xFF, 0x00, 0x00, 0xFF,
    0x00, 0x00, 0xFF, 0x00, 0x00, 0xFF, 0x00, 0x00, 0xFF, 0x00, 0x00, 0xFF, 0x00, 0x00, 0xFF, 0x00, 0x00, 0xFF,
    0x00, 0x00, 0xFF, 0x00, 0x00, 0xFF, 0x00, 0x00, 0xFF, 0x00, 0x00, 0xFF, 0x00, 0x00, 0xFF, 0x00, 0x00, 0xFF,
    0x00, 0x00, 0xFF, 0x00, 0x00, 0xFF, 0x00, 0x00, 0xFF, 0x00, 0x00, 0xFF, 0x00, 0x00, 0xFF, 0x00, 0x00, 0xFF,
    0x00, 0x00, 0xFF, 0x00, 0x00, 0xFF, 0x00, 0x00, 0xFF, 0x00, 0x00, 0xFF, 0x00, 0x00, 0xFF, 0x00, 0x00, 0xFF,
    0x00, 0x00, 0xFF, 0x00, 0x00, 0xFF, 0x00, 0x00, 0xFF, 0x00, 0x00, 0xFF, 0x00, 0x00, 0xFF, 0x00, 0x00, 0xFF,
    0x00, 0x00, 0xFF, 0x00, 0x00, 0xFF, 0x00, 0x00, 0xFF, 0x00, 0x00, 0xFF, 0x00, 0x00, 0xFF, 0x00, 0x00, 0xFF,
    0x00, 0x00, 0xFF, 0x00, 0x00, 0xFF, 0x00, 0x00, 0xFF, 0x00, 0x00, 0xFF, 0x00, 0x00, 0xFF, 0x00, 0x00, 0xFF,
    0x00, 0x00, 0xFF, 0x00, 0x28, 0xFF, 0x41, 0x68, 0xFF, 0x21, 0x98, 0xFF, 0x00, 0xA8, 0xFF, 0x00, 0xA0, 0xFF,
    0x00, 0xA0, 0xFF, 0x00, 0xA0, 0xFF, 0x00, 0xA0, 0xFF, 0x00, 0xA0, 0xFF, 0x00, 0xA8, 0xFF, 0x00, 0xA8, 0xFF,
    0x00, 0xA8, 0xFF, 0x00, 0xA8, 0xFF, 0x00, 0xA8, 0xFF, 0x00, 0xB0, 0xFF, 0x00, 0xB0, 0xFF, 0x00, 0xB0, 0xFF,
    0x00, 0xB0, 0xFF, 0x00, 0xB0, 0xFF, 0x00, 0xB0, 0xFF, 0x00, 0xB8, 0xFF, 0x00, 0xB8, 0xFF, 0x00, 0xB8, 0xFF,
    0x00, 0xB8, 0xFF, 0x00, 0xC0, 0xFF, 0x00, 0xC0, 0xFF, 0x00, 0xC0, 0xFF, 0x00, 0xC0, 0xFF, 0x00, 0xC0, 0xFF,
    0x00, 0xB8, 0xFF, 0x00, 0xB8, 0xFF, 0x00, 0xC0, 0xFF, 0x00, 0xC0, 0xFF, 0x41, 0x98, 0xFF, 0x00, 0x40, 0xFF,
    0x00, 0x00, 0xFF, 0x00, 0x00, 0xFF, 0x00, 0x00, 0xFF, 0x00, 0x00, 0xFF, 0x00, 0x00, 0xFF, 0x00, 0x00, 0xFF,
    0x00, 0x00, 0xFF, 0x00, 0x00, 0xFF, 0x00, 0x00, 0xFF, 0x00, 0x00, 0xFF, 0x00, 0x00, 0xFF, 0x00, 0x00, 0xFF,
    0x00, 0x00, 0xFF, 0x00, 0x00, 0xFF, 0x00, 0x00, 0xFF, 0x00, 0x00, 0xFF, 0x00, 0x00, 0xFF, 0x41, 0x60, 0xFF,
    0x00, 0xB0, 0xFF, 0x00, 0xA8, 0xFF, 0x00, 0xA8, 0xFF, 0x00, 0xA8, 0xFF, 0x00, 0xA8, 0xFF, 0x00, 0xA0, 0xFF,
    0x00, 0xA0, 0xFF, 0x00, 0xA0, 0xFF, 0x00, 0xA0, 0xFF, 0x00, 0xA0, 0xFF, 0x20, 0x40, 0xFF, 0x00, 0x00, 0xFF,
    0x00, 0x00, 0xFF, 0x00, 0x00, 0xFF, 0x00, 0x00, 0xFF, 0x61, 0x00, 0xFF, 0x23, 0x11, 0xFF, 0x45, 0x1A, 0xFF,
    0x65, 0x1A, 0xFF, 0x44, 0x1A, 0xFF, 0xC4, 0x11, 0xFF, 0x63, 0x11, 0xFF, 0x63, 0x09, 0xFF, 0x84, 0x11, 0xFF,
    0x23, 0x09, 0xFF, 0x03, 0x09, 0xFF, 0x02, 0x09, 0xFF, 0xC2, 0x08, 0xFF, 0xE2, 0x08, 0xFF, 0x44, 0x22, 0xFF,
    0x43, 0x22, 0xF8, 0x82, 0x11, 0xC6, 0x83, 0x11, 0x3F, 0x82, 0x11, 0x09, 0x61, 0x09, 0x00, 0x62, 0x09, 0x00,
    0xE3, 0x19, 0x00, 0xC7, 0x3A, 0x00, 0xB6, 0xBD, 0x07, 0x1A, 0xEF, 0x39, 0x10, 0x9D, 0xC0, 0x04, 0x22, 0xF6,
    0xA4, 0x11, 0xFF, 0x84, 0x19, 0xFF, 0x43, 0x11, 0xFF, 0x02, 0x09, 0xFF, 0xE6, 0x32, 0xFF, 0x04, 0x33, 0xFF,
    0xC5, 0x32, 0xFF, 0xA1, 0x00, 0xFF, 0xE6, 0x31, 0xFF, 0x50, 0x95, 0xFF, 0x83, 0x21, 0xFF, 0x82, 0x11, 0xFF,
    0xA6, 0x32, 0xFF, 0xC2, 0x10, 0xFF, 0x00, 0x00, 0xFF, 0x00, 0x00, 0xFF, 0x00, 0x00, 0xFF, 0x20, 0x00, 0xFF,
    0x00, 0x00, 0xFF, 0x00, 0x10, 0xFF, 0x00, 0x18, 0xFF, 0x00, 0x20, 0xFF, 0x00, 0x28, 0xFF, 0x20, 0x30, 0xFF,
    0x20, 0x38, 0xFF, 0x00, 0x40, 0xFF, 0x00, 0x40, 0xFF, 0x20, 0x48, 0xFF, 0x00, 0x48, 0xFF, 0x00, 0x40, 0xFF,
    0x00, 0x38, 0xFF, 0x00, 0x38, 0xFF, 0x00, 0x30, 0xFF, 0x00, 0x20, 0xFF, 0x00, 0x18, 0xFF, 0x00, 0x08, 0xFF,
    0x00, 0x00, 0xFF, 0x00, 0x00, 0xFF, 0x00, 0x00, 0xFF, 0x00, 0x00, 0xFF, 0x00, 0x00, 0xFF, 0x00, 0x00, 0xFF,
    0x00, 0x00, 0xFF, 0x00, 0x00, 0xFF, 0x00, 0x00, 0xFF, 0x00, 0x00, 0xFF, 0x00, 0x00, 0xFF, 0x00, 0x00, 0xFF,
    0x00, 0x00, 0xFF, 0x00, 0x00, 0xFF, 0x00, 0x00, 0xFF, 0x00, 0x00, 0xFF, 0x00, 0x00, 0xFF, 0x00, 0x00, 0xFF,
    0x00, 0x00, 0xFF, 0x00, 0x00, 0xFF, 0x00, 0x00, 0xFF, 0x00, 0x00, 0xFF, 0x00, 0x00, 0xFF, 0x00, 0x00, 0xFF,
    0x00, 0x00, 0xFF, 0x00, 0x00, 0xFF, 0x00, 0x00, 0xFF, 0x00, 0x00, 0xFF, 0x00, 0x00, 0xFF, 0x00, 0x00, 0xFF,
    0x00, 0x00, 0xFF, 0x00, 0x00, 0xFF, 0x00, 0x00, 0xFF, 0x00, 0x00, 0xFF, 0x00, 0x00, 0xFF, 0x00, 0x00, 0xFF,
    0x00, 0x00, 0xFF, 0x00, 0x00, 0xFF, 0x00, 0x00, 0xFF, 0x00, 0x00, 0xFF, 0x00, 0x00, 0xFF, 0x00, 0x00, 0xFF,
    0x00, 0x00, 0xFF, 0x00, 0x00, 0xFF, 0x00, 0x00, 0xFF, 0x00, 0x00, 0xFF, 0x00, 0x00, 0xFF, 0x00, 0x18, 0xFF,
    0x40, 0x50, 0xFF, 0x21, 0x90, 0xFF, 0x00, 0xA8, 0xFF, 0x00, 0xA8, 0xFF, 0x00, 0xA0, 0xFF, 0x00, 0xA0, 0xFF,
    0x00, 0xA0, 0xFF, 0x00, 0xA8, 0xFF, 0x00, 0xA8, 0xFF, 0x00, 0xA8, 0xFF, 0x00, 0xA8, 0xFF, 0x00, 0xA8, 0xFF,
    0x00, 0xA8, 0xFF, 0x00, 0xA8, 0xFF, 0x00, 0xB0, 0xFF, 0x00, 0xB0, 0xFF, 0x00, 0xB0, 0xFF, 0x00, 0xB0, 0xFF,
    0x00, 0xB0, 0xFF, 0x00, 0xB8, 0xFF, 0x00, 0xB8, 0xFF, 0x00, 0xB8, 0xFF, 0x00, 0xB8, 0xFF, 0x00, 0xB8, 0xFF,
    0x00, 0xC0, 0xFF, 0x00, 0xC0, 0xFF, 0x00, 0xC0, 0xFF, 0x00, 0xC0, 0xFF, 0x00, 0xC0, 0xFF, 0x00, 0xC0, 0xFF,
    0x00, 0xC0, 0xFF, 0x00, 0xB8, 0xFF, 0x20, 0xB8, 0xFF, 0x00, 0xB8, 0xFF, 0x00, 0xC0, 0xFF, 0x20, 0xB0, 0xFF,
    0x20, 0x60, 0xFF, 0x00, 0x08, 0xFF, 0x00, 0x00, 0xFF, 0x00, 0x00, 0xFF, 0x00, 0x00, 0xFF, 0x00, 0x00, 0xFF,
    0x00, 0x00, 0xFF, 0x00, 0x00, 0xFF, 0x00, 0x00, 0xFF, 0x00, 0x00, 0xFF, 0x00, 0x00, 0xFF, 0x00, 0x00, 0xFF,
    0x00, 0x00, 0xFF, 0x00, 0x00, 0xFF, 0x00, 0x00, 0xFF, 0x00, 0x00, 0xFF, 0x00, 0x00, 0xFF, 0x20, 0x38, 0xFF,
    0x20, 0xA8, 0xFF, 0x00, 0xA8, 0xFF, 0x00, 0xA8, 0xFF, 0x00, 0xA8, 0xFF, 0x00, 0xA0, 0xFF, 0x00, 0xA0, 0xFF,
    0x00, 0xA0, 0xFF, 0x00, 0xA0, 0xFF, 0x00, 0xA0, 0xFF, 0x41, 0x88, 0xFF, 0x00, 0x20, 0xFF, 0x00, 0x00, 0xFF,
    0x00, 0x00, 0xFF, 0x00, 0x00, 0xFF, 0x00, 0x00, 0xFF, 0x82, 0x08, 0xFF, 0x61, 0x00, 0xFF, 0x05, 0x1A, 0xFF,
    0x85, 0x1A, 0xFF, 0x04, 0x12, 0xFF, 0xC4, 0x11, 0xFF, 0x83, 0x11, 0xFF, 0xE5, 0x11, 0xFF, 0xA4, 0x11, 0xFF,
    0x43, 0x11, 0xFF, 0x23, 0x11, 0xFF, 0x03, 0x09, 0xFF, 0xE2, 0x08, 0xFF, 0xA2, 0x00, 0xFF, 0xC3, 0x19, 0xFF,
    0xC3, 0x22, 0xF6, 0xE3, 0x19, 0xC0, 0x42, 0x09, 0x39, 0x04, 0x22, 0x07, 0xE3, 0x19, 0x00, 0xC3, 0x11, 0x00,
    0x42, 0x09, 0x00, 0x67, 0x3A, 0x00, 0x18, 0xCE, 0x06, 0xF9, 0xE6, 0x2F, 0x0A, 0x6C, 0xA4, 0xA2, 0x09, 0xEC,
    0xA4, 0x11, 0xFE, 0x43, 0x11, 0xFF, 0x63, 0x11, 0xFF, 0x02, 0x09, 0xFF, 0xC4, 0x2A, 0xFF, 0xE4, 0x2A, 0xFF,
    0x25, 0x3B, 0xFF, 0xE2, 0x08, 0xFF, 0xC2, 0x08, 0xFF, 0xCF, 0x84, 0xFF, 0x52, 0x9D, 0xFF, 0x24, 0x11, 0xFF,
    0x03, 0x11, 0xFF, 0xE3, 0x18, 0xFF, 0x00, 0x00, 0xFF, 0x00, 0x00, 0xFF, 0x00, 0x00, 0xFF, 0x00, 0x00, 0xFF,
    0x00, 0x00, 0xFF, 0x00, 0x00, 0xFF, 0x00, 0x00, 0xFF, 0x00, 0x00, 0xFF, 0x00, 0x00, 0xFF, 0x00, 0x00, 0xFF,
    0x00, 0x00, 0xFF, 0x00, 0x00, 0xFF, 0x00, 0x00, 0xFF, 0x00, 0x00, 0xFF, 0x00, 0x00, 0xFF, 0x00, 0x00, 0xFF,
    0x00, 0x00, 0xFF, 0x00, 0x00, 0xFF, 0x00, 0x00, 0xFF, 0x00, 0x00, 0xFF, 0x00, 0x00, 0xFF, 0x00, 0x00, 0xFF,
    0x00, 0x00, 0xFF, 0x00, 0x00, 0xFF, 0x00, 0x00, 0xFF, 0x00, 0x00, 0xFF, 0x00, 0x00, 0xFF, 0x00, 0x00, 0xFF,
    0x00, 0x00, 0xFF, 0x00, 0x00, 0xFF, 0x00, 0x00, 0xFF, 0x00, 0x00, 0xFF, 0x00, 0x00, 0xFF, 0x00, 0x00, 0xFF,
    0x00, 0x00, 0xFF, 0x00, 0x00, 0xFF, 0x00, 0x00, 0xFF, 0x00, 0x00, 0xFF, 0x00, 0x00, 0xFF, 0x00, 0x00, 0xFF,
    0x00, 0x00, 0xFF, 0x00, 0x00, 0xFF, 0x00, 0x00, 0xFF, 0x00, 0x00, 0xFF, 0x00, 0x00, 0xFF, 0x00, 0x00, 0xFF,
    0x00, 0x00, 0xFF, 0x00, 0x00, 0xFF, 0x00, 0x00, 0xFF, 0x00, 0x00, 0xFF, 0x00, 0x00, 0xFF, 0x00, 0x00, 0xFF,
    0x00, 0x00, 0xFF, 0x00, 0x00, 0xFF, 0x00, 0x00, 0xFF, 0x00, 0x00, 0xFF, 0x00, 0x00, 0xFF, 0x00, 0x00, 0xFF,
    0x00, 0x00, 0xFF, 0x00, 0x00, 0xFF, 0x00, 0x00, 0xFF, 0x00, 0x00, 0xFF, 0x00, 0x00, 0xFF, 0x00, 0x00, 0xFF,
    0x00, 0x00, 0xFF, 0x00, 0x00, 0xFF, 0x00, 0x00, 0xFF, 0x00, 0x10, 0xFF, 0x20, 0x40, 0xFF, 0x21, 0x88, 0xFF,
    0x00, 0xA8, 0xFF, 0x00, 0xA8, 0xFF, 0x00, 0xA0, 0xFF, 0x00, 0xA0, 0xFF, 0x00, 0xA0, 0xFF, 0x00, 0xA8, 0xFF,
    0x00, 0xA8, 0xFF, 0x00, 0xA0, 0xFF, 0x00, 0xA8, 0xFF, 0x00, 0xA8, 0xFF, 0x00, 0xA8, 0xFF, 0x00, 0xA8, 0xFF,
    0x00, 0xB0, 0xFF, 0x00, 0xB0, 0xFF, 0x00, 0xB0, 0xFF, 0x00, 0xB0, 0xFF, 0x00, 0xB0, 0xFF, 0x00, 0xB0, 0xFF,
    0x00, 0xB8, 0xFF, 0x00, 0xB8, 0xFF, 0x00, 0xB8, 0xFF, 0x00, 0xB8, 0xFF, 0x00, 0xB8, 0xFF, 0x00, 0xC0, 0xFF,
    0x00, 0xC0, 0xFF, 0x00, 0xC0, 0xFF, 0x00, 0xC0, 0xFF, 0x00, 0xC0, 0xFF, 0x00, 0xC0, 0xFF, 0x00, 0xC0, 0xFF,
    0x00, 0xB8, 0xFF, 0x00, 0xB8, 0xFF, 0x00, 0xB8, 0xFF, 0x00, 0xB8, 0xFF, 0x00, 0xB0, 0xFF, 0x00, 0xC0, 0xFF,
    0x00, 0xB8, 0xFF, 0x41, 0x70, 0xFF, 0x00, 0x10, 0xFF, 0x00, 0x00, 0xFF, 0x00, 0x00, 0xFF, 0x00, 0x00, 0xFF,
    0x00, 0x00, 0xFF, 0x00, 0x00, 0xFF, 0x00, 0x00, 0xFF, 0x00, 0x00, 0xFF, 0x00, 0x00, 0xFF, 0x00, 0x00, 0xFF,
    0x00, 0x00, 0xFF, 0x00, 0x00, 0xFF, 0x00, 0x00, 0xFF, 0x00, 0x00, 0xFF, 0x00, 0x00, 0xFF, 0x20, 0x10, 0xFF,
    0x40, 0x88, 0xFF, 0x00, 0xB0, 0xFF, 0x00, 0xA8, 0xFF, 0x00, 0xA8, 0xFF, 0x00, 0xA0, 0xFF, 0x00, 0xA8, 0xFF,
    0x00, 0xA0, 0xFF, 0x00, 0xA0, 0xFF, 0x00, 0xA8, 0xFF, 0x40, 0x60, 0xFF, 0x00, 0x08, 0xFF, 0x20, 0x00, 0xFF,
    0x00, 0x00, 0xFF, 0x00, 0x00, 0xFF, 0x21, 0x00, 0xFF, 0x82, 0x08, 0xFF, 0x61, 0x00, 0xFF, 0x43, 0x11, 0xFF,
    0xA6, 0x22, 0xFF, 0x86, 0x22, 0xFF, 0xE4, 0x11, 0xFF, 0x25, 0x1A, 0xFF, 0xA7, 0x2A, 0xFF, 0xA4, 0x11, 0xFF,
    0x63, 0x11, 0xFF, 0x43, 0x11, 0xFF, 0x23, 0x09, 0xFF, 0xE2, 0x08, 0xFF, 0xA2, 0x00, 0xFF, 0x42, 0x09, 0xFE,
    0xA4, 0x2A, 0xEC, 0x84, 0x22, 0xA4, 0x22, 0x09, 0x2F, 0x63, 0x11, 0x06, 0x24, 0x1A, 0x00, 0x44, 0x1A, 0x00,
    0x22, 0x09, 0x00, 0x87, 0x3A, 0x00, 0x98, 0xCE, 0x01, 0x76, 0xC6, 0x13, 0xC5, 0x3A, 0x5B, 0xE3, 0x11, 0xD0,
    0xA4, 0x11, 0xF9, 0x64, 0x11, 0xFF, 0x83, 0x11, 0xFF, 0x23, 0x09, 0xFF, 0x66, 0x43, 0xFF, 0xE4, 0x2A, 0xFF,
    0x26, 0x3B, 0xFF, 0xE2, 0x08, 0xFF, 0x61, 0x00, 0xFF, 0xC5, 0x21, 0xFF, 0x51, 0x95, 0xFF, 0x8C, 0x6B, 0xFF,
    0xC2, 0x08, 0xFF, 0xC3, 0x08, 0xFF, 0x20, 0x00, 0xFF, 0x00, 0x00, 0xFF, 0x00, 0x00, 0xFF, 0x00, 0x00, 0xFF,
    0x00, 0x00, 0xFF, 0x00, 0x18, 0xFF, 0x00, 0x08, 0xFF, 0x00, 0x00, 0xFF, 0x00, 0x08, 0xFF, 0x00, 0x00, 0xFF,
    0x00, 0x00, 0xFF, 0x00, 0x00, 0xFF, 0x00, 0x00, 0xFF, 0x00, 0x00, 0xFF, 0x00, 0x00, 0xFF, 0x00, 0x00, 0xFF,
    0x00, 0x00, 0xFF, 0x00, 0x00, 0xFF, 0x00, 0x00, 0xFF, 0x00, 0x00, 0xFF, 0x00, 0x00, 0xFF, 0x00, 0x00, 0xFF,
    0x00, 0x00, 0xFF, 0x00, 0x00, 0xFF, 0x00, 0x00, 0xFF, 0x00, 0x00, 0xFF, 0x00, 0x00, 0xFF, 0x00, 0x00, 0xFF,
    0x00, 0x00, 0xFF, 0x00, 0x00, 0xFF, 0x00, 0x00, 0xFF, 0x00, 0x00, 0xFF, 0x00, 0x00, 0xFF, 0x00, 0x00, 0xFF,
    0x00, 0x00, 0xFF, 0x00, 0x00, 0xFF, 0x00, 0x00, 0xFF, 0x00, 0x00, 0xFF, 0x00, 0x00, 0xFF, 0x00, 0x00, 0xFF,
    0x00, 0x00, 0xFF, 0x00, 0x00, 0xFF, 0x00, 0x00, 0xFF, 0x00, 0x00, 0xFF, 0x00, 0x00, 0xFF, 0x00, 0x00, 0xFF,
    0x00, 0x00, 0xFF, 0x00, 0x00, 0xFF, 0x00, 0x00, 0xFF, 0x00, 0x00, 0xFF, 0x00, 0x00, 0xFF, 0x00, 0x00, 0xFF,
    0x00, 0x00, 0xFF, 0x00, 0x00, 0xFF, 0x00, 0x00, 0xFF, 0x00, 0x00, 0xFF, 0x00, 0x00, 0xFF, 0x00, 0x00, 0xFF,
    0x00, 0x00, 0xFF, 0x00, 0x00, 0xFF, 0x00, 0x00, 0xFF, 0x00, 0x00, 0xFF, 0x00, 0x00, 0xFF, 0x00, 0x00, 0xFF,
    0x00, 0x00, 0xFF, 0x00, 0x08, 0xFF, 0x00, 0x30, 0xFF, 0x01, 0x80, 0xFF, 0x01, 0xA8, 0xFF, 0x20, 0xA0, 0xFF,
    0x00, 0xA0, 0xFF, 0x00, 0xA8, 0xFF, 0x00, 0xA8, 0xFF, 0x00, 0xA8, 0xFF, 0x00, 0xA8, 0xFF, 0x00, 0xA8, 0xFF,
    0x00, 0xA8, 0xFF, 0x00, 0xA8, 0xFF, 0x00, 0xA8, 0xFF, 0x00, 0xA8, 0xFF, 0x00, 0xA8, 0xFF, 0x00, 0xB0, 0xFF,
    0x00, 0xB0, 0xFF, 0x00, 0xB0, 0xFF, 0x00, 0xB0, 0xFF, 0x00, 0xB0, 0xFF, 0x00, 0xB0, 0xFF, 0x00, 0xB0, 0xFF,
    0x00, 0xB8, 0xFF, 0x00, 0xB8, 0xFF, 0x00, 0xB8, 0xFF, 0x00, 0xB8, 0xFF, 0x00, 0xC0, 0xFF, 0x00, 0xC0, 0xFF,
    0x00, 0xC0, 0xFF, 0x00, 0xC0, 0xFF, 0x00, 0xC0, 0xFF, 0x00, 0xB8, 0xFF, 0x00, 0xB8, 0xFF, 0x00, 0xB8, 0xFF,
    0x00, 0xB8, 0xFF, 0x00, 0xB8, 0xFF, 0x00, 0xB8, 0xFF, 0x00, 0xB8, 0xFF, 0x00, 0xB8, 0xFF, 0x00, 0xB8, 0xFF,
    0x00, 0xB8, 0xFF, 0x20, 0xB8, 0xFF, 0x41, 0x80, 0xFF, 0x00, 0x18, 0xFF, 0x00, 0x00, 0xFF, 0x00, 0x00, 0xFF,
    0x00, 0x00, 0xFF, 0x00, 0x00, 0xFF, 0x00, 0x00, 0xFF, 0x00, 0x00, 0xFF, 0x00, 0x00, 0xFF, 0x00, 0x00, 0xFF,
    0x00, 0x00, 0xFF, 0x00, 0x00, 0xFF, 0x00, 0x00, 0xFF, 0x00, 0x00, 0xFF, 0x00, 0x00, 0xFF, 0x00, 0x00, 0xFF,
    0x20, 0x70, 0xFF, 0x00, 0xB0, 0xFF, 0x00, 0xA8, 0xFF, 0x00, 0xA8, 0xFF, 0x00, 0xA0, 0xFF, 0x00, 0xA8, 0xFF,
    0x00, 0x98, 0xFF, 0x00, 0xA0, 0xFF, 0x20, 0xA0, 0xFF, 0x20, 0x38, 0xFF, 0x00, 0x00, 0xFF, 0x00, 0x00, 0xFF,
    0x00, 0x00, 0xFF, 0x00, 0x00, 0xFF, 0x61, 0x00, 0xFF, 0x82, 0x08, 0xFF, 0x61, 0x00, 0xFF, 0x02, 0x09, 0xFF,
    0xC7, 0x2A, 0xFF, 0x86, 0x1A, 0xFF, 0x66, 0x1A, 0xFF, 0x49, 0x33, 0xFF, 0xA7, 0x22, 0xFF, 0xE5, 0x11, 0xFF,
    0xA4, 0x11, 0xFF, 0xA4, 0x11, 0xFF, 0x43, 0x09, 0xFF, 0x03, 0x09, 0xFF, 0xE2, 0x08, 0xFF, 0x43, 0x11, 0xF9,
    0x62, 0x09, 0xD0, 0x84, 0x22, 0x5B, 0x23, 0x22, 0x13, 0x22, 0x09, 0x01, 0xC4, 0x11, 0x00, 0xA3, 0x11, 0x00,
    0xC3, 0x11, 0x00, 0xC3, 0x19, 0x00, 0xAB, 0x53, 0x00, 0x8E, 0x74, 0x09, 0x64, 0x22, 0x3D, 0x04, 0x12, 0xC2,
    0xC4, 0x19, 0xF6, 0x84, 0x11, 0xFF, 0x83, 0x11, 0xFF, 0x84, 0x11, 0xFF, 0xA6, 0x4B, 0xFF, 0x04, 0x2B, 0xFF,
    0x46, 0x3B, 0xFF, 0xC2, 0x08, 0xFF, 0x81, 0x00, 0xFF, 0xA2, 0x00, 0xFF, 0x44, 0x19, 0xFF, 0x47, 0x3A, 0xFF,
    0x06, 0x32, 0xFF, 0xC1, 0x00, 0xFF, 0x81, 0x08, 0xFF, 0x00, 0x00, 0xFF, 0x00, 0x00, 0xFF, 0x00, 0x00, 0xFF,
    0x00, 0x00, 0xFF, 0x41, 0x38, 0xFF, 0x21, 0x30, 0xFF, 0x00, 0x00, 0xFF, 0x00, 0x00, 0xFF, 0x00, 0x00, 0xFF,
    0x00, 0x00, 0xFF, 0x00, 0x00, 0xFF, 0x00, 0x00, 0xFF, 0x00, 0x00, 0xFF, 0x00, 0x00, 0xFF, 0x00, 0x00, 0xFF,
    0x00, 0x00, 0xFF, 0x00, 0x00, 0xFF, 0x00, 0x00, 0xFF, 0x00, 0x00, 0xFF, 0x00, 0x00, 0xFF, 0x00, 0x00, 0xFF,
    0x00, 0x00, 0xFF, 0x00, 0x00, 0xFF, 0x00, 0x00, 0xFF, 0x00, 0x00, 0xFF, 0x00, 0x00, 0xFF, 0x00, 0x00, 0xFF,
    0x00, 0x00, 0xFF, 0x00, 0x00, 0xFF, 0x00, 0x00, 0xFF, 0x00, 0x00, 0xFF, 0x00, 0x00, 0xFF, 0x00, 0x00, 0xFF,
    0x00, 0x00, 0xFF, 0x00, 0x00, 0xFF, 0x00, 0x00, 0xFF, 0x00, 0x00, 0xFF, 0x00, 0x00, 0xFF, 0x00, 0x00, 0xFF,
    0x00, 0x00, 0xFF, 0x00, 0x00, 0xFF, 0x00, 0x00, 0xFF, 0x00, 0x00, 0xFF, 0x00, 0x00, 0xFF, 0x00, 0x00, 0xFF,
    0x00, 0x00, 0xFF, 0x00, 0x00, 0xFF, 0x00, 0x00, 0xFF, 0x00, 0x00, 0xFF, 0x00, 0x00, 0xFF, 0x00, 0x00, 0xFF,
    0x00, 0x00, 0xFF, 0x00, 0x00, 0xFF, 0x00, 0x00, 0xFF, 0x00, 0x00, 0xFF, 0x00, 0x00, 0xFF, 0x00, 0x00, 0xFF,
    0x00, 0x00, 0xFF, 0x00, 0x00, 0xFF, 0x00, 0x00, 0xFF, 0x20, 0x00, 0xFF, 0x00, 0x00, 0xFF, 0x00, 0x08, 0xFF,
    0x00, 0x30, 0xFF, 0x20, 0x78, 0xFF, 0x21, 0xA0, 0xFF, 0x20, 0xA8, 0xFF, 0x00, 0xA8, 0xFF, 0x00, 0xA8, 0xFF,
    0x00, 0xA8, 0xFF, 0x00, 0xA8, 0xFF, 0x00, 0xA8, 0xFF, 0x00, 0xA8, 0xFF, 0x00, 0xA8, 0xFF, 0x00, 0xA8, 0xFF,
    0x00, 0xA8, 0xFF, 0x00, 0xA8, 0xFF, 0x00, 0xA8, 0xFF, 0x00, 0xB0, 0xFF, 0x00, 0xB0, 0xFF, 0x00, 0xB0, 0xFF,
    0x00, 0xB0, 0xFF, 0x00, 0xB0, 0xFF, 0x00, 0xB0, 0xFF, 0x00, 0xB0, 0xFF, 0x00, 0xB8, 0xFF, 0x00, 0xB8, 0xFF,
    0x00, 0xB8, 0xFF, 0x00, 0xB8, 0xFF, 0x00, 0xB8, 0xFF, 0x00, 0xC0, 0xFF, 0x00, 0xC0, 0xFF, 0x00, 0xC0, 0xFF,
    0x00, 0xC0, 0xFF, 0x00, 0xC0, 0xFF, 0x00, 0xC0, 0xFF, 0x00, 0xB8, 0xFF, 0x00, 0xB8, 0xFF, 0x00, 0xB8, 0xFF,
    0x00, 0xB8, 0xFF, 0x00, 0xB8, 0xFF, 0x00, 0xB8, 0xFF, 0x00, 0xB8, 0xFF, 0x00, 0xB8, 0xFF, 0x00, 0xB0, 0xFF,
    0x00, 0xB8, 0xFF, 0x00, 0xB8, 0xFF, 0x20, 0xB8, 0xFF, 0x41, 0x80, 0xFF, 0x00, 0x10, 0xFF, 0x01, 0x00, 0xFF,
    0x00, 0x00, 0xFF, 0x00, 0x00, 0xFF, 0x00, 0x00, 0xFF, 0x00, 0x00, 0xFF, 0x00, 0x00, 0xFF, 0x00, 0x00, 0xFF,
    0x00, 0x00, 0xFF, 0x00, 0x00, 0xFF, 0x00, 0x00, 0xFF, 0x00, 0x00, 0xFF, 0x00, 0x00, 0xFF, 0x00, 0x00, 0xFF,
    0x20, 0x58, 0xFF, 0x20, 0xA8, 0xFF, 0x00, 0xA8, 0xFF, 0x00, 0xA8, 0xFF, 0x00, 0xA0, 0xFF, 0x00, 0xA0, 0xFF,
    0x00, 0xA0, 0xFF, 0x00, 0xA8, 0xFF, 0x20, 0x78, 0xFF, 0x00, 0x10, 0xFF, 0x00, 0x00, 0xFF, 0x00, 0x00, 0xFF,
    0x00, 0x00, 0xFF, 0x00, 0x00, 0xFF, 0x82, 0x08, 0xFF, 0x82, 0x00, 0xFF, 0x62, 0x08, 0xFF, 0xC2, 0x08, 0xFF,
    0x05, 0x12, 0xFF, 0x86, 0x1A, 0xFF, 0x49, 0x33, 0xFF, 0x69, 0x2B, 0xFF, 0xE8, 0x22, 0xFF, 0x26, 0x1A, 0xFF,
    0xC4, 0x11, 0xFF, 0xA4, 0x11, 0xFF, 0x43, 0x11, 0xFF, 0xC2, 0x08, 0xFF, 0x22, 0x09, 0xFF, 0x63, 0x11, 0xF6,
    0x43, 0x09, 0xC2, 0x03, 0x1A, 0x3D, 0xA5, 0x2A, 0x09, 0xC3, 0x11, 0x00, 0x43, 0x11, 0x00, 0x81, 0x00, 0x00,
    0xC3, 0x11, 0x00, 0x61, 0x09, 0x00, 0x44, 0x1A, 0x00, 0xC6, 0x22, 0x06, 0x65, 0x22, 0x2F, 0x25, 0x1A, 0xA4,
    0x25, 0x1A, 0xEC, 0xE5, 0x19, 0xFE, 0xA3, 0x11, 0xFF, 0xE4, 0x19, 0xFF, 0xE6, 0x53, 0xFF, 0x03, 0x33, 0xFF,
    0x87, 0x43, 0xFF, 0xC2, 0x08, 0xFF, 0x81, 0x00, 0xFF, 0x82, 0x00, 0xFF, 0x81, 0x00, 0xFF, 0xE2, 0x08, 0xFF,
    0xA4, 0x21, 0xFF, 0x63, 0x11, 0xFF, 0x23, 0x11, 0xFF, 0x00, 0x00, 0xFF, 0x00, 0x00, 0xFF, 0x00, 0x00, 0xFF,
    0x00, 0x00, 0xFF, 0x00, 0x18, 0xFF, 0x61, 0x70, 0xFF, 0x00, 0x38, 0xFF, 0x20, 0x00, 0xFF, 0x00, 0x00, 0xFF,
    0x00, 0x00, 0xFF, 0x00, 0x00, 0xFF, 0x00, 0x00, 0xFF, 0x00, 0x00, 0xFF, 0x00, 0x00, 0xFF, 0x00, 0x00, 0xFF,
    0x00, 0x00, 0xFF, 0x00, 0x00, 0xFF, 0x00, 0x00, 0xFF, 0x00, 0x00, 0xFF, 0x00, 0x00, 0xFF, 0x00, 0x00, 0xFF,
    0x00, 0x00, 0xFF, 0x00, 0x00, 0xFF, 0x00, 0x00, 0xFF, 0x00, 0x00, 0xFF, 0x00, 0x00, 0xFF, 0x00, 0x00, 0xFF,
    0x00, 0x00, 0xFF, 0x00, 0x00, 0xFF, 0x00, 0x00, 0xFF, 0x00, 0x00, 0xFF, 0x00, 0x00, 0xFF, 0x00, 0x00, 0xFF,
    0x00, 0x00, 0xFF, 0x00, 0x00, 0xFF, 0x00, 0x00, 0xFF, 0x00, 0x00, 0xFF, 0x00, 0x00, 0xFF, 0x00, 0x00, 0xFF,
    0x00, 0x00, 0xFF, 0x00, 0x00, 0xFF, 0x00, 0x00, 0xFF, 0x00, 0x00, 0xFF, 0x00, 0x00, 0xFF, 0x00, 0x00, 0xFF,
    0x00, 0x00, 0xFF, 0x00, 0x00, 0xFF, 0x00, 0x00, 0xFF, 0x00, 0x00, 0xFF, 0x00, 0x00, 0xFF, 0x00, 0x00, 0xFF,
    0x00, 0x00, 0xFF, 0x00, 0x00, 0xFF, 0x00, 0x00, 0xFF, 0x00, 0x00, 0xFF, 0x00, 0x00, 0xFF, 0x00, 0x00, 0xFF,
    0x00, 0x00, 0xFF, 0x00, 0x00, 0xFF, 0x00, 0x00, 0xFF, 0x00, 0x08, 0xFF, 0x20, 0x28, 0xFF, 0x20, 0x70, 0xFF,
    0x21, 0xA0, 0xFF, 0x00, 0xB0, 0xFF, 0x00, 0xA8, 0xFF, 0x00, 0xA8, 0xFF, 0x00, 0xA8, 0xFF, 0x00, 0xB0, 0xFF,
    0x00, 0xA8, 0xFF, 0x00, 0xA8, 0xFF, 0x00, 0xB0, 0xFF, 0x00, 0xB0, 0xFF, 0x00, 0xB0, 0xFF, 0x00, 0xB0, 0xFF,
    0x00, 0xB0, 0xFF, 0x00, 0xB0, 0xFF, 0x00, 0xB0, 0xFF, 0x00, 0xB0, 0xFF, 0x00, 0xB0, 0xFF, 0x00, 0xB0, 0xFF,
    0x00, 0xB0, 0xFF, 0x00, 0xB0, 0xFF, 0x00, 0xB8, 0xFF, 0x00, 0xB8, 0xFF, 0x00, 0xB8, 0xFF, 0x00, 0xB8, 0xFF,
    0x00, 0xB8, 0xFF, 0x00, 0xB8, 0xFF, 0x00, 0xC0, 0xFF, 0x00, 0xC0, 0xFF, 0x00, 0xC0, 0xFF, 0x00, 0xC0, 0xFF,
    0x00, 0xC0, 0xFF, 0x00, 0xC0, 0xFF, 0x00, 0xC0, 0xFF, 0x00, 0xB8, 0xFF, 0x00, 0xB8, 0xFF, 0x00, 0xB8, 0xFF,
    0x00, 0xB8, 0xFF, 0x00, 0xB8, 0xFF, 0x00, 0xB8, 0xFF, 0x00, 0xB8, 0xFF, 0x00, 0xB8, 0xFF, 0x00, 0xB8, 0xFF,
    0x00, 0xB0, 0xFF, 0x00, 0xB0, 0xFF, 0x00, 0xB8, 0xFF, 0x00, 0xB8, 0xFF, 0x21, 0x80, 0xFF, 0x00, 0x10, 0xFF,
    0x00, 0x00, 0xFF, 0x00, 0x00, 0xFF, 0x00, 0x00, 0xFF, 0x00, 0x00, 0xFF, 0x00, 0x00, 0xFF, 0x00, 0x00, 0xFF,
    0x00, 0x00, 0xFF, 0x00, 0x00, 0xFF, 0x00, 0x00, 0xFF, 0x00, 0x00, 0xFF, 0x00, 0x00, 0xFF, 0x00, 0x00, 0xFF,
    0x20, 0x38, 0xFF, 0x20, 0xA0, 0xFF, 0x00, 0xA8, 0xFF, 0x00, 0xA8, 0xFF, 0x00, 0xA0, 0xFF, 0x00, 0xA0, 0xFF,
    0x00, 0xA0, 0xFF, 0x21, 0xA0, 0xFF, 0x20, 0x48, 0xFF, 0x00, 0x00, 0xFF, 0x00, 0x00, 0xFF, 0x00, 0x00, 0xFF,
    0x00, 0x00, 0xFF, 0x41, 0x00, 0xFF, 0xA2, 0x08, 0xFF, 0xA2, 0x00, 0xFF, 0x81, 0x08, 0xFF, 0x02, 0x09, 0xFF,
    0x86, 0x22, 0xFF, 0xC6, 0x22, 0xFF, 0x86, 0x22, 0xFF, 0xE8, 0x2A, 0xFF, 0xA7, 0x22, 0xFF, 0xA5, 0x11, 0xFF,
    0x23, 0x09, 0xFF, 0xC2, 0x08, 0xFF, 0xA2, 0x00, 0xFF, 0xA2, 0x00, 0xFF, 0x42, 0x09, 0xFE, 0x04, 0x1A, 0xEC,
    0x25, 0x1A, 0xA4, 0x65, 0x22, 0x2F, 0x04, 0x1A, 0x06, 0x23, 0x09, 0x00, 0x81, 0x00, 0x00, 0x81, 0x00, 0x00,
    0xE4, 0x19, 0x00, 0xC3, 0x11, 0x00, 0x03, 0x12, 0x00, 0x48, 0x33, 0x01, 0x85, 0x1A, 0x13, 0x45, 0x1A, 0x5B,
    0x45, 0x1A, 0xD0, 0x25, 0x1A, 0xF9, 0x25, 0x1A, 0xFF, 0x04, 0x12, 0xFF, 0x49, 0x5C, 0xFF, 0x44, 0x3B, 0xFF,
    0xA7, 0x4B, 0xFF, 0xC1, 0x08, 0xFF, 0xA2, 0x00, 0xFF, 0xC2, 0x00, 0xFF, 0xE2, 0x08, 0xFF, 0x02, 0x09, 0xFF,
    0xC1, 0x00, 0xFF, 0x43, 0x11, 0xFF, 0x63, 0x11, 0xFF, 0x60, 0x00, 0xFF, 0x00, 0x00, 0xFF, 0x00, 0x00, 0xFF,
    0x00, 0x00, 0xFF, 0x00, 0x00, 0xFF, 0x20, 0x60, 0xFF, 0x41, 0x90, 0xFF, 0x00, 0x38, 0xFF, 0x00, 0x00, 0xFF,
    0x00, 0x00, 0xFF, 0x00, 0x00, 0xFF, 0x00, 0x00, 0xFF, 0x00, 0x00, 0xFF, 0x00, 0x00, 0xFF, 0x00, 0x00, 0xFF,
    0x00, 0x00, 0xFF, 0x00, 0x00, 0xFF, 0x00, 0x00, 0xFF, 0x00, 0x00, 0xFF, 0x00, 0x00, 0xFF, 0x00, 0x00, 0xFF,
    0x00, 0x00, 0xFF, 0x00, 0x00, 0xFF, 0x00, 0x00, 0xFF, 0x00, 0x00, 0xFF, 0x00, 0x00, 0xFF, 0x00, 0x00, 0xFF,
    0x00, 0x00, 0xFF, 0x00, 0x00, 0xFF, 0x00, 0x00, 0xFF, 0x00, 0x00, 0xFF, 0x00, 0x00, 0xFF, 0x00, 0x00, 0xFF,
    0x00, 0x00, 0xFF, 0x00, 0x00, 0xFF, 0x00, 0x00, 0xFF, 0x00, 0x00, 0xFF, 0x00, 0x00, 0xFF, 0x00, 0x00, 0xFF,
    0x00, 0x00, 0xFF, 0x00, 0x00, 0xFF, 0x00, 0x00, 0xFF, 0x00, 0x00, 0xFF, 0x00, 0x00, 0xFF, 0x00, 0x00, 0xFF,
    0x00, 0x00, 0xFF, 0x00, 0x00, 0xFF, 0x00, 0x00, 0xFF, 0x00, 0x00, 0xFF, 0x00, 0x00, 0xFF, 0x00, 0x00, 0xFF,
    0x00, 0x00, 0xFF, 0x00, 0x00, 0xFF, 0x00, 0x00, 0xFF, 0x00, 0x00, 0xFF, 0x00, 0x00, 0xFF, 0x00, 0x00, 0xFF,
    0x00, 0x00, 0xFF, 0x00, 0x00, 0xFF, 0x20, 0x30, 0xFF, 0x21, 0x78, 0xFF, 0x21, 0xA8, 0xFF, 0x00, 0xB0, 0xFF,
    0x00, 0xB0, 0xFF, 0x00, 0xB0, 0xFF, 0x00, 0xB0, 0xFF, 0x00, 0xB0, 0xFF, 0x00, 0xB0, 0xFF, 0x00, 0xB0, 0xFF,
    0x00, 0xB0, 0xFF, 0x00, 0xB0, 0xFF, 0x00, 0xB0, 0xFF, 0x00, 0xB0, 0xFF, 0x00, 0xB0, 0xFF, 0x00, 0xB0, 0xFF,
    0x00, 0xB0, 0xFF, 0x00, 0xB0, 0xFF, 0x00, 0xB0, 0xFF, 0x00, 0xB0, 0xFF, 0x00, 0xB0, 0xFF, 0x00, 0xB0, 0xFF,
    0x00, 0xB8, 0xFF, 0x00, 0xB8, 0xFF, 0x00, 0xB8, 0xFF, 0x00, 0xB8, 0xFF, 0x00, 0xB8, 0xFF, 0x00, 0xB8, 0xFF,
    0x00, 0xC0, 0xFF, 0x00, 0xC0, 0xFF, 0x00, 0xC0, 0xFF, 0x00, 0xC0, 0xFF, 0x00, 0xC0, 0xFF, 0x00, 0xB8, 0xFF,
    0x00, 0xB8, 0xFF, 0x00, 0xB8, 0xFF, 0x00, 0xB8, 0xFF, 0x00, 0xB8, 0xFF, 0x00, 0xB8, 0xFF, 0x00, 0xB8, 0xFF,
    0x00, 0xB8, 0xFF, 0x00, 0xB8, 0xFF, 0x00, 0xB8, 0xFF, 0x00, 0xB8, 0xFF, 0x00, 0xB8, 0xFF, 0x00, 0xB8, 0xFF,
    0x00, 0xB0, 0xFF, 0x00, 0xB0, 0xFF, 0x00, 0xB8, 0xFF, 0x00, 0xB0, 0xFF, 0x20, 0xB0, 0xFF, 0x20, 0x70, 0xFF,
    0x00, 0x00, 0xFF, 0x00, 0x00, 0xFF, 0x00, 0x00, 0xFF, 0x00, 0x00, 0xFF, 0x00, 0x00, 0xFF, 0x00, 0x00, 0xFF,
    0x00, 0x00, 0xFF, 0x00, 0x00, 0xFF, 0x00, 0x00, 0xFF, 0x00, 0x00, 0xFF, 0x00, 0x00, 0xFF, 0x00, 0x00, 0xFF,
    0x00, 0x20, 0xFF, 0x20, 0x98, 0xFF, 0x00, 0xA8, 0xFF, 0x00, 0xA8, 0xFF, 0x00, 0xA0, 0xFF, 0x00, 0xA0, 0xFF,
    0x20, 0xA0, 0xFF, 0x21, 0x88, 0xFF, 0x00, 0x18, 0xFF, 0x00, 0x00, 0xFF, 0x00, 0x00, 0xFF, 0x00, 0x00, 0xFF,
    0x00, 0x00, 0xFF, 0x82, 0x08, 0xFF, 0xA2, 0x08, 0xFF, 0x81, 0x00, 0xFF, 0xA2, 0x08, 0xFF, 0x43, 0x11, 0xFF,
    0x04, 0x1A, 0xFF, 0x03, 0x12, 0xFF, 0xE3, 0x11, 0xFF, 0x02, 0x01, 0xFF, 0xC2, 0x08, 0xFF, 0xA1, 0x08, 0xFF,
    0x81, 0x00, 0xFF, 0x82, 0x00, 0xFF, 0xA2, 0x08, 0xFF, 0xC2, 0x00, 0xFF, 0x45, 0x1A, 0xF9, 0x46, 0x22, 0xD0,
    0xA4, 0x11, 0x5B, 0x84, 0x11, 0x13, 0xE2, 0x08, 0x01, 0x61, 0x00, 0x00, 0x81, 0x00, 0x00, 0x81, 0x00, 0x00,
    0x03, 0x1A, 0x00, 0xE3, 0x11, 0x00, 0x85, 0x1A, 0x00, 0xE6, 0x22, 0x00, 0xC6, 0x22, 0x09, 0x65, 0x1A, 0x3D,
    0x66, 0x1A, 0xC2, 0x45, 0x1A, 0xF6, 0x66, 0x1A, 0xFF, 0x45, 0x1A, 0xFF, 0x28, 0x5C, 0xFF, 0x64, 0x43, 0xFF,
    0x86, 0x4B, 0xFF, 0xE2, 0x08, 0xFF, 0x23, 0x11, 0xFF, 0x84, 0x11, 0xFF, 0xE5, 0x19, 0xFF, 0xC4, 0x11, 0xFF,
    0x83, 0x11, 0xFF, 0x63, 0x11, 0xFF, 0x63, 0x11, 0xFF, 0xC1, 0x08, 0xFF, 0x00, 0x00, 0xFF, 0x00, 0x00, 0xFF,
    0x00, 0x00, 0xFF, 0x00, 0x00, 0xFF, 0x00, 0x20, 0xFF, 0x41, 0x90, 0xFF, 0x20, 0xA0, 0xFF, 0x21, 0x40, 0xFF,
    0x00, 0x08, 0xFF, 0x00, 0x00, 0xFF, 0x00, 0x00, 0xFF, 0x00, 0x00, 0xFF, 0x00, 0x00, 0xFF, 0x00, 0x00, 0xFF,
    0x00, 0x00, 0xFF, 0x00, 0x00, 0xFF, 0x00, 0x00, 0xFF, 0x00, 0x00, 0xFF, 0x00, 0x00, 0xFF, 0x00, 0x00, 0xFF,
    0x00, 0x00, 0xFF, 0x00, 0x00, 0xFF, 0x00, 0x00, 0xFF, 0x00, 0x00, 0xFF, 0x00, 0x00, 0xFF, 0x00, 0x00, 0xFF,
    0x00, 0x00, 0xFF, 0x00, 0x00, 0xFF, 0x00, 0x00, 0xFF, 0x00, 0x00, 0xFF, 0x00, 0x00, 0xFF, 0x00, 0x00, 0xFF,
    0x00, 0x00, 0xFF, 0x00, 0x00, 0xFF, 0x00, 0x00, 0xFF, 0x00, 0x00, 0xFF, 0x00, 0x00, 0xFF, 0x00, 0x00, 0xFF,
    0x00, 0x00, 0xFF, 0x00, 0x00, 0xFF, 0x00, 0x00, 0xFF, 0x00, 0x00, 0xFF, 0x00, 0x00, 0xFF, 0x00, 0x00, 0xFF,
    0x00, 0x00, 0xFF, 0x00, 0x00, 0xFF, 0x00, 0x00, 0xFF, 0x00, 0x00, 0xFF, 0x00, 0x00, 0xFF, 0x00, 0x00, 0xFF,
    0x00, 0x00, 0xFF, 0x00, 0x00, 0xFF, 0x00, 0x00, 0xFF, 0x00, 0x00, 0xFF, 0x00, 0x00, 0xFF, 0x00, 0x10, 0xFF,
    0x20, 0x38, 0xFF, 0x21, 0x78, 0xFF, 0x21, 0xB0, 0xFF, 0x20, 0xB0, 0xFF, 0x00, 0xB0, 0xFF, 0x00, 0xB0, 0xFF,
    0x00, 0xB0, 0xFF, 0x00, 0xB0, 0xFF, 0x00, 0xB0, 0xFF, 0x00, 0xB0, 0xFF, 0x00, 0xB0, 0xFF, 0x00, 0xB0, 0xFF,
    0x00, 0xB0, 0xFF, 0x00, 0xB0, 0xFF, 0x00, 0xB0, 0xFF, 0x00, 0xB0, 0xFF, 0x00, 0xB0, 0xFF, 0x00, 0xB0, 0xFF,
    0x00, 0xB0, 0xFF, 0x00, 0xB0, 0xFF, 0x00, 0xB0, 0xFF, 0x00, 0xB8, 0xFF, 0x00, 0xB0, 0xFF, 0x00, 0xB8, 0xFF,
    0x00, 0xB8, 0xFF, 0x00, 0xB8, 0xFF, 0x00, 0xB8, 0xFF, 0x00, 0xC0, 0xFF, 0x00, 0xC0, 0xFF, 0x00, 0xC0, 0xFF,
    0x00, 0xC0, 0xFF, 0x00, 0xC0, 0xFF, 0x00, 0xC0, 0xFF, 0x00, 0xC0, 0xFF, 0x00, 0xC0, 0xFF, 0x00, 0xB8, 0xFF,
    0x00, 0xB8, 0xFF, 0x00, 0xB8, 0xFF, 0x00, 0xB8, 0xFF, 0x00, 0xB8, 0xFF, 0x00, 0xB8, 0xFF, 0x00, 0xB8, 0xFF,
    0x00, 0xB8, 0xFF, 0x00, 0xB8, 0xFF, 0x00, 0xB8, 0xFF, 0x00, 0xB8, 0xFF, 0x00, 0xB0, 0xFF, 0x00, 0xB8, 0xFF,
    0x00, 0xB8, 0xFF, 0x00, 0xB0, 0xFF, 0x00, 0xB0, 0xFF, 0x00, 0xB0, 0xFF, 0x00, 0xB0, 0xFF, 0x21, 0xB0, 0xFF,
    0x21, 0x58, 0xFF, 0x00, 0x00, 0xFF, 0x00, 0x00, 0xFF, 0x00, 0x00, 0xFF, 0x00, 0x00, 0xFF, 0x00, 0x00, 0xFF,
    0x00, 0x00, 0xFF, 0x00, 0x00, 0xFF, 0x00, 0x00, 0xFF, 0x00, 0x00, 0xFF, 0x00, 0x00, 0xFF, 0x00, 0x00, 0xFF,
    0x00, 0x18, 0xFF, 0x20, 0x90, 0xFF, 0x00, 0xA8, 0xFF, 0x00, 0xA8, 0xFF, 0x00, 0xA0, 0xFF, 0x00, 0xA0, 0xFF,
    0x00, 0xA8, 0xFF, 0x20, 0x58, 0xFF, 0x00, 0x00, 0xFF, 0x00, 0x00, 0xFF, 0x00, 0x00, 0xFF, 0x00, 0x00, 0xFF,
    0x41, 0x00, 0xFF, 0xC2, 0x08, 0xFF, 0xA2, 0x08, 0xFF, 0xE2, 0x08, 0xFF, 0x03, 0x11, 0xFF, 0xC1, 0x00, 0xFF,
    0x82, 0x09, 0xFF, 0xE5, 0x2A, 0xFF, 0xC5, 0x22, 0xFF, 0x63, 0x09, 0xFF, 0x82, 0x00, 0xFF, 0x82, 0x00, 0xFF,
    0x81, 0x00, 0xFF, 0xC3, 0x08, 0xFF, 0xA2, 0x00, 0xFF, 0x43, 0x11, 0xFF, 0x24, 0x1A, 0xF6, 0xA1, 0x00, 0xC2,
    0x62, 0x08, 0x3D, 0x81, 0x00, 0x09, 0x82, 0x08, 0x00, 0x82, 0x00, 0x00, 0x81, 0x00, 0x00, 0x82, 0x00, 0x00,
    0x23, 0x1A, 0x00, 0xE2, 0x11, 0x00, 0xA5, 0x22, 0x00, 0x27, 0x2B, 0x00, 0xE6, 0x22, 0x06, 0x85, 0x1A, 0x2F,
    0x86, 0x1A, 0xA4, 0x86, 0x22, 0xEB, 0x66, 0x1A, 0xFE, 0xE4, 0x19, 0xFF, 0xE8, 0x5B, 0xFF, 0xC4, 0x53, 0xFF,
    0xE6, 0x5B, 0xFF, 0x22, 0x09, 0xFF, 0xA3, 0x11, 0xFF, 0x05, 0x1A, 0xFF, 0xE4, 0x11, 0xFF, 0x04, 0x12, 0xFF,
    0x04, 0x1A, 0xFF, 0xE4, 0x19, 0xFF, 0xA3, 0x11, 0xFF, 0x42, 0x11, 0xFF, 0x40, 0x00, 0xFF, 0x00, 0x00, 0xFF,
    0x00, 0x00, 0xFF, 0x00, 0x00, 0xFF, 0x00, 0x00, 0xFF, 0x21, 0x58, 0xFF, 0x00, 0xA8, 0xFF, 0x20, 0xA0, 0xFF,
    0x41, 0x60, 0xFF, 0x00, 0x18, 0xFF, 0x00, 0x00, 0xFF, 0x20, 0x00, 0xFF, 0x00, 0x00, 0xFF, 0x00, 0x00, 0xFF,
    0x00, 0x00, 0xFF, 0x00, 0x00, 0xFF, 0x00, 0x00, 0xFF, 0x00, 0x00, 0xFF, 0x00, 0x00, 0xFF, 0x00, 0x00, 0xFF,
    0x00, 0x00, 0xFF, 0x00, 0x00, 0xFF, 0x00, 0x00, 0xFF, 0x00, 0x00, 0xFF, 0x00, 0x00, 0xFF, 0x00, 0x00, 0xFF,
    0x00, 0x00, 0xFF, 0x00, 0x00, 0xFF, 0x00, 0x00, 0xFF, 0x00, 0x00, 0xFF, 0x00, 0x00, 0xFF, 0x00, 0x00, 0xFF,
    0x00, 0x00, 0xFF, 0x00, 0x00, 0xFF, 0x00, 0x00, 0xFF, 0x00, 0x00, 0xFF, 0x00, 0x00, 0xFF, 0x00, 0x00, 0xFF,
    0x00, 0x00, 0xFF, 0x00, 0x00, 0xFF, 0x00, 0x00, 0xFF, 0x00, 0x00, 0xFF, 0x00, 0x00, 0xFF, 0x00, 0x00, 0xFF,
    0x00, 0x00, 0xFF, 0x00, 0x00, 0xFF, 0x00, 0x00, 0xFF, 0x00, 0x00, 0xFF, 0x00, 0x00, 0xFF, 0x00, 0x00, 0xFF,
    0x00, 0x00, 0xFF, 0x00, 0x00, 0xFF, 0x00, 0x00, 0xFF, 0x00, 0x18, 0xFF, 0x21, 0x48, 0xFF, 0x21, 0x88, 0xFF,
    0x21, 0xB8, 0xFF, 0x00, 0xB8, 0xFF, 0x00, 0xB8, 0xFF, 0x00, 0xC0, 0xFF, 0x00, 0xB8, 0xFF, 0x00, 0xB0, 0xFF,
    0x00, 0xB0, 0xFF, 0x00, 0xB0, 0xFF, 0x00, 0xB0, 0xFF, 0x00, 0xB0, 0xFF, 0x00, 0xB0, 0xFF, 0x00, 0xB0, 0xFF,
    0x00, 0xB0, 0xFF, 0x00, 0xB0, 0xFF, 0x00, 0xB0, 0xFF, 0x00, 0xB0, 0xFF, 0x00, 0xB8, 0xFF, 0x00, 0xB8, 0xFF,
    0x00, 0xB8, 0xFF, 0x00, 0xB8, 0xFF, 0x00, 0xB8, 0xFF, 0x00, 0xB8, 0xFF, 0x00, 0xB8, 0xFF, 0x00, 0xB8, 0xFF,
    0x00, 0xB8, 0xFF, 0x00, 0xB8, 0xFF, 0x00, 0xC0, 0xFF, 0x00, 0xC0, 0xFF, 0x00, 0xC0, 0xFF, 0x00, 0xC0, 0xFF,
    0x00, 0xC0, 0xFF, 0x00, 0xC0, 0xFF, 0x00, 0xC0, 0xFF, 0x00, 0xC0, 0xFF, 0x00, 0xB8, 0xFF, 0x00, 0xB8, 0xFF,
    0x00, 0xB8, 0xFF, 0x00, 0xB8, 0xFF, 0x00, 0xB8, 0xFF, 0x00, 0xB8, 0xFF, 0x00, 0xB8, 0xFF, 0x00, 0xB8, 0xFF,
    0x00, 0xB8, 0xFF, 0x00, 0xB8, 0xFF, 0x00, 0xB8, 0xFF, 0x00, 0xB8, 0xFF, 0x00, 0xB0, 0xFF, 0x00, 0xB8, 0xFF,
    0x00, 0xB8, 0xFF, 0x00, 0xB0, 0xFF, 0x00, 0xB0, 0xFF, 0x20, 0xA8, 0xFF, 0x00, 0xB0, 0xFF, 0x00, 0xB0, 0xFF,
    0x21, 0xA8, 0xFF, 0x20, 0x38, 0xFF, 0x00, 0x00, 0xFF, 0x00, 0x00, 0xFF, 0x00, 0x00, 0xFF, 0x00, 0x00, 0xFF,
    0x00, 0x00, 0xFF, 0x00, 0x00, 0xFF, 0x00, 0x00, 0xFF, 0x00, 0x00, 0xFF, 0x00, 0x00, 0xFF, 0x00, 0x00, 0xFF,
    0x00, 0x10, 0xFF, 0x20, 0x88, 0xFF, 0x00, 0xA8, 0xFF, 0x00, 0xA0, 0xFF, 0x00, 0xA0, 0xFF, 0x00, 0xA0, 0xFF,
    0x01, 0x90, 0xFF, 0x20, 0x18, 0xFF, 0x00, 0x00, 0xFF, 0x00, 0x00, 0xFF, 0x00, 0x00, 0xFF, 0x00, 0x00, 0xFF,
    0xA2, 0x08, 0xFF, 0xC3, 0x08, 0xFF, 0xA2, 0x00, 0xFF, 0x23, 0x11, 0xFF, 0x02, 0x09, 0xFF, 0x02, 0x01, 0xFF,
    0xC5, 0x2A, 0xFF, 0xE4, 0x22, 0xFF, 0x84, 0x1A, 0xFF, 0x24, 0x1A, 0xFF, 0x22, 0x09, 0xFF, 0x82, 0x00, 0xFF,
    0x82, 0x08, 0xFF, 0xC2, 0x08, 0xFF, 0xA2, 0x08, 0xFF, 0x23, 0x11, 0xFE, 0xC7, 0x2A, 0xEB, 0x23, 0x09, 0xA4,
    0xA2, 0x00, 0x2F, 0xA2, 0x08, 0x06, 0x82, 0x00, 0x00, 0x82, 0x00, 0x00, 0x81, 0x00, 0x00, 0x82, 0x00, 0x00,
    0x64, 0x22, 0x00, 0x23, 0x1A, 0x00, 0x06, 0x2B, 0x00, 0xC5, 0x22, 0x00, 0xE6, 0x22, 0x01, 0xC6, 0x1A, 0x13,
    0xC6, 0x22, 0x59, 0x66, 0x1A, 0xCC, 0xC4, 0x19, 0xF8, 0xC1, 0x00, 0xFF, 0xA5, 0x3A, 0xFF, 0x05, 0x5C, 0xFF,
    0xA6, 0x53, 0xFF, 0x23, 0x09, 0xFF, 0xE4, 0x19, 0xFF, 0xA3, 0x11, 0xFF, 0xE4, 0x19, 0xFF, 0xE4, 0x11, 0xFF,
    0xC3, 0x11, 0xFF, 0xE4, 0x19, 0xFF, 0x65, 0x22, 0xFF, 0xC4, 0x11, 0xFF, 0xC2, 0x08, 0xFF, 0x00, 0x00, 0xFF,
    0x00, 0x00, 0xFF, 0x00, 0x00, 0xFF, 0x00, 0x00, 0xFF, 0x20, 0x18, 0xFF, 0x21, 0x90, 0xFF, 0x00, 0xA0, 0xFF,
    0x00, 0xA0, 0xFF, 0x20, 0x80, 0xFF, 0x20, 0x40, 0xFF, 0x00, 0x08, 0xFF, 0x00, 0x00, 0xFF, 0x00, 0x00, 0xFF,
    0x00, 0x00, 0xFF, 0x00, 0x00, 0xFF, 0x00, 0x00, 0xFF, 0x00, 0x00, 0xFF, 0x00, 0x00, 0xFF, 0x00, 0x00, 0xFF,
    0x00, 0x00, 0xFF, 0x00, 0x00, 0xFF, 0x00, 0x00, 0xFF, 0x00, 0x00, 0xFF, 0x00, 0x00, 0xFF, 0x00, 0x00, 0xFF,
    0x00, 0x00, 0xFF, 0x00, 0x00, 0xFF, 0x00, 0x00, 0xFF, 0x00, 0x00, 0xFF, 0x00, 0x00, 0xFF, 0x00, 0x00, 0xFF,
    0x00, 0x00, 0xFF, 0x00, 0x00, 0xFF, 0x00, 0x00, 0xFF, 0x00, 0x00, 0xFF, 0x00, 0x00, 0xFF, 0x00, 0x00, 0xFF,
    0x00, 0x00, 0xFF, 0x00, 0x00, 0xFF, 0x00, 0x00, 0xFF, 0x00, 0x00, 0xFF, 0x00, 0x00, 0xFF, 0x00, 0x00, 0xFF,
    0x00, 0x00, 0xFF, 0x00, 0x00, 0xFF, 0x00, 0x00, 0xFF, 0x00, 0x00, 0xFF, 0x00, 0x00, 0xFF, 0x00, 0x00, 0xFF,
    0x00, 0x08, 0xFF, 0x00, 0x38, 0xFF, 0x40, 0x68, 0xFF, 0x41, 0x98, 0xFF, 0x01, 0xC0, 0xFF, 0x00, 0xC0, 0xFF,
    0x00, 0xB8, 0xFF, 0x00, 0xB8, 0xFF, 0x00, 0xB8, 0xFF, 0x00, 0xB0, 0xFF, 0x00, 0xB8, 0xFF, 0x00, 0xB8, 0xFF,
    0x00, 0xB8, 0xFF, 0x00, 0xB8, 0xFF, 0x00, 0xB8, 0xFF, 0x00, 0xB8, 0xFF, 0x00, 0xB8, 0xFF, 0x00, 0xB8, 0xFF,
    0x00, 0xB8, 0xFF, 0x00, 0xB8, 0xFF, 0x00, 0xB8, 0xFF, 0x00, 0xB8, 0xFF, 0x00, 0xB8, 0xFF, 0x00, 0xB8, 0xFF,
    0x00, 0xB8, 0xFF, 0x00, 0xB8, 0xFF, 0x00, 0xB8, 0xFF, 0x00, 0xB8, 0xFF, 0x00, 0xB8, 0xFF, 0x00, 0xB8, 0xFF,
    0x00, 0xB8, 0xFF, 0x00, 0xC0, 0xFF, 0x00, 0xC0, 0xFF, 0x00, 0xC0, 0xFF, 0x00, 0xC0, 0xFF, 0x00, 0xC0, 0xFF,
    0x00, 0xC0, 0xFF, 0x00, 0xC0, 0xFF, 0x00, 0xC0, 0xFF, 0x00, 0xC0, 0xFF, 0x00, 0xB8, 0xFF, 0x00, 0xB8, 0xFF,
    0x00, 0xB8, 0xFF, 0x00, 0xB8, 0xFF, 0x00, 0xB8, 0xFF, 0x00, 0xB8, 0xFF, 0x00, 0xB8, 0xFF, 0x00, 0xB8, 0xFF,
    0x00, 0xB8, 0xFF, 0x00, 0xB8, 0xFF, 0x00, 0xB8, 0xFF, 0x00, 0xB8, 0xFF, 0x00, 0xB0, 0xFF, 0x00, 0xB8, 0xFF,
    0x00, 0xB8, 0xFF, 0x00, 0xB0, 0xFF, 0x00, 0xB0, 0xFF, 0x00, 0xB0, 0xFF, 0x00, 0xB0, 0xFF, 0x00, 0xA8, 0xFF,
    0x00, 0xB0, 0xFF, 0x41, 0x90, 0xFF, 0x00, 0x20, 0xFF, 0x00, 0x00, 0xFF, 0x00, 0x00, 0xFF, 0x00, 0x00, 0xFF,
    0x00, 0x00, 0xFF, 0x00, 0x00, 0xFF, 0x00, 0x00, 0xFF, 0x00, 0x00, 0xFF, 0x00, 0x00, 0xFF, 0x00, 0x00, 0xFF,
    0x00, 0x08, 0xFF, 0x21, 0x80, 0xFF, 0x00, 0xA8, 0xFF, 0x20, 0x98, 0xFF, 0x00, 0xA0, 0xFF, 0x20, 0xA0, 0xFF,
    0x20, 0x50, 0xFF, 0x00, 0x00, 0xFF, 0x00, 0x00, 0xFF, 0x00, 0x00, 0xFF, 0x00, 0x00, 0xFF, 0x40, 0x00, 0xFF,
    0x03, 0x09, 0xFF, 0xE3, 0x08, 0xFF, 0xE3, 0x08, 0xFF, 0x23, 0x11, 0xFF, 0x42, 0x09, 0xFF, 0x44, 0x1A, 0xFF,
    0x05, 0x2B, 0xFF, 0x43, 0x1A, 0xFF, 0x23, 0x1A, 0xFF, 0x23, 0x1A, 0xFF, 0xA3, 0x11, 0xFF, 0xE2, 0x08, 0xFF,
    0xA1, 0x00, 0xFF, 0x82, 0x00, 0xFF, 0xC2, 0x08, 0xFF, 0x02, 0x09, 0xF8, 0x28, 0x33, 0xCC, 0xE5, 0x19, 0x59,
    0xA1, 0x00, 0x13, 0xC1, 0x00, 0x01, 0xA2, 0x00, 0x00, 0xA2, 0x08, 0x00, 0xC2, 0x08, 0x00, 0xC2, 0x08, 0x00,
    0xC4, 0x22, 0x00, 0x43, 0x1A, 0x00, 0xE5, 0x2A, 0x00, 0x06, 0x23, 0x00, 0x47, 0x33, 0x00, 0x06, 0x23, 0x07,
    0xE7, 0x22, 0x33, 0xE4, 0x19, 0xA6, 0xC1, 0x00, 0xEC, 0xC2, 0x08, 0xFE, 0x21, 0x09, 0xFF, 0xC5, 0x53, 0xFF,
    0x63, 0x2A, 0xFF, 0x22, 0x09, 0xFF, 0xA3, 0x11, 0xFF, 0xC4, 0x11, 0xFF, 0xC4, 0x11, 0xFF, 0xC4, 0x11, 0xFF,
    0xE4, 0x11, 0xFF, 0x04, 0x1A, 0xFF, 0x24, 0x1A, 0xFF, 0x64, 0x1A, 0xFF, 0x62, 0x11, 0xFF, 0x20, 0x00, 0xFF,
    0x00, 0x00, 0xFF, 0x00, 0x00, 0xFF, 0x00, 0x00, 0xFF, 0x00, 0x00, 0xFF, 0x21, 0x58, 0xFF, 0x21, 0xA0, 0xFF,
    0x00, 0xA0, 0xFF, 0x00, 0xA0, 0xFF, 0x21, 0xA0, 0xFF, 0x21, 0x68, 0xFF, 0x20, 0x20, 0xFF, 0x00, 0x00, 0xFF,
    0x00, 0x00, 0xFF, 0x00, 0x00, 0xFF, 0x00, 0x00, 0xFF, 0x00, 0x00, 0xFF, 0x00, 0x00, 0xFF, 0x00, 0x00, 0xFF,
    0x00, 0x00, 0xFF, 0x00, 0x00, 0xFF, 0x00, 0x00, 0xFF, 0x00, 0x00, 0xFF, 0x00, 0x00, 0xFF, 0x00, 0x00, 0xFF,
    0x00, 0x00, 0xFF, 0x00, 0x00, 0xFF, 0x00, 0x00, 0xFF, 0x00, 0x00, 0xFF, 0x00, 0x00, 0xFF, 0x00, 0x00, 0xFF,
    0x00, 0x00, 0xFF, 0x00, 0x00, 0xFF, 0x00, 0x00, 0xFF, 0x00, 0x00, 0xFF, 0x00, 0x00, 0xFF, 0x00, 0x00, 0xFF,
    0x00, 0x00, 0xFF, 0x00, 0x00, 0xFF, 0x00, 0x00, 0xFF, 0x00, 0x00, 0xFF, 0x00, 0x00, 0xFF, 0x00, 0x00, 0xFF,
    0x00, 0x00, 0xFF, 0x00, 0x00, 0xFF, 0x00, 0x00, 0xFF, 0x00, 0x00, 0xFF, 0x00, 0x20, 0xFF, 0x20, 0x50, 0xFF,
    0x41, 0x88, 0xFF, 0x21, 0xB0, 0xFF, 0x00, 0xC8, 0xFF, 0x00, 0xC0, 0xFF, 0x00, 0xC0, 0xFF, 0x00, 0xC0, 0xFF,
    0x00, 0xB8, 0xFF, 0x00, 0xC0, 0xFF, 0x00, 0xC0, 0xFF, 0x00, 0xB8, 0xFF, 0x00, 0xB8, 0xFF, 0x00, 0xB8, 0xFF,
    0x00, 0xB8, 0xFF, 0x00, 0xB8, 0xFF, 0x00, 0xB8, 0xFF, 0x00, 0xB8, 0xFF, 0x00, 0xB8, 0xFF, 0x00, 0xB8, 0xFF,
    0x00, 0xB8, 0xFF, 0x00, 0xB8, 0xFF, 0x00, 0xB8, 0xFF, 0x00, 0xB8, 0xFF, 0x00, 0xB8, 0xFF, 0x00, 0xB8, 0xFF,
    0x00, 0xB8, 0xFF, 0x00, 0xB8, 0xFF, 0x00, 0xC0, 0xFF, 0x00, 0xC0, 0xFF, 0x00, 0xC0, 0xFF, 0x00, 0xC0, 0xFF,
    0x00, 0xC0, 0xFF, 0x00, 0xC0, 0xFF, 0x00, 0xC0, 0xFF, 0x00, 0xC0, 0xFF, 0x00, 0xC0, 0xFF, 0x00, 0xC0, 0xFF,
    0x00, 0xC0, 0xFF, 0x00, 0xC0, 0xFF, 0x00, 0xC0, 0xFF, 0x00, 0xC0, 0xFF, 0x00, 0xC0, 0xFF, 0x00, 0xB8, 0xFF,
    0x00, 0xB8, 0xFF, 0x00, 0xB8, 0xFF, 0x00, 0xB8, 0xFF, 0x00, 0xB8, 0xFF, 0x00, 0xB8, 0xFF, 0x00, 0xB8, 0xFF,
    0x00, 0xB8, 0xFF, 0x00, 0xB8, 0xFF, 0x00, 0xB8, 0xFF, 0x00, 0xB8, 0xFF, 0x00, 0xB8, 0xFF, 0x00, 0xB0, 0xFF,
    0x00, 0xB0, 0xFF, 0x00, 0xB0, 0xFF, 0x00, 0xB0, 0xFF, 0x00, 0xB0, 0xFF, 0x00, 0xB0, 0xFF, 0x00, 0xB0, 0xFF,
    0x00, 0xA8, 0xFF, 0x00, 0xB0, 0xFF, 0x40, 0x68, 0xFF, 0x00, 0x00, 0xFF, 0x20, 0x00, 0xFF, 0x00, 0x00, 0xFF,
    0x00, 0x00, 0xFF, 0x00, 0x00, 0xFF, 0x00, 0x00, 0xFF, 0x00, 0x00, 0xFF, 0x00, 0x00, 0xFF, 0x00, 0x00, 0xFF,
    0x00, 0x08, 0xFF, 0x21, 0x78, 0xFF, 0x00, 0xA0, 0xFF, 0x20, 0x98, 0xFF, 0x00, 0xA8, 0xFF, 0x20, 0x88, 0xFF,
    0x00, 0x18, 0xFF, 0x00, 0x00, 0xFF, 0x00, 0x00, 0xFF, 0x00, 0x00, 0xFF, 0x00, 0x00, 0xFF, 0xA2, 0x08, 0xFF,
    0x03, 0x09, 0xFF, 0xE3, 0x08, 0xFF, 0xE3, 0x08, 0xFF, 0x63, 0x11, 0xFF, 0x82, 0x09, 0xFF, 0x06, 0x33, 0xFF,
    0xC4, 0x22, 0xFF, 0x22, 0x1A, 0xFF, 0xE3, 0x19, 0xFF, 0xE3, 0x19, 0xFF, 0xC3, 0x11, 0xFF, 0x83, 0x11, 0xFF,
    0xC1, 0x00, 0xFF, 0x61, 0x00, 0xFF, 0xC3, 0x08, 0xFE, 0x23, 0x11, 0xEC, 0x43, 0x09, 0xA6, 0x23, 0x09, 0x33,
    0xA2, 0x00, 0x07, 0xA2, 0x00, 0x00, 0xE3, 0x08, 0x00, 0x03, 0x09, 0x00, 0xE3, 0x08, 0x00, 0xE3, 0x08, 0x00,
    0x46, 0x2B, 0x00, 0xA3, 0x22, 0x00, 0x26, 0x2B, 0x00, 0x88, 0x33, 0x00, 0x88, 0x33, 0x00, 0xA6, 0x22, 0x01,
    0xC3, 0x19, 0x14, 0x02, 0x09, 0x5B, 0xA1, 0x00, 0xD0, 0xE2, 0x08, 0xF9, 0xC1, 0x00, 0xFF, 0xA8, 0x5B, 0xFF,
    0xC3, 0x19, 0xFF, 0x22, 0x09, 0xFF, 0xE3, 0x19, 0xFF, 0xC4, 0x11, 0xFF, 0xE4, 0x11, 0xFF, 0xE3, 0x11, 0xFF,
    0x04, 0x1A, 0xFF, 0x24, 0x1A, 0xFF, 0x45, 0x1A, 0xFF, 0xA4, 0x22, 0xFF, 0x03, 0x1A, 0xFF, 0xA2, 0x08, 0xFF,
    0x00, 0x00, 0xFF, 0x00, 0x00, 0xFF, 0x00, 0x00, 0xFF, 0x00, 0x00, 0xFF, 0x00, 0x18, 0xFF, 0x21, 0x80, 0xFF,
    0x00, 0xA0, 0xFF, 0x00, 0xA0, 0xFF, 0x00, 0xA0, 0xFF, 0x20, 0xA0, 0xFF, 0x41, 0x90, 0xFF, 0x21, 0x68, 0xFF,
    0x20, 0x28, 0xFF, 0x00, 0x00, 0xFF, 0x00, 0x00, 0xFF, 0x00, 0x00, 0xFF, 0x00, 0x00, 0xFF, 0x00, 0x00, 0xFF,
    0x00, 0x00, 0xFF, 0x00, 0x00, 0xFF, 0x00, 0x00, 0xFF, 0x00, 0x00, 0xFF, 0x00, 0x00, 0xFF, 0x00, 0x00, 0xFF,
    0x00, 0x00, 0xFF, 0x00, 0x00, 0xFF, 0x00, 0x00, 0xFF, 0x00, 0x00, 0xFF, 0x00, 0x00, 0xFF, 0x00, 0x00, 0xFF,
    0x00, 0x00, 0xFF, 0x00, 0x00, 0xFF, 0x00, 0x00, 0xFF, 0x00, 0x00, 0xFF, 0x00, 0x00, 0xFF, 0x00, 0x00, 0xFF,
    0x00, 0x00, 0xFF, 0x00, 0x00, 0xFF, 0x00, 0x00, 0xFF, 0x00, 0x00, 0xFF, 0x00, 0x00, 0xFF, 0x00, 0x00, 0xFF,
    0x00, 0x08, 0xFF, 0x00, 0x20, 0xFF, 0x20, 0x50, 0xFF, 0x20, 0x80, 0xFF, 0x21, 0xA8, 0xFF, 0x20, 0xC0, 0xFF,
    0x00, 0xC8, 0xFF, 0x00, 0xC8, 0xFF, 0x00, 0xC0, 0xFF, 0x00, 0xC0, 0xFF, 0x00, 0xC0, 0xFF, 0x00, 0xC0, 0xFF,
    0x00, 0xC0, 0xFF, 0x00, 0xC0, 0xFF, 0x00, 0xC0, 0xFF, 0x00, 0xC0, 0xFF, 0x00, 0xC0, 0xFF, 0x00, 0xC0, 0xFF,
    0x00, 0xC0, 0xFF, 0x00, 0xC0, 0xFF, 0x00, 0xB8, 0xFF, 0x00, 0xB8, 0xFF, 0x00, 0xB8, 0xFF, 0x00, 0xB8, 0xFF,
    0x00, 0xB8, 0xFF, 0x00, 0xB8, 0xFF, 0x00, 0xB8, 0xFF, 0x00, 0xB8, 0xFF, 0x00, 0xC0, 0xFF, 0x00, 0xC0, 0xFF,
    0x00, 0xC0, 0xFF, 0x00, 0xC0, 0xFF, 0x00, 0xC0, 0xFF, 0x00, 0xC0, 0xFF, 0x00, 0xC0, 0xFF, 0x00, 0xC0, 0xFF,
    0x00, 0xC0, 0xFF, 0x00, 0xC0, 0xFF, 0x00, 0xC0, 0xFF, 0x00, 0xC0, 0xFF, 0x00, 0xC0, 0xFF, 0x00, 0xC0, 0xFF,
    0x00, 0xC0, 0xFF, 0x00, 0xC0, 0xFF, 0x00, 0xB8, 0xFF, 0x00, 0xB8, 0xFF, 0x00, 0xB8, 0xFF, 0x00, 0xB8, 0xFF,
    0x00, 0xB8, 0xFF, 0x00, 0xB8, 0xFF, 0x00, 0xB8, 0xFF, 0x00, 0xB8, 0xFF, 0x00, 0xB8, 0xFF, 0x00, 0xB8, 0xFF,
    0x00, 0xB8, 0xFF, 0x00, 0xB8, 0xFF, 0x00, 0xB8, 0xFF, 0x00, 0xB8, 0xFF, 0x00, 0xB8, 0xFF, 0x00, 0xB0, 0xFF,
    0x00, 0xB0, 0xFF, 0x00, 0xB0, 0xFF, 0x00, 0xB0, 0xFF, 0x00, 0xB0, 0xFF, 0x00, 0xB0, 0xFF, 0x00, 0xB0, 0xFF,
    0x00, 0xA8, 0xFF, 0x00, 0xB0, 0xFF, 0x20, 0xA8, 0xFF, 0x20, 0x40, 0xFF, 0x00, 0x00, 0xFF, 0x00, 0x00, 0xFF,
    0x00, 0x00, 0xFF, 0x00, 0x00, 0xFF, 0x00, 0x00, 0xFF, 0x00, 0x00, 0xFF, 0x00, 0x00, 0xFF, 0x00, 0x00, 0xFF,
    0x00, 0x08, 0xFF, 0x41, 0x78, 0xFF, 0x00, 0xA0, 0xFF, 0x00, 0xA0, 0xFF, 0x20, 0xA0, 0xFF, 0x20, 0x48, 0xFF,
    0x00, 0x00, 0xFF, 0x00, 0x00, 0xFF, 0x00, 0x00, 0xFF, 0x00, 0x00, 0xFF, 0x41, 0x00, 0xFF, 0x04, 0x11, 0xFF,
    0x03, 0x09, 0xFF, 0x03, 0x11, 0xFF, 0xE4, 0x08, 0xFF, 0x05, 0x22, 0xFF, 0x46, 0x3B, 0xFF, 0x04, 0x2B, 0xFF,
    0x43, 0x1A, 0xFF, 0x03, 0x1A, 0xFF, 0xE3, 0x19, 0xFF, 0xE3, 0x11, 0xFF, 0xC3, 0x11, 0xFF, 0xC3, 0x11, 0xFF,
    0x42, 0x09, 0xFF, 0x61, 0x00, 0xFF, 0x82, 0x00, 0xF9, 0xE3, 0x08, 0xD0, 0xE3, 0x08, 0x5B, 0x03, 0x09, 0x14,
    0xC2, 0x00, 0x01, 0xE3, 0x08, 0x00, 0xE3, 0x08, 0x00, 0x24, 0x11, 0x00, 0xE3, 0x08, 0x00, 0x03, 0x09, 0x00,
    0x86, 0x33, 0x00, 0x04, 0x23, 0x00, 0x05, 0x2B, 0x00, 0x65, 0x22, 0x00, 0xA3, 0x11, 0x00, 0x42, 0x09, 0x00,
    0x22, 0x09, 0x09, 0x22, 0x11, 0x3D, 0x22, 0x09, 0xC2, 0xE2, 0x08, 0xF6, 0xE2, 0x08, 0xFF, 0xC3, 0x19, 0xFF,
    0x42, 0x09, 0xFF, 0x63, 0x11, 0xFF, 0xA3, 0x11, 0xFF, 0xE4, 0x11, 0xFF, 0xE3, 0x11, 0xFF, 0xE4, 0x19, 0xFF,
    0xE3, 0x11, 0xFF, 0x23, 0x1A, 0xFF, 0x03, 0x1A, 0xFF, 0xE5, 0x2A, 0xFF, 0xA4, 0x22, 0xFF, 0x62, 0x11, 0xFF,
    0x40, 0x00, 0xFF, 0x00, 0x00, 0xFF, 0x00, 0x00, 0xFF, 0x00, 0x00, 0xFF, 0x00, 0x00, 0xFF, 0x00, 0x48, 0xFF,
    0x20, 0xA0, 0xFF, 0x00, 0xA0, 0xFF, 0x00, 0xA0, 0xFF, 0x00, 0xA0, 0xFF, 0x00, 0xA8, 0xFF, 0x00, 0xA8, 0xFF,
    0x20, 0x98, 0xFF, 0x41, 0x70, 0xFF, 0x20, 0x48, 0xFF, 0x00, 0x18, 0xFF, 0x00, 0x00, 0xFF, 0x00, 0x00, 0xFF,
    0x00, 0x00, 0xFF, 0x00, 0x00, 0xFF, 0x00, 0x00, 0xFF, 0x00, 0x00, 0xFF, 0x00, 0x00, 0xFF, 0x00, 0x00, 0xFF,
    0x00, 0x00, 0xFF, 0x00, 0x00, 0xFF, 0x00, 0x00, 0xFF, 0x00, 0x00, 0xFF, 0x00, 0x00, 0xFF, 0x00, 0x00, 0xFF,
    0x00, 0x00, 0xFF, 0x00, 0x00, 0xFF, 0x00, 0x00, 0xFF, 0x00, 0x00, 0xFF, 0x00, 0x00, 0xFF, 0x00, 0x00, 0xFF,
    0x00, 0x00, 0xFF, 0x00, 0x00, 0xFF, 0x00, 0x00, 0xFF, 0x00, 0x10, 0xFF, 0x20, 0x30, 0xFF, 0x20, 0x58, 0xFF,
    0x20, 0x88, 0xFF, 0x20, 0xA8, 0xFF, 0x20, 0xC0, 0xFF, 0x20, 0xC0, 0xFF, 0x00, 0xC0, 0xFF, 0x00, 0xB8, 0xFF,
    0x00, 0xB8, 0xFF, 0x00, 0xB8, 0xFF, 0x00, 0xC0, 0xFF, 0x00, 0xB8, 0xFF, 0x00, 0xC0, 0xFF, 0x00, 0xC0, 0xFF,
    0x00, 0xC0, 0xFF, 0x00, 0xC0, 0xFF, 0x00, 0xC0, 0xFF, 0x00, 0xC0, 0xFF, 0x00, 0xC0, 0xFF, 0x00, 0xC0, 0xFF,
    0x00, 0xC0, 0xFF, 0x00, 0xC0, 0xFF, 0x00, 0xC0, 0xFF, 0x00, 0xC0, 0xFF, 0x00, 0xC0, 0xFF, 0x00, 0xC0, 0xFF,
    0x00, 0xC0, 0xFF, 0x00, 0xC0, 0xFF, 0x00, 0xC0, 0xFF, 0x00, 0xC0, 0xFF, 0x00, 0xC0, 0xFF, 0x00, 0xC0, 0xFF,
    0x00, 0xC0, 0xFF, 0x00, 0xC0, 0xFF, 0x00, 0xC0, 0xFF, 0x00, 0xC0, 0xFF, 0x00, 0xC0, 0xFF, 0x00, 0xC0, 0xFF,
    0x00, 0xC0, 0xFF, 0x00, 0xC0, 0xFF, 0x00, 0xC0, 0xFF, 0x00, 0xC0, 0xFF, 0x00, 0xB8, 0xFF, 0x00, 0xB8, 0xFF,
    0x00, 0xB8, 0xFF, 0x00, 0xB8, 0xFF, 0x00, 0xB8, 0xFF, 0x00, 0xB8, 0xFF, 0x00, 0xB8, 0xFF, 0x00, 0xB8, 0xFF,
    0x00, 0xB8, 0xFF, 0x00, 0xB8, 0xFF, 0x00, 0xB8, 0xFF, 0x00, 0xB8, 0xFF, 0x00, 0xB8, 0xFF, 0x00, 0xB8, 0xFF,
    0x00, 0xB8, 0xFF, 0x00, 0xB0, 0xFF, 0x00, 0xB0, 0xFF, 0x00, 0xB0, 0xFF, 0x00, 0xB0, 0xFF, 0x00, 0xB0, 0xFF,
    0x00, 0xB0, 0xFF, 0x00, 0xB0, 0xFF, 0x00, 0xB0, 0xFF, 0x00, 0xB0, 0xFF, 0x00, 0xB0, 0xFF, 0x00, 0xA8, 0xFF,
    0x00, 0xA8, 0xFF, 0x00, 0xA8, 0xFF, 0x00, 0xB0, 0xFF, 0x40, 0x88, 0xFF, 0x00, 0x18, 0xFF, 0x00, 0x00, 0xFF,
    0x00, 0x00, 0xFF, 0x00, 0x00, 0xFF, 0x00, 0x00, 0xFF, 0x00, 0x00, 0xFF, 0x00, 0x00, 0xFF, 0x00, 0x00, 0xFF,
    0x00, 0x08, 0xFF, 0x20, 0x78, 0xFF, 0x00, 0xA0, 0xFF, 0x00, 0xA0, 0xFF, 0x40, 0x78, 0xFF, 0x00, 0x08, 0xFF,
    0x01, 0x00, 0xFF, 0x00, 0x00, 0xFF, 0x00, 0x00, 0xFF, 0x00, 0x00, 0xFF, 0xA2, 0x08, 0xFF, 0xE3, 0x08, 0xFF,
    0xE2, 0x08, 0xFF, 0x03, 0x11, 0xFF, 0xE4, 0x08, 0xFF, 0x63, 0x09, 0xFF, 0x26, 0x3B, 0xFF, 0x25, 0x33, 0xFF,
    0x43, 0x1A, 0xFF, 0x03, 0x1A, 0xFF, 0xE2, 0x19, 0xFF, 0xE3, 0x11, 0xFF, 0xC3, 0x11, 0xFF, 0xC3, 0x11, 0xFF,
    0xA3, 0x11, 0xFF, 0xE1, 0x00, 0xFF, 0x61, 0x00, 0xF6, 0x61, 0x00, 0xC2, 0xA2, 0x08, 0x3D, 0x03, 0x11, 0x09,
    0xC2, 0x08, 0x00, 0x03, 0x09, 0x00, 0xE3, 0x08, 0x00, 0x23, 0x09, 0x00, 0xE3, 0x08, 0x00, 0x03, 0x09, 0x00,
    0x29, 0x4C, 0x00, 0x08, 0x44, 0x00, 0x03, 0x12, 0x00, 0xE1, 0x00, 0x00, 0x02, 0x09, 0x00, 0x02, 0x11, 0x00,
    0x42, 0x09, 0x06, 0x63, 0x09, 0x2F, 0x82, 0x11, 0xA4, 0xA3, 0x11, 0xEB, 0x63, 0x11, 0xFE, 0x02, 0x01, 0xFF,
    0x22, 0x09, 0xFF, 0x63, 0x11, 0xFF, 0xA3, 0x11, 0xFF, 0xC3, 0x11, 0xFF, 0xE4, 0x19, 0xFF, 0x04, 0x1A, 0xFF,
    0x03, 0x1A, 0xFF, 0x23, 0x12, 0xFF, 0x24, 0x1A, 0xFF, 0xC4, 0x22, 0xFF, 0x86, 0x33, 0xFF, 0x23, 0x1A, 0xFF,
    0x22, 0x11, 0xFF, 0x00, 0x00, 0xFF, 0x00, 0x00, 0xFF, 0x00, 0x00, 0xFF, 0x00, 0x00, 0xFF, 0x00, 0x10, 0xFF,
    0x21, 0x78, 0xFF, 0x00, 0xA8, 0xFF, 0x00, 0xA0, 0xFF, 0x00, 0xA0, 0xFF, 0x00, 0xA0, 0xFF, 0x00, 0xA0, 0xFF,
    0x00, 0xA8, 0xFF, 0x00, 0xA8, 0xFF, 0x21, 0xA0, 0xFF, 0x21, 0x90, 0xFF, 0x20, 0x70, 0xFF, 0x20, 0x50, 0xFF,
    0x20, 0x28, 0xFF, 0x20, 0x18, 0xFF, 0x00, 0x08, 0xFF, 0x00, 0x00, 0xFF, 0x00, 0x00, 0xFF, 0x00, 0x00, 0xFF,
    0x00, 0x00, 0xFF, 0x00, 0x00, 0xFF, 0x00, 0x00, 0xFF, 0x00, 0x00, 0xFF, 0x00, 0x00, 0xFF, 0x00, 0x00, 0xFF,
    0x00, 0x00, 0xFF, 0x00, 0x00, 0xFF, 0x00, 0x00, 0xFF, 0x00, 0x08, 0xFF, 0x00, 0x18, 0xFF, 0x20, 0x28, 0xFF,
    0x20, 0x40, 0xFF, 0x20, 0x60, 0xFF, 0x21, 0x80, 0xFF, 0x21, 0x98, 0xFF, 0x21, 0xB0, 0xFF, 0x00, 0xC0, 0xFF,
    0x00, 0xC0, 0xFF, 0x00, 0xB8, 0xFF, 0x00, 0xC0, 0xFF, 0x00, 0xC0, 0xFF, 0x00, 0xB8, 0xFF, 0x00, 0xB8, 0xFF,
    0x00, 0xC0, 0xFF, 0x00, 0xC0, 0xFF, 0x00, 0xB8, 0xFF, 0x00, 0xB8, 0xFF, 0x00, 0xB8, 0xFF, 0x00, 0xC0, 0xFF,
    0x00, 0xC0, 0xFF, 0x00, 0xC0, 0xFF, 0x00, 0xC0, 0xFF, 0x00, 0xC0, 0xFF, 0x00, 0xC0, 0xFF, 0x00, 0xC0, 0xFF,
    0x00, 0xC0, 0xFF, 0x00, 0xC0, 0xFF, 0x00, 0xC0, 0xFF, 0x00, 0xC0, 0xFF, 0x00, 0xC0, 0xFF, 0x00, 0xC0, 0xFF,
    0x00, 0xC0, 0xFF, 0x00, 0xC0, 0xFF, 0x00, 0xC0, 0xFF, 0x00, 0xC0, 0xFF, 0x00, 0xC0, 0xFF, 0x00, 0xC0, 0xFF,
    0x00, 0xC0, 0xFF, 0x00, 0xC0, 0xFF, 0x00, 0xC0, 0xFF, 0x00, 0xC0, 0xFF, 0x00, 0xC0, 0xFF, 0x00, 0xC0, 0xFF,
    0x00, 0xC0, 0xFF, 0x00, 0xC0, 0xFF, 0x00, 0xC0, 0xFF, 0x00, 0xB8, 0xFF, 0x00, 0xB8, 0xFF, 0x00, 0xB8, 0xFF,
    0x00, 0xB8, 0xFF, 0x00, 0xB8, 0xFF, 0x00, 0xB8, 0xFF, 0x00, 0xB8, 0xFF, 0x00, 0xB8, 0xFF, 0x00, 0xB8, 0xFF,
    0x00, 0xB8, 0xFF, 0x00, 0xB8, 0xFF, 0x00, 0xB8, 0xFF, 0x00, 0xB8, 0xFF, 0x00, 0xB8, 0xFF, 0x00, 0xB8, 0xFF,
    0x00, 0xB8, 0xFF, 0x00, 0xB0, 0xFF, 0x00, 0xB0, 0xFF, 0x00, 0xB0, 0xFF, 0x00, 0xB0, 0xFF, 0x00, 0xB0, 0xFF,
    0x00, 0xB0, 0xFF, 0x00, 0xB0, 0xFF, 0x00, 0xB0, 0xFF, 0x00, 0xB0, 0xFF, 0x00, 0xB0, 0xFF, 0x00, 0xA8, 0xFF,
    0x00, 0xA8, 0xFF, 0x00, 0xA8, 0xFF, 0x00, 0xA8, 0xFF, 0x20, 0xA8, 0xFF, 0x40, 0x58, 0xFF, 0x00, 0x00, 0xFF,
    0x00, 0x00, 0xFF, 0x00, 0x00, 0xFF, 0x00, 0x00, 0xFF, 0x00, 0x00, 0xFF, 0x00, 0x00, 0xFF, 0x00, 0x00, 0xFF,
    0x00, 0x10, 0xFF, 0x20, 0x80, 0xFF, 0x00, 0xA0, 0xFF, 0x41, 0x90, 0xFF, 0x20, 0x30, 0xFF, 0x00, 0x00, 0xFF,
    0x00, 0x00, 0xFF, 0x00, 0x00, 0xFF, 0x00, 0x00, 0xFF, 0x41, 0x00, 0xFF, 0x24, 0x11, 0xFF, 0x03, 0x09, 0xFF,
    0x03, 0x09, 0xFF, 0x44, 0x11, 0xFF, 0x24, 0x11, 0xFF, 0x03, 0x09, 0xFF, 0x23, 0x09, 0xFF, 0xA6, 0x2A, 0xFF,
    0xE4, 0x2A, 0xFF, 0x22, 0x1A, 0xFF, 0xE3, 0x19, 0xFF, 0xA2, 0x11, 0xFF, 0xA2, 0x11, 0xFF, 0xA3, 0x11, 0xFF,
    0xC3, 0x11, 0xFF, 0x83, 0x11, 0xFE, 0x81, 0x00, 0xEB, 0x41, 0x00, 0xA4, 0x61, 0x00, 0x2F, 0xA2, 0x00, 0x06,
    0xE3, 0x08, 0x00, 0x03, 0x09, 0x00, 0x24, 0x09, 0x00, 0xE3, 0x08, 0x00, 0x03, 0x09, 0x00, 0x03, 0x09, 0x00,
    0xC5, 0x2A, 0x00, 0x29, 0x54, 0x00, 0xC2, 0x11, 0x00, 0x02, 0x09, 0x00, 0x23, 0x09, 0x00, 0x22, 0x11, 0x00,
    0x42, 0x11, 0x01, 0x83, 0x11, 0x13, 0xA2, 0x11, 0x59, 0xE2, 0x11, 0xCC, 0x24, 0x1A, 0xF8, 0x65, 0x22, 0xFF,
    0xC2, 0x11, 0xFF, 0x62, 0x09, 0xFF, 0xA3, 0x11, 0xFF, 0xC3, 0x11, 0xFF, 0x24, 0x1A, 0xFF, 0x44, 0x22, 0xFF,
    0x03, 0x12, 0xFF, 0x23, 0x1A, 0xFF, 0x43, 0x1A, 0xFF, 0x63, 0x1A, 0xFF, 0xE4, 0x22, 0xFF, 0xA4, 0x22, 0xFF,
    0x24, 0x22, 0xFF, 0x81, 0x08, 0xFF, 0x00, 0x00, 0xFF, 0x00, 0x00, 0xFF, 0x00, 0x00, 0xFF, 0x00, 0x00, 0xFF,
    0x00, 0x28, 0xFF, 0x40, 0x90, 0xFF, 0x00, 0xA0, 0xFF, 0x00, 0xA0, 0xFF, 0x00, 0xA0, 0xFF, 0x00, 0xA0, 0xFF,
    0x00, 0xA0, 0xFF, 0x00, 0xA0, 0xFF, 0x00, 0xA8, 0xFF, 0x20, 0xA8, 0xFF, 0x20, 0xA8, 0xFF, 0x20, 0xA8, 0xFF,
    0x20, 0xA0, 0xFF, 0x40, 0x90, 0xFF, 0x20, 0x80, 0xFF, 0x20, 0x70, 0xFF, 0x20, 0x60, 0xFF, 0x21, 0x50, 0xFF,
    0x20, 0x48, 0xFF, 0x20, 0x40, 0xFF, 0x20, 0x40, 0xFF, 0x20, 0x40, 0xFF, 0x20, 0x40, 0xFF, 0x20, 0x48, 0xFF,
    0x20, 0x50, 0xFF, 0x20, 0x60, 0xFF, 0x20, 0x70, 0xFF, 0x40, 0x80, 0xFF, 0x41, 0x90, 0xFF, 0x20, 0xA8, 0xFF,
    0x20, 0xB0, 0xFF, 0x00, 0xB8, 0xFF, 0x00, 0xC0, 0xFF, 0x00, 0xB8, 0xFF, 0x00, 0xB8, 0xFF, 0x00, 0xB8, 0xFF,
    0x00, 0xB8, 0xFF, 0x00, 0xB8, 0xFF, 0x00, 0xB8, 0xFF, 0x00, 0xB8, 0xFF, 0x00, 0xB8, 0xFF, 0x00, 0xC0, 0xFF,
    0x00, 0xC0, 0xFF, 0x00, 0xB8, 0xFF, 0x00, 0xB8, 0xFF, 0x00, 0xC0, 0xFF, 0x00, 0xB8, 0xFF, 0x00, 0xC0, 0xFF,
    0x00, 0xC0, 0xFF, 0x00, 0xC0, 0xFF, 0x00, 0xC0, 0xFF, 0x00, 0xC0, 0xFF, 0x00, 0xC0, 0xFF, 0x00, 0xC0, 0xFF,
    0x00, 0xC0, 0xFF, 0x00, 0xC0, 0xFF, 0x00, 0xC0, 0xFF, 0x00, 0xC0, 0xFF, 0x00, 0xC0, 0xFF, 0x00, 0xC0, 0xFF,
    0x00, 0xC0, 0xFF, 0x00, 0xC0, 0xFF, 0x00, 0xC0, 0xFF, 0x00, 0xC0, 0xFF, 0x00, 0xC0, 0xFF, 0x00, 0xC0, 0xFF,
    0x00, 0xC0, 0xFF, 0x00, 0xC0, 0xFF, 0x00, 0xC0, 0xFF, 0x00, 0xC0, 0xFF, 0x00, 0xC0, 0xFF, 0x00, 0xC0, 0xFF,
    0x00, 0xB8, 0xFF, 0x00, 0xB8, 0xFF, 0x00, 0xB8, 0xFF, 0x00, 0xB8, 0xFF, 0x00, 0xB8, 0xFF, 0x00, 0xB8, 0xFF,
    0x00, 0xB8, 0xFF, 0x00, 0xB8, 0xFF, 0x00, 0xB8, 0xFF, 0x00, 0xB8, 0xFF, 0x00, 0xB8, 0xFF, 0x00, 0xB8, 0xFF,
    0x00, 0xB8, 0xFF, 0x00, 0xB8, 0xFF, 0x00, 0xB8, 0xFF, 0x00, 0xB8, 0xFF, 0x00, 0xB0, 0xFF, 0x00, 0xB0, 0xFF,
    0x00, 0xB0, 0xFF, 0x00, 0xB0, 0xFF, 0x00, 0xB0, 0xFF, 0x00, 0xB0, 0xFF, 0x00, 0xB0, 0xFF, 0x00, 0xB0, 0xFF,
    0x00, 0xB0, 0xFF, 0x00, 0xB0, 0xFF, 0x00, 0xB0, 0xFF, 0x00, 0xB0, 0xFF, 0x00, 0xA8, 0xFF, 0x00, 0xA8, 0xFF,
    0x00, 0xA8, 0xFF, 0x00, 0xA8, 0xFF, 0x00, 0xA8, 0xFF, 0x00, 0xA8, 0xFF, 0x40, 0x90, 0xFF, 0x20, 0x20, 0xFF,
    0x00, 0x00, 0xFF, 0x00, 0x00, 0xFF, 0x00, 0x00, 0xFF, 0x00, 0x00, 0xFF, 0x00, 0x00, 0xFF, 0x00, 0x00, 0xFF,
    0x00, 0x18, 0xFF, 0x20, 0x88, 0xFF, 0x00, 0xA8, 0xFF, 0x01, 0x60, 0xFF, 0x00, 0x00, 0xFF, 0x00, 0x00, 0xFF,
    0x00, 0x00, 0xFF, 0x00, 0x00, 0xFF, 0x00, 0x00, 0xFF, 0xA2, 0x08, 0xFF, 0x03, 0x09, 0xFF, 0x03, 0x09, 0xFF,
    0x03, 0x09, 0xFF, 0x65, 0x11, 0xFF, 0x84, 0x11, 0xFF, 0xE6, 0x19, 0xFF, 0x44, 0x09, 0xFF, 0x43, 0x09, 0xFF,
    0x44, 0x22, 0xFF, 0x84, 0x22, 0xFF, 0xE2, 0x11, 0xFF, 0xC2, 0x11, 0xFF, 0xA2, 0x11, 0xFF, 0xA2, 0x11, 0xFF,
    0xA2, 0x11, 0xFF, 0xA3, 0x11, 0xF8, 0x02, 0x09, 0xCC, 0x61, 0x00, 0x59, 0x61, 0x00, 0x13, 0xA2, 0x08, 0x01,
    0xE3, 0x08, 0x00, 0xE2, 0x00, 0x00, 0x03, 0x09, 0x00, 0xE3, 0x08, 0x00, 0x03, 0x09, 0x00, 0xE2, 0x08, 0x00,
    0xA2, 0x09, 0x00, 0xC5, 0x2A, 0x00, 0xA3, 0x11, 0x00, 0x23, 0x11, 0x00, 0x42, 0x11, 0x00, 0x42, 0x11, 0x00,
    0x62, 0x11, 0x00, 0xA3, 0x11, 0x07, 0xE3, 0x19, 0x33, 0x22, 0x1A, 0xA6, 0x63, 0x1A, 0xEC, 0xE5, 0x2A, 0xFE,
    0xE5, 0x2A, 0xFF, 0xA2, 0x11, 0xFF, 0xA3, 0x11, 0xFF, 0xC3, 0x11, 0xFF, 0x03, 0x1A, 0xFF, 0x03, 0x1A, 0xFF,
    0x03, 0x1A, 0xFF, 0x03, 0x1A, 0xFF, 0x23, 0x1A, 0xFF, 0x23, 0x1A, 0xFF, 0x42, 0x1A, 0xFF, 0x42, 0x12, 0xFF,
    0xC4, 0x22, 0xFF, 0x24, 0x22, 0xFF, 0x00, 0x00, 0xFF, 0x00, 0x00, 0xFF, 0x00, 0x00, 0xFF, 0x20, 0x00, 0xFF,
    0x00, 0x00, 0xFF, 0x20, 0x50, 0xFF, 0x00, 0xA8, 0xFF, 0x00, 0xA0, 0xFF, 0x00, 0xA0, 0xFF, 0x00, 0xA0, 0xFF,
    0x00, 0xA0, 0xFF, 0x00, 0xA8, 0xFF, 0x00, 0xA8, 0xFF, 0x00, 0xA8, 0xFF, 0x00, 0xA8, 0xFF, 0x00, 0xA8, 0xFF,
    0x00, 0xA8, 0xFF, 0x00, 0xB0, 0xFF, 0x00, 0xB0, 0xFF, 0x00, 0xB0, 0xFF, 0x00, 0xB0, 0xFF, 0x00, 0xB0, 0xFF,
    0x20, 0xA8, 0xFF, 0x20, 0xA8, 0xFF, 0x20, 0xA8, 0xFF, 0x20, 0xA8, 0xFF, 0x20, 0xB0, 0xFF, 0x20, 0xB0, 0xFF,
    0x00, 0xB0, 0xFF, 0x00, 0xB8, 0xFF, 0x00, 0xB8, 0xFF, 0x00, 0xC0, 0xFF, 0x00, 0xB8, 0xFF, 0x00, 0xB0, 0xFF,
    0x00, 0xB0, 0xFF, 0x00, 0xB0, 0xFF, 0x00, 0xB0, 0xFF, 0x00, 0xB0, 0xFF, 0x00, 0xB8, 0xFF, 0x00, 0xB8, 0xFF,
    0x00, 0xB8, 0xFF, 0x00, 0xB8, 0xFF, 0x00, 0xB8, 0xFF, 0x00, 0xB8, 0xFF, 0x00, 0xB8, 0xFF, 0x00, 0xB8, 0xFF,
    0x00, 0xB8, 0xFF, 0x00, 0xB8, 0xFF, 0x00, 0xB8, 0xFF, 0x00, 0xB8, 0xFF, 0x00, 0xB8, 0xFF, 0x00, 0xB8, 0xFF,
    0x00, 0xC0, 0xFF, 0x00, 0xC0, 0xFF, 0x00, 0xC0, 0xFF, 0x00, 0xC0, 0xFF, 0x00, 0xC0, 0xFF, 0x00, 0xC0, 0xFF,
    0x00, 0xC0, 0xFF, 0x00, 0xC0, 0xFF, 0x00, 0xC0, 0xFF, 0x00, 0xC0, 0xFF, 0x00, 0xC0, 0xFF, 0x00, 0xC0, 0xFF,
    0x00, 0xC0, 0xFF, 0x00, 0xC0, 0xFF, 0x00, 0xC0, 0xFF, 0x00, 0xC0, 0xFF, 0x00, 0xC0, 0xFF, 0x00, 0xC0, 0xFF,
    0x00, 0xC0, 0xFF, 0x00, 0xC0, 0xFF, 0x00, 0xC0, 0xFF, 0x00, 0xC0, 0xFF, 0x00, 0xC0, 0xFF, 0x00, 0xC0, 0xFF,
    0x00, 0xB8, 0xFF, 0x00, 0xB8, 0xFF, 0x00, 0xB8, 0xFF, 0x00, 0xB8, 0xFF, 0x00, 0xB8, 0xFF, 0x00, 0xB8, 0xFF,
    0x00, 0xB8, 0xFF, 0x00, 0xB8, 0xFF, 0x00, 0xB8, 0xFF, 0x00, 0xB8, 0xFF, 0x00, 0xB8, 0xFF, 0x00, 0xB8, 0xFF,
    0x00, 0xB8, 0xFF, 0x00, 0xB8, 0xFF, 0x00, 0xB8, 0xFF, 0x00, 0xB0, 0xFF, 0x00, 0xB0, 0xFF, 0x00, 0xB0, 0xFF,
    0x00, 0xB0, 0xFF, 0x00, 0xB0, 0xFF, 0x00, 0xB0, 0xFF, 0x00, 0xB0, 0xFF, 0x00, 0xB0, 0xFF, 0x00, 0xB0, 0xFF,
    0x00, 0xB0, 0xFF, 0x00, 0xB0, 0xFF, 0x00, 0xB0, 0xFF, 0x00, 0xA8, 0xFF, 0x00, 0xA8, 0xFF, 0x00, 0xA8, 0xFF,
    0x00, 0xA8, 0xFF, 0x00, 0xA8, 0xFF, 0x00, 0xA8, 0xFF, 0x00, 0xA8, 0xFF, 0x20, 0xA8, 0xFF, 0x41, 0x60, 0xFF,
    0x00, 0x00, 0xFF, 0x00, 0x00, 0xFF, 0x00, 0x00, 0xFF, 0x00, 0x00, 0xFF, 0x00, 0x00, 0xFF, 0x00, 0x00, 0xFF,
    0x00, 0x20, 0xFF, 0x20, 0xA0, 0xFF, 0x20, 0x88, 0xFF, 0x00, 0x18, 0xFF, 0x00, 0x00, 0xFF, 0x00, 0x00, 0xFF,
    0x00, 0x00, 0xFF, 0x00, 0x00, 0xFF, 0x41, 0x00, 0xFF, 0xA3, 0x08, 0xFF, 0xC3, 0x08, 0xFF, 0xE3, 0x08, 0xFF,
    0xE3, 0x08, 0xFF, 0x24, 0x11, 0xFF, 0x03, 0x09, 0xFF, 0xA5, 0x11, 0xFF, 0xA5, 0x19, 0xFF, 0xA2, 0x00, 0xFF,
    0xC2, 0x00, 0xFF, 0x24, 0x22, 0xFF, 0x84, 0x22, 0xFF, 0xE2, 0x11, 0xFF, 0xA2, 0x11, 0xFF, 0x82, 0x11, 0xFF,
    0x82, 0x11, 0xFE, 0x83, 0x11, 0xEC, 0x63, 0x11, 0xA6, 0xC2, 0x00, 0x33, 0x61, 0x00, 0x07, 0xA2, 0x08, 0x00,
    0xC2, 0x08, 0x00, 0x03, 0x11, 0x00, 0xC2, 0x08, 0x00, 0xE2, 0x08, 0x00, 0xE3, 0x08, 0x00, 0xC2, 0x08, 0x00,
    0x03, 0x1A, 0x00, 0x02, 0x1A, 0x00, 0xE2, 0x11, 0x00, 0x82, 0x11, 0x00, 0x82, 0x11, 0x00, 0x82, 0x11, 0x00,
    0x82, 0x11, 0x00, 0xA2, 0x11, 0x01, 0x23, 0x1A, 0x13, 0x63, 0x1A, 0x59, 0xA3, 0x22, 0xCC, 0x04, 0x23, 0xF8,
    0x46, 0x33, 0xFF, 0x03, 0x1A, 0xFF, 0x42, 0x09, 0xFF, 0xC3, 0x19, 0xFF, 0xE2, 0x11, 0xFF, 0xE2, 0x19, 0xFF,
    0xE2, 0x19, 0xFF, 0x02, 0x1A, 0xFF, 0x23, 0x1A, 0xFF, 0x43, 0x1A, 0xFF, 0xA3, 0x22, 0xFF, 0xE4, 0x2A, 0xFF,
    0xE4, 0x22, 0xFF, 0x64, 0x1A, 0xFF, 0xC2, 0x08, 0xFF, 0x00, 0x00, 0xFF, 0x00, 0x00, 0xFF, 0x20, 0x00, 0xFF,
    0x00, 0x00, 0xFF, 0x00, 0x10, 0xFF, 0x21, 0x80, 0xFF, 0x20, 0xA0, 0xFF, 0x00, 0xA0, 0xFF, 0x00, 0xA0, 0xFF,
    0x00, 0xA0, 0xFF, 0x00, 0xA0, 0xFF, 0x00, 0xA8, 0xFF, 0x00, 0xA0, 0xFF, 0x00, 0xA0, 0xFF, 0x00, 0xA8, 0xFF,
    0x00, 0xA8, 0xFF, 0x00, 0xA8, 0xFF, 0x00, 0xA8, 0xFF, 0x00, 0xA8, 0xFF, 0x00, 0xA8, 0xFF, 0x00, 0xA8, 0xFF,
    0x00, 0xB0, 0xFF, 0x00, 0xB0, 0xFF, 0x00, 0xB0, 0xFF, 0x00, 0xB0, 0xFF, 0x00, 0xB0, 0xFF, 0x00, 0xB0, 0xFF,
    0x00, 0xB0, 0xFF, 0x00, 0xB0, 0xFF, 0x00, 0xA8, 0xFF, 0x00, 0xA8, 0xFF, 0x00, 0xB0, 0xFF, 0x00, 0xB0, 0xFF,
    0x00, 0xB0, 0xFF, 0x00, 0xB8, 0xFF, 0x00, 0xB8, 0xFF, 0x00, 0xB8, 0xFF, 0x00, 0xB8, 0xFF, 0x00, 0xB8, 0xFF,
    0x00, 0xB8, 0xFF, 0x00, 0xB8, 0xFF, 0x00, 0xB8, 0xFF, 0x00, 0xB8, 0xFF, 0x00, 0xB8, 0xFF, 0x00, 0xB8, 0xFF,
    0x00, 0xB8, 0xFF, 0x00, 0xB8, 0xFF, 0x00, 0xB8, 0xFF, 0x00, 0xB8, 0xFF, 0x00, 0xB8, 0xFF, 0x00, 0xB8, 0xFF,
    0x00, 0xB8, 0xFF, 0x00, 0xB8, 0xFF, 0x00, 0xB8, 0xFF, 0x00, 0xB8, 0xFF, 0x00, 0xC0, 0xFF, 0x00, 0xC0, 0xFF,
    0x00, 0xC0, 0xFF, 0x00, 0xC0, 0xFF, 0x00, 0xC0, 0xFF, 0x00, 0xC0, 0xFF, 0x00, 0xC0, 0xFF, 0x00, 0xC0, 0xFF,
    0x00, 0xC0, 0xFF, 0x00, 0xC0, 0xFF, 0x00, 0xC0, 0xFF, 0x00, 0xC0, 0xFF, 0x00, 0xB8, 0xFF, 0x00, 0xB8, 0xFF,
    0x00, 0xB8, 0xFF, 0x00, 0xB8, 0xFF, 0x00, 0xB8, 0xFF, 0x00, 0xB8, 0xFF, 0x00, 0xB8, 0xFF, 0x00, 0xB8, 0xFF,
    0x00, 0xB8, 0xFF, 0x00, 0xB8, 0xFF, 0x00, 0xB8, 0xFF, 0x00, 0xB8, 0xFF, 0x00, 0xB8, 0xFF, 0x00, 0xB8, 0xFF,
    0x00, 0xB8, 0xFF, 0x00, 0xB8, 0xFF, 0x00, 0xB8, 0xFF, 0x00, 0xB8, 0xFF, 0x00, 0xB8, 0xFF, 0x00, 0xB8, 0xFF,
    0x00, 0xB0, 0xFF, 0x00, 0xB8, 0xFF, 0x00, 0xB8, 0xFF, 0x00, 0xB0, 0xFF, 0x00, 0xB0, 0xFF, 0x00, 0xB0, 0xFF,
    0x00, 0xB0, 0xFF, 0x00, 0xB0, 0xFF, 0x00, 0xB0, 0xFF, 0x00, 0xB0, 0xFF, 0x00, 0xB0, 0xFF, 0x00, 0xB0, 0xFF,
    0x00, 0xB0, 0xFF, 0x00, 0xB0, 0xFF, 0x00, 0xA8, 0xFF, 0x00, 0xA8, 0xFF, 0x00, 0xA8, 0xFF, 0x00, 0xA8, 0xFF,
    0x00, 0xA8, 0xFF, 0x00, 0xA8, 0xFF, 0x00, 0xA8, 0xFF, 0x00, 0xA8, 0xFF, 0x00, 0xA8, 0xFF, 0x21, 0x98, 0xFF,
    0x20, 0x28, 0xFF, 0x00, 0x00, 0xFF, 0x00, 0x00, 0xFF, 0x00, 0x00, 0xFF, 0x00, 0x00, 0xFF, 0x00, 0x00, 0xFF,
    0x20, 0x40, 0xFF, 0x41, 0x98, 0xFF, 0x00, 0x40, 0xFF, 0x20, 0x00, 0xFF, 0x00, 0x00, 0xFF, 0x00, 0x00, 0xFF,
    0x00, 0x00, 0xFF, 0x20, 0x00, 0xFF, 0xC2, 0x08, 0xFF, 0x82, 0x00, 0xFF, 0x82, 0x00, 0xFF, 0x82, 0x00, 0xFF,
    0x82, 0x00, 0xFF, 0xA2, 0x08, 0xFF, 0x61, 0x00, 0xFF, 0xA2, 0x00, 0xFF, 0x23, 0x11, 0xFF, 0x61, 0x00, 0xFF,
    0xA2, 0x08, 0xFF, 0x42, 0x11, 0xFF, 0xA5, 0x2A, 0xFF, 0x63, 0x1A, 0xFF, 0xC2, 0x11, 0xFF, 0x82, 0x11, 0xFF,
    0x82, 0x11, 0xF8, 0x82, 0x11, 0xCC, 0x63, 0x11, 0x59, 0x23, 0x09, 0x13, 0x81, 0x00, 0x01, 0x82, 0x00, 0x00,
    0xA2, 0x00, 0x00, 0xC2, 0x08, 0x00, 0xE3, 0x08, 0x00, 0xE2, 0x08, 0x00, 0xE3, 0x08, 0x00, 0xC2, 0x08, 0x00,
    0x63, 0x11, 0x00, 0xE4, 0x19, 0x00, 0xA5, 0x22, 0x00, 0x63, 0x1A, 0x00, 0xE2, 0x11, 0x00, 0xA2, 0x11, 0x00,
    0xA2, 0x11, 0x00, 0xA2, 0x11, 0x00, 0x02, 0x12, 0x07, 0xC3, 0x22, 0x33, 0x04, 0x23, 0xA6, 0x44, 0x23, 0xEC,
    0xA6, 0x33, 0xFE, 0x44, 0x22, 0xFF, 0x21, 0x09, 0xFF, 0xC3, 0x11, 0xFF, 0x64, 0x1A, 0xFF, 0x23, 0x12, 0xFF,
    0x43, 0x1A, 0xFF, 0x43, 0x1A, 0xFF, 0x84, 0x22, 0xFF, 0xC4, 0x22, 0xFF, 0x66, 0x33, 0xFF, 0x46, 0x3B, 0xFF,
    0x82, 0x09, 0xFF, 0x43, 0x09, 0xFF, 0x84, 0x11, 0xFF, 0x40, 0x00, 0xFF, 0x00, 0x00, 0xFF, 0x00, 0x00, 0xFF,
    0x00, 0x00, 0xFF, 0x00, 0x00, 0xFF, 0x00, 0x28, 0xFF, 0x21, 0x90, 0xFF, 0x00, 0xA0, 0xFF, 0x00, 0xA0, 0xFF,
    0x00, 0xA0, 0xFF, 0x00, 0xA0, 0xFF, 0x00, 0xA0, 0xFF, 0x00, 0xA0, 0xFF, 0x00, 0xA0, 0xFF, 0x00, 0xA8, 0xFF,
    0x00, 0xA8, 0xFF, 0x00, 0xA8, 0xFF, 0x00, 0xA8, 0xFF, 0x00, 0xA8, 0xFF, 0x00, 0xA8, 0xFF, 0x00, 0xA8, 0xFF,
    0x00, 0xB0, 0xFF, 0x00, 0xA8, 0xFF, 0x00, 0xA8, 0xFF, 0x00, 0xB0, 0xFF, 0x00, 0xA8, 0xFF, 0x00, 0xA8, 0xFF,
    0x00, 0xB0, 0xFF, 0x00, 0xB0, 0xFF, 0x00, 0xB0, 0xFF, 0x00, 0xB0, 0xFF, 0x00, 0xB0, 0xFF, 0x00, 0xB0, 0xFF,
    0x00, 0xB0, 0xFF, 0x00, 0xB0, 0xFF, 0x00, 0xB0, 0xFF, 0x00, 0xB0, 0xFF, 0x00, 0xB8, 0xFF, 0x00, 0xB8, 0xFF,
    0x00, 0xB8, 0xFF, 0x00, 0xB8, 0xFF, 0x00, 0xB8, 0xFF, 0x00, 0xB8, 0xFF, 0x00, 0xB8, 0xFF, 0x00, 0xB8, 0xFF,
    0x00, 0xB8, 0xFF, 0x00, 0xB8, 0xFF, 0x00, 0xB8, 0xFF, 0x00, 0xB8, 0xFF, 0x00, 0xB8, 0xFF, 0x00, 0xB8, 0xFF,
    0x00, 0xB8, 0xFF, 0x00, 0xB8, 0xFF, 0x00, 0xB8, 0xFF, 0x00, 0xB8, 0xFF, 0x00, 0xB8, 0xFF, 0x00, 0xB8, 0xFF,
    0x00, 0xB8, 0xFF, 0x00, 0xB8, 0xFF, 0x00, 0xB8, 0xFF, 0x00, 0xB8, 0xFF, 0x00, 0xB8, 0xFF, 0x00, 0xB8, 0xFF,
    0x00, 0xB8, 0xFF, 0x00, 0xB8, 0xFF, 0x00, 0xB8, 0xFF, 0x00, 0xB8, 0xFF, 0x00, 0xB8, 0xFF, 0x00, 0xB8, 0xFF,
    0x00, 0xB8, 0xFF, 0x00, 0xB8, 0xFF, 0x00, 0xB8, 0xFF, 0x00, 0xB8, 0xFF, 0x00, 0xB8, 0xFF, 0x00, 0xB8, 0xFF,
    0x00, 0xB8, 0xFF, 0x00, 0xB8, 0xFF, 0x00, 0xB8, 0xFF, 0x00, 0xB8, 0xFF, 0x00, 0xB8, 0xFF, 0x00, 0xB8, 0xFF,
    0x00, 0xB8, 0xFF, 0x00, 0xB8, 0xFF, 0x00, 0xB8, 0xFF, 0x00, 0xB8, 0xFF, 0x00, 0xB8, 0xFF, 0x00, 0xB8, 0xFF,
    0x00, 0xB0, 0xFF, 0x00, 0xB0, 0xFF, 0x00, 0xB0, 0xFF, 0x00, 0xB0, 0xFF, 0x00, 0xB0, 0xFF, 0x00, 0xB0, 0xFF,
    0x00, 0xB0, 0xFF, 0x00, 0xB0, 0xFF, 0x00, 0xB0, 0xFF, 0x00, 0xB0, 0xFF, 0x00, 0xB0, 0xFF, 0x00, 0xB0, 0xFF,
    0x00, 0xB0, 0xFF, 0x00, 0xB0, 0xFF, 0x00, 0xA8, 0xFF, 0x00, 0xA8, 0xFF, 0x00, 0xA8, 0xFF, 0x00, 0xA8, 0xFF,
    0x00, 0xA8, 0xFF, 0x00, 0xA8, 0xFF, 0x00, 0xA8, 0xFF, 0x00, 0xA8, 0xFF, 0x00, 0xA8, 0xFF, 0x00, 0xA8, 0xFF,
    0x20, 0x60, 0xFF, 0x00, 0x00, 0xFF, 0x00, 0x00, 0xFF, 0x00, 0x00, 0xFF, 0x00, 0x00, 0xFF, 0x00, 0x00, 0xFF,
    0x40, 0x58, 0xFF, 0x40, 0x60, 0xFF, 0x00, 0x08, 0xFF, 0x00, 0x00, 0xFF, 0x00, 0x00, 0xFF, 0x00, 0x00, 0xFF,
    0x00, 0x00, 0xFF, 0xA2, 0x10, 0xFF, 0xE3, 0x08, 0xFF, 0x82, 0x00, 0xFF, 0x62, 0x00, 0xFF, 0x82, 0x00, 0xFF,
    0x82, 0x00, 0xFF, 0x82, 0x00, 0xFF, 0x82, 0x00, 0xFF, 0x82, 0x00, 0xFF, 0xA2, 0x00, 0xFF, 0xC2, 0x08, 0xFF,
    0xC2, 0x08, 0xFF, 0xC2, 0x08, 0xFF, 0xA4, 0x11, 0xFF, 0xC5, 0x2A, 0xFF, 0x02, 0x1A, 0xFF, 0xE3, 0x11, 0xFE,
    0x82, 0x11, 0xEC, 0x62, 0x11, 0xA6, 0x62, 0x11, 0x33, 0x43, 0x11, 0x07, 0x03, 0x09, 0x00, 0x81, 0x00, 0x00,
    0xC2, 0x08, 0x00, 0xA2, 0x00, 0x00, 0xA2, 0x08, 0x00, 0xC2, 0x08, 0x00, 0xC2, 0x08, 0x00, 0xC2, 0x08, 0x00,
    0x03, 0x09, 0x00, 0x23, 0x09, 0x00, 0x63, 0x09, 0x00, 0x04, 0x1A, 0x00, 0x63, 0x22, 0x00, 0x64, 0x22, 0x00,
    0x63, 0x1A, 0x00, 0x23, 0x1A, 0x00, 0xE2, 0x11, 0x01, 0x83, 0x22, 0x13, 0xA5, 0x3B, 0x59, 0xA4, 0x33, 0xCC,
    0xC7, 0x3B, 0xF8, 0x24, 0x22, 0xFF, 0x62, 0x11, 0xFF, 0xC2, 0x11, 0xFF, 0xA5, 0x2A, 0xFF, 0x23, 0x12, 0xFF,
    0x43, 0x1A, 0xFF, 0x23, 0x1A, 0xFF, 0x83, 0x22, 0xFF, 0xE4, 0x22, 0xFF, 0x27, 0x33, 0xFF, 0x62, 0x09, 0xFF,
    0xE2, 0x08, 0xFF, 0x44, 0x11, 0xFF, 0x85, 0x11, 0xFF, 0x44, 0x11, 0xFF, 0x00, 0x00, 0xFF, 0x00, 0x00, 0xFF,
    0x00, 0x00, 0xFF, 0x00, 0x00, 0xFF, 0x00, 0x00, 0xFF, 0x21, 0x48, 0xFF, 0x20, 0xA0, 0xFF, 0x00, 0xA0, 0xFF,
    0x00, 0xA0, 0xFF, 0x00, 0xA8, 0xFF, 0x00, 0xA0, 0xFF, 0x00, 0xA0, 0xFF, 0x00, 0xA8, 0xFF, 0x00, 0xA8, 0xFF,
    0x00, 0xA8, 0xFF, 0x00, 0xA8, 0xFF, 0x00, 0xA8, 0xFF, 0x00, 0xA8, 0xFF, 0x00, 0xA8, 0xFF, 0x00, 0xA8, 0xFF,
    0x00, 0xA8, 0xFF, 0x00, 0xA8, 0xFF, 0x00, 0xA8, 0xFF, 0x00, 0xB0, 0xFF, 0x00, 0xB0, 0xFF, 0x00, 0xB0, 0xFF,
    0x00, 0xB0, 0xFF, 0x00, 0xB0, 0xFF, 0x00, 0xB0, 0xFF, 0x00, 0xB0, 0xFF, 0x00, 0xB0, 0xFF, 0x00, 0xB0, 0xFF,
    0x00, 0xB0, 0xFF, 0x00, 0xB0, 0xFF, 0x00, 0xB0, 0xFF, 0x00, 0xB0, 0xFF, 0x00, 0xB8, 0xFF, 0x00, 0xB8, 0xFF,
    0x00, 0xB8, 0xFF, 0x00, 0xB8, 0xFF, 0x00, 0xB8, 0xFF, 0x00, 0xB8, 0xFF, 0x00, 0xB8, 0xFF, 0x00, 0xB8, 0xFF,
    0x00, 0xB8, 0xFF, 0x00, 0xB8, 0xFF, 0x00, 0xB8, 0xFF, 0x00, 0xB8, 0xFF, 0x00, 0xB8, 0xFF, 0x00, 0xB8, 0xFF,
    0x00, 0xB8, 0xFF, 0x00, 0xB8, 0xFF, 0x00, 0xB8, 0xFF, 0x00, 0xB8, 0xFF, 0x00, 0xB8, 0xFF, 0x00, 0xB8, 0xFF,
    0x00, 0xB8, 0xFF, 0x00, 0xB8, 0xFF, 0x00, 0xB8, 0xFF, 0x00, 0xB8, 0xFF, 0x00, 0xB8, 0xFF, 0x00, 0xB8, 0xFF,
    0x00, 0xB8, 0xFF, 0x00, 0xB8, 0xFF, 0x00, 0xB8, 0xFF, 0x00, 0xB8, 0xFF, 0x00, 0xB8, 0xFF, 0x00, 0xB8, 0xFF,
    0x00, 0xB8, 0xFF, 0x00, 0xB8, 0xFF, 0x00, 0xB8, 0xFF, 0x00, 0xB8, 0xFF, 0x00, 0xB8, 0xFF, 0x00, 0xB8, 0xFF,
    0x00, 0xB8, 0xFF, 0x00, 0xB8, 0xFF, 0x00, 0xB8, 0xFF, 0x00, 0xB8, 0xFF, 0x00, 0xB8, 0xFF, 0x00, 0xB8, 0xFF,
    0x00, 0xB8, 0xFF, 0x00, 0xB8, 0xFF, 0x00, 0xB8, 0xFF, 0x00, 0xB8, 0xFF, 0x00, 0xB8, 0xFF, 0x00, 0xB8, 0xFF,
    0x00, 0xB0, 0xFF, 0x00, 0xB0, 0xFF, 0x00, 0xB0, 0xFF, 0x00, 0xB0, 0xFF, 0x00, 0xB0, 0xFF, 0x00, 0xB0, 0xFF,
    0x00, 0xB0, 0xFF, 0x00, 0xB0, 0xFF, 0x00, 0xB0, 0xFF, 0x00, 0xB0, 0xFF, 0x00, 0xB0, 0xFF, 0x00, 0xA8, 0xFF,
    0x00, 0xA8, 0xFF, 0x00, 0xA8, 0xFF, 0x00, 0xA8, 0xFF, 0x00, 0xA8, 0xFF, 0x00, 0xA8, 0xFF, 0x00, 0xA8, 0xFF,
    0x00, 0xA8, 0xFF, 0x00, 0xA8, 0xFF, 0x00, 0xA8, 0xFF, 0x00, 0xA8, 0xFF, 0x00, 0xA0, 0xFF, 0x00, 0xA8, 0xFF,
    0x20, 0x90, 0xFF, 0x20, 0x20, 0xFF, 0x00, 0x00, 0xFF, 0x00, 0x00, 0xFF, 0x00, 0x00, 0xFF, 0x00, 0x10, 0xFF,
    0x62, 0x50, 0xFF, 0x00, 0x18, 0xFF, 0x00, 0x00, 0xFF, 0x00, 0x00, 0xFF, 0x00, 0x00, 0xFF, 0x00, 0x00, 0xFF,
    0x41, 0x00, 0xFF, 0xA2, 0x08, 0xFF, 0x81, 0x00, 0xFF, 0x82, 0x00, 0xFF, 0xA2, 0x08, 0xFF, 0xA2, 0x08, 0xFF,
    0xA2, 0x00, 0xFF, 0x82, 0x08, 0xFF, 0xA2, 0x00, 0xFF, 0xC2, 0x08, 0xFF, 0xC2, 0x08, 0xFF, 0xE2, 0x08, 0xFF,
    0xE2, 0x08, 0xFF, 0x03, 0x11, 0xFF, 0xA2, 0x00, 0xFF, 0x05, 0x1A, 0xFF, 0x26, 0x2B, 0xFF, 0x43, 0x1A, 0xF8,
    0xA2, 0x19, 0xCC, 0x82, 0x11, 0x59, 0x62, 0x11, 0x13, 0xA3, 0x11, 0x01, 0x63, 0x11, 0x00, 0xC2, 0x00, 0x00,
    0xC2, 0x00, 0x00, 0xE3, 0x10, 0x00, 0xE2, 0x08, 0x00, 0xA1, 0x00, 0x00, 0xA2, 0x00, 0x00, 0xA2, 0x00, 0x00,
    0x83, 0x11, 0x00, 0xC4, 0x19, 0x00, 0xA3, 0x11, 0x00, 0x01, 0x09, 0x00, 0x23, 0x09, 0x00, 0xC3, 0x19, 0x00,
    0x43, 0x22, 0x00, 0xA3, 0x2A, 0x00, 0xC3, 0x2A, 0x00, 0xC3, 0x22, 0x07, 0x65, 0x33, 0x33, 0x88, 0x54, 0xA6,
    0xA7, 0x43, 0xEC, 0x62, 0x09, 0xFE, 0x62, 0x11, 0xFF, 0xA2, 0x11, 0xFF, 0x44, 0x1A, 0xFF, 0x84, 0x22, 0xFF,
    0x22, 0x12, 0xFF, 0x84, 0x22, 0xFF, 0xA4, 0x1A, 0xFF, 0xC6, 0x2A, 0xFF, 0x82, 0x09, 0xFF, 0xE2, 0x00, 0xFF,
    0xC2, 0x08, 0xFF, 0x23, 0x11, 0xFF, 0xA5, 0x19, 0xFF, 0x07, 0x22, 0xFF, 0xE2, 0x08, 0xFF, 0x00, 0x00, 0xFF,
    0x00, 0x00, 0xFF, 0x00, 0x00, 0xFF, 0x00, 0x00, 0xFF, 0x00, 0x10, 0xFF, 0x21, 0x68, 0xFF, 0x00, 0xA0, 0xFF,
    0x00, 0xA0, 0xFF, 0x00, 0xA0, 0xFF, 0x00, 0xA8, 0xFF, 0x00, 0xA0, 0xFF, 0x00, 0xA0, 0xFF, 0x00, 0xA8, 0xFF,
    0x00, 0xA8, 0xFF, 0x00, 0xA8, 0xFF, 0x00, 0xA8, 0xFF, 0x00, 0xA8, 0xFF, 0x00, 0xA8, 0xFF, 0x00, 0xA8, 0xFF,
    0x00, 0xA8, 0xFF, 0x00, 0xA8, 0xFF, 0x00, 0xA8, 0xFF, 0x00, 0xA8, 0xFF, 0x00, 0xB0, 0xFF, 0x00, 0xB0, 0xFF,
    0x00, 0xB0, 0xFF, 0x00, 0xB0, 0xFF, 0x00, 0xB0, 0xFF, 0x00, 0xB0, 0xFF, 0x00, 0xB0, 0xFF, 0x00, 0xB0, 0xFF,
    0x00, 0xB0, 0xFF, 0x00, 0xB0, 0xFF, 0x00, 0xB0, 0xFF, 0x00, 0xB0, 0xFF, 0x00, 0xB0, 0xFF, 0x00, 0xB8, 0xFF,
    0x00, 0xB8, 0xFF, 0x00, 0xB8, 0xFF, 0x00, 0xB8, 0xFF, 0x00, 0xB8, 0xFF, 0x00, 0xB8, 0xFF, 0x00, 0xB8, 0xFF,
    0x00, 0xB8, 0xFF, 0x00, 0xB8, 0xFF, 0x00, 0xB8, 0xFF, 0x00, 0xB8, 0xFF, 0x00, 0xB8, 0xFF, 0x00, 0xB8, 0xFF,
    0x00, 0xB8, 0xFF, 0x00, 0xB8, 0xFF, 0x00, 0xB8, 0xFF, 0x00, 0xB8, 0xFF, 0x00, 0xB8, 0xFF, 0x00, 0xB8, 0xFF,
    0x00, 0xB8, 0xFF, 0x00, 0xB8, 0xFF, 0x00, 0xB8, 0xFF, 0x00, 0xB8, 0xFF, 0x00, 0xB8, 0xFF, 0x00, 0xB8, 0xFF,
    0x00, 0xB8, 0xFF, 0x00, 0xB8, 0xFF, 0x00, 0xB8, 0xFF, 0x00, 0xB8, 0xFF, 0x00, 0xB8, 0xFF, 0x00, 0xB8, 0xFF,
    0x00, 0xB8, 0xFF, 0x00, 0xB8, 0xFF, 0x00, 0xB8, 0xFF, 0x00, 0xB8, 0xFF, 0x00, 0xB8, 0xFF, 0x00, 0xB8, 0xFF,
    0x00, 0xB8, 0xFF, 0x00, 0xB8, 0xFF, 0x00, 0xB8, 0xFF, 0x00, 0xB8, 0xFF, 0x00, 0xB8, 0xFF, 0x00, 0xB8, 0xFF,
    0x00, 0xB8, 0xFF, 0x00, 0xB8, 0xFF, 0x00, 0xB8, 0xFF, 0x00, 0xB8, 0xFF, 0x00, 0xB8, 0xFF, 0x00, 0xB0, 0xFF,
    0x00, 0xB0, 0xFF, 0x00, 0xB0, 0xFF, 0x00, 0xB0, 0xFF, 0x00, 0xB0, 0xFF, 0x00, 0xB0, 0xFF, 0x00, 0xB0, 0xFF,
    0x00, 0xB0, 0xFF, 0x00, 0xB0, 0xFF, 0x00, 0xB0, 0xFF, 0x00, 0xB0, 0xFF, 0x00, 0xB0, 0xFF, 0x00, 0xA8, 0xFF,
    0x00, 0xA8, 0xFF, 0x00, 0xA8, 0xFF, 0x00, 0xA8, 0xFF, 0x00, 0xA8, 0xFF, 0x00, 0xA8, 0xFF, 0x00, 0xA8, 0xFF,
    0x00, 0xA8, 0xFF, 0x00, 0xA8, 0xFF, 0x00, 0xA8, 0xFF, 0x00, 0xA8, 0xFF, 0x00, 0xA0, 0xFF, 0x00, 0xA8, 0xFF,
    0x00, 0xA8, 0xFF, 0x21, 0x58, 0xFF, 0x00, 0x00, 0xFF, 0x00, 0x00, 0xFF, 0x00, 0x00, 0xFF, 0x20, 0x18, 0xFF,
    0x20, 0x20, 0xFF, 0x00, 0x00, 0xFF, 0x00, 0x00, 0xFF, 0x00, 0x00, 0xFF, 0x00, 0x00, 0xFF, 0x00, 0x00, 0xFF,
    0xC2, 0x08, 0xFF, 0xE2, 0x08, 0xFF, 0xA2, 0x08, 0xFF, 0x82, 0x00, 0xFF, 0xC2, 0x08, 0xFF, 0xC2, 0x08, 0xFF,
    0xC2, 0x08, 0xFF, 0xC2, 0x00, 0xFF, 0xC2, 0x08, 0xFF, 0xC2, 0x08, 0xFF, 0xA2, 0x00, 0xFF, 0xC2, 0x00, 0xFF,
    0x03, 0x09, 0xFF, 0x23, 0x11, 0xFF, 0xC2, 0x00, 0xFF, 0x02, 0x09, 0xFF, 0xC3, 0x11, 0xFE, 0xE6, 0x2A, 0xEC,
    0x84, 0x1A, 0xA6, 0x24, 0x1A, 0x33, 0x04, 0x1A, 0x07, 0xE4, 0x19, 0x00, 0x23, 0x09, 0x00, 0x03, 0x09, 0x00,
    0xE3, 0x08, 0x00, 0xE3, 0x08, 0x00, 0x04, 0x11, 0x00, 0xC3, 0x08, 0x00, 0xA2, 0x00, 0x00, 0xA2, 0x08, 0x00,
    0xE2, 0x11, 0x00, 0xE2, 0x11, 0x00, 0x84, 0x22, 0x00, 0x23, 0x1A, 0x00, 0x62, 0x11, 0x00, 0x01, 0x01, 0x00,
    0xE1, 0x00, 0x00, 0x42, 0x09, 0x00, 0x23, 0x1A, 0x00, 0xC3, 0x2A, 0x01, 0x23, 0x2B, 0x13, 0x88, 0x5C, 0x59,
    0xC4, 0x2A, 0xCC, 0x21, 0x09, 0xF8, 0x42, 0x11, 0xFF, 0xE3, 0x19, 0xFF, 0xE2, 0x11, 0xFF, 0xA5, 0x2A, 0xFF,
    0x43, 0x12, 0xFF, 0xC4, 0x22, 0xFF, 0x06, 0x2B, 0xFF, 0x83, 0x09, 0xFF, 0x03, 0x09, 0xFF, 0x23, 0x09, 0xFF,
    0xE2, 0x08, 0xFF, 0x02, 0x09, 0xFF, 0x84, 0x11, 0xFF, 0x05, 0x1A, 0xFF, 0xC5, 0x19, 0xFF, 0x40, 0x00, 0xFF,
    0x00, 0x00, 0xFF, 0x00, 0x00, 0xFF, 0x00, 0x00, 0xFF, 0x00, 0x00, 0xFF, 0x00, 0x18, 0xFF, 0x21, 0x78, 0xFF,
    0x00, 0xA0, 0xFF, 0x00, 0xA0, 0xFF, 0x00, 0xA0, 0xFF, 0x00, 0xA0, 0xFF, 0x00, 0xA0, 0xFF, 0x00, 0xA0, 0xFF,
    0x00, 0xA8, 0xFF, 0x00, 0xA8, 0xFF, 0x00, 0xA8, 0xFF, 0x00, 0xA8, 0xFF, 0x00, 0xA8, 0xFF, 0x00, 0xA8, 0xFF,
    0x00, 0xA8, 0xFF, 0x00, 0xA8, 0xFF, 0x00, 0xA8, 0xFF, 0x00, 0xA8, 0xFF, 0x00, 0xA8, 0xFF, 0x00, 0xA8, 0xFF,
    0x00, 0xA8, 0xFF, 0x00, 0xB0, 0xFF, 0x00, 0xB0, 0xFF, 0x00, 0xB0, 0xFF, 0x00, 0xB0, 0xFF, 0x00, 0xB0, 0xFF,
    0x00, 0xB0, 0xFF, 0x00, 0xB0, 0xFF, 0x00, 0xB0, 0xFF, 0x00, 0xB0, 0xFF, 0x00, 0xB0, 0xFF, 0x00, 0xB0, 0xFF,
    0x00, 0xB0, 0xFF, 0x00, 0xB0, 0xFF, 0x00, 0xB0, 0xFF, 0x00, 0xB0, 0xFF, 0x00, 0xB0, 0xFF, 0x00, 0xB0, 0xFF,
    0x00, 0xB8, 0xFF, 0x00, 0xB8, 0xFF, 0x00, 0xB8, 0xFF, 0x00, 0xB8, 0xFF, 0x00, 0xB8, 0xFF, 0x00, 0xB8, 0xFF,
    0x00, 0xB8, 0xFF, 0x00, 0xB8, 0xFF, 0x00, 0xB8, 0xFF, 0x00, 0xB8, 0xFF, 0x00, 0xB8, 0xFF, 0x00, 0xB8, 0xFF,
    0x00, 0xB8, 0xFF, 0x00, 0xB8, 0xFF, 0x00, 0xB8, 0xFF, 0x00, 0xB8, 0xFF, 0x00, 0xB8, 0xFF, 0x00, 0xB8, 0xFF,
    0x00, 0xB8, 0xFF, 0x00, 0xB8, 0xFF, 0x00, 0xB8, 0xFF, 0x00, 0xB8, 0xFF, 0x00, 0xB8, 0xFF, 0x00, 0xB8, 0xFF,
    0x00, 0xB8, 0xFF, 0x00, 0xB8, 0xFF, 0x00, 0xB8, 0xFF, 0x00, 0xB8, 0xFF, 0x00, 0xB8, 0xFF, 0x00, 0xB8, 0xFF,
    0x00, 0xB8, 0xFF, 0x00, 0xB8, 0xFF, 0x00, 0xB8, 0xFF, 0x00, 0xB8, 0xFF, 0x00, 0xB8, 0xFF, 0x00, 0xB8, 0xFF,
    0x00, 0xB8, 0xFF, 0x00, 0xB0, 0xFF, 0x00, 0xB0, 0xFF, 0x00, 0xB0, 0xFF, 0x00, 0xB0, 0xFF, 0x00, 0xB0, 0xFF,
    0x00, 0xB0, 0xFF, 0x00, 0xB0, 0xFF, 0x00, 0xB0, 0xFF, 0x00, 0xB0, 0xFF, 0x00, 0xB0, 0xFF, 0x00, 0xB0, 0xFF,
    0x00, 0xB0, 0xFF, 0x00, 0xB0, 0xFF, 0x00, 0xA8, 0xFF, 0x00, 0xA8, 0xFF, 0x00, 0xA8, 0xFF, 0x00, 0xA8, 0xFF,
    0x00, 0xA8, 0xFF, 0x00, 0xA8, 0xFF, 0x00, 0xA8, 0xFF, 0x00, 0xA8, 0xFF, 0x00, 0xA8, 0xFF, 0x00, 0xA8, 0xFF,
    0x00, 0xA8, 0xFF, 0x00, 0xA8, 0xFF, 0x00, 0xA8, 0xFF, 0x00, 0xA8, 0xFF, 0x00, 0xA0, 0xFF, 0x00, 0xA0, 0xFF,
    0x00, 0xA8, 0xFF, 0x41, 0x80, 0xFF, 0x00, 0x18, 0xFF, 0x00, 0x00, 0xFF, 0x00, 0x00, 0xFF, 0x00, 0x00, 0xFF,
    0x00, 0x00, 0xFF, 0x00, 0x00, 0xFF, 0x00, 0x00, 0xFF, 0x00, 0x00, 0xFF, 0x00, 0x00, 0xFF, 0xC2, 0x08, 0xFF,
    0x02, 0x09, 0xFF, 0x02, 0x09, 0xFF, 0x02, 0x09, 0xFF, 0xE2, 0x08, 0xFF, 0xC2, 0x00, 0xFF, 0xA2, 0x00, 0xFF,
    0xE2, 0x08, 0xFF, 0xE2, 0x08, 0xFF, 0xE2, 0x08, 0xFF, 0xC2, 0x08, 0xFF, 0x23, 0x09, 0xFF, 0xA4, 0x19, 0xFF,
    0xA5, 0x19, 0xFF, 0x84, 0x19, 0xFF, 0x02, 0x09, 0xFF, 0xC2, 0x08, 0xFF, 0xE2, 0x08, 0xF8, 0x03, 0x12, 0xCC,
    0x23, 0x12, 0x59, 0xE4, 0x19, 0x13, 0xC4, 0x19, 0x01, 0x02, 0x09, 0x00, 0xC1, 0x00, 0x00, 0xE2, 0x08, 0x00,
    0x22, 0x09, 0x00, 0x23, 0x09, 0x00, 0xE2, 0x08, 0x00, 0x03, 0x09, 0x00, 0xC2, 0x08, 0x00, 0xA2, 0x08, 0x00,
    0xE3, 0x22, 0x00, 0x62, 0x1A, 0x00, 0x04, 0x2B, 0x00, 0x25, 0x2B, 0x00, 0xC5, 0x22, 0x00, 0x23, 0x1A, 0x00,
    0x63, 0x11, 0x00, 0xE1, 0x00, 0x00, 0xC5, 0x3A, 0x00, 0x64, 0x43, 0x00, 0x02, 0x2B, 0x07, 0x84, 0x3B, 0x33,
    0x62, 0x22, 0xA4, 0x42, 0x09, 0xE8, 0x62, 0x09, 0xFC, 0x03, 0x12, 0xFF, 0x64, 0x1A, 0xFF, 0x43, 0x1A, 0xFF,
    0x87, 0x33, 0xFF, 0xA4, 0x1A, 0xFF, 0xE4, 0x19, 0xFF, 0xA1, 0x00, 0xFF, 0xC2, 0x08, 0xFF, 0x23, 0x09, 0xFF,
    0x43, 0x11, 0xFF, 0x02, 0x09, 0xFF, 0x43, 0x09, 0xFF, 0xC4, 0x11, 0xFF, 0x26, 0x22, 0xFF, 0xA5, 0x21, 0xFF,
    0x00, 0x00, 0xFF, 0x00, 0x00, 0xFF, 0x00, 0x00, 0xFF, 0x00, 0x00, 0xFF, 0x00, 0x00, 0xFF, 0x20, 0x28, 0xFF,
    0x21, 0x90, 0xFF, 0x00, 0xA0, 0xFF, 0x00, 0xA0, 0xFF, 0x00, 0xA0, 0xFF, 0x00, 0xA0, 0xFF, 0x00, 0xA0, 0xFF,
    0x00, 0xA0, 0xFF, 0x00, 0xA8, 0xFF, 0x00, 0xA8, 0xFF, 0x00, 0xA8, 0xFF, 0x00, 0xA8, 0xFF, 0x00, 0xA8, 0xFF,
    0x00, 0xA8, 0xFF, 0x00, 0xA8, 0xFF, 0x00, 0xA8, 0xFF, 0x00, 0xA8, 0xFF, 0x00, 0xA8, 0xFF, 0x00, 0xA8, 0xFF,
    0x00, 0xA8, 0xFF, 0x00, 0xA8, 0xFF, 0x00, 0xA8, 0xFF, 0x00, 0xA8, 0xFF, 0x00, 0xA8, 0xFF, 0x00, 0xB0, 0xFF,
    0x00, 0xB0, 0xFF, 0x00, 0xB0, 0xFF, 0x00, 0xB0, 0xFF, 0x00, 0xB0, 0xFF, 0x00, 0xB0, 0xFF, 0x00, 0xB0, 0xFF,
    0x00, 0xB0, 0xFF, 0x00, 0xB0, 0xFF, 0x00, 0xB0, 0xFF, 0x00, 0xB0, 0xFF, 0x00, 0xB0, 0xFF, 0x00, 0xB0, 0xFF,
    0x00, 0xB0, 0xFF, 0x00, 0xB0, 0xFF, 0x00, 0xB8, 0xFF, 0x00, 0xB8, 0xFF, 0x00, 0xB8, 0xFF, 0x00, 0xB8, 0xFF,
    0x00, 0xB8, 0xFF, 0x00, 0xB8, 0xFF, 0x00, 0xB8, 0xFF, 0x00, 0xB8, 0xFF, 0x00, 0xB8, 0xFF, 0x00, 0xB8, 0xFF,
    0x00, 0xB8, 0xFF, 0x00, 0xB8, 0xFF, 0x00, 0xB8, 0xFF, 0x00, 0xB8, 0xFF, 0x00, 0xB8, 0xFF, 0x00, 0xB8, 0xFF,
    0x00, 0xB8, 0xFF, 0x00, 0xB8, 0xFF, 0x00, 0xB8, 0xFF, 0x00, 0xB8, 0xFF, 0x00, 0xB8, 0xFF, 0x00, 0xB8, 0xFF,
    0x00, 0xB8, 0xFF, 0x00, 0xB8, 0xFF, 0x00, 0xB8, 0xFF, 0x00, 0xB8, 0xFF, 0x00, 0xB8, 0xFF, 0x00, 0xB8, 0xFF,
    0x00, 0xB8, 0xFF, 0x00, 0xB8, 0xFF, 0x00, 0xB8, 0xFF, 0x00, 0xB8, 0xFF, 0x00, 0xB0, 0xFF, 0x00, 0xB0, 0xFF,
    0x00, 0xB0, 0xFF, 0x00, 0xB0, 0xFF, 0x00, 0xB0, 0xFF, 0x00, 0xB0, 0xFF, 0x00, 0xB0, 0xFF, 0x00, 0xB0, 0xFF,
    0x00, 0xB0, 0xFF, 0x00, 0xB0, 0xFF, 0x00, 0xB0, 0xFF, 0x00, 0xB0, 0xFF, 0x00, 0xB0, 0xFF, 0x00, 0xB0, 0xFF,
    0x00, 0xB0, 0xFF, 0x00, 0xA8, 0xFF, 0x00, 0xA8, 0xFF, 0x00, 0xA8, 0xFF, 0x00, 0xA8, 0xFF, 0x00, 0xA8, 0xFF,
    0x00, 0xA8, 0xFF, 0x00, 0xA8, 0xFF, 0x00, 0xA8, 0xFF, 0x00, 0xA8, 0xFF, 0x00, 0xA8, 0xFF, 0x00, 0xA8, 0xFF,
    0x00, 0xA8, 0xFF, 0x00, 0xA8, 0xFF, 0x00, 0xA8, 0xFF, 0x00, 0xA8, 0xFF, 0x00, 0xA8, 0xFF, 0x00, 0xA0, 0xFF,
    0x00, 0xA0, 0xFF, 0x20, 0xA0, 0xFF, 0x21, 0x40, 0xFF, 0x00, 0x00, 0xFF, 0x00, 0x00, 0xFF, 0x00, 0x00, 0xFF,
    0x00, 0x00, 0xFF, 0x00, 0x00, 0xFF, 0x00, 0x00, 0xFF, 0x00, 0x00, 0xFF, 0xA1, 0x08, 0xFF, 0xA4, 0x11, 0xFF,
    0x84, 0x11, 0xFF, 0x42, 0x09, 0xFF, 0x02, 0x09, 0xFF, 0x02, 0x09, 0xFF, 0x02, 0x09, 0xFF, 0xC2, 0x08, 0xFF,
    0x81, 0x00, 0xFF, 0x82, 0x00, 0xFF, 0xC2, 0x08, 0xFF, 0x83, 0x11, 0xFF, 0x66, 0x2A, 0xFF, 0xC7, 0x32, 0xFF,
    0x43, 0x09, 0xFF, 0x23, 0x09, 0xFF, 0x64, 0x11, 0xFF, 0x43, 0x11, 0xFC, 0xA3, 0x19, 0xE8, 0x03, 0x1A, 0xA4,
    0x83, 0x11, 0x33, 0xC2, 0x00, 0x07, 0x23, 0x09, 0x00, 0x22, 0x09, 0x00, 0x63, 0x11, 0x00, 0xA3, 0x11, 0x00,
    0x04, 0x1A, 0x00, 0x04, 0x1A, 0x00, 0xC4, 0x11, 0x00, 0xC4, 0x19, 0x00, 0xE2, 0x08, 0x00, 0x81, 0x00, 0x00,
    0xC6, 0x3B, 0x00, 0xE3, 0x2A, 0x00, 0xA3, 0x22, 0x00, 0x45, 0x2B, 0x00, 0x25, 0x23, 0x00, 0xE5, 0x22, 0x00,
    0x84, 0x1A, 0x00, 0x43, 0x22, 0x00, 0xCB, 0x94, 0x00, 0x05, 0x5C, 0x00, 0x64, 0x3B, 0x01, 0xC4, 0x43, 0x11,
    0xC4, 0x2A, 0x4E, 0xC3, 0x11, 0xB1, 0xC3, 0x19, 0xEE, 0xA2, 0x09, 0xFE, 0xE7, 0x2A, 0xFF, 0x43, 0x12, 0xFF,
    0x06, 0x2B, 0xFF, 0xA7, 0x2A, 0xFF, 0xE1, 0x00, 0xFF, 0xA2, 0x00, 0xFF, 0x61, 0x00, 0xFF, 0xA1, 0x00, 0xFF,
    0x43, 0x11, 0xFF, 0x63, 0x11, 0xFF, 0x23, 0x09, 0xFF, 0x84, 0x11, 0xFF, 0xC4, 0x11, 0xFF, 0x06, 0x22, 0xFF,
    0xE2, 0x10, 0xFF, 0x00, 0x00, 0xFF, 0x00, 0x00, 0xFF, 0x00, 0x00, 0xFF, 0x00, 0x00, 0xFF, 0x00, 0x00, 0xFF,
    0x20, 0x30, 0xFF, 0x21, 0x98, 0xFF, 0x00, 0xA8, 0xFF, 0x00, 0x98, 0xFF, 0x00, 0xA0, 0xFF, 0x00, 0xA8, 0xFF,
    0x00, 0xA8, 0xFF, 0x00, 0xA0, 0xFF, 0x00, 0xA0, 0xFF, 0x00, 0xA8, 0xFF, 0x00, 0xA8, 0xFF, 0x00, 0xA8, 0xFF,
    0x00, 0xA8, 0xFF, 0x00, 0xA8, 0xFF, 0x00, 0xA8, 0xFF, 0x00, 0xA8, 0xFF, 0x00, 0xA8, 0xFF, 0x00, 0xA8, 0xFF,
    0x00, 0xA8, 0xFF, 0x00, 0xA8, 0xFF, 0x00, 0xA8, 0xFF, 0x00, 0xB0, 0xFF, 0x00, 0xB0, 0xFF, 0x00, 0xB0, 0xFF,
    0x00, 0xB0, 0xFF, 0x00, 0xB0, 0xFF, 0x00, 0xB0, 0xFF, 0x00, 0xB0, 0xFF, 0x00, 0xB0, 0xFF, 0x00, 0xB0, 0xFF,
    0x00, 0xB0, 0xFF, 0x00, 0xB0, 0xFF, 0x00, 0xB0, 0xFF, 0x00, 0xB0, 0xFF, 0x00, 0xB0, 0xFF, 0x00, 0xB0, 0xFF,
    0x00, 0xB0, 0xFF, 0x00, 0xB0, 0xFF, 0x00, 0xB0, 0xFF, 0x00, 0xB0, 0xFF, 0x00, 0xB0, 0xFF, 0x00, 0xB0, 0xFF,
    0x00, 0xB8, 0xFF, 0x00, 0xB8, 0xFF, 0x00, 0xB8, 0xFF, 0x00, 0xB8, 0xFF, 0x00, 0xB8, 0xFF, 0x00, 0xB8, 0xFF,
    0x00, 0xB8, 0xFF, 0x00, 0xB8, 0xFF, 0x00, 0xB8, 0xFF, 0x00, 0xB8, 0xFF, 0x00, 0xB8, 0xFF, 0x00, 0xB8, 0xFF,
    0x00, 0xB8, 0xFF, 0x00, 0xB8, 0xFF, 0x00, 0xB8, 0xFF, 0x00, 0xB8, 0xFF, 0x00, 0xB8, 0xFF, 0x00, 0xB8, 0xFF,
    0x00, 0xB8, 0xFF, 0x00, 0xB8, 0xFF, 0x00, 0xB8, 0xFF, 0x00, 0xB8, 0xFF, 0x00, 0xB8, 0xFF, 0x00, 0xB8, 0xFF,
    0x00, 0xB0, 0xFF, 0x00, 0xB0, 0xFF, 0x00, 0xB0, 0xFF, 0x00, 0xB0, 0xFF, 0x00, 0xB0, 0xFF, 0x00, 0xB0, 0xFF,
    0x00, 0xB0, 0xFF, 0x00, 0xB0, 0xFF, 0x00, 0xB0, 0xFF, 0x00, 0xB0, 0xFF, 0x00, 0xB0, 0xFF, 0x00, 0xB0, 0xFF,
    0x00, 0xB0, 0xFF, 0x00, 0xB0, 0xFF, 0x00, 0xB0, 0xFF, 0x00, 0xB0, 0xFF, 0x00, 0xB0, 0xFF, 0x00, 0xB0, 0xFF,
    0x00, 0xB0, 0xFF, 0x00, 0xA8, 0xFF, 0x00, 0xA8, 0xFF, 0x00, 0xA8, 0xFF, 0x00, 0xA8, 0xFF, 0x00, 0xA8, 0xFF,
    0x00, 0xA8, 0xFF, 0x00, 0xA8, 0xFF, 0x00, 0xA8, 0xFF, 0x00, 0xA8, 0xFF, 0x00, 0xA8, 0xFF, 0x00, 0xA8, 0xFF,
    0x00, 0xA8, 0xFF, 0x00, 0xA0, 0xFF, 0x00, 0xA8, 0xFF, 0x00, 0xA8, 0xFF, 0x00, 0xA0, 0xFF, 0x00, 0xA0, 0xFF,
    0x00, 0xA0, 0xFF, 0x00, 0xA8, 0xFF, 0x21, 0x70, 0xFF, 0x00, 0x08, 0xFF, 0x00, 0x00, 0xFF, 0x00, 0x00, 0xFF,
    0x00, 0x00, 0xFF, 0x00, 0x00, 0xFF, 0x00, 0x00, 0xFF, 0x40, 0x00, 0xFF, 0x22, 0x11, 0xFF, 0x42, 0x09, 0xFF,
    0x83, 0x11, 0xFF, 0x63, 0x11, 0xFF, 0x83, 0x11, 0xFF, 0x42, 0x11, 0xFF, 0x22, 0x09, 0xFF, 0x02, 0x09, 0xFF,
    0xE2, 0x08, 0xFF, 0x81, 0x00, 0xFF, 0xC1, 0x00, 0xFF, 0x65, 0x2A, 0xFF, 0x27, 0x43, 0xFF, 0x02, 0x09, 0xFF,
    0xC2, 0x08, 0xFF, 0x82, 0x00, 0xFF, 0xE3, 0x10, 0xFE, 0x04, 0x1A, 0xEE, 0x04, 0x1A, 0xB1, 0x85, 0x22, 0x4E,
    0x24, 0x1A, 0x11, 0x43, 0x09, 0x01, 0xE4, 0x19, 0x00, 0xE4, 0x19, 0x00, 0x25, 0x1A, 0x00, 0x25, 0x1A, 0x00,
    0x24, 0x12, 0x00, 0x04, 0x1A, 0x00, 0xA3, 0x11, 0x00, 0xE4, 0x19, 0x00, 0x64, 0x11, 0x00, 0xC2, 0x08, 0x00,
    0x44, 0x2B, 0x00, 0xA2, 0x22, 0x00, 0xC3, 0x22, 0x00, 0x45, 0x2B, 0x00, 0x86, 0x2B, 0x00, 0x86, 0x33, 0x00,
    0x05, 0x23, 0x00, 0x88, 0x4B, 0x00, 0x0E, 0xA5, 0x00, 0xA3, 0x2A, 0x00, 0xE6, 0x4B, 0x00, 0x83, 0x43, 0x03,
    0x46, 0x5C, 0x17, 0x43, 0x1A, 0x5B, 0xE3, 0x11, 0xCC, 0xE3, 0x11, 0xF8, 0xA5, 0x1A, 0xFF, 0xC9, 0x3B, 0xFF,
    0xE4, 0x11, 0xFF, 0x22, 0x09, 0xFF, 0xA1, 0x00, 0xFF, 0xA2, 0x08, 0xFF, 0x82, 0x00, 0xFF, 0x41, 0x00, 0xFF,
    0xC2, 0x08, 0xFF, 0x43, 0x11, 0xFF, 0xA4, 0x19, 0xFF, 0x43, 0x09, 0xFF, 0xC4, 0x11, 0xFF, 0xA4, 0x11, 0xFF,
    0xE3, 0x10, 0xFF, 0x41, 0x00, 0xFF, 0x00, 0x00, 0xFF, 0x00, 0x00, 0xFF, 0x00, 0x00, 0xFF, 0x00, 0x00, 0xFF,
    0x00, 0x00, 0xFF, 0x20, 0x48, 0xFF, 0x20, 0x98, 0xFF, 0x00, 0xA8, 0xFF, 0x00, 0xA0, 0xFF, 0x00, 0xA0, 0xFF,
    0x00, 0xA0, 0xFF, 0x00, 0xA0, 0xFF, 0x00, 0xA0, 0xFF, 0x00, 0xA0, 0xFF, 0x00, 0xA8, 0xFF, 0x00, 0xA8, 0xFF,
    0x00, 0xA8, 0xFF, 0x00, 0xA8, 0xFF, 0x00, 0xA8, 0xFF, 0x00, 0xA8, 0xFF, 0x00, 0xA8, 0xFF, 0x00, 0xA8, 0xFF,
    0x00, 0xA8, 0xFF, 0x00, 0xA8, 0xFF, 0x00, 0xA8, 0xFF, 0x00, 0xA8, 0xFF, 0x00, 0xA8, 0xFF, 0x00, 0xB0, 0xFF,
    0x00, 0xB0, 0xFF, 0x00, 0xB0, 0xFF, 0x00, 0xB0, 0xFF, 0x00, 0xB0, 0xFF, 0x00, 0xB0, 0xFF, 0x00, 0xB0, 0xFF,
    0x00, 0xB0, 0xFF, 0x00, 0xB0, 0xFF, 0x00, 0xB0, 0xFF, 0x00, 0xB0, 0xFF, 0x00, 0xB0, 0xFF, 0x00, 0xB0, 0xFF,
    0x00, 0xB0, 0xFF, 0x00, 0xB0, 0xFF, 0x00, 0xB0, 0xFF, 0x00, 0xB0, 0xFF, 0x00, 0xB0, 0xFF, 0x00, 0xB0, 0xFF,
    0x00, 0xB8, 0xFF, 0x00, 0xB8, 0xFF, 0x00, 0xB8, 0xFF, 0x00, 0xB8, 0xFF, 0x00, 0xB8, 0xFF, 0x00, 0xB8, 0xFF,
    0x00, 0xB8, 0xFF, 0x00, 0xB8, 0xFF, 0x00, 0xB8, 0xFF, 0x00, 0xB8, 0xFF, 0x00, 0xB8, 0xFF, 0x00, 0xB8, 0xFF,
    0x00, 0xB8, 0xFF, 0x00, 0xB8, 0xFF, 0x00, 0xB8, 0xFF, 0x00, 0xB8, 0xFF, 0x00, 0xB8, 0xFF, 0x00, 0xB8, 0xFF,
    0x00, 0xB8, 0xFF, 0x00, 0xB8, 0xFF, 0x00, 0xB8, 0xFF, 0x00, 0xB8, 0xFF, 0x00, 0xB8, 0xFF, 0x00, 0xB8, 0xFF,
    0x00, 0xB0, 0xFF, 0x00, 0xB0, 0xFF, 0x00, 0xB0, 0xFF, 0x00, 0xB0, 0xFF, 0x00, 0xB0, 0xFF, 0x00, 0xB0, 0xFF,
    0x00, 0xB0, 0xFF, 0x00, 0xB0, 0xFF, 0x00, 0xB0, 0xFF, 0x00, 0xB0, 0xFF, 0x00, 0xB0, 0xFF, 0x00, 0xB0, 0xFF,
    0x00, 0xB0, 0xFF, 0x00, 0xB0, 0xFF, 0x00, 0xB0, 0xFF, 0x00, 0xB0, 0xFF, 0x00, 0xB0, 0xFF, 0x00, 0xB0, 0xFF,
    0x00, 0xB0, 0xFF, 0x00, 0xA8, 0xFF, 0x00, 0xA8, 0xFF, 0x00, 0xA8, 0xFF, 0x00, 0xA8, 0xFF, 0x00, 0xA8, 0xFF,
    0x00, 0xA8, 0xFF, 0x00, 0xA8, 0xFF, 0x00, 0xA8, 0xFF, 0x00, 0xA8, 0xFF, 0x00, 0xA8, 0xFF, 0x00, 0xA8, 0xFF,
    0x00, 0xA8, 0xFF, 0x00, 0xA0, 0xFF, 0x00, 0xA8, 0xFF, 0x00, 0xA0, 0xFF, 0x00, 0xA0, 0xFF, 0x00, 0xA0, 0xFF,
    0x00, 0xA0, 0xFF, 0x00, 0xA0, 0xFF, 0x21, 0x70, 0xFF, 0x00, 0x08, 0xFF, 0x00, 0x00, 0xFF, 0x00, 0x00, 0xFF,
    0x00, 0x00, 0xFF, 0x00, 0x00, 0xFF, 0x20, 0x00, 0xFF, 0x02, 0x11, 0xFF, 0x42, 0x11, 0xFF, 0x22, 0x09, 0xFF,
    0x22, 0x09, 0xFF, 0x22, 0x09, 0xFF, 0x63, 0x11, 0xFF, 0x63, 0x11, 0xFF, 0x43, 0x11, 0xFF, 0x23, 0x11, 0xFF,
    0x22, 0x09, 0xFF, 0x02, 0x09, 0xFF, 0x05, 0x32, 0xFF, 0x0F, 0x8D, 0xFF, 0x86, 0x3A, 0xFF, 0x40, 0x00, 0xFF,
    0xA3, 0x08, 0xFF, 0x41, 0x00, 0xFF, 0x61, 0x00, 0xF8, 0x45, 0x22, 0xCC, 0xE3, 0x11, 0x5B, 0xC5, 0x2A, 0x17,
    0x23, 0x1A, 0x03, 0x83, 0x11, 0x00, 0xE4, 0x19, 0x00, 0xE4, 0x11, 0x00, 0xC4, 0x11, 0x00, 0x25, 0x1A, 0x00,
    0xA6, 0x22, 0x00, 0xC3, 0x11, 0x00, 0xA3, 0x11, 0x00, 0xA3, 0x11, 0x00, 0xE4, 0x19, 0x00, 0x83, 0x11, 0x00,
    0x03, 0x23, 0x00, 0xE3, 0x22, 0x00, 0x03, 0x2B, 0x00, 0xC3, 0x22, 0x00, 0xA6, 0x33, 0x00, 0x08, 0x44, 0x00,
    0xC8, 0x3B, 0x00, 0xA8, 0x53, 0x00, 0x68, 0x53, 0x00, 0x44, 0x1A, 0x00, 0xE4, 0x32, 0x00, 0x05, 0x5C, 0x00,
    0xC3, 0x4B, 0x07, 0x66, 0x5C, 0x33, 0x23, 0x1A, 0xA6, 0x43, 0x22, 0xEC, 0x04, 0x12, 0xFE, 0x66, 0x22, 0xFF,
    0x43, 0x11, 0xFF, 0xC2, 0x08, 0xFF, 0xA2, 0x00, 0xFF, 0xA2, 0x08, 0xFF, 0x61, 0x00, 0xFF, 0x62, 0x00, 0xFF,
    0x62, 0x00, 0xFF, 0xA2, 0x00, 0xFF, 0x23, 0x09, 0xFF, 0x84, 0x19, 0xFF, 0xE4, 0x11, 0xFF, 0xE4, 0x11, 0xFF,
    0xE2, 0x08, 0xFF, 0x61, 0x00, 0xFF, 0x20, 0x00, 0xFF, 0x00, 0x00, 0xFF, 0x00, 0x00, 0xFF, 0x00, 0x00, 0xFF,
    0x00, 0x00, 0xFF, 0x00, 0x00, 0xFF, 0x20, 0x50, 0xFF, 0x21, 0x98, 0xFF, 0x00, 0xA8, 0xFF, 0x00, 0xA0, 0xFF,
    0x00, 0xA8, 0xFF, 0x00, 0xA0, 0xFF, 0x00, 0xA0, 0xFF, 0x00, 0xA0, 0xFF, 0x00, 0xA8, 0xFF, 0x00, 0xA8, 0xFF,
    0x00, 0xA8, 0xFF, 0x00, 0xA8, 0xFF, 0x00, 0xA8, 0xFF, 0x00, 0xA8, 0xFF, 0x00, 0xA8, 0xFF, 0x00, 0xA8, 0xFF,
    0x00, 0xA8, 0xFF, 0x00, 0xA8, 0xFF, 0x00, 0xA8, 0xFF, 0x00, 0xA8, 0xFF, 0x00, 0xA8, 0xFF, 0x00, 0xA8, 0xFF,
    0x00, 0xA8, 0xFF, 0x00, 0xA8, 0xFF, 0x00, 0xB0, 0xFF, 0x00, 0xB0, 0xFF, 0x00, 0xB0, 0xFF, 0x00, 0xB0, 0xFF,
    0x00, 0xB0, 0xFF, 0x00, 0xB0, 0xFF, 0x00, 0xB0, 0xFF, 0x00, 0xB0, 0xFF, 0x00, 0xB0, 0xFF, 0x00, 0xB0, 0xFF,
    0x00, 0xB0, 0xFF, 0x00, 0xB0, 0xFF, 0x00, 0xB0, 0xFF, 0x00, 0xB0, 0xFF, 0x00, 0xB0, 0xFF, 0x00, 0xB0, 0xFF,
    0x00, 0xB0, 0xFF, 0x00, 0xB8, 0xFF, 0x00, 0xB8, 0xFF, 0x00, 0xB8, 0xFF, 0x00, 0xB0, 0xFF, 0x00, 0xB0, 0xFF,
    0x00, 0xB0, 0xFF, 0x00, 0xB0, 0xFF, 0x00, 0xB0, 0xFF, 0x00, 0xB0, 0xFF, 0x00, 0xB0, 0xFF, 0x00, 0xB0, 0xFF,
    0x00, 0xB0, 0xFF, 0x00, 0xB0, 0xFF, 0x00, 0xB0, 0xFF, 0x00, 0xB0, 0xFF, 0x00, 0xB8, 0xFF, 0x00, 0xB8, 0xFF,
    0x00, 0xB0, 0xFF, 0x00, 0xB0, 0xFF, 0x00, 0xB0, 0xFF, 0x00, 0xB0, 0xFF, 0x00, 0xB0, 0xFF, 0x00, 0xB0, 0xFF,
    0x00, 0xB0, 0xFF, 0x00, 0xB0, 0xFF, 0x00, 0xB0, 0xFF, 0x00, 0xB0, 0xFF, 0x00, 0xB0, 0xFF, 0x00, 0xB0, 0xFF,
    0x00, 0xB0, 0xFF, 0x00, 0xB0, 0xFF, 0x00, 0xB0, 0xFF, 0x00, 0xB0, 0xFF, 0x00, 0xB0, 0xFF, 0x00, 0xB0, 0xFF,
    0x00, 0xB0, 0xFF, 0x00, 0xB0, 0xFF, 0x00, 0xB0, 0xFF, 0x00, 0xB0, 0xFF, 0x00, 0xA8, 0xFF, 0x00, 0xA8, 0xFF,
    0x00, 0xA8, 0xFF, 0x00, 0xA8, 0xFF, 0x00, 0xA8, 0xFF, 0x00, 0xA8, 0xFF, 0x00, 0xA8, 0xFF, 0x00, 0xA8, 0xFF,
    0x00, 0xA8, 0xFF, 0x00, 0xA8, 0xFF, 0x00, 0xA8, 0xFF, 0x00, 0xA8, 0xFF, 0x00, 0xA8, 0xFF, 0x00, 0xA0, 0xFF,
    0x00, 0xA0, 0xFF, 0x00, 0xA0, 0xFF, 0x00, 0xA0, 0xFF, 0x00, 0xA0, 0xFF, 0x00, 0xA0, 0xFF, 0x00, 0xA0, 0xFF,
    0x00, 0xA8, 0xFF, 0x21, 0x80, 0xFF, 0x20, 0x18, 0xFF, 0x00, 0x00, 0xFF, 0x00, 0x00, 0xFF, 0x00, 0x00, 0xFF,
    0x00, 0x00, 0xFF, 0x00, 0x00, 0xFF, 0x22, 0x11, 0xFF, 0xA3, 0x11, 0xFF, 0x63, 0x11, 0xFF, 0x42, 0x11, 0xFF,
    0x42, 0x11, 0xFF, 0x22, 0x09, 0xFF, 0x02, 0x09, 0xFF, 0x22, 0x09, 0xFF, 0x43, 0x11, 0xFF, 0x63, 0x11, 0xFF,
    0xC4, 0x21, 0xFF, 0x65, 0x32, 0xFF, 0x6D, 0x84, 0xFF, 0xB2, 0xAD, 0xFF, 0x01, 0x11, 0xFF, 0x62, 0x00, 0xFF,
    0x82, 0x08, 0xFF, 0x41, 0x00, 0xFE, 0x63, 0x11, 0xEC, 0xA6, 0x2A, 0xA6, 0xC2, 0x11, 0x33, 0x47, 0x33, 0x07,
    0x44, 0x1A, 0x00, 0xA4, 0x11, 0x00, 0xE4, 0x19, 0x00, 0x04, 0x12, 0x00, 0x25, 0x12, 0x00, 0x65, 0x1A, 0x00,
    0xA6, 0x22, 0x00, 0xE4, 0x11, 0x00, 0xA3, 0x11, 0x00, 0x24, 0x1A, 0x00, 0xE3, 0x11, 0x00, 0x24, 0x1A, 0x00,
    0x23, 0x2B, 0x00, 0x44, 0x2B, 0x00, 0xE2, 0x22, 0x00, 0xE2, 0x22, 0x00, 0x44, 0x33, 0x00, 0xC6, 0x3B, 0x00,
    0xC7, 0x3B, 0x00, 0x0A, 0x64, 0x00, 0x09, 0x54, 0x00, 0x27, 0x2B, 0x00, 0x64, 0x1A, 0x00, 0xE6, 0x53, 0x00,
    0xC4, 0x4B, 0x01, 0x84, 0x43, 0x13, 0x47, 0x5C, 0x59, 0x03, 0x1A, 0xCC, 0x23, 0x09, 0xF8, 0xA2, 0x08, 0xFF,
    0xA1, 0x00, 0xFF, 0xA2, 0x00, 0xFF, 0x82, 0x00, 0xFF, 0x81, 0x00, 0xFF, 0x82, 0x08, 0xFF, 0x82, 0x00, 0xFF,
    0x82, 0x00, 0xFF, 0x62, 0x00, 0xFF, 0x61, 0x00, 0xFF, 0x43, 0x11, 0xFF, 0xE4, 0x11, 0xFF, 0x05, 0x1A, 0xFF,
    0x02, 0x09, 0xFF, 0x81, 0x00, 0xFF, 0xA2, 0x08, 0xFF, 0x20, 0x00, 0xFF, 0x00, 0x00, 0xFF, 0x00, 0x00, 0xFF,
    0x00, 0x00, 0xFF, 0x00, 0x00, 0xFF, 0x00, 0x00, 0xFF, 0x41, 0x50, 0xFF, 0x21, 0x98, 0xFF, 0x00, 0xA0, 0xFF,
    0x00, 0xA0, 0xFF, 0x00, 0xA0, 0xFF, 0x00, 0xA0, 0xFF, 0x00, 0xA0, 0xFF, 0x00, 0xA8, 0xFF, 0x00, 0xA8, 0xFF,
    0x00, 0xA8, 0xFF, 0x00, 0xA8, 0xFF, 0x00, 0xA8, 0xFF, 0x00, 0xA8, 0xFF, 0x00, 0xA8, 0xFF, 0x00, 0xA8, 0xFF,
    0x00, 0xA8, 0xFF, 0x00, 0xA8, 0xFF, 0x00, 0xA8, 0xFF, 0x00, 0xA8, 0xFF, 0x00, 0xA8, 0xFF, 0x00, 0xA8, 0xFF,
    0x00, 0xA8, 0xFF, 0x00, 0xA8, 0xFF, 0x00, 0xA8, 0xFF, 0x00, 0xA8, 0xFF, 0x00, 0xA8, 0xFF, 0x00, 0xA8, 0xFF,
    0x00, 0xB0, 0xFF, 0x00, 0xB0, 0xFF, 0x00, 0xB0, 0xFF, 0x00, 0xB0, 0xFF, 0x00, 0xB0, 0xFF, 0x00, 0xB0, 0xFF,
    0x00, 0xB0, 0xFF, 0x00, 0xB0, 0xFF, 0x00, 0xB0, 0xFF, 0x00, 0xB0, 0xFF, 0x00, 0xB0, 0xFF, 0x00, 0xB0, 0xFF,
    0x00, 0xB0, 0xFF, 0x00, 0xB0, 0xFF, 0x00, 0xB0, 0xFF, 0x00, 0xB0, 0xFF, 0x00, 0xB0, 0xFF, 0x00, 0xB0, 0xFF,
    0x00, 0xB0, 0xFF, 0x00, 0xB0, 0xFF, 0x00, 0xB0, 0xFF, 0x00, 0xB0, 0xFF, 0x00, 0xB0, 0xFF, 0x00, 0xB0, 0xFF,
    0x00, 0xB0, 0xFF, 0x00, 0xB0, 0xFF, 0x00, 0xB0, 0xFF, 0x00, 0xB0, 0xFF, 0x00, 0xB0, 0xFF, 0x00, 0xB0, 0xFF,
    0x00, 0xB0, 0xFF, 0x00, 0xB0, 0xFF, 0x00, 0xB0, 0xFF, 0x00, 0xB0, 0xFF, 0x00, 0xB0, 0xFF, 0x00, 0xB0, 0xFF,
    0x00, 0xB0, 0xFF, 0x00, 0xB0, 0xFF, 0x00, 0xB0, 0xFF, 0x00, 0xB0, 0xFF, 0x00, 0xB0, 0xFF, 0x00, 0xB0, 0xFF,
    0x00, 0xB0, 0xFF, 0x00, 0xB0, 0xFF, 0x00, 0xB0, 0xFF, 0x00, 0xB0, 0xFF, 0x00, 0xA8, 0xFF, 0x00, 0xA8, 0xFF,
    0x00, 0xA8, 0xFF, 0x00, 0xA8, 0xFF, 0x00, 0xA8, 0xFF, 0x00, 0xB0, 0xFF, 0x00, 0xA8, 0xFF, 0x00, 0xA8, 0xFF,
    0x00, 0xA8, 0xFF, 0x00, 0xA8, 0xFF, 0x00, 0xA8, 0xFF, 0x00, 0xA8, 0xFF, 0x00, 0xA8, 0xFF, 0x00, 0xA8, 0xFF,
    0x00, 0xA8, 0xFF, 0x00, 0xA8, 0xFF, 0x00, 0xA8, 0xFF, 0x00, 0xA8, 0xFF, 0x00, 0xA8, 0xFF, 0x00, 0xA0, 0xFF,
    0x00, 0xA0, 0xFF, 0x00, 0xA8, 0xFF, 0x00, 0xA0, 0xFF, 0x00, 0xA0, 0xFF, 0x00, 0xA0, 0xFF, 0x00, 0xA0, 0xFF,
    0x41, 0x78, 0xFF, 0x00, 0x20, 0xFF, 0x00, 0x00, 0xFF, 0x00, 0x00, 0xFF, 0x00, 0x00, 0xFF, 0x00, 0x00, 0xFF,
    0x00, 0x00, 0xFF, 0x03, 0x11, 0xFF, 0xA6, 0x2A, 0xFF, 0xE3, 0x11, 0xFF, 0x82, 0x11, 0xFF, 0x82, 0x09, 0xFF,
    0x62, 0x11, 0xFF, 0x62, 0x11, 0xFF, 0x42, 0x11, 0xFF, 0x22, 0x11, 0xFF, 0x22, 0x09, 0xFF, 0x01, 0x01, 0xFF,
    0x65, 0x2A, 0xFF, 0xC9, 0x63, 0xFF, 0xD1, 0xB5, 0xFF, 0x29, 0x5B, 0xFF, 0x40, 0x00, 0xFF, 0xA2, 0x00, 0xFF,
    0x82, 0x00, 0xFF, 0x60, 0x00, 0xF8, 0xA5, 0x2A, 0xCC, 0x44, 0x22, 0x59, 0x03, 0x1A, 0x13, 0x66, 0x33, 0x01,
    0x04, 0x1A, 0x00, 0x05, 0x1A, 0x00, 0xE4, 0x11, 0x00, 0x25, 0x1A, 0x00, 0xA7, 0x22, 0x00, 0x49, 0x33, 0x00,
    0x03, 0x12, 0x00, 0x04, 0x1A, 0x00, 0x04, 0x12, 0x00, 0x25, 0x1A, 0x00, 0x45, 0x1A, 0x00, 0xE3, 0x11, 0x00,
    0x23, 0x2B, 0x00, 0x84, 0x33, 0x00, 0x02, 0x23, 0x00, 0x43, 0x33, 0x00, 0xE3, 0x22, 0x00, 0xC6, 0x33, 0x00,
    0xA6, 0x33, 0x00, 0x09, 0x4C, 0x00, 0xE8, 0x43, 0x00, 0x87, 0x33, 0x00, 0x06, 0x2B, 0x00, 0xA3, 0x22, 0x00,
    0x47, 0x5C, 0x00, 0x24, 0x3B, 0x07, 0x05, 0x54, 0x33, 0x86, 0x43, 0xA4, 0xA1, 0x00, 0xE8, 0xA2, 0x08, 0xFC,
    0xA1, 0x08, 0xFF, 0xA2, 0x08, 0xFF, 0xA2, 0x08, 0xFF, 0xA1, 0x08, 0xFF, 0x82, 0x08, 0xFF, 0xA2, 0x00, 0xFF,
    0xA2, 0x00, 0xFF, 0xA2, 0x08, 0xFF, 0x82, 0x00, 0xFF, 0xA1, 0x00, 0xFF, 0xE5, 0x19, 0xFF, 0xE4, 0x11, 0xFF,
    0x23, 0x09, 0xFF, 0xC2, 0x00, 0xFF, 0xE2, 0x08, 0xFF, 0xA2, 0x08, 0xFF, 0x00, 0x00, 0xFF, 0x00, 0x00, 0xFF,
    0x00, 0x00, 0xFF, 0x00, 0x00, 0xFF, 0x00, 0x00, 0xFF, 0x00, 0x08, 0xFF, 0x20, 0x50, 0xFF, 0x20, 0x98, 0xFF,
    0x00, 0xA0, 0xFF, 0x00, 0xA0, 0xFF, 0x00, 0xA0, 0xFF, 0x00, 0xA8, 0xFF, 0x00, 0xA0, 0xFF, 0x00, 0xA8, 0xFF,
    0x00, 0xA8, 0xFF, 0x00, 0xA8, 0xFF, 0x00, 0xA8, 0xFF, 0x00, 0xA8, 0xFF, 0x00, 0xA8, 0xFF, 0x00, 0xA8, 0xFF,
    0x00, 0xA8, 0xFF, 0x00, 0xA8, 0xFF, 0x00, 0xA8, 0xFF, 0x00, 0xA8, 0xFF, 0x00, 0xA8, 0xFF, 0x00, 0xA8, 0xFF,
    0x00, 0xA8, 0xFF, 0x00, 0xA8, 0xFF, 0x00, 0xA8, 0xFF, 0x00, 0xB0, 0xFF, 0x00, 0xB0, 0xFF, 0x00, 0xB0, 0xFF,
    0x00, 0xB0, 0xFF, 0x00, 0xB0, 0xFF, 0x00, 0xB0, 0xFF, 0x00, 0xB0, 0xFF, 0x00, 0xB0, 0xFF, 0x00, 0xB0, 0xFF,
    0x00, 0xB0, 0xFF, 0x00, 0xB0, 0xFF, 0x00, 0xB0, 0xFF, 0x00, 0xB0, 0xFF, 0x00, 0xB0, 0xFF, 0x00, 0xB0, 0xFF,
    0x00, 0xB0, 0xFF, 0x00, 0xB0, 0xFF, 0x00, 0xB0, 0xFF, 0x00, 0xB0, 0xFF, 0x00, 0xB0, 0xFF, 0x00, 0xB0, 0xFF,
    0x00, 0xB0, 0xFF, 0x00, 0xB0, 0xFF, 0x00, 0xB0, 0xFF, 0x00, 0xB0, 0xFF, 0x00, 0xB0, 0xFF, 0x00, 0xB0, 0xFF,
    0x00, 0xB0, 0xFF, 0x00, 0xB0, 0xFF, 0x00, 0xB0, 0xFF, 0x00, 0xB0, 0xFF, 0x00, 0xB0, 0xFF, 0x00, 0xB0, 0xFF,
    0x00, 0xB0, 0xFF, 0x00, 0xB0, 0xFF, 0x00, 0xB0, 0xFF, 0x00, 0xB0, 0xFF, 0x00, 0xB0, 0xFF, 0x00, 0xB0, 0xFF,
    0x00, 0xB0, 0xFF, 0x00, 0xB0, 0xFF, 0x00, 0xB0, 0xFF, 0x00, 0xB0, 0xFF, 0x00, 0xB0, 0xFF, 0x00, 0xB0, 0xFF,
    0x00, 0xB0, 0xFF, 0x00, 0xB0, 0xFF, 0x00, 0xB0, 0xFF, 0x00, 0xB0, 0xFF, 0x00, 0xB0, 0xFF, 0x00, 0xB0, 0xFF,
    0x00, 0xA8, 0xFF, 0x00, 0xA8, 0xFF, 0x00, 0xA8, 0xFF, 0x00, 0xA8, 0xFF, 0x00, 0xA8, 0xFF, 0x00, 0xA8, 0xFF,
    0x00, 0xA8, 0xFF, 0x00, 0xA8, 0xFF, 0x00, 0xA8, 0xFF, 0x00, 0xA8, 0xFF, 0x00, 0xA8, 0xFF, 0x00, 0xA8, 0xFF,
    0x00, 0xA8, 0xFF, 0x00, 0xA8, 0xFF, 0x00, 0xA8, 0xFF, 0x00, 0xA0, 0xFF, 0x00, 0xA0, 0xFF, 0x00, 0xA0, 0xFF,
    0x00, 0xA0, 0xFF, 0x00, 0xA0, 0xFF, 0x00, 0xA0, 0xFF, 0x00, 0xA0, 0xFF, 0x20, 0xA0, 0xFF, 0x21, 0x80, 0xFF,
    0x00, 0x28, 0xFF, 0x00, 0x00, 0xFF, 0x00, 0x00, 0xFF, 0x00, 0x00, 0xFF, 0x00, 0x00, 0xFF, 0x00, 0x00, 0xFF,
    0x41, 0x00, 0xFF, 0xA2, 0x08, 0xFF, 0x63, 0x11, 0xFF, 0x24, 0x1A, 0xFF, 0x24, 0x12, 0xFF, 0xE3, 0x11, 0xFF,
    0xA3, 0x19, 0xFF, 0x63, 0x11, 0xFF, 0x62, 0x09, 0xFF, 0x63, 0x11, 0xFF, 0x23, 0x09, 0xFF, 0x21, 0x01, 0xFF,
    0x68, 0x4B, 0xFF, 0xE6, 0x42, 0xFF, 0x0B, 0x7C, 0xFF, 0xC4, 0x29, 0xFF, 0x03, 0x09, 0xFF, 0xC2, 0x00, 0xFF,
    0x41, 0x00, 0xFC, 0x23, 0x11, 0xE8, 0x46, 0x33, 0xA4, 0x03, 0x1A, 0x33, 0x84, 0x22, 0x07, 0xC9, 0x4B, 0x00,
    0x04, 0x12, 0x00, 0x04, 0x1A, 0x00, 0xA6, 0x1A, 0x00, 0x08, 0x2B, 0x00, 0x08, 0x23, 0x00, 0xE7, 0x2A, 0x00,
    0xC3, 0x11, 0x00, 0xE3, 0x11, 0x00, 0x44, 0x1A, 0x00, 0xE3, 0x09, 0x00, 0x65, 0x22, 0x00, 0x25, 0x1A, 0x00,
    0xC5, 0x3B, 0x00, 0x23, 0x2B, 0x00, 0x44, 0x2B, 0x00, 0x03, 0x23, 0x00, 0x03, 0x23, 0x00, 0x23, 0x23, 0x00,
    0x86, 0x33, 0x00, 0xC7, 0x3B, 0x00, 0xE7, 0x3B, 0x00, 0xE7, 0x33, 0x00, 0xC8, 0x3B, 0x00, 0x05, 0x23, 0x00,
    0x04, 0x2B, 0x00, 0x67, 0x5C, 0x01, 0x03, 0x33, 0x11, 0x67, 0x64, 0x4E, 0x84, 0x32, 0xAF, 0x81, 0x00, 0xEA,
    0xC2, 0x08, 0xFC, 0xC2, 0x08, 0xFF, 0xA2, 0x08, 0xFF, 0xA2, 0x00, 0xFF, 0x81, 0x00, 0xFF, 0xA2, 0x00, 0xFF,
    0xC2, 0x08, 0xFF, 0xE3, 0x08, 0xFF, 0xA2, 0x08, 0xFF, 0xE3, 0x08, 0xFF, 0xA4, 0x11, 0xFF, 0x83, 0x09, 0xFF,
    0xA4, 0x11, 0xFF, 0x23, 0x09, 0xFF, 0x23, 0x09, 0xFF, 0x44, 0x11, 0xFF, 0xE3, 0x10, 0xFF, 0x20, 0x00, 0xFF,
    0x00, 0x00, 0xFF, 0x00, 0x00, 0xFF, 0x00, 0x00, 0xFF, 0x20, 0x00, 0xFF, 0x00, 0x08, 0xFF, 0x01, 0x58, 0xFF,
    0x21, 0x98, 0xFF, 0x00, 0xA0, 0xFF, 0x00, 0xA0, 0xFF, 0x00, 0xA0, 0xFF, 0x00, 0xA0, 0xFF, 0x00, 0xA0, 0xFF,
    0x00, 0xA0, 0xFF, 0x00, 0xA0, 0xFF, 0x00, 0xA0, 0xFF, 0x00, 0xA8, 0xFF, 0x00, 0xA8, 0xFF, 0x00, 0xA8, 0xFF,
    0x00, 0xA8, 0xFF, 0x00, 0xA8, 0xFF, 0x00, 0xA8, 0xFF, 0x00, 0xA8, 0xFF, 0x00, 0xA8, 0xFF, 0x00, 0xA8, 0xFF,
    0x00, 0xA8, 0xFF, 0x00, 0xA8, 0xFF, 0x00, 0xA8, 0xFF, 0x00, 0xA8, 0xFF, 0x00, 0xA8, 0xFF, 0x00, 0xA8, 0xFF,
    0x00, 0xB0, 0xFF, 0x00, 0xB0, 0xFF, 0x00, 0xB0, 0xFF, 0x00, 0xB0, 0xFF, 0x00, 0xB0, 0xFF, 0x00, 0xB0, 0xFF,
    0x00, 0xB0, 0xFF, 0x00, 0xB0, 0xFF, 0x00, 0xB0, 0xFF, 0x00, 0xB0, 0xFF, 0x00, 0xB0, 0xFF, 0x00, 0xB0, 0xFF,
    0x00, 0xB0, 0xFF, 0x00, 0xB0, 0xFF, 0x00, 0xB0, 0xFF, 0x00, 0xB0, 0xFF, 0x00, 0xB0, 0xFF, 0x00, 0xB0, 0xFF,
    0x00, 0xB0, 0xFF, 0x00, 0xB0, 0xFF, 0x00, 0xB0, 0xFF, 0x00, 0xB0, 0xFF, 0x00, 0xB0, 0xFF, 0x00, 0xB0, 0xFF,
    0x00, 0xB0, 0xFF, 0x00, 0xB0, 0xFF, 0x00, 0xB0, 0xFF, 0x00, 0xB0, 0xFF, 0x00, 0xB0, 0xFF, 0x00, 0xB0, 0xFF,
    0x00, 0xB0, 0xFF, 0x00, 0xB0, 0xFF, 0x00, 0xB0, 0xFF, 0x00, 0xB0, 0xFF, 0x00, 0xB0, 0xFF, 0x00, 0xB0, 0xFF,
    0x00, 0xB0, 0xFF, 0x00, 0xB0, 0xFF, 0x00, 0xB0, 0xFF, 0x00, 0xB0, 0xFF, 0x00, 0xB0, 0xFF, 0x00, 0xB0, 0xFF,
    0x00, 0xB0, 0xFF, 0x00, 0xB0, 0xFF, 0x00, 0xB0, 0xFF, 0x00, 0xB0, 0xFF, 0x00, 0xB0, 0xFF, 0x00, 0xA8, 0xFF,
    0x00, 0xA8, 0xFF, 0x00, 0xA8, 0xFF, 0x00, 0xA8, 0xFF, 0x00, 0xA8, 0xFF, 0x00, 0xA8, 0xFF, 0x00, 0xA8, 0xFF,
    0x00, 0xA8, 0xFF, 0x00, 0xA8, 0xFF, 0x00, 0xA8, 0xFF, 0x00, 0xA8, 0xFF, 0x00, 0xA8, 0xFF, 0x00, 0xA8, 0xFF,
    0x00, 0xA8, 0xFF, 0x00, 0xA8, 0xFF, 0x00, 0xA8, 0xFF, 0x00, 0xA0, 0xFF, 0x00, 0xA0, 0xFF, 0x00, 0xA0, 0xFF,
    0x00, 0xA0, 0xFF, 0x00, 0xA0, 0xFF, 0x00, 0xA0, 0xFF, 0x20, 0x98, 0xFF, 0x21, 0x80, 0xFF, 0x00, 0x20, 0xFF,
    0x00, 0x00, 0xFF, 0x00, 0x00, 0xFF, 0x00, 0x00, 0xFF, 0x00, 0x00, 0xFF, 0x00, 0x00, 0xFF, 0x61, 0x00, 0xFF,
    0x82, 0x08, 0xFF, 0x81, 0x00, 0xFF, 0xE2, 0x00, 0xFF, 0x05, 0x1A, 0xFF, 0xC7, 0x2A, 0xFF, 0x03, 0x12, 0xFF,
    0x82, 0x09, 0xFF, 0xC3, 0x19, 0xFF, 0xA3, 0x19, 0xFF, 0x63, 0x11, 0xFF, 0x22, 0x09, 0xFF, 0x85, 0x32, 0xFF,
    0xA6, 0x4B, 0xFF, 0x46, 0x4B, 0xFF, 0x87, 0x3A, 0xFF, 0x22, 0x09, 0xFF, 0x43, 0x09, 0xFF, 0xC2, 0x00, 0xFC,
    0x61, 0x00, 0xEA, 0x86, 0x32, 0xAF, 0x06, 0x2B, 0x4E, 0x03, 0x12, 0x11, 0xE5, 0x2A, 0x01, 0xE9, 0x4B, 0x00,
    0x03, 0x12, 0x00, 0xE7, 0x2A, 0x00, 0xC7, 0x22, 0x00, 0xA6, 0x1A, 0x00, 0x08, 0x2B, 0x00, 0xE4, 0x11, 0x00,
    0xE3, 0x11, 0x00, 0x24, 0x1A, 0x00, 0x44, 0x1A, 0x00, 0x65, 0x22, 0x00, 0x24, 0x12, 0x00, 0xA6, 0x22, 0x00,
    0xC4, 0x3B, 0x00, 0x43, 0x2B, 0x00, 0x85, 0x33, 0x00, 0xE3, 0x22, 0x00, 0x44, 0x33, 0x00, 0xC2, 0x1A, 0x00,
    0x44, 0x2B, 0x00, 0xA6, 0x33, 0x00, 0xE6, 0x3B, 0x00, 0x27, 0x44, 0x00, 0x48, 0x44, 0x00, 0x28, 0x44, 0x00,
    0x25, 0x2B, 0x00, 0xE6, 0x43, 0x00, 0x07, 0x54, 0x03, 0x43, 0x3B, 0x15, 0xC9, 0x74, 0x50, 0x83, 0x19, 0xB1,
    0xC2, 0x00, 0xEE, 0x03, 0x09, 0xFE, 0xC2, 0x08, 0xFF, 0xC2, 0x08, 0xFF, 0xC2, 0x08, 0xFF, 0xC2, 0x08, 0xFF,
    0xC2, 0x08, 0xFF, 0xC2, 0x08, 0xFF, 0xC2, 0x08, 0xFF, 0x64, 0x11, 0xFF, 0x43, 0x09, 0xFF, 0x63, 0x09, 0xFF,
    0x66, 0x22, 0xFF, 0x87, 0x2A, 0xFF, 0x63, 0x09, 0xFF, 0x43, 0x09, 0xFF, 0x23, 0x09, 0xFF, 0xC2, 0x10, 0xFF,
    0x00, 0x00, 0xFF, 0x00, 0x00, 0xFF, 0x00, 0x00, 0xFF, 0x00, 0x00, 0xFF, 0x00, 0x00, 0xFF, 0x00, 0x08, 0xFF,
    0x20, 0x48, 0xFF, 0x21, 0x98, 0xFF, 0x00, 0xA8, 0xFF, 0x20, 0x98, 0xFF, 0x00, 0xA0, 0xFF, 0x00, 0xA0, 0xFF,
    0x00, 0xA0, 0xFF, 0x00, 0xA0, 0xFF, 0x00, 0xA0, 0xFF, 0x00, 0xA8, 0xFF, 0x00, 0xA8, 0xFF, 0x00, 0xA8, 0xFF,
    0x00, 0xA8, 0xFF, 0x00, 0xA8, 0xFF, 0x00, 0xA8, 0xFF, 0x00, 0xA8, 0xFF, 0x00, 0xA8, 0xFF, 0x00, 0xA8, 0xFF,
    0x00, 0xA8, 0xFF, 0x00, 0xA8, 0xFF, 0x00, 0xA8, 0xFF, 0x00, 0xA8, 0xFF, 0x00, 0xA8, 0xFF, 0x00, 0xA8, 0xFF,
    0x00, 0xA8, 0xFF, 0x00, 0xA8, 0xFF, 0x00, 0xA8, 0xFF, 0x00, 0xA8, 0xFF, 0x00, 0xB0, 0xFF, 0x00, 0xB0, 0xFF,
    0x00, 0xB0, 0xFF, 0x00, 0xB0, 0xFF, 0x00, 0xB0, 0xFF, 0x00, 0xB0, 0xFF, 0x00, 0xB0, 0xFF, 0x00, 0xB0, 0xFF,
    0x00, 0xB0, 0xFF, 0x00, 0xB0, 0xFF, 0x00, 0xB0, 0xFF, 0x00, 0xB0, 0xFF, 0x00, 0xB0, 0xFF, 0x00, 0xB0, 0xFF,
    0x00, 0xB0, 0xFF, 0x00, 0xB0, 0xFF, 0x00, 0xB0, 0xFF, 0x00, 0xB0, 0xFF, 0x00, 0xB0, 0xFF, 0x00, 0xB0, 0xFF,
    0x00, 0xB0, 0xFF, 0x00, 0xB0, 0xFF, 0x00, 0xB0, 0xFF, 0x00, 0xB0, 0xFF, 0x00, 0xB0, 0xFF, 0x00, 0xB0, 0xFF,
    0x00, 0xB0, 0xFF, 0x00, 0xB0, 0xFF, 0x00, 0xB0, 0xFF, 0x00, 0xB0, 0xFF, 0x00, 0xB0, 0xFF, 0x00, 0xB0, 0xFF,
    0x00, 0xB0, 0xFF, 0x00, 0xB0, 0xFF, 0x00, 0xB0, 0xFF, 0x00, 0xB0, 0xFF, 0x00, 0xB0, 0xFF, 0x00, 0xB0, 0xFF,
    0x00, 0xB0, 0xFF, 0x00, 0xB0, 0xFF, 0x00, 0xA8, 0xFF, 0x00, 0xA8, 0xFF, 0x00, 0xA8, 0xFF, 0x00, 0xA8, 0xFF,
    0x00, 0xA8, 0xFF, 0x00, 0xA8, 0xFF, 0x00, 0xA8, 0xFF, 0x00, 0xA8, 0xFF, 0x00, 0xA8, 0xFF, 0x00, 0xA8, 0xFF,
    0x00, 0xA8, 0xFF, 0x00, 0xA8, 0xFF, 0x00, 0xA8, 0xFF, 0x00, 0xA8, 0xFF, 0x00, 0xA8, 0xFF, 0x00, 0xA8, 0xFF,
    0x00, 0xA0, 0xFF, 0x00, 0xA0, 0xFF, 0x00, 0xA0, 0xFF, 0x00, 0xA0, 0xFF, 0x00, 0xA0, 0xFF, 0x00, 0xA0, 0xFF,
    0x00, 0xA0, 0xFF, 0x00, 0xA0, 0xFF, 0x00, 0xA8, 0xFF, 0x40, 0x78, 0xFF, 0x20, 0x18, 0xFF, 0x00, 0x00, 0xFF,
    0x00, 0x00, 0xFF, 0x00, 0x00, 0xFF, 0x00, 0x00, 0xFF, 0x00, 0x00, 0xFF, 0x61, 0x00, 0xFF, 0x03, 0x11, 0xFF,
    0xC2, 0x08, 0xFF, 0x81, 0x08, 0xFF, 0x81, 0x00, 0xFF, 0x81, 0x00, 0xFF, 0x02, 0x01, 0xFF, 0x05, 0x12, 0xFF,
    0xA6, 0x22, 0xFF, 0xA6, 0x22, 0xFF, 0xC2, 0x09, 0xFF, 0x82, 0x11, 0xFF, 0xC3, 0x19, 0xFF, 0xA8, 0x4B, 0xFF,
    0x28, 0x54, 0xFF, 0x47, 0x43, 0xFF, 0x43, 0x09, 0xFF, 0x64, 0x11, 0xFF, 0x63, 0x11, 0xFE, 0x81, 0x00, 0xEE,
    0x22, 0x09, 0xB1, 0x67, 0x3B, 0x50, 0x84, 0x22, 0x15, 0x44, 0x1A, 0x03, 0x25, 0x33, 0x00, 0x87, 0x43, 0x00,
    0x45, 0x1A, 0x00, 0x45, 0x1A, 0x00, 0x45, 0x1A, 0x00, 0xE7, 0x22, 0x00, 0xE7, 0x2A, 0x00, 0xC3, 0x11, 0x00,
    0x24, 0x1A, 0x00, 0x64, 0x1A, 0x00, 0x44, 0x1A, 0x00, 0xA5, 0x22, 0x00, 0x65, 0x1A, 0x00, 0x65, 0x1A, 0x00,
    0x22, 0x2B, 0x00, 0xC5, 0x3B, 0x00, 0x03, 0x23, 0x00, 0x43, 0x2B, 0x00, 0xE2, 0x22, 0x00, 0x03, 0x2B, 0x00,
    0xC3, 0x22, 0x00, 0x64, 0x2B, 0x00, 0xE6, 0x3B, 0x00, 0x27, 0x4C, 0x00, 0x68, 0x4C, 0x00, 0x67, 0x54, 0x00,
    0x69, 0x54, 0x00, 0x86, 0x33, 0x00, 0x06, 0x4C, 0x00, 0x03, 0x33, 0x03, 0x47, 0x5C, 0x17, 0x87, 0x53, 0x5B,
    0xC1, 0x00, 0xCC, 0x03, 0x09, 0xF8, 0xC2, 0x08, 0xFF, 0xE2, 0x08, 0xFF, 0xC2, 0x08, 0xFF, 0xC2, 0x08, 0xFF,
    0xC2, 0x08, 0xFF, 0xE2, 0x08, 0xFF, 0x03, 0x09, 0xFF, 0x23, 0x09, 0xFF, 0x43, 0x11, 0xFF, 0xA4, 0x19, 0xFF,
    0x04, 0x12, 0xFF, 0x86, 0x22, 0xFF, 0xC4, 0x11, 0xFF, 0x02, 0x09, 0xFF, 0x03, 0x09, 0xFF, 0xC2, 0x08, 0xFF,
    0x61, 0x08, 0xFF, 0x00, 0x00, 0xFF, 0x00, 0x00, 0xFF, 0x00, 0x00, 0xFF, 0x00, 0x00, 0xFF, 0x00, 0x00, 0xFF,
    0x00, 0x08, 0xFF, 0x20, 0x38, 0xFF, 0x21, 0x90, 0xFF, 0x00, 0xA0, 0xFF, 0x00, 0xA0, 0xFF, 0x00, 0xA0, 0xFF,
    0x00, 0xA0, 0xFF, 0x00, 0xA0, 0xFF, 0x00, 0xA0, 0xFF, 0x00, 0xA8, 0xFF, 0x00, 0xA8, 0xFF, 0x00, 0xA8, 0xFF,
    0x00, 0xA8, 0xFF, 0x00, 0xA8, 0xFF, 0x00, 0xA8, 0xFF, 0x00, 0xA8, 0xFF, 0x00, 0xA8, 0xFF, 0x00, 0xA8, 0xFF,
    0x00, 0xA8, 0xFF, 0x00, 0xA8, 0xFF, 0x00, 0xA8, 0xFF, 0x00, 0xA8, 0xFF, 0x00, 0xA8, 0xFF, 0x00, 0xA8, 0xFF,
    0x00, 0xA8, 0xFF, 0x00, 0xA8, 0xFF, 0x00, 0xA8, 0xFF, 0x00, 0xA8, 0xFF, 0x00, 0xA8, 0xFF, 0x00, 0xA8, 0xFF,
    0x00, 0xA8, 0xFF, 0x00, 0xA8, 0xFF, 0x00, 0xB0, 0xFF, 0x00, 0xB0, 0xFF, 0x00, 0xB0, 0xFF, 0x00, 0xB0, 0xFF,
    0x00, 0xB0, 0xFF, 0x00, 0xB0, 0xFF, 0x00, 0xB0, 0xFF, 0x00, 0xB0, 0xFF, 0x00, 0xB0, 0xFF, 0x00, 0xB0, 0xFF,
    0x00, 0xB0, 0xFF, 0x00, 0xB0, 0xFF, 0x00, 0xB0, 0xFF, 0x00, 0xB0, 0xFF, 0x00, 0xB0, 0xFF, 0x00, 0xB0, 0xFF,
    0x00, 0xB0, 0xFF, 0x00, 0xB0, 0xFF, 0x00, 0xB0, 0xFF, 0x00, 0xB0, 0xFF, 0x00, 0xB0, 0xFF, 0x00, 0xB0, 0xFF,
    0x00, 0xB0, 0xFF, 0x00, 0xB0, 0xFF, 0x00, 0xB0, 0xFF, 0x00, 0xB0, 0xFF, 0x00, 0xB0, 0xFF, 0x00, 0xB0, 0xFF,
    0x00, 0xB0, 0xFF, 0x00, 0xB0, 0xFF, 0x00, 0xB0, 0xFF, 0x00, 0xB0, 0xFF, 0x00, 0xB0, 0xFF, 0x00, 0xB0, 0xFF,
    0x00, 0xB0, 0xFF, 0x00, 0xA8, 0xFF, 0x00, 0xA8, 0xFF, 0x00, 0xA8, 0xFF, 0x00, 0xA8, 0xFF, 0x00, 0xA8, 0xFF,
    0x00, 0xA8, 0xFF, 0x00, 0xA8, 0xFF, 0x00, 0xA8, 0xFF, 0x00, 0xA8, 0xFF, 0x00, 0xA8, 0xFF, 0x00, 0xA8, 0xFF,
    0x00, 0xA8, 0xFF, 0x00, 0xA8, 0xFF, 0x00, 0xA8, 0xFF, 0x00, 0xA8, 0xFF, 0x00, 0xA8, 0xFF, 0x00, 0xA0, 0xFF,
    0x00, 0xA0, 0xFF, 0x00, 0xA0, 0xFF, 0x00, 0xA0, 0xFF, 0x00, 0xA0, 0xFF, 0x00, 0xA0, 0xFF, 0x00, 0xA0, 0xFF,
    0x00, 0xA8, 0xFF, 0x00, 0xA0, 0xFF, 0x41, 0x68, 0xFF, 0x00, 0x18, 0xFF, 0x00, 0x00, 0xFF, 0x00, 0x00, 0xFF,
    0x00, 0x00, 0xFF, 0x00, 0x00, 0xFF, 0x00, 0x00, 0xFF, 0xA1, 0x08, 0xFF, 0x83, 0x19, 0xFF, 0x63, 0x11, 0xFF,
    0x23, 0x11, 0xFF, 0x02, 0x09, 0xFF, 0xE2, 0x08, 0xFF, 0xA2, 0x08, 0xFF, 0x62, 0x00, 0xFF, 0xC2, 0x08, 0xFF,
    0x63, 0x11, 0xFF, 0xC4, 0x11, 0xFF, 0x24, 0x1A, 0xFF, 0x86, 0x22, 0xFF, 0x44, 0x1A, 0xFF, 0xE5, 0x32, 0xFF,
    0x88, 0x43, 0xFF, 0x24, 0x1A, 0xFF, 0x83, 0x11, 0xFF, 0xA4, 0x19, 0xFF, 0x02, 0x09, 0xF8, 0x61, 0x00, 0xCC,
    0x86, 0x32, 0x5B, 0x66, 0x33, 0x17, 0x63, 0x1A, 0x03, 0xA4, 0x22, 0x00, 0xC7, 0x4B, 0x00, 0xC5, 0x2A, 0x00,
    0xA3, 0x09, 0x00, 0xE4, 0x19, 0x00, 0x45, 0x1A, 0x00, 0x28, 0x2B, 0x00, 0x24, 0x12, 0x00, 0xC3, 0x11, 0x00,
    0x44, 0x1A, 0x00, 0x64, 0x1A, 0x00, 0x64, 0x1A, 0x00, 0xA5, 0x1A, 0x00, 0xC6, 0x22, 0x00, 0x44, 0x1A, 0x00,
    0x64, 0x33, 0x00, 0xA5, 0x33, 0x00, 0x43, 0x2B, 0x00, 0xA4, 0x33, 0x00, 0xE2, 0x22, 0x00, 0x64, 0x33, 0x00,
    0xC2, 0x22, 0x00, 0xE2, 0x22, 0x00, 0xA5, 0x3B, 0x00, 0xC5, 0x3B, 0x00, 0x27, 0x4C, 0x00, 0x48, 0x4C, 0x00,
    0x68, 0x54, 0x00, 0x89, 0x5C, 0x00, 0x27, 0x4C, 0x00, 0x06, 0x4C, 0x00, 0xC3, 0x2A, 0x07, 0xA8, 0x6C, 0x33,
    0xC4, 0x19, 0xA4, 0x02, 0x09, 0xE8, 0x02, 0x09, 0xFC, 0x03, 0x09, 0xFF, 0xC2, 0x08, 0xFF, 0x03, 0x11, 0xFF,
    0xE2, 0x08, 0xFF, 0xE2, 0x08, 0xFF, 0xE2, 0x08, 0xFF, 0x03, 0x09, 0xFF, 0x43, 0x11, 0xFF, 0x83, 0x11, 0xFF,
    0xC3, 0x09, 0xFF, 0x45, 0x1A, 0xFF, 0xC8, 0x2A, 0xFF, 0x22, 0x09, 0xFF, 0x81, 0x00, 0xFF, 0x81, 0x00, 0xFF,
    0x82, 0x00, 0xFF, 0x82, 0x08, 0xFF, 0x00, 0x00, 0xFF, 0x00, 0x00, 0xFF, 0x00, 0x00, 0xFF, 0x00, 0x00, 0xFF,
    0x00, 0x00, 0xFF, 0x00, 0x00, 0xFF, 0x00, 0x30, 0xFF, 0x21, 0x88, 0xFF, 0x00, 0xA0, 0xFF, 0x00, 0x98, 0xFF,
    0x00, 0x98, 0xFF, 0x00, 0xA0, 0xFF, 0x00, 0xA0, 0xFF, 0x00, 0xA0, 0xFF, 0x00, 0xA0, 0xFF, 0x00, 0xA0, 0xFF,
    0x00, 0xA0, 0xFF, 0x00, 0xA8, 0xFF, 0x00, 0xA8, 0xFF, 0x00, 0xA8, 0xFF, 0x00, 0xA8, 0xFF, 0x00, 0xA8, 0xFF,
    0x00, 0xA8, 0xFF, 0x00, 0xA8, 0xFF, 0x00, 0xA8, 0xFF, 0x00, 0xA8, 0xFF, 0x00, 0xA8, 0xFF, 0x00, 0xA8, 0xFF,
    0x00, 0xA8, 0xFF, 0x00, 0xA8, 0xFF, 0x00, 0xA8, 0xFF, 0x00, 0xA8, 0xFF, 0x00, 0xA8, 0xFF, 0x00, 0xA8, 0xFF,
    0x00, 0xB0, 0xFF, 0x00, 0xB0, 0xFF, 0x00, 0xB0, 0xFF, 0x00, 0xB0, 0xFF, 0x00, 0xB0, 0xFF, 0x00, 0xB0, 0xFF,
    0x00, 0xB0, 0xFF, 0x00, 0xB0, 0xFF, 0x00, 0xB0, 0xFF, 0x00, 0xB0, 0xFF, 0x00, 0xB0, 0xFF, 0x00, 0xB0, 0xFF,
    0x00, 0xB0, 0xFF, 0x00, 0xB0, 0xFF, 0x00, 0xB0, 0xFF, 0x00, 0xB0, 0xFF, 0x00, 0xB0, 0xFF, 0x00, 0xB0, 0xFF,
    0x00, 0xB0, 0xFF, 0x00, 0xB0, 0xFF, 0x00, 0xB0, 0xFF, 0x00, 0xB0, 0xFF, 0x00, 0xB0, 0xFF, 0x00, 0xB0, 0xFF,
    0x00, 0xB0, 0xFF, 0x00, 0xB0, 0xFF, 0x00, 0xB0, 0xFF, 0x00, 0xB0, 0xFF, 0x00, 0xB0, 0xFF, 0x00, 0xB0, 0xFF,
    0x00, 0xB0, 0xFF, 0x00, 0xB0, 0xFF, 0x00, 0xB0, 0xFF, 0x00, 0xB0, 0xFF, 0x00, 0xB0, 0xFF, 0x00, 0xB0, 0xFF,
    0x00, 0xA8, 0xFF, 0x00, 0xA8, 0xFF, 0x00, 0xA8, 0xFF, 0x00, 0xA8, 0xFF, 0x00, 0xA8, 0xFF, 0x00, 0xA8, 0xFF,
    0x00, 0xA8, 0xFF, 0x00, 0xA8, 0xFF, 0x00, 0xA8, 0xFF, 0x00, 0xA8, 0xFF, 0x00, 0xA8, 0xFF, 0x00, 0xA8, 0xFF,
    0x00, 0xA8, 0xFF, 0x00, 0xA8, 0xFF, 0x00, 0xA8, 0xFF, 0x00, 0xA8, 0xFF, 0x00, 0xA8, 0xFF, 0x00, 0xA8, 0xFF,
    0x00, 0xA0, 0xFF, 0x00, 0xA0, 0xFF, 0x00, 0xA0, 0xFF, 0x00, 0xA0, 0xFF, 0x00, 0xA0, 0xFF, 0x00, 0xA0, 0xFF,
    0x21, 0xA0, 0xFF, 0x21, 0x60, 0xFF, 0x00, 0x08, 0xFF, 0x00, 0x00, 0xFF, 0x00, 0x00, 0xFF, 0x00, 0x00, 0xFF,
    0x00, 0x00, 0xFF, 0x00, 0x00, 0xFF, 0x81, 0x00, 0xFF, 0xC4, 0x19, 0xFF, 0xC4, 0x19, 0xFF, 0xA3, 0x11, 0xFF,
    0x63, 0x11, 0xFF, 0x63, 0x09, 0xFF, 0x83, 0x11, 0xFF, 0x22, 0x09, 0xFF, 0xA2, 0x08, 0xFF, 0x81, 0x00, 0xFF,
    0x81, 0x00, 0xFF, 0xC1, 0x00, 0xFF, 0x83, 0x11, 0xFF, 0xA4, 0x11, 0xFF, 0xC3, 0x11, 0xFF, 0x86, 0x2A, 0xFF,
    0x04, 0x1A, 0xFF, 0xC4, 0x11, 0xFF, 0x22, 0x09, 0xFF, 0xC2, 0x08, 0xFC, 0x82, 0x08, 0xE8, 0x22, 0x09, 0xA4,
    0xA8, 0x43, 0x33, 0xE5, 0x2A, 0x07, 0x84, 0x22, 0x00, 0x05, 0x33, 0x00, 0xE8, 0x53, 0x00, 0x03, 0x1A, 0x00,
    0x05, 0x1A, 0x00, 0x66, 0x22, 0x00, 0x08, 0x23, 0x00, 0xE8, 0x2A, 0x00, 0xC3, 0x11, 0x00, 0x44, 0x1A, 0x00,
    0x64, 0x1A, 0x00, 0x85, 0x22, 0x00, 0xC5, 0x22, 0x00, 0x84, 0x1A, 0x00, 0xE6, 0x2A, 0x00, 0x85, 0x1A, 0x00,
    0x27, 0x4C, 0x00, 0x23, 0x2B, 0x00, 0xC5, 0x3B, 0x00, 0x43, 0x2B, 0x00, 0x43, 0x2B, 0x00, 0x03, 0x2B, 0x00,
    0xE2, 0x22, 0x00, 0x02, 0x23, 0x00, 0x64, 0x2B, 0x00, 0xE6, 0x43, 0x00, 0xA5, 0x3B, 0x00, 0xE6, 0x3B, 0x00,
    0xE6, 0x3B, 0x00, 0x27, 0x4C, 0x00, 0x07, 0x4C, 0x00, 0x26, 0x54, 0x00, 0x43, 0x3B, 0x01, 0x25, 0x54, 0x11,
    0x65, 0x4B, 0x4E, 0x22, 0x09, 0xAF, 0x83, 0x19, 0xEA, 0x22, 0x09, 0xFC, 0x24, 0x11, 0xFF, 0x44, 0x11, 0xFF,
    0x43, 0x09, 0xFF, 0x84, 0x19, 0xFF, 0x23, 0x09, 0xFF, 0x84, 0x11, 0xFF, 0x43, 0x09, 0xFF, 0x63, 0x11, 0xFF,
    0xE4, 0x19, 0xFF, 0x45, 0x1A, 0xFF, 0xE8, 0x2A, 0xFF, 0x87, 0x2A, 0xFF, 0xE2, 0x08, 0xFF, 0x81, 0x00, 0xFF,
    0x81, 0x00, 0xFF, 0x82, 0x00, 0xFF, 0xA2, 0x08, 0xFF, 0x00, 0x00, 0xFF, 0x00, 0x00, 0xFF, 0x00, 0x00, 0xFF,
    0x00, 0x00, 0xFF, 0x00, 0x00, 0xFF, 0x00, 0x00, 0xFF, 0x00, 0x20, 0xFF, 0x01, 0x80, 0xFF, 0x20, 0xA0, 0xFF,
    0x00, 0xA0, 0xFF, 0x00, 0xA0, 0xFF, 0x00, 0xA0, 0xFF, 0x00, 0xA0, 0xFF, 0x00, 0xA0, 0xFF, 0x00, 0xA0, 0xFF,
    0x00, 0xA0, 0xFF, 0x00, 0xA0, 0xFF, 0x00, 0xA0, 0xFF, 0x00, 0xA8, 0xFF, 0x00, 0xA8, 0xFF, 0x00, 0xA8, 0xFF,
    0x00, 0xA8, 0xFF, 0x00, 0xA8, 0xFF, 0x00, 0xA8, 0xFF, 0x00, 0xA8, 0xFF, 0x00, 0xA8, 0xFF, 0x00, 0xA8, 0xFF,
    0x00, 0xA8, 0xFF, 0x00, 0xA8, 0xFF, 0x00, 0xA8, 0xFF, 0x00, 0xA8, 0xFF, 0x00, 0xA8, 0xFF, 0x00, 0xA8, 0xFF,
    0x00, 0xA8, 0xFF, 0x00, 0xA8, 0xFF, 0x00, 0xA8, 0xFF, 0x00, 0xA8, 0xFF, 0x00, 0xB0, 0xFF, 0x00, 0xB0, 0xFF,
    0x00, 0xB0, 0xFF, 0x00, 0xB0, 0xFF, 0x00, 0xB0, 0xFF, 0x00, 0xB0, 0xFF, 0x00, 0xB0, 0xFF, 0x00, 0xB0, 0xFF,
    0x00, 0xB0, 0xFF, 0x00, 0xB0, 0xFF, 0x00, 0xB0, 0xFF, 0x00, 0xB0, 0xFF, 0x00, 0xB0, 0xFF, 0x00, 0xB0, 0xFF,
    0x00, 0xB0, 0xFF, 0x00, 0xB0, 0xFF, 0x00, 0xB0, 0xFF, 0x00, 0xB0, 0xFF, 0x00, 0xB0, 0xFF, 0x00, 0xB0, 0xFF,
    0x00, 0xB0, 0xFF, 0x00, 0xB0, 0xFF, 0x00, 0xB0, 0xFF, 0x00, 0xB0, 0xFF, 0x00, 0xB0, 0xFF, 0x00, 0xB0, 0xFF,
    0x00, 0xB0, 0xFF, 0x00, 0xB0, 0xFF, 0x00, 0xA8, 0xFF, 0x00, 0xA8, 0xFF, 0x00, 0xA8, 0xFF, 0x00, 0xA8, 0xFF,
    0x00, 0xA8, 0xFF, 0x00, 0xA8, 0xFF, 0x00, 0xA8, 0xFF, 0x00, 0xA8, 0xFF, 0x00, 0xA8, 0xFF, 0x00, 0xA8, 0xFF,
    0x00, 0xA8, 0xFF, 0x00, 0xA8, 0xFF, 0x00, 0xA8, 0xFF, 0x00, 0xA8, 0xFF, 0x00, 0xA8, 0xFF, 0x00, 0xA8, 0xFF,
    0x00, 0xA8, 0xFF, 0x00, 0xA8, 0xFF, 0x00, 0xA0, 0xFF, 0x00, 0xA0, 0xFF, 0x00, 0xA0, 0xFF, 0x00, 0xA0, 0xFF,
    0x00, 0xA0, 0xFF, 0x00, 0xA0, 0xFF, 0x00, 0xA0, 0xFF, 0x00, 0xA0, 0xFF, 0x20, 0x98, 0xFF, 0x21, 0x98, 0xFF,
    0x20, 0x40, 0xFF, 0x00, 0x00, 0xFF, 0x00, 0x00, 0xFF, 0x00, 0x00, 0xFF, 0x00, 0x00, 0xFF, 0x00, 0x00, 0xFF,
    0x00, 0x00, 0xFF, 0x02, 0x11, 0xFF, 0x06, 0x3B, 0xFF, 0x85, 0x22, 0xFF, 0x65, 0x22, 0xFF, 0x45, 0x1A, 0xFF,
    0xE4, 0x11, 0xFF, 0xE4, 0x11, 0xFF, 0xA3, 0x09, 0xFF, 0xA4, 0x11, 0xFF, 0x84, 0x11, 0xFF, 0xC2, 0x00, 0xFF,
    0x82, 0x00, 0xFF, 0xA2, 0x00, 0xFF, 0x81, 0x00, 0xFF, 0x81, 0x00, 0xFF, 0xC1, 0x00, 0xFF, 0x02, 0x09, 0xFF,
    0xE2, 0x08, 0xFF, 0xA2, 0x00, 0xFF, 0xC2, 0x08, 0xFC, 0x81, 0x00, 0xEA, 0x81, 0x00, 0xAF, 0x24, 0x1A, 0x4E,
    0xA8, 0x3B, 0x11, 0x64, 0x22, 0x01, 0xA4, 0x2A, 0x00, 0xA7, 0x43, 0x00, 0xE5, 0x2A, 0x00, 0x04, 0x1A, 0x00,
    0x66, 0x22, 0x00, 0x86, 0x1A, 0x00, 0x49, 0x33, 0x00, 0x25, 0x1A, 0x00, 0xC3, 0x11, 0x00, 0x65, 0x22, 0x00,
    0x44, 0x1A, 0x00, 0xA5, 0x1A, 0x00, 0xE6, 0x22, 0x00, 0xC5, 0x1A, 0x00, 0xE6, 0x22, 0x00, 0x68, 0x33, 0x00,
    0x07, 0x4C, 0x00, 0x43, 0x2B, 0x00, 0x26, 0x4C, 0x00, 0x03, 0x2B, 0x00, 0xA4, 0x33, 0x00, 0x02, 0x23, 0x00,
    0x84, 0x33, 0x00, 0x02, 0x23, 0x00, 0x02, 0x23, 0x00, 0xA5, 0x3B, 0x00, 0xC5, 0x3B, 0x00, 0xA4, 0x33, 0x00,
    0x84, 0x33, 0x00, 0x85, 0x33, 0x00, 0x28, 0x4C, 0x00, 0x05, 0x33, 0x00, 0x87, 0x5C, 0x00, 0xA4, 0x43, 0x03,
    0x04, 0x3B, 0x15, 0x21, 0x01, 0x50, 0xC3, 0x19, 0xB1, 0xC3, 0x11, 0xEE, 0x84, 0x11, 0xFE, 0x64, 0x11, 0xFF,
    0xA4, 0x11, 0xFF, 0xE5, 0x19, 0xFF, 0xC5, 0x11, 0xFF, 0xC8, 0x2A, 0xFF, 0xE5, 0x11, 0xFF, 0x26, 0x22, 0xFF,
    0xE4, 0x19, 0xFF, 0xE4, 0x19, 0xFF, 0x66, 0x1A, 0xFF, 0xE8, 0x22, 0xFF, 0x26, 0x1A, 0xFF, 0xC2, 0x00, 0xFF,
    0x81, 0x00, 0xFF, 0x61, 0x00, 0xFF, 0xE3, 0x08, 0xFF, 0x03, 0x11, 0xFF, 0x20, 0x00, 0xFF, 0x00, 0x00, 0xFF,
    0x00, 0x00, 0xFF, 0x00, 0x00, 0xFF, 0x00, 0x00, 0xFF, 0x20, 0x00, 0xFF, 0x00, 0x10, 0xFF, 0x21, 0x60, 0xFF,
    0x21, 0xA0, 0xFF, 0x00, 0xA8, 0xFF, 0x00, 0x98, 0xFF, 0x00, 0xA0, 0xFF, 0x00, 0xA0, 0xFF, 0x00, 0xA0, 0xFF,
    0x00, 0xA0, 0xFF, 0x00, 0xA0, 0xFF, 0x00, 0xA0, 0xFF, 0x00, 0xA0, 0xFF, 0x00, 0xA8, 0xFF, 0x00, 0xA8, 0xFF,
    0x00, 0xA8, 0xFF, 0x00, 0xA8, 0xFF, 0x00, 0xA8, 0xFF, 0x00, 0xA8, 0xFF, 0x00, 0xA8, 0xFF, 0x00, 0xA8, 0xFF,
    0x00, 0xA8, 0xFF, 0x00, 0xA8, 0xFF, 0x00, 0xA8, 0xFF, 0x00, 0xA8, 0xFF, 0x00, 0xA8, 0xFF, 0x00, 0xA8, 0xFF,
    0x00, 0xA8, 0xFF, 0x00, 0xA8, 0xFF, 0x00, 0xA8, 0xFF, 0x00, 0xA8, 0xFF, 0x00, 0xA8, 0xFF, 0x00, 0xA8, 0xFF,
    0x00, 0xA8, 0xFF, 0x00, 0xA8, 0xFF, 0x00, 0xA8, 0xFF, 0x00, 0xA8, 0xFF, 0x00, 0xB0, 0xFF, 0x00, 0xB0, 0xFF,
    0x00, 0xB0, 0xFF, 0x00, 0xB0, 0xFF, 0x00, 0xB0, 0xFF, 0x00, 0xB0, 0xFF, 0x00, 0xB0, 0xFF, 0x00, 0xB0, 0xFF,
    0x00, 0xB0, 0xFF, 0x00, 0xB0, 0xFF, 0x00, 0xB0, 0xFF, 0x00, 0xB0, 0xFF, 0x00, 0xB0, 0xFF, 0x00, 0xB0, 0xFF,
    0x00, 0xB0, 0xFF, 0x00, 0xB0, 0xFF, 0x00, 0xA8, 0xFF, 0x00, 0xA8, 0xFF, 0x00, 0xA8, 0xFF, 0x00, 0xA8, 0xFF,
    0x00, 0xA8, 0xFF, 0x00, 0xA8, 0xFF, 0x00, 0xA8, 0xFF, 0x00, 0xA8, 0xFF, 0x00, 0xA8, 0xFF, 0x00, 0xA8, 0xFF,
    0x00, 0xA8, 0xFF, 0x00, 0xA8, 0xFF, 0x00, 0xA8, 0xFF, 0x00, 0xA8, 0xFF, 0x00, 0xA8, 0xFF, 0x00, 0xA8, 0xFF,
    0x00, 0xA8, 0xFF, 0x00, 0xA8, 0xFF, 0x00, 0xA8, 0xFF, 0x00, 0xA8, 0xFF, 0x00, 0xA8, 0xFF, 0x00, 0xA0, 0xFF,
    0x00, 0xA0, 0xFF, 0x00, 0xA0, 0xFF, 0x00, 0xA0, 0xFF, 0x00, 0xA0, 0xFF, 0x00, 0xA0, 0xFF, 0x00, 0xA0, 0xFF,
    0x00, 0xA0, 0xFF, 0x00, 0xA0, 0xFF, 0x00, 0x98, 0xFF, 0x00, 0xA8, 0xFF, 0x21, 0x88, 0xFF, 0x20, 0x28, 0xFF,
    0x00, 0x00, 0xFF, 0x00, 0x00, 0xFF, 0x00, 0x00, 0xFF, 0x00, 0x00, 0xFF, 0x00, 0x00, 0xFF, 0x00, 0x00, 0xFF,
    0x02, 0x11, 0xFF, 0x26, 0x43, 0xFF, 0x66, 0x3B, 0xFF, 0x87, 0x43, 0xFF, 0xE5, 0x2A, 0xFF, 0x06, 0x2B, 0xFF,
    0x07, 0x23, 0xFF, 0xA6, 0x22, 0xFF, 0x45, 0x1A, 0xFF, 0x05, 0x12, 0xFF, 0x66, 0x22, 0xFF, 0x46, 0x22, 0xFF,
    0x23, 0x09, 0xFF, 0x82, 0x00, 0xFF, 0xA2, 0x08, 0xFF, 0x82, 0x08, 0xFF, 0x82, 0x08, 0xFF, 0x82, 0x00, 0xFF,
    0x82, 0x00, 0xFF, 0x82, 0x08, 0xFE, 0xC3, 0x08, 0xEE, 0xA2, 0x08, 0xB1, 0xA1, 0x00, 0x50, 0x47, 0x3B, 0x15,
    0x46, 0x33, 0x03, 0x65, 0x2A, 0x00, 0x26, 0x3B, 0x00, 0x47, 0x3B, 0x00, 0x23, 0x12, 0x00, 0x45, 0x12, 0x00,
    0xE8, 0x2A, 0x00, 0xEB, 0x43, 0x00, 0x69, 0x3B, 0x00, 0xC3, 0x11, 0x00, 0x44, 0x1A, 0x00, 0x64, 0x1A, 0x00,
    0xA5, 0x22, 0x00, 0xC5, 0x1A, 0x00, 0xC5, 0x22, 0x00, 0x06, 0x23, 0x00, 0xA5, 0x1A, 0x00, 0x89, 0x3B, 0x00,
    0x44, 0x33, 0x00, 0x06, 0x4C, 0x00, 0x84, 0x3B, 0x00, 0x44, 0x33, 0x00, 0x63, 0x2B, 0x00, 0x43, 0x2B, 0x00,
    0x43, 0x2B, 0x00, 0x22, 0x23, 0x00, 0x63, 0x2B, 0x00, 0x63, 0x2B, 0x00, 0xE5, 0x3B, 0x00, 0xC5, 0x3B, 0x00,
    0xA5, 0x33, 0x00, 0xA5, 0x33, 0x00, 0xC7, 0x3B, 0x00, 0x43, 0x1A, 0x00, 0x64, 0x22, 0x00, 0xE6, 0x53, 0x00,
    0x24, 0x3B, 0x03, 0x62, 0x09, 0x17, 0x82, 0x09, 0x5B, 0x44, 0x22, 0xCC, 0x45, 0x22, 0xF8, 0x43, 0x09, 0xFF,
    0x67, 0x22, 0xFF, 0xE5, 0x11, 0xFF, 0x87, 0x22, 0xFF, 0x67, 0x1A, 0xFF, 0xA7, 0x22, 0xFF, 0xC8, 0x2A, 0xFF,
    0x49, 0x3B, 0xFF, 0x08, 0x2B, 0xFF, 0xA6, 0x22, 0xFF, 0x45, 0x1A, 0xFF, 0x83, 0x11, 0xFF, 0xC2, 0x08, 0xFF,
    0x81, 0x00, 0xFF, 0x81, 0x00, 0xFF, 0xE3, 0x08, 0xFF, 0x83, 0x11, 0xFF, 0x84, 0x19, 0xFF, 0x41, 0x00, 0xFF,
    0x00, 0x00, 0xFF, 0x00, 0x00, 0xFF, 0x00, 0x00, 0xFF, 0x00, 0x08, 0xFF, 0x00, 0x00, 0xFF, 0x00, 0x08, 0xFF,
    0x20, 0x40, 0xFF, 0x41, 0x88, 0xFF, 0x00, 0xA8, 0xFF, 0x00, 0xA0, 0xFF, 0x00, 0xA0, 0xFF, 0x00, 0xA0, 0xFF,
    0x00, 0xA0, 0xFF, 0x00, 0xA0, 0xFF, 0x00, 0xA0, 0xFF, 0x00, 0xA0, 0xFF, 0x00, 0xA0, 0xFF, 0x00, 0xA8, 0xFF,
    0x00, 0xA8, 0xFF, 0x00, 0xA8, 0xFF, 0x00, 0xA8, 0xFF, 0x00, 0xA0, 0xFF, 0x00, 0xA8, 0xFF, 0x00, 0xA8, 0xFF,
    0x00, 0xA8, 0xFF, 0x00, 0xA8, 0xFF, 0x00, 0xA8, 0xFF, 0x00, 0xA8, 0xFF, 0x00, 0xA8, 0xFF, 0x00, 0xA8, 0xFF,
    0x00, 0xA8, 0xFF, 0x00, 0xA8, 0xFF, 0x00, 0xA8, 0xFF, 0x00, 0xA8, 0xFF, 0x00, 0xA8, 0xFF, 0x00, 0xA8, 0xFF,
    0x00, 0xA8, 0xFF, 0x00, 0xA8, 0xFF, 0x00, 0xA8, 0xFF, 0x00, 0xA8, 0xFF, 0x00, 0xA8, 0xFF, 0x00, 0xA8, 0xFF,
    0x00, 0xA8, 0xFF, 0x00, 0xA8, 0xFF, 0x00, 0xA8, 0xFF, 0x00, 0xA8, 0xFF, 0x00, 0xA8, 0xFF, 0x00, 0xA8, 0xFF,
    0x00, 0xA8, 0xFF, 0x00, 0xA8, 0xFF, 0x00, 0xA8, 0xFF, 0x00, 0xA8, 0xFF, 0x00, 0xA8, 0xFF, 0x00, 0xA8, 0xFF,
    0x00, 0xA8, 0xFF, 0x00, 0xA8, 0xFF, 0x00, 0xA8, 0xFF, 0x00, 0xA8, 0xFF, 0x00, 0xA8, 0xFF, 0x00, 0xA8, 0xFF,
    0x00, 0xA8, 0xFF, 0x00, 0xA8, 0xFF, 0x00, 0xA8, 0xFF, 0x00, 0xA8, 0xFF, 0x00, 0xA8, 0xFF, 0x00, 0xA8, 0xFF,
    0x00, 0xA8, 0xFF, 0x00, 0xA8, 0xFF, 0x00, 0xA8, 0xFF, 0x00, 0xA8, 0xFF, 0x00, 0xA8, 0xFF, 0x00, 0xA8, 0xFF,
    0x00, 0xA8, 0xFF, 0x00, 0xA8, 0xFF, 0x00, 0xA8, 0xFF, 0x00, 0xA8, 0xFF, 0x00, 0xA0, 0xFF, 0x00, 0xA0, 0xFF,
    0x00, 0xA0, 0xFF, 0x00, 0xA0, 0xFF, 0x00, 0xA0, 0xFF, 0x00, 0xA0, 0xFF, 0x00, 0xA0, 0xFF, 0x00, 0xA0, 0xFF,
    0x00, 0xA0, 0xFF, 0x00, 0xA8, 0xFF, 0x20, 0xA0, 0xFF, 0x20, 0x68, 0xFF, 0x00, 0x18, 0xFF, 0x00, 0x00, 0xFF,
    0x00, 0x00, 0xFF, 0x00, 0x00, 0xFF, 0x00, 0x00, 0xFF, 0x00, 0x00, 0xFF, 0x00, 0x00, 0xFF, 0x88, 0x52, 0xFF,
    0x28, 0x53, 0xFF, 0xA4, 0x2A, 0xFF, 0x45, 0x43, 0xFF, 0x45, 0x3B, 0xFF, 0x6A, 0x5C, 0xFF, 0x47, 0x33, 0xFF,
    0x07, 0x23, 0xFF, 0xA9, 0x3B, 0xFF, 0x28, 0x33, 0xFF, 0x28, 0x33, 0xFF, 0x28, 0x2B, 0xFF, 0x07, 0x2B, 0xFF,
    0x26, 0x22, 0xFF, 0xC2, 0x00, 0xFF, 0xC2, 0x08, 0xFF, 0xC1, 0x00, 0xFF, 0xA1, 0x00, 0xFF, 0xA1, 0x00, 0xFF,
    0x82, 0x00, 0xFF, 0x81, 0x00, 0xF8, 0x81, 0x00, 0xCC, 0x81, 0x00, 0x5B, 0xE2, 0x08, 0x17, 0x88, 0x43, 0x03,
    0x83, 0x1A, 0x00, 0x26, 0x33, 0x00, 0xE5, 0x2A, 0x00, 0x23, 0x1A, 0x00, 0xC7, 0x2A, 0x00, 0x08, 0x2B, 0x00,
    0xE8, 0x2A, 0x00, 0x69, 0x33, 0x00, 0x25, 0x1A, 0x00, 0x04, 0x1A, 0x00, 0xC6, 0x22, 0x00, 0xA5, 0x22, 0x00,
    0xE5, 0x22, 0x00, 0xE5, 0x22, 0x00, 0xE6, 0x22, 0x00, 0x27, 0x2B, 0x00, 0x27, 0x2B, 0x00, 0x27, 0x2B, 0x00,
    0xA6, 0x3B, 0x00, 0xA8, 0x5C, 0x00, 0x42, 0x2B, 0x00, 0xC5, 0x3B, 0x00, 0x02, 0x23, 0x00, 0xA4, 0x33, 0x00,
    0x02, 0x23, 0x00, 0x64, 0x33, 0x00, 0x43, 0x2B, 0x00, 0x02, 0x23, 0x00, 0xC5, 0x3B, 0x00, 0xE5, 0x3B, 0x00,
    0xC6, 0x3B, 0x00, 0xC5, 0x3B, 0x00, 0x27, 0x4C, 0x00, 0x65, 0x1A, 0x00, 0x22, 0x01, 0x00, 0x82, 0x19, 0x00,
    0x4A, 0x6C, 0x00, 0x02, 0x1A, 0x07, 0x62, 0x09, 0x33, 0xE3, 0x11, 0xA4, 0x27, 0x2B, 0xE8, 0xA3, 0x11, 0xFC,
    0xA8, 0x2A, 0xFF, 0x67, 0x22, 0xFF, 0xC8, 0x2A, 0xFF, 0x87, 0x22, 0xFF, 0xE9, 0x2A, 0xFF, 0x67, 0x1A, 0xFF,
    0xE8, 0x2A, 0xFF, 0x66, 0x1A, 0xFF, 0xC4, 0x19, 0xFF, 0x63, 0x11, 0xFF, 0x02, 0x09, 0xFF, 0x81, 0x00, 0xFF,
    0x62, 0x00, 0xFF, 0x61, 0x00, 0xFF, 0x02, 0x09, 0xFF, 0x83, 0x11, 0xFF, 0xE4, 0x19, 0xFF, 0x63, 0x11, 0xFF,
    0x61, 0x00, 0xFF, 0x00, 0x00, 0xFF, 0x01, 0x00, 0xFF, 0x01, 0x00, 0xFF, 0x00, 0x00, 0xFF, 0x00, 0x00, 0xFF,
    0x00, 0x00, 0xFF, 0x20, 0x20, 0xFF, 0x21, 0x78, 0xFF, 0x21, 0xA0, 0xFF, 0x00, 0xA8, 0xFF, 0x00, 0xA0, 0xFF,
    0x00, 0xA0, 0xFF, 0x00, 0xA0, 0xFF, 0x00, 0xA8, 0xFF, 0x00, 0xA8, 0xFF, 0x00, 0xA0, 0xFF, 0x00, 0xA0, 0xFF,
    0x00, 0xA0, 0xFF, 0x00, 0xA0, 0xFF, 0x00, 0xA8, 0xFF, 0x00, 0xA8, 0xFF, 0x00, 0xA8, 0xFF, 0x00, 0xA8, 0xFF,
    0x00, 0xA8, 0xFF, 0x00, 0xA8, 0xFF, 0x00, 0xA8, 0xFF, 0x00, 0xA8, 0xFF, 0x00, 0xA8, 0xFF, 0x00, 0xA8, 0xFF,
    0x00, 0xA8, 0xFF, 0x00, 0xA8, 0xFF, 0x00, 0xA8, 0xFF, 0x00, 0xA8, 0xFF, 0x00, 0xA8, 0xFF, 0x00, 0xA8, 0xFF,
    0x00, 0xA8, 0xFF, 0x00, 0xA8, 0xFF, 0x00, 0xA8, 0xFF, 0x00, 0xA8, 0xFF, 0x00, 0xA8, 0xFF, 0x00, 0xA8, 0xFF,
    0x00, 0xA8, 0xFF, 0x00, 0xA8, 0xFF, 0x00, 0xA8, 0xFF, 0x00, 0xA8, 0xFF, 0x00, 0xA8, 0xFF, 0x00, 0xA8, 0xFF,
    0x00, 0xA8, 0xFF, 0x00, 0xA8, 0xFF, 0x00, 0xA8, 0xFF, 0x00, 0xA8, 0xFF, 0x00, 0xA8, 0xFF, 0x00, 0xA8, 0xFF,
    0x00, 0xA8, 0xFF, 0x00, 0xA8, 0xFF, 0x00, 0xA8, 0xFF, 0x00, 0xA8, 0xFF, 0x00, 0xA8, 0xFF, 0x00, 0xA8, 0xFF,
    0x00, 0xA8, 0xFF, 0x00, 0xA8, 0xFF, 0x00, 0xA8, 0xFF, 0x00, 0xA8, 0xFF, 0x00, 0xA8, 0xFF, 0x00, 0xA8, 0xFF,
    0x00, 0xA8, 0xFF, 0x00, 0xA8, 0xFF, 0x00, 0xA8, 0xFF, 0x00, 0xA8, 0xFF, 0x00, 0xA8, 0xFF, 0x00, 0xA8, 0xFF,
    0x00, 0xA8, 0xFF, 0x00, 0xA8, 0xFF, 0x00, 0xA8, 0xFF, 0x00, 0xA0, 0xFF, 0x00, 0xA0, 0xFF, 0x00, 0xA0, 0xFF,
    0x00, 0xA0, 0xFF, 0x00, 0xA0, 0xFF, 0x00, 0xA0, 0xFF, 0x00, 0xA0, 0xFF, 0x00, 0xA0, 0xFF, 0x00, 0xA0, 0xFF,
    0x00, 0xA8, 0xFF, 0x20, 0x90, 0xFF, 0x20, 0x48, 0xFF, 0x00, 0x08, 0xFF, 0x00, 0x00, 0xFF, 0x00, 0x00, 0xFF,
    0x00, 0x00, 0xFF, 0x00, 0x00, 0xFF, 0x00, 0x00, 0xFF, 0x20, 0x00, 0xFF, 0xE2, 0x10, 0xFF, 0x11, 0xA5, 0xFF,
    0x11, 0x9D, 0xFF, 0xA1, 0x11, 0xFF, 0x45, 0x33, 0xFF, 0x46, 0x3B, 0xFF, 0x44, 0x33, 0xFF, 0x49, 0x5C, 0xFF,
    0x05, 0x33, 0xFF, 0x85, 0x22, 0xFF, 0xA6, 0x22, 0xFF, 0x69, 0x33, 0xFF, 0xE7, 0x22, 0xFF, 0x45, 0x12, 0xFF,
    0x46, 0x22, 0xFF, 0xC5, 0x19, 0xFF, 0x02, 0x09, 0xFF, 0x02, 0x09, 0xFF, 0xE2, 0x08, 0xFF, 0xC2, 0x08, 0xFF,
    0xA2, 0x00, 0xFC, 0x82, 0x00, 0xE8, 0xA2, 0x00, 0xA4, 0x61, 0x00, 0x33, 0xC4, 0x19, 0x07, 0x25, 0x33, 0x00,
    0x84, 0x22, 0x00, 0x27, 0x33, 0x00, 0xE6, 0x22, 0x00, 0xE7, 0x2A, 0x00, 0x66, 0x22, 0x00, 0xA6, 0x22, 0x00,
    0x0C, 0x44, 0x00, 0xAA, 0x3B, 0x00, 0x03, 0x12, 0x00, 0x23, 0x1A, 0x00, 0xA5, 0x22, 0x00, 0xC5, 0x22, 0x00,
    0xE6, 0x22, 0x00, 0x26, 0x2B, 0x00, 0x06, 0x23, 0x00, 0x46, 0x2B, 0x00, 0x2A, 0x4C, 0x00, 0x89, 0x3B, 0x00,
    0xE6, 0x32, 0x00, 0xA6, 0x43, 0x00, 0xE5, 0x43, 0x00, 0xE4, 0x43, 0x00, 0x43, 0x33, 0x00, 0xA3, 0x3B, 0x00,
    0x02, 0x23, 0x00, 0x43, 0x2B, 0x00, 0xE2, 0x22, 0x00, 0x23, 0x2B, 0x00, 0x43, 0x2B, 0x00, 0xA5, 0x3B, 0x00,
    0xC6, 0x3B, 0x00, 0xC5, 0x3B, 0x00, 0x28, 0x4C, 0x00, 0xA5, 0x22, 0x00, 0x83, 0x11, 0x00, 0xA1, 0x00, 0x00,
    0xC3, 0x19, 0x00, 0x23, 0x22, 0x01, 0xA3, 0x11, 0x11, 0x82, 0x09, 0x4E, 0x85, 0x22, 0xAF, 0xA5, 0x22, 0xE9,
    0x83, 0x11, 0xFC, 0x2A, 0x33, 0xFF, 0xE5, 0x11, 0xFF, 0xC8, 0x32, 0xFF, 0x05, 0x12, 0xFF, 0xC8, 0x32, 0xFF,
    0xA4, 0x11, 0xFF, 0x05, 0x12, 0xFF, 0x83, 0x09, 0xFF, 0x22, 0x09, 0xFF, 0x23, 0x11, 0xFF, 0xE3, 0x08, 0xFF,
    0x61, 0x00, 0xFF, 0x81, 0x00, 0xFF, 0x22, 0x09, 0xFF, 0xA3, 0x11, 0xFF, 0x04, 0x1A, 0xFF, 0xE4, 0x19, 0xFF,
    0xC4, 0x19, 0xFF, 0xC1, 0x08, 0xFF, 0x00, 0x00, 0xFF, 0x00, 0x00, 0xFF, 0x00, 0x00, 0xFF, 0x00, 0x00, 0xFF,
    0x00, 0x00, 0xFF, 0x20, 0x00, 0xFF, 0x00, 0x08, 0xFF, 0x21, 0x48, 0xFF, 0x21, 0x90, 0xFF, 0x00, 0xA0, 0xFF,
    0x00, 0xA0, 0xFF, 0x00, 0xA0, 0xFF, 0x00, 0xA0, 0xFF, 0x00, 0xA0, 0xFF, 0x00, 0xA8, 0xFF, 0x00, 0xA0, 0xFF,
    0x00, 0xA0, 0xFF, 0x00, 0xA0, 0xFF, 0x00, 0xA0, 0xFF, 0x00, 0xA8, 0xFF, 0x00, 0xA8, 0xFF, 0x00, 0xA8, 0xFF,
    0x00, 0xA8, 0xFF, 0x00, 0xA8, 0xFF, 0x00, 0xA8, 0xFF, 0x00, 0xA8, 0xFF, 0x00, 0xA8, 0xFF, 0x00, 0xA8, 0xFF,
    0x00, 0xA8, 0xFF, 0x00, 0xA8, 0xFF, 0x00, 0xA8, 0xFF, 0x00, 0xA8, 0xFF, 0x00, 0xA8, 0xFF, 0x00, 0xA8, 0xFF,
    0x00, 0xA8, 0xFF, 0x00, 0xA8, 0xFF, 0x00, 0xA8, 0xFF, 0x00, 0xA8, 0xFF, 0x00, 0xA8, 0xFF, 0x00, 0xA8, 0xFF,
    0x00, 0xA8, 0xFF, 0x00, 0xA8, 0xFF, 0x00, 0xA8, 0xFF, 0x00, 0xA8, 0xFF, 0x00, 0xA8, 0xFF, 0x00, 0xA8, 0xFF,
    0x00, 0xA8, 0xFF, 0x00, 0xA8, 0xFF, 0x00, 0xA8, 0xFF, 0x00, 0xA8, 0xFF, 0x00, 0xA8, 0xFF, 0x00, 0xA8, 0xFF,
    0x00, 0xA8, 0xFF, 0x00, 0xA8, 0xFF, 0x00, 0xA8, 0xFF, 0x00, 0xA8, 0xFF, 0x00, 0xA8, 0xFF, 0x00, 0xA8, 0xFF,
    0x00, 0xA8, 0xFF, 0x00, 0xA8, 0xFF, 0x00, 0xA8, 0xFF, 0x00, 0xA8, 0xFF, 0x00, 0xA8, 0xFF, 0x00, 0xA8, 0xFF,
    0x00, 0xA8, 0xFF, 0x00, 0xA8, 0xFF, 0x00, 0xA8, 0xFF, 0x00, 0xA8, 0xFF, 0x00, 0xA8, 0xFF, 0x00, 0xA8, 0xFF,
    0x00, 0xA8, 0xFF, 0x00, 0xA0, 0xFF, 0x00, 0xA0, 0xFF, 0x00, 0xA0, 0xFF, 0x00, 0xA0, 0xFF, 0x00, 0xA0, 0xFF,
    0x00, 0xA0, 0xFF, 0x00, 0xA0, 0xFF, 0x00, 0xA0, 0xFF, 0x00, 0xA0, 0xFF, 0x00, 0xA0, 0xFF, 0x20, 0xA0, 0xFF,
    0x01, 0x70, 0xFF, 0x00, 0x20, 0xFF, 0x00, 0x00, 0xFF, 0x00, 0x00, 0xFF, 0x00, 0x00, 0xFF, 0x00, 0x00, 0xFF,
    0x00, 0x00, 0xFF, 0x00, 0x00, 0xFF, 0x20, 0x00, 0xFF, 0x43, 0x11, 0xFF, 0xC3, 0x19, 0xFF, 0x53, 0xAD, 0xFF,
    0xD4, 0xAD, 0xFF, 0xC2, 0x11, 0xFF, 0x63, 0x1A, 0xFF, 0xA6, 0x43, 0xFF, 0x46, 0x3B, 0xFF, 0xE4, 0x32, 0xFF,
    0x69, 0x64, 0xFF, 0x46, 0x33, 0xFF, 0x03, 0x0A, 0xFF, 0xE7, 0x22, 0xFF, 0xA9, 0x3B, 0xFF, 0xE7, 0x22, 0xFF,
    0x66, 0x1A, 0xFF, 0xC4, 0x11, 0xFF, 0x63, 0x11, 0xFF, 0x23, 0x09, 0xFF, 0xE2, 0x08, 0xFF, 0xC2, 0x08, 0xFC,
    0xC2, 0x08, 0xE9, 0xA2, 0x08, 0xAF, 0xA1, 0x00, 0x4E, 0x61, 0x00, 0x11, 0xE4, 0x21, 0x01, 0x65, 0x33, 0x00,
    0xE6, 0x32, 0x00, 0xE3, 0x11, 0x00, 0x86, 0x22, 0x00, 0x86, 0x22, 0x00, 0x49, 0x3B, 0x00, 0x8A, 0x3B, 0x00,
    0xEC, 0x4B, 0x00, 0x86, 0x22, 0x00, 0x85, 0x1A, 0x00, 0xC6, 0x22, 0x00, 0xE6, 0x22, 0x00, 0x27, 0x23, 0x00,
    0x47, 0x2B, 0x00, 0x26, 0x23, 0x00, 0xA8, 0x33, 0x00, 0x67, 0x2B, 0x00, 0x69, 0x33, 0x00, 0xA6, 0x22, 0x00,
    0xE2, 0x00, 0x00, 0x24, 0x22, 0x00, 0xE8, 0x4B, 0x00, 0xA5, 0x3B, 0x00, 0x06, 0x4C, 0x00, 0x63, 0x33, 0x00,
    0xA3, 0x3B, 0x00, 0x22, 0x2B, 0x00, 0x64, 0x33, 0x00, 0x43, 0x2B, 0x00, 0x23, 0x2B, 0x00, 0xC5, 0x3B, 0x00,
    0x06, 0x44, 0x00, 0x27, 0x4C, 0x00, 0x87, 0x3B, 0x00, 0x2C, 0x5C, 0x00, 0xE9, 0x42, 0x00, 0x61, 0x00, 0x00,
    0x02, 0x09, 0x00, 0x04, 0x1A, 0x00, 0x03, 0x1A, 0x03, 0xA2, 0x11, 0x15, 0xE2, 0x11, 0x50, 0xE5, 0x2A, 0xAF,
    0x82, 0x11, 0xE9, 0x84, 0x09, 0xFC, 0x43, 0x09, 0xFF, 0x84, 0x11, 0xFF, 0x63, 0x09, 0xFF, 0x23, 0x09, 0xFF,
    0x43, 0x11, 0xFF, 0x43, 0x09, 0xFF, 0xA4, 0x11, 0xFF, 0x63, 0x11, 0xFF, 0xE2, 0x08, 0xFF, 0x03, 0x11, 0xFF,
    0xA2, 0x08, 0xFF, 0xE2, 0x08, 0xFF, 0x63, 0x11, 0xFF, 0xC4, 0x19, 0xFF, 0xC5, 0x19, 0xFF, 0x63, 0x09, 0xFF,
    0x83, 0x11, 0xFF, 0x83, 0x11, 0xFF, 0x63, 0x19, 0xFF, 0x20, 0x00, 0xFF, 0x00, 0x00, 0xFF, 0x00, 0x00, 0xFF,
    0x00, 0x00, 0xFF, 0x00, 0x00, 0xFF, 0x00, 0x00, 0xFF, 0x00, 0x00, 0xFF, 0x00, 0x20, 0xFF, 0x41, 0x68, 0xFF,
    0x01, 0xA0, 0xFF, 0x00, 0xA8, 0xFF, 0x00, 0xA0, 0xFF, 0x00, 0x98, 0xFF, 0x00, 0xA0, 0xFF, 0x00, 0xA0, 0xFF,
    0x00, 0xA0, 0xFF, 0x00, 0xA0, 0xFF, 0x00, 0xA0, 0xFF, 0x00, 0xA0, 0xFF, 0x00, 0xA0, 0xFF, 0x00, 0xA0, 0xFF,
    0x00, 0xA8, 0xFF, 0x00, 0xA8, 0xFF, 0x00, 0xA8, 0xFF, 0x00, 0xA8, 0xFF, 0x00, 0xA8, 0xFF, 0x00, 0xA8, 0xFF,
    0x00, 0xA8, 0xFF, 0x00, 0xA8, 0xFF, 0x00, 0xA8, 0xFF, 0x00, 0xA8, 0xFF, 0x00, 0xA8, 0xFF, 0x00, 0xA8, 0xFF,
    0x00, 0xA8, 0xFF, 0x00, 0xA8, 0xFF, 0x00, 0xA8, 0xFF, 0x00, 0xA8, 0xFF, 0x00, 0xA8, 0xFF, 0x00, 0xA8, 0xFF,
    0x00, 0xA8, 0xFF, 0x00, 0xA8, 0xFF, 0x00, 0xA8, 0xFF, 0x00, 0xA8, 0xFF, 0x00, 0xA8, 0xFF, 0x00, 0xA8, 0xFF,
    0x00, 0xA8, 0xFF, 0x00, 0xA8, 0xFF, 0x00, 0xA8, 0xFF, 0x00, 0xA8, 0xFF, 0x00, 0xA8, 0xFF, 0x00, 0xA8, 0xFF,
    0x00, 0xA8, 0xFF, 0x00, 0xA8, 0xFF, 0x00, 0xA8, 0xFF, 0x00, 0xA8, 0xFF, 0x00, 0xA8, 0xFF, 0x00, 0xA8, 0xFF,
    0x00, 0xA8, 0xFF, 0x00, 0xA8, 0xFF, 0x00, 0xA8, 0xFF, 0x00, 0xA8, 0xFF, 0x00, 0xA8, 0xFF, 0x00, 0xA8, 0xFF,
    0x00, 0xA8, 0xFF, 0x00, 0xA8, 0xFF, 0x00, 0xA0, 0xFF, 0x00, 0xA0, 0xFF, 0x00, 0xA0, 0xFF, 0x00, 0xA0, 0xFF,
    0x00, 0xA0, 0xFF, 0x00, 0xA0, 0xFF, 0x00, 0xA0, 0xFF, 0x00, 0xA0, 0xFF, 0x00, 0xA0, 0xFF, 0x00, 0xA0, 0xFF,
    0x00, 0xA0, 0xFF, 0x00, 0xA0, 0xFF, 0x00, 0xA8, 0xFF, 0x20, 0xA0, 0xFF, 0x21, 0x88, 0xFF, 0x01, 0x48, 0xFF,
    0x00, 0x00, 0xFF, 0x00, 0x00, 0xFF, 0x00, 0x00, 0xFF, 0x00, 0x00, 0xFF, 0x00, 0x00, 0xFF, 0x00, 0x00, 0xFF,
    0x00, 0x00, 0xFF, 0xC1, 0x08, 0xFF, 0xE5, 0x21, 0xFF, 0x83, 0x09, 0xFF, 0xA2, 0x09, 0xFF, 0x33, 0x9D, 0xFF,
    0x2E, 0x74, 0xFF, 0x81, 0x09, 0xFF, 0x64, 0x22, 0xFF, 0xA3, 0x22, 0xFF, 0xE8, 0x4B, 0xFF, 0x45, 0x3B, 0xFF,
    0x45, 0x3B, 0xFF, 0xCB, 0x6C, 0xFF, 0x25, 0x33, 0xFF, 0xC5, 0x22, 0xFF, 0x6B, 0x4C, 0xFF, 0xA9, 0x3B, 0xFF,
    0x86, 0x22, 0xFF, 0xA3, 0x11, 0xFF, 0x42, 0x09, 0xFF, 0x22, 0x09, 0xFF, 0x02, 0x09, 0xFC, 0x02, 0x09, 0xE9,
    0xE2, 0x08, 0xAF, 0xE2, 0x08, 0x50, 0xA1, 0x00, 0x15, 0x61, 0x00, 0x03, 0x05, 0x22, 0x00, 0x27, 0x3B, 0x00,
    0xA3, 0x11, 0x00, 0xE5, 0x19, 0x00, 0xE4, 0x11, 0x00, 0x6A, 0x3B, 0x00, 0x08, 0x2B, 0x00, 0x89, 0x33, 0x00,
    0x29, 0x33, 0x00, 0x45, 0x1A, 0x00, 0xE6, 0x22, 0x00, 0x68, 0x33, 0x00, 0x27, 0x23, 0x00, 0xA9, 0x33, 0x00,
    0xC9, 0x33, 0x00, 0x88, 0x33, 0x00, 0x2A, 0x44, 0x00, 0x69, 0x3B, 0x00, 0x66, 0x1A, 0x00, 0x26, 0x1A, 0x00,
    0xE3, 0x08, 0x00, 0xE2, 0x00, 0x00, 0xA3, 0x11, 0x00, 0xA5, 0x2A, 0x00, 0x26, 0x3B, 0x00, 0xE6, 0x43, 0x00,
    0x05, 0x44, 0x00, 0x62, 0x2B, 0x00, 0xA3, 0x3B, 0x00, 0xA4, 0x33, 0x00, 0xE5, 0x3B, 0x00, 0x63, 0x2B, 0x00,
    0xE6, 0x43, 0x00, 0x67, 0x54, 0x00, 0xA8, 0x43, 0x00, 0x8B, 0x4B, 0x00, 0x4A, 0x53, 0x00, 0xA1, 0x00, 0x00,
    0x43, 0x09, 0x00, 0xC3, 0x11, 0x00, 0x24, 0x1A, 0x00, 0xC3, 0x11, 0x03, 0xA2, 0x11, 0x16, 0x63, 0x22, 0x50,
    0x06, 0x2B, 0xAF, 0xE2, 0x08, 0xE9, 0xC2, 0x08, 0xFC, 0xC2, 0x00, 0xFF, 0xC2, 0x08, 0xFF, 0x81, 0x00, 0xFF,
    0x82, 0x00, 0xFF, 0xA2, 0x08, 0xFF, 0x43, 0x09, 0xFF, 0xC4, 0x19, 0xFF, 0x83, 0x11, 0xFF, 0xA1, 0x00, 0xFF,
    0xA1, 0x00, 0xFF, 0x23, 0x11, 0xFF, 0x22, 0x09, 0xFF, 0xA1, 0x00, 0xFF, 0xE2, 0x08, 0xFF, 0x22, 0x09, 0xFF,
    0xE1, 0x00, 0xFF, 0x62, 0x09, 0xFF, 0x86, 0x22, 0xFF, 0x02, 0x09, 0xFF, 0x41, 0x08, 0xFF, 0x00, 0x00, 0xFF,
    0x00, 0x00, 0xFF, 0x00, 0x00, 0xFF, 0x00, 0x00, 0xFF, 0x00, 0x00, 0xFF, 0x00, 0x00, 0xFF, 0x00, 0x08, 0xFF,
    0x20, 0x38, 0xFF, 0x41, 0x78, 0xFF, 0x20, 0xA0, 0xFF, 0x00, 0xA8, 0xFF, 0x00, 0xA0, 0xFF, 0x00, 0xA0, 0xFF,
    0x00, 0xA8, 0xFF, 0x00, 0xA0, 0xFF, 0x00, 0xA0, 0xFF, 0x00, 0xA8, 0xFF, 0x00, 0xA0, 0xFF, 0x00, 0xA0, 0xFF,
    0x00, 0xA0, 0xFF, 0x00, 0xA0, 0xFF, 0x00, 0xA0, 0xFF, 0x00, 0xA0, 0xFF, 0x00, 0xA8, 0xFF, 0x00, 0xA8, 0xFF,
    0x00, 0xA8, 0xFF, 0x00, 0xA8, 0xFF, 0x00, 0xA8, 0xFF, 0x00, 0xA8, 0xFF, 0x00, 0xA8, 0xFF, 0x00, 0xA8, 0xFF,
    0x00, 0xA8, 0xFF, 0x00, 0xA8, 0xFF, 0x00, 0xA8, 0xFF, 0x00, 0xA8, 0xFF, 0x00, 0xA8, 0xFF, 0x00, 0xA8, 0xFF,
    0x00, 0xA8, 0xFF, 0x00, 0xA8, 0xFF, 0x00, 0xA8, 0xFF, 0x00, 0xA8, 0xFF, 0x00, 0xA8, 0xFF, 0x00, 0xA8, 0xFF,
    0x00, 0xA8, 0xFF, 0x00, 0xA8, 0xFF, 0x00, 0xA8, 0xFF, 0x00, 0xA8, 0xFF, 0x00, 0xA8, 0xFF, 0x00, 0xA8, 0xFF,
    0x00, 0xA8, 0xFF, 0x00, 0xA8, 0xFF, 0x00, 0xA8, 0xFF, 0x00, 0xA8, 0xFF, 0x00, 0xA8, 0xFF, 0x00, 0xA8, 0xFF,
    0x00, 0xA8, 0xFF, 0x00, 0xA8, 0xFF, 0x00, 0xA8, 0xFF, 0x00, 0xA8, 0xFF, 0x00, 0xA8, 0xFF, 0x00, 0xA8, 0xFF,
    0x00, 0xA8, 0xFF, 0x00, 0xA0, 0xFF, 0x00, 0xA0, 0xFF, 0x00, 0xA0, 0xFF, 0x00, 0xA0, 0xFF, 0x00, 0xA0, 0xFF,
    0x00, 0xA0, 0xFF, 0x00, 0xA0, 0xFF, 0x00, 0xA0, 0xFF, 0x00, 0xA0, 0xFF, 0x00, 0xA0, 0xFF, 0x00, 0xA0, 0xFF,
    0x00, 0xA0, 0xFF, 0x00, 0xA8, 0xFF, 0x21, 0x90, 0xFF, 0x40, 0x58, 0xFF, 0x20, 0x10, 0xFF, 0x00, 0x00, 0xFF,
    0x00, 0x00, 0xFF, 0x00, 0x00, 0xFF, 0x00, 0x00, 0xFF, 0x00, 0x00, 0xFF, 0x00, 0x00, 0xFF, 0x00, 0x00, 0xFF,
    0xE5, 0x21, 0xFF, 0x27, 0x33, 0xFF, 0xE7, 0x2A, 0xFF, 0x45, 0x1A, 0xFF, 0x62, 0x09, 0xFF, 0xB0, 0x84, 0xFF,
    0x28, 0x43, 0xFF, 0x02, 0x12, 0xFF, 0x23, 0x12, 0xFF, 0xC5, 0x1A, 0xFF, 0x25, 0x2B, 0xFF, 0x08, 0x4C, 0xFF,
    0xA3, 0x2A, 0xFF, 0x86, 0x43, 0xFF, 0x0A, 0x6D, 0xFF, 0xA7, 0x3B, 0xFF, 0xEB, 0x43, 0xFF, 0xC7, 0x2A, 0xFF,
    0xE4, 0x11, 0xFF, 0x84, 0x11, 0xFF, 0x23, 0x09, 0xFF, 0x43, 0x11, 0xFC, 0x43, 0x11, 0xE9, 0x63, 0x11, 0xAF,
    0x42, 0x11, 0x50, 0x22, 0x09, 0x16, 0xE2, 0x08, 0x03, 0x81, 0x00, 0x00, 0x64, 0x19, 0x00, 0x23, 0x11, 0x00,
    0x03, 0x09, 0x00, 0xE5, 0x21, 0x00, 0xC4, 0x11, 0x00, 0x86, 0x22, 0x00, 0xE7, 0x22, 0x00, 0xAA, 0x3B, 0x00,
    0x86, 0x1A, 0x00, 0x69, 0x3B, 0x00, 0x27, 0x23, 0x00, 0xA9, 0x3B, 0x00, 0xC9, 0x33, 0x00, 0x8C, 0x4C, 0x00,
    0xC9, 0x3B, 0x00, 0xC9, 0x3B, 0x00, 0x48, 0x33, 0x00, 0xE4, 0x11, 0x00, 0x06, 0x1A, 0x00, 0x47, 0x22, 0x00,
    0xE3, 0x08, 0x00, 0xE3, 0x08, 0x00, 0xE2, 0x08, 0x00, 0xE2, 0x00, 0x00, 0xA3, 0x11, 0x00, 0x06, 0x33, 0x00,
    0x85, 0x3B, 0x00, 0x47, 0x54, 0x00, 0xC5, 0x43, 0x00, 0x87, 0x54, 0x00, 0xE5, 0x3B, 0x00, 0xA4, 0x33, 0x00,
    0x05, 0x44, 0x00, 0xA9, 0x64, 0x00, 0x26, 0x33, 0x00, 0x49, 0x3B, 0x00, 0x66, 0x32, 0x00, 0xC2, 0x08, 0x00,
    0x43, 0x11, 0x00, 0x63, 0x11, 0x00, 0x04, 0x1A, 0x00, 0x44, 0x1A, 0x00, 0xC3, 0x11, 0x03, 0xC2, 0x11, 0x16,
    0x45, 0x33, 0x50, 0x24, 0x1A, 0xAF, 0xA2, 0x00, 0xE9, 0xE3, 0x08, 0xFC, 0xC2, 0x08, 0xFF, 0xC2, 0x08, 0xFF,
    0xA2, 0x00, 0xFF, 0x82, 0x00, 0xFF, 0x81, 0x00, 0xFF, 0x22, 0x09, 0xFF, 0xC5, 0x19, 0xFF, 0xA4, 0x11, 0xFF,
    0xA1, 0x00, 0xFF, 0x61, 0x00, 0xFF, 0x82, 0x00, 0xFF, 0x41, 0x00, 0xFF, 0xC2, 0x08, 0xFF, 0xC4, 0x19, 0xFF,
    0x83, 0x11, 0xFF, 0xC4, 0x19, 0xFF, 0x43, 0x09, 0xFF, 0xE2, 0x08, 0xFF, 0xA2, 0x08, 0xFF, 0x41, 0x08, 0xFF,
    0x00, 0x00, 0xFF, 0x00, 0x00, 0xFF, 0x00, 0x00, 0xFF, 0x00, 0x00, 0xFF, 0x00, 0x00, 0xFF, 0x00, 0x00, 0xFF,
    0x00, 0x00, 0xFF, 0x00, 0x10, 0xFF, 0x20, 0x48, 0xFF, 0x40, 0x80, 0xFF, 0x20, 0xA0, 0xFF, 0x00, 0xA8, 0xFF,
    0x00, 0xA0, 0xFF, 0x00, 0x98, 0xFF, 0x00, 0xA0, 0xFF, 0x00, 0xA0, 0xFF, 0x00, 0xA0, 0xFF, 0x00, 0xA0, 0xFF,
    0x00, 0xA0, 0xFF, 0x00, 0xA0, 0xFF, 0x00, 0xA0, 0xFF, 0x00, 0xA0, 0xFF, 0x00, 0xA0, 0xFF, 0x00, 0xA0, 0xFF,
    0x00, 0xA0, 0xFF, 0x00, 0xA0, 0xFF, 0x00, 0xA8, 0xFF, 0x00, 0xA8, 0xFF, 0x00, 0xA8, 0xFF, 0x00, 0xA8, 0xFF,
    0x00, 0xA8, 0xFF, 0x00, 0xA8, 0xFF, 0x00, 0xA8, 0xFF, 0x00, 0xA8, 0xFF, 0x00, 0xA8, 0xFF, 0x00, 0xA8, 0xFF,
    0x00, 0xA8, 0xFF, 0x00, 0xA8, 0xFF, 0x00, 0xA8, 0xFF, 0x00, 0xA8, 0xFF, 0x00, 0xA8, 0xFF, 0x00, 0xA8, 0xFF,
    0x00, 0xA8, 0xFF, 0x00, 0xA8, 0xFF, 0x00, 0xA8, 0xFF, 0x00, 0xA8, 0xFF, 0x00, 0xA8, 0xFF, 0x00, 0xA8, 0xFF,
    0x00, 0xA8, 0xFF, 0x00, 0xA8, 0xFF, 0x00, 0xA8, 0xFF, 0x00, 0xA8, 0xFF, 0x00, 0xA8, 0xFF, 0x00, 0xA8, 0xFF,
    0x00, 0xA8, 0xFF, 0x00, 0xA8, 0xFF, 0x00, 0xA8, 0xFF, 0x00, 0xA8, 0xFF, 0x00, 0xA8, 0xFF, 0x00, 0xA8, 0xFF,
    0x00, 0xA8, 0xFF, 0x00, 0xA0, 0xFF, 0x00, 0xA0, 0xFF, 0x00, 0xA0, 0xFF, 0x00, 0xA0, 0xFF, 0x00, 0xA0, 0xFF,
    0x00, 0xA0, 0xFF, 0x00, 0xA0, 0xFF, 0x00, 0xA0, 0xFF, 0x00, 0xA0, 0xFF, 0x00, 0xA0, 0xFF, 0x00, 0xA0, 0xFF,
    0x20, 0x98, 0xFF, 0x20, 0x68, 0xFF, 0x00, 0x28, 0xFF, 0x00, 0x00, 0xFF, 0x00, 0x00, 0xFF, 0x00, 0x00, 0xFF,
    0x00, 0x00, 0xFF, 0x00, 0x00, 0xFF, 0x00, 0x00, 0xFF, 0x00, 0x00, 0xFF, 0x81, 0x08, 0xFF, 0x82, 0x19, 0xFF,
    0x25, 0x2B, 0xFF, 0x4A, 0x44, 0xFF, 0xE6, 0x22, 0xFF, 0x04, 0x12, 0xFF, 0x22, 0x09, 0xFF, 0xA8, 0x3A, 0xFF,
    0x07, 0x33, 0xFF, 0xA5, 0x1A, 0xFF, 0x07, 0x2B, 0xFF, 0x47, 0x2B, 0xFF, 0x67, 0x33, 0xFF, 0xE8, 0x4B, 0xFF,
    0x07, 0x4C, 0xFF, 0x84, 0x2A, 0xFF, 0xA9, 0x64, 0xFF, 0x67, 0x3B, 0xFF, 0x63, 0x09, 0xFF, 0xC4, 0x19, 0xFF,
    0xA4, 0x11, 0xFF, 0x63, 0x09, 0xFF, 0xA4, 0x11, 0xFC, 0xC3, 0x11, 0xE9, 0xE4, 0x19, 0xAF, 0xC3, 0x11, 0x50,
    0xC3, 0x11, 0x16, 0x62, 0x09, 0x03, 0x43, 0x11, 0x00, 0xC2, 0x08, 0x00, 0xA2, 0x00, 0x00, 0xA2, 0x00, 0x00,
    0xA2, 0x08, 0x00, 0x02, 0x09, 0x00, 0xE5, 0x19, 0x00, 0x45, 0x1A, 0x00, 0xC6, 0x22, 0x00, 0x08, 0x2B, 0x00,
    0xC7, 0x22, 0x00, 0x0B, 0x4C, 0x00, 0x89, 0x3B, 0x00, 0xCE, 0x64, 0x00, 0x2B, 0x44, 0x00, 0x0B, 0x44, 0x00,
    0xE8, 0x2A, 0x00, 0xA4, 0x09, 0x00, 0x63, 0x09, 0x00, 0x05, 0x1A, 0x00, 0xA8, 0x22, 0x00, 0x09, 0x2B, 0x00,
    0xE3, 0x08, 0x00, 0xE3, 0x08, 0x00, 0x03, 0x09, 0x00, 0x03, 0x09, 0x00, 0x84, 0x19, 0x00, 0xE4, 0x11, 0x00,
    0x24, 0x1A, 0x00, 0xC6, 0x2A, 0x00, 0x8A, 0x64, 0x00, 0x87, 0x5C, 0x00, 0x88, 0x54, 0x00, 0x88, 0x54, 0x00,
    0xC5, 0x3B, 0x00, 0x68, 0x5C, 0x00, 0x2A, 0x64, 0x00, 0xEB, 0x5B, 0x00, 0x05, 0x2A, 0x00, 0xA2, 0x08, 0x00,
    0x23, 0x11, 0x00, 0x23, 0x11, 0x00, 0x02, 0x09, 0x00, 0xE3, 0x19, 0x00, 0x44, 0x1A, 0x00, 0xC1, 0x11, 0x03,
    0xC3, 0x22, 0x16, 0xA5, 0x2A, 0x50, 0xC2, 0x00, 0xAF, 0x03, 0x09, 0xE9, 0xE3, 0x08, 0xFC, 0xE3, 0x08, 0xFF,
    0xC2, 0x08, 0xFF, 0xA2, 0x00, 0xFF, 0xA2, 0x00, 0xFF, 0xA1, 0x00, 0xFF, 0xE2, 0x08, 0xFF, 0xC5, 0x19, 0xFF,
    0xC5, 0x19, 0xFF, 0xE2, 0x00, 0xFF, 0x40, 0x00, 0xFF, 0x42, 0x08, 0xFF, 0x41, 0x00, 0xFF, 0x02, 0x09, 0xFF,
    0xE5, 0x19, 0xFF, 0xC2, 0x00, 0xFF, 0x81, 0x00, 0xFF, 0x82, 0x00, 0xFF, 0x82, 0x08, 0xFF, 0xE2, 0x08, 0xFF,
    0xA2, 0x08, 0xFF, 0x40, 0x00, 0xFF, 0x00, 0x00, 0xFF, 0x00, 0x00, 0xFF, 0x00, 0x00, 0xFF, 0x00, 0x00, 0xFF,
    0x00, 0x00, 0xFF, 0x00, 0x00, 0xFF, 0x00, 0x00, 0xFF, 0x00, 0x18, 0xFF, 0x20, 0x48, 0xFF, 0x40, 0x80, 0xFF,
    0x21, 0xA0, 0xFF, 0x00, 0xA8, 0xFF, 0x00, 0xA0, 0xFF, 0x00, 0xA0, 0xFF, 0x00, 0xA0, 0xFF, 0x00, 0xA0, 0xFF,
    0x00, 0xA0, 0xFF, 0x00, 0xA0, 0xFF, 0x00, 0xA0, 0xFF, 0x00, 0xA0, 0xFF, 0x00, 0xA0, 0xFF, 0x00, 0xA0, 0xFF,
    0x00, 0xA0, 0xFF, 0x00, 0xA0, 0xFF, 0x00, 0xA0, 0xFF, 0x00, 0xA8, 0xFF, 0x00, 0xA8, 0xFF, 0x00, 0xA8, 0xFF,
    0x00, 0xA8, 0xFF, 0x00, 0xA8, 0xFF, 0x00, 0xA8, 0xFF, 0x00, 0xA8, 0xFF, 0x00, 0xA8, 0xFF, 0x00, 0xA8, 0xFF,
    0x00, 0xA8, 0xFF, 0x00, 0xA8, 0xFF, 0x00, 0xA8, 0xFF, 0x00, 0xA8, 0xFF, 0x00, 0xA8, 0xFF, 0x00, 0xA8, 0xFF,
    0x00, 0xA8, 0xFF, 0x00, 0xA8, 0xFF, 0x00, 0xA8, 0xFF, 0x00, 0xA8, 0xFF, 0x00, 0xA8, 0xFF, 0x00, 0xA8, 0xFF,
    0x00, 0xA8, 0xFF, 0x00, 0xA8, 0xFF, 0x00, 0xA8, 0xFF, 0x00, 0xA8, 0xFF, 0x00, 0xA8, 0xFF, 0x00, 0xA8, 0xFF,
    0x00, 0xA0, 0xFF, 0x00, 0xA0, 0xFF, 0x00, 0xA0, 0xFF, 0x00, 0xA0, 0xFF, 0x00, 0xA0, 0xFF, 0x00, 0xA0, 0xFF,
    0x00, 0xA0, 0xFF, 0x00, 0xA0, 0xFF, 0x00, 0xA0, 0xFF, 0x00, 0xA0, 0xFF, 0x00, 0xA0, 0xFF, 0x00, 0xA0, 0xFF,
    0x00, 0xA0, 0xFF, 0x00, 0xA0, 0xFF, 0x00, 0xA8, 0xFF, 0x20, 0xA0, 0xFF, 0x21, 0x98, 0xFF, 0x21, 0x68, 0xFF,
    0x00, 0x28, 0xFF, 0x00, 0x00, 0xFF, 0x00, 0x00, 0xFF, 0x00, 0x00, 0xFF, 0x00, 0x00, 0xFF, 0x00, 0x00, 0xFF,
    0x00, 0x00, 0xFF, 0x00, 0x00, 0xFF, 0x20, 0x00, 0xFF, 0xC2, 0x21, 0xFF, 0xA2, 0x22, 0xFF, 0xC2, 0x22, 0xFF,
    0x41, 0x1A, 0xFF, 0x86, 0x33, 0xFF, 0xC9, 0x43, 0xFF, 0xA2, 0x11, 0xFF, 0x81, 0x00, 0xFF, 0x02, 0x09, 0xFF,
    0xE5, 0x21, 0xFF, 0xC4, 0x11, 0xFF, 0x83, 0x11, 0xFF, 0x67, 0x2A, 0xFF, 0x05, 0x1A, 0xFF, 0xC2, 0x11, 0xFF,
    0xA7, 0x4B, 0xFF, 0x45, 0x43, 0xFF, 0x66, 0x43, 0xFF, 0xA6, 0x4B, 0xFF, 0x03, 0x09, 0xFF, 0xA4, 0x11, 0xFF,
    0x63, 0x09, 0xFF, 0x67, 0x2A, 0xFC, 0x46, 0x1A, 0xE9, 0x45, 0x1A, 0xAF, 0x24, 0x1A, 0x50, 0xE3, 0x11, 0x16,
    0x25, 0x22, 0x03, 0x83, 0x11, 0x00, 0x63, 0x11, 0x00, 0xE2, 0x08, 0x00, 0xA1, 0x00, 0x00, 0xA2, 0x00, 0x00,
    0xC2, 0x08, 0x00, 0xC1, 0x00, 0x00, 0x63, 0x09, 0x00, 0x24, 0x1A, 0x00, 0x85, 0x22, 0x00, 0xA6, 0x2A, 0x00,
    0x8A, 0x3B, 0x00, 0x0B, 0x4C, 0x00, 0xCB, 0x43, 0x00, 0x69, 0x3B, 0x00, 0xC8, 0x2A, 0x00, 0xE4, 0x11, 0x00,
    0x05, 0x1A, 0x00, 0x84, 0x11, 0x00, 0x84, 0x11, 0x00, 0xC5, 0x19, 0x00, 0x26, 0x1A, 0x00, 0x26, 0x1A, 0x00,
    0xE3, 0x08, 0x00, 0xE3, 0x08, 0x00, 0x03, 0x09, 0x00, 0x03, 0x09, 0x00, 0xA4, 0x11, 0x00, 0xE5, 0x19, 0x00,
    0x04, 0x12, 0x00, 0xC3, 0x11, 0x00, 0x65, 0x22, 0x00, 0xC4, 0x2A, 0x00, 0x49, 0x54, 0x00, 0x0B, 0x6D, 0x00,
    0xA9, 0x64, 0x00, 0x69, 0x64, 0x00, 0x6F, 0x95, 0x00, 0x4C, 0x6C, 0x00, 0x46, 0x32, 0x00, 0x03, 0x11, 0x00,
    0x81, 0x00, 0x00, 0x61, 0x00, 0x00, 0x61, 0x00, 0x00, 0xA1, 0x00, 0x00, 0x62, 0x11, 0x00, 0x24, 0x22, 0x00,
    0x25, 0x33, 0x03, 0xE3, 0x19, 0x16, 0xC2, 0x00, 0x50, 0xE3, 0x08, 0xAF, 0xE3, 0x08, 0xE9, 0x03, 0x09, 0xFC,
    0xE3, 0x08, 0xFF, 0xE3, 0x08, 0xFF, 0xA2, 0x00, 0xFF, 0x82, 0x08, 0xFF, 0x82, 0x08, 0xFF, 0xA1, 0x00, 0xFF,
    0x02, 0x09, 0xFF, 0x84, 0x11, 0xFF, 0xC2, 0x08, 0xFF, 0x41, 0x00, 0xFF, 0x62, 0x00, 0xFF, 0xA2, 0x00, 0xFF,
    0x02, 0x09, 0xFF, 0x61, 0x00, 0xFF, 0x81, 0x08, 0xFF, 0xA2, 0x08, 0xFF, 0xA2, 0x08, 0xFF, 0xE2, 0x00, 0xFF,
    0xE2, 0x08, 0xFF, 0x03, 0x11, 0xFF, 0x81, 0x08, 0xFF, 0x00, 0x00, 0xFF, 0x00, 0x00, 0xFF, 0x00, 0x00, 0xFF,
    0x00, 0x00, 0xFF, 0x00, 0x00, 0xFF, 0x00, 0x00, 0xFF, 0x00, 0x00, 0xFF, 0x00, 0x00, 0xFF, 0x00, 0x18, 0xFF,
    0x20, 0x40, 0xFF, 0x20, 0x78, 0xFF, 0x20, 0xA0, 0xFF, 0x00, 0xA8, 0xFF, 0x00, 0xA8, 0xFF, 0x00, 0xA0, 0xFF,
    0x00, 0xA0, 0xFF, 0x00, 0xA0, 0xFF, 0x00, 0xA0, 0xFF, 0x00, 0xA0, 0xFF, 0x00, 0xA0, 0xFF, 0x00, 0xA0, 0xFF,
    0x00, 0xA0, 0xFF, 0x00, 0xA0, 0xFF, 0x00, 0xA0, 0xFF, 0x00, 0xA0, 0xFF, 0x00, 0xA0, 0xFF, 0x00, 0xA0, 0xFF,
    0x00, 0xA0, 0xFF, 0x00, 0xA0, 0xFF, 0x00, 0xA0, 0xFF, 0x00, 0xA0, 0xFF, 0x00, 0xA0, 0xFF, 0x00, 0xA0, 0xFF,
    0x00, 0xA0, 0xFF, 0x00, 0xA0, 0xFF, 0x00, 0xA0, 0xFF, 0x00, 0xA0, 0xFF, 0x00, 0xA0, 0xFF, 0x00, 0xA0, 0xFF,
    0x00, 0xA0, 0xFF, 0x00, 0xA0, 0xFF, 0x00, 0xA0, 0xFF, 0x00, 0xA0, 0xFF, 0x00, 0xA0, 0xFF, 0x00, 0xA0, 0xFF,
    0x00, 0xA0, 0xFF, 0x00, 0xA0, 0xFF, 0x00, 0xA0, 0xFF, 0x00, 0xA0, 0xFF, 0x00, 0xA0, 0xFF, 0x00, 0xA0, 0xFF,
    0x00, 0xA0, 0xFF, 0x00, 0xA0, 0xFF, 0x00, 0xA0, 0xFF, 0x00, 0xA0, 0xFF, 0x00, 0xA0, 0xFF, 0x00, 0xA0, 0xFF,
    0x00, 0xA0, 0xFF, 0x00, 0xA0, 0xFF, 0x00, 0xA0, 0xFF, 0x00, 0xA0, 0xFF, 0x00, 0xA0, 0xFF, 0x00, 0xA0, 0xFF,
    0x00, 0xA0, 0xFF, 0x20, 0xA0, 0xFF, 0x21, 0x90, 0xFF, 0x21, 0x68, 0xFF, 0x00, 0x28, 0xFF, 0x00, 0x00, 0xFF,
    0x00, 0x00, 0xFF, 0x00, 0x00, 0xFF, 0x00, 0x00, 0xFF, 0x00, 0x00, 0xFF, 0x20, 0x00, 0xFF, 0x00, 0x00, 0xFF,
    0x00, 0x00, 0xFF, 0x60, 0x00, 0xFF, 0x02, 0x11, 0xFF, 0xE8, 0x53, 0xFF, 0x22, 0x2B, 0xFF, 0xE1, 0x22, 0xFF,
    0x81, 0x22, 0xFF, 0xA3, 0x22, 0xFF, 0x69, 0x4C, 0xFF, 0x67, 0x3B, 0xFF, 0x22, 0x09, 0xFF, 0xC1, 0x00, 0xFF,
    0xC1, 0x00, 0xFF, 0xE2, 0x08, 0xFF, 0xE2, 0x08, 0xFF, 0xC2, 0x08, 0xFF, 0xC2, 0x08, 0xFF, 0x81, 0x00, 0xFF,
    0x62, 0x19, 0xFF, 0x48, 0x64, 0xFF, 0x44, 0x43, 0xFF, 0x67, 0x64, 0xFF, 0xA3, 0x19, 0xFF, 0x84, 0x19, 0xFF,
    0x43, 0x11, 0xFC, 0xE5, 0x19, 0xE9, 0xA4, 0x11, 0xAF, 0x22, 0x09, 0x50, 0x02, 0x09, 0x16, 0x22, 0x09, 0x03,
    0x22, 0x09, 0x00, 0x22, 0x09, 0x00, 0x62, 0x09, 0x00, 0x42, 0x09, 0x00, 0xE2, 0x08, 0x00, 0x23, 0x11, 0x00,
    0x44, 0x11, 0x00, 0x02, 0x09, 0x00, 0x02, 0x09, 0x00, 0xE5, 0x19, 0x00, 0x45, 0x1A, 0x00, 0x45, 0x1A, 0x00,
    0xC7, 0x2A, 0x00, 0xC7, 0x22, 0x00, 0x86, 0x22, 0x00, 0xC4, 0x09, 0x00, 0x46, 0x1A, 0x00, 0x26, 0x1A, 0x00,
    0x67, 0x22, 0x00, 0x05, 0x1A, 0x00, 0xA7, 0x22, 0x00, 0x67, 0x1A, 0x00, 0x26, 0x1A, 0x00, 0x09, 0x33, 0x00,
    0xE3, 0x08, 0x00, 0xE3, 0x08, 0x00, 0x03, 0x09, 0x00, 0x64, 0x11, 0x00, 0xA4, 0x11, 0x00, 0x45, 0x1A, 0x00,
    0x45, 0x1A, 0x00, 0xC3, 0x11, 0x00, 0xA3, 0x11, 0x00, 0xC4, 0x11, 0x00, 0x03, 0x12, 0x00, 0x87, 0x43, 0x00,
    0xEF, 0x9D, 0x00, 0x4D, 0x8D, 0x00, 0xED, 0x8C, 0x00, 0x4B, 0x6C, 0x00, 0x66, 0x32, 0x00, 0xE2, 0x08, 0x00,
    0xA2, 0x00, 0x00, 0xA2, 0x00, 0x00, 0x62, 0x00, 0x00, 0x42, 0x00, 0x00, 0x41, 0x00, 0x00, 0xA1, 0x00, 0x00,
    0x65, 0x2A, 0x00, 0x62, 0x11, 0x03, 0xA2, 0x00, 0x16, 0x03, 0x09, 0x50, 0x23, 0x09, 0xAF, 0x03, 0x09, 0xE9,
    0x03, 0x09, 0xFC, 0xC3, 0x08, 0xFF, 0x82, 0x00, 0xFF, 0x81, 0x00, 0xFF, 0x61, 0x00, 0xFF, 0x61, 0x00, 0xFF,
    0x61, 0x00, 0xFF, 0xC2, 0x08, 0xFF, 0x23, 0x09, 0xFF, 0xE3, 0x08, 0xFF, 0xC3, 0x08, 0xFF, 0xA2, 0x08, 0xFF,
    0x82, 0x08, 0xFF, 0x82, 0x08, 0xFF, 0x81, 0x00, 0xFF, 0xC1, 0x00, 0xFF, 0xE2, 0x00, 0xFF, 0x63, 0x11, 0xFF,
    0xA4, 0x19, 0xFF, 0x43, 0x09, 0xFF, 0x64, 0x11, 0xFF, 0x84, 0x19, 0xFF, 0xA1, 0x08, 0xFF, 0x00, 0x00, 0xFF,
    0x00, 0x00, 0xFF, 0x00, 0x00, 0xFF, 0x00, 0x00, 0xFF, 0x00, 0x00, 0xFF, 0x00, 0x00, 0xFF, 0x00, 0x00, 0xFF,
    0x00, 0x00, 0xFF, 0x00, 0x08, 0xFF, 0x20, 0x38, 0xFF, 0x40, 0x68, 0xFF, 0x41, 0x88, 0xFF, 0x20, 0xA0, 0xFF,
    0x00, 0xA8, 0xFF, 0x00, 0xA0, 0xFF, 0x00, 0xA0, 0xFF, 0x00, 0xA0, 0xFF, 0x00, 0xA0, 0xFF, 0x00, 0xA0, 0xFF,
    0x00, 0xA0, 0xFF, 0x00, 0xA0, 0xFF, 0x00, 0xA0, 0xFF, 0x00, 0xA0, 0xFF, 0x00, 0xA0, 0xFF, 0x00, 0xA0, 0xFF,
    0x00, 0xA0, 0xFF, 0x00, 0xA0, 0xFF, 0x00, 0xA0, 0xFF, 0x00, 0xA0, 0xFF, 0x00, 0xA0, 0xFF, 0x00, 0xA0, 0xFF,
    0x00, 0xA0, 0xFF, 0x00, 0xA0, 0xFF, 0x00, 0xA0, 0xFF, 0x00, 0xA0, 0xFF, 0x00, 0xA0, 0xFF, 0x00, 0xA0, 0xFF,
    0x00, 0xA0, 0xFF, 0x00, 0xA0, 0xFF, 0x00, 0xA0, 0xFF, 0x00, 0xA0, 0xFF, 0x00, 0xA0, 0xFF, 0x00, 0xA0, 0xFF,
    0x00, 0xA0, 0xFF, 0x00, 0xA0, 0xFF, 0x00, 0xA0, 0xFF, 0x00, 0xA0, 0xFF, 0x00, 0xA0, 0xFF, 0x00, 0xA0, 0xFF,
    0x00, 0xA0, 0xFF, 0x00, 0xA0, 0xFF, 0x00, 0xA0, 0xFF, 0x00, 0xA0, 0xFF, 0x00, 0xA0, 0xFF, 0x00, 0xA0, 0xFF,
    0x00, 0xA0, 0xFF, 0x00, 0x98, 0xFF, 0x00, 0xA0, 0xFF, 0x00, 0xA0, 0xFF, 0x00, 0xA8, 0xFF, 0x20, 0x98, 0xFF,
    0x21, 0x80, 0xFF, 0x20, 0x58, 0xFF, 0x20, 0x18, 0xFF, 0x00, 0x00, 0xFF, 0x00, 0x00, 0xFF, 0x00, 0x00, 0xFF,
    0x00, 0x00, 0xFF, 0x00, 0x00, 0xFF, 0x00, 0x00, 0xFF, 0x00, 0x00, 0xFF, 0x00, 0x00, 0xFF, 0x41, 0x00, 0xFF,
    0x02, 0x11, 0xFF, 0x83, 0x11, 0xFF, 0x22, 0x09, 0xFF, 0x23, 0x22, 0xFF, 0xA6, 0x4B, 0xFF, 0x43, 0x3B, 0xFF,
    0xE2, 0x22, 0xFF, 0x41, 0x1A, 0xFF, 0x65, 0x33, 0xFF, 0x8A, 0x54, 0xFF, 0x47, 0x33, 0xFF, 0x42, 0x09, 0xFF,
    0x23, 0x09, 0xFF, 0x03, 0x11, 0xFF, 0x02, 0x09, 0xFF, 0x22, 0x09, 0xFF, 0x23, 0x11, 0xFF, 0x03, 0x09, 0xFF,
    0x81, 0x00, 0xFF, 0xE5, 0x42, 0xFF, 0x46, 0x5C, 0xFF, 0x85, 0x43, 0xFF, 0xC2, 0x19, 0xFF, 0x22, 0x09, 0xFC,
    0x22, 0x09, 0xE9, 0x02, 0x09, 0xAF, 0x02, 0x09, 0x50, 0x22, 0x11, 0x16, 0x82, 0x11, 0x03, 0xC3, 0x11, 0x00,
    0xA3, 0x11, 0x00, 0x62, 0x09, 0x00, 0x44, 0x22, 0x00, 0xA3, 0x11, 0x00, 0xC2, 0x08, 0x00, 0x02, 0x09, 0x00,
    0x02, 0x09, 0x00, 0x02, 0x09, 0x00, 0x03, 0x11, 0x00, 0x02, 0x09, 0x00, 0x63, 0x09, 0x00, 0x04, 0x1A, 0x00,
    0x45, 0x1A, 0x00, 0x45, 0x1A, 0x00, 0x87, 0x22, 0x00, 0x05, 0x12, 0x00, 0x87, 0x22, 0x00, 0x66, 0x1A, 0x00,
    0x87, 0x22, 0x00, 0x87, 0x1A, 0x00, 0x2A, 0x2B, 0x00, 0xC8, 0x22, 0x00, 0x06, 0x1A, 0x00, 0x84, 0x11, 0x00,
    0xE3, 0x08, 0x00, 0x03, 0x09, 0x00, 0x23, 0x09, 0x00, 0x43, 0x09, 0x00, 0xA4, 0x11, 0x00, 0x66, 0x22, 0x00,
    0x24, 0x1A, 0x00, 0xC3, 0x11, 0x00, 0xE4, 0x19, 0x00, 0x04, 0x1A, 0x00, 0xA3, 0x11, 0x00, 0x45, 0x22, 0x00,
    0x0E, 0x85, 0x00, 0x8F, 0x9D, 0x00, 0xAD, 0x84, 0x00, 0x0A, 0x64, 0x00, 0x87, 0x3A, 0x00, 0xA1, 0x00, 0x00,
    0xC2, 0x08, 0x00, 0xC3, 0x08, 0x00, 0xA2, 0x08, 0x00, 0x61, 0x00, 0x00, 0x62, 0x00, 0x00, 0x61, 0x00, 0x00,
    0xA2, 0x08, 0x00, 0xE2, 0x08, 0x00, 0xE3, 0x08, 0x03, 0x44, 0x11, 0x16, 0x43, 0x11, 0x50, 0x23, 0x11, 0xAF,
    0x23, 0x09, 0xE9, 0xC2, 0x08, 0xFC, 0x61, 0x00, 0xFF, 0x61, 0x00, 0xFF, 0x82, 0x00, 0xFF, 0xA2, 0x00, 0xFF,
    0x03, 0x11, 0xFF, 0x23, 0x11, 0xFF, 0x03, 0x09, 0xFF, 0x03, 0x09, 0xFF, 0x04, 0x09, 0xFF, 0xE3, 0x08, 0xFF,
    0xA2, 0x08, 0xFF, 0x03, 0x09, 0xFF, 0x63, 0x09, 0xFF, 0xE4, 0x11, 0xFF, 0x45, 0x22, 0xFF, 0x04, 0x1A, 0xFF,
    0x05, 0x1A, 0xFF, 0x45, 0x22, 0xFF, 0xC3, 0x11, 0xFF, 0x04, 0x1A, 0xFF, 0x46, 0x22, 0xFF, 0x43, 0x11, 0xFF,
    0x61, 0x08, 0xFF, 0x00, 0x00, 0xFF, 0x00, 0x00, 0xFF, 0x00, 0x00, 0xFF, 0x00, 0x00, 0xFF, 0x00, 0x00, 0xFF,
    0x00, 0x00, 0xFF, 0x00, 0x00, 0xFF, 0x00, 0x00, 0xFF, 0x00, 0x08, 0xFF, 0x20, 0x20, 0xFF, 0x20, 0x50, 0xFF,
    0x40, 0x78, 0xFF, 0x40, 0x90, 0xFF, 0x20, 0xA0, 0xFF, 0x00, 0xA8, 0xFF, 0x00, 0xA0, 0xFF, 0x00, 0xA0, 0xFF,
    0x00, 0xA0, 0xFF, 0x00, 0xA0, 0xFF, 0x00, 0xA0, 0xFF, 0x00, 0xA0, 0xFF, 0x00, 0xA0, 0xFF, 0x00, 0xA0, 0xFF,
    0x00, 0xA0, 0xFF, 0x00, 0xA0, 0xFF, 0x00, 0xA0, 0xFF, 0x00, 0xA0, 0xFF, 0x00, 0xA0, 0xFF, 0x00, 0xA0, 0xFF,
    0x00, 0xA0, 0xFF, 0x00, 0xA0, 0xFF, 0x00, 0xA0, 0xFF, 0x00, 0xA0, 0xFF, 0x00, 0xA0, 0xFF, 0x00, 0xA0, 0xFF,
    0x00, 0xA0, 0xFF, 0x00, 0xA0, 0xFF, 0x00, 0xA0, 0xFF, 0x00, 0xA0, 0xFF, 0x00, 0xA0, 0xFF, 0x00, 0xA0, 0xFF,
    0x00, 0xA0, 0xFF, 0x00, 0xA0, 0xFF, 0x00, 0xA0, 0xFF, 0x00, 0xA0, 0xFF, 0x00, 0xA0, 0xFF, 0x00, 0xA0, 0xFF,
    0x00, 0xA0, 0xFF, 0x00, 0xA0, 0xFF, 0x00, 0xA8, 0xFF, 0x00, 0xA0, 0xFF, 0x00, 0xA0, 0xFF, 0x00, 0xA0, 0xFF,
    0x00, 0xA0, 0xFF, 0x00, 0xA0, 0xFF, 0x20, 0xA0, 0xFF, 0x21, 0x88, 0xFF, 0x40, 0x60, 0xFF, 0x20, 0x38, 0xFF,
    0x00, 0x18, 0xFF, 0x00, 0x00, 0xFF, 0x00, 0x00, 0xFF, 0x00, 0x00, 0xFF, 0x00, 0x00, 0xFF, 0x00, 0x00, 0xFF,
    0x00, 0x00, 0xFF, 0x00, 0x00, 0xFF, 0x00, 0x00, 0xFF, 0x61, 0x00, 0xFF, 0x02, 0x11, 0xFF, 0xC3, 0x11, 0xFF,
    0x64, 0x22, 0xFF, 0x03, 0x1A, 0xFF, 0x83, 0x11, 0xFF, 0xA1, 0x00, 0xFF, 0xE3, 0x21, 0xFF, 0xA6, 0x43, 0xFF,
    0xE2, 0x2A, 0xFF, 0x82, 0x22, 0xFF, 0x41, 0x1A, 0xFF, 0x08, 0x4C, 0xFF, 0x8A, 0x54, 0xFF, 0xC6, 0x2A, 0xFF,
    0x22, 0x09, 0xFF, 0x43, 0x11, 0xFF, 0x42, 0x09, 0xFF, 0x42, 0x09, 0xFF, 0x63, 0x11, 0xFF, 0x63, 0x11, 0xFF,
    0x02, 0x09, 0xFF, 0xE1, 0x00, 0xFF, 0x04, 0x3B, 0xFF, 0xE6, 0x5B, 0xFF, 0xA2, 0x19, 0xFC, 0x22, 0x09, 0xE9,
    0xA3, 0x19, 0xAF, 0xC3, 0x19, 0x50, 0x83, 0x11, 0x16, 0x45, 0x22, 0x03, 0x65, 0x1A, 0x00, 0x24, 0x1A, 0x00,
    0x82, 0x09, 0x00, 0xE3, 0x11, 0x00, 0x65, 0x2A, 0x00, 0x22, 0x09, 0x00, 0xA2, 0x00, 0x00, 0xE2, 0x08, 0x00,
    0xE2, 0x08, 0x00, 0x02, 0x09, 0x00, 0xE2, 0x08, 0x00, 0xE2, 0x08, 0x00, 0xE2, 0x00, 0x00, 0x22, 0x09, 0x00,
    0x05, 0x1A, 0x00, 0x45, 0x1A, 0x00, 0xE8, 0x2A, 0x00, 0x25, 0x12, 0x00, 0xA8, 0x22, 0x00, 0xA8, 0x22, 0x00,
    0xA8, 0x22, 0x00, 0xE8, 0x22, 0x00, 0x6A, 0x33, 0x00, 0x29, 0x2B, 0x00, 0xE8, 0x2A, 0x00, 0x46, 0x1A, 0x00,
    0xC2, 0x08, 0x00, 0x03, 0x09, 0x00, 0x23, 0x09, 0x00, 0x23, 0x09, 0x00, 0xA4, 0x19, 0x00, 0x45, 0x1A, 0x00,
    0x04, 0x12, 0x00, 0x04, 0x1A, 0x00, 0xE4, 0x19, 0x00, 0xA4, 0x11, 0x00, 0x43, 0x09, 0x00, 0xC4, 0x21, 0x00,
    0x0C, 0x74, 0x00, 0xAE, 0x84, 0x00, 0x48, 0x53, 0x00, 0xA9, 0x53, 0x00, 0x2A, 0x53, 0x00, 0x82, 0x00, 0x00,
    0xA2, 0x08, 0x00, 0x82, 0x00, 0x00, 0x82, 0x00, 0x00, 0x61, 0x00, 0x00, 0x61, 0x00, 0x00, 0x61, 0x00, 0x00,
    0xC2, 0x08, 0x00, 0xC2, 0x00, 0x00, 0x44, 0x09, 0x00, 0x64, 0x11, 0x03, 0x24, 0x09, 0x16, 0x03, 0x09, 0x50,
    0xC2, 0x00, 0xAF, 0xA2, 0x00, 0xE9, 0xA2, 0x00, 0xFC, 0xA2, 0x00, 0xFF, 0xA2, 0x00, 0xFF, 0xA2, 0x08, 0xFF,
    0x82, 0x08, 0xFF, 0x82, 0x00, 0xFF, 0xA2, 0x08, 0xFF, 0x82, 0x08, 0xFF, 0x82, 0x08, 0xFF, 0x22, 0x09, 0xFF,
    0xE4, 0x11, 0xFF, 0x65, 0x1A, 0xFF, 0x66, 0x22, 0xFF, 0x25, 0x12, 0xFF, 0x45, 0x1A, 0xFF, 0x66, 0x22, 0xFF,
    0x04, 0x12, 0xFF, 0xC4, 0x11, 0xFF, 0xE4, 0x19, 0xFF, 0xA2, 0x09, 0xFF, 0xE4, 0x11, 0xFF, 0xC4, 0x19, 0xFF,
    0x63, 0x11, 0xFF, 0xC2, 0x08, 0xFF, 0x61, 0x00, 0xFF, 0x00, 0x00, 0xFF, 0x00, 0x00, 0xFF, 0x00, 0x00, 0xFF,
    0x00, 0x00, 0xFF, 0x00, 0x00, 0xFF, 0x00, 0x00, 0xFF, 0x00, 0x00, 0xFF, 0x00, 0x00, 0xFF, 0x00, 0x00, 0xFF,
    0x00, 0x08, 0xFF, 0x20, 0x28, 0xFF, 0x20, 0x50, 0xFF, 0x21, 0x70, 0xFF, 0x20, 0x90, 0xFF, 0x20, 0xA0, 0xFF,
    0x20, 0xA0, 0xFF, 0x00, 0xA8, 0xFF, 0x00, 0xA8, 0xFF, 0x00, 0xA0, 0xFF, 0x00, 0xA0, 0xFF, 0x00, 0x98, 0xFF,
    0x00, 0xA0, 0xFF, 0x00, 0xA0, 0xFF, 0x00, 0xA0, 0xFF, 0x00, 0xA0, 0xFF, 0x00, 0xA0, 0xFF, 0x00, 0xA0, 0xFF,
    0x00, 0xA0, 0xFF, 0x00, 0xA0, 0xFF, 0x00, 0xA0, 0xFF, 0x00, 0xA0, 0xFF, 0x00, 0xA0, 0xFF, 0x00, 0xA0, 0xFF,
    0x00, 0xA0, 0xFF, 0x00, 0xA0, 0xFF, 0x00, 0xA0, 0xFF, 0x00, 0xA0, 0xFF, 0x00, 0xA0, 0xFF, 0x00, 0xA0, 0xFF,
    0x00, 0xA0, 0xFF, 0x00, 0xA0, 0xFF, 0x00, 0xA0, 0xFF, 0x00, 0xA0, 0xFF, 0x00, 0xA0, 0xFF, 0x00, 0xA0, 0xFF,
    0x00, 0xA0, 0xFF, 0x00, 0xA0, 0xFF, 0x00, 0xA0, 0xFF, 0x00, 0xA0, 0xFF, 0x00, 0xA0, 0xFF, 0x21, 0x98, 0xFF,
    0x20, 0x80, 0xFF, 0x20, 0x68, 0xFF, 0x20, 0x40, 0xFF, 0x00, 0x18, 0xFF, 0x00, 0x00, 0xFF, 0x00, 0x00, 0xFF,
    0x00, 0x00, 0xFF, 0x00, 0x00, 0xFF, 0x00, 0x00, 0xFF, 0x00, 0x00, 0xFF, 0x00, 0x00, 0xFF, 0x00, 0x00, 0xFF,
    0x00, 0x00, 0xFF, 0x41, 0x08, 0xFF, 0x23, 0x11, 0xFF, 0x05, 0x1A, 0xFF, 0xA6, 0x22, 0xFF, 0x63, 0x1A, 0xFF,
    0xA5, 0x2A, 0xFF, 0xA3, 0x11, 0xFF, 0x63, 0x11, 0xFF, 0x23, 0x11, 0xFF, 0x60, 0x00, 0xFF, 0x04, 0x22, 0xFF,
    0x04, 0x33, 0xFF, 0xC2, 0x2A, 0xFF, 0x61, 0x1A, 0xFF, 0x24, 0x2B, 0xFF, 0xCB, 0x5C, 0xFF, 0x8B, 0x54, 0xFF,
    0x44, 0x22, 0xFF, 0x42, 0x09, 0xFF, 0x43, 0x11, 0xFF, 0x83, 0x11, 0xFF, 0xA3, 0x11, 0xFF, 0xA3, 0x11, 0xFF,
    0x63, 0x11, 0xFF, 0xE3, 0x08, 0xFF, 0xA1, 0x00, 0xFF, 0x48, 0x53, 0xFC, 0xE7, 0x4A, 0xE9, 0x81, 0x00, 0xAF,
    0x22, 0x09, 0x50, 0x25, 0x22, 0x16, 0x44, 0x1A, 0x03, 0xC6, 0x22, 0x00, 0x07, 0x2B, 0x00, 0xA2, 0x11, 0x00,
    0xC2, 0x11, 0x00, 0x64, 0x22, 0x00, 0x43, 0x09, 0x00, 0xA2, 0x00, 0x00, 0xC2, 0x08, 0x00, 0xE2, 0x08, 0x00,
    0x03, 0x09, 0x00, 0x23, 0x11, 0x00, 0x23, 0x11, 0x00, 0x44, 0x11, 0x00, 0x43, 0x11, 0x00, 0x03, 0x09, 0x00,
    0xA2, 0x08, 0x00, 0x81, 0x00, 0x00, 0xA5, 0x19, 0x00, 0x26, 0x1A, 0x00, 0x87, 0x22, 0x00, 0x29, 0x33, 0x00,
    0xC8, 0x22, 0x00, 0x29, 0x23, 0x00, 0x8A, 0x2B, 0x00, 0x4A, 0x2B, 0x00, 0x67, 0x1A, 0x00, 0x26, 0x1A, 0x00,
    0xC3, 0x08, 0x00, 0xE3, 0x08, 0x00, 0xE3, 0x08, 0x00, 0x03, 0x09, 0x00, 0x84, 0x11, 0x00, 0x45, 0x1A, 0x00,
    0x24, 0x1A, 0x00, 0x25, 0x1A, 0x00, 0xA4, 0x11, 0x00, 0x22, 0x09, 0x00, 0xE2, 0x00, 0x00, 0xA5, 0x21, 0x00,
    0x52, 0x9D, 0x00, 0x69, 0x53, 0x00, 0xC6, 0x32, 0x00, 0xAA, 0x53, 0x00, 0x23, 0x11, 0x00, 0x82, 0x08, 0x00,
    0x82, 0x08, 0x00, 0x82, 0x00, 0x00, 0x61, 0x00, 0x00, 0x61, 0x00, 0x00, 0x61, 0x00, 0x00, 0x81, 0x00, 0x00,
    0x02, 0x09, 0x00, 0x43, 0x11, 0x00, 0x64, 0x09, 0x00, 0x64, 0x11, 0x00, 0x85, 0x19, 0x03, 0xA5, 0x19, 0x16,
    0x43, 0x11, 0x50, 0xC3, 0x08, 0xAF, 0xC3, 0x08, 0xE9, 0x65, 0x19, 0xFC, 0x65, 0x21, 0xFF, 0x61, 0x00, 0xFF,
    0x81, 0x00, 0xFF, 0x81, 0x00, 0xFF, 0x82, 0x00, 0xFF, 0x61, 0x00, 0xFF, 0xA1, 0x00, 0xFF, 0xC4, 0x11, 0xFF,
    0xA6, 0x22, 0xFF, 0x65, 0x1A, 0xFF, 0x45, 0x1A, 0xFF, 0x66, 0x22, 0xFF, 0x65, 0x22, 0xFF, 0x24, 0x1A, 0xFF,
    0x45, 0x1A, 0xFF, 0xE4, 0x11, 0xFF, 0xA3, 0x11, 0xFF, 0xE4, 0x19, 0xFF, 0x83, 0x09, 0xFF, 0x63, 0x09, 0xFF,
    0x43, 0x09, 0xFF, 0x23, 0x09, 0xFF, 0x23, 0x11, 0xFF, 0xE2, 0x08, 0xFF, 0x61, 0x00, 0xFF, 0x00, 0x00, 0xFF,
    0x00, 0x00, 0xFF, 0x00, 0x00, 0xFF, 0x00, 0x00, 0xFF, 0x00, 0x00, 0xFF, 0x00, 0x00, 0xFF, 0x00, 0x00, 0xFF,
    0x00, 0x00, 0xFF, 0x00, 0x00, 0xFF, 0x00, 0x00, 0xFF, 0x00, 0x00, 0xFF, 0x00, 0x20, 0xFF, 0x20, 0x40, 0xFF,
    0x21, 0x60, 0xFF, 0x21, 0x78, 0xFF, 0x21, 0x90, 0xFF, 0x20, 0xA0, 0xFF, 0x20, 0xA0, 0xFF, 0x00, 0xA8, 0xFF,
    0x00, 0xA0, 0xFF, 0x00, 0xA0, 0xFF, 0x00, 0xA0, 0xFF, 0x00, 0xA0, 0xFF, 0x00, 0xA0, 0xFF, 0x00, 0xA0, 0xFF,
    0x00, 0xA0, 0xFF, 0x00, 0xA0, 0xFF, 0x00, 0xA0, 0xFF, 0x00, 0xA0, 0xFF, 0x00, 0xA0, 0xFF, 0x00, 0xA0, 0xFF,
    0x00, 0xA0, 0xFF, 0x00, 0xA0, 0xFF, 0x00, 0xA0, 0xFF, 0x00, 0xA0, 0xFF, 0x00, 0xA0, 0xFF, 0x00, 0xA0, 0xFF,
    0x00, 0xA0, 0xFF, 0x00, 0xA0, 0xFF, 0x00, 0xA8, 0xFF, 0x00, 0xA8, 0xFF, 0x00, 0xA8, 0xFF, 0x00, 0xA8, 0xFF,
    0x20, 0xA0, 0xFF, 0x20, 0x98, 0xFF, 0x21, 0x88, 0xFF, 0x20, 0x70, 0xFF, 0x20, 0x50, 0xFF, 0x20, 0x30, 0xFF,
    0x20, 0x10, 0xFF, 0x00, 0x00, 0xFF, 0x00, 0x00, 0xFF, 0x00, 0x00, 0xFF, 0x00, 0x00, 0xFF, 0x00, 0x00, 0xFF,
    0x00, 0x00, 0xFF, 0x00, 0x00, 0xFF, 0x00, 0x00, 0xFF, 0x00, 0x00, 0xFF, 0x00, 0x00, 0xFF, 0x40, 0x00, 0xFF,
    0x22, 0x11, 0xFF, 0xE8, 0x3A, 0xFF, 0x08, 0x33, 0xFF, 0x86, 0x1A, 0xFF, 0x84, 0x22, 0xFF, 0x05, 0x33, 0xFF,
    0x23, 0x1A, 0xFF, 0x22, 0x09, 0xFF, 0x42, 0x09, 0xFF, 0x23, 0x09, 0xFF, 0x62, 0x00, 0xFF, 0x61, 0x00, 0xFF,
    0x06, 0x3B, 0xFF, 0xA5, 0x43, 0xFF, 0xC2, 0x22, 0xFF, 0x62, 0x1A, 0xFF, 0x49, 0x54, 0xFF, 0x4E, 0x6D, 0xFF,
    0x0A, 0x4C, 0xFF, 0xE3, 0x11, 0xFF, 0xC3, 0x11, 0xFF, 0x04, 0x12, 0xFF, 0xE3, 0x11, 0xFF, 0x04, 0x1A, 0xFF,
    0xC3, 0x11, 0xFF, 0x22, 0x09, 0xFF, 0x82, 0x00, 0xFC, 0xE2, 0x10, 0xE9, 0x64, 0x21, 0xAF, 0xA2, 0x08, 0x50,
    0x02, 0x09, 0x16, 0xA3, 0x09, 0x03, 0x27, 0x33, 0x00, 0x48, 0x33, 0x00, 0x04, 0x1A, 0x00, 0x82, 0x11, 0x00,
    0x65, 0x22, 0x00, 0xC3, 0x19, 0x00, 0xE2, 0x00, 0x00, 0x23, 0x11, 0x00, 0x43, 0x11, 0x00, 0x64, 0x11, 0x00,
    0x64, 0x11, 0x00, 0x43, 0x11, 0x00, 0x43, 0x11, 0x00, 0x03, 0x09, 0x00, 0xC2, 0x00, 0x00, 0x82, 0x00, 0x00,
    0x62, 0x00, 0x00, 0x62, 0x00, 0x00, 0x82, 0x00, 0x00, 0x03, 0x09, 0x00, 0x83, 0x11, 0x00, 0x46, 0x22, 0x00,
    0x46, 0x1A, 0x00, 0x26, 0x1A, 0x00, 0x09, 0x33, 0x00, 0xC8, 0x22, 0x00, 0x26, 0x1A, 0x00, 0xE5, 0x11, 0x00,
    0x04, 0x11, 0x00, 0xE3, 0x08, 0x00, 0xA2, 0x00, 0x00, 0x82, 0x00, 0x00, 0x22, 0x09, 0x00, 0x45, 0x1A, 0x00,
    0x65, 0x1A, 0x00, 0xA4, 0x11, 0x00, 0xE2, 0x08, 0x00, 0x23, 0x09, 0x00, 0xE2, 0x00, 0x00, 0x47, 0x32, 0x00,
    0x2A, 0x4B, 0x00, 0x44, 0x2A, 0x00, 0x68, 0x43, 0x00, 0xC7, 0x3A, 0x00, 0x82, 0x00, 0x00, 0xE3, 0x08, 0x00,
    0xC2, 0x08, 0x00, 0x82, 0x00, 0x00, 0x82, 0x00, 0x00, 0x82, 0x00, 0x00, 0x82, 0x08, 0x00, 0xC2, 0x08, 0x00,
    0x84, 0x19, 0x00, 0x64, 0x19, 0x00, 0x23, 0x09, 0x00, 0x23, 0x09, 0x00, 0xE2, 0x00, 0x00, 0xC5, 0x21, 0x03,
    0xC5, 0x21, 0x16, 0xE2, 0x08, 0x50, 0x23, 0x11, 0xAF, 0x27, 0x2A, 0xE8, 0xC6, 0x21, 0xF8, 0xE2, 0x08, 0xFD,
    0xA2, 0x00, 0xFF, 0x81, 0x00, 0xFF, 0x61, 0x00, 0xFF, 0x23, 0x11, 0xFF, 0x66, 0x22, 0xFF, 0x86, 0x22, 0xFF,
    0x65, 0x1A, 0xFF, 0xE7, 0x22, 0xFF, 0xE7, 0x22, 0xFF, 0x45, 0x12, 0xFF, 0xA6, 0x22, 0xFF, 0xA6, 0x22, 0xFF,
    0x03, 0x0A, 0xFF, 0x24, 0x1A, 0xFF, 0xE4, 0x19, 0xFF, 0x83, 0x11, 0xFF, 0x83, 0x11, 0xFF, 0x43, 0x11, 0xFF,
    0x23, 0x09, 0xFF, 0x02, 0x09, 0xFF, 0x02, 0x09, 0xFF, 0x03, 0x09, 0xFF, 0xE2, 0x08, 0xFF, 0x83, 0x19, 0xFF,
    0x43, 0x19, 0xFF, 0x20, 0x00, 0xFF, 0x00, 0x00, 0xFF, 0x00, 0x00, 0xFF, 0x00, 0x00, 0xFF, 0x00, 0x00, 0xFF,
    0x00, 0x00, 0xFF, 0x00, 0x00, 0xFF, 0x00, 0x00, 0xFF, 0x00, 0x00, 0xFF, 0x00, 0x00, 0xFF, 0x00, 0x00, 0xFF,
    0x00, 0x00, 0xFF, 0x00, 0x08, 0xFF, 0x00, 0x18, 0xFF, 0x20, 0x30, 0xFF, 0x20, 0x50, 0xFF, 0x20, 0x68, 0xFF,
    0x20, 0x78, 0xFF, 0x40, 0x88, 0xFF, 0x20, 0x98, 0xFF, 0x00, 0xA0, 0xFF, 0x00, 0xA0, 0xFF, 0x00, 0xA0, 0xFF,
    0x00, 0xA8, 0xFF, 0x00, 0xA8, 0xFF, 0x00, 0xA0, 0xFF, 0x00, 0xA0, 0xFF, 0x00, 0xA0, 0xFF, 0x00, 0xA0, 0xFF,
    0x00, 0xA8, 0xFF, 0x00, 0xA8, 0xFF, 0x00, 0xA0, 0xFF, 0x00, 0xA0, 0xFF, 0x00, 0xA8, 0xFF, 0x00, 0xA0, 0xFF,
    0x20, 0xA0, 0xFF, 0x20, 0x98, 0xFF, 0x40, 0x88, 0xFF, 0x20, 0x80, 0xFF, 0x20, 0x70, 0xFF, 0x20, 0x58, 0xFF,
    0x20, 0x40, 0xFF, 0x00, 0x28, 0xFF, 0x00, 0x10, 0xFF, 0x00, 0x08, 0xFF, 0x00, 0x00, 0xFF, 0x00, 0x00, 0xFF,
    0x00, 0x00, 0xFF, 0x00, 0x00, 0xFF, 0x00, 0x00, 0xFF, 0x00, 0x00, 0xFF, 0x00, 0x00, 0xFF, 0x00, 0x00, 0xFF,
    0x00, 0x00, 0xFF, 0x00, 0x00, 0xFF, 0x00, 0x00, 0xFF, 0x81, 0x08, 0xFF, 0x02, 0x09, 0xFF, 0x25, 0x2A, 0xFF,
    0xC9, 0x53, 0xFF, 0xA5, 0x2A, 0xFF, 0xE3, 0x11, 0xFF, 0x84, 0x1A, 0xFF, 0x25, 0x33, 0xFF, 0xA4, 0x22, 0xFF,
    0x83, 0x09, 0xFF, 0x43, 0x11, 0xFF, 0x43, 0x09, 0xFF, 0x02, 0x09, 0xFF, 0x61, 0x00, 0xFF, 0x41, 0x00, 0xFF,
    0x22, 0x09, 0xFF, 0xE4, 0x2A, 0xFF, 0xE3, 0x22, 0xFF, 0xA2, 0x1A, 0xFF, 0x44, 0x33, 0xFF, 0x0C, 0x6D, 0xFF,
    0x2E, 0x6D, 0xFF, 0x68, 0x3B, 0xFF, 0xC2, 0x09, 0xFF, 0x24, 0x12, 0xFF, 0x65, 0x1A, 0xFF, 0x44, 0x1A, 0xFF,
    0x65, 0x22, 0xFD, 0xC4, 0x19, 0xF8, 0x03, 0x09, 0xE8, 0xC2, 0x08, 0xAF, 0x61, 0x00, 0x50, 0xA2, 0x00, 0x16,
    0xA4, 0x19, 0x03, 0xA2, 0x09, 0x00, 0xA6, 0x2A, 0x00, 0x85, 0x22, 0x00, 0x82, 0x09, 0x00, 0x25, 0x22, 0x00,
    0x63, 0x09, 0x00, 0xE2, 0x08, 0x00, 0xE2, 0x08, 0x00, 0xE2, 0x08, 0x00, 0x02, 0x09, 0x00, 0xE2, 0x08, 0x00,
    0xC2, 0x00, 0x00, 0xA2, 0x00, 0x00, 0x81, 0x00, 0x00, 0x61, 0x00, 0x00, 0x62, 0x00, 0x00, 0x62, 0x00, 0x00,
    0x82, 0x00, 0x00, 0x62, 0x00, 0x00, 0x62, 0x08, 0x00, 0x62, 0x00, 0x00, 0xC2, 0x08, 0x00, 0xA4, 0x19, 0x00,
    0x23, 0x09, 0x00, 0x60, 0x00, 0x00, 0x03, 0x09, 0x00, 0xC5, 0x19, 0x00, 0x26, 0x1A, 0x00, 0xE5, 0x11, 0x00,
    0xE3, 0x08, 0x00, 0xE3, 0x08, 0x00, 0x82, 0x00, 0x00, 0x62, 0x00, 0x00, 0xE2, 0x00, 0x00, 0x86, 0x22, 0x00,
    0x05, 0x1A, 0x00, 0x81, 0x00, 0x00, 0x81, 0x00, 0x00, 0xE2, 0x08, 0x00, 0x64, 0x11, 0x00, 0xC5, 0x21, 0x00,
    0xE4, 0x19, 0x00, 0x27, 0x3B, 0x00, 0x07, 0x3B, 0x00, 0x02, 0x09, 0x00, 0xA2, 0x00, 0x00, 0xC3, 0x08, 0x00,
    0xE3, 0x08, 0x00, 0xE3, 0x08, 0x00, 0xE3, 0x10, 0x00, 0x04, 0x11, 0x00, 0x04, 0x11, 0x00, 0xE3, 0x08, 0x00,
    0x23, 0x09, 0x00, 0x02, 0x09, 0x00, 0xE2, 0x08, 0x00, 0xC2, 0x00, 0x00, 0xC2, 0x08, 0x00, 0xA2, 0x00, 0x00,
    0x81, 0x00, 0x03, 0x23, 0x09, 0x16, 0x63, 0x11, 0x4E, 0x63, 0x11, 0xA4, 0xA4, 0x11, 0xCD, 0xA4, 0x11, 0xEE,
    0x63, 0x11, 0xFC, 0x23, 0x09, 0xFF, 0xC5, 0x19, 0xFF, 0xE7, 0x2A, 0xFF, 0xA7, 0x22, 0xFF, 0xA7, 0x22, 0xFF,
    0xE7, 0x2A, 0xFF, 0xA6, 0x22, 0xFF, 0x86, 0x1A, 0xFF, 0xE7, 0x2A, 0xFF, 0x65, 0x1A, 0xFF, 0x65, 0x1A, 0xFF,
    0xA6, 0x22, 0xFF, 0xE4, 0x11, 0xFF, 0xC4, 0x19, 0xFF, 0xA4, 0x19, 0xFF, 0x63, 0x11, 0xFF, 0x63, 0x11, 0xFF,
    0x22, 0x09, 0xFF, 0x02, 0x09, 0xFF, 0xE2, 0x08, 0xFF, 0xC2, 0x08, 0xFF, 0xC1, 0x00, 0xFF, 0x04, 0x1A, 0xFF,
    0xE8, 0x43, 0xFF, 0x43, 0x22, 0xFF, 0x83, 0x19, 0xFF, 0xC1, 0x08, 0xFF, 0x00, 0x00, 0xFF, 0x00, 0x00, 0xFF,
    0x00, 0x00, 0xFF, 0x00, 0x00, 0xFF, 0x00, 0x00, 0xFF, 0x00, 0x00, 0xFF, 0x00, 0x00, 0xFF, 0x00, 0x00, 0xFF,
    0x00, 0x00, 0xFF, 0x00, 0x00, 0xFF, 0x00, 0x00, 0xFF, 0x00, 0x00, 0xFF, 0x00, 0x00, 0xFF, 0x00, 0x00, 0xFF,
    0x00, 0x08, 0xFF, 0x00, 0x10, 0xFF, 0x00, 0x20, 0xFF, 0x20, 0x30, 0xFF, 0x20, 0x38, 0xFF, 0x20, 0x40, 0xFF,
    0x20, 0x50, 0xFF, 0x40, 0x58, 0xFF, 0x20, 0x60, 0xFF, 0x20, 0x60, 0xFF, 0x20, 0x60, 0xFF, 0x20, 0x60, 0xFF,
    0x21, 0x60, 0xFF, 0x21, 0x60, 0xFF, 0x20, 0x60, 0xFF, 0x20, 0x58, 0xFF, 0x20, 0x48, 0xFF, 0x00, 0x40, 0xFF,
    0x00, 0x38, 0xFF, 0x00, 0x28, 0xFF, 0x00, 0x18, 0xFF, 0x00, 0x10, 0xFF, 0x00, 0x00, 0xFF, 0x00, 0x00, 0xFF,
    0x00, 0x00, 0xFF, 0x00, 0x00, 0xFF, 0x00, 0x00, 0xFF, 0x00, 0x00, 0xFF, 0x00, 0x00, 0xFF, 0x00, 0x00, 0xFF,
    0x00, 0x00, 0xFF, 0x00, 0x00, 0xFF, 0x00, 0x00, 0xFF, 0x00, 0x00, 0xFF, 0x00, 0x00, 0xFF, 0x00, 0x00, 0xFF,
    0x20, 0x00, 0xFF, 0xA1, 0x08, 0xFF, 0xA4, 0x11, 0xFF, 0x66, 0x22, 0xFF, 0x27, 0x3B, 0xFF, 0x4B, 0x64, 0xFF,
    0x88, 0x4B, 0xFF, 0xC3, 0x11, 0xFF, 0x02, 0x12, 0xFF, 0x05, 0x33, 0xFF, 0xC5, 0x2A, 0xFF, 0xC3, 0x11, 0xFF,
    0x83, 0x09, 0xFF, 0x63, 0x09, 0xFF, 0x63, 0x11, 0xFF, 0x63, 0x11, 0xFF, 0xC2, 0x08, 0xFF, 0x61, 0x00, 0xFF,
    0x41, 0x00, 0xFF, 0xE3, 0x19, 0xFF, 0x44, 0x33, 0xFF, 0x02, 0x23, 0xFF, 0xE2, 0x22, 0xFF, 0x49, 0x54, 0xFF,
    0x8F, 0x7D, 0xFF, 0x4B, 0x54, 0xFF, 0x04, 0x1A, 0xFF, 0x85, 0x22, 0xFF, 0x65, 0x1A, 0xFF, 0xC6, 0x22, 0xFC,
    0xC6, 0x22, 0xEE, 0xC6, 0x2A, 0xCD, 0xC4, 0x11, 0xA4, 0xE2, 0x08, 0x4E, 0x82, 0x08, 0x16, 0x82, 0x00, 0x03,
    0x42, 0x09, 0x00, 0xA6, 0x2A, 0x00, 0x43, 0x1A, 0x00, 0xA2, 0x11, 0x00, 0x24, 0x1A, 0x00, 0x42, 0x09, 0x00,
    0xA2, 0x00, 0x00, 0xA2, 0x00, 0x00, 0x03, 0x09, 0x00, 0x84, 0x21, 0x00, 0xE2, 0x08, 0x00, 0xE3, 0x10, 0x00,
    0x62, 0x00, 0x00, 0x61, 0x00, 0x00, 0xA2, 0x00, 0x00, 0xA2, 0x00, 0x00, 0xA2, 0x00, 0x00, 0xA2, 0x00, 0x00,
    0xA2, 0x00, 0x00, 0x81, 0x00, 0x00, 0x61, 0x00, 0x00, 0x61, 0x00, 0x00, 0x60, 0x00, 0x00, 0xA1, 0x00, 0x00,
    0xA2, 0x00, 0x00, 0x61, 0x00, 0x00, 0x61, 0x00, 0x00, 0xC2, 0x08, 0x00, 0x43, 0x09, 0x00, 0x26, 0x1A, 0x00,
    0xE3, 0x08, 0x00, 0x03, 0x09, 0x00, 0xC2, 0x08, 0x00, 0x82, 0x00, 0x00, 0xC2, 0x00, 0x00, 0x25, 0x22, 0x00,
    0x02, 0x09, 0x00, 0x02, 0x09, 0x00, 0xC5, 0x19, 0x00, 0x67, 0x2A, 0x00, 0x4B, 0x4B, 0x00, 0x27, 0x2A, 0x00,
    0xE4, 0x21, 0x00, 0x28, 0x43, 0x00, 0xA3, 0x11, 0x00, 0xA1, 0x00, 0x00, 0xA2, 0x00, 0x00, 0x82, 0x00, 0x00,
    0x62, 0x00, 0x00, 0x82, 0x00, 0x00, 0x82, 0x00, 0x00, 0x82, 0x00, 0x00, 0x82, 0x00, 0x00, 0xE3, 0x08, 0x00,
    0x84, 0x11, 0x00, 0x02, 0x09, 0x00, 0x43, 0x11, 0x00, 0xE2, 0x08, 0x00, 0x61, 0x00, 0x00, 0x61, 0x00, 0x00,
    0x61, 0x00, 0x00, 0xE2, 0x08, 0x03, 0x84, 0x11, 0x11, 0x42, 0x09, 0x32, 0x43, 0x09, 0x5B, 0x63, 0x09, 0xB1,
    0x83, 0x11, 0xE9, 0xE5, 0x19, 0xFC, 0xC7, 0x2A, 0xFF, 0xE7, 0x2A, 0xFF, 0xA6, 0x22, 0xFF, 0xA7, 0x22, 0xFF,
    0xA7, 0x22, 0xFF, 0xA6, 0x22, 0xFF, 0x65, 0x1A, 0xFF, 0x45, 0x1A, 0xFF, 0x45, 0x1A, 0xFF, 0xE3, 0x11, 0xFF,
    0xE4, 0x11, 0xFF, 0xC4, 0x19, 0xFF, 0x42, 0x09, 0xFF, 0x83, 0x11, 0xFF, 0x43, 0x11, 0xFF, 0x43, 0x11, 0xFF,
    0x22, 0x09, 0xFF, 0x22, 0x09, 0xFF, 0x02, 0x09, 0xFF, 0xC2, 0x08, 0xFF, 0xE2, 0x08, 0xFF, 0x83, 0x11, 0xFF,
    0x86, 0x33, 0xFF, 0x07, 0x44, 0xFF, 0x28, 0x44, 0xFF, 0x04, 0x2B, 0xFF, 0xE2, 0x19, 0xFF, 0x42, 0x11, 0xFF,
    0x81, 0x08, 0xFF, 0x00, 0x00, 0xFF, 0x00, 0x00, 0xFF, 0x00, 0x00, 0xFF, 0x00, 0x00, 0xFF, 0x00, 0x00, 0xFF,
    0x00, 0x00, 0xFF, 0x00, 0x00, 0xFF, 0x00, 0x00, 0xFF, 0x00, 0x00, 0xFF, 0x00, 0x00, 0xFF, 0x00, 0x00, 0xFF,
    0x00, 0x00, 0xFF, 0x00, 0x00, 0xFF, 0x00, 0x00, 0xFF, 0x00, 0x00, 0xFF, 0x00, 0x00, 0xFF, 0x00, 0x00, 0xFF,
    0x00, 0x00, 0xFF, 0x00, 0x00, 0xFF, 0x00, 0x00, 0xFF, 0x00, 0x00, 0xFF, 0x00, 0x00, 0xFF, 0x00, 0x00, 0xFF,
    0x00, 0x00, 0xFF, 0x00, 0x00, 0xFF, 0x00, 0x00, 0xFF, 0x00, 0x00, 0xFF, 0x00, 0x00, 0xFF, 0x00, 0x00, 0xFF,
    0x00, 0x00, 0xFF, 0x00, 0x00, 0xFF, 0x00, 0x00, 0xFF, 0x00, 0x00, 0xFF, 0x00, 0x00, 0xFF, 0x00, 0x00, 0xFF,
    0x00, 0x00, 0xFF, 0x00, 0x00, 0xFF, 0x00, 0x00, 0xFF, 0x00, 0x00, 0xFF, 0x00, 0x00, 0xFF, 0x00, 0x00, 0xFF,
    0x00, 0x00, 0xFF, 0x00, 0x00, 0xFF, 0x00, 0x00, 0xFF, 0x20, 0x00, 0xFF, 0x40, 0x00, 0xFF, 0x84, 0x19, 0xFF,
    0x29, 0x3B, 0xFF, 0x04, 0x12, 0xFF, 0x48, 0x2B, 0xFF, 0x85, 0x1A, 0xFF, 0xC9, 0x4B, 0xFF, 0xAA, 0x6C, 0xFF,
    0x85, 0x2A, 0xFF, 0xE3, 0x11, 0xFF, 0x25, 0x33, 0xFF, 0x45, 0x3B, 0xFF, 0xE3, 0x11, 0xFF, 0xA4, 0x11, 0xFF,
    0xA4, 0x11, 0xFF, 0x83, 0x11, 0xFF, 0xA3, 0x11, 0xFF, 0x83, 0x11, 0xFF, 0x02, 0x09, 0xFF, 0x61, 0x00, 0xFF,
    0x82, 0x00, 0xFF, 0xE2, 0x08, 0xFF, 0xC5, 0x32, 0xFF, 0xC5, 0x43, 0xFF, 0x44, 0x2B, 0xFF, 0x44, 0x33, 0xFF,
    0xEC, 0x64, 0xFF, 0x0E, 0x6D, 0xFF, 0x85, 0x22, 0xFF, 0x24, 0x12, 0xFF, 0xC6, 0x22, 0xFC, 0xC6, 0x22, 0xE9,
    0x48, 0x2B, 0xB1, 0x06, 0x23, 0x5B, 0xC6, 0x22, 0x32, 0x22, 0x09, 0x11, 0xA2, 0x08, 0x03, 0xA2, 0x08, 0x00,
    0xA3, 0x00, 0x00, 0xC3, 0x11, 0x00, 0x05, 0x2B, 0x00, 0x85, 0x22, 0x00, 0x83, 0x11, 0x00, 0x81, 0x00, 0x00,
    0x82, 0x00, 0x00, 0x81, 0x00, 0x00, 0x23, 0x11, 0x00, 0x06, 0x2A, 0x00, 0x26, 0x32, 0x00, 0x85, 0x21, 0x00,
    0x68, 0x3A, 0x00, 0xE9, 0x3A, 0x00, 0xC3, 0x11, 0x00, 0x04, 0x1A, 0x00, 0xC3, 0x19, 0x00, 0xA3, 0x19, 0x00,
    0xA4, 0x19, 0x00, 0xC4, 0x19, 0x00, 0xA4, 0x19, 0x00, 0xA4, 0x19, 0x00, 0xA4, 0x19, 0x00, 0x63, 0x11, 0x00,
    0xA2, 0x00, 0x00, 0x41, 0x00, 0x00, 0x62, 0x08, 0x00, 0x62, 0x00, 0x00, 0x61, 0x00, 0x00, 0x23, 0x09, 0x00,
    0x23, 0x09, 0x00, 0x64, 0x11, 0x00, 0x03, 0x09, 0x00, 0x82, 0x00, 0x00, 0x82, 0x00, 0x00, 0x02, 0x09, 0x00,
    0x43, 0x09, 0x00, 0xA4, 0x11, 0x00, 0xE5, 0x19, 0x00, 0x84, 0x11, 0x00, 0xE2, 0x08, 0x00, 0x81, 0x00, 0x00,
    0xC1, 0x00, 0x00, 0x83, 0x11, 0x00, 0x22, 0x09, 0x00, 0x23, 0x09, 0x00, 0xE2, 0x08, 0x00, 0xA2, 0x00, 0x00,
    0x81, 0x00, 0x00, 0x82, 0x00, 0x00, 0x82, 0x00, 0x00, 0x82, 0x00, 0x00, 0x61, 0x00, 0x00, 0xE3, 0x08, 0x00,
    0xA4, 0x11, 0x00, 0x22, 0x09, 0x00, 0x43, 0x09, 0x00, 0x43, 0x11, 0x00, 0xA2, 0x08, 0x00, 0x81, 0x00, 0x00,
    0x82, 0x08, 0x00, 0xA2, 0x00, 0x00, 0xA4, 0x19, 0x02, 0x63, 0x09, 0x07, 0x22, 0x09, 0x17, 0x22, 0x09, 0x50,
    0x22, 0x11, 0xAF, 0x63, 0x11, 0xE8, 0x83, 0x11, 0xF8, 0x04, 0x12, 0xFD, 0x86, 0x22, 0xFF, 0xC7, 0x2A, 0xFF,
    0x28, 0x33, 0xFF, 0xC6, 0x22, 0xFF, 0xC6, 0x22, 0xFF, 0xC7, 0x2A, 0xFF, 0x24, 0x12, 0xFF, 0x86, 0x1A, 0xFF,
    0x45, 0x22, 0xFF, 0x82, 0x09, 0xFF, 0xC3, 0x11, 0xFF, 0x63, 0x09, 0xFF, 0x63, 0x11, 0xFF, 0x83, 0x11, 0xFF,
    0x83, 0x11, 0xFF, 0x43, 0x11, 0xFF, 0x23, 0x09, 0xFF, 0x23, 0x11, 0xFF, 0x03, 0x09, 0xFF, 0xE4, 0x21, 0xFF,
    0x08, 0x54, 0xFF, 0xA5, 0x33, 0xFF, 0x03, 0x23, 0xFF, 0x25, 0x2B, 0xFF, 0x25, 0x2B, 0xFF, 0x05, 0x2B, 0xFF,
    0x63, 0x22, 0xFF, 0x04, 0x22, 0xFF, 0xA4, 0x19, 0xFF, 0x81, 0x08, 0xFF, 0x20, 0x00, 0xFF, 0x00, 0x00, 0xFF,
    0x00, 0x00, 0xFF, 0x00, 0x00, 0xFF, 0x00, 0x00, 0xFF, 0x00, 0x00, 0xFF, 0x00, 0x00, 0xFF, 0x00, 0x00, 0xFF,
    0x00, 0x00, 0xFF, 0x20, 0x00, 0xFF, 0x00, 0x00, 0xFF, 0x00, 0x00, 0xFF, 0x00, 0x00, 0xFF, 0x00, 0x00, 0xFF,
    0x00, 0x00, 0xFF, 0x00, 0x00, 0xFF, 0x00, 0x00, 0xFF, 0x00, 0x00, 0xFF, 0x00, 0x00, 0xFF, 0x00, 0x00, 0xFF,
    0x00, 0x00, 0xFF, 0x00, 0x00, 0xFF, 0x00, 0x00, 0xFF, 0x00, 0x00, 0xFF, 0x00, 0x00, 0xFF, 0x00, 0x00, 0xFF,
    0x00, 0x00, 0xFF, 0x00, 0x00, 0xFF, 0x00, 0x00, 0xFF, 0x00, 0x00, 0xFF, 0x00, 0x00, 0xFF, 0x20, 0x00, 0xFF,
    0x00, 0x00, 0xFF, 0x00, 0x00, 0xFF, 0x00, 0x00, 0xFF, 0x00, 0x00, 0xFF, 0x00, 0x00, 0xFF, 0x20, 0x00, 0xFF,
    0x80, 0x00, 0xFF, 0xC1, 0x08, 0xFF, 0xC1, 0x00, 0xFF, 0xA4, 0x21, 0xFF, 0x43, 0x11, 0xFF, 0xC4, 0x11, 0xFF,
    0xC7, 0x22, 0xFF, 0xE7, 0x22, 0xFF, 0x69, 0x3B, 0xFF, 0x05, 0x2B, 0xFF, 0x49, 0x5C, 0xFF, 0xC8, 0x53, 0xFF,
    0xE3, 0x11, 0xFF, 0xC5, 0x2A, 0xFF, 0x05, 0x33, 0xFF, 0xC2, 0x11, 0xFF, 0xE3, 0x11, 0xFF, 0x25, 0x1A, 0xFF,
    0x04, 0x12, 0xFF, 0xA3, 0x11, 0xFF, 0xA3, 0x11, 0xFF, 0x04, 0x1A, 0xFF, 0x22, 0x09, 0xFF, 0x61, 0x00, 0xFF,
    0x82, 0x08, 0xFF, 0x43, 0x11, 0xFF, 0x82, 0x11, 0xFF, 0x25, 0x33, 0xFF, 0x26, 0x4C, 0xFF, 0x44, 0x33, 0xFF,
    0x69, 0x54, 0xFF, 0x6E, 0x75, 0xFF, 0xC9, 0x4B, 0xFD, 0x64, 0x1A, 0xF8, 0xA5, 0x1A, 0xE8, 0x07, 0x2B, 0xAF,
    0x06, 0x23, 0x50, 0x88, 0x33, 0x17, 0x06, 0x23, 0x07, 0x83, 0x11, 0x02, 0xA2, 0x08, 0x00, 0xC2, 0x08, 0x00,
    0xC3, 0x08, 0x00, 0xC1, 0x00, 0x00, 0x06, 0x33, 0x00, 0xE6, 0x2A, 0x00, 0xA1, 0x00, 0x00, 0x82, 0x00, 0x00,
    0xC2, 0x00, 0x00, 0xA5, 0x19, 0x00, 0xC5, 0x21, 0x00, 0x23, 0x11, 0x00, 0x47, 0x32, 0x00, 0x27, 0x32, 0x00,
    0x88, 0x3A, 0x00, 0x8A, 0x53, 0x00, 0x64, 0x22, 0x00, 0xC3, 0x09, 0x00, 0x03, 0x12, 0x00, 0xE3, 0x11, 0x00,
    0xE4, 0x19, 0x00, 0xE3, 0x11, 0x00, 0x04, 0x12, 0x00, 0x04, 0x1A, 0x00, 0x24, 0x1A, 0x00, 0x45, 0x22, 0x00,
    0x05, 0x1A, 0x00, 0xE2, 0x08, 0x00, 0x41, 0x00, 0x00, 0xC3, 0x08, 0x00, 0xA2, 0x00, 0x00, 0xA2, 0x00, 0x00,
    0x03, 0x09, 0x00, 0x23, 0x09, 0x00, 0xE2, 0x08, 0x00, 0xA1, 0x00, 0x00, 0x03, 0x09, 0x00, 0xA4, 0x19, 0x00,
    0xE5, 0x19, 0x00, 0xE5, 0x19, 0x00, 0x84, 0x11, 0x00, 0xA2, 0x00, 0x00, 0xC3, 0x08, 0x00, 0xE3, 0x08, 0x00,
    0x03, 0x09, 0x00, 0x02, 0x09, 0x00, 0x22, 0x09, 0x00, 0x22, 0x09, 0x00, 0x43, 0x09, 0x00, 0x43, 0x11, 0x00,
    0x22, 0x09, 0x00, 0xC1, 0x00, 0x00, 0x82, 0x00, 0x00, 0x82, 0x00, 0x00, 0x81, 0x00, 0x00, 0xC2, 0x08, 0x00,
    0xE5, 0x19, 0x00, 0x63, 0x09, 0x00, 0xE5, 0x19, 0x00, 0x84, 0x11, 0x00, 0xC2, 0x00, 0x00, 0x81, 0x00, 0x00,
    0x82, 0x08, 0x00, 0x81, 0x00, 0x00, 0x63, 0x09, 0x00, 0xE4, 0x19, 0x00, 0x63, 0x11, 0x03, 0x43, 0x09, 0x16,
    0x03, 0x09, 0x4E, 0x02, 0x09, 0xA4, 0x42, 0x09, 0xCD, 0x63, 0x11, 0xEE, 0xE4, 0x19, 0xFC, 0x65, 0x1A, 0xFF,
    0x85, 0x12, 0xFF, 0x07, 0x23, 0xFF, 0xE7, 0x2A, 0xFF, 0xA6, 0x22, 0xFF, 0x28, 0x2B, 0xFF, 0xC7, 0x22, 0xFF,
    0xE3, 0x09, 0xFF, 0x66, 0x22, 0xFF, 0x46, 0x22, 0xFF, 0xA3, 0x09, 0xFF, 0x05, 0x1A, 0xFF, 0x84, 0x11, 0xFF,
    0xC4, 0x19, 0xFF, 0x84, 0x19, 0xFF, 0x27, 0x32, 0xFF, 0x83, 0x11, 0xFF, 0x84, 0x19, 0xFF, 0x25, 0x2A, 0xFF,
    0x06, 0x43, 0xFF, 0x66, 0x3B, 0xFF, 0xC6, 0x3B, 0xFF, 0x24, 0x2B, 0xFF, 0xC3, 0x1A, 0xFF, 0xE4, 0x22, 0xFF,
    0x83, 0x1A, 0xFF, 0xA3, 0x1A, 0xFF, 0xA7, 0x33, 0xFF, 0x06, 0x23, 0xFF, 0x44, 0x1A, 0xFF, 0x04, 0x2A, 0xFF,
    0x24, 0x32, 0xFF, 0xA1, 0x08, 0xFF, 0x20, 0x00, 0xFF, 0x00, 0x00, 0xFF, 0x00, 0x00, 0xFF, 0x00, 0x00, 0xFF,
    0x00, 0x00, 0xFF, 0x00, 0x00, 0xFF, 0x00, 0x00, 0xFF, 0x00, 0x00, 0xFF, 0x00, 0x00, 0xFF, 0x00, 0x00, 0xFF,
    0x00, 0x00, 0xFF, 0x00, 0x00, 0xFF, 0x00, 0x00, 0xFF, 0x00, 0x00, 0xFF, 0x00, 0x00, 0xFF, 0x00, 0x00, 0xFF,
    0x00, 0x00, 0xFF, 0x00, 0x00, 0xFF, 0x00, 0x00, 0xFF, 0x00, 0x00, 0xFF, 0x00, 0x00, 0xFF, 0x00, 0x00, 0xFF,
    0x00, 0x00, 0xFF, 0x00, 0x00, 0xFF, 0x00, 0x00, 0xFF, 0x00, 0x00, 0xFF, 0x00, 0x00, 0xFF, 0x00, 0x00, 0xFF,
    0x00, 0x00, 0xFF, 0x00, 0x00, 0xFF, 0x40, 0x00, 0xFF, 0xA1, 0x08, 0xFF, 0xE1, 0x08, 0xFF, 0xE4, 0x19, 0xFF,
    0x49, 0x33, 0xFF, 0xA6, 0x22, 0xFF, 0xA3, 0x11, 0xFF, 0xC3, 0x11, 0xFF, 0xE4, 0x19, 0xFF, 0x62, 0x11, 0xFF,
    0x62, 0x09, 0xFF, 0xC7, 0x2A, 0xFF, 0x48, 0x2B, 0xFF, 0x08, 0x44, 0xFF, 0x08, 0x54, 0xFF, 0x44, 0x22, 0xFF,
    0x03, 0x1A, 0xFF, 0xA8, 0x43, 0xFF, 0x64, 0x1A, 0xFF, 0xE4, 0x19, 0xFF, 0xA3, 0x11, 0xFF, 0x24, 0x1A, 0xFF,
    0x65, 0x1A, 0xFF, 0x65, 0x1A, 0xFF, 0x25, 0x1A, 0xFF, 0xE3, 0x11, 0xFF, 0x01, 0x09, 0xFF, 0x61, 0x00, 0xFF,
    0x82, 0x00, 0xFF, 0x22, 0x09, 0xFF, 0xC4, 0x11, 0xFF, 0xA5, 0x2A, 0xFF, 0x28, 0x54, 0xFF, 0xA6, 0x43, 0xFF,
    0xE7, 0x43, 0xFF, 0xEB, 0x64, 0xFC, 0x29, 0x54, 0xEE, 0x85, 0x22, 0xCD, 0xE6, 0x2A, 0xA4, 0xC6, 0x22, 0x4E,
    0x07, 0x23, 0x16, 0x07, 0x23, 0x03, 0xC9, 0x3B, 0x00, 0x24, 0x1A, 0x00, 0xA1, 0x00, 0x00, 0xC2, 0x00, 0x00,
    0xE2, 0x08, 0x00, 0xC1, 0x00, 0x00, 0x83, 0x11, 0x00, 0xE3, 0x19, 0x00, 0xE2, 0x00, 0x00, 0xE3, 0x08, 0x00,
    0x03, 0x09, 0x00, 0x23, 0x11, 0x00, 0x24, 0x11, 0x00, 0xE3, 0x08, 0x00, 0xC2, 0x08, 0x00, 0x85, 0x21, 0x00,
    0x27, 0x32, 0x00, 0xA3, 0x19, 0x00, 0xCB, 0x5B, 0x00, 0xE7, 0x3A, 0x00, 0x04, 0x1A, 0x00, 0x24, 0x1A, 0x00,
    0x45, 0x1A, 0x00, 0x45, 0x1A, 0x00, 0x24, 0x1A, 0x00, 0x24, 0x1A, 0x00, 0x24, 0x1A, 0x00, 0x24, 0x1A, 0x00,
    0x44, 0x1A, 0x00, 0x45, 0x22, 0x00, 0xC3, 0x11, 0x00, 0xE2, 0x00, 0x00, 0xC2, 0x08, 0x00, 0x81, 0x00, 0x00,
    0x43, 0x11, 0x00, 0x43, 0x11, 0x00, 0x02, 0x09, 0x00, 0x63, 0x11, 0x00, 0xE4, 0x19, 0x00, 0xC5, 0x19, 0x00,
    0x23, 0x09, 0x00, 0xA2, 0x00, 0x00, 0x86, 0x21, 0x00, 0xC2, 0x08, 0x00, 0xE3, 0x08, 0x00, 0x03, 0x09, 0x00,
    0x23, 0x09, 0x00, 0x23, 0x09, 0x00, 0x22, 0x09, 0x00, 0x22, 0x09, 0x00, 0x22, 0x09, 0x00, 0x43, 0x09, 0x00,
    0xC3, 0x19, 0x00, 0x83, 0x11, 0x00, 0x61, 0x00, 0x00, 0x82, 0x00, 0x00, 0x81, 0x00, 0x00, 0xA2, 0x00, 0x00,
    0xE5, 0x19, 0x00, 0x46, 0x1A, 0x00, 0x67, 0x22, 0x00, 0xA4, 0x11, 0x00, 0xC1, 0x00, 0x00, 0xA2, 0x08, 0x00,
    0xA2, 0x08, 0x00, 0x82, 0x08, 0x00, 0xC2, 0x00, 0x00, 0x83, 0x09, 0x00, 0x05, 0x1A, 0x00, 0x83, 0x11, 0x03,
    0x23, 0x09, 0x11, 0x03, 0x09, 0x32, 0x02, 0x09, 0x5B, 0x02, 0x09, 0xB1, 0xA4, 0x19, 0xE9, 0x65, 0x22, 0xFC,
    0xC6, 0x22, 0xFF, 0x07, 0x2B, 0xFF, 0xE7, 0x22, 0xFF, 0x69, 0x33, 0xFF, 0xA6, 0x1A, 0xFF, 0x04, 0x12, 0xFF,
    0xA7, 0x2A, 0xFF, 0x65, 0x1A, 0xFF, 0xC4, 0x09, 0xFF, 0x66, 0x22, 0xFF, 0x83, 0x09, 0xFF, 0x06, 0x1A, 0xFF,
    0xC2, 0x09, 0xFF, 0x6A, 0x53, 0xFF, 0x08, 0x4B, 0xFF, 0x22, 0x22, 0xFF, 0xC3, 0x19, 0xFF, 0xA4, 0x21, 0xFF,
    0x85, 0x3A, 0xFF, 0x67, 0x4B, 0xFF, 0x45, 0x33, 0xFF, 0x04, 0x2B, 0xFF, 0xC7, 0x3B, 0xFF, 0x25, 0x2B, 0xFF,
    0x63, 0x1A, 0xFF, 0x05, 0x2B, 0xFF, 0x04, 0x23, 0xFF, 0x66, 0x33, 0xFF, 0xE5, 0x22, 0xFF, 0xC7, 0x43, 0xFF,
    0x89, 0x64, 0xFF, 0xA3, 0x19, 0xFF, 0x83, 0x19, 0xFF, 0x27, 0x43, 0xFF, 0x03, 0x22, 0xFF, 0x82, 0x19, 0xFF,
    0xA0, 0x08, 0xFF, 0xA0, 0x08, 0xFF, 0x60, 0x00, 0xFF, 0x40, 0x00, 0xFF, 0x00, 0x00, 0xFF, 0x00, 0x00, 0xFF,
    0x00, 0x00, 0xFF, 0x00, 0x00, 0xFF, 0x00, 0x00, 0xFF, 0x00, 0x00, 0xFF, 0x00, 0x00, 0xFF, 0x00, 0x00, 0xFF,
    0x00, 0x00, 0xFF, 0x00, 0x00, 0xFF, 0x00, 0x00, 0xFF, 0x00, 0x00, 0xFF, 0x00, 0x00, 0xFF, 0x00, 0x00, 0xFF,
    0x20, 0x00, 0xFF, 0x00, 0x00, 0xFF, 0x20, 0x00, 0xFF, 0x41, 0x00, 0xFF, 0xA1, 0x08, 0xFF, 0x05, 0x22, 0xFF,
    0xA3, 0x19, 0xFF, 0xC3, 0x19, 0xFF, 0x03, 0x22, 0xFF, 0xE2, 0x19, 0xFF, 0xE3, 0x19, 0xFF, 0x85, 0x22, 0xFF,
    0x89, 0x33, 0xFF, 0x28, 0x23, 0xFF, 0x04, 0x12, 0xFF, 0xA3, 0x09, 0xFF, 0x45, 0x1A, 0xFF, 0xA2, 0x11, 0xFF,
    0xC4, 0x19, 0xFF, 0x42, 0x09, 0xFF, 0x89, 0x43, 0xFF, 0x09, 0x4C, 0xFF, 0xE5, 0x2A, 0xFF, 0xA2, 0x09, 0xFF,
    0xE6, 0x2A, 0xFF, 0x84, 0x22, 0xFF, 0x04, 0x1A, 0xFF, 0x04, 0x1A, 0xFF, 0xA3, 0x11, 0xFF, 0xE3, 0x11, 0xFF,
    0x65, 0x22, 0xFF, 0x65, 0x1A, 0xFF, 0x65, 0x1A, 0xFF, 0x25, 0x1A, 0xFF, 0xE2, 0x08, 0xFF, 0x61, 0x00, 0xFF,
    0x62, 0x00, 0xFF, 0x43, 0x11, 0xFF, 0x25, 0x1A, 0xFF, 0xA2, 0x01, 0xFF, 0x07, 0x33, 0xFF, 0x6A, 0x5C, 0xFF,
    0xA6, 0x3B, 0xFC, 0x08, 0x44, 0xE9, 0x8B, 0x5C, 0xB1, 0x64, 0x1A, 0x5B, 0xC5, 0x22, 0x32, 0xE6, 0x22, 0x11,
    0x07, 0x23, 0x03, 0x89, 0x33, 0x00, 0x87, 0x2B, 0x00, 0x27, 0x33, 0x00, 0x42, 0x09, 0x00, 0xE2, 0x08, 0x00,
    0xC2, 0x08, 0x00, 0x23, 0x09, 0x00, 0x42, 0x09, 0x00, 0xC4, 0x19, 0x00, 0x25, 0x22, 0x00, 0xC2, 0x08, 0x00,
    0x41, 0x00, 0x00, 0x61, 0x00, 0x00, 0x81, 0x00, 0x00, 0x81, 0x00, 0x00, 0x61, 0x00, 0x00, 0xC2, 0x08, 0x00,
    0x07, 0x22, 0x00, 0xA4, 0x11, 0x00, 0x4C, 0x6C, 0x00, 0xAE, 0x84, 0x00, 0xA6, 0x32, 0x00, 0x04, 0x1A, 0x00,
    0xE3, 0x11, 0x00, 0xC3, 0x11, 0x00, 0xE3, 0x11, 0x00, 0x24, 0x1A, 0x00, 0x24, 0x1A, 0x00, 0x24, 0x1A, 0x00,
    0x44, 0x1A, 0x00, 0x65, 0x22, 0x00, 0x07, 0x2B, 0x00, 0x46, 0x2A, 0x00, 0xA2, 0x08, 0x00, 0x61, 0x00, 0x00,
    0x03, 0x09, 0x00, 0x23, 0x09, 0x00, 0x64, 0x11, 0x00, 0xA4, 0x19, 0x00, 0xA3, 0x19, 0x00, 0x02, 0x09, 0x00,
    0x81, 0x00, 0x00, 0x82, 0x00, 0x00, 0x81, 0x00, 0x00, 0xA1, 0x00, 0x00, 0x81, 0x00, 0x00, 0xC2, 0x08, 0x00,
    0x03, 0x09, 0x00, 0x43, 0x11, 0x00, 0x42, 0x09, 0x00, 0x42, 0x09, 0x00, 0x22, 0x09, 0x00, 0x22, 0x11, 0x00,
    0x83, 0x11, 0x00, 0x04, 0x22, 0x00, 0xA2, 0x00, 0x00, 0x82, 0x00, 0x00, 0xA2, 0x00, 0x00, 0xA2, 0x00, 0x00,
    0x44, 0x11, 0x00, 0xA5, 0x19, 0x00, 0x64, 0x11, 0x00, 0x02, 0x09, 0x00, 0xA2, 0x08, 0x00, 0xC2, 0x08, 0x00,
    0xA2, 0x08, 0x00, 0xA2, 0x08, 0x00, 0xA1, 0x00, 0x00, 0xC1, 0x00, 0x00, 0xC4, 0x19, 0x00, 0x05, 0x1A, 0x00,
    0x63, 0x09, 0x02, 0x23, 0x09, 0x07, 0x03, 0x09, 0x17, 0xE2, 0x08, 0x50, 0x02, 0x09, 0xAF, 0xC4, 0x11, 0xE8,
    0x65, 0x1A, 0xF8, 0xE7, 0x2A, 0xFD, 0x28, 0x33, 0xFF, 0x24, 0x12, 0xFF, 0xA6, 0x22, 0xFF, 0x8A, 0x3B, 0xFF,
    0x04, 0x1A, 0xFF, 0xE4, 0x09, 0xFF, 0x28, 0x33, 0xFF, 0xC4, 0x11, 0xFF, 0xE5, 0x11, 0xFF, 0x85, 0x22, 0xFF,
    0x45, 0x33, 0xFF, 0x83, 0x22, 0xFF, 0xC1, 0x11, 0xFF, 0x82, 0x1A, 0xFF, 0xE3, 0x19, 0xFF, 0x67, 0x32, 0xFF,
    0x05, 0x43, 0xFF, 0xC6, 0x42, 0xFF, 0xE7, 0x42, 0xFF, 0xE8, 0x53, 0xFF, 0x04, 0x2B, 0xFF, 0x45, 0x33, 0xFF,
    0x83, 0x1A, 0xFF, 0xE4, 0x22, 0xFF, 0x45, 0x2B, 0xFF, 0x25, 0x2B, 0xFF, 0x26, 0x2B, 0xFF, 0x67, 0x33, 0xFF,
    0xA4, 0x22, 0xFF, 0xA1, 0x00, 0xFF, 0x23, 0x09, 0xFF, 0x28, 0x4C, 0xFF, 0x44, 0x4C, 0xFF, 0x64, 0x3B, 0xFF,
    0x82, 0x22, 0xFF, 0xA2, 0x2A, 0xFF, 0x66, 0x4B, 0xFF, 0x25, 0x22, 0xFF, 0x67, 0x2A, 0xFF, 0xA4, 0x11, 0xFF,
    0xE4, 0x19, 0xFF, 0x82, 0x11, 0xFF, 0x83, 0x19, 0xFF, 0x42, 0x11, 0xFF, 0x63, 0x11, 0xFF, 0x22, 0x09, 0xFF,
    0x43, 0x11, 0xFF, 0xA4, 0x19, 0xFF, 0x06, 0x22, 0xFF, 0xA2, 0x08, 0xFF, 0x61, 0x00, 0xFF, 0x81, 0x00, 0xFF,
    0xA2, 0x08, 0xFF, 0xA2, 0x08, 0xFF, 0x82, 0x08, 0xFF, 0xC2, 0x00, 0xFF, 0x22, 0x09, 0xFF, 0x07, 0x33, 0xFF,
    0xC4, 0x22, 0xFF, 0x83, 0x1A, 0xFF, 0x22, 0x1A, 0xFF, 0x23, 0x1A, 0xFF, 0xC2, 0x11, 0xFF, 0x64, 0x22, 0xFF,
    0xCA, 0x43, 0xFF, 0x27, 0x23, 0xFF, 0x45, 0x1A, 0xFF, 0x62, 0x09, 0xFF, 0x86, 0x22, 0xFF, 0x03, 0x1A, 0xFF,
    0xE4, 0x19, 0xFF, 0xE2, 0x08, 0xFF, 0xE4, 0x19, 0xFF, 0x85, 0x22, 0xFF, 0xE7, 0x2A, 0xFF, 0xA7, 0x22, 0xFF,
    0x68, 0x33, 0xFF, 0x03, 0x0A, 0xFF, 0x85, 0x22, 0xFF, 0x24, 0x1A, 0xFF, 0x85, 0x22, 0xFF, 0x03, 0x12, 0xFF,
    0x45, 0x1A, 0xFF, 0xC6, 0x22, 0xFF, 0xE7, 0x2A, 0xFF, 0x25, 0x1A, 0xFF, 0xA1, 0x00, 0xFF, 0x61, 0x00, 0xFF,
    0x82, 0x00, 0xFF, 0x02, 0x09, 0xFF, 0x83, 0x09, 0xFF, 0xA6, 0x22, 0xFF, 0x65, 0x22, 0xFD, 0xC8, 0x43, 0xF8,
    0x6A, 0x54, 0xE8, 0xA7, 0x3B, 0xAF, 0x09, 0x4C, 0x50, 0xC5, 0x22, 0x17, 0xC5, 0x22, 0x07, 0x07, 0x2B, 0x02,
    0x68, 0x33, 0x00, 0x89, 0x33, 0x00, 0x2A, 0x44, 0x00, 0x64, 0x1A, 0x00, 0x82, 0x09, 0x00, 0xC4, 0x19, 0x00,
    0x83, 0x11, 0x00, 0x22, 0x09, 0x00, 0x63, 0x11, 0x00, 0xC3, 0x11, 0x00, 0x04, 0x1A, 0x00, 0x22, 0x09, 0x00,
    0x82, 0x00, 0x00, 0xA2, 0x08, 0x00, 0xA2, 0x08, 0x00, 0xA2, 0x08, 0x00, 0xA2, 0x08, 0x00, 0x61, 0x00, 0x00,
    0xA5, 0x19, 0x00, 0xE8, 0x32, 0x00, 0xAA, 0x53, 0x00, 0xCF, 0x8C, 0x00, 0x8E, 0x7C, 0x00, 0x49, 0x4B, 0x00,
    0x48, 0x3B, 0x00, 0x48, 0x3B, 0x00, 0xC6, 0x2A, 0x00, 0xE3, 0x11, 0x00, 0x24, 0x1A, 0x00, 0x04, 0x1A, 0x00,
    0xE4, 0x19, 0x00, 0x83, 0x11, 0x00, 0x01, 0x01, 0x00, 0xE2, 0x08, 0x00, 0xA2, 0x08, 0x00, 0x82, 0x08, 0x00,
    0x43, 0x11, 0x00, 0x02, 0x09, 0x00, 0xE2, 0x00, 0x00, 0x02, 0x09, 0x00, 0x43, 0x11, 0x00, 0xE2, 0x00, 0x00,
    0x03, 0x09, 0x00, 0x23, 0x11, 0x00, 0x03, 0x09, 0x00, 0x23, 0x11, 0x00, 0x03, 0x09, 0x00, 0xC2, 0x00, 0x00,
    0xE2, 0x08, 0x00, 0x23, 0x09, 0x00, 0x43, 0x11, 0x00, 0x63, 0x11, 0x00, 0x42, 0x09, 0x00, 0x63, 0x11, 0x00,
    0xA3, 0x11, 0x00, 0x03, 0x1A, 0x00, 0xA2, 0x00, 0x00, 0x82, 0x00, 0x00, 0xA2, 0x00, 0x00, 0x82, 0x08, 0x00,
    0x62, 0x08, 0x00, 0x41, 0x00, 0x00, 0x82, 0x08, 0x00, 0xC2, 0x08, 0x00, 0x61, 0x00, 0x00, 0xC3, 0x10, 0x00,
    0xC3, 0x08, 0x00, 0xC3, 0x08, 0x00, 0xA2, 0x08, 0x00, 0x82, 0x00, 0x00, 0xE2, 0x08, 0x00, 0x84, 0x19, 0x00,
    0xC4, 0x19, 0x00, 0x83, 0x11, 0x00, 0x43, 0x09, 0x03, 0x02, 0x09, 0x16, 0xE2, 0x08, 0x4E, 0xE1, 0x00, 0xA4,
    0xC4, 0x11, 0xCD, 0x65, 0x1A, 0xEC, 0x04, 0x12, 0xF8, 0x28, 0x33, 0xFD, 0x89, 0x3B, 0xFF, 0xE4, 0x11, 0xFF,
    0x86, 0x22, 0xFF, 0xEC, 0x4B, 0xFF, 0xE4, 0x11, 0xFF, 0xE4, 0x11, 0xFF, 0xC7, 0x22, 0xFF, 0xC6, 0x43, 0xFF,
    0x03, 0x2B, 0xFF, 0x02, 0x12, 0xFF, 0x22, 0x1A, 0xFF, 0x83, 0x1A, 0xFF, 0xC6, 0x3A, 0xFF, 0x47, 0x32, 0xFF,
    0x64, 0x22, 0xFF, 0x88, 0x5B, 0xFF, 0xED, 0x7B, 0xFF, 0x88, 0x53, 0xFF, 0x4A, 0x54, 0xFF, 0xC8, 0x43, 0xFF,
    0xA3, 0x22, 0xFF, 0xA3, 0x1A, 0xFF, 0x86, 0x33, 0xFF, 0x66, 0x2B, 0xFF, 0x05, 0x23, 0xFF, 0xE6, 0x2A, 0xFF,
    0x83, 0x11, 0xFF, 0x82, 0x00, 0xFF, 0x62, 0x00, 0xFF, 0xC5, 0x32, 0xFF, 0x67, 0x5C, 0xFF, 0x43, 0x33, 0xFF,
    0xA1, 0x1A, 0xFF, 0x03, 0x33, 0xFF, 0xA4, 0x32, 0xFF, 0x02, 0x09, 0xFF, 0x66, 0x22, 0xFF, 0x25, 0x1A, 0xFF,
    0x48, 0x33, 0xFF, 0x44, 0x1A, 0xFF, 0xE6, 0x22, 0xFF, 0x64, 0x12, 0xFF, 0xA5, 0x22, 0xFF, 0x24, 0x1A, 0xFF,
    0x65, 0x1A, 0xFF, 0x86, 0x1A, 0xFF, 0xE8, 0x2A, 0xFF, 0x23, 0x09, 0xFF, 0x82, 0x00, 0xFF, 0xA2, 0x08, 0xFF,
    0xA2, 0x08, 0xFF, 0x82, 0x08, 0xFF, 0xA2, 0x08, 0xFF, 0xA2, 0x08, 0xFF, 0x81, 0x08, 0xFF, 0xA3, 0x11, 0xFF,
    0x26, 0x33, 0xFF, 0x63, 0x22, 0xFF, 0x63, 0x22, 0xFF, 0x23, 0x1A, 0xFF, 0x03, 0x12, 0xFF, 0xE3, 0x11, 0xFF,
    0x07, 0x2B, 0xFF, 0x88, 0x2B, 0xFF, 0x65, 0x1A, 0xFF, 0x83, 0x11, 0xFF, 0x65, 0x22, 0xFF, 0x84, 0x22, 0xFF,
    0xA3, 0x11, 0xFF, 0xA2, 0x00, 0xFF, 0xA1, 0x00, 0xFF, 0xC1, 0x00, 0xFF, 0x64, 0x11, 0xFF, 0x46, 0x22, 0xFF,
    0x69, 0x3B, 0xFF, 0xA5, 0x1A, 0xFF, 0xCA, 0x43, 0xFF, 0x65, 0x1A, 0xFF, 0xA5, 0x22, 0xFF, 0x03, 0x12, 0xFF,
    0x24, 0x1A, 0xFF, 0xC6, 0x22, 0xFF, 0xC6, 0x22, 0xFF, 0xE5, 0x11, 0xFF, 0x81, 0x00, 0xFF, 0x62, 0x00, 0xFF,
    0x82, 0x00, 0xFF, 0xE2, 0x08, 0xFF, 0xE5, 0x19, 0xFD, 0x45, 0x22, 0xF8, 0x24, 0x1A, 0xEC, 0x67, 0x3B, 0xCD,
    0xE8, 0x43, 0xA4, 0xC7, 0x3B, 0x4E, 0x87, 0x3B, 0x16, 0xA4, 0x1A, 0x03, 0xE6, 0x22, 0x00, 0x27, 0x2B, 0x00,
    0x88, 0x33, 0x00, 0xC9, 0x3B, 0x00, 0x2B, 0x44, 0x00, 0x27, 0x33, 0x00, 0x62, 0x09, 0x00, 0x82, 0x11, 0x00,
    0x64, 0x22, 0x00, 0x03, 0x1A, 0x00, 0x82, 0x09, 0x00, 0x04, 0x12, 0x00, 0xE7, 0x2A, 0x00, 0x26, 0x22, 0x00,
    0xE3, 0x08, 0x00, 0xE3, 0x08, 0x00, 0xE3, 0x08, 0x00, 0xE3, 0x08, 0x00, 0x03, 0x09, 0x00, 0x03, 0x09, 0x00,
    0xA2, 0x00, 0x00, 0xC5, 0x19, 0x00, 0xA7, 0x2A, 0x00, 0x6A, 0x53, 0x00, 0xAF, 0x8C, 0x00, 0x8B, 0x63, 0x00,
    0x63, 0x11, 0x00, 0x67, 0x2A, 0x00, 0xF0, 0x7C, 0x00, 0x2C, 0x64, 0x00, 0x04, 0x22, 0x00, 0x21, 0x09, 0x00,
    0xC1, 0x00, 0x00, 0xA2, 0x00, 0x00, 0xA2, 0x00, 0x00, 0xA2, 0x08, 0x00, 0xA2, 0x08, 0x00, 0xC3, 0x08, 0x00,
    0x84, 0x19, 0x00, 0x43, 0x09, 0x00, 0x42, 0x09, 0x00, 0x84, 0x11, 0x00, 0x43, 0x11, 0x00, 0xE2, 0x08, 0x00,
    0x23, 0x09, 0x00, 0x23, 0x09, 0x00, 0x23, 0x09, 0x00, 0x23, 0x09, 0x00, 0x43, 0x11, 0x00, 0x44, 0x11, 0x00,
    0x23, 0x09, 0x00, 0x02, 0x09, 0x00, 0x42, 0x09, 0x00, 0xC4, 0x19, 0x00, 0xA4, 0x11, 0x00, 0xC4, 0x19, 0x00,
    0x04, 0x1A, 0x00, 0xA6, 0x2A, 0x00, 0x22, 0x09, 0x00, 0x82, 0x08, 0x00, 0xA2, 0x08, 0x00, 0x62, 0x00, 0x00,
    0x41, 0x00, 0x00, 0x41, 0x00, 0x00, 0x61, 0x00, 0x00, 0xA2, 0x08, 0x00, 0x41, 0x00, 0x00, 0x82, 0x08, 0x00,
    0xE3, 0x08, 0x00, 0x03, 0x09, 0x00, 0xC2, 0x08, 0x00, 0xC2, 0x08, 0x00, 0xA2, 0x08, 0x00, 0xA1, 0x00, 0x00,
    0x43, 0x11, 0x00, 0xA4, 0x19, 0x00, 0xA4, 0x11, 0x00, 0x43, 0x09, 0x03, 0x23, 0x09, 0x11, 0x02, 0x09, 0x32,
    0xC2, 0x08, 0x59, 0x22, 0x09, 0xA6, 0xA6, 0x22, 0xCD, 0xC7, 0x2A, 0xEE, 0xA3, 0x09, 0xFC, 0x87, 0x2A, 0xFF,
    0x4D, 0x54, 0xFF, 0x66, 0x22, 0xFF, 0xA4, 0x09, 0xFF, 0x28, 0x2B, 0xFF, 0x07, 0x4C, 0xFF, 0x84, 0x43, 0xFF,
    0x61, 0x22, 0xFF, 0x22, 0x1A, 0xFF, 0x01, 0x12, 0xFF, 0x67, 0x4B, 0xFF, 0xEB, 0x6B, 0xFF, 0x64, 0x11, 0xFF,
    0x83, 0x09, 0xFF, 0x47, 0x4B, 0xFF, 0x6C, 0x74, 0xFF, 0xE9, 0x5B, 0xFF, 0x09, 0x4C, 0xFF, 0x66, 0x3B, 0xFF,
    0x42, 0x1A, 0xFF, 0xE3, 0x22, 0xFF, 0xA6, 0x33, 0xFF, 0x6A, 0x54, 0xFF, 0xE6, 0x2A, 0xFF, 0xA3, 0x11, 0xFF,
    0x82, 0x00, 0xFF, 0xA2, 0x08, 0xFF, 0x82, 0x08, 0xFF, 0x22, 0x09, 0xFF, 0x46, 0x43, 0xFF, 0x06, 0x4C, 0xFF,
    0x84, 0x33, 0xFF, 0xE4, 0x32, 0xFF, 0x43, 0x11, 0xFF, 0x21, 0x00, 0xFF, 0x61, 0x00, 0xFF, 0xC2, 0x00, 0xFF,
    0x84, 0x11, 0xFF, 0x84, 0x11, 0xFF, 0xC7, 0x2A, 0xFF, 0xA7, 0x22, 0xFF, 0x08, 0x2B, 0xFF, 0x28, 0x2B, 0xFF,
    0xE7, 0x2A, 0xFF, 0xA6, 0x22, 0xFF, 0xC7, 0x2A, 0xFF, 0x03, 0x11, 0xFF, 0x82, 0x00, 0xFF, 0xA2, 0x00, 0xFF,
    0xA2, 0x08, 0xFF, 0xA2, 0x08, 0xFF, 0xA2, 0x00, 0xFF, 0xA2, 0x08, 0xFF, 0x82, 0x08, 0xFF, 0x23, 0x09, 0xFF,
    0x27, 0x33, 0xFF, 0xE4, 0x22, 0xFF, 0xC3, 0x22, 0xFF, 0x43, 0x1A, 0xFF, 0x63, 0x22, 0xFF, 0x03, 0x12, 0xFF,
    0xA9, 0x3B, 0xFF, 0x88, 0x2B, 0xFF, 0xA6, 0x22, 0xFF, 0xC3, 0x11, 0xFF, 0x44, 0x1A, 0xFF, 0x26, 0x33, 0xFF,
    0x62, 0x09, 0xFF, 0x62, 0x00, 0xFF, 0xA2, 0x08, 0xFF, 0xE2, 0x08, 0xFF, 0xA2, 0x08, 0xFF, 0xA1, 0x00, 0xFF,
    0x22, 0x09, 0xFF, 0xE4, 0x11, 0xFF, 0xE8, 0x32, 0xFF, 0x08, 0x33, 0xFF, 0xAA, 0x43, 0xFF, 0xE6, 0x2A, 0xFF,
    0x65, 0x12, 0xFF, 0xC6, 0x1A, 0xFF, 0x28, 0x33, 0xFF, 0x06, 0x1A, 0xFF, 0x81, 0x00, 0xFF, 0x62, 0x00, 0xFF,
    0x82, 0x00, 0xFF, 0xE3, 0x10, 0xFC, 0x43, 0x09, 0xEE, 0x25, 0x1A, 0xCD, 0x69, 0x3B, 0xA6, 0x44, 0x1A, 0x59,
    0x67, 0x33, 0x32, 0xE8, 0x43, 0x11, 0x26, 0x2B, 0x03, 0x63, 0x1A, 0x00, 0x06, 0x2B, 0x00, 0x88, 0x33, 0x00,
    0xC9, 0x3B, 0x00, 0x2B, 0x4C, 0x00, 0x4C, 0x4C, 0x00, 0x45, 0x1A, 0x00, 0xE3, 0x11, 0x00, 0x62, 0x11, 0x00,
    0xA2, 0x11, 0x00, 0x84, 0x22, 0x00, 0x06, 0x2B, 0x00, 0x43, 0x12, 0x00, 0x85, 0x1A, 0x00, 0x66, 0x22, 0x00,
    0x03, 0x09, 0x00, 0x03, 0x09, 0x00, 0x44, 0x09, 0x00, 0x44, 0x09, 0x00, 0x23, 0x09, 0x00, 0x23, 0x09, 0x00,
    0x03, 0x09, 0x00, 0x23, 0x09, 0x00, 0x26, 0x1A, 0x00, 0x05, 0x1A, 0x00, 0x67, 0x3A, 0x00, 0xD0, 0x84, 0x00,
    0x89, 0x42, 0x00, 0x00, 0x00, 0x00, 0x43, 0x19, 0x00, 0x51, 0x9D, 0x00, 0x92, 0x9D, 0x00, 0x46, 0x32, 0x00,
    0x02, 0x09, 0x00, 0xA2, 0x08, 0x00, 0xC2, 0x08, 0x00, 0xE2, 0x08, 0x00, 0xE2, 0x08, 0x00, 0xE3, 0x08, 0x00,
    0x63, 0x11, 0x00, 0x63, 0x09, 0x00, 0xC4, 0x11, 0x00, 0xA4, 0x11, 0x00, 0xE2, 0x08, 0x00, 0x23, 0x09, 0x00,
    0x23, 0x09, 0x00, 0x23, 0x09, 0x00, 0x43, 0x09, 0x00, 0x63, 0x09, 0x00, 0x43, 0x09, 0x00, 0x63, 0x11, 0x00,
    0xA4, 0x11, 0x00, 0x83, 0x11, 0x00, 0x62, 0x09, 0x00, 0x83, 0x11, 0x00, 0x83, 0x11, 0x00, 0x42, 0x09, 0x00,
    0x01, 0x01, 0x00, 0xC5, 0x19, 0x00, 0x23, 0x09, 0x00, 0x82, 0x08, 0x00, 0x82, 0x08, 0x00, 0x61, 0x00, 0x00,
    0x41, 0x00, 0x00, 0x41, 0x00, 0x00, 0x41, 0x00, 0x00, 0x82, 0x08, 0x00, 0x62, 0x08, 0x00, 0x41, 0x00, 0x00,
    0x82, 0x00, 0x00, 0xC3, 0x08, 0x00, 0x03, 0x11, 0x00, 0xE3, 0x08, 0x00, 0xC2, 0x00, 0x00, 0xC2, 0x08, 0x00,
    0xA2, 0x00, 0x00, 0xC2, 0x00, 0x00, 0x23, 0x09, 0x00, 0x43, 0x09, 0x00, 0x43, 0x11, 0x02, 0x43, 0x11, 0x07,
    0x23, 0x11, 0x13, 0x02, 0x09, 0x32, 0x02, 0x09, 0x5B, 0x01, 0x01, 0xB1, 0x63, 0x11, 0xE8, 0x06, 0x1A, 0xF8,
    0x83, 0x09, 0xFD, 0x83, 0x11, 0xFF, 0xA7, 0x22, 0xFF, 0xC8, 0x43, 0xFF, 0x25, 0x54, 0xFF, 0xA2, 0x22, 0xFF,
    0x62, 0x1A, 0xFF, 0x42, 0x1A, 0xFF, 0x01, 0x12, 0xFF, 0x70, 0x95, 0xFF, 0x4E, 0x84, 0xFF, 0x22, 0x09, 0xFF,
    0x43, 0x09, 0xFF, 0xE7, 0x3A, 0xFF, 0x66, 0x43, 0xFF, 0xCB, 0x6C, 0xFF, 0x8B, 0x5C, 0xFF, 0x26, 0x33, 0xFF,
    0x22, 0x12, 0xFF, 0x65, 0x33, 0xFF, 0x49, 0x4C, 0xFF, 0x06, 0x2B, 0xFF, 0x22, 0x09, 0xFF, 0x81, 0x00, 0xFF,
    0x82, 0x00, 0xFF, 0xA2, 0x08, 0xFF, 0xA2, 0x00, 0xFF, 0x81, 0x00, 0xFF, 0x22, 0x09, 0xFF, 0xE5, 0x32, 0xFF,
    0x28, 0x54, 0xFF, 0x86, 0x43, 0xFF, 0xC1, 0x00, 0xFF, 0x42, 0x00, 0xFF, 0x62, 0x00, 0xFF, 0x61, 0x00, 0xFF,
    0x41, 0x00, 0xFF, 0x61, 0x00, 0xFF, 0xC1, 0x08, 0xFF, 0xE2, 0x08, 0xFF, 0xC5, 0x21, 0xFF, 0xE9, 0x32, 0xFF,
    0xCC, 0x4B, 0xFF, 0xAB, 0x43, 0xFF, 0x4A, 0x3B, 0xFF, 0xE3, 0x08, 0xFF, 0x82, 0x00, 0xFF, 0x82, 0x00, 0xFF,
    0xA2, 0x00, 0xFF, 0xA2, 0x08, 0xFF, 0xA2, 0x08, 0xFF, 0xA2, 0x08, 0xFF, 0x82, 0x00, 0xFF, 0x81, 0x00, 0xFF,
    0x65, 0x22, 0xFF, 0xA7, 0x3B, 0xFF, 0xC3, 0x22, 0xFF, 0x83, 0x22, 0xFF, 0x22, 0x1A, 0xFF, 0x02, 0x12, 0xFF,
    0xE6, 0x22, 0xFF, 0x4B, 0x4C, 0xFF, 0x07, 0x2B, 0xFF, 0xE3, 0x11, 0xFF, 0xE3, 0x19, 0xFF, 0x67, 0x43, 0xFF,
    0xC3, 0x19, 0xFF, 0x41, 0x00, 0xFF, 0xE2, 0x08, 0xFF, 0x43, 0x11, 0xFF, 0x23, 0x11, 0xFF, 0x03, 0x09, 0xFF,
    0xE2, 0x08, 0xFF, 0x82, 0x00, 0xFF, 0x62, 0x00, 0xFF, 0x23, 0x09, 0xFF, 0xA5, 0x19, 0xFF, 0xC8, 0x32, 0xFF,
    0x49, 0x33, 0xFF, 0x08, 0x2B, 0xFF, 0x08, 0x2B, 0xFF, 0xC4, 0x19, 0xFF, 0x61, 0x00, 0xFF, 0x62, 0x08, 0xFD,
    0x62, 0x00, 0xF8, 0x03, 0x11, 0xE8, 0x22, 0x09, 0xB1, 0x04, 0x1A, 0x5B, 0x65, 0x1A, 0x32, 0xC6, 0x2A, 0x13,
    0xC4, 0x22, 0x07, 0x46, 0x2B, 0x02, 0x83, 0x1A, 0x00, 0xA4, 0x1A, 0x00, 0x47, 0x2B, 0x00, 0x67, 0x2B, 0x00,
    0x4C, 0x54, 0x00, 0x4C, 0x54, 0x00, 0x68, 0x3B, 0x00, 0x22, 0x09, 0x00, 0xE3, 0x11, 0x00, 0xC2, 0x11, 0x00,
    0x82, 0x11, 0x00, 0xA2, 0x11, 0x00, 0x83, 0x22, 0x00, 0xA7, 0x3B, 0x00, 0x25, 0x2B, 0x00, 0x85, 0x22, 0x00,
    0x43, 0x09, 0x00, 0x44, 0x09, 0x00, 0x23, 0x09, 0x00, 0x23, 0x09, 0x00, 0x64, 0x11, 0x00, 0xA5, 0x11, 0x00,
    0xC5, 0x19, 0x00, 0x85, 0x11, 0x00, 0x64, 0x11, 0x00, 0xA4, 0x11, 0x00, 0x22, 0x01, 0x00, 0x68, 0x3A, 0x00,
    0x2D, 0x6C, 0x00, 0xE4, 0x19, 0x00, 0x60, 0x00, 0x00, 0x02, 0x11, 0x00, 0xCC, 0x6B, 0x00, 0xAF, 0x7C, 0x00,
    0x6A, 0x53, 0x00, 0x42, 0x09, 0x00, 0xC2, 0x08, 0x00, 0x03, 0x11, 0x00, 0xE2, 0x08, 0x00, 0x02, 0x09, 0x00,
    0x62, 0x09, 0x00, 0xC4, 0x19, 0x00, 0xA4, 0x11, 0x00, 0x43, 0x09, 0x00, 0x02, 0x09, 0x00, 0x43, 0x11, 0x00,
    0x43, 0x09, 0x00, 0x64, 0x11, 0x00, 0x84, 0x11, 0x00, 0x05, 0x1A, 0x00, 0x26, 0x22, 0x00, 0xA4, 0x11, 0x00,
    0x63, 0x09, 0x00, 0xC4, 0x19, 0x00, 0xC4, 0x11, 0x00, 0xC3, 0x11, 0x00, 0xC3, 0x11, 0x00, 0x83, 0x11, 0x00,
    0x02, 0x09, 0x00, 0x81, 0x00, 0x00, 0xA2, 0x00, 0x00, 0xA2, 0x00, 0x00, 0x41, 0x00, 0x00, 0x41, 0x00, 0x00,
    0x61, 0x00, 0x00, 0x41, 0x00, 0x00, 0x41, 0x00, 0x00, 0x61, 0x00, 0x00, 0x82, 0x08, 0x00, 0x41, 0x00, 0x00,
    0x41, 0x00, 0x00, 0x41, 0x00, 0x00, 0x82, 0x08, 0x00, 0xE3, 0x08, 0x00, 0x03, 0x09, 0x00, 0x03, 0x09, 0x00,
    0xE2, 0x08, 0x00, 0xC2, 0x08, 0x00, 0xC2, 0x00, 0x00, 0xC2, 0x00, 0x00, 0xE2, 0x08, 0x00, 0x23, 0x09, 0x00,
    0x23, 0x09, 0x02, 0x23, 0x11, 0x07, 0x23, 0x11, 0x17, 0xE2, 0x08, 0x4E, 0xA2, 0x00, 0xA4, 0xE2, 0x08, 0xCD,
    0xE2, 0x08, 0xEC, 0x24, 0x11, 0xF8, 0x24, 0x1A, 0xFD, 0x88, 0x5C, 0xFF, 0x02, 0x2B, 0xFF, 0x82, 0x1A, 0xFF,
    0x42, 0x1A, 0xFF, 0x22, 0x1A, 0xFF, 0xA4, 0x32, 0xFF, 0xEE, 0x84, 0xFF, 0x2A, 0x5B, 0xFF, 0x02, 0x09, 0xFF,
    0x63, 0x09, 0xFF, 0x04, 0x22, 0xFF, 0x2A, 0x5C, 0xFF, 0x28, 0x54, 0xFF, 0xEC, 0x6C, 0xFF, 0xC4, 0x2A, 0xFF,
    0xE4, 0x2A, 0xFF, 0x46, 0x33, 0xFF, 0x23, 0x1A, 0xFF, 0xE3, 0x11, 0xFF, 0x63, 0x09, 0xFF, 0xA2, 0x00, 0xFF,
    0xE3, 0x10, 0xFF, 0xC2, 0x08, 0xFF, 0xE2, 0x08, 0xFF, 0xE3, 0x08, 0xFF, 0xE2, 0x08, 0xFF, 0xA1, 0x00, 0xFF,
    0xA3, 0x19, 0xFF, 0x26, 0x43, 0xFF, 0xC3, 0x21, 0xFF, 0xA2, 0x00, 0xFF, 0x82, 0x00, 0xFF, 0x62, 0x00, 0xFF,
    0x62, 0x00, 0xFF, 0x62, 0x00, 0xFF, 0x61, 0x00, 0xFF, 0x41, 0x00, 0xFF, 0x21, 0x00, 0xFF, 0xA2, 0x00, 0xFF,
    0x43, 0x09, 0xFF, 0x47, 0x2A, 0xFF, 0x2A, 0x3B, 0xFF, 0x03, 0x09, 0xFF, 0x82, 0x00, 0xFF, 0x82, 0x00, 0xFF,
    0x82, 0x00, 0xFF, 0xA2, 0x00, 0xFF, 0xA2, 0x08, 0xFF, 0xA2, 0x08, 0xFF, 0x82, 0x00, 0xFF, 0x82, 0x08, 0xFF,
    0xE1, 0x08, 0xFF, 0x06, 0x2B, 0xFF, 0x45, 0x33, 0xFF, 0xE3, 0x2A, 0xFF, 0x42, 0x12, 0xFF, 0x22, 0x1A, 0xFF,
    0x06, 0x2B, 0xFF, 0x6B, 0x54, 0xFF, 0x0A, 0x4C, 0xFF, 0x44, 0x1A, 0xFF, 0xC3, 0x11, 0xFF, 0x44, 0x22, 0xFF,
    0xA3, 0x19, 0xFF, 0x81, 0x00, 0xFF, 0x43, 0x11, 0xFF, 0x43, 0x11, 0xFF, 0x02, 0x09, 0xFF, 0x23, 0x11, 0xFF,
    0x23, 0x11, 0xFF, 0x23, 0x11, 0xFF, 0xC2, 0x08, 0xFF, 0x82, 0x00, 0xFF, 0x62, 0x00, 0xFF, 0x62, 0x00, 0xFF,
    0x03, 0x11, 0xFF, 0x47, 0x22, 0xFF, 0x8A, 0x3B, 0xFF, 0x06, 0x22, 0xFD, 0x41, 0x00, 0xF8, 0x62, 0x00, 0xEC,
    0x61, 0x00, 0xCD, 0x23, 0x09, 0xA4, 0x43, 0x11, 0x4E, 0x22, 0x09, 0x17, 0xA6, 0x2A, 0x07, 0xA6, 0x22, 0x02,
    0x26, 0x2B, 0x00, 0xE5, 0x22, 0x00, 0x05, 0x2B, 0x00, 0x05, 0x2B, 0x00, 0x87, 0x33, 0x00, 0xC9, 0x3B, 0x00,
    0x4C, 0x54, 0x00, 0x8D, 0x5C, 0x00, 0x44, 0x22, 0x00, 0xE1, 0x00, 0x00, 0xC3, 0x11, 0x00, 0x63, 0x1A, 0x00,
    0xC2, 0x11, 0x00, 0xA2, 0x11, 0x00, 0xC2, 0x11, 0x00, 0xA3, 0x22, 0x00, 0x08, 0x4C, 0x00, 0x88, 0x43, 0x00,
    0x05, 0x1A, 0x00, 0x23, 0x09, 0x00, 0x23, 0x09, 0x00, 0x85, 0x11, 0x00, 0x85, 0x19, 0x00, 0x64, 0x11, 0x00,
    0x23, 0x09, 0x00, 0x23, 0x09, 0x00, 0x64, 0x09, 0x00, 0xC5, 0x19, 0x00, 0xC5, 0x19, 0x00, 0x43, 0x11, 0x00,
    0x69, 0x4B, 0x00, 0x2B, 0x54, 0x00, 0x83, 0x11, 0x00, 0x61, 0x00, 0x00, 0x61, 0x00, 0x00, 0xC9, 0x4A, 0x00,
    0x90, 0x7C, 0x00, 0x26, 0x2A, 0x00, 0xA1, 0x00, 0x00, 0x03, 0x11, 0x00, 0x02, 0x09, 0x00, 0x43, 0x11, 0x00,
    0xC3, 0x11, 0x00, 0xE4, 0x19, 0x00, 0x42, 0x09, 0x00, 0x84, 0x11, 0x00, 0x43, 0x11, 0x00, 0x63, 0x11, 0x00,
    0x63, 0x11, 0x00, 0x63, 0x11, 0x00, 0x63, 0x09, 0x00, 0x83, 0x09, 0x00, 0x63, 0x09, 0x00, 0x43, 0x11, 0x00,
    0x42, 0x09, 0x00, 0x83, 0x11, 0x00, 0xC4, 0x11, 0x00, 0xE4, 0x19, 0x00, 0x04, 0x1A, 0x00, 0x25, 0x22, 0x00,
    0x25, 0x22, 0x00, 0x83, 0x11, 0x00, 0x81, 0x00, 0x00, 0x41, 0x00, 0x00, 0x41, 0x00, 0x00, 0x41, 0x00, 0x00,
    0x41, 0x00, 0x00, 0x41, 0x00, 0x00, 0x41, 0x00, 0x00, 0x41, 0x00, 0x00, 0x82, 0x08, 0x00, 0x62, 0x00, 0x00,
    0x41, 0x00, 0x00, 0x41, 0x00, 0x00, 0x41, 0x00, 0x00, 0x61, 0x00, 0x00, 0x82, 0x08, 0x00, 0xC3, 0x08, 0x00,
    0x03, 0x11, 0x00, 0x03, 0x09, 0x00, 0x03, 0x09, 0x00, 0xE2, 0x08, 0x00, 0xC2, 0x00, 0x00, 0xC2, 0x00, 0x00,
    0xA2, 0x00, 0x00, 0xA2, 0x00, 0x00, 0x02, 0x09, 0x03, 0x43, 0x09, 0x11, 0xE3, 0x08, 0x32, 0x02, 0x09, 0x59,
    0xE2, 0x08, 0xA6, 0x21, 0x00, 0xCD, 0xE5, 0x3A, 0xEC, 0x66, 0x5C, 0xF8, 0x81, 0x1A, 0xFD, 0x22, 0x1A, 0xFF,
    0x01, 0x12, 0xFF, 0x42, 0x22, 0xFF, 0x87, 0x53, 0xFF, 0xD1, 0xA5, 0xFF, 0x0A, 0x5B, 0xFF, 0x80, 0x00, 0xFF,
    0xC5, 0x19, 0xFF, 0x42, 0x09, 0xFF, 0xE9, 0x4B, 0xFF, 0x28, 0x54, 0xFF, 0x2C, 0x7D, 0xFF, 0x05, 0x33, 0xFF,
    0xE5, 0x2A, 0xFF, 0x03, 0x1A, 0xFF, 0x42, 0x09, 0xFF, 0xE3, 0x19, 0xFF, 0x65, 0x22, 0xFF, 0x42, 0x09, 0xFF,
    0xE2, 0x08, 0xFF, 0xC2, 0x08, 0xFF, 0xC2, 0x08, 0xFF, 0xE2, 0x08, 0xFF, 0xE2, 0x08, 0xFF, 0xE3, 0x08, 0xFF,
    0xC2, 0x00, 0xFF, 0xC1, 0x00, 0xFF, 0x03, 0x09, 0xFF, 0xE2, 0x08, 0xFF, 0xC2, 0x08, 0xFF, 0xA2, 0x00, 0xFF,
    0x82, 0x00, 0xFF, 0x62, 0x00, 0xFF, 0x82, 0x00, 0xFF, 0x62, 0x00, 0xFF, 0x61, 0x00, 0xFF, 0x62, 0x00, 0xFF,
    0xA2, 0x08, 0xFF, 0x82, 0x00, 0xFF, 0xC2, 0x00, 0xFF, 0xC3, 0x08, 0xFF, 0xA2, 0x08, 0xFF, 0xA2, 0x00, 0xFF,
    0x82, 0x00, 0xFF, 0xA2, 0x00, 0xFF, 0xA2, 0x08, 0xFF, 0xA2, 0x00, 0xFF, 0x82, 0x00, 0xFF, 0xA2, 0x08, 0xFF,
    0x82, 0x00, 0xFF, 0x83, 0x19, 0xFF, 0x47, 0x3B, 0xFF, 0x24, 0x23, 0xFF, 0xE4, 0x22, 0xFF, 0x01, 0x12, 0xFF,
    0xC5, 0x2A, 0xFF, 0x4B, 0x54, 0xFF, 0x0A, 0x44, 0xFF, 0x27, 0x33, 0xFF, 0x44, 0x1A, 0xFF, 0x62, 0x09, 0xFF,
    0xE3, 0x08, 0xFF, 0xE2, 0x08, 0xFF, 0x83, 0x11, 0xFF, 0x23, 0x09, 0xFF, 0xE2, 0x08, 0xFF, 0x03, 0x09, 0xFF,
    0x03, 0x09, 0xFF, 0x43, 0x09, 0xFF, 0x43, 0x09, 0xFF, 0xC1, 0x00, 0xFF, 0xA2, 0x08, 0xFF, 0x82, 0x00, 0xFF,
    0x61, 0x00, 0xFF, 0x61, 0x00, 0xFD, 0x64, 0x11, 0xF8, 0x03, 0x09, 0xEC, 0x61, 0x00, 0xCD, 0x82, 0x00, 0xA6,
    0x81, 0x08, 0x59, 0x02, 0x09, 0x32, 0x84, 0x11, 0x11, 0x42, 0x09, 0x03, 0x62, 0x09, 0x00, 0xC6, 0x2A, 0x00,
    0x47, 0x33, 0x00, 0x67, 0x33, 0x00, 0xC4, 0x22, 0x00, 0x05, 0x23, 0x00, 0xA8, 0x3B, 0x00, 0x0A, 0x44, 0x00,
    0x6C, 0x5C, 0x00, 0xA5, 0x2A, 0x00, 0x48, 0x4B, 0x00, 0x6B, 0x63, 0x00, 0x83, 0x11, 0x00, 0xA4, 0x22, 0x00,
    0x22, 0x12, 0x00, 0xC2, 0x11, 0x00, 0xC3, 0x19, 0x00, 0xE2, 0x11, 0x00, 0x24, 0x33, 0x00, 0x4A, 0x54, 0x00,
    0x07, 0x2B, 0x00, 0x46, 0x1A, 0x00, 0xE5, 0x19, 0x00, 0x64, 0x11, 0x00, 0x23, 0x09, 0x00, 0x64, 0x11, 0x00,
    0xC5, 0x19, 0x00, 0x47, 0x1A, 0x00, 0x27, 0x1A, 0x00, 0x07, 0x1A, 0x00, 0xA4, 0x11, 0x00, 0x63, 0x09, 0x00,
    0x21, 0x09, 0x00, 0xAA, 0x4B, 0x00, 0x2B, 0x54, 0x00, 0xE3, 0x19, 0x00, 0x83, 0x11, 0x00, 0x01, 0x01, 0x00,
    0xC3, 0x19, 0x00, 0x66, 0x2A, 0x00, 0x83, 0x11, 0x00, 0x22, 0x09, 0x00, 0x02, 0x01, 0x00, 0x02, 0x09, 0x00,
    0x25, 0x1A, 0x00, 0x43, 0x09, 0x00, 0x63, 0x11, 0x00, 0x84, 0x11, 0x00, 0x63, 0x11, 0x00, 0x43, 0x11, 0x00,
    0x63, 0x11, 0x00, 0x83, 0x11, 0x00, 0xA4, 0x11, 0x00, 0xA4, 0x11, 0x00, 0xA4, 0x11, 0x00, 0xE4, 0x19, 0x00,
    0xC4, 0x19, 0x00, 0x83, 0x11, 0x00, 0x83, 0x11, 0x00, 0xE4, 0x19, 0x00, 0x24, 0x1A, 0x00, 0x24, 0x1A, 0x00,
    0x45, 0x1A, 0x00, 0x65, 0x1A, 0x00, 0xA3, 0x11, 0x00, 0x60, 0x00, 0x00, 0x41, 0x00, 0x00, 0x41, 0x00, 0x00,
    0x41, 0x00, 0x00, 0x41, 0x00, 0x00, 0x41, 0x00, 0x00, 0x41, 0x00, 0x00, 0x61, 0x00, 0x00, 0x82, 0x00, 0x00,
    0x41, 0x00, 0x00, 0x41, 0x00, 0x00, 0x41, 0x00, 0x00, 0x41, 0x00, 0x00, 0x21, 0x00, 0x00, 0x41, 0x00, 0x00,
    0xA2, 0x08, 0x00, 0xE3, 0x08, 0x00, 0x03, 0x09, 0x00, 0x03, 0x09, 0x00, 0x02, 0x09, 0x00, 0xE2, 0x08, 0x00,
    0xC2, 0x08, 0x00, 0x02, 0x09, 0x00, 0x83, 0x11, 0x00, 0x42, 0x11, 0x02, 0x22, 0x09, 0x07, 0x43, 0x11, 0x13,
    0xA2, 0x00, 0x32, 0x61, 0x00, 0x59, 0xE8, 0x5B, 0xA6, 0xE4, 0x4B, 0xCD, 0x62, 0x1A, 0xEC, 0x02, 0x1A, 0xF8,
    0x22, 0x1A, 0xFD, 0x21, 0x22, 0xFF, 0x0A, 0x6C, 0xFF, 0x95, 0xC6, 0xFF, 0xAD, 0x6B, 0xFF, 0x20, 0x00, 0xFF,
    0x84, 0x19, 0xFF, 0x83, 0x11, 0xFF, 0xC6, 0x2A, 0xFF, 0x48, 0x54, 0xFF, 0xAA, 0x6C, 0xFF, 0xE8, 0x53, 0xFF,
    0x03, 0x1A, 0xFF, 0x62, 0x11, 0xFF, 0xA3, 0x19, 0xFF, 0xE3, 0x11, 0xFF, 0x84, 0x22, 0xFF, 0xA4, 0x22, 0xFF,
    0x22, 0x01, 0xFF, 0xC2, 0x00, 0xFF, 0xE2, 0x08, 0xFF, 0x43, 0x11, 0xFF, 0x43, 0x11, 0xFF, 0x23, 0x09, 0xFF,
    0x03, 0x09, 0xFF, 0x03, 0x09, 0xFF, 0xE3, 0x08, 0xFF, 0x02, 0x09, 0xFF, 0x02, 0x09, 0xFF, 0x23, 0x11, 0xFF,
    0x23, 0x11, 0xFF, 0xA1, 0x00, 0xFF, 0x61, 0x00, 0xFF, 0x62, 0x00, 0xFF, 0x62, 0x08, 0xFF, 0x61, 0x00, 0xFF,
    0x62, 0x00, 0xFF, 0xA3, 0x08, 0xFF, 0xA2, 0x08, 0xFF, 0x82, 0x08, 0xFF, 0xA2, 0x08, 0xFF, 0x82, 0x00, 0xFF,
    0x82, 0x00, 0xFF, 0x82, 0x00, 0xFF, 0xA2, 0x08, 0xFF, 0x82, 0x08, 0xFF, 0x82, 0x08, 0xFF, 0xA2, 0x00, 0xFF,
    0xA2, 0x00, 0xFF, 0x81, 0x00, 0xFF, 0x64, 0x22, 0xFF, 0x07, 0x3C, 0xFF, 0x44, 0x33, 0xFF, 0x62, 0x1A, 0xFF,
    0x84, 0x1A, 0xFF, 0x0A, 0x44, 0xFF, 0x4B, 0x4C, 0xFF, 0xA8, 0x3B, 0xFF, 0xC5, 0x22, 0xFF, 0x83, 0x11, 0xFF,
    0xC3, 0x08, 0xFF, 0x03, 0x09, 0xFF, 0x63, 0x11, 0xFF, 0x43, 0x09, 0xFF, 0xE2, 0x00, 0xFF, 0xE2, 0x08, 0xFF,
    0xE2, 0x08, 0xFF, 0x23, 0x09, 0xFF, 0x44, 0x11, 0xFF, 0xC2, 0x08, 0xFF, 0xA2, 0x00, 0xFF, 0xA2, 0x00, 0xFD,
    0x82, 0x00, 0xF8, 0x82, 0x00, 0xEC, 0x61, 0x00, 0xCD, 0x61, 0x00, 0xA6, 0x81, 0x00, 0x59, 0xC2, 0x08, 0x32,
    0xA2, 0x08, 0x13, 0xC2, 0x00, 0x07, 0xA4, 0x11, 0x02, 0x83, 0x11, 0x00, 0x22, 0x09, 0x00, 0xA3, 0x09, 0x00,
    0x47, 0x33, 0x00, 0x26, 0x2B, 0x00, 0xC5, 0x22, 0x00, 0x26, 0x2B, 0x00, 0x67, 0x2B, 0x00, 0x6B, 0x4C, 0x00,
    0xE7, 0x32, 0x00, 0x03, 0x22, 0x00, 0xC4, 0x32, 0x00, 0xF3, 0x9C, 0x00, 0x4B, 0x53, 0x00, 0x64, 0x1A, 0x00,
    0x83, 0x1A, 0x00, 0x22, 0x1A, 0x00, 0xC2, 0x11, 0x00, 0xC3, 0x19, 0x00, 0x21, 0x1A, 0x00, 0x65, 0x3B, 0x00,
    0x47, 0x33, 0x00, 0xE7, 0x22, 0x00, 0xC7, 0x22, 0x00, 0x66, 0x22, 0x00, 0xE5, 0x11, 0x00, 0xC5, 0x11, 0x00,
    0xA5, 0x19, 0x00, 0x44, 0x09, 0x00, 0x23, 0x09, 0x00, 0x44, 0x09, 0x00, 0x43, 0x01, 0x00, 0x05, 0x1A, 0x00,
    0xC4, 0x19, 0x00, 0x04, 0x22, 0x00, 0x0A, 0x54, 0x00, 0x6B, 0x5C, 0x00, 0x84, 0x1A, 0x00, 0x64, 0x1A, 0x00,
    0xE5, 0x2A, 0x00, 0x67, 0x33, 0x00, 0x67, 0x33, 0x00, 0x84, 0x22, 0x00, 0x85, 0x22, 0x00, 0x04, 0x1A, 0x00,
    0xE5, 0x11, 0x00, 0x43, 0x09, 0x00, 0x84, 0x11, 0x00, 0xC4, 0x11, 0x00, 0x05, 0x1A, 0x00, 0xA4, 0x11, 0x00,
    0xC4, 0x19, 0x00, 0xA4, 0x11, 0x00, 0xA4, 0x11, 0x00, 0xA4, 0x11, 0x00, 0xC4, 0x11, 0x00, 0x05, 0x1A, 0x00,
    0x66, 0x22, 0x00, 0xE4, 0x19, 0x00, 0xA3, 0x11, 0x00, 0xC3, 0x11, 0x00, 0xE4, 0x11, 0x00, 0x04, 0x1A, 0x00,
    0x04, 0x1A, 0x00, 0x25, 0x1A, 0x00, 0x45, 0x22, 0x00, 0x83, 0x19, 0x00, 0x61, 0x00, 0x00, 0x41, 0x00, 0x00,
    0x41, 0x00, 0x00, 0x41, 0x00, 0x00, 0x42, 0x00, 0x00, 0x41, 0x00, 0x00, 0x41, 0x00, 0x00, 0x82, 0x00, 0x00,
    0x62, 0x00, 0x00, 0x41, 0x00, 0x00, 0x41, 0x00, 0x00, 0x61, 0x00, 0x00, 0x41, 0x00, 0x00, 0x41, 0x00, 0x00,
    0x61, 0x00, 0x00, 0x61, 0x00, 0x00, 0x82, 0x00, 0x00, 0xA2, 0x00, 0x00, 0xA2, 0x08, 0x00, 0xE2, 0x08, 0x00,
    0x43, 0x09, 0x00, 0xC4, 0x19, 0x00, 0x83, 0x11, 0x00, 0x22, 0x09, 0x00, 0x43, 0x11, 0x00, 0xC2, 0x00, 0x02,
    0x61, 0x00, 0x07, 0x02, 0x09, 0x13, 0xE6, 0x53, 0x32, 0x43, 0x3B, 0x59, 0x42, 0x1A, 0xA6, 0x21, 0x1A, 0xCD,
    0x01, 0x1A, 0xEC, 0xC4, 0x3A, 0xF7, 0xAD, 0x8C, 0xFA, 0x55, 0xC6, 0xFD, 0xF6, 0xBD, 0xFF, 0xA2, 0x08, 0xFF,
    0x02, 0x09, 0xFF, 0xE4, 0x19, 0xFF, 0xE3, 0x11, 0xFF, 0xC8, 0x43, 0xFF, 0x68, 0x5C, 0xFF, 0x0C, 0x7D, 0xFF,
    0x23, 0x22, 0xFF, 0x62, 0x09, 0xFF, 0xA3, 0x11, 0xFF, 0x03, 0x1A, 0xFF, 0x63, 0x1A, 0xFF, 0x66, 0x33, 0xFF,
    0xA6, 0x22, 0xFF, 0xE2, 0x00, 0xFF, 0x23, 0x11, 0xFF, 0xE1, 0x00, 0xFF, 0x02, 0x09, 0xFF, 0x43, 0x09, 0xFF,
    0x23, 0x09, 0xFF, 0x22, 0x09, 0xFF, 0x02, 0x09, 0xFF, 0x22, 0x09, 0xFF, 0x22, 0x09, 0xFF, 0x22, 0x09, 0xFF,
    0x23, 0x09, 0xFF, 0x02, 0x09, 0xFF, 0xC2, 0x00, 0xFF, 0x81, 0x00, 0xFF, 0x62, 0x00, 0xFF, 0x61, 0x00, 0xFF,
    0x61, 0x00, 0xFF, 0x82, 0x00, 0xFF, 0x82, 0x00, 0xFF, 0x82, 0x00, 0xFF, 0x81, 0x00, 0xFF, 0x61, 0x00, 0xFF,
    0x82, 0x00, 0xFF, 0x62, 0x00, 0xFF, 0x42, 0x00, 0xFF, 0x41, 0x00, 0xFF, 0x41, 0x00, 0xFF, 0x61, 0x00, 0xFF,
    0x82, 0x08, 0xFF, 0x62, 0x00, 0xFF, 0x02, 0x09, 0xFF, 0x06, 0x33, 0xFF, 0xC6, 0x3B, 0xFF, 0x04, 0x2B, 0xFF,
    0xC4, 0x22, 0xFF, 0x2B, 0x4C, 0xFF, 0xC9, 0x3B, 0xFF, 0xAC, 0x5C, 0xFF, 0xEA, 0x43, 0xFF, 0xC4, 0x19, 0xFF,
    0x81, 0x00, 0xFF, 0xE3, 0x08, 0xFF, 0x64, 0x11, 0xFF, 0x43, 0x09, 0xFF, 0xC1, 0x00, 0xFF, 0xC2, 0x00, 0xFF,
    0xA2, 0x00, 0xFF, 0x22, 0x09, 0xFF, 0x64, 0x11, 0xFD, 0xC3, 0x08, 0xFA, 0xA2, 0x08, 0xF7, 0x82, 0x08, 0xEC,
    0x82, 0x08, 0xCD, 0x82, 0x00, 0xA6, 0x82, 0x00, 0x59, 0x61, 0x00, 0x32, 0xA2, 0x08, 0x13, 0xC2, 0x08, 0x07,
    0xC2, 0x08, 0x02, 0xA2, 0x00, 0x00, 0x83, 0x11, 0x00, 0xE4, 0x19, 0x00, 0x83, 0x11, 0x00, 0x62, 0x09, 0x00,
    0x64, 0x1A, 0x00, 0xA8, 0x33, 0x00, 0x46, 0x2B, 0x00, 0xC8, 0x3B, 0x00, 0x2A, 0x44, 0x00, 0x28, 0x33, 0x00,
    0x23, 0x11, 0x00, 0x25, 0x2A, 0x00, 0xA7, 0x43, 0x00, 0xE6, 0x31, 0x00, 0xEA, 0x52, 0x00, 0x24, 0x1A, 0x00,
    0xC4, 0x22, 0x00, 0x83, 0x1A, 0x00, 0xE2, 0x19, 0x00, 0xC3, 0x11, 0x00, 0x22, 0x1A, 0x00, 0x64, 0x3B, 0x00,
    0x05, 0x2B, 0x00, 0xA7, 0x22, 0x00, 0x8A, 0x33, 0x00, 0x69, 0x2B, 0x00, 0xE8, 0x22, 0x00, 0x06, 0x1A, 0x00,
    0x64, 0x11, 0x00, 0x64, 0x11, 0x00, 0x64, 0x11, 0x00, 0x84, 0x11, 0x00, 0x84, 0x11, 0x00, 0x63, 0x09, 0x00,
    0xA4, 0x11, 0x00, 0xA3, 0x11, 0x00, 0x04, 0x1A, 0x00, 0x4B, 0x5C, 0x00, 0xEA, 0x53, 0x00, 0x81, 0x11, 0x00,
    0xA2, 0x11, 0x00, 0xE3, 0x19, 0x00, 0x43, 0x1A, 0x00, 0xA3, 0x22, 0x00, 0x06, 0x33, 0x00, 0x88, 0x43, 0x00,
    0x63, 0x09, 0x00, 0xA5, 0x19, 0x00, 0x63, 0x09, 0x00, 0x05, 0x1A, 0x00, 0xC4, 0x11, 0x00, 0x83, 0x09, 0x00,
    0xA3, 0x11, 0x00, 0xC4, 0x11, 0x00, 0x25, 0x1A, 0x00, 0x05, 0x1A, 0x00, 0xC4, 0x19, 0x00, 0xE4, 0x11, 0x00,
    0xE4, 0x11, 0x00, 0xE4, 0x11, 0x00, 0xA3, 0x11, 0x00, 0xC3, 0x11, 0x00, 0xC3, 0x11, 0x00, 0xE4, 0x11, 0x00,
    0x04, 0x1A, 0x00, 0x04, 0x12, 0x00, 0x04, 0x12, 0x00, 0x25, 0x1A, 0x00, 0x22, 0x09, 0x00, 0x41, 0x00, 0x00,
    0x41, 0x00, 0x00, 0x41, 0x00, 0x00, 0x42, 0x00, 0x00, 0x41, 0x00, 0x00, 0x61, 0x00, 0x00, 0x62, 0x00, 0x00,
    0xA2, 0x08, 0x00, 0x82, 0x08, 0x00, 0x41, 0x00, 0x00, 0x41, 0x00, 0x00, 0x62, 0x00, 0x00, 0x82, 0x00, 0x00,
    0x61, 0x00, 0x00, 0x61, 0x00, 0x00, 0x61, 0x00, 0x00, 0x41, 0x00, 0x00, 0x21, 0x00, 0x00, 0xE3, 0x08, 0x00,
    0xE4, 0x19, 0x00, 0x83, 0x09, 0x00, 0x22, 0x09, 0x00, 0x42, 0x11, 0x00, 0xE1, 0x08, 0x00, 0xA1, 0x00, 0x00,
    0x84, 0x19, 0x00, 0xE4, 0x19, 0x02, 0x65, 0x43, 0x07, 0x43, 0x3B, 0x13, 0x20, 0x1A, 0x32, 0xA2, 0x22, 0x59,
    0x26, 0x3B, 0xA4, 0x0B, 0x6C, 0xC2, 0xEA, 0x73, 0xD0, 0x92, 0xB5, 0xEC, 0x58, 0xCE, 0xF8, 0x85, 0x29, 0xFD,
    0x80, 0x00, 0xFF, 0xA4, 0x11, 0xFF, 0xA3, 0x11, 0xFF, 0x27, 0x33, 0xFF, 0x27, 0x54, 0xFF, 0x0B, 0x85, 0xFF,
    0xA4, 0x2A, 0xFF, 0xC2, 0x11, 0xFF, 0xC2, 0x11, 0xFF, 0x23, 0x1A, 0xFF, 0x83, 0x1A, 0xFF, 0x04, 0x23, 0xFF,
    0xC8, 0x43, 0xFF, 0xE4, 0x19, 0xFF, 0x02, 0x09, 0xFF, 0x02, 0x09, 0xFF, 0x43, 0x11, 0xFF, 0x64, 0x11, 0xFF,
    0x84, 0x11, 0xFF, 0x63, 0x11, 0xFF, 0x63, 0x11, 0xFF, 0x63, 0x11, 0xFF, 0x63, 0x11, 0xFF, 0x63, 0x11, 0xFF,
    0x83, 0x11, 0xFF, 0xA4, 0x11, 0xFF, 0xE5, 0x19, 0xFF, 0x63, 0x11, 0xFF, 0x81, 0x00, 0xFF, 0x62, 0x00, 0xFF,
    0x82, 0x00, 0xFF, 0xA2, 0x08, 0xFF, 0xA2, 0x08, 0xFF, 0x82, 0x00, 0xFF, 0x82, 0x00, 0xFF, 0xA2, 0x08, 0xFF,
    0x62, 0x08, 0xFF, 0x42, 0x00, 0xFF, 0x41, 0x00, 0xFF, 0x61, 0x00, 0xFF, 0x82, 0x00, 0xFF, 0xC2, 0x08, 0xFF,
    0x23, 0x11, 0xFF, 0x23, 0x11, 0xFF, 0x03, 0x11, 0xFF, 0x83, 0x11, 0xFF, 0x67, 0x3B, 0xFF, 0xE4, 0x2A, 0xFF,
    0xC4, 0x22, 0xFF, 0xA8, 0x43, 0xFF, 0xA9, 0x3B, 0xFF, 0x0A, 0x44, 0xFF, 0x0B, 0x4C, 0xFF, 0x83, 0x11, 0xFF,
    0x81, 0x00, 0xFF, 0xC2, 0x08, 0xFF, 0x03, 0x09, 0xFF, 0x43, 0x11, 0xFF, 0xC2, 0x08, 0xFF, 0xC2, 0x08, 0xFF,
    0xA2, 0x08, 0xFD, 0x23, 0x11, 0xF8, 0x23, 0x09, 0xEC, 0xA2, 0x00, 0xD0, 0xC3, 0x08, 0xC2, 0xA2, 0x08, 0xA4,
    0x82, 0x00, 0x59, 0x82, 0x00, 0x32, 0x82, 0x00, 0x13, 0x62, 0x00, 0x07, 0x03, 0x11, 0x02, 0xE3, 0x08, 0x00,
    0xC3, 0x08, 0x00, 0xC2, 0x08, 0x00, 0x43, 0x09, 0x00, 0x04, 0x1A, 0x00, 0x24, 0x1A, 0x00, 0xE4, 0x19, 0x00,
    0x04, 0x12, 0x00, 0x88, 0x33, 0x00, 0xE8, 0x3B, 0x00, 0xA8, 0x33, 0x00, 0x48, 0x33, 0x00, 0x83, 0x11, 0x00,
    0x82, 0x08, 0x00, 0x22, 0x11, 0x00, 0xE8, 0x4B, 0x00, 0x04, 0x2A, 0x00, 0x24, 0x19, 0x00, 0xE5, 0x21, 0x00,
    0xE6, 0x32, 0x00, 0xE4, 0x2A, 0x00, 0x42, 0x1A, 0x00, 0xE2, 0x11, 0x00, 0x02, 0x12, 0x00, 0x24, 0x33, 0x00,
    0x25, 0x33, 0x00, 0xA3, 0x09, 0x00, 0xC7, 0x22, 0x00, 0xCB, 0x3B, 0x00, 0xAA, 0x33, 0x00, 0x6A, 0x33, 0x00,
    0xC8, 0x2A, 0x00, 0xA4, 0x11, 0x00, 0x84, 0x11, 0x00, 0xE5, 0x19, 0x00, 0xC5, 0x19, 0x00, 0x63, 0x11, 0x00,
    0x42, 0x09, 0x00, 0x63, 0x11, 0x00, 0x62, 0x09, 0x00, 0x44, 0x22, 0x00, 0xCC, 0x64, 0x00, 0xE8, 0x4B, 0x00,
    0x21, 0x1A, 0x00, 0xE2, 0x11, 0x00, 0x03, 0x12, 0x00, 0x23, 0x1A, 0x00, 0x23, 0x1A, 0x00, 0x43, 0x1A, 0x00,
    0x05, 0x1A, 0x00, 0x64, 0x11, 0x00, 0xC5, 0x19, 0x00, 0xC4, 0x11, 0x00, 0xE5, 0x19, 0x00, 0x04, 0x12, 0x00,
    0xC3, 0x11, 0x00, 0x83, 0x11, 0x00, 0xA3, 0x11, 0x00, 0xC4, 0x11, 0x00, 0x05, 0x1A, 0x00, 0x86, 0x22, 0x00,
    0xA7, 0x22, 0x00, 0x86, 0x22, 0x00, 0xE4, 0x11, 0x00, 0xC4, 0x19, 0x00, 0xC3, 0x11, 0x00, 0xE3, 0x11, 0x00,
    0x04, 0x1A, 0x00, 0x04, 0x1A, 0x00, 0x04, 0x1A, 0x00, 0xE4, 0x11, 0x00, 0x83, 0x11, 0x00, 0x61, 0x00, 0x00,
    0x41, 0x00, 0x00, 0x41, 0x00, 0x00, 0x62, 0x00, 0x00, 0x41, 0x00, 0x00, 0x61, 0x00, 0x00, 0x62, 0x00, 0x00,
    0xA2, 0x08, 0x00, 0x82, 0x00, 0x00, 0x21, 0x00, 0x00, 0x41, 0x00, 0x00, 0x82, 0x00, 0x00, 0x61, 0x00, 0x00,
    0xA2, 0x08, 0x00, 0x82, 0x08, 0x00, 0x62, 0x00, 0x00, 0x41, 0x00, 0x00, 0xC1, 0x08, 0x00, 0xE4, 0x21, 0x00,
    0x83, 0x11, 0x00, 0x22, 0x09, 0x00, 0x22, 0x09, 0x00, 0x42, 0x09, 0x00, 0xA3, 0x11, 0x00, 0x05, 0x1A, 0x00,
    0xE3, 0x19, 0x00, 0x42, 0x09, 0x00, 0xE4, 0x32, 0x00, 0x84, 0x43, 0x02, 0x44, 0x3B, 0x07, 0x85, 0x3B, 0x13,
    0xE5, 0x32, 0x2F, 0xE4, 0x21, 0x3D, 0xCA, 0x63, 0x5B, 0x52, 0xA5, 0xA6, 0xDA, 0xDE, 0xCD, 0xCA, 0x52, 0xEC,
    0x02, 0x09, 0xF7, 0xC4, 0x19, 0xFA, 0xA3, 0x11, 0xFD, 0xC6, 0x2A, 0xFF, 0x08, 0x54, 0xFF, 0xAA, 0x7C, 0xFF,
    0xA7, 0x4B, 0xFF, 0xE2, 0x09, 0xFF, 0x23, 0x1A, 0xFF, 0x23, 0x1A, 0xFF, 0xC4, 0x22, 0xFF, 0x05, 0x2B, 0xFF,
    0xC7, 0x43, 0xFF, 0x64, 0x22, 0xFF, 0xE2, 0x00, 0xFF, 0x43, 0x11, 0xFF, 0x84, 0x11, 0xFF, 0x42, 0x09, 0xFF,
    0x42, 0x09, 0xFF, 0xA4, 0x11, 0xFF, 0x83, 0x11, 0xFF, 0x62, 0x09, 0xFF, 0x63, 0x09, 0xFF, 0x83, 0x11, 0xFF,
    0x63, 0x11, 0xFF, 0x83, 0x11, 0xFF, 0x83, 0x11, 0xFF, 0xA4, 0x11, 0xFF, 0xE2, 0x08, 0xFF, 0x61, 0x00, 0xFF,
    0xA2, 0x08, 0xFF, 0xA2, 0x08, 0xFF, 0x82, 0x00, 0xFF, 0x82, 0x00, 0xFF, 0x82, 0x00, 0xFF, 0xA2, 0x08, 0xFF,
    0xA1, 0x00, 0xFF, 0xE2, 0x08, 0xFF, 0x23, 0x09, 0xFF, 0x63, 0x11, 0xFF, 0x84, 0x11, 0xFF, 0x84, 0x11, 0xFF,
    0xA4, 0x19, 0xFF, 0x83, 0x11, 0xFF, 0xA4, 0x19, 0xFF, 0x63, 0x11, 0xFF, 0x62, 0x09, 0xFF, 0x67, 0x3B, 0xFF,
    0x87, 0x33, 0xFF, 0xEA, 0x43, 0xFF, 0x67, 0x2B, 0xFF, 0x88, 0x2B, 0xFF, 0xE4, 0x11, 0xFF, 0xE2, 0x08, 0xFF,
    0xE2, 0x08, 0xFF, 0xC2, 0x00, 0xFF, 0xE2, 0x00, 0xFF, 0x43, 0x09, 0xFD, 0xE2, 0x08, 0xFA, 0xE2, 0x08, 0xF7,
    0xC2, 0x08, 0xEC, 0xE3, 0x08, 0xCD, 0x02, 0x09, 0xA6, 0x43, 0x11, 0x5B, 0xA3, 0x11, 0x3D, 0x63, 0x09, 0x2F,
    0xE2, 0x00, 0x13, 0x81, 0x00, 0x07, 0x61, 0x00, 0x02, 0x61, 0x00, 0x00, 0x23, 0x09, 0x00, 0x43, 0x09, 0x00,
    0x03, 0x09, 0x00, 0xA2, 0x08, 0x00, 0x02, 0x01, 0x00, 0x05, 0x1A, 0x00, 0xE4, 0x19, 0x00, 0x03, 0x09, 0x00,
    0x23, 0x09, 0x00, 0xC7, 0x2A, 0x00, 0x26, 0x2B, 0x00, 0x04, 0x12, 0x00, 0x64, 0x11, 0x00, 0x03, 0x09, 0x00,
    0xA2, 0x08, 0x00, 0xA1, 0x00, 0x00, 0xC8, 0x4B, 0x00, 0x47, 0x43, 0x00, 0x41, 0x00, 0x00, 0x82, 0x00, 0x00,
    0x85, 0x2A, 0x00, 0x66, 0x3B, 0x00, 0xA3, 0x22, 0x00, 0x83, 0x22, 0x00, 0x02, 0x12, 0x00, 0x82, 0x22, 0x00,
    0x83, 0x22, 0x00, 0x82, 0x09, 0x00, 0xC3, 0x11, 0x00, 0xC7, 0x2A, 0x00, 0xEB, 0x43, 0x00, 0x0C, 0x44, 0x00,
    0xEB, 0x43, 0x00, 0x87, 0x22, 0x00, 0xC4, 0x11, 0x00, 0x84, 0x11, 0x00, 0x43, 0x09, 0x00, 0x64, 0x11, 0x00,
    0x42, 0x09, 0x00, 0x26, 0x2A, 0x00, 0xC8, 0x4A, 0x00, 0x01, 0x09, 0x00, 0x24, 0x22, 0x00, 0x09, 0x54, 0x00,
    0xC7, 0x4B, 0x00, 0x63, 0x1A, 0x00, 0x44, 0x22, 0x00, 0x43, 0x1A, 0x00, 0x43, 0x1A, 0x00, 0x43, 0x1A, 0x00,
    0x05, 0x1A, 0x00, 0x63, 0x09, 0x00, 0xE5, 0x19, 0x00, 0x84, 0x09, 0x00, 0xA7, 0x22, 0x00, 0x04, 0x12, 0x00,
    0x04, 0x1A, 0x00, 0x04, 0x1A, 0x00, 0x05, 0x1A, 0x00, 0x04, 0x12, 0x00, 0x04, 0x12, 0x00, 0x25, 0x12, 0x00,
    0x45, 0x1A, 0x00, 0xC7, 0x2A, 0x00, 0x45, 0x1A, 0x00, 0x04, 0x1A, 0x00, 0xE4, 0x19, 0x00, 0x04, 0x12, 0x00,
    0x04, 0x1A, 0x00, 0xE4, 0x19, 0x00, 0x24, 0x1A, 0x00, 0x24, 0x1A, 0x00, 0x83, 0x11, 0x00, 0x61, 0x00, 0x00,
    0x41, 0x00, 0x00, 0x41, 0x00, 0x00, 0x41, 0x00, 0x00, 0x41, 0x00, 0x00, 0x41, 0x00, 0x00, 0x41, 0x00, 0x00,
    0x62, 0x00, 0x00, 0xC3, 0x08, 0x00, 0x61, 0x00, 0x00, 0x41, 0x00, 0x00, 0x82, 0x00, 0x00, 0x82, 0x00, 0x00,
    0xE3, 0x10, 0x00, 0x61, 0x00, 0x00, 0x21, 0x00, 0x00, 0x82, 0x00, 0x00, 0xA4, 0x19, 0x00, 0xA2, 0x11, 0x00,
    0x42, 0x09, 0x00, 0x42, 0x09, 0x00, 0xA3, 0x11, 0x00, 0x05, 0x1A, 0x00, 0x25, 0x22, 0x00, 0xA3, 0x11, 0x00,
    0x83, 0x11, 0x00, 0x22, 0x09, 0x00, 0x44, 0x2A, 0x00, 0xA9, 0x74, 0x00, 0x63, 0x2A, 0x00, 0xC2, 0x11, 0x02,
    0x21, 0x01, 0x05, 0x63, 0x19, 0x08, 0x6C, 0x7C, 0x13, 0x2C, 0x7C, 0x32, 0xBA, 0xDE, 0x59, 0xAE, 0x73, 0xA4,
    0x60, 0x00, 0xC2, 0x44, 0x11, 0xD0, 0x23, 0x09, 0xEC, 0x04, 0x1A, 0xF7, 0xA7, 0x4B, 0xFA, 0x89, 0x6C, 0xFD,
    0x07, 0x54, 0xFF, 0x22, 0x12, 0xFF, 0x84, 0x22, 0xFF, 0x43, 0x1A, 0xFF, 0xA3, 0x22, 0xFF, 0x65, 0x33, 0xFF,
    0xE7, 0x43, 0xFF, 0x64, 0x22, 0xFF, 0x63, 0x11, 0xFF, 0x83, 0x11, 0xFF, 0x04, 0x1A, 0xFF, 0x43, 0x22, 0xFF,
    0x04, 0x1A, 0xFF, 0x24, 0x22, 0xFF, 0xC4, 0x19, 0xFF, 0xC4, 0x11, 0xFF, 0xC4, 0x19, 0xFF, 0xC4, 0x11, 0xFF,
    0xC4, 0x11, 0xFF, 0x05, 0x1A, 0xFF, 0x25, 0x1A, 0xFF, 0x45, 0x1A, 0xFF, 0x46, 0x1A, 0xFF, 0x43, 0x09, 0xFF,
    0xA2, 0x08, 0xFF, 0xC3, 0x08, 0xFF, 0xC2, 0x00, 0xFF, 0xA2, 0x08, 0xFF, 0xA2, 0x00, 0xFF, 0x02, 0x09, 0xFF,
    0xA3, 0x11, 0xFF, 0xE4, 0x19, 0xFF, 0xC4, 0x11, 0xFF, 0xA3, 0x11, 0xFF, 0x83, 0x11, 0xFF, 0x43, 0x09, 0xFF,
    0x03, 0x09, 0xFF, 0x23, 0x11, 0xFF, 0x43, 0x11, 0xFF, 0x64, 0x11, 0xFF, 0x02, 0x09, 0xFF, 0xC6, 0x32, 0xFF,
    0x87, 0x3B, 0xFF, 0xA8, 0x33, 0xFF, 0xE9, 0x3B, 0xFF, 0x07, 0x2B, 0xFF, 0x42, 0x09, 0xFF, 0x23, 0x09, 0xFF,
    0x43, 0x09, 0xFD, 0x22, 0x09, 0xFA, 0x83, 0x11, 0xF7, 0xA4, 0x11, 0xEC, 0x83, 0x11, 0xD0, 0x43, 0x11, 0xC2,
    0x22, 0x09, 0xA4, 0xE2, 0x08, 0x59, 0x84, 0x19, 0x32, 0x66, 0x3A, 0x13, 0x04, 0x22, 0x08, 0x04, 0x1A, 0x05,
    0x05, 0x1A, 0x02, 0x04, 0x1A, 0x00, 0x83, 0x11, 0x00, 0x01, 0x09, 0x00, 0x22, 0x11, 0x00, 0x23, 0x11, 0x00,
    0x23, 0x09, 0x00, 0x23, 0x09, 0x00, 0xE2, 0x00, 0x00, 0x43, 0x11, 0x00, 0xE2, 0x08, 0x00, 0x61, 0x00, 0x00,
    0xC2, 0x00, 0x00, 0x46, 0x2A, 0x00, 0x86, 0x22, 0x00, 0xE2, 0x00, 0x00, 0x03, 0x11, 0x00, 0xE2, 0x08, 0x00,
    0xC2, 0x00, 0x00, 0x81, 0x00, 0x00, 0x85, 0x32, 0x00, 0x2A, 0x5C, 0x00, 0xA2, 0x08, 0x00, 0x61, 0x00, 0x00,
    0x01, 0x09, 0x00, 0xA5, 0x2A, 0x00, 0x25, 0x33, 0x00, 0x45, 0x3B, 0x00, 0x45, 0x3B, 0x00, 0x04, 0x33, 0x00,
    0x25, 0x33, 0x00, 0xE3, 0x19, 0x00, 0xA3, 0x11, 0x00, 0xA2, 0x11, 0x00, 0xE7, 0x2A, 0x00, 0x4C, 0x4C, 0x00,
    0x4C, 0x4C, 0x00, 0x6A, 0x3B, 0x00, 0xA4, 0x11, 0x00, 0x43, 0x09, 0x00, 0x84, 0x11, 0x00, 0xC5, 0x19, 0x00,
    0xE5, 0x11, 0x00, 0xA7, 0x32, 0x00, 0x2E, 0x7C, 0x00, 0x4B, 0x63, 0x00, 0xA8, 0x4A, 0x00, 0xA0, 0x00, 0x00,
    0x65, 0x2A, 0x00, 0x44, 0x22, 0x00, 0x23, 0x1A, 0x00, 0x84, 0x2A, 0x00, 0x84, 0x22, 0x00, 0x84, 0x22, 0x00,
    0x63, 0x09, 0x00, 0xE5, 0x19, 0x00, 0x84, 0x11, 0x00, 0x05, 0x1A, 0x00, 0x04, 0x1A, 0x00, 0xE4, 0x19, 0x00,
    0xC3, 0x11, 0x00, 0xC3, 0x11, 0x00, 0x04, 0x12, 0x00, 0x86, 0x22, 0x00, 0xC7, 0x2A, 0x00, 0xA7, 0x22, 0x00,
    0x25, 0x12, 0x00, 0x05, 0x12, 0x00, 0x62, 0x09, 0x00, 0xE4, 0x19, 0x00, 0x25, 0x1A, 0x00, 0x24, 0x12, 0x00,
    0x24, 0x1A, 0x00, 0x04, 0x1A, 0x00, 0x03, 0x12, 0x00, 0x45, 0x1A, 0x00, 0x05, 0x22, 0x00, 0x81, 0x00, 0x00,
    0x41, 0x00, 0x00, 0x41, 0x00, 0x00, 0x41, 0x00, 0x00, 0x41, 0x00, 0x00, 0x61, 0x00, 0x00, 0x61, 0x00, 0x00,
    0x82, 0x08, 0x00, 0xC3, 0x08, 0x00, 0xC3, 0x08, 0x00, 0xA2, 0x00, 0x00, 0x61, 0x00, 0x00, 0xA2, 0x08, 0x00,
    0xC2, 0x08, 0x00, 0xA1, 0x00, 0x00, 0xA2, 0x00, 0x00, 0x23, 0x11, 0x00, 0xA4, 0x19, 0x00, 0x22, 0x09, 0x00,
    0x22, 0x09, 0x00, 0x86, 0x2A, 0x00, 0x65, 0x2A, 0x00, 0x04, 0x1A, 0x00, 0xA3, 0x11, 0x00, 0x82, 0x11, 0x00,
    0x62, 0x09, 0x00, 0x42, 0x09, 0x00, 0xC3, 0x19, 0x00, 0xE6, 0x42, 0x00, 0x66, 0x32, 0x00, 0xA4, 0x21, 0x00,
    0xC2, 0x00, 0x00, 0xC4, 0x29, 0x00, 0xEC, 0x84, 0x02, 0xEB, 0x6B, 0x07, 0x17, 0xC6, 0x13, 0x2C, 0x63, 0x2F,
    0xA1, 0x00, 0x3D, 0x03, 0x09, 0x5B, 0x03, 0x09, 0xA4, 0xE2, 0x00, 0xC2, 0x04, 0x22, 0xD0, 0x29, 0x64, 0xEC,
    0xE6, 0x4B, 0xF7, 0xE4, 0x2A, 0xF8, 0xC3, 0x22, 0xFA, 0xE3, 0x2A, 0xFD, 0xC3, 0x22, 0xFF, 0x44, 0x33, 0xFF,
    0x28, 0x4C, 0xFF, 0xA5, 0x2A, 0xFF, 0x83, 0x11, 0xFF, 0xC4, 0x11, 0xFF, 0x24, 0x22, 0xFF, 0x83, 0x22, 0xFF,
    0x62, 0x22, 0xFF, 0x03, 0x1A, 0xFF, 0x83, 0x09, 0xFF, 0xE4, 0x19, 0xFF, 0xC3, 0x11, 0xFF, 0xA3, 0x11, 0xFF,
    0xC3, 0x11, 0xFF, 0x04, 0x12, 0xFF, 0x45, 0x1A, 0xFF, 0x66, 0x1A, 0xFF, 0x66, 0x22, 0xFF, 0xA4, 0x19, 0xFF,
    0xA2, 0x00, 0xFF, 0xE2, 0x08, 0xFF, 0xE2, 0x08, 0xFF, 0xE2, 0x08, 0xFF, 0x63, 0x11, 0xFF, 0x05, 0x1A, 0xFF,
    0x05, 0x1A, 0xFF, 0xC4, 0x11, 0xFF, 0x83, 0x11, 0xFF, 0x63, 0x11, 0xFF, 0x63, 0x11, 0xFF, 0xA4, 0x19, 0xFF,
    0xC4, 0x21, 0xFF, 0x63, 0x11, 0xFF, 0x63, 0x11, 0xFF, 0x23, 0x09, 0xFF, 0xC1, 0x00, 0xFF, 0x44, 0x22, 0xFF,
    0xC8, 0x43, 0xFF, 0xC8, 0x3B, 0xFF, 0xE6, 0x2A, 0xFD, 0xC3, 0x11, 0xFA, 0x22, 0x09, 0xF8, 0x03, 0x09, 0xF7,
    0x22, 0x09, 0xEC, 0xC4, 0x19, 0xD0, 0x05, 0x1A, 0xC2, 0xC4, 0x19, 0xA4, 0x63, 0x11, 0x5B, 0x63, 0x11, 0x3D,
    0x63, 0x11, 0x2F, 0x43, 0x09, 0x13, 0x84, 0x19, 0x07, 0x83, 0x19, 0x02, 0xA3, 0x11, 0x00, 0xC3, 0x11, 0x00,
    0xC3, 0x11, 0x00, 0x23, 0x1A, 0x00, 0xA5, 0x22, 0x00, 0xC6, 0x22, 0x00, 0x44, 0x12, 0x00, 0xA3, 0x11, 0x00,
    0x64, 0x11, 0x00, 0x43, 0x11, 0x00, 0x03, 0x09, 0x00, 0xC2, 0x08, 0x00, 0xC2, 0x08, 0x00, 0x82, 0x08, 0x00,
    0xC2, 0x08, 0x00, 0x43, 0x11, 0x00, 0x02, 0x09, 0x00, 0xC2, 0x00, 0x00, 0xC2, 0x00, 0x00, 0xC2, 0x00, 0x00,
    0x03, 0x11, 0x00, 0xC2, 0x00, 0x00, 0x83, 0x11, 0x00, 0x09, 0x5C, 0x00, 0x02, 0x09, 0x00, 0xA2, 0x08, 0x00,
    0xA2, 0x08, 0x00, 0xE1, 0x00, 0x00, 0x82, 0x11, 0x00, 0xA5, 0x2A, 0x00, 0xC5, 0x32, 0x00, 0xA7, 0x43, 0x00,
    0xE8, 0x43, 0x00, 0xA4, 0x22, 0x00, 0xC3, 0x11, 0x00, 0xE3, 0x19, 0x00, 0xE3, 0x11, 0x00, 0x07, 0x2B, 0x00,
    0x6C, 0x4C, 0x00, 0x0C, 0x44, 0x00, 0x25, 0x1A, 0x00, 0xA4, 0x11, 0x00, 0xA4, 0x11, 0x00, 0xA4, 0x11, 0x00,
    0x06, 0x1A, 0x00, 0xE5, 0x19, 0x00, 0xA8, 0x42, 0x00, 0x0E, 0x84, 0x00, 0xF6, 0xBD, 0x00, 0x4B, 0x63, 0x00,
    0x40, 0x00, 0x00, 0x63, 0x09, 0x00, 0x62, 0x09, 0x00, 0xC3, 0x11, 0x00, 0x44, 0x22, 0x00, 0x84, 0x2A, 0x00,
    0x83, 0x09, 0x00, 0xE5, 0x19, 0x00, 0xA3, 0x09, 0x00, 0x05, 0x1A, 0x00, 0x05, 0x1A, 0x00, 0x86, 0x22, 0x00,
    0x04, 0x12, 0x00, 0x25, 0x1A, 0x00, 0x45, 0x1A, 0x00, 0x04, 0x12, 0x00, 0x45, 0x1A, 0x00, 0xA6, 0x22, 0x00,
    0xC7, 0x22, 0x00, 0x46, 0x22, 0x00, 0xA1, 0x00, 0x00, 0xC1, 0x00, 0x00, 0xC4, 0x11, 0x00, 0x25, 0x1A, 0x00,
    0x24, 0x1A, 0x00, 0x24, 0x22, 0x00, 0x24, 0x1A, 0x00, 0x03, 0x12, 0x00, 0x25, 0x1A, 0x00, 0xE2, 0x08, 0x00,
    0x41, 0x00, 0x00, 0x61, 0x00, 0x00, 0x41, 0x00, 0x00, 0x41, 0x00, 0x00, 0x41, 0x00, 0x00, 0x62, 0x00, 0x00,
    0xC3, 0x08, 0x00, 0xC2, 0x08, 0x00, 0xC3, 0x08, 0x00, 0xC3, 0x08, 0x00, 0x82, 0x00, 0x00, 0xC2, 0x08, 0x00,
    0xE2, 0x08, 0x00, 0x63, 0x11, 0x00, 0xC4, 0x19, 0x00, 0xA3, 0x11, 0x00, 0x01, 0x01, 0x00, 0xE2, 0x08, 0x00,
    0xA1, 0x00, 0x00, 0x66, 0x32, 0x00, 0x8A, 0x53, 0x00, 0x25, 0x22, 0x00, 0x04, 0x1A, 0x00, 0x04, 0x1A, 0x00,
    0xE3, 0x19, 0x00, 0x04, 0x1A, 0x00, 0x04, 0x22, 0x00, 0x87, 0x3A, 0x00, 0xA8, 0x3A, 0x00, 0x84, 0x19, 0x00,
    0x02, 0x09, 0x00, 0x04, 0x2A, 0x00, 0x0C, 0x8D, 0x00, 0x68, 0x53, 0x00, 0xAD, 0x6B, 0x02, 0x26, 0x32, 0x05,
    0x63, 0x11, 0x08, 0xC2, 0x00, 0x13, 0x02, 0x09, 0x2F, 0xE3, 0x08, 0x3D, 0xE2, 0x00, 0x5B, 0xC2, 0x11, 0xA4,
    0x25, 0x3B, 0xC1, 0x25, 0x3B, 0xC6, 0x45, 0x3B, 0xD0, 0x64, 0x3B, 0xEC, 0x03, 0x2B, 0xF7, 0x44, 0x33, 0xF8,
    0xC6, 0x43, 0xF8, 0x84, 0x22, 0xFA, 0xA3, 0x11, 0xFD, 0x04, 0x12, 0xFF, 0xA3, 0x11, 0xFF, 0xA4, 0x2A, 0xFF,
    0x22, 0x12, 0xFF, 0xC4, 0x2A, 0xFF, 0x24, 0x3B, 0xFF, 0x45, 0x22, 0xFF, 0x25, 0x1A, 0xFF, 0x45, 0x1A, 0xFF,
    0x45, 0x22, 0xFF, 0x45, 0x1A, 0xFF, 0x45, 0x1A, 0xFF, 0x45, 0x12, 0xFF, 0x05, 0x12, 0xFF, 0xC4, 0x11, 0xFF,
    0x02, 0x09, 0xFF, 0xE2, 0x08, 0xFF, 0x02, 0x09, 0xFF, 0xA3, 0x11, 0xFF, 0x03, 0x1A, 0xFF, 0xE4, 0x11, 0xFF,
    0xA3, 0x11, 0xFF, 0x83, 0x11, 0xFF, 0x83, 0x09, 0xFF, 0x66, 0x22, 0xFF, 0x45, 0x1A, 0xFF, 0x29, 0x43, 0xFF,
    0xC8, 0x42, 0xFF, 0xA3, 0x11, 0xFF, 0xE4, 0x19, 0xFF, 0x81, 0x00, 0xFD, 0x02, 0x09, 0xFA, 0x68, 0x3B, 0xF8,
    0x09, 0x44, 0xF8, 0x85, 0x1A, 0xF7, 0xC2, 0x11, 0xEC, 0x42, 0x09, 0xD0, 0x02, 0x09, 0xC6, 0x02, 0x09, 0xC1,
    0xA3, 0x11, 0xA4, 0x65, 0x22, 0x5B, 0x25, 0x1A, 0x3D, 0xE4, 0x19, 0x2F, 0x62, 0x09, 0x13, 0x62, 0x09, 0x08,
    0x63, 0x11, 0x05, 0x63, 0x11, 0x02, 0x63, 0x19, 0x00, 0xE8, 0x4A, 0x00, 0xE4, 0x21, 0x00, 0xA3, 0x11, 0x00,
    0x82, 0x11, 0x00, 0xA2, 0x11, 0x00, 0x24, 0x1A, 0x00, 0x84, 0x1A, 0x00, 0x26, 0x23, 0x00, 0x67, 0x2B, 0x00,
    0xC5, 0x22, 0x00, 0xC4, 0x11, 0x00, 0x64, 0x11, 0x00, 0x23, 0x11, 0x00, 0x02, 0x09, 0x00, 0xC2, 0x00, 0x00,
    0x23, 0x09, 0x00, 0x64, 0x11, 0x00, 0x03, 0x09, 0x00, 0x02, 0x09, 0x00, 0xE2, 0x08, 0x00, 0xC2, 0x00, 0x00,
    0xE2, 0x08, 0x00, 0xE3, 0x08, 0x00, 0x62, 0x11, 0x00, 0x09, 0x5C, 0x00, 0x43, 0x11, 0x00, 0x61, 0x00, 0x00,
    0x82, 0x08, 0x00, 0x61, 0x00, 0x00, 0x82, 0x00, 0x00, 0xE3, 0x08, 0x00, 0x02, 0x01, 0x00, 0xE3, 0x11, 0x00,
    0x22, 0x12, 0x00, 0xC4, 0x22, 0x00, 0x43, 0x1A, 0x00, 0x44, 0x1A, 0x00, 0x44, 0x1A, 0x00, 0x44, 0x1A, 0x00,
    0x27, 0x2B, 0x00, 0x4C, 0x4C, 0x00, 0xAA, 0x3B, 0x00, 0xC4, 0x09, 0x00, 0xA5, 0x11, 0x00, 0xA4, 0x11, 0x00,
    0x84, 0x09, 0x00, 0xE5, 0x19, 0x00, 0xAC, 0x5B, 0x00, 0x48, 0x3A, 0x00, 0x71, 0x8C, 0x00, 0x2E, 0x84, 0x00,
    0x2B, 0x5B, 0x00, 0xC2, 0x00, 0x00, 0x24, 0x11, 0x00, 0x02, 0x01, 0x00, 0xA2, 0x11, 0x00, 0x24, 0x22, 0x00,
    0xC4, 0x19, 0x00, 0x63, 0x09, 0x00, 0xE4, 0x19, 0x00, 0xC4, 0x09, 0x00, 0xC7, 0x2A, 0x00, 0xE4, 0x11, 0x00,
    0xE3, 0x11, 0x00, 0x04, 0x12, 0x00, 0x45, 0x1A, 0x00, 0x86, 0x22, 0x00, 0xA6, 0x1A, 0x00, 0x45, 0x12, 0x00,
    0x04, 0x1A, 0x00, 0x05, 0x1A, 0x00, 0xA1, 0x00, 0x00, 0x41, 0x00, 0x00, 0x81, 0x00, 0x00, 0x43, 0x09, 0x00,
    0xE4, 0x21, 0x00, 0x04, 0x1A, 0x00, 0x04, 0x1A, 0x00, 0x65, 0x1A, 0x00, 0x65, 0x1A, 0x00, 0xE2, 0x08, 0x00,
    0x41, 0x00, 0x00, 0x61, 0x00, 0x00, 0x61, 0x00, 0x00, 0x41, 0x00, 0x00, 0x62, 0x00, 0x00, 0x61, 0x00, 0x00,
    0xA3, 0x08, 0x00, 0xE3, 0x08, 0x00, 0xA2, 0x00, 0x00, 0xC2, 0x08, 0x00, 0xE3, 0x08, 0x00, 0xE3, 0x08, 0x00,
    0x22, 0x09, 0x00, 0x63, 0x11, 0x00, 0x63, 0x11, 0x00, 0x02, 0x09, 0x00, 0x27, 0x32, 0x00, 0x48, 0x3A, 0x00,
    0xE6, 0x31, 0x00, 0x2E, 0x74, 0x00, 0xAC, 0x63, 0x00, 0x46, 0x2A, 0x00, 0xC4, 0x19, 0x00, 0xC4, 0x19, 0x00,
    0x46, 0x2A, 0x00, 0x25, 0x22, 0x00, 0xC3, 0x19, 0x00, 0x84, 0x11, 0x00, 0x43, 0x09, 0x00, 0x84, 0x11, 0x00,
    0x64, 0x09, 0x00, 0xE4, 0x21, 0x00, 0xCC, 0x84, 0x00, 0x64, 0x32, 0x00, 0x64, 0x19, 0x00, 0xC4, 0x21, 0x00,
    0x43, 0x11, 0x00, 0xE2, 0x00, 0x02, 0xE3, 0x08, 0x05, 0xE3, 0x08, 0x08, 0x22, 0x09, 0x13, 0x63, 0x09, 0x2F,
    0x82, 0x09, 0x39, 0x03, 0x1A, 0x3E, 0xC5, 0x2A, 0x5B, 0x46, 0x33, 0xA4, 0x85, 0x3B, 0xC1, 0xA5, 0x43, 0xC4,
    0xA5, 0x43, 0xC6, 0x84, 0x22, 0xD0, 0x83, 0x09, 0xEC, 0x44, 0x1A, 0xF7, 0x83, 0x09, 0xF8, 0x63, 0x22, 0xF8,
    0x82, 0x22, 0xF8, 0xE2, 0x11, 0xF8, 0x43, 0x33, 0xFA, 0x83, 0x22, 0xFD, 0xC3, 0x09, 0xFF, 0x24, 0x1A, 0xFF,
    0x04, 0x12, 0xFF, 0x45, 0x1A, 0xFF, 0x86, 0x22, 0xFF, 0xC6, 0x22, 0xFF, 0x08, 0x2B, 0xFF, 0x49, 0x2B, 0xFF,
    0x05, 0x1A, 0xFF, 0xC2, 0x00, 0xFF, 0x83, 0x11, 0xFF, 0x24, 0x1A, 0xFF, 0x25, 0x1A, 0xFF, 0xE4, 0x11, 0xFF,
    0xC4, 0x11, 0xFF, 0x83, 0x11, 0xFF, 0xA6, 0x32, 0xFD, 0x48, 0x3B, 0xFA, 0x04, 0x12, 0xF8, 0xA3, 0x11, 0xF8,
    0x43, 0x09, 0xF8, 0xC3, 0x11, 0xF8, 0x25, 0x2A, 0xF7, 0x82, 0x00, 0xEC, 0x23, 0x09, 0xD0, 0xA8, 0x3B, 0xC6,
    0x26, 0x2B, 0xC4, 0xE3, 0x11, 0xC1, 0x83, 0x11, 0xA4, 0x42, 0x09, 0x5B, 0x23, 0x11, 0x3E, 0x83, 0x11, 0x39,
    0xC6, 0x22, 0x2F, 0xC5, 0x1A, 0x13, 0x45, 0x1A, 0x08, 0xE4, 0x19, 0x05, 0x83, 0x11, 0x02, 0x83, 0x11, 0x00,
    0xA3, 0x19, 0x00, 0x83, 0x11, 0x00, 0x04, 0x2A, 0x00, 0x69, 0x53, 0x00, 0x24, 0x22, 0x00, 0xA3, 0x11, 0x00,
    0x86, 0x32, 0x00, 0x44, 0x2A, 0x00, 0xC2, 0x11, 0x00, 0xE3, 0x11, 0x00, 0x23, 0x1A, 0x00, 0xC4, 0x22, 0x00,
    0xC6, 0x33, 0x00, 0xE7, 0x43, 0x00, 0x24, 0x1A, 0x00, 0x22, 0x09, 0x00, 0x63, 0x11, 0x00, 0xC2, 0x00, 0x00,
    0x63, 0x09, 0x00, 0xC4, 0x11, 0x00, 0x23, 0x09, 0x00, 0x43, 0x11, 0x00, 0x02, 0x09, 0x00, 0x02, 0x09, 0x00,
    0x43, 0x11, 0x00, 0x03, 0x09, 0x00, 0xC3, 0x19, 0x00, 0x67, 0x43, 0x00, 0xC2, 0x08, 0x00, 0x62, 0x00, 0x00,
    0x61, 0x00, 0x00, 0x81, 0x00, 0x00, 0x82, 0x00, 0x00, 0xA2, 0x08, 0x00, 0xE2, 0x00, 0x00, 0xA3, 0x11, 0x00,
    0x04, 0x1A, 0x00, 0x24, 0x1A, 0x00, 0x85, 0x22, 0x00, 0xA5, 0x22, 0x00, 0xC5, 0x2A, 0x00, 0xA4, 0x22, 0x00,
    0xA4, 0x1A, 0x00, 0x47, 0x2B, 0x00, 0x0A, 0x44, 0x00, 0x45, 0x12, 0x00, 0xC5, 0x11, 0x00, 0x05, 0x1A, 0x00,
    0x84, 0x11, 0x00, 0x46, 0x2A, 0x00, 0x49, 0x4B, 0x00, 0xC6, 0x29, 0x00, 0xCE, 0x6B, 0x00, 0x0B, 0x74, 0x00,
    0xEA, 0x52, 0x00, 0x49, 0x42, 0x00, 0x61, 0x00, 0x00, 0x22, 0x09, 0x00, 0x65, 0x22, 0x00, 0x04, 0x1A, 0x00,
    0x83, 0x11, 0x00, 0xA3, 0x11, 0x00, 0xC3, 0x11, 0x00, 0x45, 0x1A, 0x00, 0x65, 0x1A, 0x00, 0x45, 0x12, 0x00,
    0x65, 0x22, 0x00, 0x45, 0x1A, 0x00, 0x45, 0x1A, 0x00, 0x65, 0x1A, 0x00, 0xA6, 0x1A, 0x00, 0x86, 0x22, 0x00,
    0x45, 0x1A, 0x00, 0x04, 0x1A, 0x00, 0xA5, 0x21, 0x00, 0xC3, 0x08, 0x00, 0x82, 0x00, 0x00, 0x61, 0x00, 0x00,
    0x81, 0x00, 0x00, 0xC2, 0x08, 0x00, 0xE2, 0x08, 0x00, 0x42, 0x11, 0x00, 0x86, 0x22, 0x00, 0xC4, 0x19, 0x00,
    0x40, 0x00, 0x00, 0x41, 0x00, 0x00, 0x41, 0x00, 0x00, 0x41, 0x00, 0x00, 0x61, 0x00, 0x00, 0x82, 0x00, 0x00,
    0x81, 0x00, 0x00, 0xA2, 0x00, 0x00, 0xA2, 0x00, 0x00, 0xA2, 0x00, 0x00, 0xC3, 0x08, 0x00, 0x03, 0x09, 0x00,
    0xE2, 0x08, 0x00, 0x63, 0x11, 0x00, 0x63, 0x11, 0x00, 0xA2, 0x00, 0x00, 0xAA, 0x42, 0x00, 0x48, 0x3A, 0x00,
    0xCA, 0x4A, 0x00, 0x0B, 0x53, 0x00, 0x23, 0x11, 0x00, 0xC4, 0x21, 0x00, 0xA4, 0x11, 0x00, 0x63, 0x11, 0x00,
    0x47, 0x32, 0x00, 0xC4, 0x11, 0x00, 0x83, 0x11, 0x00, 0x84, 0x11, 0x00, 0xA4, 0x19, 0x00, 0x84, 0x11, 0x00,
    0x44, 0x09, 0x00, 0xA4, 0x19, 0x00, 0x28, 0x4B, 0x00, 0x21, 0x09, 0x00, 0xA3, 0x11, 0x00, 0xA3, 0x11, 0x00,
    0xE2, 0x00, 0x00, 0xE2, 0x08, 0x00, 0xE3, 0x08, 0x00, 0xE2, 0x08, 0x00, 0x63, 0x11, 0x02, 0x63, 0x11, 0x05,
    0x83, 0x11, 0x07, 0xA3, 0x11, 0x08, 0xA3, 0x11, 0x13, 0xC3, 0x11, 0x2F, 0x64, 0x22, 0x39, 0x07, 0x54, 0x3B,
    0x27, 0x5C, 0x3E, 0xC8, 0x53, 0x5B, 0x24, 0x1A, 0xA4, 0x24, 0x1A, 0xC1, 0x83, 0x11, 0xC4, 0x44, 0x22, 0xC4,
    0x64, 0x3B, 0xC4, 0x03, 0x12, 0xC6, 0x22, 0x1A, 0xD0, 0x63, 0x3B, 0xEC, 0x65, 0x3B, 0xF7, 0x07, 0x2B, 0xF8,
    0xE7, 0x22, 0xF8, 0xC6, 0x22, 0xF8, 0xC7, 0x22, 0xF8, 0x86, 0x1A, 0xF8, 0x65, 0x12, 0xF8, 0x65, 0x1A, 0xF8,
    0xE4, 0x11, 0xF8, 0x22, 0x09, 0xF8, 0x24, 0x1A, 0xF8, 0x44, 0x1A, 0xF8, 0xE4, 0x19, 0xF8, 0xC4, 0x11, 0xF8,
    0x82, 0x09, 0xF8, 0x65, 0x3A, 0xF7, 0x8C, 0x84, 0xEC, 0x45, 0x2A, 0xD0, 0x02, 0x09, 0xC6, 0xC2, 0x08, 0xC4,
    0xC2, 0x00, 0xC4, 0xE3, 0x11, 0xC4, 0x44, 0x22, 0xC1, 0x61, 0x00, 0xA4, 0x63, 0x11, 0x5B, 0x67, 0x33, 0x3E,
    0xA4, 0x22, 0x3B, 0xC3, 0x11, 0x39, 0x83, 0x11, 0x2F, 0x63, 0x11, 0x13, 0x22, 0x09, 0x08, 0x46, 0x1A, 0x07,
    0x48, 0x2B, 0x05, 0xE6, 0x22, 0x02, 0x85, 0x1A, 0x00, 0x04, 0x1A, 0x00, 0xA2, 0x11, 0x00, 0xC3, 0x11, 0x00,
    0x04, 0x1A, 0x00, 0xE3, 0x11, 0x00, 0x06, 0x3B, 0x00, 0x83, 0x2A, 0x00, 0x44, 0x1A, 0x00, 0xA2, 0x09, 0x00,
    0xCA, 0x5B, 0x00, 0x0F, 0x95, 0x00, 0xE3, 0x19, 0x00, 0x03, 0x12, 0x00, 0x02, 0x1A, 0x00, 0x63, 0x22, 0x00,
    0xC3, 0x22, 0x00, 0xA6, 0x33, 0x00, 0x69, 0x54, 0x00, 0x84, 0x22, 0x00, 0xA4, 0x11, 0x00, 0x23, 0x11, 0x00,
    0x02, 0x09, 0x00, 0x84, 0x11, 0x00, 0x83, 0x11, 0x00, 0x43, 0x09, 0x00, 0x23, 0x09, 0x00, 0x02, 0x09, 0x00,
    0x43, 0x09, 0x00, 0x43, 0x09, 0x00, 0xA8, 0x3A, 0x00, 0xA4, 0x19, 0x00, 0xA2, 0x08, 0x00, 0x82, 0x00, 0x00,
    0x61, 0x00, 0x00, 0x61, 0x00, 0x00, 0x61, 0x00, 0x00, 0x82, 0x00, 0x00, 0xA1, 0x00, 0x00, 0x23, 0x09, 0x00,
    0x25, 0x22, 0x00, 0x24, 0x22, 0x00, 0x82, 0x09, 0x00, 0xA3, 0x11, 0x00, 0x44, 0x22, 0x00, 0xC5, 0x2A, 0x00,
    0x46, 0x2B, 0x00, 0xA8, 0x33, 0x00, 0xC9, 0x33, 0x00, 0xE7, 0x22, 0x00, 0xA4, 0x11, 0x00, 0xE5, 0x19, 0x00,
    0xA4, 0x11, 0x00, 0x66, 0x2A, 0x00, 0x09, 0x43, 0x00, 0xA9, 0x4A, 0x00, 0x04, 0x11, 0x00, 0x28, 0x53, 0x00,
    0x29, 0x53, 0x00, 0xE3, 0x10, 0x00, 0xC2, 0x10, 0x00, 0x83, 0x09, 0x00, 0xA5, 0x22, 0x00, 0xE3, 0x11, 0x00,
    0x42, 0x09, 0x00, 0xC3, 0x11, 0x00, 0xE3, 0x11, 0x00, 0x86, 0x22, 0x00, 0x25, 0x12, 0x00, 0xA6, 0x2A, 0x00,
    0x04, 0x12, 0x00, 0x85, 0x22, 0x00, 0xC6, 0x22, 0x00, 0xC7, 0x22, 0x00, 0xA6, 0x1A, 0x00, 0xA6, 0x22, 0x00,
    0xA6, 0x1A, 0x00, 0x25, 0x1A, 0x00, 0x44, 0x19, 0x00, 0xC2, 0x08, 0x00, 0xA2, 0x08, 0x00, 0xA2, 0x08, 0x00,
    0xA2, 0x08, 0x00, 0x82, 0x08, 0x00, 0xA2, 0x08, 0x00, 0x03, 0x09, 0x00, 0x42, 0x09, 0x00, 0xC5, 0x19, 0x00,
    0xC2, 0x08, 0x00, 0xA2, 0x08, 0x00, 0x23, 0x09, 0x00, 0x63, 0x11, 0x00, 0x83, 0x11, 0x00, 0xE4, 0x19, 0x00,
    0xE5, 0x11, 0x00, 0xA4, 0x19, 0x00, 0x43, 0x11, 0x00, 0xC2, 0x00, 0x00, 0xC3, 0x08, 0x00, 0xE3, 0x08, 0x00,
    0x86, 0x21, 0x00, 0xE4, 0x19, 0x00, 0xE3, 0x19, 0x00, 0x22, 0x09, 0x00, 0x43, 0x11, 0x00, 0xA4, 0x19, 0x00,
    0xA5, 0x21, 0x00, 0x02, 0x09, 0x00, 0x03, 0x09, 0x00, 0x41, 0x09, 0x00, 0x45, 0x22, 0x00, 0x67, 0x32, 0x00,
    0xA4, 0x19, 0x00, 0xA3, 0x11, 0x00, 0x05, 0x2A, 0x00, 0x43, 0x11, 0x00, 0x03, 0x09, 0x00, 0x02, 0x09, 0x00,
    0xC3, 0x00, 0x00, 0xC2, 0x08, 0x00, 0xE5, 0x21, 0x00, 0xC2, 0x19, 0x00, 0x44, 0x22, 0x00, 0x22, 0x09, 0x00,
    0xC3, 0x08, 0x00, 0xE3, 0x08, 0x00, 0xC2, 0x08, 0x00, 0x23, 0x09, 0x00, 0x83, 0x11, 0x00, 0xC3, 0x11, 0x00,
    0xA3, 0x11, 0x00, 0xC3, 0x11, 0x00, 0xE4, 0x19, 0x02, 0x83, 0x11, 0x05, 0x62, 0x09, 0x07, 0x43, 0x22, 0x07,
    0x48, 0x64, 0x08, 0x8B, 0x74, 0x13, 0x44, 0x22, 0x2F, 0x05, 0x1A, 0x39, 0x82, 0x11, 0x3B, 0x24, 0x1A, 0x3B,
    0x86, 0x3B, 0x3B, 0xA3, 0x22, 0x3E, 0x01, 0x12, 0x5B, 0x81, 0x1A, 0xA4, 0x06, 0x4C, 0xC1, 0xA5, 0x3B, 0xC4,
    0x65, 0x1A, 0xC4, 0xC7, 0x22, 0xC4, 0xA6, 0x1A, 0xC4, 0xA6, 0x22, 0xC4, 0xE7, 0x2A, 0xC4, 0x28, 0x2B, 0xC4,
    0x07, 0x2B, 0xC4, 0x25, 0x1A, 0xC4, 0x25, 0x1A, 0xC4, 0xC4, 0x19, 0xC4, 0x84, 0x19, 0xC4, 0xA3, 0x11, 0xC4,
    0x65, 0x2A, 0xC4, 0xCA, 0x6B, 0xC1, 0xA6, 0x42, 0xA4, 0xA0, 0x00, 0x5B, 0xA2, 0x00, 0x3E, 0x82, 0x00, 0x3B,
    0xC2, 0x08, 0x3B, 0xE3, 0x11, 0x3B, 0x23, 0x1A, 0x39, 0x81, 0x00, 0x2F, 0x63, 0x11, 0x13, 0xA5, 0x22, 0x08,
    0x44, 0x22, 0x07, 0xC3, 0x11, 0x07, 0xC3, 0x11, 0x05, 0xC3, 0x19, 0x02, 0x83, 0x11, 0x00, 0x08, 0x2B, 0x00,
    0x69, 0x33, 0x00, 0xE6, 0x22, 0x00, 0xA5, 0x22, 0x00, 0x03, 0x1A, 0x00, 0xE3, 0x19, 0x00, 0x24, 0x1A, 0x00,
    0x44, 0x1A, 0x00, 0x64, 0x22, 0x00, 0x66, 0x3B, 0x00, 0x04, 0x33, 0x00, 0x24, 0x22, 0x00, 0x82, 0x09, 0x00,
    0x28, 0x4B, 0x00, 0x8C, 0x7C, 0x00, 0x06, 0x43, 0x00, 0xE2, 0x11, 0x00, 0x23, 0x1A, 0x00, 0x42, 0x1A, 0x00,
    0xA3, 0x1A, 0x00, 0x04, 0x23, 0x00, 0xC6, 0x3B, 0x00, 0x29, 0x4C, 0x00, 0x04, 0x12, 0x00, 0xC4, 0x11, 0x00,
    0xC1, 0x00, 0x00, 0x23, 0x11, 0x00, 0xC4, 0x11, 0x00, 0x63, 0x09, 0x00, 0x43, 0x11, 0x00, 0x02, 0x09, 0x00,
    0x23, 0x11, 0x00, 0xA4, 0x11, 0x00, 0x43, 0x09, 0x00, 0x64, 0x11, 0x00, 0xE2, 0x08, 0x00, 0x82, 0x00, 0x00,
    0x82, 0x00, 0x00, 0x62, 0x00, 0x00, 0x61, 0x00, 0x00, 0x82, 0x00, 0x00, 0xA2, 0x00, 0x00, 0x81, 0x00, 0x00,
    0x42, 0x09, 0x00, 0x47, 0x3B, 0x00, 0x22, 0x1A, 0x00, 0x82, 0x11, 0x00, 0x22, 0x09, 0x00, 0xA3, 0x11, 0x00,
    0x85, 0x22, 0x00, 0x69, 0x3B, 0x00, 0xEA, 0x43, 0x00, 0x27, 0x2B, 0x00, 0x83, 0x11, 0x00, 0x44, 0x11, 0x00,
    0x84, 0x11, 0x00, 0x66, 0x22, 0x00, 0xC8, 0x42, 0x00, 0x85, 0x29, 0x00, 0x82, 0x08, 0x00, 0x81, 0x00, 0x00,
    0x2D, 0x6C, 0x00, 0xE5, 0x21, 0x00, 0xC1, 0x00, 0x00, 0x25, 0x1A, 0x00, 0xA5, 0x22, 0x00, 0xA2, 0x11, 0x00,
    0x63, 0x11, 0x00, 0x83, 0x09, 0x00, 0xA6, 0x22, 0x00, 0x24, 0x1A, 0x00, 0xC7, 0x2A, 0x00, 0x25, 0x1A, 0x00,
    0x04, 0x1A, 0x00, 0x65, 0x1A, 0x00, 0x85, 0x1A, 0x00, 0x85, 0x1A, 0x00, 0xC7, 0x22, 0x00, 0xE7, 0x22, 0x00,
    0x28, 0x2B, 0x00, 0x26, 0x22, 0x00, 0x61, 0x00, 0x00, 0x82, 0x00, 0x00, 0x41, 0x00, 0x00, 0x61, 0x00, 0x00,
    0x41, 0x00, 0x00, 0xA2, 0x00, 0x00, 0x44, 0x11, 0x00, 0x84, 0x11, 0x00, 0x02, 0x09, 0x00, 0xC2, 0x00, 0x00,
    0xA2, 0x08, 0x00, 0x81, 0x00, 0x00, 0x63, 0x11, 0x00, 0x45, 0x22, 0x00, 0x24, 0x1A, 0x00, 0xE3, 0x11, 0x00,
    0xE3, 0x11, 0x00, 0xC3, 0x11, 0x00, 0xA4, 0x11, 0x00, 0x23, 0x09, 0x00, 0x03, 0x09, 0x00, 0xC3, 0x00, 0x00,
    0x65, 0x19, 0x00, 0xE3, 0x19, 0x00, 0x03, 0x1A, 0x00, 0xE4, 0x21, 0x00, 0x08, 0x43, 0x00, 0xE4, 0x21, 0x00,
    0xC5, 0x21, 0x00, 0xE4, 0x19, 0x00, 0xA3, 0x11, 0x00, 0x63, 0x22, 0x00, 0x43, 0x1A, 0x00, 0x42, 0x09, 0x00,
    0x63, 0x09, 0x00, 0xC4, 0x19, 0x00, 0x2C, 0x74, 0x00, 0xC7, 0x4A, 0x00, 0xA2, 0x00, 0x00, 0xE2, 0x08, 0x00,
    0xC2, 0x08, 0x00, 0xA2, 0x00, 0x00, 0x62, 0x09, 0x00, 0x44, 0x22, 0x00, 0xA2, 0x11, 0x00, 0x82, 0x00, 0x00,
    0xA3, 0x08, 0x00, 0xA2, 0x08, 0x00, 0x02, 0x09, 0x00, 0xA3, 0x11, 0x00, 0x04, 0x1A, 0x00, 0xC3, 0x11, 0x00,
    0xE4, 0x11, 0x00, 0xE4, 0x19, 0x00, 0xC3, 0x11, 0x00, 0x82, 0x09, 0x00, 0xA4, 0x19, 0x00, 0x44, 0x2A, 0x00,
    0x86, 0x53, 0x00, 0x4A, 0x74, 0x02, 0x44, 0x22, 0x06, 0x25, 0x1A, 0x07, 0x83, 0x09, 0x08, 0x86, 0x22, 0x08,
    0xE5, 0x2A, 0x08, 0x44, 0x3B, 0x09, 0x41, 0x1A, 0x15, 0x22, 0x1A, 0x34, 0xA1, 0x2A, 0x40, 0x44, 0x5C, 0x41,
    0x47, 0x3B, 0x41, 0x08, 0x2B, 0x41, 0x07, 0x2B, 0x41, 0xC7, 0x22, 0x41, 0xA6, 0x1A, 0x41, 0xA6, 0x1A, 0x41,
    0x06, 0x23, 0x41, 0x65, 0x22, 0x41, 0x02, 0x09, 0x41, 0xE3, 0x08, 0x41, 0xE3, 0x08, 0x41, 0xC8, 0x42, 0x41,
    0xEB, 0x63, 0x41, 0x0D, 0x74, 0x40, 0x63, 0x19, 0x34, 0xA1, 0x00, 0x15, 0xA2, 0x00, 0x09, 0x82, 0x00, 0x08,
    0xC2, 0x08, 0x08, 0xE3, 0x19, 0x08, 0x44, 0x22, 0x07, 0x81, 0x00, 0x06, 0x83, 0x11, 0x02, 0xC6, 0x2A, 0x00,
    0x24, 0x1A, 0x00, 0x24, 0x1A, 0x00, 0x85, 0x1A, 0x00, 0x45, 0x22, 0x00, 0xC3, 0x11, 0x00, 0xC7, 0x22, 0x00,
    0x68, 0x33, 0x00, 0x47, 0x2B, 0x00, 0xE6, 0x22, 0x00, 0x23, 0x1A, 0x00, 0x44, 0x1A, 0x00, 0x65, 0x1A, 0x00,
    0xC6, 0x2A, 0x00, 0xE5, 0x2A, 0x00, 0xE6, 0x43, 0x00, 0x24, 0x33, 0x00, 0x45, 0x2A, 0x00, 0x02, 0x01, 0x00,
    0x29, 0x4B, 0x00, 0x30, 0x8D, 0x00, 0x46, 0x43, 0x00, 0x63, 0x22, 0x00, 0x43, 0x1A, 0x00, 0x83, 0x22, 0x00,
    0x63, 0x1A, 0x00, 0x83, 0x1A, 0x00, 0x04, 0x2B, 0x00, 0xE8, 0x43, 0x00, 0x65, 0x22, 0x00, 0x46, 0x12, 0x00,
    0x23, 0x11, 0x00, 0x61, 0x00, 0x00, 0x23, 0x09, 0x00, 0x25, 0x22, 0x00, 0x62, 0x09, 0x00, 0x22, 0x09, 0x00,
    0x43, 0x11, 0x00, 0xA4, 0x11, 0x00, 0xA4, 0x11, 0x00, 0x84, 0x11, 0x00, 0x64, 0x11, 0x00, 0xC2, 0x00, 0x00,
    0x81, 0x00, 0x00, 0x82, 0x08, 0x00, 0x61, 0x00, 0x00, 0x82, 0x08, 0x00, 0xC2, 0x08, 0x00, 0xC2, 0x08, 0x00,
    0x43, 0x09, 0x00, 0x06, 0x33, 0x00, 0x04, 0x2B, 0x00, 0x63, 0x22, 0x00, 0x83, 0x11, 0x00, 0x63, 0x11, 0x00,
    0x22, 0x09, 0x00, 0x42, 0x09, 0x00, 0xAA, 0x43, 0x00, 0xAA, 0x43, 0x00, 0x63, 0x09, 0x00, 0xC2, 0x00, 0x00,
    0xE2, 0x00, 0x00, 0xC8, 0x32, 0x00, 0x63, 0x19, 0x00, 0x40, 0x00, 0x00, 0x81, 0x00, 0x00, 0x22, 0x00, 0x00,
    0xA4, 0x21, 0x00, 0x4B, 0x64, 0x00, 0xC3, 0x11, 0x00, 0x65, 0x1A, 0x00, 0xA6, 0x22, 0x00, 0x82, 0x11, 0x00,
};

const lv_img_dsc_t sharingan = {
    { LV_IMG_CF_TRUE_COLOR_ALPHA, 0, 0, 180, 180 },
    97200,
    sharingan_map,
};

#endif // SHARINGAN_H
